[2026-07-18T20:50:12.692+0000] {processor.py:186} INFO - Started process (PID=117) to work on /home/airflow/.local/lib/python3.12/site-packages/airflow/example_dags/example_dataset_alias_with_no_taskflow.py
[2026-07-18T20:50:12.695+0000] {processor.py:914} INFO - Processing file /home/airflow/.local/lib/python3.12/site-packages/airflow/example_dags/example_dataset_alias_with_no_taskflow.py for tasks to queue
[2026-07-18T20:50:12.701+0000] {logging_mixin.py:190} INFO - [2026-07-18T20:50:12.700+0000] {dagbag.py:588} INFO - Filling up the DagBag from /home/airflow/.local/lib/python3.12/site-packages/airflow/example_dags/example_dataset_alias_with_no_taskflow.py
[2026-07-18T20:50:14.630+0000] {processor.py:925} INFO - DAG(s) 'dataset_s3_bucket_producer_with_no_taskflow', 'dataset_alias_example_alias_producer_with_no_taskflow', 'dataset_alias_example_alias_consumer_with_no_taskflow', 'dataset_s3_bucket_consumer_with_no_taskflow' retrieved from /home/airflow/.local/lib/python3.12/site-packages/airflow/example_dags/example_dataset_alias_with_no_taskflow.py
[2026-07-18T20:50:14.818+0000] {logging_mixin.py:190} INFO - [2026-07-18T20:50:14.816+0000] {override.py:1911} INFO - Created Permission View: can edit on DAG:dataset_s3_bucket_producer_with_no_taskflow
[2026-07-18T20:50:14.833+0000] {logging_mixin.py:190} INFO - [2026-07-18T20:50:14.832+0000] {override.py:1911} INFO - Created Permission View: can read on DAG:dataset_s3_bucket_producer_with_no_taskflow
[2026-07-18T20:50:14.845+0000] {logging_mixin.py:190} INFO - [2026-07-18T20:50:14.845+0000] {override.py:1911} INFO - Created Permission View: can delete on DAG:dataset_s3_bucket_producer_with_no_taskflow
[2026-07-18T20:50:14.858+0000] {logging_mixin.py:190} INFO - [2026-07-18T20:50:14.858+0000] {override.py:1911} INFO - Created Permission View: can create on DAG Run:dataset_s3_bucket_producer_with_no_taskflow
[2026-07-18T20:50:14.870+0000] {logging_mixin.py:190} INFO - [2026-07-18T20:50:14.870+0000] {override.py:1911} INFO - Created Permission View: can read on DAG Run:dataset_s3_bucket_producer_with_no_taskflow
[2026-07-18T20:50:14.884+0000] {logging_mixin.py:190} INFO - [2026-07-18T20:50:14.884+0000] {override.py:1911} INFO - Created Permission View: menu access on DAG Run:dataset_s3_bucket_producer_with_no_taskflow
[2026-07-18T20:50:14.896+0000] {logging_mixin.py:190} INFO - [2026-07-18T20:50:14.896+0000] {override.py:1911} INFO - Created Permission View: can delete on DAG Run:dataset_s3_bucket_producer_with_no_taskflow
[2026-07-18T20:50:14.926+0000] {logging_mixin.py:190} INFO - [2026-07-18T20:50:14.925+0000] {override.py:1911} INFO - Created Permission View: can edit on DAG:dataset_alias_example_alias_producer_with_no_taskflow
[2026-07-18T20:50:14.941+0000] {logging_mixin.py:190} INFO - [2026-07-18T20:50:14.940+0000] {override.py:1911} INFO - Created Permission View: can read on DAG:dataset_alias_example_alias_producer_with_no_taskflow
[2026-07-18T20:50:14.954+0000] {logging_mixin.py:190} INFO - [2026-07-18T20:50:14.954+0000] {override.py:1911} INFO - Created Permission View: can delete on DAG:dataset_alias_example_alias_producer_with_no_taskflow
[2026-07-18T20:50:14.974+0000] {logging_mixin.py:190} INFO - [2026-07-18T20:50:14.973+0000] {override.py:1911} INFO - Created Permission View: can create on DAG Run:dataset_alias_example_alias_producer_with_no_taskflow
[2026-07-18T20:50:14.989+0000] {logging_mixin.py:190} INFO - [2026-07-18T20:50:14.989+0000] {override.py:1911} INFO - Created Permission View: can read on DAG Run:dataset_alias_example_alias_producer_with_no_taskflow
[2026-07-18T20:50:15.004+0000] {logging_mixin.py:190} INFO - [2026-07-18T20:50:15.003+0000] {override.py:1911} INFO - Created Permission View: menu access on DAG Run:dataset_alias_example_alias_producer_with_no_taskflow
[2026-07-18T20:50:15.020+0000] {logging_mixin.py:190} INFO - [2026-07-18T20:50:15.019+0000] {override.py:1911} INFO - Created Permission View: can delete on DAG Run:dataset_alias_example_alias_producer_with_no_taskflow
[2026-07-18T20:50:15.047+0000] {logging_mixin.py:190} INFO - [2026-07-18T20:50:15.046+0000] {override.py:1911} INFO - Created Permission View: can edit on DAG:dataset_alias_example_alias_consumer_with_no_taskflow
[2026-07-18T20:50:15.070+0000] {logging_mixin.py:190} INFO - [2026-07-18T20:50:15.070+0000] {override.py:1911} INFO - Created Permission View: can read on DAG:dataset_alias_example_alias_consumer_with_no_taskflow
[2026-07-18T20:50:15.082+0000] {logging_mixin.py:190} INFO - [2026-07-18T20:50:15.082+0000] {override.py:1911} INFO - Created Permission View: can delete on DAG:dataset_alias_example_alias_consumer_with_no_taskflow
[2026-07-18T20:50:15.094+0000] {logging_mixin.py:190} INFO - [2026-07-18T20:50:15.093+0000] {override.py:1911} INFO - Created Permission View: can create on DAG Run:dataset_alias_example_alias_consumer_with_no_taskflow
[2026-07-18T20:50:15.106+0000] {logging_mixin.py:190} INFO - [2026-07-18T20:50:15.106+0000] {override.py:1911} INFO - Created Permission View: can read on DAG Run:dataset_alias_example_alias_consumer_with_no_taskflow
[2026-07-18T20:50:15.119+0000] {logging_mixin.py:190} INFO - [2026-07-18T20:50:15.119+0000] {override.py:1911} INFO - Created Permission View: menu access on DAG Run:dataset_alias_example_alias_consumer_with_no_taskflow
[2026-07-18T20:50:15.129+0000] {logging_mixin.py:190} INFO - [2026-07-18T20:50:15.129+0000] {override.py:1911} INFO - Created Permission View: can delete on DAG Run:dataset_alias_example_alias_consumer_with_no_taskflow
[2026-07-18T20:50:15.149+0000] {logging_mixin.py:190} INFO - [2026-07-18T20:50:15.149+0000] {override.py:1911} INFO - Created Permission View: can edit on DAG:dataset_s3_bucket_consumer_with_no_taskflow
[2026-07-18T20:50:15.160+0000] {logging_mixin.py:190} INFO - [2026-07-18T20:50:15.160+0000] {override.py:1911} INFO - Created Permission View: can read on DAG:dataset_s3_bucket_consumer_with_no_taskflow
[2026-07-18T20:50:15.171+0000] {logging_mixin.py:190} INFO - [2026-07-18T20:50:15.171+0000] {override.py:1911} INFO - Created Permission View: can delete on DAG:dataset_s3_bucket_consumer_with_no_taskflow
[2026-07-18T20:50:15.183+0000] {logging_mixin.py:190} INFO - [2026-07-18T20:50:15.182+0000] {override.py:1911} INFO - Created Permission View: can create on DAG Run:dataset_s3_bucket_consumer_with_no_taskflow
[2026-07-18T20:50:15.196+0000] {logging_mixin.py:190} INFO - [2026-07-18T20:50:15.196+0000] {override.py:1911} INFO - Created Permission View: can read on DAG Run:dataset_s3_bucket_consumer_with_no_taskflow
[2026-07-18T20:50:15.210+0000] {logging_mixin.py:190} INFO - [2026-07-18T20:50:15.209+0000] {override.py:1911} INFO - Created Permission View: menu access on DAG Run:dataset_s3_bucket_consumer_with_no_taskflow
[2026-07-18T20:50:15.221+0000] {logging_mixin.py:190} INFO - [2026-07-18T20:50:15.220+0000] {override.py:1911} INFO - Created Permission View: can delete on DAG Run:dataset_s3_bucket_consumer_with_no_taskflow
[2026-07-18T20:50:15.224+0000] {logging_mixin.py:190} INFO - [2026-07-18T20:50:15.222+0000] {dag.py:3239} INFO - Sync 4 DAGs
[2026-07-18T20:50:15.243+0000] {logging_mixin.py:190} INFO - [2026-07-18T20:50:15.243+0000] {dag.py:3262} INFO - Creating ORM DAG for dataset_s3_bucket_consumer_with_no_taskflow
[2026-07-18T20:50:15.245+0000] {logging_mixin.py:190} INFO - [2026-07-18T20:50:15.245+0000] {dag.py:3262} INFO - Creating ORM DAG for dataset_alias_example_alias_producer_with_no_taskflow
[2026-07-18T20:50:15.247+0000] {logging_mixin.py:190} INFO - [2026-07-18T20:50:15.247+0000] {dag.py:3262} INFO - Creating ORM DAG for dataset_alias_example_alias_consumer_with_no_taskflow
[2026-07-18T20:50:15.249+0000] {logging_mixin.py:190} INFO - [2026-07-18T20:50:15.248+0000] {dag.py:3262} INFO - Creating ORM DAG for dataset_s3_bucket_producer_with_no_taskflow
[2026-07-18T20:50:15.265+0000] {logging_mixin.py:190} INFO - [2026-07-18T20:50:15.265+0000] {dag.py:4180} INFO - Setting next_dagrun for dataset_alias_example_alias_consumer_with_no_taskflow to None, run_after=None
[2026-07-18T20:50:15.267+0000] {logging_mixin.py:190} INFO - [2026-07-18T20:50:15.267+0000] {dag.py:4180} INFO - Setting next_dagrun for dataset_alias_example_alias_producer_with_no_taskflow to None, run_after=None
[2026-07-18T20:50:15.270+0000] {logging_mixin.py:190} INFO - [2026-07-18T20:50:15.269+0000] {dag.py:4180} INFO - Setting next_dagrun for dataset_s3_bucket_consumer_with_no_taskflow to None, run_after=None
[2026-07-18T20:50:15.272+0000] {logging_mixin.py:190} INFO - [2026-07-18T20:50:15.271+0000] {dag.py:4180} INFO - Setting next_dagrun for dataset_s3_bucket_producer_with_no_taskflow to None, run_after=None
[2026-07-18T20:50:15.323+0000] {processor.py:208} INFO - Processing /home/airflow/.local/lib/python3.12/site-packages/airflow/example_dags/example_dataset_alias_with_no_taskflow.py took 2.646 seconds
[2026-07-18T20:50:45.661+0000] {processor.py:186} INFO - Started process (PID=182) to work on /home/airflow/.local/lib/python3.12/site-packages/airflow/example_dags/example_dataset_alias_with_no_taskflow.py
[2026-07-18T20:50:45.664+0000] {processor.py:914} INFO - Processing file /home/airflow/.local/lib/python3.12/site-packages/airflow/example_dags/example_dataset_alias_with_no_taskflow.py for tasks to queue
[2026-07-18T20:50:45.670+0000] {logging_mixin.py:190} INFO - [2026-07-18T20:50:45.669+0000] {dagbag.py:588} INFO - Filling up the DagBag from /home/airflow/.local/lib/python3.12/site-packages/airflow/example_dags/example_dataset_alias_with_no_taskflow.py
[2026-07-18T20:50:48.594+0000] {processor.py:925} INFO - DAG(s) 'dataset_s3_bucket_producer_with_no_taskflow', 'dataset_alias_example_alias_producer_with_no_taskflow', 'dataset_s3_bucket_consumer_with_no_taskflow', 'dataset_alias_example_alias_consumer_with_no_taskflow' retrieved from /home/airflow/.local/lib/python3.12/site-packages/airflow/example_dags/example_dataset_alias_with_no_taskflow.py
[2026-07-18T20:50:48.676+0000] {logging_mixin.py:190} INFO - [2026-07-18T20:50:48.674+0000] {dag.py:3239} INFO - Sync 4 DAGs
[2026-07-18T20:50:48.761+0000] {logging_mixin.py:190} INFO - [2026-07-18T20:50:48.760+0000] {dag.py:4180} INFO - Setting next_dagrun for dataset_alias_example_alias_consumer_with_no_taskflow to None, run_after=None
[2026-07-18T20:50:48.770+0000] {logging_mixin.py:190} INFO - [2026-07-18T20:50:48.770+0000] {dag.py:4180} INFO - Setting next_dagrun for dataset_alias_example_alias_producer_with_no_taskflow to None, run_after=None
[2026-07-18T20:50:48.782+0000] {logging_mixin.py:190} INFO - [2026-07-18T20:50:48.776+0000] {dag.py:4180} INFO - Setting next_dagrun for dataset_s3_bucket_consumer_with_no_taskflow to None, run_after=None
[2026-07-18T20:50:48.790+0000] {logging_mixin.py:190} INFO - [2026-07-18T20:50:48.789+0000] {dag.py:4180} INFO - Setting next_dagrun for dataset_s3_bucket_producer_with_no_taskflow to None, run_after=None
[2026-07-18T20:50:48.875+0000] {processor.py:208} INFO - Processing /home/airflow/.local/lib/python3.12/site-packages/airflow/example_dags/example_dataset_alias_with_no_taskflow.py took 3.225 seconds
[2026-07-18T20:51:19.014+0000] {processor.py:186} INFO - Started process (PID=250) to work on /home/airflow/.local/lib/python3.12/site-packages/airflow/example_dags/example_dataset_alias_with_no_taskflow.py
[2026-07-18T20:51:19.022+0000] {processor.py:914} INFO - Processing file /home/airflow/.local/lib/python3.12/site-packages/airflow/example_dags/example_dataset_alias_with_no_taskflow.py for tasks to queue
[2026-07-18T20:51:19.037+0000] {logging_mixin.py:190} INFO - [2026-07-18T20:51:19.036+0000] {dagbag.py:588} INFO - Filling up the DagBag from /home/airflow/.local/lib/python3.12/site-packages/airflow/example_dags/example_dataset_alias_with_no_taskflow.py
[2026-07-18T20:51:21.083+0000] {processor.py:925} INFO - DAG(s) 'dataset_s3_bucket_producer_with_no_taskflow', 'dataset_s3_bucket_consumer_with_no_taskflow', 'dataset_alias_example_alias_producer_with_no_taskflow', 'dataset_alias_example_alias_consumer_with_no_taskflow' retrieved from /home/airflow/.local/lib/python3.12/site-packages/airflow/example_dags/example_dataset_alias_with_no_taskflow.py
[2026-07-18T20:51:21.125+0000] {logging_mixin.py:190} INFO - [2026-07-18T20:51:21.124+0000] {dag.py:3239} INFO - Sync 4 DAGs
[2026-07-18T20:51:21.210+0000] {logging_mixin.py:190} INFO - [2026-07-18T20:51:21.209+0000] {dag.py:4180} INFO - Setting next_dagrun for dataset_alias_example_alias_consumer_with_no_taskflow to None, run_after=None
[2026-07-18T20:51:21.217+0000] {logging_mixin.py:190} INFO - [2026-07-18T20:51:21.216+0000] {dag.py:4180} INFO - Setting next_dagrun for dataset_alias_example_alias_producer_with_no_taskflow to None, run_after=None
[2026-07-18T20:51:21.221+0000] {logging_mixin.py:190} INFO - [2026-07-18T20:51:21.221+0000] {dag.py:4180} INFO - Setting next_dagrun for dataset_s3_bucket_consumer_with_no_taskflow to None, run_after=None
[2026-07-18T20:51:21.225+0000] {logging_mixin.py:190} INFO - [2026-07-18T20:51:21.224+0000] {dag.py:4180} INFO - Setting next_dagrun for dataset_s3_bucket_producer_with_no_taskflow to None, run_after=None
[2026-07-18T20:51:21.301+0000] {processor.py:208} INFO - Processing /home/airflow/.local/lib/python3.12/site-packages/airflow/example_dags/example_dataset_alias_with_no_taskflow.py took 2.303 seconds
[2026-07-18T20:51:51.501+0000] {processor.py:186} INFO - Started process (PID=317) to work on /home/airflow/.local/lib/python3.12/site-packages/airflow/example_dags/example_dataset_alias_with_no_taskflow.py
[2026-07-18T20:51:51.502+0000] {processor.py:914} INFO - Processing file /home/airflow/.local/lib/python3.12/site-packages/airflow/example_dags/example_dataset_alias_with_no_taskflow.py for tasks to queue
[2026-07-18T20:51:51.506+0000] {logging_mixin.py:190} INFO - [2026-07-18T20:51:51.505+0000] {dagbag.py:588} INFO - Filling up the DagBag from /home/airflow/.local/lib/python3.12/site-packages/airflow/example_dags/example_dataset_alias_with_no_taskflow.py
[2026-07-18T20:51:52.089+0000] {processor.py:925} INFO - DAG(s) 'dataset_alias_example_alias_consumer_with_no_taskflow', 'dataset_s3_bucket_producer_with_no_taskflow', 'dataset_s3_bucket_consumer_with_no_taskflow', 'dataset_alias_example_alias_producer_with_no_taskflow' retrieved from /home/airflow/.local/lib/python3.12/site-packages/airflow/example_dags/example_dataset_alias_with_no_taskflow.py
[2026-07-18T20:51:52.142+0000] {logging_mixin.py:190} INFO - [2026-07-18T20:51:52.141+0000] {dag.py:3239} INFO - Sync 4 DAGs
[2026-07-18T20:51:52.198+0000] {logging_mixin.py:190} INFO - [2026-07-18T20:51:52.197+0000] {dag.py:4180} INFO - Setting next_dagrun for dataset_alias_example_alias_consumer_with_no_taskflow to None, run_after=None
[2026-07-18T20:51:52.204+0000] {logging_mixin.py:190} INFO - [2026-07-18T20:51:52.204+0000] {dag.py:4180} INFO - Setting next_dagrun for dataset_alias_example_alias_producer_with_no_taskflow to None, run_after=None
[2026-07-18T20:51:52.208+0000] {logging_mixin.py:190} INFO - [2026-07-18T20:51:52.208+0000] {dag.py:4180} INFO - Setting next_dagrun for dataset_s3_bucket_consumer_with_no_taskflow to None, run_after=None
[2026-07-18T20:51:52.212+0000] {logging_mixin.py:190} INFO - [2026-07-18T20:51:52.211+0000] {dag.py:4180} INFO - Setting next_dagrun for dataset_s3_bucket_producer_with_no_taskflow to None, run_after=None
[2026-07-18T20:51:52.246+0000] {processor.py:208} INFO - Processing /home/airflow/.local/lib/python3.12/site-packages/airflow/example_dags/example_dataset_alias_with_no_taskflow.py took 0.752 seconds
[2026-07-18T20:52:22.309+0000] {processor.py:186} INFO - Started process (PID=380) to work on /home/airflow/.local/lib/python3.12/site-packages/airflow/example_dags/example_dataset_alias_with_no_taskflow.py
[2026-07-18T20:52:22.310+0000] {processor.py:914} INFO - Processing file /home/airflow/.local/lib/python3.12/site-packages/airflow/example_dags/example_dataset_alias_with_no_taskflow.py for tasks to queue
[2026-07-18T20:52:22.314+0000] {logging_mixin.py:190} INFO - [2026-07-18T20:52:22.313+0000] {dagbag.py:588} INFO - Filling up the DagBag from /home/airflow/.local/lib/python3.12/site-packages/airflow/example_dags/example_dataset_alias_with_no_taskflow.py
[2026-07-18T20:52:23.367+0000] {processor.py:925} INFO - DAG(s) 'dataset_alias_example_alias_consumer_with_no_taskflow', 'dataset_s3_bucket_producer_with_no_taskflow', 'dataset_alias_example_alias_producer_with_no_taskflow', 'dataset_s3_bucket_consumer_with_no_taskflow' retrieved from /home/airflow/.local/lib/python3.12/site-packages/airflow/example_dags/example_dataset_alias_with_no_taskflow.py
[2026-07-18T20:52:23.397+0000] {logging_mixin.py:190} INFO - [2026-07-18T20:52:23.396+0000] {dag.py:3239} INFO - Sync 4 DAGs
[2026-07-18T20:52:23.425+0000] {logging_mixin.py:190} INFO - [2026-07-18T20:52:23.425+0000] {dag.py:4180} INFO - Setting next_dagrun for dataset_alias_example_alias_consumer_with_no_taskflow to None, run_after=None
[2026-07-18T20:52:23.430+0000] {logging_mixin.py:190} INFO - [2026-07-18T20:52:23.429+0000] {dag.py:4180} INFO - Setting next_dagrun for dataset_alias_example_alias_producer_with_no_taskflow to None, run_after=None
[2026-07-18T20:52:23.432+0000] {logging_mixin.py:190} INFO - [2026-07-18T20:52:23.432+0000] {dag.py:4180} INFO - Setting next_dagrun for dataset_s3_bucket_consumer_with_no_taskflow to None, run_after=None
[2026-07-18T20:52:23.435+0000] {logging_mixin.py:190} INFO - [2026-07-18T20:52:23.434+0000] {dag.py:4180} INFO - Setting next_dagrun for dataset_s3_bucket_producer_with_no_taskflow to None, run_after=None
[2026-07-18T20:52:23.484+0000] {processor.py:208} INFO - Processing /home/airflow/.local/lib/python3.12/site-packages/airflow/example_dags/example_dataset_alias_with_no_taskflow.py took 1.182 seconds
[2026-07-18T20:52:53.964+0000] {processor.py:186} INFO - Started process (PID=450) to work on /home/airflow/.local/lib/python3.12/site-packages/airflow/example_dags/example_dataset_alias_with_no_taskflow.py
[2026-07-18T20:52:53.967+0000] {processor.py:914} INFO - Processing file /home/airflow/.local/lib/python3.12/site-packages/airflow/example_dags/example_dataset_alias_with_no_taskflow.py for tasks to queue
[2026-07-18T20:52:53.974+0000] {logging_mixin.py:190} INFO - [2026-07-18T20:52:53.974+0000] {dagbag.py:588} INFO - Filling up the DagBag from /home/airflow/.local/lib/python3.12/site-packages/airflow/example_dags/example_dataset_alias_with_no_taskflow.py
[2026-07-18T20:52:54.702+0000] {processor.py:925} INFO - DAG(s) 'dataset_s3_bucket_producer_with_no_taskflow', 'dataset_alias_example_alias_producer_with_no_taskflow', 'dataset_s3_bucket_consumer_with_no_taskflow', 'dataset_alias_example_alias_consumer_with_no_taskflow' retrieved from /home/airflow/.local/lib/python3.12/site-packages/airflow/example_dags/example_dataset_alias_with_no_taskflow.py
[2026-07-18T20:52:54.725+0000] {logging_mixin.py:190} INFO - [2026-07-18T20:52:54.724+0000] {dag.py:3239} INFO - Sync 4 DAGs
[2026-07-18T20:52:54.750+0000] {logging_mixin.py:190} INFO - [2026-07-18T20:52:54.750+0000] {dag.py:4180} INFO - Setting next_dagrun for dataset_alias_example_alias_consumer_with_no_taskflow to None, run_after=None
[2026-07-18T20:52:54.755+0000] {logging_mixin.py:190} INFO - [2026-07-18T20:52:54.754+0000] {dag.py:4180} INFO - Setting next_dagrun for dataset_alias_example_alias_producer_with_no_taskflow to None, run_after=None
[2026-07-18T20:52:54.758+0000] {logging_mixin.py:190} INFO - [2026-07-18T20:52:54.758+0000] {dag.py:4180} INFO - Setting next_dagrun for dataset_s3_bucket_consumer_with_no_taskflow to None, run_after=None
[2026-07-18T20:52:54.761+0000] {logging_mixin.py:190} INFO - [2026-07-18T20:52:54.760+0000] {dag.py:4180} INFO - Setting next_dagrun for dataset_s3_bucket_producer_with_no_taskflow to None, run_after=None
[2026-07-18T20:52:54.791+0000] {processor.py:208} INFO - Processing /home/airflow/.local/lib/python3.12/site-packages/airflow/example_dags/example_dataset_alias_with_no_taskflow.py took 0.838 seconds
[2026-07-18T20:53:25.341+0000] {processor.py:186} INFO - Started process (PID=513) to work on /home/airflow/.local/lib/python3.12/site-packages/airflow/example_dags/example_dataset_alias_with_no_taskflow.py
[2026-07-18T20:53:25.342+0000] {processor.py:914} INFO - Processing file /home/airflow/.local/lib/python3.12/site-packages/airflow/example_dags/example_dataset_alias_with_no_taskflow.py for tasks to queue
[2026-07-18T20:53:25.345+0000] {logging_mixin.py:190} INFO - [2026-07-18T20:53:25.344+0000] {dagbag.py:588} INFO - Filling up the DagBag from /home/airflow/.local/lib/python3.12/site-packages/airflow/example_dags/example_dataset_alias_with_no_taskflow.py
[2026-07-18T20:53:25.765+0000] {processor.py:925} INFO - DAG(s) 'dataset_alias_example_alias_producer_with_no_taskflow', 'dataset_alias_example_alias_consumer_with_no_taskflow', 'dataset_s3_bucket_producer_with_no_taskflow', 'dataset_s3_bucket_consumer_with_no_taskflow' retrieved from /home/airflow/.local/lib/python3.12/site-packages/airflow/example_dags/example_dataset_alias_with_no_taskflow.py
[2026-07-18T20:53:25.782+0000] {logging_mixin.py:190} INFO - [2026-07-18T20:53:25.782+0000] {dag.py:3239} INFO - Sync 4 DAGs
[2026-07-18T20:53:25.799+0000] {logging_mixin.py:190} INFO - [2026-07-18T20:53:25.799+0000] {dag.py:4180} INFO - Setting next_dagrun for dataset_alias_example_alias_consumer_with_no_taskflow to None, run_after=None
[2026-07-18T20:53:25.802+0000] {logging_mixin.py:190} INFO - [2026-07-18T20:53:25.802+0000] {dag.py:4180} INFO - Setting next_dagrun for dataset_alias_example_alias_producer_with_no_taskflow to None, run_after=None
[2026-07-18T20:53:25.805+0000] {logging_mixin.py:190} INFO - [2026-07-18T20:53:25.805+0000] {dag.py:4180} INFO - Setting next_dagrun for dataset_s3_bucket_consumer_with_no_taskflow to None, run_after=None
[2026-07-18T20:53:25.807+0000] {logging_mixin.py:190} INFO - [2026-07-18T20:53:25.807+0000] {dag.py:4180} INFO - Setting next_dagrun for dataset_s3_bucket_producer_with_no_taskflow to None, run_after=None
[2026-07-18T20:53:25.822+0000] {processor.py:208} INFO - Processing /home/airflow/.local/lib/python3.12/site-packages/airflow/example_dags/example_dataset_alias_with_no_taskflow.py took 0.486 seconds
[2026-07-18T20:53:56.065+0000] {processor.py:186} INFO - Started process (PID=576) to work on /home/airflow/.local/lib/python3.12/site-packages/airflow/example_dags/example_dataset_alias_with_no_taskflow.py
[2026-07-18T20:53:56.067+0000] {processor.py:914} INFO - Processing file /home/airflow/.local/lib/python3.12/site-packages/airflow/example_dags/example_dataset_alias_with_no_taskflow.py for tasks to queue
[2026-07-18T20:53:56.070+0000] {logging_mixin.py:190} INFO - [2026-07-18T20:53:56.070+0000] {dagbag.py:588} INFO - Filling up the DagBag from /home/airflow/.local/lib/python3.12/site-packages/airflow/example_dags/example_dataset_alias_with_no_taskflow.py
[2026-07-18T20:53:56.496+0000] {processor.py:925} INFO - DAG(s) 'dataset_s3_bucket_producer_with_no_taskflow', 'dataset_alias_example_alias_producer_with_no_taskflow', 'dataset_alias_example_alias_consumer_with_no_taskflow', 'dataset_s3_bucket_consumer_with_no_taskflow' retrieved from /home/airflow/.local/lib/python3.12/site-packages/airflow/example_dags/example_dataset_alias_with_no_taskflow.py
[2026-07-18T20:53:56.513+0000] {logging_mixin.py:190} INFO - [2026-07-18T20:53:56.513+0000] {dag.py:3239} INFO - Sync 4 DAGs
[2026-07-18T20:53:56.531+0000] {logging_mixin.py:190} INFO - [2026-07-18T20:53:56.531+0000] {dag.py:4180} INFO - Setting next_dagrun for dataset_alias_example_alias_consumer_with_no_taskflow to None, run_after=None
[2026-07-18T20:53:56.534+0000] {logging_mixin.py:190} INFO - [2026-07-18T20:53:56.534+0000] {dag.py:4180} INFO - Setting next_dagrun for dataset_alias_example_alias_producer_with_no_taskflow to None, run_after=None
[2026-07-18T20:53:56.536+0000] {logging_mixin.py:190} INFO - [2026-07-18T20:53:56.536+0000] {dag.py:4180} INFO - Setting next_dagrun for dataset_s3_bucket_consumer_with_no_taskflow to None, run_after=None
[2026-07-18T20:53:56.537+0000] {logging_mixin.py:190} INFO - [2026-07-18T20:53:56.537+0000] {dag.py:4180} INFO - Setting next_dagrun for dataset_s3_bucket_producer_with_no_taskflow to None, run_after=None
[2026-07-18T20:53:56.556+0000] {processor.py:208} INFO - Processing /home/airflow/.local/lib/python3.12/site-packages/airflow/example_dags/example_dataset_alias_with_no_taskflow.py took 0.496 seconds
[2026-07-18T20:54:26.782+0000] {processor.py:186} INFO - Started process (PID=639) to work on /home/airflow/.local/lib/python3.12/site-packages/airflow/example_dags/example_dataset_alias_with_no_taskflow.py
[2026-07-18T20:54:26.783+0000] {processor.py:914} INFO - Processing file /home/airflow/.local/lib/python3.12/site-packages/airflow/example_dags/example_dataset_alias_with_no_taskflow.py for tasks to queue
[2026-07-18T20:54:26.785+0000] {logging_mixin.py:190} INFO - [2026-07-18T20:54:26.785+0000] {dagbag.py:588} INFO - Filling up the DagBag from /home/airflow/.local/lib/python3.12/site-packages/airflow/example_dags/example_dataset_alias_with_no_taskflow.py
[2026-07-18T20:54:27.255+0000] {processor.py:925} INFO - DAG(s) 'dataset_alias_example_alias_consumer_with_no_taskflow', 'dataset_s3_bucket_producer_with_no_taskflow', 'dataset_alias_example_alias_producer_with_no_taskflow', 'dataset_s3_bucket_consumer_with_no_taskflow' retrieved from /home/airflow/.local/lib/python3.12/site-packages/airflow/example_dags/example_dataset_alias_with_no_taskflow.py
[2026-07-18T20:54:27.275+0000] {logging_mixin.py:190} INFO - [2026-07-18T20:54:27.274+0000] {dag.py:3239} INFO - Sync 4 DAGs
[2026-07-18T20:54:27.297+0000] {logging_mixin.py:190} INFO - [2026-07-18T20:54:27.296+0000] {dag.py:4180} INFO - Setting next_dagrun for dataset_alias_example_alias_consumer_with_no_taskflow to None, run_after=None
[2026-07-18T20:54:27.300+0000] {logging_mixin.py:190} INFO - [2026-07-18T20:54:27.299+0000] {dag.py:4180} INFO - Setting next_dagrun for dataset_alias_example_alias_producer_with_no_taskflow to None, run_after=None
[2026-07-18T20:54:27.302+0000] {logging_mixin.py:190} INFO - [2026-07-18T20:54:27.301+0000] {dag.py:4180} INFO - Setting next_dagrun for dataset_s3_bucket_consumer_with_no_taskflow to None, run_after=None
[2026-07-18T20:54:27.303+0000] {logging_mixin.py:190} INFO - [2026-07-18T20:54:27.303+0000] {dag.py:4180} INFO - Setting next_dagrun for dataset_s3_bucket_producer_with_no_taskflow to None, run_after=None
[2026-07-18T20:54:27.322+0000] {processor.py:208} INFO - Processing /home/airflow/.local/lib/python3.12/site-packages/airflow/example_dags/example_dataset_alias_with_no_taskflow.py took 0.546 seconds
[2026-07-18T20:54:58.004+0000] {processor.py:186} INFO - Started process (PID=702) to work on /home/airflow/.local/lib/python3.12/site-packages/airflow/example_dags/example_dataset_alias_with_no_taskflow.py
[2026-07-18T20:54:58.005+0000] {processor.py:914} INFO - Processing file /home/airflow/.local/lib/python3.12/site-packages/airflow/example_dags/example_dataset_alias_with_no_taskflow.py for tasks to queue
[2026-07-18T20:54:58.007+0000] {logging_mixin.py:190} INFO - [2026-07-18T20:54:58.007+0000] {dagbag.py:588} INFO - Filling up the DagBag from /home/airflow/.local/lib/python3.12/site-packages/airflow/example_dags/example_dataset_alias_with_no_taskflow.py
[2026-07-18T20:54:58.430+0000] {processor.py:925} INFO - DAG(s) 'dataset_alias_example_alias_producer_with_no_taskflow', 'dataset_s3_bucket_consumer_with_no_taskflow', 'dataset_s3_bucket_producer_with_no_taskflow', 'dataset_alias_example_alias_consumer_with_no_taskflow' retrieved from /home/airflow/.local/lib/python3.12/site-packages/airflow/example_dags/example_dataset_alias_with_no_taskflow.py
[2026-07-18T20:54:58.449+0000] {logging_mixin.py:190} INFO - [2026-07-18T20:54:58.449+0000] {dag.py:3239} INFO - Sync 4 DAGs
[2026-07-18T20:54:58.474+0000] {logging_mixin.py:190} INFO - [2026-07-18T20:54:58.474+0000] {dag.py:4180} INFO - Setting next_dagrun for dataset_alias_example_alias_consumer_with_no_taskflow to None, run_after=None
[2026-07-18T20:54:58.478+0000] {logging_mixin.py:190} INFO - [2026-07-18T20:54:58.478+0000] {dag.py:4180} INFO - Setting next_dagrun for dataset_alias_example_alias_producer_with_no_taskflow to None, run_after=None
[2026-07-18T20:54:58.481+0000] {logging_mixin.py:190} INFO - [2026-07-18T20:54:58.481+0000] {dag.py:4180} INFO - Setting next_dagrun for dataset_s3_bucket_consumer_with_no_taskflow to None, run_after=None
[2026-07-18T20:54:58.483+0000] {logging_mixin.py:190} INFO - [2026-07-18T20:54:58.483+0000] {dag.py:4180} INFO - Setting next_dagrun for dataset_s3_bucket_producer_with_no_taskflow to None, run_after=None
[2026-07-18T20:54:58.549+0000] {processor.py:208} INFO - Processing /home/airflow/.local/lib/python3.12/site-packages/airflow/example_dags/example_dataset_alias_with_no_taskflow.py took 0.549 seconds
[2026-07-18T20:55:29.518+0000] {processor.py:186} INFO - Started process (PID=765) to work on /home/airflow/.local/lib/python3.12/site-packages/airflow/example_dags/example_dataset_alias_with_no_taskflow.py
[2026-07-18T20:55:29.519+0000] {processor.py:914} INFO - Processing file /home/airflow/.local/lib/python3.12/site-packages/airflow/example_dags/example_dataset_alias_with_no_taskflow.py for tasks to queue
[2026-07-18T20:55:29.522+0000] {logging_mixin.py:190} INFO - [2026-07-18T20:55:29.521+0000] {dagbag.py:588} INFO - Filling up the DagBag from /home/airflow/.local/lib/python3.12/site-packages/airflow/example_dags/example_dataset_alias_with_no_taskflow.py
[2026-07-18T20:55:29.988+0000] {processor.py:925} INFO - DAG(s) 'dataset_alias_example_alias_producer_with_no_taskflow', 'dataset_s3_bucket_consumer_with_no_taskflow', 'dataset_alias_example_alias_consumer_with_no_taskflow', 'dataset_s3_bucket_producer_with_no_taskflow' retrieved from /home/airflow/.local/lib/python3.12/site-packages/airflow/example_dags/example_dataset_alias_with_no_taskflow.py
[2026-07-18T20:55:30.004+0000] {logging_mixin.py:190} INFO - [2026-07-18T20:55:30.003+0000] {dag.py:3239} INFO - Sync 4 DAGs
[2026-07-18T20:55:30.024+0000] {logging_mixin.py:190} INFO - [2026-07-18T20:55:30.024+0000] {dag.py:4180} INFO - Setting next_dagrun for dataset_alias_example_alias_consumer_with_no_taskflow to None, run_after=None
[2026-07-18T20:55:30.028+0000] {logging_mixin.py:190} INFO - [2026-07-18T20:55:30.027+0000] {dag.py:4180} INFO - Setting next_dagrun for dataset_alias_example_alias_producer_with_no_taskflow to None, run_after=None
[2026-07-18T20:55:30.030+0000] {logging_mixin.py:190} INFO - [2026-07-18T20:55:30.030+0000] {dag.py:4180} INFO - Setting next_dagrun for dataset_s3_bucket_consumer_with_no_taskflow to None, run_after=None
[2026-07-18T20:55:30.032+0000] {logging_mixin.py:190} INFO - [2026-07-18T20:55:30.032+0000] {dag.py:4180} INFO - Setting next_dagrun for dataset_s3_bucket_producer_with_no_taskflow to None, run_after=None
[2026-07-18T20:55:30.097+0000] {processor.py:208} INFO - Processing /home/airflow/.local/lib/python3.12/site-packages/airflow/example_dags/example_dataset_alias_with_no_taskflow.py took 0.583 seconds
[2026-07-18T20:56:00.195+0000] {processor.py:186} INFO - Started process (PID=828) to work on /home/airflow/.local/lib/python3.12/site-packages/airflow/example_dags/example_dataset_alias_with_no_taskflow.py
[2026-07-18T20:56:00.196+0000] {processor.py:914} INFO - Processing file /home/airflow/.local/lib/python3.12/site-packages/airflow/example_dags/example_dataset_alias_with_no_taskflow.py for tasks to queue
[2026-07-18T20:56:00.200+0000] {logging_mixin.py:190} INFO - [2026-07-18T20:56:00.199+0000] {dagbag.py:588} INFO - Filling up the DagBag from /home/airflow/.local/lib/python3.12/site-packages/airflow/example_dags/example_dataset_alias_with_no_taskflow.py
[2026-07-18T20:56:00.645+0000] {processor.py:925} INFO - DAG(s) 'dataset_alias_example_alias_consumer_with_no_taskflow', 'dataset_s3_bucket_consumer_with_no_taskflow', 'dataset_alias_example_alias_producer_with_no_taskflow', 'dataset_s3_bucket_producer_with_no_taskflow' retrieved from /home/airflow/.local/lib/python3.12/site-packages/airflow/example_dags/example_dataset_alias_with_no_taskflow.py
[2026-07-18T20:56:00.669+0000] {logging_mixin.py:190} INFO - [2026-07-18T20:56:00.669+0000] {dag.py:3239} INFO - Sync 4 DAGs
[2026-07-18T20:56:00.686+0000] {logging_mixin.py:190} INFO - [2026-07-18T20:56:00.686+0000] {dag.py:4180} INFO - Setting next_dagrun for dataset_alias_example_alias_consumer_with_no_taskflow to None, run_after=None
[2026-07-18T20:56:00.689+0000] {logging_mixin.py:190} INFO - [2026-07-18T20:56:00.689+0000] {dag.py:4180} INFO - Setting next_dagrun for dataset_alias_example_alias_producer_with_no_taskflow to None, run_after=None
[2026-07-18T20:56:00.691+0000] {logging_mixin.py:190} INFO - [2026-07-18T20:56:00.691+0000] {dag.py:4180} INFO - Setting next_dagrun for dataset_s3_bucket_consumer_with_no_taskflow to None, run_after=None
[2026-07-18T20:56:00.692+0000] {logging_mixin.py:190} INFO - [2026-07-18T20:56:00.692+0000] {dag.py:4180} INFO - Setting next_dagrun for dataset_s3_bucket_producer_with_no_taskflow to None, run_after=None
[2026-07-18T20:56:00.708+0000] {processor.py:208} INFO - Processing /home/airflow/.local/lib/python3.12/site-packages/airflow/example_dags/example_dataset_alias_with_no_taskflow.py took 0.520 seconds
[2026-07-18T20:56:31.463+0000] {processor.py:186} INFO - Started process (PID=891) to work on /home/airflow/.local/lib/python3.12/site-packages/airflow/example_dags/example_dataset_alias_with_no_taskflow.py
[2026-07-18T20:56:31.464+0000] {processor.py:914} INFO - Processing file /home/airflow/.local/lib/python3.12/site-packages/airflow/example_dags/example_dataset_alias_with_no_taskflow.py for tasks to queue
[2026-07-18T20:56:31.467+0000] {logging_mixin.py:190} INFO - [2026-07-18T20:56:31.467+0000] {dagbag.py:588} INFO - Filling up the DagBag from /home/airflow/.local/lib/python3.12/site-packages/airflow/example_dags/example_dataset_alias_with_no_taskflow.py
[2026-07-18T20:56:32.066+0000] {processor.py:925} INFO - DAG(s) 'dataset_s3_bucket_consumer_with_no_taskflow', 'dataset_alias_example_alias_consumer_with_no_taskflow', 'dataset_alias_example_alias_producer_with_no_taskflow', 'dataset_s3_bucket_producer_with_no_taskflow' retrieved from /home/airflow/.local/lib/python3.12/site-packages/airflow/example_dags/example_dataset_alias_with_no_taskflow.py
[2026-07-18T20:56:32.084+0000] {logging_mixin.py:190} INFO - [2026-07-18T20:56:32.083+0000] {dag.py:3239} INFO - Sync 4 DAGs
[2026-07-18T20:56:32.102+0000] {logging_mixin.py:190} INFO - [2026-07-18T20:56:32.102+0000] {dag.py:4180} INFO - Setting next_dagrun for dataset_alias_example_alias_consumer_with_no_taskflow to None, run_after=None
[2026-07-18T20:56:32.105+0000] {logging_mixin.py:190} INFO - [2026-07-18T20:56:32.105+0000] {dag.py:4180} INFO - Setting next_dagrun for dataset_alias_example_alias_producer_with_no_taskflow to None, run_after=None
[2026-07-18T20:56:32.108+0000] {logging_mixin.py:190} INFO - [2026-07-18T20:56:32.107+0000] {dag.py:4180} INFO - Setting next_dagrun for dataset_s3_bucket_consumer_with_no_taskflow to None, run_after=None
[2026-07-18T20:56:32.109+0000] {logging_mixin.py:190} INFO - [2026-07-18T20:56:32.109+0000] {dag.py:4180} INFO - Setting next_dagrun for dataset_s3_bucket_producer_with_no_taskflow to None, run_after=None
[2026-07-18T20:56:32.126+0000] {processor.py:208} INFO - Processing /home/airflow/.local/lib/python3.12/site-packages/airflow/example_dags/example_dataset_alias_with_no_taskflow.py took 0.670 seconds
[2026-07-18T20:57:02.166+0000] {processor.py:186} INFO - Started process (PID=954) to work on /home/airflow/.local/lib/python3.12/site-packages/airflow/example_dags/example_dataset_alias_with_no_taskflow.py
[2026-07-18T20:57:02.167+0000] {processor.py:914} INFO - Processing file /home/airflow/.local/lib/python3.12/site-packages/airflow/example_dags/example_dataset_alias_with_no_taskflow.py for tasks to queue
[2026-07-18T20:57:02.170+0000] {logging_mixin.py:190} INFO - [2026-07-18T20:57:02.169+0000] {dagbag.py:588} INFO - Filling up the DagBag from /home/airflow/.local/lib/python3.12/site-packages/airflow/example_dags/example_dataset_alias_with_no_taskflow.py
[2026-07-18T20:57:02.586+0000] {processor.py:925} INFO - DAG(s) 'dataset_s3_bucket_consumer_with_no_taskflow', 'dataset_s3_bucket_producer_with_no_taskflow', 'dataset_alias_example_alias_producer_with_no_taskflow', 'dataset_alias_example_alias_consumer_with_no_taskflow' retrieved from /home/airflow/.local/lib/python3.12/site-packages/airflow/example_dags/example_dataset_alias_with_no_taskflow.py
[2026-07-18T20:57:02.603+0000] {logging_mixin.py:190} INFO - [2026-07-18T20:57:02.603+0000] {dag.py:3239} INFO - Sync 4 DAGs
[2026-07-18T20:57:02.626+0000] {logging_mixin.py:190} INFO - [2026-07-18T20:57:02.626+0000] {dag.py:4180} INFO - Setting next_dagrun for dataset_alias_example_alias_consumer_with_no_taskflow to None, run_after=None
[2026-07-18T20:57:02.629+0000] {logging_mixin.py:190} INFO - [2026-07-18T20:57:02.629+0000] {dag.py:4180} INFO - Setting next_dagrun for dataset_alias_example_alias_producer_with_no_taskflow to None, run_after=None
[2026-07-18T20:57:02.631+0000] {logging_mixin.py:190} INFO - [2026-07-18T20:57:02.631+0000] {dag.py:4180} INFO - Setting next_dagrun for dataset_s3_bucket_consumer_with_no_taskflow to None, run_after=None
[2026-07-18T20:57:02.632+0000] {logging_mixin.py:190} INFO - [2026-07-18T20:57:02.632+0000] {dag.py:4180} INFO - Setting next_dagrun for dataset_s3_bucket_producer_with_no_taskflow to None, run_after=None
[2026-07-18T20:57:02.692+0000] {processor.py:208} INFO - Processing /home/airflow/.local/lib/python3.12/site-packages/airflow/example_dags/example_dataset_alias_with_no_taskflow.py took 0.531 seconds
[2026-07-18T20:57:32.868+0000] {processor.py:186} INFO - Started process (PID=1017) to work on /home/airflow/.local/lib/python3.12/site-packages/airflow/example_dags/example_dataset_alias_with_no_taskflow.py
[2026-07-18T20:57:32.869+0000] {processor.py:914} INFO - Processing file /home/airflow/.local/lib/python3.12/site-packages/airflow/example_dags/example_dataset_alias_with_no_taskflow.py for tasks to queue
[2026-07-18T20:57:32.873+0000] {logging_mixin.py:190} INFO - [2026-07-18T20:57:32.872+0000] {dagbag.py:588} INFO - Filling up the DagBag from /home/airflow/.local/lib/python3.12/site-packages/airflow/example_dags/example_dataset_alias_with_no_taskflow.py
[2026-07-18T20:57:33.297+0000] {processor.py:925} INFO - DAG(s) 'dataset_s3_bucket_producer_with_no_taskflow', 'dataset_alias_example_alias_producer_with_no_taskflow', 'dataset_alias_example_alias_consumer_with_no_taskflow', 'dataset_s3_bucket_consumer_with_no_taskflow' retrieved from /home/airflow/.local/lib/python3.12/site-packages/airflow/example_dags/example_dataset_alias_with_no_taskflow.py
[2026-07-18T20:57:33.314+0000] {logging_mixin.py:190} INFO - [2026-07-18T20:57:33.313+0000] {dag.py:3239} INFO - Sync 4 DAGs
[2026-07-18T20:57:33.332+0000] {logging_mixin.py:190} INFO - [2026-07-18T20:57:33.332+0000] {dag.py:4180} INFO - Setting next_dagrun for dataset_alias_example_alias_consumer_with_no_taskflow to None, run_after=None
[2026-07-18T20:57:33.335+0000] {logging_mixin.py:190} INFO - [2026-07-18T20:57:33.335+0000] {dag.py:4180} INFO - Setting next_dagrun for dataset_alias_example_alias_producer_with_no_taskflow to None, run_after=None
[2026-07-18T20:57:33.337+0000] {logging_mixin.py:190} INFO - [2026-07-18T20:57:33.337+0000] {dag.py:4180} INFO - Setting next_dagrun for dataset_s3_bucket_consumer_with_no_taskflow to None, run_after=None
[2026-07-18T20:57:33.338+0000] {logging_mixin.py:190} INFO - [2026-07-18T20:57:33.338+0000] {dag.py:4180} INFO - Setting next_dagrun for dataset_s3_bucket_producer_with_no_taskflow to None, run_after=None
[2026-07-18T20:57:33.361+0000] {processor.py:208} INFO - Processing /home/airflow/.local/lib/python3.12/site-packages/airflow/example_dags/example_dataset_alias_with_no_taskflow.py took 0.501 seconds
[2026-07-18T20:58:04.480+0000] {processor.py:186} INFO - Started process (PID=1088) to work on /home/airflow/.local/lib/python3.12/site-packages/airflow/example_dags/example_dataset_alias_with_no_taskflow.py
[2026-07-18T20:58:04.482+0000] {processor.py:914} INFO - Processing file /home/airflow/.local/lib/python3.12/site-packages/airflow/example_dags/example_dataset_alias_with_no_taskflow.py for tasks to queue
[2026-07-18T20:58:04.484+0000] {logging_mixin.py:190} INFO - [2026-07-18T20:58:04.484+0000] {dagbag.py:588} INFO - Filling up the DagBag from /home/airflow/.local/lib/python3.12/site-packages/airflow/example_dags/example_dataset_alias_with_no_taskflow.py
[2026-07-18T20:58:04.925+0000] {processor.py:925} INFO - DAG(s) 'dataset_s3_bucket_consumer_with_no_taskflow', 'dataset_s3_bucket_producer_with_no_taskflow', 'dataset_alias_example_alias_consumer_with_no_taskflow', 'dataset_alias_example_alias_producer_with_no_taskflow' retrieved from /home/airflow/.local/lib/python3.12/site-packages/airflow/example_dags/example_dataset_alias_with_no_taskflow.py
[2026-07-18T20:58:04.943+0000] {logging_mixin.py:190} INFO - [2026-07-18T20:58:04.942+0000] {dag.py:3239} INFO - Sync 4 DAGs
[2026-07-18T20:58:04.959+0000] {logging_mixin.py:190} INFO - [2026-07-18T20:58:04.959+0000] {dag.py:4180} INFO - Setting next_dagrun for dataset_alias_example_alias_consumer_with_no_taskflow to None, run_after=None
[2026-07-18T20:58:04.962+0000] {logging_mixin.py:190} INFO - [2026-07-18T20:58:04.962+0000] {dag.py:4180} INFO - Setting next_dagrun for dataset_alias_example_alias_producer_with_no_taskflow to None, run_after=None
[2026-07-18T20:58:04.965+0000] {logging_mixin.py:190} INFO - [2026-07-18T20:58:04.965+0000] {dag.py:4180} INFO - Setting next_dagrun for dataset_s3_bucket_consumer_with_no_taskflow to None, run_after=None
[2026-07-18T20:58:04.966+0000] {logging_mixin.py:190} INFO - [2026-07-18T20:58:04.966+0000] {dag.py:4180} INFO - Setting next_dagrun for dataset_s3_bucket_producer_with_no_taskflow to None, run_after=None
[2026-07-18T20:58:04.990+0000] {processor.py:208} INFO - Processing /home/airflow/.local/lib/python3.12/site-packages/airflow/example_dags/example_dataset_alias_with_no_taskflow.py took 0.514 seconds
[2026-07-18T20:58:35.580+0000] {processor.py:186} INFO - Started process (PID=1151) to work on /home/airflow/.local/lib/python3.12/site-packages/airflow/example_dags/example_dataset_alias_with_no_taskflow.py
[2026-07-18T20:58:35.582+0000] {processor.py:914} INFO - Processing file /home/airflow/.local/lib/python3.12/site-packages/airflow/example_dags/example_dataset_alias_with_no_taskflow.py for tasks to queue
[2026-07-18T20:58:35.585+0000] {logging_mixin.py:190} INFO - [2026-07-18T20:58:35.585+0000] {dagbag.py:588} INFO - Filling up the DagBag from /home/airflow/.local/lib/python3.12/site-packages/airflow/example_dags/example_dataset_alias_with_no_taskflow.py
[2026-07-18T20:58:36.039+0000] {processor.py:925} INFO - DAG(s) 'dataset_alias_example_alias_producer_with_no_taskflow', 'dataset_s3_bucket_producer_with_no_taskflow', 'dataset_alias_example_alias_consumer_with_no_taskflow', 'dataset_s3_bucket_consumer_with_no_taskflow' retrieved from /home/airflow/.local/lib/python3.12/site-packages/airflow/example_dags/example_dataset_alias_with_no_taskflow.py
[2026-07-18T20:58:36.055+0000] {logging_mixin.py:190} INFO - [2026-07-18T20:58:36.054+0000] {dag.py:3239} INFO - Sync 4 DAGs
[2026-07-18T20:58:36.073+0000] {logging_mixin.py:190} INFO - [2026-07-18T20:58:36.072+0000] {dag.py:4180} INFO - Setting next_dagrun for dataset_alias_example_alias_consumer_with_no_taskflow to None, run_after=None
[2026-07-18T20:58:36.075+0000] {logging_mixin.py:190} INFO - [2026-07-18T20:58:36.075+0000] {dag.py:4180} INFO - Setting next_dagrun for dataset_alias_example_alias_producer_with_no_taskflow to None, run_after=None
[2026-07-18T20:58:36.077+0000] {logging_mixin.py:190} INFO - [2026-07-18T20:58:36.077+0000] {dag.py:4180} INFO - Setting next_dagrun for dataset_s3_bucket_consumer_with_no_taskflow to None, run_after=None
[2026-07-18T20:58:36.079+0000] {logging_mixin.py:190} INFO - [2026-07-18T20:58:36.079+0000] {dag.py:4180} INFO - Setting next_dagrun for dataset_s3_bucket_producer_with_no_taskflow to None, run_after=None
[2026-07-18T20:58:36.096+0000] {processor.py:208} INFO - Processing /home/airflow/.local/lib/python3.12/site-packages/airflow/example_dags/example_dataset_alias_with_no_taskflow.py took 0.521 seconds
[2026-07-18T20:59:07.001+0000] {processor.py:186} INFO - Started process (PID=1216) to work on /home/airflow/.local/lib/python3.12/site-packages/airflow/example_dags/example_dataset_alias_with_no_taskflow.py
[2026-07-18T20:59:07.002+0000] {processor.py:914} INFO - Processing file /home/airflow/.local/lib/python3.12/site-packages/airflow/example_dags/example_dataset_alias_with_no_taskflow.py for tasks to queue
[2026-07-18T20:59:07.005+0000] {logging_mixin.py:190} INFO - [2026-07-18T20:59:07.005+0000] {dagbag.py:588} INFO - Filling up the DagBag from /home/airflow/.local/lib/python3.12/site-packages/airflow/example_dags/example_dataset_alias_with_no_taskflow.py
[2026-07-18T20:59:07.428+0000] {processor.py:925} INFO - DAG(s) 'dataset_s3_bucket_consumer_with_no_taskflow', 'dataset_s3_bucket_producer_with_no_taskflow', 'dataset_alias_example_alias_consumer_with_no_taskflow', 'dataset_alias_example_alias_producer_with_no_taskflow' retrieved from /home/airflow/.local/lib/python3.12/site-packages/airflow/example_dags/example_dataset_alias_with_no_taskflow.py
[2026-07-18T20:59:07.445+0000] {logging_mixin.py:190} INFO - [2026-07-18T20:59:07.444+0000] {dag.py:3239} INFO - Sync 4 DAGs
[2026-07-18T20:59:07.463+0000] {logging_mixin.py:190} INFO - [2026-07-18T20:59:07.463+0000] {dag.py:4180} INFO - Setting next_dagrun for dataset_alias_example_alias_consumer_with_no_taskflow to None, run_after=None
[2026-07-18T20:59:07.466+0000] {logging_mixin.py:190} INFO - [2026-07-18T20:59:07.465+0000] {dag.py:4180} INFO - Setting next_dagrun for dataset_alias_example_alias_producer_with_no_taskflow to None, run_after=None
[2026-07-18T20:59:07.468+0000] {logging_mixin.py:190} INFO - [2026-07-18T20:59:07.467+0000] {dag.py:4180} INFO - Setting next_dagrun for dataset_s3_bucket_consumer_with_no_taskflow to None, run_after=None
[2026-07-18T20:59:07.469+0000] {logging_mixin.py:190} INFO - [2026-07-18T20:59:07.469+0000] {dag.py:4180} INFO - Setting next_dagrun for dataset_s3_bucket_producer_with_no_taskflow to None, run_after=None
[2026-07-18T20:59:07.492+0000] {processor.py:208} INFO - Processing /home/airflow/.local/lib/python3.12/site-packages/airflow/example_dags/example_dataset_alias_with_no_taskflow.py took 0.496 seconds
[2026-07-18T20:59:38.077+0000] {processor.py:186} INFO - Started process (PID=1280) to work on /home/airflow/.local/lib/python3.12/site-packages/airflow/example_dags/example_dataset_alias_with_no_taskflow.py
[2026-07-18T20:59:38.078+0000] {processor.py:914} INFO - Processing file /home/airflow/.local/lib/python3.12/site-packages/airflow/example_dags/example_dataset_alias_with_no_taskflow.py for tasks to queue
[2026-07-18T20:59:38.080+0000] {logging_mixin.py:190} INFO - [2026-07-18T20:59:38.080+0000] {dagbag.py:588} INFO - Filling up the DagBag from /home/airflow/.local/lib/python3.12/site-packages/airflow/example_dags/example_dataset_alias_with_no_taskflow.py
[2026-07-18T20:59:38.506+0000] {processor.py:925} INFO - DAG(s) 'dataset_s3_bucket_consumer_with_no_taskflow', 'dataset_alias_example_alias_producer_with_no_taskflow', 'dataset_alias_example_alias_consumer_with_no_taskflow', 'dataset_s3_bucket_producer_with_no_taskflow' retrieved from /home/airflow/.local/lib/python3.12/site-packages/airflow/example_dags/example_dataset_alias_with_no_taskflow.py
[2026-07-18T20:59:38.522+0000] {logging_mixin.py:190} INFO - [2026-07-18T20:59:38.522+0000] {dag.py:3239} INFO - Sync 4 DAGs
[2026-07-18T20:59:38.539+0000] {logging_mixin.py:190} INFO - [2026-07-18T20:59:38.538+0000] {dag.py:4180} INFO - Setting next_dagrun for dataset_alias_example_alias_consumer_with_no_taskflow to None, run_after=None
[2026-07-18T20:59:38.542+0000] {logging_mixin.py:190} INFO - [2026-07-18T20:59:38.542+0000] {dag.py:4180} INFO - Setting next_dagrun for dataset_alias_example_alias_producer_with_no_taskflow to None, run_after=None
[2026-07-18T20:59:38.544+0000] {logging_mixin.py:190} INFO - [2026-07-18T20:59:38.544+0000] {dag.py:4180} INFO - Setting next_dagrun for dataset_s3_bucket_consumer_with_no_taskflow to None, run_after=None
[2026-07-18T20:59:38.545+0000] {logging_mixin.py:190} INFO - [2026-07-18T20:59:38.545+0000] {dag.py:4180} INFO - Setting next_dagrun for dataset_s3_bucket_producer_with_no_taskflow to None, run_after=None
[2026-07-18T20:59:38.575+0000] {processor.py:208} INFO - Processing /home/airflow/.local/lib/python3.12/site-packages/airflow/example_dags/example_dataset_alias_with_no_taskflow.py took 0.504 seconds
[2026-07-18T21:00:09.609+0000] {processor.py:186} INFO - Started process (PID=1343) to work on /home/airflow/.local/lib/python3.12/site-packages/airflow/example_dags/example_dataset_alias_with_no_taskflow.py
[2026-07-18T21:00:09.612+0000] {processor.py:914} INFO - Processing file /home/airflow/.local/lib/python3.12/site-packages/airflow/example_dags/example_dataset_alias_with_no_taskflow.py for tasks to queue
[2026-07-18T21:00:09.616+0000] {logging_mixin.py:190} INFO - [2026-07-18T21:00:09.615+0000] {dagbag.py:588} INFO - Filling up the DagBag from /home/airflow/.local/lib/python3.12/site-packages/airflow/example_dags/example_dataset_alias_with_no_taskflow.py
[2026-07-18T21:00:10.342+0000] {processor.py:925} INFO - DAG(s) 'dataset_alias_example_alias_producer_with_no_taskflow', 'dataset_s3_bucket_consumer_with_no_taskflow', 'dataset_alias_example_alias_consumer_with_no_taskflow', 'dataset_s3_bucket_producer_with_no_taskflow' retrieved from /home/airflow/.local/lib/python3.12/site-packages/airflow/example_dags/example_dataset_alias_with_no_taskflow.py
[2026-07-18T21:00:10.367+0000] {logging_mixin.py:190} INFO - [2026-07-18T21:00:10.366+0000] {dag.py:3239} INFO - Sync 4 DAGs
[2026-07-18T21:00:10.392+0000] {logging_mixin.py:190} INFO - [2026-07-18T21:00:10.392+0000] {dag.py:4180} INFO - Setting next_dagrun for dataset_alias_example_alias_consumer_with_no_taskflow to None, run_after=None
[2026-07-18T21:00:10.396+0000] {logging_mixin.py:190} INFO - [2026-07-18T21:00:10.396+0000] {dag.py:4180} INFO - Setting next_dagrun for dataset_alias_example_alias_producer_with_no_taskflow to None, run_after=None
[2026-07-18T21:00:10.399+0000] {logging_mixin.py:190} INFO - [2026-07-18T21:00:10.399+0000] {dag.py:4180} INFO - Setting next_dagrun for dataset_s3_bucket_consumer_with_no_taskflow to None, run_after=None
[2026-07-18T21:00:10.402+0000] {logging_mixin.py:190} INFO - [2026-07-18T21:00:10.402+0000] {dag.py:4180} INFO - Setting next_dagrun for dataset_s3_bucket_producer_with_no_taskflow to None, run_after=None
[2026-07-18T21:00:10.475+0000] {processor.py:208} INFO - Processing /home/airflow/.local/lib/python3.12/site-packages/airflow/example_dags/example_dataset_alias_with_no_taskflow.py took 0.876 seconds
[2026-07-18T21:00:41.351+0000] {processor.py:186} INFO - Started process (PID=1409) to work on /home/airflow/.local/lib/python3.12/site-packages/airflow/example_dags/example_dataset_alias_with_no_taskflow.py
[2026-07-18T21:00:41.353+0000] {processor.py:914} INFO - Processing file /home/airflow/.local/lib/python3.12/site-packages/airflow/example_dags/example_dataset_alias_with_no_taskflow.py for tasks to queue
[2026-07-18T21:00:41.357+0000] {logging_mixin.py:190} INFO - [2026-07-18T21:00:41.357+0000] {dagbag.py:588} INFO - Filling up the DagBag from /home/airflow/.local/lib/python3.12/site-packages/airflow/example_dags/example_dataset_alias_with_no_taskflow.py
[2026-07-18T21:00:42.302+0000] {processor.py:925} INFO - DAG(s) 'dataset_s3_bucket_consumer_with_no_taskflow', 'dataset_s3_bucket_producer_with_no_taskflow', 'dataset_alias_example_alias_consumer_with_no_taskflow', 'dataset_alias_example_alias_producer_with_no_taskflow' retrieved from /home/airflow/.local/lib/python3.12/site-packages/airflow/example_dags/example_dataset_alias_with_no_taskflow.py
[2026-07-18T21:00:42.335+0000] {logging_mixin.py:190} INFO - [2026-07-18T21:00:42.334+0000] {dag.py:3239} INFO - Sync 4 DAGs
[2026-07-18T21:00:42.372+0000] {logging_mixin.py:190} INFO - [2026-07-18T21:00:42.371+0000] {dag.py:4180} INFO - Setting next_dagrun for dataset_alias_example_alias_consumer_with_no_taskflow to None, run_after=None
[2026-07-18T21:00:42.378+0000] {logging_mixin.py:190} INFO - [2026-07-18T21:00:42.377+0000] {dag.py:4180} INFO - Setting next_dagrun for dataset_alias_example_alias_producer_with_no_taskflow to None, run_after=None
[2026-07-18T21:00:42.383+0000] {logging_mixin.py:190} INFO - [2026-07-18T21:00:42.382+0000] {dag.py:4180} INFO - Setting next_dagrun for dataset_s3_bucket_consumer_with_no_taskflow to None, run_after=None
[2026-07-18T21:00:42.387+0000] {logging_mixin.py:190} INFO - [2026-07-18T21:00:42.387+0000] {dag.py:4180} INFO - Setting next_dagrun for dataset_s3_bucket_producer_with_no_taskflow to None, run_after=None
[2026-07-18T21:00:42.431+0000] {processor.py:208} INFO - Processing /home/airflow/.local/lib/python3.12/site-packages/airflow/example_dags/example_dataset_alias_with_no_taskflow.py took 1.089 seconds
[2026-07-18T21:01:13.097+0000] {processor.py:186} INFO - Started process (PID=1472) to work on /home/airflow/.local/lib/python3.12/site-packages/airflow/example_dags/example_dataset_alias_with_no_taskflow.py
[2026-07-18T21:01:13.101+0000] {processor.py:914} INFO - Processing file /home/airflow/.local/lib/python3.12/site-packages/airflow/example_dags/example_dataset_alias_with_no_taskflow.py for tasks to queue
[2026-07-18T21:01:13.109+0000] {logging_mixin.py:190} INFO - [2026-07-18T21:01:13.108+0000] {dagbag.py:588} INFO - Filling up the DagBag from /home/airflow/.local/lib/python3.12/site-packages/airflow/example_dags/example_dataset_alias_with_no_taskflow.py
[2026-07-18T21:01:14.059+0000] {processor.py:925} INFO - DAG(s) 'dataset_alias_example_alias_consumer_with_no_taskflow', 'dataset_s3_bucket_consumer_with_no_taskflow', 'dataset_s3_bucket_producer_with_no_taskflow', 'dataset_alias_example_alias_producer_with_no_taskflow' retrieved from /home/airflow/.local/lib/python3.12/site-packages/airflow/example_dags/example_dataset_alias_with_no_taskflow.py
[2026-07-18T21:01:14.097+0000] {logging_mixin.py:190} INFO - [2026-07-18T21:01:14.096+0000] {dag.py:3239} INFO - Sync 4 DAGs
[2026-07-18T21:01:14.125+0000] {logging_mixin.py:190} INFO - [2026-07-18T21:01:14.125+0000] {dag.py:4180} INFO - Setting next_dagrun for dataset_alias_example_alias_consumer_with_no_taskflow to None, run_after=None
[2026-07-18T21:01:14.131+0000] {logging_mixin.py:190} INFO - [2026-07-18T21:01:14.131+0000] {dag.py:4180} INFO - Setting next_dagrun for dataset_alias_example_alias_producer_with_no_taskflow to None, run_after=None
[2026-07-18T21:01:14.134+0000] {logging_mixin.py:190} INFO - [2026-07-18T21:01:14.134+0000] {dag.py:4180} INFO - Setting next_dagrun for dataset_s3_bucket_consumer_with_no_taskflow to None, run_after=None
[2026-07-18T21:01:14.137+0000] {logging_mixin.py:190} INFO - [2026-07-18T21:01:14.137+0000] {dag.py:4180} INFO - Setting next_dagrun for dataset_s3_bucket_producer_with_no_taskflow to None, run_after=None
[2026-07-18T21:01:14.216+0000] {processor.py:208} INFO - Processing /home/airflow/.local/lib/python3.12/site-packages/airflow/example_dags/example_dataset_alias_with_no_taskflow.py took 1.135 seconds
[2026-07-18T21:01:44.909+0000] {processor.py:186} INFO - Started process (PID=1537) to work on /home/airflow/.local/lib/python3.12/site-packages/airflow/example_dags/example_dataset_alias_with_no_taskflow.py
[2026-07-18T21:01:44.912+0000] {processor.py:914} INFO - Processing file /home/airflow/.local/lib/python3.12/site-packages/airflow/example_dags/example_dataset_alias_with_no_taskflow.py for tasks to queue
[2026-07-18T21:01:44.916+0000] {logging_mixin.py:190} INFO - [2026-07-18T21:01:44.916+0000] {dagbag.py:588} INFO - Filling up the DagBag from /home/airflow/.local/lib/python3.12/site-packages/airflow/example_dags/example_dataset_alias_with_no_taskflow.py
[2026-07-18T21:01:45.684+0000] {processor.py:925} INFO - DAG(s) 'dataset_s3_bucket_producer_with_no_taskflow', 'dataset_s3_bucket_consumer_with_no_taskflow', 'dataset_alias_example_alias_consumer_with_no_taskflow', 'dataset_alias_example_alias_producer_with_no_taskflow' retrieved from /home/airflow/.local/lib/python3.12/site-packages/airflow/example_dags/example_dataset_alias_with_no_taskflow.py
[2026-07-18T21:01:45.729+0000] {logging_mixin.py:190} INFO - [2026-07-18T21:01:45.728+0000] {dag.py:3239} INFO - Sync 4 DAGs
[2026-07-18T21:01:45.766+0000] {logging_mixin.py:190} INFO - [2026-07-18T21:01:45.765+0000] {dag.py:4180} INFO - Setting next_dagrun for dataset_alias_example_alias_consumer_with_no_taskflow to None, run_after=None
[2026-07-18T21:01:45.774+0000] {logging_mixin.py:190} INFO - [2026-07-18T21:01:45.773+0000] {dag.py:4180} INFO - Setting next_dagrun for dataset_alias_example_alias_producer_with_no_taskflow to None, run_after=None
[2026-07-18T21:01:45.780+0000] {logging_mixin.py:190} INFO - [2026-07-18T21:01:45.779+0000] {dag.py:4180} INFO - Setting next_dagrun for dataset_s3_bucket_consumer_with_no_taskflow to None, run_after=None
[2026-07-18T21:01:45.784+0000] {logging_mixin.py:190} INFO - [2026-07-18T21:01:45.784+0000] {dag.py:4180} INFO - Setting next_dagrun for dataset_s3_bucket_producer_with_no_taskflow to None, run_after=None
[2026-07-18T21:01:45.904+0000] {processor.py:208} INFO - Processing /home/airflow/.local/lib/python3.12/site-packages/airflow/example_dags/example_dataset_alias_with_no_taskflow.py took 1.002 seconds
[2026-07-18T21:02:16.464+0000] {processor.py:186} INFO - Started process (PID=1600) to work on /home/airflow/.local/lib/python3.12/site-packages/airflow/example_dags/example_dataset_alias_with_no_taskflow.py
[2026-07-18T21:02:16.466+0000] {processor.py:914} INFO - Processing file /home/airflow/.local/lib/python3.12/site-packages/airflow/example_dags/example_dataset_alias_with_no_taskflow.py for tasks to queue
[2026-07-18T21:02:16.474+0000] {logging_mixin.py:190} INFO - [2026-07-18T21:02:16.474+0000] {dagbag.py:588} INFO - Filling up the DagBag from /home/airflow/.local/lib/python3.12/site-packages/airflow/example_dags/example_dataset_alias_with_no_taskflow.py
[2026-07-18T21:02:17.620+0000] {processor.py:925} INFO - DAG(s) 'dataset_s3_bucket_producer_with_no_taskflow', 'dataset_s3_bucket_consumer_with_no_taskflow', 'dataset_alias_example_alias_consumer_with_no_taskflow', 'dataset_alias_example_alias_producer_with_no_taskflow' retrieved from /home/airflow/.local/lib/python3.12/site-packages/airflow/example_dags/example_dataset_alias_with_no_taskflow.py
[2026-07-18T21:02:17.649+0000] {logging_mixin.py:190} INFO - [2026-07-18T21:02:17.648+0000] {dag.py:3239} INFO - Sync 4 DAGs
[2026-07-18T21:02:17.679+0000] {logging_mixin.py:190} INFO - [2026-07-18T21:02:17.679+0000] {dag.py:4180} INFO - Setting next_dagrun for dataset_alias_example_alias_consumer_with_no_taskflow to None, run_after=None
[2026-07-18T21:02:17.685+0000] {logging_mixin.py:190} INFO - [2026-07-18T21:02:17.685+0000] {dag.py:4180} INFO - Setting next_dagrun for dataset_alias_example_alias_producer_with_no_taskflow to None, run_after=None
[2026-07-18T21:02:17.688+0000] {logging_mixin.py:190} INFO - [2026-07-18T21:02:17.688+0000] {dag.py:4180} INFO - Setting next_dagrun for dataset_s3_bucket_consumer_with_no_taskflow to None, run_after=None
[2026-07-18T21:02:17.691+0000] {logging_mixin.py:190} INFO - [2026-07-18T21:02:17.690+0000] {dag.py:4180} INFO - Setting next_dagrun for dataset_s3_bucket_producer_with_no_taskflow to None, run_after=None
[2026-07-18T21:02:17.776+0000] {processor.py:208} INFO - Processing /home/airflow/.local/lib/python3.12/site-packages/airflow/example_dags/example_dataset_alias_with_no_taskflow.py took 1.323 seconds
[2026-07-18T21:02:47.935+0000] {processor.py:186} INFO - Started process (PID=1663) to work on /home/airflow/.local/lib/python3.12/site-packages/airflow/example_dags/example_dataset_alias_with_no_taskflow.py
[2026-07-18T21:02:47.938+0000] {processor.py:914} INFO - Processing file /home/airflow/.local/lib/python3.12/site-packages/airflow/example_dags/example_dataset_alias_with_no_taskflow.py for tasks to queue
[2026-07-18T21:02:47.942+0000] {logging_mixin.py:190} INFO - [2026-07-18T21:02:47.942+0000] {dagbag.py:588} INFO - Filling up the DagBag from /home/airflow/.local/lib/python3.12/site-packages/airflow/example_dags/example_dataset_alias_with_no_taskflow.py
[2026-07-18T21:02:48.856+0000] {processor.py:925} INFO - DAG(s) 'dataset_s3_bucket_producer_with_no_taskflow', 'dataset_alias_example_alias_consumer_with_no_taskflow', 'dataset_s3_bucket_consumer_with_no_taskflow', 'dataset_alias_example_alias_producer_with_no_taskflow' retrieved from /home/airflow/.local/lib/python3.12/site-packages/airflow/example_dags/example_dataset_alias_with_no_taskflow.py
[2026-07-18T21:02:48.888+0000] {logging_mixin.py:190} INFO - [2026-07-18T21:02:48.887+0000] {dag.py:3239} INFO - Sync 4 DAGs
[2026-07-18T21:02:48.918+0000] {logging_mixin.py:190} INFO - [2026-07-18T21:02:48.918+0000] {dag.py:4180} INFO - Setting next_dagrun for dataset_alias_example_alias_consumer_with_no_taskflow to None, run_after=None
[2026-07-18T21:02:48.924+0000] {logging_mixin.py:190} INFO - [2026-07-18T21:02:48.923+0000] {dag.py:4180} INFO - Setting next_dagrun for dataset_alias_example_alias_producer_with_no_taskflow to None, run_after=None
[2026-07-18T21:02:48.928+0000] {logging_mixin.py:190} INFO - [2026-07-18T21:02:48.928+0000] {dag.py:4180} INFO - Setting next_dagrun for dataset_s3_bucket_consumer_with_no_taskflow to None, run_after=None
[2026-07-18T21:02:48.931+0000] {logging_mixin.py:190} INFO - [2026-07-18T21:02:48.931+0000] {dag.py:4180} INFO - Setting next_dagrun for dataset_s3_bucket_producer_with_no_taskflow to None, run_after=None
[2026-07-18T21:02:49.009+0000] {processor.py:208} INFO - Processing /home/airflow/.local/lib/python3.12/site-packages/airflow/example_dags/example_dataset_alias_with_no_taskflow.py took 1.083 seconds
[2026-07-18T21:03:19.687+0000] {processor.py:186} INFO - Started process (PID=1726) to work on /home/airflow/.local/lib/python3.12/site-packages/airflow/example_dags/example_dataset_alias_with_no_taskflow.py
[2026-07-18T21:03:19.689+0000] {processor.py:914} INFO - Processing file /home/airflow/.local/lib/python3.12/site-packages/airflow/example_dags/example_dataset_alias_with_no_taskflow.py for tasks to queue
[2026-07-18T21:03:19.694+0000] {logging_mixin.py:190} INFO - [2026-07-18T21:03:19.694+0000] {dagbag.py:588} INFO - Filling up the DagBag from /home/airflow/.local/lib/python3.12/site-packages/airflow/example_dags/example_dataset_alias_with_no_taskflow.py
[2026-07-18T21:03:20.660+0000] {processor.py:925} INFO - DAG(s) 'dataset_alias_example_alias_consumer_with_no_taskflow', 'dataset_s3_bucket_producer_with_no_taskflow', 'dataset_s3_bucket_consumer_with_no_taskflow', 'dataset_alias_example_alias_producer_with_no_taskflow' retrieved from /home/airflow/.local/lib/python3.12/site-packages/airflow/example_dags/example_dataset_alias_with_no_taskflow.py
[2026-07-18T21:03:20.714+0000] {logging_mixin.py:190} INFO - [2026-07-18T21:03:20.713+0000] {dag.py:3239} INFO - Sync 4 DAGs
[2026-07-18T21:03:20.766+0000] {logging_mixin.py:190} INFO - [2026-07-18T21:03:20.766+0000] {dag.py:4180} INFO - Setting next_dagrun for dataset_alias_example_alias_consumer_with_no_taskflow to None, run_after=None
[2026-07-18T21:03:20.776+0000] {logging_mixin.py:190} INFO - [2026-07-18T21:03:20.775+0000] {dag.py:4180} INFO - Setting next_dagrun for dataset_alias_example_alias_producer_with_no_taskflow to None, run_after=None
[2026-07-18T21:03:20.782+0000] {logging_mixin.py:190} INFO - [2026-07-18T21:03:20.782+0000] {dag.py:4180} INFO - Setting next_dagrun for dataset_s3_bucket_consumer_with_no_taskflow to None, run_after=None
[2026-07-18T21:03:20.789+0000] {logging_mixin.py:190} INFO - [2026-07-18T21:03:20.788+0000] {dag.py:4180} INFO - Setting next_dagrun for dataset_s3_bucket_producer_with_no_taskflow to None, run_after=None
[2026-07-18T21:03:20.910+0000] {processor.py:208} INFO - Processing /home/airflow/.local/lib/python3.12/site-packages/airflow/example_dags/example_dataset_alias_with_no_taskflow.py took 1.232 seconds
[2026-07-18T21:03:51.908+0000] {processor.py:186} INFO - Started process (PID=1789) to work on /home/airflow/.local/lib/python3.12/site-packages/airflow/example_dags/example_dataset_alias_with_no_taskflow.py
[2026-07-18T21:03:51.910+0000] {processor.py:914} INFO - Processing file /home/airflow/.local/lib/python3.12/site-packages/airflow/example_dags/example_dataset_alias_with_no_taskflow.py for tasks to queue
[2026-07-18T21:03:51.917+0000] {logging_mixin.py:190} INFO - [2026-07-18T21:03:51.915+0000] {dagbag.py:588} INFO - Filling up the DagBag from /home/airflow/.local/lib/python3.12/site-packages/airflow/example_dags/example_dataset_alias_with_no_taskflow.py
[2026-07-18T21:03:52.714+0000] {processor.py:925} INFO - DAG(s) 'dataset_s3_bucket_producer_with_no_taskflow', 'dataset_alias_example_alias_consumer_with_no_taskflow', 'dataset_alias_example_alias_producer_with_no_taskflow', 'dataset_s3_bucket_consumer_with_no_taskflow' retrieved from /home/airflow/.local/lib/python3.12/site-packages/airflow/example_dags/example_dataset_alias_with_no_taskflow.py
[2026-07-18T21:03:52.750+0000] {logging_mixin.py:190} INFO - [2026-07-18T21:03:52.749+0000] {dag.py:3239} INFO - Sync 4 DAGs
[2026-07-18T21:03:52.799+0000] {logging_mixin.py:190} INFO - [2026-07-18T21:03:52.798+0000] {dag.py:4180} INFO - Setting next_dagrun for dataset_alias_example_alias_consumer_with_no_taskflow to None, run_after=None
[2026-07-18T21:03:52.809+0000] {logging_mixin.py:190} INFO - [2026-07-18T21:03:52.808+0000] {dag.py:4180} INFO - Setting next_dagrun for dataset_alias_example_alias_producer_with_no_taskflow to None, run_after=None
[2026-07-18T21:03:52.817+0000] {logging_mixin.py:190} INFO - [2026-07-18T21:03:52.815+0000] {dag.py:4180} INFO - Setting next_dagrun for dataset_s3_bucket_consumer_with_no_taskflow to None, run_after=None
[2026-07-18T21:03:52.823+0000] {logging_mixin.py:190} INFO - [2026-07-18T21:03:52.823+0000] {dag.py:4180} INFO - Setting next_dagrun for dataset_s3_bucket_producer_with_no_taskflow to None, run_after=None
[2026-07-18T21:03:52.895+0000] {processor.py:208} INFO - Processing /home/airflow/.local/lib/python3.12/site-packages/airflow/example_dags/example_dataset_alias_with_no_taskflow.py took 0.998 seconds
[2026-07-18T21:04:23.173+0000] {processor.py:186} INFO - Started process (PID=1853) to work on /home/airflow/.local/lib/python3.12/site-packages/airflow/example_dags/example_dataset_alias_with_no_taskflow.py
[2026-07-18T21:04:23.175+0000] {processor.py:914} INFO - Processing file /home/airflow/.local/lib/python3.12/site-packages/airflow/example_dags/example_dataset_alias_with_no_taskflow.py for tasks to queue
[2026-07-18T21:04:23.179+0000] {logging_mixin.py:190} INFO - [2026-07-18T21:04:23.179+0000] {dagbag.py:588} INFO - Filling up the DagBag from /home/airflow/.local/lib/python3.12/site-packages/airflow/example_dags/example_dataset_alias_with_no_taskflow.py
[2026-07-18T21:04:24.277+0000] {processor.py:925} INFO - DAG(s) 'dataset_s3_bucket_producer_with_no_taskflow', 'dataset_alias_example_alias_producer_with_no_taskflow', 'dataset_s3_bucket_consumer_with_no_taskflow', 'dataset_alias_example_alias_consumer_with_no_taskflow' retrieved from /home/airflow/.local/lib/python3.12/site-packages/airflow/example_dags/example_dataset_alias_with_no_taskflow.py
[2026-07-18T21:04:24.329+0000] {logging_mixin.py:190} INFO - [2026-07-18T21:04:24.328+0000] {dag.py:3239} INFO - Sync 4 DAGs
[2026-07-18T21:04:24.372+0000] {logging_mixin.py:190} INFO - [2026-07-18T21:04:24.371+0000] {dag.py:4180} INFO - Setting next_dagrun for dataset_alias_example_alias_consumer_with_no_taskflow to None, run_after=None
[2026-07-18T21:04:24.377+0000] {logging_mixin.py:190} INFO - [2026-07-18T21:04:24.376+0000] {dag.py:4180} INFO - Setting next_dagrun for dataset_alias_example_alias_producer_with_no_taskflow to None, run_after=None
[2026-07-18T21:04:24.380+0000] {logging_mixin.py:190} INFO - [2026-07-18T21:04:24.380+0000] {dag.py:4180} INFO - Setting next_dagrun for dataset_s3_bucket_consumer_with_no_taskflow to None, run_after=None
[2026-07-18T21:04:24.384+0000] {logging_mixin.py:190} INFO - [2026-07-18T21:04:24.383+0000] {dag.py:4180} INFO - Setting next_dagrun for dataset_s3_bucket_producer_with_no_taskflow to None, run_after=None
[2026-07-18T21:04:24.465+0000] {processor.py:208} INFO - Processing /home/airflow/.local/lib/python3.12/site-packages/airflow/example_dags/example_dataset_alias_with_no_taskflow.py took 1.300 seconds
[2026-07-18T21:04:55.089+0000] {processor.py:186} INFO - Started process (PID=1916) to work on /home/airflow/.local/lib/python3.12/site-packages/airflow/example_dags/example_dataset_alias_with_no_taskflow.py
[2026-07-18T21:04:55.093+0000] {processor.py:914} INFO - Processing file /home/airflow/.local/lib/python3.12/site-packages/airflow/example_dags/example_dataset_alias_with_no_taskflow.py for tasks to queue
[2026-07-18T21:04:55.099+0000] {logging_mixin.py:190} INFO - [2026-07-18T21:04:55.099+0000] {dagbag.py:588} INFO - Filling up the DagBag from /home/airflow/.local/lib/python3.12/site-packages/airflow/example_dags/example_dataset_alias_with_no_taskflow.py
[2026-07-18T21:04:56.319+0000] {processor.py:925} INFO - DAG(s) 'dataset_s3_bucket_consumer_with_no_taskflow', 'dataset_alias_example_alias_consumer_with_no_taskflow', 'dataset_alias_example_alias_producer_with_no_taskflow', 'dataset_s3_bucket_producer_with_no_taskflow' retrieved from /home/airflow/.local/lib/python3.12/site-packages/airflow/example_dags/example_dataset_alias_with_no_taskflow.py
[2026-07-18T21:04:56.373+0000] {logging_mixin.py:190} INFO - [2026-07-18T21:04:56.372+0000] {dag.py:3239} INFO - Sync 4 DAGs
[2026-07-18T21:04:56.405+0000] {logging_mixin.py:190} INFO - [2026-07-18T21:04:56.404+0000] {dag.py:4180} INFO - Setting next_dagrun for dataset_alias_example_alias_consumer_with_no_taskflow to None, run_after=None
[2026-07-18T21:04:56.410+0000] {logging_mixin.py:190} INFO - [2026-07-18T21:04:56.409+0000] {dag.py:4180} INFO - Setting next_dagrun for dataset_alias_example_alias_producer_with_no_taskflow to None, run_after=None
[2026-07-18T21:04:56.413+0000] {logging_mixin.py:190} INFO - [2026-07-18T21:04:56.413+0000] {dag.py:4180} INFO - Setting next_dagrun for dataset_s3_bucket_consumer_with_no_taskflow to None, run_after=None
[2026-07-18T21:04:56.416+0000] {logging_mixin.py:190} INFO - [2026-07-18T21:04:56.416+0000] {dag.py:4180} INFO - Setting next_dagrun for dataset_s3_bucket_producer_with_no_taskflow to None, run_after=None
[2026-07-18T21:04:56.444+0000] {processor.py:208} INFO - Processing /home/airflow/.local/lib/python3.12/site-packages/airflow/example_dags/example_dataset_alias_with_no_taskflow.py took 1.376 seconds
[2026-07-18T21:05:26.621+0000] {processor.py:186} INFO - Started process (PID=1979) to work on /home/airflow/.local/lib/python3.12/site-packages/airflow/example_dags/example_dataset_alias_with_no_taskflow.py
[2026-07-18T21:05:26.622+0000] {processor.py:914} INFO - Processing file /home/airflow/.local/lib/python3.12/site-packages/airflow/example_dags/example_dataset_alias_with_no_taskflow.py for tasks to queue
[2026-07-18T21:05:26.624+0000] {logging_mixin.py:190} INFO - [2026-07-18T21:05:26.624+0000] {dagbag.py:588} INFO - Filling up the DagBag from /home/airflow/.local/lib/python3.12/site-packages/airflow/example_dags/example_dataset_alias_with_no_taskflow.py
[2026-07-18T21:05:27.045+0000] {processor.py:925} INFO - DAG(s) 'dataset_alias_example_alias_consumer_with_no_taskflow', 'dataset_s3_bucket_consumer_with_no_taskflow', 'dataset_s3_bucket_producer_with_no_taskflow', 'dataset_alias_example_alias_producer_with_no_taskflow' retrieved from /home/airflow/.local/lib/python3.12/site-packages/airflow/example_dags/example_dataset_alias_with_no_taskflow.py
[2026-07-18T21:05:27.061+0000] {logging_mixin.py:190} INFO - [2026-07-18T21:05:27.061+0000] {dag.py:3239} INFO - Sync 4 DAGs
[2026-07-18T21:05:27.078+0000] {logging_mixin.py:190} INFO - [2026-07-18T21:05:27.078+0000] {dag.py:4180} INFO - Setting next_dagrun for dataset_alias_example_alias_consumer_with_no_taskflow to None, run_after=None
[2026-07-18T21:05:27.082+0000] {logging_mixin.py:190} INFO - [2026-07-18T21:05:27.082+0000] {dag.py:4180} INFO - Setting next_dagrun for dataset_alias_example_alias_producer_with_no_taskflow to None, run_after=None
[2026-07-18T21:05:27.084+0000] {logging_mixin.py:190} INFO - [2026-07-18T21:05:27.084+0000] {dag.py:4180} INFO - Setting next_dagrun for dataset_s3_bucket_consumer_with_no_taskflow to None, run_after=None
[2026-07-18T21:05:27.086+0000] {logging_mixin.py:190} INFO - [2026-07-18T21:05:27.086+0000] {dag.py:4180} INFO - Setting next_dagrun for dataset_s3_bucket_producer_with_no_taskflow to None, run_after=None
[2026-07-18T21:05:27.149+0000] {processor.py:208} INFO - Processing /home/airflow/.local/lib/python3.12/site-packages/airflow/example_dags/example_dataset_alias_with_no_taskflow.py took 0.534 seconds
[2026-07-18T21:05:57.384+0000] {processor.py:186} INFO - Started process (PID=2042) to work on /home/airflow/.local/lib/python3.12/site-packages/airflow/example_dags/example_dataset_alias_with_no_taskflow.py
[2026-07-18T21:05:57.387+0000] {processor.py:914} INFO - Processing file /home/airflow/.local/lib/python3.12/site-packages/airflow/example_dags/example_dataset_alias_with_no_taskflow.py for tasks to queue
[2026-07-18T21:05:57.391+0000] {logging_mixin.py:190} INFO - [2026-07-18T21:05:57.390+0000] {dagbag.py:588} INFO - Filling up the DagBag from /home/airflow/.local/lib/python3.12/site-packages/airflow/example_dags/example_dataset_alias_with_no_taskflow.py
[2026-07-18T21:05:58.169+0000] {processor.py:925} INFO - DAG(s) 'dataset_s3_bucket_producer_with_no_taskflow', 'dataset_s3_bucket_consumer_with_no_taskflow', 'dataset_alias_example_alias_producer_with_no_taskflow', 'dataset_alias_example_alias_consumer_with_no_taskflow' retrieved from /home/airflow/.local/lib/python3.12/site-packages/airflow/example_dags/example_dataset_alias_with_no_taskflow.py
[2026-07-18T21:05:58.193+0000] {logging_mixin.py:190} INFO - [2026-07-18T21:05:58.193+0000] {dag.py:3239} INFO - Sync 4 DAGs
[2026-07-18T21:05:58.224+0000] {logging_mixin.py:190} INFO - [2026-07-18T21:05:58.223+0000] {dag.py:4180} INFO - Setting next_dagrun for dataset_alias_example_alias_consumer_with_no_taskflow to None, run_after=None
[2026-07-18T21:05:58.228+0000] {logging_mixin.py:190} INFO - [2026-07-18T21:05:58.228+0000] {dag.py:4180} INFO - Setting next_dagrun for dataset_alias_example_alias_producer_with_no_taskflow to None, run_after=None
[2026-07-18T21:05:58.232+0000] {logging_mixin.py:190} INFO - [2026-07-18T21:05:58.232+0000] {dag.py:4180} INFO - Setting next_dagrun for dataset_s3_bucket_consumer_with_no_taskflow to None, run_after=None
[2026-07-18T21:05:58.235+0000] {logging_mixin.py:190} INFO - [2026-07-18T21:05:58.234+0000] {dag.py:4180} INFO - Setting next_dagrun for dataset_s3_bucket_producer_with_no_taskflow to None, run_after=None
[2026-07-18T21:05:58.266+0000] {processor.py:208} INFO - Processing /home/airflow/.local/lib/python3.12/site-packages/airflow/example_dags/example_dataset_alias_with_no_taskflow.py took 0.890 seconds
[2026-07-18T21:06:28.364+0000] {processor.py:186} INFO - Started process (PID=2105) to work on /home/airflow/.local/lib/python3.12/site-packages/airflow/example_dags/example_dataset_alias_with_no_taskflow.py
[2026-07-18T21:06:28.367+0000] {processor.py:914} INFO - Processing file /home/airflow/.local/lib/python3.12/site-packages/airflow/example_dags/example_dataset_alias_with_no_taskflow.py for tasks to queue
[2026-07-18T21:06:28.373+0000] {logging_mixin.py:190} INFO - [2026-07-18T21:06:28.372+0000] {dagbag.py:588} INFO - Filling up the DagBag from /home/airflow/.local/lib/python3.12/site-packages/airflow/example_dags/example_dataset_alias_with_no_taskflow.py
[2026-07-18T21:06:29.119+0000] {processor.py:925} INFO - DAG(s) 'dataset_alias_example_alias_producer_with_no_taskflow', 'dataset_s3_bucket_producer_with_no_taskflow', 'dataset_alias_example_alias_consumer_with_no_taskflow', 'dataset_s3_bucket_consumer_with_no_taskflow' retrieved from /home/airflow/.local/lib/python3.12/site-packages/airflow/example_dags/example_dataset_alias_with_no_taskflow.py
[2026-07-18T21:06:29.146+0000] {logging_mixin.py:190} INFO - [2026-07-18T21:06:29.145+0000] {dag.py:3239} INFO - Sync 4 DAGs
[2026-07-18T21:06:29.172+0000] {logging_mixin.py:190} INFO - [2026-07-18T21:06:29.171+0000] {dag.py:4180} INFO - Setting next_dagrun for dataset_alias_example_alias_consumer_with_no_taskflow to None, run_after=None
[2026-07-18T21:06:29.177+0000] {logging_mixin.py:190} INFO - [2026-07-18T21:06:29.176+0000] {dag.py:4180} INFO - Setting next_dagrun for dataset_alias_example_alias_producer_with_no_taskflow to None, run_after=None
[2026-07-18T21:06:29.180+0000] {logging_mixin.py:190} INFO - [2026-07-18T21:06:29.180+0000] {dag.py:4180} INFO - Setting next_dagrun for dataset_s3_bucket_consumer_with_no_taskflow to None, run_after=None
[2026-07-18T21:06:29.183+0000] {logging_mixin.py:190} INFO - [2026-07-18T21:06:29.182+0000] {dag.py:4180} INFO - Setting next_dagrun for dataset_s3_bucket_producer_with_no_taskflow to None, run_after=None
[2026-07-18T21:06:29.246+0000] {processor.py:208} INFO - Processing /home/airflow/.local/lib/python3.12/site-packages/airflow/example_dags/example_dataset_alias_with_no_taskflow.py took 0.893 seconds
[2026-07-18T21:06:59.351+0000] {processor.py:186} INFO - Started process (PID=2168) to work on /home/airflow/.local/lib/python3.12/site-packages/airflow/example_dags/example_dataset_alias_with_no_taskflow.py
[2026-07-18T21:06:59.353+0000] {processor.py:914} INFO - Processing file /home/airflow/.local/lib/python3.12/site-packages/airflow/example_dags/example_dataset_alias_with_no_taskflow.py for tasks to queue
[2026-07-18T21:06:59.357+0000] {logging_mixin.py:190} INFO - [2026-07-18T21:06:59.357+0000] {dagbag.py:588} INFO - Filling up the DagBag from /home/airflow/.local/lib/python3.12/site-packages/airflow/example_dags/example_dataset_alias_with_no_taskflow.py
[2026-07-18T21:07:00.219+0000] {processor.py:925} INFO - DAG(s) 'dataset_alias_example_alias_consumer_with_no_taskflow', 'dataset_s3_bucket_producer_with_no_taskflow', 'dataset_s3_bucket_consumer_with_no_taskflow', 'dataset_alias_example_alias_producer_with_no_taskflow' retrieved from /home/airflow/.local/lib/python3.12/site-packages/airflow/example_dags/example_dataset_alias_with_no_taskflow.py
[2026-07-18T21:07:00.261+0000] {logging_mixin.py:190} INFO - [2026-07-18T21:07:00.260+0000] {dag.py:3239} INFO - Sync 4 DAGs
[2026-07-18T21:07:00.313+0000] {logging_mixin.py:190} INFO - [2026-07-18T21:07:00.312+0000] {dag.py:4180} INFO - Setting next_dagrun for dataset_alias_example_alias_consumer_with_no_taskflow to None, run_after=None
[2026-07-18T21:07:00.321+0000] {logging_mixin.py:190} INFO - [2026-07-18T21:07:00.320+0000] {dag.py:4180} INFO - Setting next_dagrun for dataset_alias_example_alias_producer_with_no_taskflow to None, run_after=None
[2026-07-18T21:07:00.324+0000] {logging_mixin.py:190} INFO - [2026-07-18T21:07:00.324+0000] {dag.py:4180} INFO - Setting next_dagrun for dataset_s3_bucket_consumer_with_no_taskflow to None, run_after=None
[2026-07-18T21:07:00.328+0000] {logging_mixin.py:190} INFO - [2026-07-18T21:07:00.328+0000] {dag.py:4180} INFO - Setting next_dagrun for dataset_s3_bucket_producer_with_no_taskflow to None, run_after=None
[2026-07-18T21:07:00.378+0000] {processor.py:208} INFO - Processing /home/airflow/.local/lib/python3.12/site-packages/airflow/example_dags/example_dataset_alias_with_no_taskflow.py took 1.035 seconds
[2026-07-18T21:07:30.611+0000] {processor.py:186} INFO - Started process (PID=2231) to work on /home/airflow/.local/lib/python3.12/site-packages/airflow/example_dags/example_dataset_alias_with_no_taskflow.py
[2026-07-18T21:07:30.615+0000] {processor.py:914} INFO - Processing file /home/airflow/.local/lib/python3.12/site-packages/airflow/example_dags/example_dataset_alias_with_no_taskflow.py for tasks to queue
[2026-07-18T21:07:30.625+0000] {logging_mixin.py:190} INFO - [2026-07-18T21:07:30.624+0000] {dagbag.py:588} INFO - Filling up the DagBag from /home/airflow/.local/lib/python3.12/site-packages/airflow/example_dags/example_dataset_alias_with_no_taskflow.py
[2026-07-18T21:07:31.588+0000] {processor.py:925} INFO - DAG(s) 'dataset_alias_example_alias_producer_with_no_taskflow', 'dataset_s3_bucket_consumer_with_no_taskflow', 'dataset_s3_bucket_producer_with_no_taskflow', 'dataset_alias_example_alias_consumer_with_no_taskflow' retrieved from /home/airflow/.local/lib/python3.12/site-packages/airflow/example_dags/example_dataset_alias_with_no_taskflow.py
[2026-07-18T21:07:31.633+0000] {logging_mixin.py:190} INFO - [2026-07-18T21:07:31.632+0000] {dag.py:3239} INFO - Sync 4 DAGs
[2026-07-18T21:07:31.684+0000] {logging_mixin.py:190} INFO - [2026-07-18T21:07:31.684+0000] {dag.py:4180} INFO - Setting next_dagrun for dataset_alias_example_alias_consumer_with_no_taskflow to None, run_after=None
[2026-07-18T21:07:31.691+0000] {logging_mixin.py:190} INFO - [2026-07-18T21:07:31.690+0000] {dag.py:4180} INFO - Setting next_dagrun for dataset_alias_example_alias_producer_with_no_taskflow to None, run_after=None
[2026-07-18T21:07:31.695+0000] {logging_mixin.py:190} INFO - [2026-07-18T21:07:31.694+0000] {dag.py:4180} INFO - Setting next_dagrun for dataset_s3_bucket_consumer_with_no_taskflow to None, run_after=None
[2026-07-18T21:07:31.699+0000] {logging_mixin.py:190} INFO - [2026-07-18T21:07:31.699+0000] {dag.py:4180} INFO - Setting next_dagrun for dataset_s3_bucket_producer_with_no_taskflow to None, run_after=None
[2026-07-18T21:07:31.785+0000] {processor.py:208} INFO - Processing /home/airflow/.local/lib/python3.12/site-packages/airflow/example_dags/example_dataset_alias_with_no_taskflow.py took 1.195 seconds
[2026-07-18T21:08:02.278+0000] {processor.py:186} INFO - Started process (PID=2294) to work on /home/airflow/.local/lib/python3.12/site-packages/airflow/example_dags/example_dataset_alias_with_no_taskflow.py
[2026-07-18T21:08:02.282+0000] {processor.py:914} INFO - Processing file /home/airflow/.local/lib/python3.12/site-packages/airflow/example_dags/example_dataset_alias_with_no_taskflow.py for tasks to queue
[2026-07-18T21:08:02.291+0000] {logging_mixin.py:190} INFO - [2026-07-18T21:08:02.290+0000] {dagbag.py:588} INFO - Filling up the DagBag from /home/airflow/.local/lib/python3.12/site-packages/airflow/example_dags/example_dataset_alias_with_no_taskflow.py
[2026-07-18T21:08:03.556+0000] {processor.py:925} INFO - DAG(s) 'dataset_s3_bucket_producer_with_no_taskflow', 'dataset_s3_bucket_consumer_with_no_taskflow', 'dataset_alias_example_alias_consumer_with_no_taskflow', 'dataset_alias_example_alias_producer_with_no_taskflow' retrieved from /home/airflow/.local/lib/python3.12/site-packages/airflow/example_dags/example_dataset_alias_with_no_taskflow.py
[2026-07-18T21:08:03.588+0000] {logging_mixin.py:190} INFO - [2026-07-18T21:08:03.587+0000] {dag.py:3239} INFO - Sync 4 DAGs
[2026-07-18T21:08:03.620+0000] {logging_mixin.py:190} INFO - [2026-07-18T21:08:03.620+0000] {dag.py:4180} INFO - Setting next_dagrun for dataset_alias_example_alias_consumer_with_no_taskflow to None, run_after=None
[2026-07-18T21:08:03.628+0000] {logging_mixin.py:190} INFO - [2026-07-18T21:08:03.628+0000] {dag.py:4180} INFO - Setting next_dagrun for dataset_alias_example_alias_producer_with_no_taskflow to None, run_after=None
[2026-07-18T21:08:03.633+0000] {logging_mixin.py:190} INFO - [2026-07-18T21:08:03.633+0000] {dag.py:4180} INFO - Setting next_dagrun for dataset_s3_bucket_consumer_with_no_taskflow to None, run_after=None
[2026-07-18T21:08:03.637+0000] {logging_mixin.py:190} INFO - [2026-07-18T21:08:03.637+0000] {dag.py:4180} INFO - Setting next_dagrun for dataset_s3_bucket_producer_with_no_taskflow to None, run_after=None
[2026-07-18T21:08:03.677+0000] {processor.py:208} INFO - Processing /home/airflow/.local/lib/python3.12/site-packages/airflow/example_dags/example_dataset_alias_with_no_taskflow.py took 1.417 seconds
[2026-07-18T21:16:35.529+0000] {processor.py:186} INFO - Started process (PID=2401) to work on /home/airflow/.local/lib/python3.12/site-packages/airflow/example_dags/example_dataset_alias_with_no_taskflow.py
[2026-07-18T21:16:35.532+0000] {processor.py:914} INFO - Processing file /home/airflow/.local/lib/python3.12/site-packages/airflow/example_dags/example_dataset_alias_with_no_taskflow.py for tasks to queue
[2026-07-18T21:16:35.538+0000] {logging_mixin.py:190} INFO - [2026-07-18T21:16:35.537+0000] {dagbag.py:588} INFO - Filling up the DagBag from /home/airflow/.local/lib/python3.12/site-packages/airflow/example_dags/example_dataset_alias_with_no_taskflow.py
[2026-07-18T21:16:37.096+0000] {processor.py:925} INFO - DAG(s) 'dataset_s3_bucket_consumer_with_no_taskflow', 'dataset_alias_example_alias_consumer_with_no_taskflow', 'dataset_alias_example_alias_producer_with_no_taskflow', 'dataset_s3_bucket_producer_with_no_taskflow' retrieved from /home/airflow/.local/lib/python3.12/site-packages/airflow/example_dags/example_dataset_alias_with_no_taskflow.py
[2026-07-18T21:16:37.153+0000] {logging_mixin.py:190} INFO - [2026-07-18T21:16:37.152+0000] {dag.py:3239} INFO - Sync 4 DAGs
[2026-07-18T21:16:37.190+0000] {logging_mixin.py:190} INFO - [2026-07-18T21:16:37.190+0000] {dag.py:4180} INFO - Setting next_dagrun for dataset_alias_example_alias_consumer_with_no_taskflow to None, run_after=None
[2026-07-18T21:16:37.199+0000] {logging_mixin.py:190} INFO - [2026-07-18T21:16:37.198+0000] {dag.py:4180} INFO - Setting next_dagrun for dataset_alias_example_alias_producer_with_no_taskflow to None, run_after=None
[2026-07-18T21:16:37.205+0000] {logging_mixin.py:190} INFO - [2026-07-18T21:16:37.204+0000] {dag.py:4180} INFO - Setting next_dagrun for dataset_s3_bucket_consumer_with_no_taskflow to None, run_after=None
[2026-07-18T21:16:37.208+0000] {logging_mixin.py:190} INFO - [2026-07-18T21:16:37.208+0000] {dag.py:4180} INFO - Setting next_dagrun for dataset_s3_bucket_producer_with_no_taskflow to None, run_after=None
[2026-07-18T21:16:37.250+0000] {processor.py:208} INFO - Processing /home/airflow/.local/lib/python3.12/site-packages/airflow/example_dags/example_dataset_alias_with_no_taskflow.py took 1.733 seconds
[2026-07-18T21:17:07.405+0000] {processor.py:186} INFO - Started process (PID=2468) to work on /home/airflow/.local/lib/python3.12/site-packages/airflow/example_dags/example_dataset_alias_with_no_taskflow.py
[2026-07-18T21:17:07.408+0000] {processor.py:914} INFO - Processing file /home/airflow/.local/lib/python3.12/site-packages/airflow/example_dags/example_dataset_alias_with_no_taskflow.py for tasks to queue
[2026-07-18T21:17:07.415+0000] {logging_mixin.py:190} INFO - [2026-07-18T21:17:07.414+0000] {dagbag.py:588} INFO - Filling up the DagBag from /home/airflow/.local/lib/python3.12/site-packages/airflow/example_dags/example_dataset_alias_with_no_taskflow.py
[2026-07-18T21:17:08.391+0000] {processor.py:925} INFO - DAG(s) 'dataset_alias_example_alias_producer_with_no_taskflow', 'dataset_s3_bucket_producer_with_no_taskflow', 'dataset_s3_bucket_consumer_with_no_taskflow', 'dataset_alias_example_alias_consumer_with_no_taskflow' retrieved from /home/airflow/.local/lib/python3.12/site-packages/airflow/example_dags/example_dataset_alias_with_no_taskflow.py
[2026-07-18T21:17:08.431+0000] {logging_mixin.py:190} INFO - [2026-07-18T21:17:08.429+0000] {dag.py:3239} INFO - Sync 4 DAGs
[2026-07-18T21:17:08.474+0000] {logging_mixin.py:190} INFO - [2026-07-18T21:17:08.474+0000] {dag.py:4180} INFO - Setting next_dagrun for dataset_alias_example_alias_consumer_with_no_taskflow to None, run_after=None
[2026-07-18T21:17:08.480+0000] {logging_mixin.py:190} INFO - [2026-07-18T21:17:08.479+0000] {dag.py:4180} INFO - Setting next_dagrun for dataset_alias_example_alias_producer_with_no_taskflow to None, run_after=None
[2026-07-18T21:17:08.484+0000] {logging_mixin.py:190} INFO - [2026-07-18T21:17:08.483+0000] {dag.py:4180} INFO - Setting next_dagrun for dataset_s3_bucket_consumer_with_no_taskflow to None, run_after=None
[2026-07-18T21:17:08.488+0000] {logging_mixin.py:190} INFO - [2026-07-18T21:17:08.487+0000] {dag.py:4180} INFO - Setting next_dagrun for dataset_s3_bucket_producer_with_no_taskflow to None, run_after=None
[2026-07-18T21:17:08.526+0000] {processor.py:208} INFO - Processing /home/airflow/.local/lib/python3.12/site-packages/airflow/example_dags/example_dataset_alias_with_no_taskflow.py took 1.137 seconds
[2026-07-18T21:17:39.014+0000] {processor.py:186} INFO - Started process (PID=2532) to work on /home/airflow/.local/lib/python3.12/site-packages/airflow/example_dags/example_dataset_alias_with_no_taskflow.py
[2026-07-18T21:17:39.018+0000] {processor.py:914} INFO - Processing file /home/airflow/.local/lib/python3.12/site-packages/airflow/example_dags/example_dataset_alias_with_no_taskflow.py for tasks to queue
[2026-07-18T21:17:39.028+0000] {logging_mixin.py:190} INFO - [2026-07-18T21:17:39.027+0000] {dagbag.py:588} INFO - Filling up the DagBag from /home/airflow/.local/lib/python3.12/site-packages/airflow/example_dags/example_dataset_alias_with_no_taskflow.py
[2026-07-18T21:17:40.280+0000] {processor.py:925} INFO - DAG(s) 'dataset_s3_bucket_producer_with_no_taskflow', 'dataset_alias_example_alias_producer_with_no_taskflow', 'dataset_alias_example_alias_consumer_with_no_taskflow', 'dataset_s3_bucket_consumer_with_no_taskflow' retrieved from /home/airflow/.local/lib/python3.12/site-packages/airflow/example_dags/example_dataset_alias_with_no_taskflow.py
[2026-07-18T21:17:40.329+0000] {logging_mixin.py:190} INFO - [2026-07-18T21:17:40.327+0000] {dag.py:3239} INFO - Sync 4 DAGs
[2026-07-18T21:17:40.375+0000] {logging_mixin.py:190} INFO - [2026-07-18T21:17:40.374+0000] {dag.py:4180} INFO - Setting next_dagrun for dataset_alias_example_alias_consumer_with_no_taskflow to None, run_after=None
[2026-07-18T21:17:40.383+0000] {logging_mixin.py:190} INFO - [2026-07-18T21:17:40.383+0000] {dag.py:4180} INFO - Setting next_dagrun for dataset_alias_example_alias_producer_with_no_taskflow to None, run_after=None
[2026-07-18T21:17:40.389+0000] {logging_mixin.py:190} INFO - [2026-07-18T21:17:40.388+0000] {dag.py:4180} INFO - Setting next_dagrun for dataset_s3_bucket_consumer_with_no_taskflow to None, run_after=None
[2026-07-18T21:17:40.395+0000] {logging_mixin.py:190} INFO - [2026-07-18T21:17:40.394+0000] {dag.py:4180} INFO - Setting next_dagrun for dataset_s3_bucket_producer_with_no_taskflow to None, run_after=None
[2026-07-18T21:17:40.447+0000] {processor.py:208} INFO - Processing /home/airflow/.local/lib/python3.12/site-packages/airflow/example_dags/example_dataset_alias_with_no_taskflow.py took 1.456 seconds
[2026-07-18T21:18:10.974+0000] {processor.py:186} INFO - Started process (PID=2595) to work on /home/airflow/.local/lib/python3.12/site-packages/airflow/example_dags/example_dataset_alias_with_no_taskflow.py
[2026-07-18T21:18:10.977+0000] {processor.py:914} INFO - Processing file /home/airflow/.local/lib/python3.12/site-packages/airflow/example_dags/example_dataset_alias_with_no_taskflow.py for tasks to queue
[2026-07-18T21:18:10.983+0000] {logging_mixin.py:190} INFO - [2026-07-18T21:18:10.982+0000] {dagbag.py:588} INFO - Filling up the DagBag from /home/airflow/.local/lib/python3.12/site-packages/airflow/example_dags/example_dataset_alias_with_no_taskflow.py
[2026-07-18T21:18:12.029+0000] {processor.py:925} INFO - DAG(s) 'dataset_alias_example_alias_consumer_with_no_taskflow', 'dataset_s3_bucket_consumer_with_no_taskflow', 'dataset_s3_bucket_producer_with_no_taskflow', 'dataset_alias_example_alias_producer_with_no_taskflow' retrieved from /home/airflow/.local/lib/python3.12/site-packages/airflow/example_dags/example_dataset_alias_with_no_taskflow.py
[2026-07-18T21:18:12.078+0000] {logging_mixin.py:190} INFO - [2026-07-18T21:18:12.076+0000] {dag.py:3239} INFO - Sync 4 DAGs
[2026-07-18T21:18:12.130+0000] {logging_mixin.py:190} INFO - [2026-07-18T21:18:12.129+0000] {dag.py:4180} INFO - Setting next_dagrun for dataset_alias_example_alias_consumer_with_no_taskflow to None, run_after=None
[2026-07-18T21:18:12.138+0000] {logging_mixin.py:190} INFO - [2026-07-18T21:18:12.138+0000] {dag.py:4180} INFO - Setting next_dagrun for dataset_alias_example_alias_producer_with_no_taskflow to None, run_after=None
[2026-07-18T21:18:12.143+0000] {logging_mixin.py:190} INFO - [2026-07-18T21:18:12.143+0000] {dag.py:4180} INFO - Setting next_dagrun for dataset_s3_bucket_consumer_with_no_taskflow to None, run_after=None
[2026-07-18T21:18:12.148+0000] {logging_mixin.py:190} INFO - [2026-07-18T21:18:12.148+0000] {dag.py:4180} INFO - Setting next_dagrun for dataset_s3_bucket_producer_with_no_taskflow to None, run_after=None
[2026-07-18T21:18:12.192+0000] {processor.py:208} INFO - Processing /home/airflow/.local/lib/python3.12/site-packages/airflow/example_dags/example_dataset_alias_with_no_taskflow.py took 1.235 seconds
[2026-07-18T21:18:42.756+0000] {processor.py:186} INFO - Started process (PID=2658) to work on /home/airflow/.local/lib/python3.12/site-packages/airflow/example_dags/example_dataset_alias_with_no_taskflow.py
[2026-07-18T21:18:42.759+0000] {processor.py:914} INFO - Processing file /home/airflow/.local/lib/python3.12/site-packages/airflow/example_dags/example_dataset_alias_with_no_taskflow.py for tasks to queue
[2026-07-18T21:18:42.766+0000] {logging_mixin.py:190} INFO - [2026-07-18T21:18:42.765+0000] {dagbag.py:588} INFO - Filling up the DagBag from /home/airflow/.local/lib/python3.12/site-packages/airflow/example_dags/example_dataset_alias_with_no_taskflow.py
[2026-07-18T21:18:43.634+0000] {processor.py:925} INFO - DAG(s) 'dataset_s3_bucket_producer_with_no_taskflow', 'dataset_alias_example_alias_producer_with_no_taskflow', 'dataset_s3_bucket_consumer_with_no_taskflow', 'dataset_alias_example_alias_consumer_with_no_taskflow' retrieved from /home/airflow/.local/lib/python3.12/site-packages/airflow/example_dags/example_dataset_alias_with_no_taskflow.py
[2026-07-18T21:18:43.688+0000] {logging_mixin.py:190} INFO - [2026-07-18T21:18:43.688+0000] {dag.py:3239} INFO - Sync 4 DAGs
[2026-07-18T21:18:43.742+0000] {logging_mixin.py:190} INFO - [2026-07-18T21:18:43.742+0000] {dag.py:4180} INFO - Setting next_dagrun for dataset_alias_example_alias_consumer_with_no_taskflow to None, run_after=None
[2026-07-18T21:18:43.752+0000] {logging_mixin.py:190} INFO - [2026-07-18T21:18:43.751+0000] {dag.py:4180} INFO - Setting next_dagrun for dataset_alias_example_alias_producer_with_no_taskflow to None, run_after=None
[2026-07-18T21:18:43.758+0000] {logging_mixin.py:190} INFO - [2026-07-18T21:18:43.758+0000] {dag.py:4180} INFO - Setting next_dagrun for dataset_s3_bucket_consumer_with_no_taskflow to None, run_after=None
[2026-07-18T21:18:43.764+0000] {logging_mixin.py:190} INFO - [2026-07-18T21:18:43.764+0000] {dag.py:4180} INFO - Setting next_dagrun for dataset_s3_bucket_producer_with_no_taskflow to None, run_after=None
[2026-07-18T21:18:43.810+0000] {processor.py:208} INFO - Processing /home/airflow/.local/lib/python3.12/site-packages/airflow/example_dags/example_dataset_alias_with_no_taskflow.py took 1.064 seconds
[2026-07-18T21:19:14.508+0000] {processor.py:186} INFO - Started process (PID=2721) to work on /home/airflow/.local/lib/python3.12/site-packages/airflow/example_dags/example_dataset_alias_with_no_taskflow.py
[2026-07-18T21:19:14.511+0000] {processor.py:914} INFO - Processing file /home/airflow/.local/lib/python3.12/site-packages/airflow/example_dags/example_dataset_alias_with_no_taskflow.py for tasks to queue
[2026-07-18T21:19:14.516+0000] {logging_mixin.py:190} INFO - [2026-07-18T21:19:14.516+0000] {dagbag.py:588} INFO - Filling up the DagBag from /home/airflow/.local/lib/python3.12/site-packages/airflow/example_dags/example_dataset_alias_with_no_taskflow.py
[2026-07-18T21:19:15.632+0000] {processor.py:925} INFO - DAG(s) 'dataset_s3_bucket_producer_with_no_taskflow', 'dataset_s3_bucket_consumer_with_no_taskflow', 'dataset_alias_example_alias_producer_with_no_taskflow', 'dataset_alias_example_alias_consumer_with_no_taskflow' retrieved from /home/airflow/.local/lib/python3.12/site-packages/airflow/example_dags/example_dataset_alias_with_no_taskflow.py
[2026-07-18T21:19:15.665+0000] {logging_mixin.py:190} INFO - [2026-07-18T21:19:15.664+0000] {dag.py:3239} INFO - Sync 4 DAGs
[2026-07-18T21:19:15.699+0000] {logging_mixin.py:190} INFO - [2026-07-18T21:19:15.698+0000] {dag.py:4180} INFO - Setting next_dagrun for dataset_alias_example_alias_consumer_with_no_taskflow to None, run_after=None
[2026-07-18T21:19:15.703+0000] {logging_mixin.py:190} INFO - [2026-07-18T21:19:15.703+0000] {dag.py:4180} INFO - Setting next_dagrun for dataset_alias_example_alias_producer_with_no_taskflow to None, run_after=None
[2026-07-18T21:19:15.707+0000] {logging_mixin.py:190} INFO - [2026-07-18T21:19:15.707+0000] {dag.py:4180} INFO - Setting next_dagrun for dataset_s3_bucket_consumer_with_no_taskflow to None, run_after=None
[2026-07-18T21:19:15.710+0000] {logging_mixin.py:190} INFO - [2026-07-18T21:19:15.710+0000] {dag.py:4180} INFO - Setting next_dagrun for dataset_s3_bucket_producer_with_no_taskflow to None, run_after=None
[2026-07-18T21:19:15.741+0000] {processor.py:208} INFO - Processing /home/airflow/.local/lib/python3.12/site-packages/airflow/example_dags/example_dataset_alias_with_no_taskflow.py took 1.244 seconds
[2026-07-18T21:19:46.306+0000] {processor.py:186} INFO - Started process (PID=2784) to work on /home/airflow/.local/lib/python3.12/site-packages/airflow/example_dags/example_dataset_alias_with_no_taskflow.py
[2026-07-18T21:19:46.309+0000] {processor.py:914} INFO - Processing file /home/airflow/.local/lib/python3.12/site-packages/airflow/example_dags/example_dataset_alias_with_no_taskflow.py for tasks to queue
[2026-07-18T21:19:46.315+0000] {logging_mixin.py:190} INFO - [2026-07-18T21:19:46.314+0000] {dagbag.py:588} INFO - Filling up the DagBag from /home/airflow/.local/lib/python3.12/site-packages/airflow/example_dags/example_dataset_alias_with_no_taskflow.py
[2026-07-18T21:19:47.387+0000] {processor.py:925} INFO - DAG(s) 'dataset_alias_example_alias_consumer_with_no_taskflow', 'dataset_s3_bucket_consumer_with_no_taskflow', 'dataset_alias_example_alias_producer_with_no_taskflow', 'dataset_s3_bucket_producer_with_no_taskflow' retrieved from /home/airflow/.local/lib/python3.12/site-packages/airflow/example_dags/example_dataset_alias_with_no_taskflow.py
[2026-07-18T21:19:47.443+0000] {logging_mixin.py:190} INFO - [2026-07-18T21:19:47.441+0000] {dag.py:3239} INFO - Sync 4 DAGs
[2026-07-18T21:19:47.503+0000] {logging_mixin.py:190} INFO - [2026-07-18T21:19:47.502+0000] {dag.py:4180} INFO - Setting next_dagrun for dataset_alias_example_alias_consumer_with_no_taskflow to None, run_after=None
[2026-07-18T21:19:47.513+0000] {logging_mixin.py:190} INFO - [2026-07-18T21:19:47.512+0000] {dag.py:4180} INFO - Setting next_dagrun for dataset_alias_example_alias_producer_with_no_taskflow to None, run_after=None
[2026-07-18T21:19:47.519+0000] {logging_mixin.py:190} INFO - [2026-07-18T21:19:47.518+0000] {dag.py:4180} INFO - Setting next_dagrun for dataset_s3_bucket_consumer_with_no_taskflow to None, run_after=None
[2026-07-18T21:19:47.525+0000] {logging_mixin.py:190} INFO - [2026-07-18T21:19:47.524+0000] {dag.py:4180} INFO - Setting next_dagrun for dataset_s3_bucket_producer_with_no_taskflow to None, run_after=None
[2026-07-18T21:19:47.583+0000] {processor.py:208} INFO - Processing /home/airflow/.local/lib/python3.12/site-packages/airflow/example_dags/example_dataset_alias_with_no_taskflow.py took 1.288 seconds
[2026-07-18T21:20:17.668+0000] {processor.py:186} INFO - Started process (PID=2847) to work on /home/airflow/.local/lib/python3.12/site-packages/airflow/example_dags/example_dataset_alias_with_no_taskflow.py
[2026-07-18T21:20:17.671+0000] {processor.py:914} INFO - Processing file /home/airflow/.local/lib/python3.12/site-packages/airflow/example_dags/example_dataset_alias_with_no_taskflow.py for tasks to queue
[2026-07-18T21:20:17.676+0000] {logging_mixin.py:190} INFO - [2026-07-18T21:20:17.676+0000] {dagbag.py:588} INFO - Filling up the DagBag from /home/airflow/.local/lib/python3.12/site-packages/airflow/example_dags/example_dataset_alias_with_no_taskflow.py
[2026-07-18T21:20:18.675+0000] {processor.py:925} INFO - DAG(s) 'dataset_s3_bucket_producer_with_no_taskflow', 'dataset_alias_example_alias_producer_with_no_taskflow', 'dataset_s3_bucket_consumer_with_no_taskflow', 'dataset_alias_example_alias_consumer_with_no_taskflow' retrieved from /home/airflow/.local/lib/python3.12/site-packages/airflow/example_dags/example_dataset_alias_with_no_taskflow.py
[2026-07-18T21:20:18.711+0000] {logging_mixin.py:190} INFO - [2026-07-18T21:20:18.710+0000] {dag.py:3239} INFO - Sync 4 DAGs
[2026-07-18T21:20:18.740+0000] {logging_mixin.py:190} INFO - [2026-07-18T21:20:18.739+0000] {dag.py:4180} INFO - Setting next_dagrun for dataset_alias_example_alias_consumer_with_no_taskflow to None, run_after=None
[2026-07-18T21:20:18.744+0000] {logging_mixin.py:190} INFO - [2026-07-18T21:20:18.744+0000] {dag.py:4180} INFO - Setting next_dagrun for dataset_alias_example_alias_producer_with_no_taskflow to None, run_after=None
[2026-07-18T21:20:18.748+0000] {logging_mixin.py:190} INFO - [2026-07-18T21:20:18.747+0000] {dag.py:4180} INFO - Setting next_dagrun for dataset_s3_bucket_consumer_with_no_taskflow to None, run_after=None
[2026-07-18T21:20:18.751+0000] {logging_mixin.py:190} INFO - [2026-07-18T21:20:18.751+0000] {dag.py:4180} INFO - Setting next_dagrun for dataset_s3_bucket_producer_with_no_taskflow to None, run_after=None
[2026-07-18T21:20:18.779+0000] {processor.py:208} INFO - Processing /home/airflow/.local/lib/python3.12/site-packages/airflow/example_dags/example_dataset_alias_with_no_taskflow.py took 1.121 seconds
[2026-07-18T21:20:49.453+0000] {processor.py:186} INFO - Started process (PID=2910) to work on /home/airflow/.local/lib/python3.12/site-packages/airflow/example_dags/example_dataset_alias_with_no_taskflow.py
[2026-07-18T21:20:49.455+0000] {processor.py:914} INFO - Processing file /home/airflow/.local/lib/python3.12/site-packages/airflow/example_dags/example_dataset_alias_with_no_taskflow.py for tasks to queue
[2026-07-18T21:20:49.461+0000] {logging_mixin.py:190} INFO - [2026-07-18T21:20:49.461+0000] {dagbag.py:588} INFO - Filling up the DagBag from /home/airflow/.local/lib/python3.12/site-packages/airflow/example_dags/example_dataset_alias_with_no_taskflow.py
[2026-07-18T21:20:50.484+0000] {processor.py:925} INFO - DAG(s) 'dataset_alias_example_alias_consumer_with_no_taskflow', 'dataset_s3_bucket_consumer_with_no_taskflow', 'dataset_s3_bucket_producer_with_no_taskflow', 'dataset_alias_example_alias_producer_with_no_taskflow' retrieved from /home/airflow/.local/lib/python3.12/site-packages/airflow/example_dags/example_dataset_alias_with_no_taskflow.py
[2026-07-18T21:20:50.516+0000] {logging_mixin.py:190} INFO - [2026-07-18T21:20:50.516+0000] {dag.py:3239} INFO - Sync 4 DAGs
[2026-07-18T21:20:50.545+0000] {logging_mixin.py:190} INFO - [2026-07-18T21:20:50.545+0000] {dag.py:4180} INFO - Setting next_dagrun for dataset_alias_example_alias_consumer_with_no_taskflow to None, run_after=None
[2026-07-18T21:20:50.553+0000] {logging_mixin.py:190} INFO - [2026-07-18T21:20:50.552+0000] {dag.py:4180} INFO - Setting next_dagrun for dataset_alias_example_alias_producer_with_no_taskflow to None, run_after=None
[2026-07-18T21:20:50.559+0000] {logging_mixin.py:190} INFO - [2026-07-18T21:20:50.559+0000] {dag.py:4180} INFO - Setting next_dagrun for dataset_s3_bucket_consumer_with_no_taskflow to None, run_after=None
[2026-07-18T21:20:50.564+0000] {logging_mixin.py:190} INFO - [2026-07-18T21:20:50.563+0000] {dag.py:4180} INFO - Setting next_dagrun for dataset_s3_bucket_producer_with_no_taskflow to None, run_after=None
[2026-07-18T21:20:50.654+0000] {processor.py:208} INFO - Processing /home/airflow/.local/lib/python3.12/site-packages/airflow/example_dags/example_dataset_alias_with_no_taskflow.py took 1.214 seconds
[2026-07-18T21:21:21.479+0000] {processor.py:186} INFO - Started process (PID=2973) to work on /home/airflow/.local/lib/python3.12/site-packages/airflow/example_dags/example_dataset_alias_with_no_taskflow.py
[2026-07-18T21:21:21.483+0000] {processor.py:914} INFO - Processing file /home/airflow/.local/lib/python3.12/site-packages/airflow/example_dags/example_dataset_alias_with_no_taskflow.py for tasks to queue
[2026-07-18T21:21:21.489+0000] {logging_mixin.py:190} INFO - [2026-07-18T21:21:21.488+0000] {dagbag.py:588} INFO - Filling up the DagBag from /home/airflow/.local/lib/python3.12/site-packages/airflow/example_dags/example_dataset_alias_with_no_taskflow.py
[2026-07-18T21:21:22.442+0000] {processor.py:925} INFO - DAG(s) 'dataset_alias_example_alias_consumer_with_no_taskflow', 'dataset_s3_bucket_consumer_with_no_taskflow', 'dataset_alias_example_alias_producer_with_no_taskflow', 'dataset_s3_bucket_producer_with_no_taskflow' retrieved from /home/airflow/.local/lib/python3.12/site-packages/airflow/example_dags/example_dataset_alias_with_no_taskflow.py
[2026-07-18T21:21:22.478+0000] {logging_mixin.py:190} INFO - [2026-07-18T21:21:22.477+0000] {dag.py:3239} INFO - Sync 4 DAGs
[2026-07-18T21:21:22.518+0000] {logging_mixin.py:190} INFO - [2026-07-18T21:21:22.517+0000] {dag.py:4180} INFO - Setting next_dagrun for dataset_alias_example_alias_consumer_with_no_taskflow to None, run_after=None
[2026-07-18T21:21:22.523+0000] {logging_mixin.py:190} INFO - [2026-07-18T21:21:22.523+0000] {dag.py:4180} INFO - Setting next_dagrun for dataset_alias_example_alias_producer_with_no_taskflow to None, run_after=None
[2026-07-18T21:21:22.527+0000] {logging_mixin.py:190} INFO - [2026-07-18T21:21:22.527+0000] {dag.py:4180} INFO - Setting next_dagrun for dataset_s3_bucket_consumer_with_no_taskflow to None, run_after=None
[2026-07-18T21:21:22.531+0000] {logging_mixin.py:190} INFO - [2026-07-18T21:21:22.530+0000] {dag.py:4180} INFO - Setting next_dagrun for dataset_s3_bucket_producer_with_no_taskflow to None, run_after=None
[2026-07-18T21:21:22.617+0000] {processor.py:208} INFO - Processing /home/airflow/.local/lib/python3.12/site-packages/airflow/example_dags/example_dataset_alias_with_no_taskflow.py took 1.153 seconds
[2026-07-18T21:21:53.063+0000] {processor.py:186} INFO - Started process (PID=3036) to work on /home/airflow/.local/lib/python3.12/site-packages/airflow/example_dags/example_dataset_alias_with_no_taskflow.py
[2026-07-18T21:21:53.065+0000] {processor.py:914} INFO - Processing file /home/airflow/.local/lib/python3.12/site-packages/airflow/example_dags/example_dataset_alias_with_no_taskflow.py for tasks to queue
[2026-07-18T21:21:53.071+0000] {logging_mixin.py:190} INFO - [2026-07-18T21:21:53.071+0000] {dagbag.py:588} INFO - Filling up the DagBag from /home/airflow/.local/lib/python3.12/site-packages/airflow/example_dags/example_dataset_alias_with_no_taskflow.py
[2026-07-18T21:21:54.401+0000] {processor.py:925} INFO - DAG(s) 'dataset_alias_example_alias_consumer_with_no_taskflow', 'dataset_s3_bucket_producer_with_no_taskflow', 'dataset_s3_bucket_consumer_with_no_taskflow', 'dataset_alias_example_alias_producer_with_no_taskflow' retrieved from /home/airflow/.local/lib/python3.12/site-packages/airflow/example_dags/example_dataset_alias_with_no_taskflow.py
[2026-07-18T21:21:54.502+0000] {logging_mixin.py:190} INFO - [2026-07-18T21:21:54.501+0000] {dag.py:3239} INFO - Sync 4 DAGs
[2026-07-18T21:21:54.546+0000] {logging_mixin.py:190} INFO - [2026-07-18T21:21:54.545+0000] {dag.py:4180} INFO - Setting next_dagrun for dataset_alias_example_alias_consumer_with_no_taskflow to None, run_after=None
[2026-07-18T21:21:54.553+0000] {logging_mixin.py:190} INFO - [2026-07-18T21:21:54.552+0000] {dag.py:4180} INFO - Setting next_dagrun for dataset_alias_example_alias_producer_with_no_taskflow to None, run_after=None
[2026-07-18T21:21:54.557+0000] {logging_mixin.py:190} INFO - [2026-07-18T21:21:54.556+0000] {dag.py:4180} INFO - Setting next_dagrun for dataset_s3_bucket_consumer_with_no_taskflow to None, run_after=None
[2026-07-18T21:21:54.562+0000] {logging_mixin.py:190} INFO - [2026-07-18T21:21:54.561+0000] {dag.py:4180} INFO - Setting next_dagrun for dataset_s3_bucket_producer_with_no_taskflow to None, run_after=None
[2026-07-18T21:21:54.607+0000] {processor.py:208} INFO - Processing /home/airflow/.local/lib/python3.12/site-packages/airflow/example_dags/example_dataset_alias_with_no_taskflow.py took 1.556 seconds
[2026-07-18T21:22:25.333+0000] {processor.py:186} INFO - Started process (PID=3105) to work on /home/airflow/.local/lib/python3.12/site-packages/airflow/example_dags/example_dataset_alias_with_no_taskflow.py
[2026-07-18T21:22:25.336+0000] {processor.py:914} INFO - Processing file /home/airflow/.local/lib/python3.12/site-packages/airflow/example_dags/example_dataset_alias_with_no_taskflow.py for tasks to queue
[2026-07-18T21:22:25.341+0000] {logging_mixin.py:190} INFO - [2026-07-18T21:22:25.341+0000] {dagbag.py:588} INFO - Filling up the DagBag from /home/airflow/.local/lib/python3.12/site-packages/airflow/example_dags/example_dataset_alias_with_no_taskflow.py
[2026-07-18T21:22:26.441+0000] {processor.py:925} INFO - DAG(s) 'dataset_alias_example_alias_producer_with_no_taskflow', 'dataset_s3_bucket_consumer_with_no_taskflow', 'dataset_s3_bucket_producer_with_no_taskflow', 'dataset_alias_example_alias_consumer_with_no_taskflow' retrieved from /home/airflow/.local/lib/python3.12/site-packages/airflow/example_dags/example_dataset_alias_with_no_taskflow.py
[2026-07-18T21:22:26.483+0000] {logging_mixin.py:190} INFO - [2026-07-18T21:22:26.482+0000] {dag.py:3239} INFO - Sync 4 DAGs
[2026-07-18T21:22:26.528+0000] {logging_mixin.py:190} INFO - [2026-07-18T21:22:26.527+0000] {dag.py:4180} INFO - Setting next_dagrun for dataset_alias_example_alias_consumer_with_no_taskflow to None, run_after=None
[2026-07-18T21:22:26.535+0000] {logging_mixin.py:190} INFO - [2026-07-18T21:22:26.535+0000] {dag.py:4180} INFO - Setting next_dagrun for dataset_alias_example_alias_producer_with_no_taskflow to None, run_after=None
[2026-07-18T21:22:26.539+0000] {logging_mixin.py:190} INFO - [2026-07-18T21:22:26.539+0000] {dag.py:4180} INFO - Setting next_dagrun for dataset_s3_bucket_consumer_with_no_taskflow to None, run_after=None
[2026-07-18T21:22:26.544+0000] {logging_mixin.py:190} INFO - [2026-07-18T21:22:26.543+0000] {dag.py:4180} INFO - Setting next_dagrun for dataset_s3_bucket_producer_with_no_taskflow to None, run_after=None
[2026-07-18T21:22:26.592+0000] {processor.py:208} INFO - Processing /home/airflow/.local/lib/python3.12/site-packages/airflow/example_dags/example_dataset_alias_with_no_taskflow.py took 1.273 seconds
[2026-07-18T21:26:03.008+0000] {processor.py:186} INFO - Started process (PID=153) to work on /home/airflow/.local/lib/python3.12/site-packages/airflow/example_dags/example_dataset_alias_with_no_taskflow.py
[2026-07-18T21:26:03.011+0000] {processor.py:914} INFO - Processing file /home/airflow/.local/lib/python3.12/site-packages/airflow/example_dags/example_dataset_alias_with_no_taskflow.py for tasks to queue
[2026-07-18T21:26:03.016+0000] {logging_mixin.py:190} INFO - [2026-07-18T21:26:03.015+0000] {dagbag.py:588} INFO - Filling up the DagBag from /home/airflow/.local/lib/python3.12/site-packages/airflow/example_dags/example_dataset_alias_with_no_taskflow.py
[2026-07-18T21:26:04.131+0000] {processor.py:925} INFO - DAG(s) 'dataset_alias_example_alias_producer_with_no_taskflow', 'dataset_s3_bucket_producer_with_no_taskflow', 'dataset_s3_bucket_consumer_with_no_taskflow', 'dataset_alias_example_alias_consumer_with_no_taskflow' retrieved from /home/airflow/.local/lib/python3.12/site-packages/airflow/example_dags/example_dataset_alias_with_no_taskflow.py
[2026-07-18T21:26:04.167+0000] {logging_mixin.py:190} INFO - [2026-07-18T21:26:04.166+0000] {dag.py:3239} INFO - Sync 4 DAGs
[2026-07-18T21:26:04.203+0000] {logging_mixin.py:190} INFO - [2026-07-18T21:26:04.203+0000] {dag.py:4180} INFO - Setting next_dagrun for dataset_alias_example_alias_consumer_with_no_taskflow to None, run_after=None
[2026-07-18T21:26:04.208+0000] {logging_mixin.py:190} INFO - [2026-07-18T21:26:04.207+0000] {dag.py:4180} INFO - Setting next_dagrun for dataset_alias_example_alias_producer_with_no_taskflow to None, run_after=None
[2026-07-18T21:26:04.211+0000] {logging_mixin.py:190} INFO - [2026-07-18T21:26:04.211+0000] {dag.py:4180} INFO - Setting next_dagrun for dataset_s3_bucket_consumer_with_no_taskflow to None, run_after=None
[2026-07-18T21:26:04.214+0000] {logging_mixin.py:190} INFO - [2026-07-18T21:26:04.214+0000] {dag.py:4180} INFO - Setting next_dagrun for dataset_s3_bucket_producer_with_no_taskflow to None, run_after=None
[2026-07-18T21:26:04.249+0000] {processor.py:208} INFO - Processing /home/airflow/.local/lib/python3.12/site-packages/airflow/example_dags/example_dataset_alias_with_no_taskflow.py took 1.252 seconds
[2026-07-18T21:26:34.346+0000] {processor.py:186} INFO - Started process (PID=218) to work on /home/airflow/.local/lib/python3.12/site-packages/airflow/example_dags/example_dataset_alias_with_no_taskflow.py
[2026-07-18T21:26:34.353+0000] {processor.py:914} INFO - Processing file /home/airflow/.local/lib/python3.12/site-packages/airflow/example_dags/example_dataset_alias_with_no_taskflow.py for tasks to queue
[2026-07-18T21:26:34.360+0000] {logging_mixin.py:190} INFO - [2026-07-18T21:26:34.359+0000] {dagbag.py:588} INFO - Filling up the DagBag from /home/airflow/.local/lib/python3.12/site-packages/airflow/example_dags/example_dataset_alias_with_no_taskflow.py
[2026-07-18T21:26:35.410+0000] {processor.py:925} INFO - DAG(s) 'dataset_s3_bucket_producer_with_no_taskflow', 'dataset_alias_example_alias_consumer_with_no_taskflow', 'dataset_alias_example_alias_producer_with_no_taskflow', 'dataset_s3_bucket_consumer_with_no_taskflow' retrieved from /home/airflow/.local/lib/python3.12/site-packages/airflow/example_dags/example_dataset_alias_with_no_taskflow.py
[2026-07-18T21:26:35.451+0000] {logging_mixin.py:190} INFO - [2026-07-18T21:26:35.450+0000] {dag.py:3239} INFO - Sync 4 DAGs
[2026-07-18T21:26:35.495+0000] {logging_mixin.py:190} INFO - [2026-07-18T21:26:35.495+0000] {dag.py:4180} INFO - Setting next_dagrun for dataset_alias_example_alias_consumer_with_no_taskflow to None, run_after=None
[2026-07-18T21:26:35.502+0000] {logging_mixin.py:190} INFO - [2026-07-18T21:26:35.502+0000] {dag.py:4180} INFO - Setting next_dagrun for dataset_alias_example_alias_producer_with_no_taskflow to None, run_after=None
[2026-07-18T21:26:35.506+0000] {logging_mixin.py:190} INFO - [2026-07-18T21:26:35.505+0000] {dag.py:4180} INFO - Setting next_dagrun for dataset_s3_bucket_consumer_with_no_taskflow to None, run_after=None
[2026-07-18T21:26:35.510+0000] {logging_mixin.py:190} INFO - [2026-07-18T21:26:35.510+0000] {dag.py:4180} INFO - Setting next_dagrun for dataset_s3_bucket_producer_with_no_taskflow to None, run_after=None
[2026-07-18T21:26:35.551+0000] {processor.py:208} INFO - Processing /home/airflow/.local/lib/python3.12/site-packages/airflow/example_dags/example_dataset_alias_with_no_taskflow.py took 1.220 seconds
[2026-07-18T21:27:06.854+0000] {processor.py:186} INFO - Started process (PID=279) to work on /home/airflow/.local/lib/python3.12/site-packages/airflow/example_dags/example_dataset_alias_with_no_taskflow.py
[2026-07-18T21:27:06.857+0000] {processor.py:914} INFO - Processing file /home/airflow/.local/lib/python3.12/site-packages/airflow/example_dags/example_dataset_alias_with_no_taskflow.py for tasks to queue
[2026-07-18T21:27:06.862+0000] {logging_mixin.py:190} INFO - [2026-07-18T21:27:06.862+0000] {dagbag.py:588} INFO - Filling up the DagBag from /home/airflow/.local/lib/python3.12/site-packages/airflow/example_dags/example_dataset_alias_with_no_taskflow.py
[2026-07-18T21:27:07.720+0000] {processor.py:925} INFO - DAG(s) 'dataset_s3_bucket_producer_with_no_taskflow', 'dataset_alias_example_alias_consumer_with_no_taskflow', 'dataset_alias_example_alias_producer_with_no_taskflow', 'dataset_s3_bucket_consumer_with_no_taskflow' retrieved from /home/airflow/.local/lib/python3.12/site-packages/airflow/example_dags/example_dataset_alias_with_no_taskflow.py
[2026-07-18T21:27:07.767+0000] {logging_mixin.py:190} INFO - [2026-07-18T21:27:07.766+0000] {dag.py:3239} INFO - Sync 4 DAGs
[2026-07-18T21:27:07.806+0000] {logging_mixin.py:190} INFO - [2026-07-18T21:27:07.806+0000] {dag.py:4180} INFO - Setting next_dagrun for dataset_alias_example_alias_consumer_with_no_taskflow to None, run_after=None
[2026-07-18T21:27:07.812+0000] {logging_mixin.py:190} INFO - [2026-07-18T21:27:07.811+0000] {dag.py:4180} INFO - Setting next_dagrun for dataset_alias_example_alias_producer_with_no_taskflow to None, run_after=None
[2026-07-18T21:27:07.816+0000] {logging_mixin.py:190} INFO - [2026-07-18T21:27:07.816+0000] {dag.py:4180} INFO - Setting next_dagrun for dataset_s3_bucket_consumer_with_no_taskflow to None, run_after=None
[2026-07-18T21:27:07.820+0000] {logging_mixin.py:190} INFO - [2026-07-18T21:27:07.820+0000] {dag.py:4180} INFO - Setting next_dagrun for dataset_s3_bucket_producer_with_no_taskflow to None, run_after=None
[2026-07-18T21:27:07.867+0000] {processor.py:208} INFO - Processing /home/airflow/.local/lib/python3.12/site-packages/airflow/example_dags/example_dataset_alias_with_no_taskflow.py took 1.025 seconds
[2026-07-18T21:27:38.724+0000] {processor.py:186} INFO - Started process (PID=342) to work on /home/airflow/.local/lib/python3.12/site-packages/airflow/example_dags/example_dataset_alias_with_no_taskflow.py
[2026-07-18T21:27:38.728+0000] {processor.py:914} INFO - Processing file /home/airflow/.local/lib/python3.12/site-packages/airflow/example_dags/example_dataset_alias_with_no_taskflow.py for tasks to queue
[2026-07-18T21:27:38.735+0000] {logging_mixin.py:190} INFO - [2026-07-18T21:27:38.734+0000] {dagbag.py:588} INFO - Filling up the DagBag from /home/airflow/.local/lib/python3.12/site-packages/airflow/example_dags/example_dataset_alias_with_no_taskflow.py
[2026-07-18T21:27:39.754+0000] {processor.py:925} INFO - DAG(s) 'dataset_alias_example_alias_consumer_with_no_taskflow', 'dataset_s3_bucket_producer_with_no_taskflow', 'dataset_s3_bucket_consumer_with_no_taskflow', 'dataset_alias_example_alias_producer_with_no_taskflow' retrieved from /home/airflow/.local/lib/python3.12/site-packages/airflow/example_dags/example_dataset_alias_with_no_taskflow.py
[2026-07-18T21:27:39.796+0000] {logging_mixin.py:190} INFO - [2026-07-18T21:27:39.795+0000] {dag.py:3239} INFO - Sync 4 DAGs
[2026-07-18T21:27:39.835+0000] {logging_mixin.py:190} INFO - [2026-07-18T21:27:39.834+0000] {dag.py:4180} INFO - Setting next_dagrun for dataset_alias_example_alias_consumer_with_no_taskflow to None, run_after=None
[2026-07-18T21:27:39.843+0000] {logging_mixin.py:190} INFO - [2026-07-18T21:27:39.842+0000] {dag.py:4180} INFO - Setting next_dagrun for dataset_alias_example_alias_producer_with_no_taskflow to None, run_after=None
[2026-07-18T21:27:39.848+0000] {logging_mixin.py:190} INFO - [2026-07-18T21:27:39.848+0000] {dag.py:4180} INFO - Setting next_dagrun for dataset_s3_bucket_consumer_with_no_taskflow to None, run_after=None
[2026-07-18T21:27:39.853+0000] {logging_mixin.py:190} INFO - [2026-07-18T21:27:39.853+0000] {dag.py:4180} INFO - Setting next_dagrun for dataset_s3_bucket_producer_with_no_taskflow to None, run_after=None
[2026-07-18T21:27:39.901+0000] {processor.py:208} INFO - Processing /home/airflow/.local/lib/python3.12/site-packages/airflow/example_dags/example_dataset_alias_with_no_taskflow.py took 1.189 seconds
[2026-07-18T21:28:10.685+0000] {processor.py:186} INFO - Started process (PID=409) to work on /home/airflow/.local/lib/python3.12/site-packages/airflow/example_dags/example_dataset_alias_with_no_taskflow.py
[2026-07-18T21:28:10.688+0000] {processor.py:914} INFO - Processing file /home/airflow/.local/lib/python3.12/site-packages/airflow/example_dags/example_dataset_alias_with_no_taskflow.py for tasks to queue
[2026-07-18T21:28:10.694+0000] {logging_mixin.py:190} INFO - [2026-07-18T21:28:10.694+0000] {dagbag.py:588} INFO - Filling up the DagBag from /home/airflow/.local/lib/python3.12/site-packages/airflow/example_dags/example_dataset_alias_with_no_taskflow.py
[2026-07-18T21:28:11.700+0000] {processor.py:925} INFO - DAG(s) 'dataset_s3_bucket_consumer_with_no_taskflow', 'dataset_alias_example_alias_producer_with_no_taskflow', 'dataset_alias_example_alias_consumer_with_no_taskflow', 'dataset_s3_bucket_producer_with_no_taskflow' retrieved from /home/airflow/.local/lib/python3.12/site-packages/airflow/example_dags/example_dataset_alias_with_no_taskflow.py
[2026-07-18T21:28:11.732+0000] {logging_mixin.py:190} INFO - [2026-07-18T21:28:11.731+0000] {dag.py:3239} INFO - Sync 4 DAGs
[2026-07-18T21:28:11.764+0000] {logging_mixin.py:190} INFO - [2026-07-18T21:28:11.764+0000] {dag.py:4180} INFO - Setting next_dagrun for dataset_alias_example_alias_consumer_with_no_taskflow to None, run_after=None
[2026-07-18T21:28:11.771+0000] {logging_mixin.py:190} INFO - [2026-07-18T21:28:11.770+0000] {dag.py:4180} INFO - Setting next_dagrun for dataset_alias_example_alias_producer_with_no_taskflow to None, run_after=None
[2026-07-18T21:28:11.775+0000] {logging_mixin.py:190} INFO - [2026-07-18T21:28:11.775+0000] {dag.py:4180} INFO - Setting next_dagrun for dataset_s3_bucket_consumer_with_no_taskflow to None, run_after=None
[2026-07-18T21:28:11.779+0000] {logging_mixin.py:190} INFO - [2026-07-18T21:28:11.778+0000] {dag.py:4180} INFO - Setting next_dagrun for dataset_s3_bucket_producer_with_no_taskflow to None, run_after=None
[2026-07-18T21:28:11.813+0000] {processor.py:208} INFO - Processing /home/airflow/.local/lib/python3.12/site-packages/airflow/example_dags/example_dataset_alias_with_no_taskflow.py took 1.139 seconds
[2026-07-18T21:28:42.261+0000] {processor.py:186} INFO - Started process (PID=468) to work on /home/airflow/.local/lib/python3.12/site-packages/airflow/example_dags/example_dataset_alias_with_no_taskflow.py
[2026-07-18T21:28:42.265+0000] {processor.py:914} INFO - Processing file /home/airflow/.local/lib/python3.12/site-packages/airflow/example_dags/example_dataset_alias_with_no_taskflow.py for tasks to queue
[2026-07-18T21:28:42.272+0000] {logging_mixin.py:190} INFO - [2026-07-18T21:28:42.271+0000] {dagbag.py:588} INFO - Filling up the DagBag from /home/airflow/.local/lib/python3.12/site-packages/airflow/example_dags/example_dataset_alias_with_no_taskflow.py
[2026-07-18T21:28:43.376+0000] {processor.py:925} INFO - DAG(s) 'dataset_s3_bucket_consumer_with_no_taskflow', 'dataset_alias_example_alias_producer_with_no_taskflow', 'dataset_alias_example_alias_consumer_with_no_taskflow', 'dataset_s3_bucket_producer_with_no_taskflow' retrieved from /home/airflow/.local/lib/python3.12/site-packages/airflow/example_dags/example_dataset_alias_with_no_taskflow.py
[2026-07-18T21:28:43.413+0000] {logging_mixin.py:190} INFO - [2026-07-18T21:28:43.413+0000] {dag.py:3239} INFO - Sync 4 DAGs
[2026-07-18T21:28:43.463+0000] {logging_mixin.py:190} INFO - [2026-07-18T21:28:43.463+0000] {dag.py:4180} INFO - Setting next_dagrun for dataset_alias_example_alias_consumer_with_no_taskflow to None, run_after=None
[2026-07-18T21:28:43.471+0000] {logging_mixin.py:190} INFO - [2026-07-18T21:28:43.470+0000] {dag.py:4180} INFO - Setting next_dagrun for dataset_alias_example_alias_producer_with_no_taskflow to None, run_after=None
[2026-07-18T21:28:43.475+0000] {logging_mixin.py:190} INFO - [2026-07-18T21:28:43.474+0000] {dag.py:4180} INFO - Setting next_dagrun for dataset_s3_bucket_consumer_with_no_taskflow to None, run_after=None
[2026-07-18T21:28:43.479+0000] {logging_mixin.py:190} INFO - [2026-07-18T21:28:43.479+0000] {dag.py:4180} INFO - Setting next_dagrun for dataset_s3_bucket_producer_with_no_taskflow to None, run_after=None
[2026-07-18T21:28:43.594+0000] {processor.py:208} INFO - Processing /home/airflow/.local/lib/python3.12/site-packages/airflow/example_dags/example_dataset_alias_with_no_taskflow.py took 1.348 seconds
[2026-07-18T21:29:13.798+0000] {processor.py:186} INFO - Started process (PID=533) to work on /home/airflow/.local/lib/python3.12/site-packages/airflow/example_dags/example_dataset_alias_with_no_taskflow.py
[2026-07-18T21:29:13.801+0000] {processor.py:914} INFO - Processing file /home/airflow/.local/lib/python3.12/site-packages/airflow/example_dags/example_dataset_alias_with_no_taskflow.py for tasks to queue
[2026-07-18T21:29:13.813+0000] {logging_mixin.py:190} INFO - [2026-07-18T21:29:13.812+0000] {dagbag.py:588} INFO - Filling up the DagBag from /home/airflow/.local/lib/python3.12/site-packages/airflow/example_dags/example_dataset_alias_with_no_taskflow.py
[2026-07-18T21:29:14.845+0000] {processor.py:925} INFO - DAG(s) 'dataset_alias_example_alias_producer_with_no_taskflow', 'dataset_s3_bucket_producer_with_no_taskflow', 'dataset_s3_bucket_consumer_with_no_taskflow', 'dataset_alias_example_alias_consumer_with_no_taskflow' retrieved from /home/airflow/.local/lib/python3.12/site-packages/airflow/example_dags/example_dataset_alias_with_no_taskflow.py
[2026-07-18T21:29:14.883+0000] {logging_mixin.py:190} INFO - [2026-07-18T21:29:14.882+0000] {dag.py:3239} INFO - Sync 4 DAGs
[2026-07-18T21:29:14.915+0000] {logging_mixin.py:190} INFO - [2026-07-18T21:29:14.914+0000] {dag.py:4180} INFO - Setting next_dagrun for dataset_alias_example_alias_consumer_with_no_taskflow to None, run_after=None
[2026-07-18T21:29:14.920+0000] {logging_mixin.py:190} INFO - [2026-07-18T21:29:14.919+0000] {dag.py:4180} INFO - Setting next_dagrun for dataset_alias_example_alias_producer_with_no_taskflow to None, run_after=None
[2026-07-18T21:29:14.925+0000] {logging_mixin.py:190} INFO - [2026-07-18T21:29:14.925+0000] {dag.py:4180} INFO - Setting next_dagrun for dataset_s3_bucket_consumer_with_no_taskflow to None, run_after=None
[2026-07-18T21:29:14.929+0000] {logging_mixin.py:190} INFO - [2026-07-18T21:29:14.928+0000] {dag.py:4180} INFO - Setting next_dagrun for dataset_s3_bucket_producer_with_no_taskflow to None, run_after=None
[2026-07-18T21:29:14.965+0000] {processor.py:208} INFO - Processing /home/airflow/.local/lib/python3.12/site-packages/airflow/example_dags/example_dataset_alias_with_no_taskflow.py took 1.184 seconds
[2026-07-18T21:29:45.885+0000] {processor.py:186} INFO - Started process (PID=596) to work on /home/airflow/.local/lib/python3.12/site-packages/airflow/example_dags/example_dataset_alias_with_no_taskflow.py
[2026-07-18T21:29:45.887+0000] {processor.py:914} INFO - Processing file /home/airflow/.local/lib/python3.12/site-packages/airflow/example_dags/example_dataset_alias_with_no_taskflow.py for tasks to queue
[2026-07-18T21:29:45.892+0000] {logging_mixin.py:190} INFO - [2026-07-18T21:29:45.891+0000] {dagbag.py:588} INFO - Filling up the DagBag from /home/airflow/.local/lib/python3.12/site-packages/airflow/example_dags/example_dataset_alias_with_no_taskflow.py
[2026-07-18T21:29:46.705+0000] {processor.py:925} INFO - DAG(s) 'dataset_alias_example_alias_producer_with_no_taskflow', 'dataset_s3_bucket_consumer_with_no_taskflow', 'dataset_alias_example_alias_consumer_with_no_taskflow', 'dataset_s3_bucket_producer_with_no_taskflow' retrieved from /home/airflow/.local/lib/python3.12/site-packages/airflow/example_dags/example_dataset_alias_with_no_taskflow.py
[2026-07-18T21:29:46.742+0000] {logging_mixin.py:190} INFO - [2026-07-18T21:29:46.741+0000] {dag.py:3239} INFO - Sync 4 DAGs
[2026-07-18T21:29:46.775+0000] {logging_mixin.py:190} INFO - [2026-07-18T21:29:46.775+0000] {dag.py:4180} INFO - Setting next_dagrun for dataset_alias_example_alias_consumer_with_no_taskflow to None, run_after=None
[2026-07-18T21:29:46.781+0000] {logging_mixin.py:190} INFO - [2026-07-18T21:29:46.781+0000] {dag.py:4180} INFO - Setting next_dagrun for dataset_alias_example_alias_producer_with_no_taskflow to None, run_after=None
[2026-07-18T21:29:46.785+0000] {logging_mixin.py:190} INFO - [2026-07-18T21:29:46.784+0000] {dag.py:4180} INFO - Setting next_dagrun for dataset_s3_bucket_consumer_with_no_taskflow to None, run_after=None
[2026-07-18T21:29:46.787+0000] {logging_mixin.py:190} INFO - [2026-07-18T21:29:46.787+0000] {dag.py:4180} INFO - Setting next_dagrun for dataset_s3_bucket_producer_with_no_taskflow to None, run_after=None
[2026-07-18T21:29:46.818+0000] {processor.py:208} INFO - Processing /home/airflow/.local/lib/python3.12/site-packages/airflow/example_dags/example_dataset_alias_with_no_taskflow.py took 0.941 seconds
[2026-07-18T21:30:17.163+0000] {processor.py:186} INFO - Started process (PID=658) to work on /home/airflow/.local/lib/python3.12/site-packages/airflow/example_dags/example_dataset_alias_with_no_taskflow.py
[2026-07-18T21:30:17.165+0000] {processor.py:914} INFO - Processing file /home/airflow/.local/lib/python3.12/site-packages/airflow/example_dags/example_dataset_alias_with_no_taskflow.py for tasks to queue
[2026-07-18T21:30:17.170+0000] {logging_mixin.py:190} INFO - [2026-07-18T21:30:17.169+0000] {dagbag.py:588} INFO - Filling up the DagBag from /home/airflow/.local/lib/python3.12/site-packages/airflow/example_dags/example_dataset_alias_with_no_taskflow.py
[2026-07-18T21:30:18.136+0000] {processor.py:925} INFO - DAG(s) 'dataset_s3_bucket_producer_with_no_taskflow', 'dataset_alias_example_alias_consumer_with_no_taskflow', 'dataset_alias_example_alias_producer_with_no_taskflow', 'dataset_s3_bucket_consumer_with_no_taskflow' retrieved from /home/airflow/.local/lib/python3.12/site-packages/airflow/example_dags/example_dataset_alias_with_no_taskflow.py
[2026-07-18T21:30:18.170+0000] {logging_mixin.py:190} INFO - [2026-07-18T21:30:18.169+0000] {dag.py:3239} INFO - Sync 4 DAGs
[2026-07-18T21:30:18.202+0000] {logging_mixin.py:190} INFO - [2026-07-18T21:30:18.202+0000] {dag.py:4180} INFO - Setting next_dagrun for dataset_alias_example_alias_consumer_with_no_taskflow to None, run_after=None
[2026-07-18T21:30:18.208+0000] {logging_mixin.py:190} INFO - [2026-07-18T21:30:18.208+0000] {dag.py:4180} INFO - Setting next_dagrun for dataset_alias_example_alias_producer_with_no_taskflow to None, run_after=None
[2026-07-18T21:30:18.212+0000] {logging_mixin.py:190} INFO - [2026-07-18T21:30:18.211+0000] {dag.py:4180} INFO - Setting next_dagrun for dataset_s3_bucket_consumer_with_no_taskflow to None, run_after=None
[2026-07-18T21:30:18.215+0000] {logging_mixin.py:190} INFO - [2026-07-18T21:30:18.215+0000] {dag.py:4180} INFO - Setting next_dagrun for dataset_s3_bucket_producer_with_no_taskflow to None, run_after=None
[2026-07-18T21:30:18.245+0000] {processor.py:208} INFO - Processing /home/airflow/.local/lib/python3.12/site-packages/airflow/example_dags/example_dataset_alias_with_no_taskflow.py took 1.089 seconds
[2026-07-18T21:30:49.668+0000] {processor.py:186} INFO - Started process (PID=725) to work on /home/airflow/.local/lib/python3.12/site-packages/airflow/example_dags/example_dataset_alias_with_no_taskflow.py
[2026-07-18T21:30:49.671+0000] {processor.py:914} INFO - Processing file /home/airflow/.local/lib/python3.12/site-packages/airflow/example_dags/example_dataset_alias_with_no_taskflow.py for tasks to queue
[2026-07-18T21:30:49.679+0000] {logging_mixin.py:190} INFO - [2026-07-18T21:30:49.678+0000] {dagbag.py:588} INFO - Filling up the DagBag from /home/airflow/.local/lib/python3.12/site-packages/airflow/example_dags/example_dataset_alias_with_no_taskflow.py
[2026-07-18T21:30:50.625+0000] {processor.py:925} INFO - DAG(s) 'dataset_alias_example_alias_producer_with_no_taskflow', 'dataset_s3_bucket_consumer_with_no_taskflow', 'dataset_alias_example_alias_consumer_with_no_taskflow', 'dataset_s3_bucket_producer_with_no_taskflow' retrieved from /home/airflow/.local/lib/python3.12/site-packages/airflow/example_dags/example_dataset_alias_with_no_taskflow.py
[2026-07-18T21:30:50.660+0000] {logging_mixin.py:190} INFO - [2026-07-18T21:30:50.659+0000] {dag.py:3239} INFO - Sync 4 DAGs
[2026-07-18T21:30:50.701+0000] {logging_mixin.py:190} INFO - [2026-07-18T21:30:50.701+0000] {dag.py:4180} INFO - Setting next_dagrun for dataset_alias_example_alias_consumer_with_no_taskflow to None, run_after=None
[2026-07-18T21:30:50.708+0000] {logging_mixin.py:190} INFO - [2026-07-18T21:30:50.708+0000] {dag.py:4180} INFO - Setting next_dagrun for dataset_alias_example_alias_producer_with_no_taskflow to None, run_after=None
[2026-07-18T21:30:50.712+0000] {logging_mixin.py:190} INFO - [2026-07-18T21:30:50.712+0000] {dag.py:4180} INFO - Setting next_dagrun for dataset_s3_bucket_consumer_with_no_taskflow to None, run_after=None
[2026-07-18T21:30:50.716+0000] {logging_mixin.py:190} INFO - [2026-07-18T21:30:50.715+0000] {dag.py:4180} INFO - Setting next_dagrun for dataset_s3_bucket_producer_with_no_taskflow to None, run_after=None
[2026-07-18T21:30:50.768+0000] {processor.py:208} INFO - Processing /home/airflow/.local/lib/python3.12/site-packages/airflow/example_dags/example_dataset_alias_with_no_taskflow.py took 1.117 seconds
[2026-07-18T21:31:21.025+0000] {processor.py:186} INFO - Started process (PID=792) to work on /home/airflow/.local/lib/python3.12/site-packages/airflow/example_dags/example_dataset_alias_with_no_taskflow.py
[2026-07-18T21:31:21.028+0000] {processor.py:914} INFO - Processing file /home/airflow/.local/lib/python3.12/site-packages/airflow/example_dags/example_dataset_alias_with_no_taskflow.py for tasks to queue
[2026-07-18T21:31:21.034+0000] {logging_mixin.py:190} INFO - [2026-07-18T21:31:21.033+0000] {dagbag.py:588} INFO - Filling up the DagBag from /home/airflow/.local/lib/python3.12/site-packages/airflow/example_dags/example_dataset_alias_with_no_taskflow.py
[2026-07-18T21:31:21.886+0000] {processor.py:925} INFO - DAG(s) 'dataset_alias_example_alias_producer_with_no_taskflow', 'dataset_alias_example_alias_consumer_with_no_taskflow', 'dataset_s3_bucket_consumer_with_no_taskflow', 'dataset_s3_bucket_producer_with_no_taskflow' retrieved from /home/airflow/.local/lib/python3.12/site-packages/airflow/example_dags/example_dataset_alias_with_no_taskflow.py
[2026-07-18T21:31:21.919+0000] {logging_mixin.py:190} INFO - [2026-07-18T21:31:21.918+0000] {dag.py:3239} INFO - Sync 4 DAGs
[2026-07-18T21:31:21.953+0000] {logging_mixin.py:190} INFO - [2026-07-18T21:31:21.953+0000] {dag.py:4180} INFO - Setting next_dagrun for dataset_alias_example_alias_consumer_with_no_taskflow to None, run_after=None
[2026-07-18T21:31:21.959+0000] {logging_mixin.py:190} INFO - [2026-07-18T21:31:21.959+0000] {dag.py:4180} INFO - Setting next_dagrun for dataset_alias_example_alias_producer_with_no_taskflow to None, run_after=None
[2026-07-18T21:31:21.963+0000] {logging_mixin.py:190} INFO - [2026-07-18T21:31:21.963+0000] {dag.py:4180} INFO - Setting next_dagrun for dataset_s3_bucket_consumer_with_no_taskflow to None, run_after=None
[2026-07-18T21:31:21.967+0000] {logging_mixin.py:190} INFO - [2026-07-18T21:31:21.966+0000] {dag.py:4180} INFO - Setting next_dagrun for dataset_s3_bucket_producer_with_no_taskflow to None, run_after=None
[2026-07-18T21:31:22.003+0000] {processor.py:208} INFO - Processing /home/airflow/.local/lib/python3.12/site-packages/airflow/example_dags/example_dataset_alias_with_no_taskflow.py took 0.988 seconds
[2026-07-18T21:31:55.494+0000] {processor.py:186} INFO - Started process (PID=865) to work on /home/airflow/.local/lib/python3.12/site-packages/airflow/example_dags/example_dataset_alias_with_no_taskflow.py
[2026-07-18T21:31:55.522+0000] {processor.py:914} INFO - Processing file /home/airflow/.local/lib/python3.12/site-packages/airflow/example_dags/example_dataset_alias_with_no_taskflow.py for tasks to queue
[2026-07-18T21:31:55.555+0000] {logging_mixin.py:190} INFO - [2026-07-18T21:31:55.553+0000] {dagbag.py:588} INFO - Filling up the DagBag from /home/airflow/.local/lib/python3.12/site-packages/airflow/example_dags/example_dataset_alias_with_no_taskflow.py
[2026-07-18T21:31:57.213+0000] {processor.py:925} INFO - DAG(s) 'dataset_alias_example_alias_producer_with_no_taskflow', 'dataset_alias_example_alias_consumer_with_no_taskflow', 'dataset_s3_bucket_producer_with_no_taskflow', 'dataset_s3_bucket_consumer_with_no_taskflow' retrieved from /home/airflow/.local/lib/python3.12/site-packages/airflow/example_dags/example_dataset_alias_with_no_taskflow.py
[2026-07-18T21:31:57.251+0000] {logging_mixin.py:190} INFO - [2026-07-18T21:31:57.250+0000] {dag.py:3239} INFO - Sync 4 DAGs
[2026-07-18T21:31:57.294+0000] {logging_mixin.py:190} INFO - [2026-07-18T21:31:57.294+0000] {dag.py:4180} INFO - Setting next_dagrun for dataset_alias_example_alias_consumer_with_no_taskflow to None, run_after=None
[2026-07-18T21:31:57.301+0000] {logging_mixin.py:190} INFO - [2026-07-18T21:31:57.301+0000] {dag.py:4180} INFO - Setting next_dagrun for dataset_alias_example_alias_producer_with_no_taskflow to None, run_after=None
[2026-07-18T21:31:57.306+0000] {logging_mixin.py:190} INFO - [2026-07-18T21:31:57.305+0000] {dag.py:4180} INFO - Setting next_dagrun for dataset_s3_bucket_consumer_with_no_taskflow to None, run_after=None
[2026-07-18T21:31:57.311+0000] {logging_mixin.py:190} INFO - [2026-07-18T21:31:57.310+0000] {dag.py:4180} INFO - Setting next_dagrun for dataset_s3_bucket_producer_with_no_taskflow to None, run_after=None
[2026-07-18T21:31:57.361+0000] {processor.py:208} INFO - Processing /home/airflow/.local/lib/python3.12/site-packages/airflow/example_dags/example_dataset_alias_with_no_taskflow.py took 1.916 seconds
[2026-07-18T21:32:27.508+0000] {processor.py:186} INFO - Started process (PID=938) to work on /home/airflow/.local/lib/python3.12/site-packages/airflow/example_dags/example_dataset_alias_with_no_taskflow.py
[2026-07-18T21:32:27.511+0000] {processor.py:914} INFO - Processing file /home/airflow/.local/lib/python3.12/site-packages/airflow/example_dags/example_dataset_alias_with_no_taskflow.py for tasks to queue
[2026-07-18T21:32:27.517+0000] {logging_mixin.py:190} INFO - [2026-07-18T21:32:27.516+0000] {dagbag.py:588} INFO - Filling up the DagBag from /home/airflow/.local/lib/python3.12/site-packages/airflow/example_dags/example_dataset_alias_with_no_taskflow.py
[2026-07-18T21:32:28.586+0000] {processor.py:925} INFO - DAG(s) 'dataset_s3_bucket_producer_with_no_taskflow', 'dataset_alias_example_alias_consumer_with_no_taskflow', 'dataset_alias_example_alias_producer_with_no_taskflow', 'dataset_s3_bucket_consumer_with_no_taskflow' retrieved from /home/airflow/.local/lib/python3.12/site-packages/airflow/example_dags/example_dataset_alias_with_no_taskflow.py
[2026-07-18T21:32:28.636+0000] {logging_mixin.py:190} INFO - [2026-07-18T21:32:28.635+0000] {dag.py:3239} INFO - Sync 4 DAGs
[2026-07-18T21:32:28.702+0000] {logging_mixin.py:190} INFO - [2026-07-18T21:32:28.701+0000] {dag.py:4180} INFO - Setting next_dagrun for dataset_alias_example_alias_consumer_with_no_taskflow to None, run_after=None
[2026-07-18T21:32:28.720+0000] {logging_mixin.py:190} INFO - [2026-07-18T21:32:28.720+0000] {dag.py:4180} INFO - Setting next_dagrun for dataset_alias_example_alias_producer_with_no_taskflow to None, run_after=None
[2026-07-18T21:32:28.730+0000] {logging_mixin.py:190} INFO - [2026-07-18T21:32:28.729+0000] {dag.py:4180} INFO - Setting next_dagrun for dataset_s3_bucket_consumer_with_no_taskflow to None, run_after=None
[2026-07-18T21:32:28.735+0000] {logging_mixin.py:190} INFO - [2026-07-18T21:32:28.735+0000] {dag.py:4180} INFO - Setting next_dagrun for dataset_s3_bucket_producer_with_no_taskflow to None, run_after=None
[2026-07-18T21:32:28.768+0000] {processor.py:208} INFO - Processing /home/airflow/.local/lib/python3.12/site-packages/airflow/example_dags/example_dataset_alias_with_no_taskflow.py took 1.272 seconds
[2026-07-18T21:32:59.444+0000] {processor.py:186} INFO - Started process (PID=1002) to work on /home/airflow/.local/lib/python3.12/site-packages/airflow/example_dags/example_dataset_alias_with_no_taskflow.py
[2026-07-18T21:32:59.447+0000] {processor.py:914} INFO - Processing file /home/airflow/.local/lib/python3.12/site-packages/airflow/example_dags/example_dataset_alias_with_no_taskflow.py for tasks to queue
[2026-07-18T21:32:59.453+0000] {logging_mixin.py:190} INFO - [2026-07-18T21:32:59.452+0000] {dagbag.py:588} INFO - Filling up the DagBag from /home/airflow/.local/lib/python3.12/site-packages/airflow/example_dags/example_dataset_alias_with_no_taskflow.py
[2026-07-18T21:33:00.287+0000] {processor.py:925} INFO - DAG(s) 'dataset_alias_example_alias_consumer_with_no_taskflow', 'dataset_s3_bucket_producer_with_no_taskflow', 'dataset_alias_example_alias_producer_with_no_taskflow', 'dataset_s3_bucket_consumer_with_no_taskflow' retrieved from /home/airflow/.local/lib/python3.12/site-packages/airflow/example_dags/example_dataset_alias_with_no_taskflow.py
[2026-07-18T21:33:00.314+0000] {logging_mixin.py:190} INFO - [2026-07-18T21:33:00.313+0000] {dag.py:3239} INFO - Sync 4 DAGs
[2026-07-18T21:33:00.343+0000] {logging_mixin.py:190} INFO - [2026-07-18T21:33:00.343+0000] {dag.py:4180} INFO - Setting next_dagrun for dataset_alias_example_alias_consumer_with_no_taskflow to None, run_after=None
[2026-07-18T21:33:00.349+0000] {logging_mixin.py:190} INFO - [2026-07-18T21:33:00.348+0000] {dag.py:4180} INFO - Setting next_dagrun for dataset_alias_example_alias_producer_with_no_taskflow to None, run_after=None
[2026-07-18T21:33:00.353+0000] {logging_mixin.py:190} INFO - [2026-07-18T21:33:00.353+0000] {dag.py:4180} INFO - Setting next_dagrun for dataset_s3_bucket_consumer_with_no_taskflow to None, run_after=None
[2026-07-18T21:33:00.356+0000] {logging_mixin.py:190} INFO - [2026-07-18T21:33:00.356+0000] {dag.py:4180} INFO - Setting next_dagrun for dataset_s3_bucket_producer_with_no_taskflow to None, run_after=None
[2026-07-18T21:33:00.386+0000] {processor.py:208} INFO - Processing /home/airflow/.local/lib/python3.12/site-packages/airflow/example_dags/example_dataset_alias_with_no_taskflow.py took 0.954 seconds
[2026-07-18T21:33:31.048+0000] {processor.py:186} INFO - Started process (PID=1067) to work on /home/airflow/.local/lib/python3.12/site-packages/airflow/example_dags/example_dataset_alias_with_no_taskflow.py
[2026-07-18T21:33:31.051+0000] {processor.py:914} INFO - Processing file /home/airflow/.local/lib/python3.12/site-packages/airflow/example_dags/example_dataset_alias_with_no_taskflow.py for tasks to queue
[2026-07-18T21:33:31.056+0000] {logging_mixin.py:190} INFO - [2026-07-18T21:33:31.055+0000] {dagbag.py:588} INFO - Filling up the DagBag from /home/airflow/.local/lib/python3.12/site-packages/airflow/example_dags/example_dataset_alias_with_no_taskflow.py
[2026-07-18T21:33:32.066+0000] {processor.py:925} INFO - DAG(s) 'dataset_alias_example_alias_consumer_with_no_taskflow', 'dataset_s3_bucket_consumer_with_no_taskflow', 'dataset_s3_bucket_producer_with_no_taskflow', 'dataset_alias_example_alias_producer_with_no_taskflow' retrieved from /home/airflow/.local/lib/python3.12/site-packages/airflow/example_dags/example_dataset_alias_with_no_taskflow.py
[2026-07-18T21:33:32.114+0000] {logging_mixin.py:190} INFO - [2026-07-18T21:33:32.113+0000] {dag.py:3239} INFO - Sync 4 DAGs
[2026-07-18T21:33:32.190+0000] {logging_mixin.py:190} INFO - [2026-07-18T21:33:32.189+0000] {dag.py:4180} INFO - Setting next_dagrun for dataset_alias_example_alias_consumer_with_no_taskflow to None, run_after=None
[2026-07-18T21:33:32.200+0000] {logging_mixin.py:190} INFO - [2026-07-18T21:33:32.199+0000] {dag.py:4180} INFO - Setting next_dagrun for dataset_alias_example_alias_producer_with_no_taskflow to None, run_after=None
[2026-07-18T21:33:32.206+0000] {logging_mixin.py:190} INFO - [2026-07-18T21:33:32.205+0000] {dag.py:4180} INFO - Setting next_dagrun for dataset_s3_bucket_consumer_with_no_taskflow to None, run_after=None
[2026-07-18T21:33:32.212+0000] {logging_mixin.py:190} INFO - [2026-07-18T21:33:32.211+0000] {dag.py:4180} INFO - Setting next_dagrun for dataset_s3_bucket_producer_with_no_taskflow to None, run_after=None
[2026-07-18T21:33:32.287+0000] {processor.py:208} INFO - Processing /home/airflow/.local/lib/python3.12/site-packages/airflow/example_dags/example_dataset_alias_with_no_taskflow.py took 1.248 seconds
[2026-07-18T21:34:02.614+0000] {processor.py:186} INFO - Started process (PID=1131) to work on /home/airflow/.local/lib/python3.12/site-packages/airflow/example_dags/example_dataset_alias_with_no_taskflow.py
[2026-07-18T21:34:02.616+0000] {processor.py:914} INFO - Processing file /home/airflow/.local/lib/python3.12/site-packages/airflow/example_dags/example_dataset_alias_with_no_taskflow.py for tasks to queue
[2026-07-18T21:34:02.623+0000] {logging_mixin.py:190} INFO - [2026-07-18T21:34:02.622+0000] {dagbag.py:588} INFO - Filling up the DagBag from /home/airflow/.local/lib/python3.12/site-packages/airflow/example_dags/example_dataset_alias_with_no_taskflow.py
[2026-07-18T21:34:04.426+0000] {processor.py:925} INFO - DAG(s) 'dataset_alias_example_alias_producer_with_no_taskflow', 'dataset_s3_bucket_producer_with_no_taskflow', 'dataset_alias_example_alias_consumer_with_no_taskflow', 'dataset_s3_bucket_consumer_with_no_taskflow' retrieved from /home/airflow/.local/lib/python3.12/site-packages/airflow/example_dags/example_dataset_alias_with_no_taskflow.py
[2026-07-18T21:34:04.479+0000] {logging_mixin.py:190} INFO - [2026-07-18T21:34:04.477+0000] {dag.py:3239} INFO - Sync 4 DAGs
[2026-07-18T21:34:04.519+0000] {logging_mixin.py:190} INFO - [2026-07-18T21:34:04.519+0000] {dag.py:4180} INFO - Setting next_dagrun for dataset_alias_example_alias_consumer_with_no_taskflow to None, run_after=None
[2026-07-18T21:34:04.527+0000] {logging_mixin.py:190} INFO - [2026-07-18T21:34:04.527+0000] {dag.py:4180} INFO - Setting next_dagrun for dataset_alias_example_alias_producer_with_no_taskflow to None, run_after=None
[2026-07-18T21:34:04.531+0000] {logging_mixin.py:190} INFO - [2026-07-18T21:34:04.531+0000] {dag.py:4180} INFO - Setting next_dagrun for dataset_s3_bucket_consumer_with_no_taskflow to None, run_after=None
[2026-07-18T21:34:04.536+0000] {logging_mixin.py:190} INFO - [2026-07-18T21:34:04.535+0000] {dag.py:4180} INFO - Setting next_dagrun for dataset_s3_bucket_producer_with_no_taskflow to None, run_after=None
[2026-07-18T21:34:04.578+0000] {processor.py:208} INFO - Processing /home/airflow/.local/lib/python3.12/site-packages/airflow/example_dags/example_dataset_alias_with_no_taskflow.py took 1.976 seconds
[2026-07-18T21:34:35.531+0000] {processor.py:186} INFO - Started process (PID=1197) to work on /home/airflow/.local/lib/python3.12/site-packages/airflow/example_dags/example_dataset_alias_with_no_taskflow.py
[2026-07-18T21:34:35.536+0000] {processor.py:914} INFO - Processing file /home/airflow/.local/lib/python3.12/site-packages/airflow/example_dags/example_dataset_alias_with_no_taskflow.py for tasks to queue
[2026-07-18T21:34:35.547+0000] {logging_mixin.py:190} INFO - [2026-07-18T21:34:35.546+0000] {dagbag.py:588} INFO - Filling up the DagBag from /home/airflow/.local/lib/python3.12/site-packages/airflow/example_dags/example_dataset_alias_with_no_taskflow.py
[2026-07-18T21:34:36.936+0000] {processor.py:925} INFO - DAG(s) 'dataset_alias_example_alias_consumer_with_no_taskflow', 'dataset_s3_bucket_producer_with_no_taskflow', 'dataset_alias_example_alias_producer_with_no_taskflow', 'dataset_s3_bucket_consumer_with_no_taskflow' retrieved from /home/airflow/.local/lib/python3.12/site-packages/airflow/example_dags/example_dataset_alias_with_no_taskflow.py
[2026-07-18T21:34:37.014+0000] {logging_mixin.py:190} INFO - [2026-07-18T21:34:37.013+0000] {dag.py:3239} INFO - Sync 4 DAGs
[2026-07-18T21:34:37.071+0000] {logging_mixin.py:190} INFO - [2026-07-18T21:34:37.071+0000] {dag.py:4180} INFO - Setting next_dagrun for dataset_alias_example_alias_consumer_with_no_taskflow to None, run_after=None
[2026-07-18T21:34:37.078+0000] {logging_mixin.py:190} INFO - [2026-07-18T21:34:37.078+0000] {dag.py:4180} INFO - Setting next_dagrun for dataset_alias_example_alias_producer_with_no_taskflow to None, run_after=None
[2026-07-18T21:34:37.082+0000] {logging_mixin.py:190} INFO - [2026-07-18T21:34:37.082+0000] {dag.py:4180} INFO - Setting next_dagrun for dataset_s3_bucket_consumer_with_no_taskflow to None, run_after=None
[2026-07-18T21:34:37.086+0000] {logging_mixin.py:190} INFO - [2026-07-18T21:34:37.085+0000] {dag.py:4180} INFO - Setting next_dagrun for dataset_s3_bucket_producer_with_no_taskflow to None, run_after=None
[2026-07-18T21:34:37.133+0000] {processor.py:208} INFO - Processing /home/airflow/.local/lib/python3.12/site-packages/airflow/example_dags/example_dataset_alias_with_no_taskflow.py took 1.623 seconds
[2026-07-18T21:35:08.356+0000] {processor.py:186} INFO - Started process (PID=1264) to work on /home/airflow/.local/lib/python3.12/site-packages/airflow/example_dags/example_dataset_alias_with_no_taskflow.py
[2026-07-18T21:35:08.359+0000] {processor.py:914} INFO - Processing file /home/airflow/.local/lib/python3.12/site-packages/airflow/example_dags/example_dataset_alias_with_no_taskflow.py for tasks to queue
[2026-07-18T21:35:08.363+0000] {logging_mixin.py:190} INFO - [2026-07-18T21:35:08.363+0000] {dagbag.py:588} INFO - Filling up the DagBag from /home/airflow/.local/lib/python3.12/site-packages/airflow/example_dags/example_dataset_alias_with_no_taskflow.py
[2026-07-18T21:35:09.209+0000] {processor.py:925} INFO - DAG(s) 'dataset_alias_example_alias_producer_with_no_taskflow', 'dataset_s3_bucket_consumer_with_no_taskflow', 'dataset_alias_example_alias_consumer_with_no_taskflow', 'dataset_s3_bucket_producer_with_no_taskflow' retrieved from /home/airflow/.local/lib/python3.12/site-packages/airflow/example_dags/example_dataset_alias_with_no_taskflow.py
[2026-07-18T21:35:09.251+0000] {logging_mixin.py:190} INFO - [2026-07-18T21:35:09.250+0000] {dag.py:3239} INFO - Sync 4 DAGs
[2026-07-18T21:35:09.286+0000] {logging_mixin.py:190} INFO - [2026-07-18T21:35:09.286+0000] {dag.py:4180} INFO - Setting next_dagrun for dataset_alias_example_alias_consumer_with_no_taskflow to None, run_after=None
[2026-07-18T21:35:09.292+0000] {logging_mixin.py:190} INFO - [2026-07-18T21:35:09.292+0000] {dag.py:4180} INFO - Setting next_dagrun for dataset_alias_example_alias_producer_with_no_taskflow to None, run_after=None
[2026-07-18T21:35:09.296+0000] {logging_mixin.py:190} INFO - [2026-07-18T21:35:09.296+0000] {dag.py:4180} INFO - Setting next_dagrun for dataset_s3_bucket_consumer_with_no_taskflow to None, run_after=None
[2026-07-18T21:35:09.300+0000] {logging_mixin.py:190} INFO - [2026-07-18T21:35:09.300+0000] {dag.py:4180} INFO - Setting next_dagrun for dataset_s3_bucket_producer_with_no_taskflow to None, run_after=None
[2026-07-18T21:35:09.337+0000] {processor.py:208} INFO - Processing /home/airflow/.local/lib/python3.12/site-packages/airflow/example_dags/example_dataset_alias_with_no_taskflow.py took 0.988 seconds
[2026-07-18T21:35:39.878+0000] {processor.py:186} INFO - Started process (PID=1331) to work on /home/airflow/.local/lib/python3.12/site-packages/airflow/example_dags/example_dataset_alias_with_no_taskflow.py
[2026-07-18T21:35:39.881+0000] {processor.py:914} INFO - Processing file /home/airflow/.local/lib/python3.12/site-packages/airflow/example_dags/example_dataset_alias_with_no_taskflow.py for tasks to queue
[2026-07-18T21:35:39.887+0000] {logging_mixin.py:190} INFO - [2026-07-18T21:35:39.886+0000] {dagbag.py:588} INFO - Filling up the DagBag from /home/airflow/.local/lib/python3.12/site-packages/airflow/example_dags/example_dataset_alias_with_no_taskflow.py
[2026-07-18T21:35:40.811+0000] {processor.py:925} INFO - DAG(s) 'dataset_s3_bucket_producer_with_no_taskflow', 'dataset_alias_example_alias_producer_with_no_taskflow', 'dataset_alias_example_alias_consumer_with_no_taskflow', 'dataset_s3_bucket_consumer_with_no_taskflow' retrieved from /home/airflow/.local/lib/python3.12/site-packages/airflow/example_dags/example_dataset_alias_with_no_taskflow.py
[2026-07-18T21:35:40.841+0000] {logging_mixin.py:190} INFO - [2026-07-18T21:35:40.840+0000] {dag.py:3239} INFO - Sync 4 DAGs
[2026-07-18T21:35:40.867+0000] {logging_mixin.py:190} INFO - [2026-07-18T21:35:40.867+0000] {dag.py:4180} INFO - Setting next_dagrun for dataset_alias_example_alias_consumer_with_no_taskflow to None, run_after=None
[2026-07-18T21:35:40.872+0000] {logging_mixin.py:190} INFO - [2026-07-18T21:35:40.872+0000] {dag.py:4180} INFO - Setting next_dagrun for dataset_alias_example_alias_producer_with_no_taskflow to None, run_after=None
[2026-07-18T21:35:40.876+0000] {logging_mixin.py:190} INFO - [2026-07-18T21:35:40.875+0000] {dag.py:4180} INFO - Setting next_dagrun for dataset_s3_bucket_consumer_with_no_taskflow to None, run_after=None
[2026-07-18T21:35:40.882+0000] {logging_mixin.py:190} INFO - [2026-07-18T21:35:40.881+0000] {dag.py:4180} INFO - Setting next_dagrun for dataset_s3_bucket_producer_with_no_taskflow to None, run_after=None
[2026-07-18T21:35:40.983+0000] {processor.py:208} INFO - Processing /home/airflow/.local/lib/python3.12/site-packages/airflow/example_dags/example_dataset_alias_with_no_taskflow.py took 1.111 seconds
[2026-07-18T21:36:11.418+0000] {processor.py:186} INFO - Started process (PID=1395) to work on /home/airflow/.local/lib/python3.12/site-packages/airflow/example_dags/example_dataset_alias_with_no_taskflow.py
[2026-07-18T21:36:11.420+0000] {processor.py:914} INFO - Processing file /home/airflow/.local/lib/python3.12/site-packages/airflow/example_dags/example_dataset_alias_with_no_taskflow.py for tasks to queue
[2026-07-18T21:36:11.425+0000] {logging_mixin.py:190} INFO - [2026-07-18T21:36:11.425+0000] {dagbag.py:588} INFO - Filling up the DagBag from /home/airflow/.local/lib/python3.12/site-packages/airflow/example_dags/example_dataset_alias_with_no_taskflow.py
[2026-07-18T21:36:12.345+0000] {processor.py:925} INFO - DAG(s) 'dataset_s3_bucket_producer_with_no_taskflow', 'dataset_alias_example_alias_producer_with_no_taskflow', 'dataset_s3_bucket_consumer_with_no_taskflow', 'dataset_alias_example_alias_consumer_with_no_taskflow' retrieved from /home/airflow/.local/lib/python3.12/site-packages/airflow/example_dags/example_dataset_alias_with_no_taskflow.py
[2026-07-18T21:36:12.381+0000] {logging_mixin.py:190} INFO - [2026-07-18T21:36:12.380+0000] {dag.py:3239} INFO - Sync 4 DAGs
[2026-07-18T21:36:12.411+0000] {logging_mixin.py:190} INFO - [2026-07-18T21:36:12.411+0000] {dag.py:4180} INFO - Setting next_dagrun for dataset_alias_example_alias_consumer_with_no_taskflow to None, run_after=None
[2026-07-18T21:36:12.416+0000] {logging_mixin.py:190} INFO - [2026-07-18T21:36:12.416+0000] {dag.py:4180} INFO - Setting next_dagrun for dataset_alias_example_alias_producer_with_no_taskflow to None, run_after=None
[2026-07-18T21:36:12.420+0000] {logging_mixin.py:190} INFO - [2026-07-18T21:36:12.420+0000] {dag.py:4180} INFO - Setting next_dagrun for dataset_s3_bucket_consumer_with_no_taskflow to None, run_after=None
[2026-07-18T21:36:12.423+0000] {logging_mixin.py:190} INFO - [2026-07-18T21:36:12.423+0000] {dag.py:4180} INFO - Setting next_dagrun for dataset_s3_bucket_producer_with_no_taskflow to None, run_after=None
[2026-07-18T21:36:12.504+0000] {processor.py:208} INFO - Processing /home/airflow/.local/lib/python3.12/site-packages/airflow/example_dags/example_dataset_alias_with_no_taskflow.py took 1.095 seconds
[2026-07-18T21:36:42.814+0000] {processor.py:186} INFO - Started process (PID=1459) to work on /home/airflow/.local/lib/python3.12/site-packages/airflow/example_dags/example_dataset_alias_with_no_taskflow.py
[2026-07-18T21:36:42.816+0000] {processor.py:914} INFO - Processing file /home/airflow/.local/lib/python3.12/site-packages/airflow/example_dags/example_dataset_alias_with_no_taskflow.py for tasks to queue
[2026-07-18T21:36:42.821+0000] {logging_mixin.py:190} INFO - [2026-07-18T21:36:42.821+0000] {dagbag.py:588} INFO - Filling up the DagBag from /home/airflow/.local/lib/python3.12/site-packages/airflow/example_dags/example_dataset_alias_with_no_taskflow.py
[2026-07-18T21:36:43.622+0000] {processor.py:925} INFO - DAG(s) 'dataset_alias_example_alias_producer_with_no_taskflow', 'dataset_s3_bucket_producer_with_no_taskflow', 'dataset_s3_bucket_consumer_with_no_taskflow', 'dataset_alias_example_alias_consumer_with_no_taskflow' retrieved from /home/airflow/.local/lib/python3.12/site-packages/airflow/example_dags/example_dataset_alias_with_no_taskflow.py
[2026-07-18T21:36:43.659+0000] {logging_mixin.py:190} INFO - [2026-07-18T21:36:43.658+0000] {dag.py:3239} INFO - Sync 4 DAGs
[2026-07-18T21:36:43.688+0000] {logging_mixin.py:190} INFO - [2026-07-18T21:36:43.688+0000] {dag.py:4180} INFO - Setting next_dagrun for dataset_alias_example_alias_consumer_with_no_taskflow to None, run_after=None
[2026-07-18T21:36:43.693+0000] {logging_mixin.py:190} INFO - [2026-07-18T21:36:43.693+0000] {dag.py:4180} INFO - Setting next_dagrun for dataset_alias_example_alias_producer_with_no_taskflow to None, run_after=None
[2026-07-18T21:36:43.696+0000] {logging_mixin.py:190} INFO - [2026-07-18T21:36:43.696+0000] {dag.py:4180} INFO - Setting next_dagrun for dataset_s3_bucket_consumer_with_no_taskflow to None, run_after=None
[2026-07-18T21:36:43.700+0000] {logging_mixin.py:190} INFO - [2026-07-18T21:36:43.699+0000] {dag.py:4180} INFO - Setting next_dagrun for dataset_s3_bucket_producer_with_no_taskflow to None, run_after=None
[2026-07-18T21:36:43.805+0000] {processor.py:208} INFO - Processing /home/airflow/.local/lib/python3.12/site-packages/airflow/example_dags/example_dataset_alias_with_no_taskflow.py took 0.999 seconds
[2026-07-18T21:37:13.985+0000] {processor.py:186} INFO - Started process (PID=1523) to work on /home/airflow/.local/lib/python3.12/site-packages/airflow/example_dags/example_dataset_alias_with_no_taskflow.py
[2026-07-18T21:37:13.987+0000] {processor.py:914} INFO - Processing file /home/airflow/.local/lib/python3.12/site-packages/airflow/example_dags/example_dataset_alias_with_no_taskflow.py for tasks to queue
[2026-07-18T21:37:13.994+0000] {logging_mixin.py:190} INFO - [2026-07-18T21:37:13.992+0000] {dagbag.py:588} INFO - Filling up the DagBag from /home/airflow/.local/lib/python3.12/site-packages/airflow/example_dags/example_dataset_alias_with_no_taskflow.py
[2026-07-18T21:37:15.250+0000] {processor.py:925} INFO - DAG(s) 'dataset_alias_example_alias_consumer_with_no_taskflow', 'dataset_alias_example_alias_producer_with_no_taskflow', 'dataset_s3_bucket_producer_with_no_taskflow', 'dataset_s3_bucket_consumer_with_no_taskflow' retrieved from /home/airflow/.local/lib/python3.12/site-packages/airflow/example_dags/example_dataset_alias_with_no_taskflow.py
[2026-07-18T21:37:15.283+0000] {logging_mixin.py:190} INFO - [2026-07-18T21:37:15.282+0000] {dag.py:3239} INFO - Sync 4 DAGs
[2026-07-18T21:37:15.320+0000] {logging_mixin.py:190} INFO - [2026-07-18T21:37:15.319+0000] {dag.py:4180} INFO - Setting next_dagrun for dataset_alias_example_alias_consumer_with_no_taskflow to None, run_after=None
[2026-07-18T21:37:15.326+0000] {logging_mixin.py:190} INFO - [2026-07-18T21:37:15.325+0000] {dag.py:4180} INFO - Setting next_dagrun for dataset_alias_example_alias_producer_with_no_taskflow to None, run_after=None
[2026-07-18T21:37:15.330+0000] {logging_mixin.py:190} INFO - [2026-07-18T21:37:15.330+0000] {dag.py:4180} INFO - Setting next_dagrun for dataset_s3_bucket_consumer_with_no_taskflow to None, run_after=None
[2026-07-18T21:37:15.333+0000] {logging_mixin.py:190} INFO - [2026-07-18T21:37:15.333+0000] {dag.py:4180} INFO - Setting next_dagrun for dataset_s3_bucket_producer_with_no_taskflow to None, run_after=None
[2026-07-18T21:37:15.380+0000] {processor.py:208} INFO - Processing /home/airflow/.local/lib/python3.12/site-packages/airflow/example_dags/example_dataset_alias_with_no_taskflow.py took 1.411 seconds
[2026-07-18T21:37:45.729+0000] {processor.py:186} INFO - Started process (PID=1587) to work on /home/airflow/.local/lib/python3.12/site-packages/airflow/example_dags/example_dataset_alias_with_no_taskflow.py
[2026-07-18T21:37:45.733+0000] {processor.py:914} INFO - Processing file /home/airflow/.local/lib/python3.12/site-packages/airflow/example_dags/example_dataset_alias_with_no_taskflow.py for tasks to queue
[2026-07-18T21:37:45.739+0000] {logging_mixin.py:190} INFO - [2026-07-18T21:37:45.739+0000] {dagbag.py:588} INFO - Filling up the DagBag from /home/airflow/.local/lib/python3.12/site-packages/airflow/example_dags/example_dataset_alias_with_no_taskflow.py
[2026-07-18T21:37:46.843+0000] {processor.py:925} INFO - DAG(s) 'dataset_s3_bucket_consumer_with_no_taskflow', 'dataset_alias_example_alias_producer_with_no_taskflow', 'dataset_alias_example_alias_consumer_with_no_taskflow', 'dataset_s3_bucket_producer_with_no_taskflow' retrieved from /home/airflow/.local/lib/python3.12/site-packages/airflow/example_dags/example_dataset_alias_with_no_taskflow.py
[2026-07-18T21:37:46.876+0000] {logging_mixin.py:190} INFO - [2026-07-18T21:37:46.875+0000] {dag.py:3239} INFO - Sync 4 DAGs
[2026-07-18T21:37:46.920+0000] {logging_mixin.py:190} INFO - [2026-07-18T21:37:46.920+0000] {dag.py:4180} INFO - Setting next_dagrun for dataset_alias_example_alias_consumer_with_no_taskflow to None, run_after=None
[2026-07-18T21:37:46.927+0000] {logging_mixin.py:190} INFO - [2026-07-18T21:37:46.926+0000] {dag.py:4180} INFO - Setting next_dagrun for dataset_alias_example_alias_producer_with_no_taskflow to None, run_after=None
[2026-07-18T21:37:46.933+0000] {logging_mixin.py:190} INFO - [2026-07-18T21:37:46.933+0000] {dag.py:4180} INFO - Setting next_dagrun for dataset_s3_bucket_consumer_with_no_taskflow to None, run_after=None
[2026-07-18T21:37:46.937+0000] {logging_mixin.py:190} INFO - [2026-07-18T21:37:46.936+0000] {dag.py:4180} INFO - Setting next_dagrun for dataset_s3_bucket_producer_with_no_taskflow to None, run_after=None
[2026-07-18T21:37:47.021+0000] {processor.py:208} INFO - Processing /home/airflow/.local/lib/python3.12/site-packages/airflow/example_dags/example_dataset_alias_with_no_taskflow.py took 1.306 seconds
[2026-07-18T21:38:17.486+0000] {processor.py:186} INFO - Started process (PID=1651) to work on /home/airflow/.local/lib/python3.12/site-packages/airflow/example_dags/example_dataset_alias_with_no_taskflow.py
[2026-07-18T21:38:17.489+0000] {processor.py:914} INFO - Processing file /home/airflow/.local/lib/python3.12/site-packages/airflow/example_dags/example_dataset_alias_with_no_taskflow.py for tasks to queue
[2026-07-18T21:38:17.495+0000] {logging_mixin.py:190} INFO - [2026-07-18T21:38:17.495+0000] {dagbag.py:588} INFO - Filling up the DagBag from /home/airflow/.local/lib/python3.12/site-packages/airflow/example_dags/example_dataset_alias_with_no_taskflow.py
[2026-07-18T21:38:18.734+0000] {processor.py:925} INFO - DAG(s) 'dataset_s3_bucket_consumer_with_no_taskflow', 'dataset_alias_example_alias_consumer_with_no_taskflow', 'dataset_alias_example_alias_producer_with_no_taskflow', 'dataset_s3_bucket_producer_with_no_taskflow' retrieved from /home/airflow/.local/lib/python3.12/site-packages/airflow/example_dags/example_dataset_alias_with_no_taskflow.py
[2026-07-18T21:38:18.769+0000] {logging_mixin.py:190} INFO - [2026-07-18T21:38:18.769+0000] {dag.py:3239} INFO - Sync 4 DAGs
[2026-07-18T21:38:18.802+0000] {logging_mixin.py:190} INFO - [2026-07-18T21:38:18.801+0000] {dag.py:4180} INFO - Setting next_dagrun for dataset_alias_example_alias_consumer_with_no_taskflow to None, run_after=None
[2026-07-18T21:38:18.808+0000] {logging_mixin.py:190} INFO - [2026-07-18T21:38:18.808+0000] {dag.py:4180} INFO - Setting next_dagrun for dataset_alias_example_alias_producer_with_no_taskflow to None, run_after=None
[2026-07-18T21:38:18.813+0000] {logging_mixin.py:190} INFO - [2026-07-18T21:38:18.812+0000] {dag.py:4180} INFO - Setting next_dagrun for dataset_s3_bucket_consumer_with_no_taskflow to None, run_after=None
[2026-07-18T21:38:18.817+0000] {logging_mixin.py:190} INFO - [2026-07-18T21:38:18.817+0000] {dag.py:4180} INFO - Setting next_dagrun for dataset_s3_bucket_producer_with_no_taskflow to None, run_after=None
[2026-07-18T21:38:18.853+0000] {processor.py:208} INFO - Processing /home/airflow/.local/lib/python3.12/site-packages/airflow/example_dags/example_dataset_alias_with_no_taskflow.py took 1.377 seconds
[2026-07-18T21:38:49.070+0000] {processor.py:186} INFO - Started process (PID=1715) to work on /home/airflow/.local/lib/python3.12/site-packages/airflow/example_dags/example_dataset_alias_with_no_taskflow.py
[2026-07-18T21:38:49.072+0000] {processor.py:914} INFO - Processing file /home/airflow/.local/lib/python3.12/site-packages/airflow/example_dags/example_dataset_alias_with_no_taskflow.py for tasks to queue
[2026-07-18T21:38:49.078+0000] {logging_mixin.py:190} INFO - [2026-07-18T21:38:49.077+0000] {dagbag.py:588} INFO - Filling up the DagBag from /home/airflow/.local/lib/python3.12/site-packages/airflow/example_dags/example_dataset_alias_with_no_taskflow.py
[2026-07-18T21:38:49.822+0000] {processor.py:925} INFO - DAG(s) 'dataset_alias_example_alias_producer_with_no_taskflow', 'dataset_alias_example_alias_consumer_with_no_taskflow', 'dataset_s3_bucket_consumer_with_no_taskflow', 'dataset_s3_bucket_producer_with_no_taskflow' retrieved from /home/airflow/.local/lib/python3.12/site-packages/airflow/example_dags/example_dataset_alias_with_no_taskflow.py
[2026-07-18T21:38:49.854+0000] {logging_mixin.py:190} INFO - [2026-07-18T21:38:49.854+0000] {dag.py:3239} INFO - Sync 4 DAGs
[2026-07-18T21:38:49.879+0000] {logging_mixin.py:190} INFO - [2026-07-18T21:38:49.878+0000] {dag.py:4180} INFO - Setting next_dagrun for dataset_alias_example_alias_consumer_with_no_taskflow to None, run_after=None
[2026-07-18T21:38:49.884+0000] {logging_mixin.py:190} INFO - [2026-07-18T21:38:49.883+0000] {dag.py:4180} INFO - Setting next_dagrun for dataset_alias_example_alias_producer_with_no_taskflow to None, run_after=None
[2026-07-18T21:38:49.887+0000] {logging_mixin.py:190} INFO - [2026-07-18T21:38:49.887+0000] {dag.py:4180} INFO - Setting next_dagrun for dataset_s3_bucket_consumer_with_no_taskflow to None, run_after=None
[2026-07-18T21:38:49.890+0000] {logging_mixin.py:190} INFO - [2026-07-18T21:38:49.890+0000] {dag.py:4180} INFO - Setting next_dagrun for dataset_s3_bucket_producer_with_no_taskflow to None, run_after=None
[2026-07-18T21:38:49.989+0000] {processor.py:208} INFO - Processing /home/airflow/.local/lib/python3.12/site-packages/airflow/example_dags/example_dataset_alias_with_no_taskflow.py took 0.929 seconds
[2026-07-18T21:39:20.565+0000] {processor.py:186} INFO - Started process (PID=1779) to work on /home/airflow/.local/lib/python3.12/site-packages/airflow/example_dags/example_dataset_alias_with_no_taskflow.py
[2026-07-18T21:39:20.568+0000] {processor.py:914} INFO - Processing file /home/airflow/.local/lib/python3.12/site-packages/airflow/example_dags/example_dataset_alias_with_no_taskflow.py for tasks to queue
[2026-07-18T21:39:20.572+0000] {logging_mixin.py:190} INFO - [2026-07-18T21:39:20.572+0000] {dagbag.py:588} INFO - Filling up the DagBag from /home/airflow/.local/lib/python3.12/site-packages/airflow/example_dags/example_dataset_alias_with_no_taskflow.py
[2026-07-18T21:39:21.307+0000] {processor.py:925} INFO - DAG(s) 'dataset_s3_bucket_producer_with_no_taskflow', 'dataset_alias_example_alias_consumer_with_no_taskflow', 'dataset_s3_bucket_consumer_with_no_taskflow', 'dataset_alias_example_alias_producer_with_no_taskflow' retrieved from /home/airflow/.local/lib/python3.12/site-packages/airflow/example_dags/example_dataset_alias_with_no_taskflow.py
[2026-07-18T21:39:21.337+0000] {logging_mixin.py:190} INFO - [2026-07-18T21:39:21.337+0000] {dag.py:3239} INFO - Sync 4 DAGs
[2026-07-18T21:39:21.413+0000] {logging_mixin.py:190} INFO - [2026-07-18T21:39:21.413+0000] {dag.py:4180} INFO - Setting next_dagrun for dataset_alias_example_alias_consumer_with_no_taskflow to None, run_after=None
[2026-07-18T21:39:21.417+0000] {logging_mixin.py:190} INFO - [2026-07-18T21:39:21.417+0000] {dag.py:4180} INFO - Setting next_dagrun for dataset_alias_example_alias_producer_with_no_taskflow to None, run_after=None
[2026-07-18T21:39:21.421+0000] {logging_mixin.py:190} INFO - [2026-07-18T21:39:21.421+0000] {dag.py:4180} INFO - Setting next_dagrun for dataset_s3_bucket_consumer_with_no_taskflow to None, run_after=None
[2026-07-18T21:39:21.424+0000] {logging_mixin.py:190} INFO - [2026-07-18T21:39:21.424+0000] {dag.py:4180} INFO - Setting next_dagrun for dataset_s3_bucket_producer_with_no_taskflow to None, run_after=None
[2026-07-18T21:39:21.454+0000] {processor.py:208} INFO - Processing /home/airflow/.local/lib/python3.12/site-packages/airflow/example_dags/example_dataset_alias_with_no_taskflow.py took 0.895 seconds
[2026-07-18T21:39:52.850+0000] {processor.py:186} INFO - Started process (PID=1843) to work on /home/airflow/.local/lib/python3.12/site-packages/airflow/example_dags/example_dataset_alias_with_no_taskflow.py
[2026-07-18T21:39:52.852+0000] {processor.py:914} INFO - Processing file /home/airflow/.local/lib/python3.12/site-packages/airflow/example_dags/example_dataset_alias_with_no_taskflow.py for tasks to queue
[2026-07-18T21:39:52.859+0000] {logging_mixin.py:190} INFO - [2026-07-18T21:39:52.858+0000] {dagbag.py:588} INFO - Filling up the DagBag from /home/airflow/.local/lib/python3.12/site-packages/airflow/example_dags/example_dataset_alias_with_no_taskflow.py
[2026-07-18T21:39:53.718+0000] {processor.py:925} INFO - DAG(s) 'dataset_s3_bucket_consumer_with_no_taskflow', 'dataset_alias_example_alias_producer_with_no_taskflow', 'dataset_s3_bucket_producer_with_no_taskflow', 'dataset_alias_example_alias_consumer_with_no_taskflow' retrieved from /home/airflow/.local/lib/python3.12/site-packages/airflow/example_dags/example_dataset_alias_with_no_taskflow.py
[2026-07-18T21:39:53.757+0000] {logging_mixin.py:190} INFO - [2026-07-18T21:39:53.757+0000] {dag.py:3239} INFO - Sync 4 DAGs
[2026-07-18T21:39:53.796+0000] {logging_mixin.py:190} INFO - [2026-07-18T21:39:53.796+0000] {dag.py:4180} INFO - Setting next_dagrun for dataset_alias_example_alias_consumer_with_no_taskflow to None, run_after=None
[2026-07-18T21:39:53.801+0000] {logging_mixin.py:190} INFO - [2026-07-18T21:39:53.801+0000] {dag.py:4180} INFO - Setting next_dagrun for dataset_alias_example_alias_producer_with_no_taskflow to None, run_after=None
[2026-07-18T21:39:53.806+0000] {logging_mixin.py:190} INFO - [2026-07-18T21:39:53.806+0000] {dag.py:4180} INFO - Setting next_dagrun for dataset_s3_bucket_consumer_with_no_taskflow to None, run_after=None
[2026-07-18T21:39:53.811+0000] {logging_mixin.py:190} INFO - [2026-07-18T21:39:53.810+0000] {dag.py:4180} INFO - Setting next_dagrun for dataset_s3_bucket_producer_with_no_taskflow to None, run_after=None
[2026-07-18T21:39:53.861+0000] {processor.py:208} INFO - Processing /home/airflow/.local/lib/python3.12/site-packages/airflow/example_dags/example_dataset_alias_with_no_taskflow.py took 1.023 seconds
[2026-07-18T21:40:24.029+0000] {processor.py:186} INFO - Started process (PID=1899) to work on /home/airflow/.local/lib/python3.12/site-packages/airflow/example_dags/example_dataset_alias_with_no_taskflow.py
[2026-07-18T21:40:24.032+0000] {processor.py:914} INFO - Processing file /home/airflow/.local/lib/python3.12/site-packages/airflow/example_dags/example_dataset_alias_with_no_taskflow.py for tasks to queue
[2026-07-18T21:40:24.039+0000] {logging_mixin.py:190} INFO - [2026-07-18T21:40:24.039+0000] {dagbag.py:588} INFO - Filling up the DagBag from /home/airflow/.local/lib/python3.12/site-packages/airflow/example_dags/example_dataset_alias_with_no_taskflow.py
[2026-07-18T21:40:25.124+0000] {processor.py:925} INFO - DAG(s) 'dataset_alias_example_alias_producer_with_no_taskflow', 'dataset_s3_bucket_producer_with_no_taskflow', 'dataset_alias_example_alias_consumer_with_no_taskflow', 'dataset_s3_bucket_consumer_with_no_taskflow' retrieved from /home/airflow/.local/lib/python3.12/site-packages/airflow/example_dags/example_dataset_alias_with_no_taskflow.py
[2026-07-18T21:40:25.161+0000] {logging_mixin.py:190} INFO - [2026-07-18T21:40:25.160+0000] {dag.py:3239} INFO - Sync 4 DAGs
[2026-07-18T21:40:25.201+0000] {logging_mixin.py:190} INFO - [2026-07-18T21:40:25.201+0000] {dag.py:4180} INFO - Setting next_dagrun for dataset_alias_example_alias_consumer_with_no_taskflow to None, run_after=None
[2026-07-18T21:40:25.206+0000] {logging_mixin.py:190} INFO - [2026-07-18T21:40:25.206+0000] {dag.py:4180} INFO - Setting next_dagrun for dataset_alias_example_alias_producer_with_no_taskflow to None, run_after=None
[2026-07-18T21:40:25.210+0000] {logging_mixin.py:190} INFO - [2026-07-18T21:40:25.209+0000] {dag.py:4180} INFO - Setting next_dagrun for dataset_s3_bucket_consumer_with_no_taskflow to None, run_after=None
[2026-07-18T21:40:25.213+0000] {logging_mixin.py:190} INFO - [2026-07-18T21:40:25.213+0000] {dag.py:4180} INFO - Setting next_dagrun for dataset_s3_bucket_producer_with_no_taskflow to None, run_after=None
[2026-07-18T21:40:25.292+0000] {processor.py:208} INFO - Processing /home/airflow/.local/lib/python3.12/site-packages/airflow/example_dags/example_dataset_alias_with_no_taskflow.py took 1.277 seconds
[2026-07-18T21:40:55.404+0000] {processor.py:186} INFO - Started process (PID=1968) to work on /home/airflow/.local/lib/python3.12/site-packages/airflow/example_dags/example_dataset_alias_with_no_taskflow.py
[2026-07-18T21:40:55.406+0000] {processor.py:914} INFO - Processing file /home/airflow/.local/lib/python3.12/site-packages/airflow/example_dags/example_dataset_alias_with_no_taskflow.py for tasks to queue
[2026-07-18T21:40:55.411+0000] {logging_mixin.py:190} INFO - [2026-07-18T21:40:55.410+0000] {dagbag.py:588} INFO - Filling up the DagBag from /home/airflow/.local/lib/python3.12/site-packages/airflow/example_dags/example_dataset_alias_with_no_taskflow.py
[2026-07-18T21:40:56.430+0000] {processor.py:925} INFO - DAG(s) 'dataset_s3_bucket_consumer_with_no_taskflow', 'dataset_s3_bucket_producer_with_no_taskflow', 'dataset_alias_example_alias_producer_with_no_taskflow', 'dataset_alias_example_alias_consumer_with_no_taskflow' retrieved from /home/airflow/.local/lib/python3.12/site-packages/airflow/example_dags/example_dataset_alias_with_no_taskflow.py
[2026-07-18T21:40:56.472+0000] {logging_mixin.py:190} INFO - [2026-07-18T21:40:56.470+0000] {dag.py:3239} INFO - Sync 4 DAGs
[2026-07-18T21:40:56.536+0000] {logging_mixin.py:190} INFO - [2026-07-18T21:40:56.535+0000] {dag.py:4180} INFO - Setting next_dagrun for dataset_alias_example_alias_consumer_with_no_taskflow to None, run_after=None
[2026-07-18T21:40:56.561+0000] {logging_mixin.py:190} INFO - [2026-07-18T21:40:56.560+0000] {dag.py:4180} INFO - Setting next_dagrun for dataset_alias_example_alias_producer_with_no_taskflow to None, run_after=None
[2026-07-18T21:40:56.567+0000] {logging_mixin.py:190} INFO - [2026-07-18T21:40:56.566+0000] {dag.py:4180} INFO - Setting next_dagrun for dataset_s3_bucket_consumer_with_no_taskflow to None, run_after=None
[2026-07-18T21:40:56.577+0000] {logging_mixin.py:190} INFO - [2026-07-18T21:40:56.574+0000] {dag.py:4180} INFO - Setting next_dagrun for dataset_s3_bucket_producer_with_no_taskflow to None, run_after=None
[2026-07-18T21:40:56.684+0000] {processor.py:208} INFO - Processing /home/airflow/.local/lib/python3.12/site-packages/airflow/example_dags/example_dataset_alias_with_no_taskflow.py took 1.289 seconds
[2026-07-18T21:41:27.198+0000] {processor.py:186} INFO - Started process (PID=2041) to work on /home/airflow/.local/lib/python3.12/site-packages/airflow/example_dags/example_dataset_alias_with_no_taskflow.py
[2026-07-18T21:41:27.202+0000] {processor.py:914} INFO - Processing file /home/airflow/.local/lib/python3.12/site-packages/airflow/example_dags/example_dataset_alias_with_no_taskflow.py for tasks to queue
[2026-07-18T21:41:27.210+0000] {logging_mixin.py:190} INFO - [2026-07-18T21:41:27.209+0000] {dagbag.py:588} INFO - Filling up the DagBag from /home/airflow/.local/lib/python3.12/site-packages/airflow/example_dags/example_dataset_alias_with_no_taskflow.py
[2026-07-18T21:41:28.178+0000] {processor.py:925} INFO - DAG(s) 'dataset_alias_example_alias_consumer_with_no_taskflow', 'dataset_s3_bucket_consumer_with_no_taskflow', 'dataset_alias_example_alias_producer_with_no_taskflow', 'dataset_s3_bucket_producer_with_no_taskflow' retrieved from /home/airflow/.local/lib/python3.12/site-packages/airflow/example_dags/example_dataset_alias_with_no_taskflow.py
[2026-07-18T21:41:28.243+0000] {logging_mixin.py:190} INFO - [2026-07-18T21:41:28.242+0000] {dag.py:3239} INFO - Sync 4 DAGs
[2026-07-18T21:41:28.306+0000] {logging_mixin.py:190} INFO - [2026-07-18T21:41:28.306+0000] {dag.py:4180} INFO - Setting next_dagrun for dataset_alias_example_alias_consumer_with_no_taskflow to None, run_after=None
[2026-07-18T21:41:28.316+0000] {logging_mixin.py:190} INFO - [2026-07-18T21:41:28.315+0000] {dag.py:4180} INFO - Setting next_dagrun for dataset_alias_example_alias_producer_with_no_taskflow to None, run_after=None
[2026-07-18T21:41:28.324+0000] {logging_mixin.py:190} INFO - [2026-07-18T21:41:28.324+0000] {dag.py:4180} INFO - Setting next_dagrun for dataset_s3_bucket_consumer_with_no_taskflow to None, run_after=None
[2026-07-18T21:41:28.330+0000] {logging_mixin.py:190} INFO - [2026-07-18T21:41:28.330+0000] {dag.py:4180} INFO - Setting next_dagrun for dataset_s3_bucket_producer_with_no_taskflow to None, run_after=None
[2026-07-18T21:41:28.377+0000] {processor.py:208} INFO - Processing /home/airflow/.local/lib/python3.12/site-packages/airflow/example_dags/example_dataset_alias_with_no_taskflow.py took 1.195 seconds
[2026-07-18T21:41:58.977+0000] {processor.py:186} INFO - Started process (PID=2106) to work on /home/airflow/.local/lib/python3.12/site-packages/airflow/example_dags/example_dataset_alias_with_no_taskflow.py
[2026-07-18T21:41:58.980+0000] {processor.py:914} INFO - Processing file /home/airflow/.local/lib/python3.12/site-packages/airflow/example_dags/example_dataset_alias_with_no_taskflow.py for tasks to queue
[2026-07-18T21:41:58.985+0000] {logging_mixin.py:190} INFO - [2026-07-18T21:41:58.984+0000] {dagbag.py:588} INFO - Filling up the DagBag from /home/airflow/.local/lib/python3.12/site-packages/airflow/example_dags/example_dataset_alias_with_no_taskflow.py
[2026-07-18T21:41:59.817+0000] {processor.py:925} INFO - DAG(s) 'dataset_s3_bucket_consumer_with_no_taskflow', 'dataset_alias_example_alias_consumer_with_no_taskflow', 'dataset_s3_bucket_producer_with_no_taskflow', 'dataset_alias_example_alias_producer_with_no_taskflow' retrieved from /home/airflow/.local/lib/python3.12/site-packages/airflow/example_dags/example_dataset_alias_with_no_taskflow.py
[2026-07-18T21:41:59.845+0000] {logging_mixin.py:190} INFO - [2026-07-18T21:41:59.844+0000] {dag.py:3239} INFO - Sync 4 DAGs
[2026-07-18T21:41:59.876+0000] {logging_mixin.py:190} INFO - [2026-07-18T21:41:59.876+0000] {dag.py:4180} INFO - Setting next_dagrun for dataset_alias_example_alias_consumer_with_no_taskflow to None, run_after=None
[2026-07-18T21:41:59.881+0000] {logging_mixin.py:190} INFO - [2026-07-18T21:41:59.881+0000] {dag.py:4180} INFO - Setting next_dagrun for dataset_alias_example_alias_producer_with_no_taskflow to None, run_after=None
[2026-07-18T21:41:59.888+0000] {logging_mixin.py:190} INFO - [2026-07-18T21:41:59.887+0000] {dag.py:4180} INFO - Setting next_dagrun for dataset_s3_bucket_consumer_with_no_taskflow to None, run_after=None
[2026-07-18T21:41:59.891+0000] {logging_mixin.py:190} INFO - [2026-07-18T21:41:59.891+0000] {dag.py:4180} INFO - Setting next_dagrun for dataset_s3_bucket_producer_with_no_taskflow to None, run_after=None
[2026-07-18T21:41:59.975+0000] {processor.py:208} INFO - Processing /home/airflow/.local/lib/python3.12/site-packages/airflow/example_dags/example_dataset_alias_with_no_taskflow.py took 1.007 seconds
[2026-07-18T21:42:30.571+0000] {processor.py:186} INFO - Started process (PID=2170) to work on /home/airflow/.local/lib/python3.12/site-packages/airflow/example_dags/example_dataset_alias_with_no_taskflow.py
[2026-07-18T21:42:30.574+0000] {processor.py:914} INFO - Processing file /home/airflow/.local/lib/python3.12/site-packages/airflow/example_dags/example_dataset_alias_with_no_taskflow.py for tasks to queue
[2026-07-18T21:42:30.578+0000] {logging_mixin.py:190} INFO - [2026-07-18T21:42:30.578+0000] {dagbag.py:588} INFO - Filling up the DagBag from /home/airflow/.local/lib/python3.12/site-packages/airflow/example_dags/example_dataset_alias_with_no_taskflow.py
[2026-07-18T21:42:31.358+0000] {processor.py:925} INFO - DAG(s) 'dataset_alias_example_alias_producer_with_no_taskflow', 'dataset_s3_bucket_producer_with_no_taskflow', 'dataset_s3_bucket_consumer_with_no_taskflow', 'dataset_alias_example_alias_consumer_with_no_taskflow' retrieved from /home/airflow/.local/lib/python3.12/site-packages/airflow/example_dags/example_dataset_alias_with_no_taskflow.py
[2026-07-18T21:42:31.384+0000] {logging_mixin.py:190} INFO - [2026-07-18T21:42:31.384+0000] {dag.py:3239} INFO - Sync 4 DAGs
[2026-07-18T21:42:31.419+0000] {logging_mixin.py:190} INFO - [2026-07-18T21:42:31.418+0000] {dag.py:4180} INFO - Setting next_dagrun for dataset_alias_example_alias_consumer_with_no_taskflow to None, run_after=None
[2026-07-18T21:42:31.423+0000] {logging_mixin.py:190} INFO - [2026-07-18T21:42:31.423+0000] {dag.py:4180} INFO - Setting next_dagrun for dataset_alias_example_alias_producer_with_no_taskflow to None, run_after=None
[2026-07-18T21:42:31.427+0000] {logging_mixin.py:190} INFO - [2026-07-18T21:42:31.427+0000] {dag.py:4180} INFO - Setting next_dagrun for dataset_s3_bucket_consumer_with_no_taskflow to None, run_after=None
[2026-07-18T21:42:31.431+0000] {logging_mixin.py:190} INFO - [2026-07-18T21:42:31.430+0000] {dag.py:4180} INFO - Setting next_dagrun for dataset_s3_bucket_producer_with_no_taskflow to None, run_after=None
[2026-07-18T21:42:31.459+0000] {processor.py:208} INFO - Processing /home/airflow/.local/lib/python3.12/site-packages/airflow/example_dags/example_dataset_alias_with_no_taskflow.py took 0.895 seconds
[2026-07-18T21:43:01.660+0000] {processor.py:186} INFO - Started process (PID=2235) to work on /home/airflow/.local/lib/python3.12/site-packages/airflow/example_dags/example_dataset_alias_with_no_taskflow.py
[2026-07-18T21:43:01.663+0000] {processor.py:914} INFO - Processing file /home/airflow/.local/lib/python3.12/site-packages/airflow/example_dags/example_dataset_alias_with_no_taskflow.py for tasks to queue
[2026-07-18T21:43:01.669+0000] {logging_mixin.py:190} INFO - [2026-07-18T21:43:01.668+0000] {dagbag.py:588} INFO - Filling up the DagBag from /home/airflow/.local/lib/python3.12/site-packages/airflow/example_dags/example_dataset_alias_with_no_taskflow.py
[2026-07-18T21:43:02.718+0000] {processor.py:925} INFO - DAG(s) 'dataset_s3_bucket_consumer_with_no_taskflow', 'dataset_alias_example_alias_producer_with_no_taskflow', 'dataset_alias_example_alias_consumer_with_no_taskflow', 'dataset_s3_bucket_producer_with_no_taskflow' retrieved from /home/airflow/.local/lib/python3.12/site-packages/airflow/example_dags/example_dataset_alias_with_no_taskflow.py
[2026-07-18T21:43:02.747+0000] {logging_mixin.py:190} INFO - [2026-07-18T21:43:02.747+0000] {dag.py:3239} INFO - Sync 4 DAGs
[2026-07-18T21:43:02.775+0000] {logging_mixin.py:190} INFO - [2026-07-18T21:43:02.774+0000] {dag.py:4180} INFO - Setting next_dagrun for dataset_alias_example_alias_consumer_with_no_taskflow to None, run_after=None
[2026-07-18T21:43:02.780+0000] {logging_mixin.py:190} INFO - [2026-07-18T21:43:02.780+0000] {dag.py:4180} INFO - Setting next_dagrun for dataset_alias_example_alias_producer_with_no_taskflow to None, run_after=None
[2026-07-18T21:43:02.783+0000] {logging_mixin.py:190} INFO - [2026-07-18T21:43:02.783+0000] {dag.py:4180} INFO - Setting next_dagrun for dataset_s3_bucket_consumer_with_no_taskflow to None, run_after=None
[2026-07-18T21:43:02.786+0000] {logging_mixin.py:190} INFO - [2026-07-18T21:43:02.786+0000] {dag.py:4180} INFO - Setting next_dagrun for dataset_s3_bucket_producer_with_no_taskflow to None, run_after=None
[2026-07-18T21:43:02.906+0000] {processor.py:208} INFO - Processing /home/airflow/.local/lib/python3.12/site-packages/airflow/example_dags/example_dataset_alias_with_no_taskflow.py took 1.254 seconds
[2026-07-18T21:43:33.673+0000] {processor.py:186} INFO - Started process (PID=2300) to work on /home/airflow/.local/lib/python3.12/site-packages/airflow/example_dags/example_dataset_alias_with_no_taskflow.py
[2026-07-18T21:43:33.690+0000] {processor.py:914} INFO - Processing file /home/airflow/.local/lib/python3.12/site-packages/airflow/example_dags/example_dataset_alias_with_no_taskflow.py for tasks to queue
[2026-07-18T21:43:33.696+0000] {logging_mixin.py:190} INFO - [2026-07-18T21:43:33.695+0000] {dagbag.py:588} INFO - Filling up the DagBag from /home/airflow/.local/lib/python3.12/site-packages/airflow/example_dags/example_dataset_alias_with_no_taskflow.py
[2026-07-18T21:43:34.607+0000] {processor.py:925} INFO - DAG(s) 'dataset_s3_bucket_producer_with_no_taskflow', 'dataset_s3_bucket_consumer_with_no_taskflow', 'dataset_alias_example_alias_consumer_with_no_taskflow', 'dataset_alias_example_alias_producer_with_no_taskflow' retrieved from /home/airflow/.local/lib/python3.12/site-packages/airflow/example_dags/example_dataset_alias_with_no_taskflow.py
[2026-07-18T21:43:34.643+0000] {logging_mixin.py:190} INFO - [2026-07-18T21:43:34.642+0000] {dag.py:3239} INFO - Sync 4 DAGs
[2026-07-18T21:43:34.671+0000] {logging_mixin.py:190} INFO - [2026-07-18T21:43:34.671+0000] {dag.py:4180} INFO - Setting next_dagrun for dataset_alias_example_alias_consumer_with_no_taskflow to None, run_after=None
[2026-07-18T21:43:34.677+0000] {logging_mixin.py:190} INFO - [2026-07-18T21:43:34.676+0000] {dag.py:4180} INFO - Setting next_dagrun for dataset_alias_example_alias_producer_with_no_taskflow to None, run_after=None
[2026-07-18T21:43:34.681+0000] {logging_mixin.py:190} INFO - [2026-07-18T21:43:34.681+0000] {dag.py:4180} INFO - Setting next_dagrun for dataset_s3_bucket_consumer_with_no_taskflow to None, run_after=None
[2026-07-18T21:43:34.685+0000] {logging_mixin.py:190} INFO - [2026-07-18T21:43:34.684+0000] {dag.py:4180} INFO - Setting next_dagrun for dataset_s3_bucket_producer_with_no_taskflow to None, run_after=None
[2026-07-18T21:43:34.766+0000] {processor.py:208} INFO - Processing /home/airflow/.local/lib/python3.12/site-packages/airflow/example_dags/example_dataset_alias_with_no_taskflow.py took 1.102 seconds
[2026-07-18T21:44:04.974+0000] {processor.py:186} INFO - Started process (PID=2364) to work on /home/airflow/.local/lib/python3.12/site-packages/airflow/example_dags/example_dataset_alias_with_no_taskflow.py
[2026-07-18T21:44:04.977+0000] {processor.py:914} INFO - Processing file /home/airflow/.local/lib/python3.12/site-packages/airflow/example_dags/example_dataset_alias_with_no_taskflow.py for tasks to queue
[2026-07-18T21:44:04.983+0000] {logging_mixin.py:190} INFO - [2026-07-18T21:44:04.982+0000] {dagbag.py:588} INFO - Filling up the DagBag from /home/airflow/.local/lib/python3.12/site-packages/airflow/example_dags/example_dataset_alias_with_no_taskflow.py
[2026-07-18T21:44:06.110+0000] {processor.py:925} INFO - DAG(s) 'dataset_s3_bucket_consumer_with_no_taskflow', 'dataset_alias_example_alias_producer_with_no_taskflow', 'dataset_alias_example_alias_consumer_with_no_taskflow', 'dataset_s3_bucket_producer_with_no_taskflow' retrieved from /home/airflow/.local/lib/python3.12/site-packages/airflow/example_dags/example_dataset_alias_with_no_taskflow.py
[2026-07-18T21:44:06.156+0000] {logging_mixin.py:190} INFO - [2026-07-18T21:44:06.155+0000] {dag.py:3239} INFO - Sync 4 DAGs
[2026-07-18T21:44:06.197+0000] {logging_mixin.py:190} INFO - [2026-07-18T21:44:06.197+0000] {dag.py:4180} INFO - Setting next_dagrun for dataset_alias_example_alias_consumer_with_no_taskflow to None, run_after=None
[2026-07-18T21:44:06.203+0000] {logging_mixin.py:190} INFO - [2026-07-18T21:44:06.202+0000] {dag.py:4180} INFO - Setting next_dagrun for dataset_alias_example_alias_producer_with_no_taskflow to None, run_after=None
[2026-07-18T21:44:06.207+0000] {logging_mixin.py:190} INFO - [2026-07-18T21:44:06.206+0000] {dag.py:4180} INFO - Setting next_dagrun for dataset_s3_bucket_consumer_with_no_taskflow to None, run_after=None
[2026-07-18T21:44:06.210+0000] {logging_mixin.py:190} INFO - [2026-07-18T21:44:06.210+0000] {dag.py:4180} INFO - Setting next_dagrun for dataset_s3_bucket_producer_with_no_taskflow to None, run_after=None
[2026-07-18T21:44:06.244+0000] {processor.py:208} INFO - Processing /home/airflow/.local/lib/python3.12/site-packages/airflow/example_dags/example_dataset_alias_with_no_taskflow.py took 1.286 seconds
[2026-07-18T21:44:36.443+0000] {processor.py:186} INFO - Started process (PID=2428) to work on /home/airflow/.local/lib/python3.12/site-packages/airflow/example_dags/example_dataset_alias_with_no_taskflow.py
[2026-07-18T21:44:36.445+0000] {processor.py:914} INFO - Processing file /home/airflow/.local/lib/python3.12/site-packages/airflow/example_dags/example_dataset_alias_with_no_taskflow.py for tasks to queue
[2026-07-18T21:44:36.449+0000] {logging_mixin.py:190} INFO - [2026-07-18T21:44:36.449+0000] {dagbag.py:588} INFO - Filling up the DagBag from /home/airflow/.local/lib/python3.12/site-packages/airflow/example_dags/example_dataset_alias_with_no_taskflow.py
[2026-07-18T21:44:37.622+0000] {processor.py:925} INFO - DAG(s) 'dataset_alias_example_alias_producer_with_no_taskflow', 'dataset_s3_bucket_producer_with_no_taskflow', 'dataset_s3_bucket_consumer_with_no_taskflow', 'dataset_alias_example_alias_consumer_with_no_taskflow' retrieved from /home/airflow/.local/lib/python3.12/site-packages/airflow/example_dags/example_dataset_alias_with_no_taskflow.py
[2026-07-18T21:44:37.654+0000] {logging_mixin.py:190} INFO - [2026-07-18T21:44:37.653+0000] {dag.py:3239} INFO - Sync 4 DAGs
[2026-07-18T21:44:37.692+0000] {logging_mixin.py:190} INFO - [2026-07-18T21:44:37.692+0000] {dag.py:4180} INFO - Setting next_dagrun for dataset_alias_example_alias_consumer_with_no_taskflow to None, run_after=None
[2026-07-18T21:44:37.699+0000] {logging_mixin.py:190} INFO - [2026-07-18T21:44:37.698+0000] {dag.py:4180} INFO - Setting next_dagrun for dataset_alias_example_alias_producer_with_no_taskflow to None, run_after=None
[2026-07-18T21:44:37.704+0000] {logging_mixin.py:190} INFO - [2026-07-18T21:44:37.704+0000] {dag.py:4180} INFO - Setting next_dagrun for dataset_s3_bucket_consumer_with_no_taskflow to None, run_after=None
[2026-07-18T21:44:37.709+0000] {logging_mixin.py:190} INFO - [2026-07-18T21:44:37.708+0000] {dag.py:4180} INFO - Setting next_dagrun for dataset_s3_bucket_producer_with_no_taskflow to None, run_after=None
[2026-07-18T21:44:37.798+0000] {processor.py:208} INFO - Processing /home/airflow/.local/lib/python3.12/site-packages/airflow/example_dags/example_dataset_alias_with_no_taskflow.py took 1.364 seconds
[2026-07-18T21:45:07.991+0000] {processor.py:186} INFO - Started process (PID=2492) to work on /home/airflow/.local/lib/python3.12/site-packages/airflow/example_dags/example_dataset_alias_with_no_taskflow.py
[2026-07-18T21:45:07.995+0000] {processor.py:914} INFO - Processing file /home/airflow/.local/lib/python3.12/site-packages/airflow/example_dags/example_dataset_alias_with_no_taskflow.py for tasks to queue
[2026-07-18T21:45:08.007+0000] {logging_mixin.py:190} INFO - [2026-07-18T21:45:08.005+0000] {dagbag.py:588} INFO - Filling up the DagBag from /home/airflow/.local/lib/python3.12/site-packages/airflow/example_dags/example_dataset_alias_with_no_taskflow.py
[2026-07-18T21:45:09.003+0000] {processor.py:925} INFO - DAG(s) 'dataset_s3_bucket_producer_with_no_taskflow', 'dataset_s3_bucket_consumer_with_no_taskflow', 'dataset_alias_example_alias_consumer_with_no_taskflow', 'dataset_alias_example_alias_producer_with_no_taskflow' retrieved from /home/airflow/.local/lib/python3.12/site-packages/airflow/example_dags/example_dataset_alias_with_no_taskflow.py
[2026-07-18T21:45:09.037+0000] {logging_mixin.py:190} INFO - [2026-07-18T21:45:09.036+0000] {dag.py:3239} INFO - Sync 4 DAGs
[2026-07-18T21:45:09.069+0000] {logging_mixin.py:190} INFO - [2026-07-18T21:45:09.069+0000] {dag.py:4180} INFO - Setting next_dagrun for dataset_alias_example_alias_consumer_with_no_taskflow to None, run_after=None
[2026-07-18T21:45:09.074+0000] {logging_mixin.py:190} INFO - [2026-07-18T21:45:09.074+0000] {dag.py:4180} INFO - Setting next_dagrun for dataset_alias_example_alias_producer_with_no_taskflow to None, run_after=None
[2026-07-18T21:45:09.078+0000] {logging_mixin.py:190} INFO - [2026-07-18T21:45:09.077+0000] {dag.py:4180} INFO - Setting next_dagrun for dataset_s3_bucket_consumer_with_no_taskflow to None, run_after=None
[2026-07-18T21:45:09.081+0000] {logging_mixin.py:190} INFO - [2026-07-18T21:45:09.080+0000] {dag.py:4180} INFO - Setting next_dagrun for dataset_s3_bucket_producer_with_no_taskflow to None, run_after=None
[2026-07-18T21:45:09.110+0000] {processor.py:208} INFO - Processing /home/airflow/.local/lib/python3.12/site-packages/airflow/example_dags/example_dataset_alias_with_no_taskflow.py took 1.134 seconds
[2026-07-18T21:45:39.737+0000] {processor.py:186} INFO - Started process (PID=2556) to work on /home/airflow/.local/lib/python3.12/site-packages/airflow/example_dags/example_dataset_alias_with_no_taskflow.py
[2026-07-18T21:45:39.740+0000] {processor.py:914} INFO - Processing file /home/airflow/.local/lib/python3.12/site-packages/airflow/example_dags/example_dataset_alias_with_no_taskflow.py for tasks to queue
[2026-07-18T21:45:39.744+0000] {logging_mixin.py:190} INFO - [2026-07-18T21:45:39.744+0000] {dagbag.py:588} INFO - Filling up the DagBag from /home/airflow/.local/lib/python3.12/site-packages/airflow/example_dags/example_dataset_alias_with_no_taskflow.py
[2026-07-18T21:45:40.578+0000] {processor.py:925} INFO - DAG(s) 'dataset_alias_example_alias_consumer_with_no_taskflow', 'dataset_s3_bucket_consumer_with_no_taskflow', 'dataset_alias_example_alias_producer_with_no_taskflow', 'dataset_s3_bucket_producer_with_no_taskflow' retrieved from /home/airflow/.local/lib/python3.12/site-packages/airflow/example_dags/example_dataset_alias_with_no_taskflow.py
[2026-07-18T21:45:40.603+0000] {logging_mixin.py:190} INFO - [2026-07-18T21:45:40.603+0000] {dag.py:3239} INFO - Sync 4 DAGs
[2026-07-18T21:45:40.632+0000] {logging_mixin.py:190} INFO - [2026-07-18T21:45:40.632+0000] {dag.py:4180} INFO - Setting next_dagrun for dataset_alias_example_alias_consumer_with_no_taskflow to None, run_after=None
[2026-07-18T21:45:40.637+0000] {logging_mixin.py:190} INFO - [2026-07-18T21:45:40.637+0000] {dag.py:4180} INFO - Setting next_dagrun for dataset_alias_example_alias_producer_with_no_taskflow to None, run_after=None
[2026-07-18T21:45:40.642+0000] {logging_mixin.py:190} INFO - [2026-07-18T21:45:40.642+0000] {dag.py:4180} INFO - Setting next_dagrun for dataset_s3_bucket_consumer_with_no_taskflow to None, run_after=None
[2026-07-18T21:45:40.645+0000] {logging_mixin.py:190} INFO - [2026-07-18T21:45:40.645+0000] {dag.py:4180} INFO - Setting next_dagrun for dataset_s3_bucket_producer_with_no_taskflow to None, run_after=None
[2026-07-18T21:45:40.675+0000] {processor.py:208} INFO - Processing /home/airflow/.local/lib/python3.12/site-packages/airflow/example_dags/example_dataset_alias_with_no_taskflow.py took 0.945 seconds
[2026-07-18T21:46:11.130+0000] {processor.py:186} INFO - Started process (PID=2620) to work on /home/airflow/.local/lib/python3.12/site-packages/airflow/example_dags/example_dataset_alias_with_no_taskflow.py
[2026-07-18T21:46:11.132+0000] {processor.py:914} INFO - Processing file /home/airflow/.local/lib/python3.12/site-packages/airflow/example_dags/example_dataset_alias_with_no_taskflow.py for tasks to queue
[2026-07-18T21:46:11.138+0000] {logging_mixin.py:190} INFO - [2026-07-18T21:46:11.137+0000] {dagbag.py:588} INFO - Filling up the DagBag from /home/airflow/.local/lib/python3.12/site-packages/airflow/example_dags/example_dataset_alias_with_no_taskflow.py
[2026-07-18T21:46:12.169+0000] {processor.py:925} INFO - DAG(s) 'dataset_alias_example_alias_producer_with_no_taskflow', 'dataset_alias_example_alias_consumer_with_no_taskflow', 'dataset_s3_bucket_producer_with_no_taskflow', 'dataset_s3_bucket_consumer_with_no_taskflow' retrieved from /home/airflow/.local/lib/python3.12/site-packages/airflow/example_dags/example_dataset_alias_with_no_taskflow.py
[2026-07-18T21:46:12.199+0000] {logging_mixin.py:190} INFO - [2026-07-18T21:46:12.197+0000] {dag.py:3239} INFO - Sync 4 DAGs
[2026-07-18T21:46:12.227+0000] {logging_mixin.py:190} INFO - [2026-07-18T21:46:12.226+0000] {dag.py:4180} INFO - Setting next_dagrun for dataset_alias_example_alias_consumer_with_no_taskflow to None, run_after=None
[2026-07-18T21:46:12.233+0000] {logging_mixin.py:190} INFO - [2026-07-18T21:46:12.233+0000] {dag.py:4180} INFO - Setting next_dagrun for dataset_alias_example_alias_producer_with_no_taskflow to None, run_after=None
[2026-07-18T21:46:12.236+0000] {logging_mixin.py:190} INFO - [2026-07-18T21:46:12.236+0000] {dag.py:4180} INFO - Setting next_dagrun for dataset_s3_bucket_consumer_with_no_taskflow to None, run_after=None
[2026-07-18T21:46:12.239+0000] {logging_mixin.py:190} INFO - [2026-07-18T21:46:12.239+0000] {dag.py:4180} INFO - Setting next_dagrun for dataset_s3_bucket_producer_with_no_taskflow to None, run_after=None
[2026-07-18T21:46:12.336+0000] {processor.py:208} INFO - Processing /home/airflow/.local/lib/python3.12/site-packages/airflow/example_dags/example_dataset_alias_with_no_taskflow.py took 1.217 seconds
[2026-07-18T21:46:43.353+0000] {processor.py:186} INFO - Started process (PID=2684) to work on /home/airflow/.local/lib/python3.12/site-packages/airflow/example_dags/example_dataset_alias_with_no_taskflow.py
[2026-07-18T21:46:43.356+0000] {processor.py:914} INFO - Processing file /home/airflow/.local/lib/python3.12/site-packages/airflow/example_dags/example_dataset_alias_with_no_taskflow.py for tasks to queue
[2026-07-18T21:46:43.360+0000] {logging_mixin.py:190} INFO - [2026-07-18T21:46:43.360+0000] {dagbag.py:588} INFO - Filling up the DagBag from /home/airflow/.local/lib/python3.12/site-packages/airflow/example_dags/example_dataset_alias_with_no_taskflow.py
[2026-07-18T21:46:44.073+0000] {processor.py:925} INFO - DAG(s) 'dataset_s3_bucket_producer_with_no_taskflow', 'dataset_s3_bucket_consumer_with_no_taskflow', 'dataset_alias_example_alias_consumer_with_no_taskflow', 'dataset_alias_example_alias_producer_with_no_taskflow' retrieved from /home/airflow/.local/lib/python3.12/site-packages/airflow/example_dags/example_dataset_alias_with_no_taskflow.py
[2026-07-18T21:46:44.108+0000] {logging_mixin.py:190} INFO - [2026-07-18T21:46:44.107+0000] {dag.py:3239} INFO - Sync 4 DAGs
[2026-07-18T21:46:44.133+0000] {logging_mixin.py:190} INFO - [2026-07-18T21:46:44.133+0000] {dag.py:4180} INFO - Setting next_dagrun for dataset_alias_example_alias_consumer_with_no_taskflow to None, run_after=None
[2026-07-18T21:46:44.138+0000] {logging_mixin.py:190} INFO - [2026-07-18T21:46:44.138+0000] {dag.py:4180} INFO - Setting next_dagrun for dataset_alias_example_alias_producer_with_no_taskflow to None, run_after=None
[2026-07-18T21:46:44.142+0000] {logging_mixin.py:190} INFO - [2026-07-18T21:46:44.142+0000] {dag.py:4180} INFO - Setting next_dagrun for dataset_s3_bucket_consumer_with_no_taskflow to None, run_after=None
[2026-07-18T21:46:44.145+0000] {logging_mixin.py:190} INFO - [2026-07-18T21:46:44.145+0000] {dag.py:4180} INFO - Setting next_dagrun for dataset_s3_bucket_producer_with_no_taskflow to None, run_after=None
[2026-07-18T21:46:44.253+0000] {processor.py:208} INFO - Processing /home/airflow/.local/lib/python3.12/site-packages/airflow/example_dags/example_dataset_alias_with_no_taskflow.py took 0.907 seconds
[2026-07-18T21:47:14.738+0000] {processor.py:186} INFO - Started process (PID=2748) to work on /home/airflow/.local/lib/python3.12/site-packages/airflow/example_dags/example_dataset_alias_with_no_taskflow.py
[2026-07-18T21:47:14.740+0000] {processor.py:914} INFO - Processing file /home/airflow/.local/lib/python3.12/site-packages/airflow/example_dags/example_dataset_alias_with_no_taskflow.py for tasks to queue
[2026-07-18T21:47:14.745+0000] {logging_mixin.py:190} INFO - [2026-07-18T21:47:14.745+0000] {dagbag.py:588} INFO - Filling up the DagBag from /home/airflow/.local/lib/python3.12/site-packages/airflow/example_dags/example_dataset_alias_with_no_taskflow.py
[2026-07-18T21:47:15.609+0000] {processor.py:925} INFO - DAG(s) 'dataset_alias_example_alias_consumer_with_no_taskflow', 'dataset_alias_example_alias_producer_with_no_taskflow', 'dataset_s3_bucket_producer_with_no_taskflow', 'dataset_s3_bucket_consumer_with_no_taskflow' retrieved from /home/airflow/.local/lib/python3.12/site-packages/airflow/example_dags/example_dataset_alias_with_no_taskflow.py
[2026-07-18T21:47:15.642+0000] {logging_mixin.py:190} INFO - [2026-07-18T21:47:15.641+0000] {dag.py:3239} INFO - Sync 4 DAGs
[2026-07-18T21:47:15.668+0000] {logging_mixin.py:190} INFO - [2026-07-18T21:47:15.668+0000] {dag.py:4180} INFO - Setting next_dagrun for dataset_alias_example_alias_consumer_with_no_taskflow to None, run_after=None
[2026-07-18T21:47:15.675+0000] {logging_mixin.py:190} INFO - [2026-07-18T21:47:15.674+0000] {dag.py:4180} INFO - Setting next_dagrun for dataset_alias_example_alias_producer_with_no_taskflow to None, run_after=None
[2026-07-18T21:47:15.678+0000] {logging_mixin.py:190} INFO - [2026-07-18T21:47:15.678+0000] {dag.py:4180} INFO - Setting next_dagrun for dataset_s3_bucket_consumer_with_no_taskflow to None, run_after=None
[2026-07-18T21:47:15.681+0000] {logging_mixin.py:190} INFO - [2026-07-18T21:47:15.681+0000] {dag.py:4180} INFO - Setting next_dagrun for dataset_s3_bucket_producer_with_no_taskflow to None, run_after=None
[2026-07-18T21:47:15.754+0000] {processor.py:208} INFO - Processing /home/airflow/.local/lib/python3.12/site-packages/airflow/example_dags/example_dataset_alias_with_no_taskflow.py took 1.023 seconds
[2026-07-18T21:47:46.563+0000] {processor.py:186} INFO - Started process (PID=2812) to work on /home/airflow/.local/lib/python3.12/site-packages/airflow/example_dags/example_dataset_alias_with_no_taskflow.py
[2026-07-18T21:47:46.565+0000] {processor.py:914} INFO - Processing file /home/airflow/.local/lib/python3.12/site-packages/airflow/example_dags/example_dataset_alias_with_no_taskflow.py for tasks to queue
[2026-07-18T21:47:46.570+0000] {logging_mixin.py:190} INFO - [2026-07-18T21:47:46.570+0000] {dagbag.py:588} INFO - Filling up the DagBag from /home/airflow/.local/lib/python3.12/site-packages/airflow/example_dags/example_dataset_alias_with_no_taskflow.py
[2026-07-18T21:47:47.285+0000] {processor.py:925} INFO - DAG(s) 'dataset_s3_bucket_consumer_with_no_taskflow', 'dataset_s3_bucket_producer_with_no_taskflow', 'dataset_alias_example_alias_consumer_with_no_taskflow', 'dataset_alias_example_alias_producer_with_no_taskflow' retrieved from /home/airflow/.local/lib/python3.12/site-packages/airflow/example_dags/example_dataset_alias_with_no_taskflow.py
[2026-07-18T21:47:47.313+0000] {logging_mixin.py:190} INFO - [2026-07-18T21:47:47.312+0000] {dag.py:3239} INFO - Sync 4 DAGs
[2026-07-18T21:47:47.345+0000] {logging_mixin.py:190} INFO - [2026-07-18T21:47:47.344+0000] {dag.py:4180} INFO - Setting next_dagrun for dataset_alias_example_alias_consumer_with_no_taskflow to None, run_after=None
[2026-07-18T21:47:47.349+0000] {logging_mixin.py:190} INFO - [2026-07-18T21:47:47.349+0000] {dag.py:4180} INFO - Setting next_dagrun for dataset_alias_example_alias_producer_with_no_taskflow to None, run_after=None
[2026-07-18T21:47:47.354+0000] {logging_mixin.py:190} INFO - [2026-07-18T21:47:47.353+0000] {dag.py:4180} INFO - Setting next_dagrun for dataset_s3_bucket_consumer_with_no_taskflow to None, run_after=None
[2026-07-18T21:47:47.358+0000] {logging_mixin.py:190} INFO - [2026-07-18T21:47:47.357+0000] {dag.py:4180} INFO - Setting next_dagrun for dataset_s3_bucket_producer_with_no_taskflow to None, run_after=None
[2026-07-18T21:47:47.384+0000] {processor.py:208} INFO - Processing /home/airflow/.local/lib/python3.12/site-packages/airflow/example_dags/example_dataset_alias_with_no_taskflow.py took 0.829 seconds
[2026-07-18T21:48:18.201+0000] {processor.py:186} INFO - Started process (PID=2876) to work on /home/airflow/.local/lib/python3.12/site-packages/airflow/example_dags/example_dataset_alias_with_no_taskflow.py
[2026-07-18T21:48:18.204+0000] {processor.py:914} INFO - Processing file /home/airflow/.local/lib/python3.12/site-packages/airflow/example_dags/example_dataset_alias_with_no_taskflow.py for tasks to queue
[2026-07-18T21:48:18.209+0000] {logging_mixin.py:190} INFO - [2026-07-18T21:48:18.209+0000] {dagbag.py:588} INFO - Filling up the DagBag from /home/airflow/.local/lib/python3.12/site-packages/airflow/example_dags/example_dataset_alias_with_no_taskflow.py
[2026-07-18T21:48:19.254+0000] {processor.py:925} INFO - DAG(s) 'dataset_s3_bucket_producer_with_no_taskflow', 'dataset_alias_example_alias_producer_with_no_taskflow', 'dataset_s3_bucket_consumer_with_no_taskflow', 'dataset_alias_example_alias_consumer_with_no_taskflow' retrieved from /home/airflow/.local/lib/python3.12/site-packages/airflow/example_dags/example_dataset_alias_with_no_taskflow.py
[2026-07-18T21:48:19.281+0000] {logging_mixin.py:190} INFO - [2026-07-18T21:48:19.280+0000] {dag.py:3239} INFO - Sync 4 DAGs
[2026-07-18T21:48:19.314+0000] {logging_mixin.py:190} INFO - [2026-07-18T21:48:19.314+0000] {dag.py:4180} INFO - Setting next_dagrun for dataset_alias_example_alias_consumer_with_no_taskflow to None, run_after=None
[2026-07-18T21:48:19.319+0000] {logging_mixin.py:190} INFO - [2026-07-18T21:48:19.319+0000] {dag.py:4180} INFO - Setting next_dagrun for dataset_alias_example_alias_producer_with_no_taskflow to None, run_after=None
[2026-07-18T21:48:19.323+0000] {logging_mixin.py:190} INFO - [2026-07-18T21:48:19.323+0000] {dag.py:4180} INFO - Setting next_dagrun for dataset_s3_bucket_consumer_with_no_taskflow to None, run_after=None
[2026-07-18T21:48:19.326+0000] {logging_mixin.py:190} INFO - [2026-07-18T21:48:19.326+0000] {dag.py:4180} INFO - Setting next_dagrun for dataset_s3_bucket_producer_with_no_taskflow to None, run_after=None
[2026-07-18T21:48:19.354+0000] {processor.py:208} INFO - Processing /home/airflow/.local/lib/python3.12/site-packages/airflow/example_dags/example_dataset_alias_with_no_taskflow.py took 1.162 seconds
[2026-07-18T21:48:49.944+0000] {processor.py:186} INFO - Started process (PID=2940) to work on /home/airflow/.local/lib/python3.12/site-packages/airflow/example_dags/example_dataset_alias_with_no_taskflow.py
[2026-07-18T21:48:49.947+0000] {processor.py:914} INFO - Processing file /home/airflow/.local/lib/python3.12/site-packages/airflow/example_dags/example_dataset_alias_with_no_taskflow.py for tasks to queue
[2026-07-18T21:48:49.952+0000] {logging_mixin.py:190} INFO - [2026-07-18T21:48:49.952+0000] {dagbag.py:588} INFO - Filling up the DagBag from /home/airflow/.local/lib/python3.12/site-packages/airflow/example_dags/example_dataset_alias_with_no_taskflow.py
[2026-07-18T21:48:50.738+0000] {processor.py:925} INFO - DAG(s) 'dataset_alias_example_alias_consumer_with_no_taskflow', 'dataset_alias_example_alias_producer_with_no_taskflow', 'dataset_s3_bucket_consumer_with_no_taskflow', 'dataset_s3_bucket_producer_with_no_taskflow' retrieved from /home/airflow/.local/lib/python3.12/site-packages/airflow/example_dags/example_dataset_alias_with_no_taskflow.py
[2026-07-18T21:48:50.765+0000] {logging_mixin.py:190} INFO - [2026-07-18T21:48:50.764+0000] {dag.py:3239} INFO - Sync 4 DAGs
[2026-07-18T21:48:50.793+0000] {logging_mixin.py:190} INFO - [2026-07-18T21:48:50.793+0000] {dag.py:4180} INFO - Setting next_dagrun for dataset_alias_example_alias_consumer_with_no_taskflow to None, run_after=None
[2026-07-18T21:48:50.800+0000] {logging_mixin.py:190} INFO - [2026-07-18T21:48:50.799+0000] {dag.py:4180} INFO - Setting next_dagrun for dataset_alias_example_alias_producer_with_no_taskflow to None, run_after=None
[2026-07-18T21:48:50.803+0000] {logging_mixin.py:190} INFO - [2026-07-18T21:48:50.803+0000] {dag.py:4180} INFO - Setting next_dagrun for dataset_s3_bucket_consumer_with_no_taskflow to None, run_after=None
[2026-07-18T21:48:50.807+0000] {logging_mixin.py:190} INFO - [2026-07-18T21:48:50.806+0000] {dag.py:4180} INFO - Setting next_dagrun for dataset_s3_bucket_producer_with_no_taskflow to None, run_after=None
[2026-07-18T21:48:50.893+0000] {processor.py:208} INFO - Processing /home/airflow/.local/lib/python3.12/site-packages/airflow/example_dags/example_dataset_alias_with_no_taskflow.py took 0.962 seconds
[2026-07-18T21:49:21.329+0000] {processor.py:186} INFO - Started process (PID=3004) to work on /home/airflow/.local/lib/python3.12/site-packages/airflow/example_dags/example_dataset_alias_with_no_taskflow.py
[2026-07-18T21:49:21.332+0000] {processor.py:914} INFO - Processing file /home/airflow/.local/lib/python3.12/site-packages/airflow/example_dags/example_dataset_alias_with_no_taskflow.py for tasks to queue
[2026-07-18T21:49:21.339+0000] {logging_mixin.py:190} INFO - [2026-07-18T21:49:21.338+0000] {dagbag.py:588} INFO - Filling up the DagBag from /home/airflow/.local/lib/python3.12/site-packages/airflow/example_dags/example_dataset_alias_with_no_taskflow.py
[2026-07-18T21:49:22.281+0000] {processor.py:925} INFO - DAG(s) 'dataset_s3_bucket_consumer_with_no_taskflow', 'dataset_alias_example_alias_producer_with_no_taskflow', 'dataset_s3_bucket_producer_with_no_taskflow', 'dataset_alias_example_alias_consumer_with_no_taskflow' retrieved from /home/airflow/.local/lib/python3.12/site-packages/airflow/example_dags/example_dataset_alias_with_no_taskflow.py
[2026-07-18T21:49:22.314+0000] {logging_mixin.py:190} INFO - [2026-07-18T21:49:22.314+0000] {dag.py:3239} INFO - Sync 4 DAGs
[2026-07-18T21:49:22.346+0000] {logging_mixin.py:190} INFO - [2026-07-18T21:49:22.346+0000] {dag.py:4180} INFO - Setting next_dagrun for dataset_alias_example_alias_consumer_with_no_taskflow to None, run_after=None
[2026-07-18T21:49:22.351+0000] {logging_mixin.py:190} INFO - [2026-07-18T21:49:22.351+0000] {dag.py:4180} INFO - Setting next_dagrun for dataset_alias_example_alias_producer_with_no_taskflow to None, run_after=None
[2026-07-18T21:49:22.355+0000] {logging_mixin.py:190} INFO - [2026-07-18T21:49:22.355+0000] {dag.py:4180} INFO - Setting next_dagrun for dataset_s3_bucket_consumer_with_no_taskflow to None, run_after=None
[2026-07-18T21:49:22.359+0000] {logging_mixin.py:190} INFO - [2026-07-18T21:49:22.359+0000] {dag.py:4180} INFO - Setting next_dagrun for dataset_s3_bucket_producer_with_no_taskflow to None, run_after=None
[2026-07-18T21:49:22.395+0000] {processor.py:208} INFO - Processing /home/airflow/.local/lib/python3.12/site-packages/airflow/example_dags/example_dataset_alias_with_no_taskflow.py took 1.081 seconds
[2026-07-18T22:00:46.270+0000] {processor.py:186} INFO - Started process (PID=3056) to work on /home/airflow/.local/lib/python3.12/site-packages/airflow/example_dags/example_dataset_alias_with_no_taskflow.py
[2026-07-18T22:00:46.273+0000] {processor.py:914} INFO - Processing file /home/airflow/.local/lib/python3.12/site-packages/airflow/example_dags/example_dataset_alias_with_no_taskflow.py for tasks to queue
[2026-07-18T22:00:46.277+0000] {logging_mixin.py:190} INFO - [2026-07-18T22:00:46.276+0000] {dagbag.py:588} INFO - Filling up the DagBag from /home/airflow/.local/lib/python3.12/site-packages/airflow/example_dags/example_dataset_alias_with_no_taskflow.py
[2026-07-18T22:00:47.673+0000] {processor.py:925} INFO - DAG(s) 'dataset_alias_example_alias_producer_with_no_taskflow', 'dataset_s3_bucket_producer_with_no_taskflow', 'dataset_s3_bucket_consumer_with_no_taskflow', 'dataset_alias_example_alias_consumer_with_no_taskflow' retrieved from /home/airflow/.local/lib/python3.12/site-packages/airflow/example_dags/example_dataset_alias_with_no_taskflow.py
[2026-07-18T22:00:47.737+0000] {logging_mixin.py:190} INFO - [2026-07-18T22:00:47.736+0000] {dag.py:3239} INFO - Sync 4 DAGs
[2026-07-18T22:00:47.800+0000] {logging_mixin.py:190} INFO - [2026-07-18T22:00:47.799+0000] {dag.py:4180} INFO - Setting next_dagrun for dataset_alias_example_alias_consumer_with_no_taskflow to None, run_after=None
[2026-07-18T22:00:47.808+0000] {logging_mixin.py:190} INFO - [2026-07-18T22:00:47.807+0000] {dag.py:4180} INFO - Setting next_dagrun for dataset_alias_example_alias_producer_with_no_taskflow to None, run_after=None
[2026-07-18T22:00:47.813+0000] {logging_mixin.py:190} INFO - [2026-07-18T22:00:47.812+0000] {dag.py:4180} INFO - Setting next_dagrun for dataset_s3_bucket_consumer_with_no_taskflow to None, run_after=None
[2026-07-18T22:00:47.817+0000] {logging_mixin.py:190} INFO - [2026-07-18T22:00:47.816+0000] {dag.py:4180} INFO - Setting next_dagrun for dataset_s3_bucket_producer_with_no_taskflow to None, run_after=None
[2026-07-18T22:00:47.867+0000] {processor.py:208} INFO - Processing /home/airflow/.local/lib/python3.12/site-packages/airflow/example_dags/example_dataset_alias_with_no_taskflow.py took 1.618 seconds
[2026-07-18T22:01:18.249+0000] {processor.py:186} INFO - Started process (PID=3125) to work on /home/airflow/.local/lib/python3.12/site-packages/airflow/example_dags/example_dataset_alias_with_no_taskflow.py
[2026-07-18T22:01:18.254+0000] {processor.py:914} INFO - Processing file /home/airflow/.local/lib/python3.12/site-packages/airflow/example_dags/example_dataset_alias_with_no_taskflow.py for tasks to queue
[2026-07-18T22:01:18.259+0000] {logging_mixin.py:190} INFO - [2026-07-18T22:01:18.258+0000] {dagbag.py:588} INFO - Filling up the DagBag from /home/airflow/.local/lib/python3.12/site-packages/airflow/example_dags/example_dataset_alias_with_no_taskflow.py
[2026-07-18T22:01:19.315+0000] {processor.py:925} INFO - DAG(s) 'dataset_s3_bucket_producer_with_no_taskflow', 'dataset_s3_bucket_consumer_with_no_taskflow', 'dataset_alias_example_alias_consumer_with_no_taskflow', 'dataset_alias_example_alias_producer_with_no_taskflow' retrieved from /home/airflow/.local/lib/python3.12/site-packages/airflow/example_dags/example_dataset_alias_with_no_taskflow.py
[2026-07-18T22:01:19.348+0000] {logging_mixin.py:190} INFO - [2026-07-18T22:01:19.347+0000] {dag.py:3239} INFO - Sync 4 DAGs
[2026-07-18T22:01:19.378+0000] {logging_mixin.py:190} INFO - [2026-07-18T22:01:19.378+0000] {dag.py:4180} INFO - Setting next_dagrun for dataset_alias_example_alias_consumer_with_no_taskflow to None, run_after=None
[2026-07-18T22:01:19.383+0000] {logging_mixin.py:190} INFO - [2026-07-18T22:01:19.383+0000] {dag.py:4180} INFO - Setting next_dagrun for dataset_alias_example_alias_producer_with_no_taskflow to None, run_after=None
[2026-07-18T22:01:19.387+0000] {logging_mixin.py:190} INFO - [2026-07-18T22:01:19.387+0000] {dag.py:4180} INFO - Setting next_dagrun for dataset_s3_bucket_consumer_with_no_taskflow to None, run_after=None
[2026-07-18T22:01:19.391+0000] {logging_mixin.py:190} INFO - [2026-07-18T22:01:19.390+0000] {dag.py:4180} INFO - Setting next_dagrun for dataset_s3_bucket_producer_with_no_taskflow to None, run_after=None
[2026-07-18T22:01:19.426+0000] {processor.py:208} INFO - Processing /home/airflow/.local/lib/python3.12/site-packages/airflow/example_dags/example_dataset_alias_with_no_taskflow.py took 1.201 seconds
[2026-07-18T22:01:49.838+0000] {processor.py:186} INFO - Started process (PID=3193) to work on /home/airflow/.local/lib/python3.12/site-packages/airflow/example_dags/example_dataset_alias_with_no_taskflow.py
[2026-07-18T22:01:49.842+0000] {processor.py:914} INFO - Processing file /home/airflow/.local/lib/python3.12/site-packages/airflow/example_dags/example_dataset_alias_with_no_taskflow.py for tasks to queue
[2026-07-18T22:01:49.846+0000] {logging_mixin.py:190} INFO - [2026-07-18T22:01:49.846+0000] {dagbag.py:588} INFO - Filling up the DagBag from /home/airflow/.local/lib/python3.12/site-packages/airflow/example_dags/example_dataset_alias_with_no_taskflow.py
[2026-07-18T22:01:50.946+0000] {processor.py:925} INFO - DAG(s) 'dataset_s3_bucket_producer_with_no_taskflow', 'dataset_s3_bucket_consumer_with_no_taskflow', 'dataset_alias_example_alias_producer_with_no_taskflow', 'dataset_alias_example_alias_consumer_with_no_taskflow' retrieved from /home/airflow/.local/lib/python3.12/site-packages/airflow/example_dags/example_dataset_alias_with_no_taskflow.py
[2026-07-18T22:01:50.978+0000] {logging_mixin.py:190} INFO - [2026-07-18T22:01:50.977+0000] {dag.py:3239} INFO - Sync 4 DAGs
[2026-07-18T22:01:51.028+0000] {logging_mixin.py:190} INFO - [2026-07-18T22:01:51.027+0000] {dag.py:4180} INFO - Setting next_dagrun for dataset_alias_example_alias_consumer_with_no_taskflow to None, run_after=None
[2026-07-18T22:01:51.037+0000] {logging_mixin.py:190} INFO - [2026-07-18T22:01:51.036+0000] {dag.py:4180} INFO - Setting next_dagrun for dataset_alias_example_alias_producer_with_no_taskflow to None, run_after=None
[2026-07-18T22:01:51.043+0000] {logging_mixin.py:190} INFO - [2026-07-18T22:01:51.043+0000] {dag.py:4180} INFO - Setting next_dagrun for dataset_s3_bucket_consumer_with_no_taskflow to None, run_after=None
[2026-07-18T22:01:51.048+0000] {logging_mixin.py:190} INFO - [2026-07-18T22:01:51.048+0000] {dag.py:4180} INFO - Setting next_dagrun for dataset_s3_bucket_producer_with_no_taskflow to None, run_after=None
[2026-07-18T22:01:51.121+0000] {processor.py:208} INFO - Processing /home/airflow/.local/lib/python3.12/site-packages/airflow/example_dags/example_dataset_alias_with_no_taskflow.py took 1.293 seconds
[2026-07-18T22:02:22.251+0000] {processor.py:186} INFO - Started process (PID=3258) to work on /home/airflow/.local/lib/python3.12/site-packages/airflow/example_dags/example_dataset_alias_with_no_taskflow.py
[2026-07-18T22:02:22.254+0000] {processor.py:914} INFO - Processing file /home/airflow/.local/lib/python3.12/site-packages/airflow/example_dags/example_dataset_alias_with_no_taskflow.py for tasks to queue
[2026-07-18T22:02:22.257+0000] {logging_mixin.py:190} INFO - [2026-07-18T22:02:22.256+0000] {dagbag.py:588} INFO - Filling up the DagBag from /home/airflow/.local/lib/python3.12/site-packages/airflow/example_dags/example_dataset_alias_with_no_taskflow.py
[2026-07-18T22:02:23.056+0000] {processor.py:925} INFO - DAG(s) 'dataset_s3_bucket_consumer_with_no_taskflow', 'dataset_alias_example_alias_producer_with_no_taskflow', 'dataset_s3_bucket_producer_with_no_taskflow', 'dataset_alias_example_alias_consumer_with_no_taskflow' retrieved from /home/airflow/.local/lib/python3.12/site-packages/airflow/example_dags/example_dataset_alias_with_no_taskflow.py
[2026-07-18T22:02:23.087+0000] {logging_mixin.py:190} INFO - [2026-07-18T22:02:23.086+0000] {dag.py:3239} INFO - Sync 4 DAGs
[2026-07-18T22:02:23.114+0000] {logging_mixin.py:190} INFO - [2026-07-18T22:02:23.114+0000] {dag.py:4180} INFO - Setting next_dagrun for dataset_alias_example_alias_consumer_with_no_taskflow to None, run_after=None
[2026-07-18T22:02:23.119+0000] {logging_mixin.py:190} INFO - [2026-07-18T22:02:23.119+0000] {dag.py:4180} INFO - Setting next_dagrun for dataset_alias_example_alias_producer_with_no_taskflow to None, run_after=None
[2026-07-18T22:02:23.123+0000] {logging_mixin.py:190} INFO - [2026-07-18T22:02:23.123+0000] {dag.py:4180} INFO - Setting next_dagrun for dataset_s3_bucket_consumer_with_no_taskflow to None, run_after=None
[2026-07-18T22:02:23.126+0000] {logging_mixin.py:190} INFO - [2026-07-18T22:02:23.126+0000] {dag.py:4180} INFO - Setting next_dagrun for dataset_s3_bucket_producer_with_no_taskflow to None, run_after=None
[2026-07-18T22:02:23.201+0000] {processor.py:208} INFO - Processing /home/airflow/.local/lib/python3.12/site-packages/airflow/example_dags/example_dataset_alias_with_no_taskflow.py took 0.956 seconds
[2026-07-18T22:02:53.534+0000] {processor.py:186} INFO - Started process (PID=3322) to work on /home/airflow/.local/lib/python3.12/site-packages/airflow/example_dags/example_dataset_alias_with_no_taskflow.py
[2026-07-18T22:02:53.537+0000] {processor.py:914} INFO - Processing file /home/airflow/.local/lib/python3.12/site-packages/airflow/example_dags/example_dataset_alias_with_no_taskflow.py for tasks to queue
[2026-07-18T22:02:53.541+0000] {logging_mixin.py:190} INFO - [2026-07-18T22:02:53.540+0000] {dagbag.py:588} INFO - Filling up the DagBag from /home/airflow/.local/lib/python3.12/site-packages/airflow/example_dags/example_dataset_alias_with_no_taskflow.py
[2026-07-18T22:02:54.491+0000] {processor.py:925} INFO - DAG(s) 'dataset_s3_bucket_consumer_with_no_taskflow', 'dataset_s3_bucket_producer_with_no_taskflow', 'dataset_alias_example_alias_consumer_with_no_taskflow', 'dataset_alias_example_alias_producer_with_no_taskflow' retrieved from /home/airflow/.local/lib/python3.12/site-packages/airflow/example_dags/example_dataset_alias_with_no_taskflow.py
[2026-07-18T22:02:54.520+0000] {logging_mixin.py:190} INFO - [2026-07-18T22:02:54.520+0000] {dag.py:3239} INFO - Sync 4 DAGs
[2026-07-18T22:02:54.558+0000] {logging_mixin.py:190} INFO - [2026-07-18T22:02:54.558+0000] {dag.py:4180} INFO - Setting next_dagrun for dataset_alias_example_alias_consumer_with_no_taskflow to None, run_after=None
[2026-07-18T22:02:54.564+0000] {logging_mixin.py:190} INFO - [2026-07-18T22:02:54.564+0000] {dag.py:4180} INFO - Setting next_dagrun for dataset_alias_example_alias_producer_with_no_taskflow to None, run_after=None
[2026-07-18T22:02:54.569+0000] {logging_mixin.py:190} INFO - [2026-07-18T22:02:54.568+0000] {dag.py:4180} INFO - Setting next_dagrun for dataset_s3_bucket_consumer_with_no_taskflow to None, run_after=None
[2026-07-18T22:02:54.573+0000] {logging_mixin.py:190} INFO - [2026-07-18T22:02:54.572+0000] {dag.py:4180} INFO - Setting next_dagrun for dataset_s3_bucket_producer_with_no_taskflow to None, run_after=None
[2026-07-18T22:02:54.638+0000] {processor.py:208} INFO - Processing /home/airflow/.local/lib/python3.12/site-packages/airflow/example_dags/example_dataset_alias_with_no_taskflow.py took 1.112 seconds
[2026-07-18T22:03:25.305+0000] {processor.py:186} INFO - Started process (PID=3386) to work on /home/airflow/.local/lib/python3.12/site-packages/airflow/example_dags/example_dataset_alias_with_no_taskflow.py
[2026-07-18T22:03:25.308+0000] {processor.py:914} INFO - Processing file /home/airflow/.local/lib/python3.12/site-packages/airflow/example_dags/example_dataset_alias_with_no_taskflow.py for tasks to queue
[2026-07-18T22:03:25.311+0000] {logging_mixin.py:190} INFO - [2026-07-18T22:03:25.310+0000] {dagbag.py:588} INFO - Filling up the DagBag from /home/airflow/.local/lib/python3.12/site-packages/airflow/example_dags/example_dataset_alias_with_no_taskflow.py
[2026-07-18T22:03:26.316+0000] {processor.py:925} INFO - DAG(s) 'dataset_s3_bucket_producer_with_no_taskflow', 'dataset_alias_example_alias_producer_with_no_taskflow', 'dataset_alias_example_alias_consumer_with_no_taskflow', 'dataset_s3_bucket_consumer_with_no_taskflow' retrieved from /home/airflow/.local/lib/python3.12/site-packages/airflow/example_dags/example_dataset_alias_with_no_taskflow.py
[2026-07-18T22:03:26.363+0000] {logging_mixin.py:190} INFO - [2026-07-18T22:03:26.362+0000] {dag.py:3239} INFO - Sync 4 DAGs
[2026-07-18T22:03:26.429+0000] {logging_mixin.py:190} INFO - [2026-07-18T22:03:26.429+0000] {dag.py:4180} INFO - Setting next_dagrun for dataset_alias_example_alias_consumer_with_no_taskflow to None, run_after=None
[2026-07-18T22:03:26.438+0000] {logging_mixin.py:190} INFO - [2026-07-18T22:03:26.437+0000] {dag.py:4180} INFO - Setting next_dagrun for dataset_alias_example_alias_producer_with_no_taskflow to None, run_after=None
[2026-07-18T22:03:26.443+0000] {logging_mixin.py:190} INFO - [2026-07-18T22:03:26.443+0000] {dag.py:4180} INFO - Setting next_dagrun for dataset_s3_bucket_consumer_with_no_taskflow to None, run_after=None
[2026-07-18T22:03:26.449+0000] {logging_mixin.py:190} INFO - [2026-07-18T22:03:26.449+0000] {dag.py:4180} INFO - Setting next_dagrun for dataset_s3_bucket_producer_with_no_taskflow to None, run_after=None
[2026-07-18T22:03:26.487+0000] {processor.py:208} INFO - Processing /home/airflow/.local/lib/python3.12/site-packages/airflow/example_dags/example_dataset_alias_with_no_taskflow.py took 1.196 seconds
[2026-07-18T22:03:56.958+0000] {processor.py:186} INFO - Started process (PID=3455) to work on /home/airflow/.local/lib/python3.12/site-packages/airflow/example_dags/example_dataset_alias_with_no_taskflow.py
[2026-07-18T22:03:56.962+0000] {processor.py:914} INFO - Processing file /home/airflow/.local/lib/python3.12/site-packages/airflow/example_dags/example_dataset_alias_with_no_taskflow.py for tasks to queue
[2026-07-18T22:03:56.966+0000] {logging_mixin.py:190} INFO - [2026-07-18T22:03:56.965+0000] {dagbag.py:588} INFO - Filling up the DagBag from /home/airflow/.local/lib/python3.12/site-packages/airflow/example_dags/example_dataset_alias_with_no_taskflow.py
[2026-07-18T22:03:57.967+0000] {processor.py:925} INFO - DAG(s) 'dataset_s3_bucket_consumer_with_no_taskflow', 'dataset_alias_example_alias_consumer_with_no_taskflow', 'dataset_alias_example_alias_producer_with_no_taskflow', 'dataset_s3_bucket_producer_with_no_taskflow' retrieved from /home/airflow/.local/lib/python3.12/site-packages/airflow/example_dags/example_dataset_alias_with_no_taskflow.py
[2026-07-18T22:03:58.005+0000] {logging_mixin.py:190} INFO - [2026-07-18T22:03:58.004+0000] {dag.py:3239} INFO - Sync 4 DAGs
[2026-07-18T22:03:58.041+0000] {logging_mixin.py:190} INFO - [2026-07-18T22:03:58.040+0000] {dag.py:4180} INFO - Setting next_dagrun for dataset_alias_example_alias_consumer_with_no_taskflow to None, run_after=None
[2026-07-18T22:03:58.047+0000] {logging_mixin.py:190} INFO - [2026-07-18T22:03:58.046+0000] {dag.py:4180} INFO - Setting next_dagrun for dataset_alias_example_alias_producer_with_no_taskflow to None, run_after=None
[2026-07-18T22:03:58.050+0000] {logging_mixin.py:190} INFO - [2026-07-18T22:03:58.050+0000] {dag.py:4180} INFO - Setting next_dagrun for dataset_s3_bucket_consumer_with_no_taskflow to None, run_after=None
[2026-07-18T22:03:58.054+0000] {logging_mixin.py:190} INFO - [2026-07-18T22:03:58.054+0000] {dag.py:4180} INFO - Setting next_dagrun for dataset_s3_bucket_producer_with_no_taskflow to None, run_after=None
[2026-07-18T22:03:58.095+0000] {processor.py:208} INFO - Processing /home/airflow/.local/lib/python3.12/site-packages/airflow/example_dags/example_dataset_alias_with_no_taskflow.py took 1.152 seconds
[2026-07-18T22:04:28.818+0000] {processor.py:186} INFO - Started process (PID=3520) to work on /home/airflow/.local/lib/python3.12/site-packages/airflow/example_dags/example_dataset_alias_with_no_taskflow.py
[2026-07-18T22:04:28.821+0000] {processor.py:914} INFO - Processing file /home/airflow/.local/lib/python3.12/site-packages/airflow/example_dags/example_dataset_alias_with_no_taskflow.py for tasks to queue
[2026-07-18T22:04:28.825+0000] {logging_mixin.py:190} INFO - [2026-07-18T22:04:28.824+0000] {dagbag.py:588} INFO - Filling up the DagBag from /home/airflow/.local/lib/python3.12/site-packages/airflow/example_dags/example_dataset_alias_with_no_taskflow.py
[2026-07-18T22:04:29.656+0000] {processor.py:925} INFO - DAG(s) 'dataset_alias_example_alias_producer_with_no_taskflow', 'dataset_alias_example_alias_consumer_with_no_taskflow', 'dataset_s3_bucket_consumer_with_no_taskflow', 'dataset_s3_bucket_producer_with_no_taskflow' retrieved from /home/airflow/.local/lib/python3.12/site-packages/airflow/example_dags/example_dataset_alias_with_no_taskflow.py
[2026-07-18T22:04:29.681+0000] {logging_mixin.py:190} INFO - [2026-07-18T22:04:29.681+0000] {dag.py:3239} INFO - Sync 4 DAGs
[2026-07-18T22:04:29.711+0000] {logging_mixin.py:190} INFO - [2026-07-18T22:04:29.711+0000] {dag.py:4180} INFO - Setting next_dagrun for dataset_alias_example_alias_consumer_with_no_taskflow to None, run_after=None
[2026-07-18T22:04:29.716+0000] {logging_mixin.py:190} INFO - [2026-07-18T22:04:29.716+0000] {dag.py:4180} INFO - Setting next_dagrun for dataset_alias_example_alias_producer_with_no_taskflow to None, run_after=None
[2026-07-18T22:04:29.720+0000] {logging_mixin.py:190} INFO - [2026-07-18T22:04:29.720+0000] {dag.py:4180} INFO - Setting next_dagrun for dataset_s3_bucket_consumer_with_no_taskflow to None, run_after=None
[2026-07-18T22:04:29.724+0000] {logging_mixin.py:190} INFO - [2026-07-18T22:04:29.724+0000] {dag.py:4180} INFO - Setting next_dagrun for dataset_s3_bucket_producer_with_no_taskflow to None, run_after=None
[2026-07-18T22:04:29.769+0000] {processor.py:208} INFO - Processing /home/airflow/.local/lib/python3.12/site-packages/airflow/example_dags/example_dataset_alias_with_no_taskflow.py took 0.962 seconds
[2026-07-18T22:05:00.160+0000] {processor.py:186} INFO - Started process (PID=3585) to work on /home/airflow/.local/lib/python3.12/site-packages/airflow/example_dags/example_dataset_alias_with_no_taskflow.py
[2026-07-18T22:05:00.163+0000] {processor.py:914} INFO - Processing file /home/airflow/.local/lib/python3.12/site-packages/airflow/example_dags/example_dataset_alias_with_no_taskflow.py for tasks to queue
[2026-07-18T22:05:00.166+0000] {logging_mixin.py:190} INFO - [2026-07-18T22:05:00.165+0000] {dagbag.py:588} INFO - Filling up the DagBag from /home/airflow/.local/lib/python3.12/site-packages/airflow/example_dags/example_dataset_alias_with_no_taskflow.py
[2026-07-18T22:05:01.453+0000] {processor.py:925} INFO - DAG(s) 'dataset_s3_bucket_consumer_with_no_taskflow', 'dataset_alias_example_alias_consumer_with_no_taskflow', 'dataset_alias_example_alias_producer_with_no_taskflow', 'dataset_s3_bucket_producer_with_no_taskflow' retrieved from /home/airflow/.local/lib/python3.12/site-packages/airflow/example_dags/example_dataset_alias_with_no_taskflow.py
[2026-07-18T22:05:01.518+0000] {logging_mixin.py:190} INFO - [2026-07-18T22:05:01.516+0000] {dag.py:3239} INFO - Sync 4 DAGs
[2026-07-18T22:05:01.580+0000] {logging_mixin.py:190} INFO - [2026-07-18T22:05:01.580+0000] {dag.py:4180} INFO - Setting next_dagrun for dataset_alias_example_alias_consumer_with_no_taskflow to None, run_after=None
[2026-07-18T22:05:01.585+0000] {logging_mixin.py:190} INFO - [2026-07-18T22:05:01.585+0000] {dag.py:4180} INFO - Setting next_dagrun for dataset_alias_example_alias_producer_with_no_taskflow to None, run_after=None
[2026-07-18T22:05:01.590+0000] {logging_mixin.py:190} INFO - [2026-07-18T22:05:01.589+0000] {dag.py:4180} INFO - Setting next_dagrun for dataset_s3_bucket_consumer_with_no_taskflow to None, run_after=None
[2026-07-18T22:05:01.595+0000] {logging_mixin.py:190} INFO - [2026-07-18T22:05:01.595+0000] {dag.py:4180} INFO - Setting next_dagrun for dataset_s3_bucket_producer_with_no_taskflow to None, run_after=None
[2026-07-18T22:05:01.712+0000] {processor.py:208} INFO - Processing /home/airflow/.local/lib/python3.12/site-packages/airflow/example_dags/example_dataset_alias_with_no_taskflow.py took 1.564 seconds
[2026-07-18T22:05:32.547+0000] {processor.py:186} INFO - Started process (PID=3645) to work on /home/airflow/.local/lib/python3.12/site-packages/airflow/example_dags/example_dataset_alias_with_no_taskflow.py
[2026-07-18T22:05:32.550+0000] {processor.py:914} INFO - Processing file /home/airflow/.local/lib/python3.12/site-packages/airflow/example_dags/example_dataset_alias_with_no_taskflow.py for tasks to queue
[2026-07-18T22:05:32.554+0000] {logging_mixin.py:190} INFO - [2026-07-18T22:05:32.553+0000] {dagbag.py:588} INFO - Filling up the DagBag from /home/airflow/.local/lib/python3.12/site-packages/airflow/example_dags/example_dataset_alias_with_no_taskflow.py
[2026-07-18T22:05:33.414+0000] {processor.py:925} INFO - DAG(s) 'dataset_s3_bucket_producer_with_no_taskflow', 'dataset_s3_bucket_consumer_with_no_taskflow', 'dataset_alias_example_alias_producer_with_no_taskflow', 'dataset_alias_example_alias_consumer_with_no_taskflow' retrieved from /home/airflow/.local/lib/python3.12/site-packages/airflow/example_dags/example_dataset_alias_with_no_taskflow.py
[2026-07-18T22:05:33.476+0000] {logging_mixin.py:190} INFO - [2026-07-18T22:05:33.475+0000] {dag.py:3239} INFO - Sync 4 DAGs
[2026-07-18T22:05:33.523+0000] {logging_mixin.py:190} INFO - [2026-07-18T22:05:33.522+0000] {dag.py:4180} INFO - Setting next_dagrun for dataset_alias_example_alias_consumer_with_no_taskflow to None, run_after=None
[2026-07-18T22:05:33.533+0000] {logging_mixin.py:190} INFO - [2026-07-18T22:05:33.533+0000] {dag.py:4180} INFO - Setting next_dagrun for dataset_alias_example_alias_producer_with_no_taskflow to None, run_after=None
[2026-07-18T22:05:33.541+0000] {logging_mixin.py:190} INFO - [2026-07-18T22:05:33.541+0000] {dag.py:4180} INFO - Setting next_dagrun for dataset_s3_bucket_consumer_with_no_taskflow to None, run_after=None
[2026-07-18T22:05:33.548+0000] {logging_mixin.py:190} INFO - [2026-07-18T22:05:33.547+0000] {dag.py:4180} INFO - Setting next_dagrun for dataset_s3_bucket_producer_with_no_taskflow to None, run_after=None
[2026-07-18T22:05:33.608+0000] {processor.py:208} INFO - Processing /home/airflow/.local/lib/python3.12/site-packages/airflow/example_dags/example_dataset_alias_with_no_taskflow.py took 1.073 seconds
