[2026-07-18T20:50:03.473+0000] {processor.py:186} INFO - Started process (PID=90) to work on /home/airflow/.local/lib/python3.12/site-packages/airflow/example_dags/example_trigger_target_dag.py
[2026-07-18T20:50:03.475+0000] {processor.py:914} INFO - Processing file /home/airflow/.local/lib/python3.12/site-packages/airflow/example_dags/example_trigger_target_dag.py for tasks to queue
[2026-07-18T20:50:03.479+0000] {logging_mixin.py:190} INFO - [2026-07-18T20:50:03.478+0000] {dagbag.py:588} INFO - Filling up the DagBag from /home/airflow/.local/lib/python3.12/site-packages/airflow/example_dags/example_trigger_target_dag.py
[2026-07-18T20:50:03.492+0000] {processor.py:925} INFO - DAG(s) 'example_trigger_target_dag' retrieved from /home/airflow/.local/lib/python3.12/site-packages/airflow/example_dags/example_trigger_target_dag.py
[2026-07-18T20:50:03.716+0000] {logging_mixin.py:190} INFO - [2026-07-18T20:50:03.715+0000] {override.py:1911} INFO - Created Permission View: can edit on DAG:example_trigger_target_dag
[2026-07-18T20:50:03.732+0000] {logging_mixin.py:190} INFO - [2026-07-18T20:50:03.732+0000] {override.py:1911} INFO - Created Permission View: can read on DAG:example_trigger_target_dag
[2026-07-18T20:50:03.741+0000] {logging_mixin.py:190} INFO - [2026-07-18T20:50:03.741+0000] {override.py:1911} INFO - Created Permission View: can delete on DAG:example_trigger_target_dag
[2026-07-18T20:50:03.753+0000] {logging_mixin.py:190} INFO - [2026-07-18T20:50:03.753+0000] {override.py:1911} INFO - Created Permission View: can create on DAG Run:example_trigger_target_dag
[2026-07-18T20:50:03.763+0000] {logging_mixin.py:190} INFO - [2026-07-18T20:50:03.763+0000] {override.py:1911} INFO - Created Permission View: can read on DAG Run:example_trigger_target_dag
[2026-07-18T20:50:03.772+0000] {logging_mixin.py:190} INFO - [2026-07-18T20:50:03.772+0000] {override.py:1911} INFO - Created Permission View: menu access on DAG Run:example_trigger_target_dag
[2026-07-18T20:50:03.782+0000] {logging_mixin.py:190} INFO - [2026-07-18T20:50:03.781+0000] {override.py:1911} INFO - Created Permission View: can delete on DAG Run:example_trigger_target_dag
[2026-07-18T20:50:03.783+0000] {logging_mixin.py:190} INFO - [2026-07-18T20:50:03.783+0000] {dag.py:3239} INFO - Sync 1 DAGs
[2026-07-18T20:50:03.803+0000] {logging_mixin.py:190} INFO - [2026-07-18T20:50:03.802+0000] {dag.py:3262} INFO - Creating ORM DAG for example_trigger_target_dag
[2026-07-18T20:50:03.807+0000] {logging_mixin.py:190} INFO - [2026-07-18T20:50:03.806+0000] {dag.py:4180} INFO - Setting next_dagrun for example_trigger_target_dag to None, run_after=None
[2026-07-18T20:50:03.861+0000] {processor.py:208} INFO - Processing /home/airflow/.local/lib/python3.12/site-packages/airflow/example_dags/example_trigger_target_dag.py took 0.397 seconds
[2026-07-18T20:50:34.110+0000] {processor.py:186} INFO - Started process (PID=153) to work on /home/airflow/.local/lib/python3.12/site-packages/airflow/example_dags/example_trigger_target_dag.py
[2026-07-18T20:50:34.111+0000] {processor.py:914} INFO - Processing file /home/airflow/.local/lib/python3.12/site-packages/airflow/example_dags/example_trigger_target_dag.py for tasks to queue
[2026-07-18T20:50:34.113+0000] {logging_mixin.py:190} INFO - [2026-07-18T20:50:34.113+0000] {dagbag.py:588} INFO - Filling up the DagBag from /home/airflow/.local/lib/python3.12/site-packages/airflow/example_dags/example_trigger_target_dag.py
[2026-07-18T20:50:34.120+0000] {processor.py:925} INFO - DAG(s) 'example_trigger_target_dag' retrieved from /home/airflow/.local/lib/python3.12/site-packages/airflow/example_dags/example_trigger_target_dag.py
[2026-07-18T20:50:34.137+0000] {logging_mixin.py:190} INFO - [2026-07-18T20:50:34.137+0000] {dag.py:3239} INFO - Sync 1 DAGs
[2026-07-18T20:50:34.148+0000] {logging_mixin.py:190} INFO - [2026-07-18T20:50:34.148+0000] {dag.py:4180} INFO - Setting next_dagrun for example_trigger_target_dag to None, run_after=None
[2026-07-18T20:50:34.164+0000] {processor.py:208} INFO - Processing /home/airflow/.local/lib/python3.12/site-packages/airflow/example_dags/example_trigger_target_dag.py took 0.059 seconds
[2026-07-18T20:51:07.464+0000] {processor.py:186} INFO - Started process (PID=216) to work on /home/airflow/.local/lib/python3.12/site-packages/airflow/example_dags/example_trigger_target_dag.py
[2026-07-18T20:51:07.466+0000] {processor.py:914} INFO - Processing file /home/airflow/.local/lib/python3.12/site-packages/airflow/example_dags/example_trigger_target_dag.py for tasks to queue
[2026-07-18T20:51:07.470+0000] {logging_mixin.py:190} INFO - [2026-07-18T20:51:07.469+0000] {dagbag.py:588} INFO - Filling up the DagBag from /home/airflow/.local/lib/python3.12/site-packages/airflow/example_dags/example_trigger_target_dag.py
[2026-07-18T20:51:07.481+0000] {processor.py:925} INFO - DAG(s) 'example_trigger_target_dag' retrieved from /home/airflow/.local/lib/python3.12/site-packages/airflow/example_dags/example_trigger_target_dag.py
[2026-07-18T20:51:07.509+0000] {logging_mixin.py:190} INFO - [2026-07-18T20:51:07.508+0000] {dag.py:3239} INFO - Sync 1 DAGs
[2026-07-18T20:51:07.528+0000] {logging_mixin.py:190} INFO - [2026-07-18T20:51:07.528+0000] {dag.py:4180} INFO - Setting next_dagrun for example_trigger_target_dag to None, run_after=None
[2026-07-18T20:51:07.555+0000] {processor.py:208} INFO - Processing /home/airflow/.local/lib/python3.12/site-packages/airflow/example_dags/example_trigger_target_dag.py took 0.102 seconds
[2026-07-18T20:51:39.143+0000] {processor.py:186} INFO - Started process (PID=280) to work on /home/airflow/.local/lib/python3.12/site-packages/airflow/example_dags/example_trigger_target_dag.py
[2026-07-18T20:51:39.145+0000] {processor.py:914} INFO - Processing file /home/airflow/.local/lib/python3.12/site-packages/airflow/example_dags/example_trigger_target_dag.py for tasks to queue
[2026-07-18T20:51:39.147+0000] {logging_mixin.py:190} INFO - [2026-07-18T20:51:39.147+0000] {dagbag.py:588} INFO - Filling up the DagBag from /home/airflow/.local/lib/python3.12/site-packages/airflow/example_dags/example_trigger_target_dag.py
[2026-07-18T20:51:39.154+0000] {processor.py:925} INFO - DAG(s) 'example_trigger_target_dag' retrieved from /home/airflow/.local/lib/python3.12/site-packages/airflow/example_dags/example_trigger_target_dag.py
[2026-07-18T20:51:39.172+0000] {logging_mixin.py:190} INFO - [2026-07-18T20:51:39.172+0000] {dag.py:3239} INFO - Sync 1 DAGs
[2026-07-18T20:51:39.185+0000] {logging_mixin.py:190} INFO - [2026-07-18T20:51:39.184+0000] {dag.py:4180} INFO - Setting next_dagrun for example_trigger_target_dag to None, run_after=None
[2026-07-18T20:51:39.200+0000] {processor.py:208} INFO - Processing /home/airflow/.local/lib/python3.12/site-packages/airflow/example_dags/example_trigger_target_dag.py took 0.062 seconds
[2026-07-18T20:52:10.969+0000] {processor.py:186} INFO - Started process (PID=343) to work on /home/airflow/.local/lib/python3.12/site-packages/airflow/example_dags/example_trigger_target_dag.py
[2026-07-18T20:52:10.972+0000] {processor.py:914} INFO - Processing file /home/airflow/.local/lib/python3.12/site-packages/airflow/example_dags/example_trigger_target_dag.py for tasks to queue
[2026-07-18T20:52:10.979+0000] {logging_mixin.py:190} INFO - [2026-07-18T20:52:10.978+0000] {dagbag.py:588} INFO - Filling up the DagBag from /home/airflow/.local/lib/python3.12/site-packages/airflow/example_dags/example_trigger_target_dag.py
[2026-07-18T20:52:10.997+0000] {processor.py:925} INFO - DAG(s) 'example_trigger_target_dag' retrieved from /home/airflow/.local/lib/python3.12/site-packages/airflow/example_dags/example_trigger_target_dag.py
[2026-07-18T20:52:11.036+0000] {logging_mixin.py:190} INFO - [2026-07-18T20:52:11.036+0000] {dag.py:3239} INFO - Sync 1 DAGs
[2026-07-18T20:52:11.070+0000] {logging_mixin.py:190} INFO - [2026-07-18T20:52:11.070+0000] {dag.py:4180} INFO - Setting next_dagrun for example_trigger_target_dag to None, run_after=None
[2026-07-18T20:52:11.100+0000] {processor.py:208} INFO - Processing /home/airflow/.local/lib/python3.12/site-packages/airflow/example_dags/example_trigger_target_dag.py took 0.140 seconds
[2026-07-18T20:52:42.220+0000] {processor.py:186} INFO - Started process (PID=406) to work on /home/airflow/.local/lib/python3.12/site-packages/airflow/example_dags/example_trigger_target_dag.py
[2026-07-18T20:52:42.222+0000] {processor.py:914} INFO - Processing file /home/airflow/.local/lib/python3.12/site-packages/airflow/example_dags/example_trigger_target_dag.py for tasks to queue
[2026-07-18T20:52:42.227+0000] {logging_mixin.py:190} INFO - [2026-07-18T20:52:42.227+0000] {dagbag.py:588} INFO - Filling up the DagBag from /home/airflow/.local/lib/python3.12/site-packages/airflow/example_dags/example_trigger_target_dag.py
[2026-07-18T20:52:42.238+0000] {processor.py:925} INFO - DAG(s) 'example_trigger_target_dag' retrieved from /home/airflow/.local/lib/python3.12/site-packages/airflow/example_dags/example_trigger_target_dag.py
[2026-07-18T20:52:42.263+0000] {logging_mixin.py:190} INFO - [2026-07-18T20:52:42.263+0000] {dag.py:3239} INFO - Sync 1 DAGs
[2026-07-18T20:52:42.284+0000] {logging_mixin.py:190} INFO - [2026-07-18T20:52:42.283+0000] {dag.py:4180} INFO - Setting next_dagrun for example_trigger_target_dag to None, run_after=None
[2026-07-18T20:52:42.311+0000] {processor.py:208} INFO - Processing /home/airflow/.local/lib/python3.12/site-packages/airflow/example_dags/example_trigger_target_dag.py took 0.101 seconds
[2026-07-18T20:53:13.074+0000] {processor.py:186} INFO - Started process (PID=469) to work on /home/airflow/.local/lib/python3.12/site-packages/airflow/example_dags/example_trigger_target_dag.py
[2026-07-18T20:53:13.075+0000] {processor.py:914} INFO - Processing file /home/airflow/.local/lib/python3.12/site-packages/airflow/example_dags/example_trigger_target_dag.py for tasks to queue
[2026-07-18T20:53:13.079+0000] {logging_mixin.py:190} INFO - [2026-07-18T20:53:13.079+0000] {dagbag.py:588} INFO - Filling up the DagBag from /home/airflow/.local/lib/python3.12/site-packages/airflow/example_dags/example_trigger_target_dag.py
[2026-07-18T20:53:13.089+0000] {processor.py:925} INFO - DAG(s) 'example_trigger_target_dag' retrieved from /home/airflow/.local/lib/python3.12/site-packages/airflow/example_dags/example_trigger_target_dag.py
[2026-07-18T20:53:13.107+0000] {logging_mixin.py:190} INFO - [2026-07-18T20:53:13.106+0000] {dag.py:3239} INFO - Sync 1 DAGs
[2026-07-18T20:53:13.120+0000] {logging_mixin.py:190} INFO - [2026-07-18T20:53:13.119+0000] {dag.py:4180} INFO - Setting next_dagrun for example_trigger_target_dag to None, run_after=None
[2026-07-18T20:53:13.137+0000] {processor.py:208} INFO - Processing /home/airflow/.local/lib/python3.12/site-packages/airflow/example_dags/example_trigger_target_dag.py took 0.071 seconds
[2026-07-18T20:53:44.648+0000] {processor.py:186} INFO - Started process (PID=532) to work on /home/airflow/.local/lib/python3.12/site-packages/airflow/example_dags/example_trigger_target_dag.py
[2026-07-18T20:53:44.649+0000] {processor.py:914} INFO - Processing file /home/airflow/.local/lib/python3.12/site-packages/airflow/example_dags/example_trigger_target_dag.py for tasks to queue
[2026-07-18T20:53:44.652+0000] {logging_mixin.py:190} INFO - [2026-07-18T20:53:44.652+0000] {dagbag.py:588} INFO - Filling up the DagBag from /home/airflow/.local/lib/python3.12/site-packages/airflow/example_dags/example_trigger_target_dag.py
[2026-07-18T20:53:44.660+0000] {processor.py:925} INFO - DAG(s) 'example_trigger_target_dag' retrieved from /home/airflow/.local/lib/python3.12/site-packages/airflow/example_dags/example_trigger_target_dag.py
[2026-07-18T20:53:44.677+0000] {logging_mixin.py:190} INFO - [2026-07-18T20:53:44.677+0000] {dag.py:3239} INFO - Sync 1 DAGs
[2026-07-18T20:53:44.689+0000] {logging_mixin.py:190} INFO - [2026-07-18T20:53:44.689+0000] {dag.py:4180} INFO - Setting next_dagrun for example_trigger_target_dag to None, run_after=None
[2026-07-18T20:53:44.705+0000] {processor.py:208} INFO - Processing /home/airflow/.local/lib/python3.12/site-packages/airflow/example_dags/example_trigger_target_dag.py took 0.063 seconds
[2026-07-18T20:54:15.793+0000] {processor.py:186} INFO - Started process (PID=595) to work on /home/airflow/.local/lib/python3.12/site-packages/airflow/example_dags/example_trigger_target_dag.py
[2026-07-18T20:54:15.794+0000] {processor.py:914} INFO - Processing file /home/airflow/.local/lib/python3.12/site-packages/airflow/example_dags/example_trigger_target_dag.py for tasks to queue
[2026-07-18T20:54:15.797+0000] {logging_mixin.py:190} INFO - [2026-07-18T20:54:15.796+0000] {dagbag.py:588} INFO - Filling up the DagBag from /home/airflow/.local/lib/python3.12/site-packages/airflow/example_dags/example_trigger_target_dag.py
[2026-07-18T20:54:15.804+0000] {processor.py:925} INFO - DAG(s) 'example_trigger_target_dag' retrieved from /home/airflow/.local/lib/python3.12/site-packages/airflow/example_dags/example_trigger_target_dag.py
[2026-07-18T20:54:15.823+0000] {logging_mixin.py:190} INFO - [2026-07-18T20:54:15.823+0000] {dag.py:3239} INFO - Sync 1 DAGs
[2026-07-18T20:54:15.835+0000] {logging_mixin.py:190} INFO - [2026-07-18T20:54:15.835+0000] {dag.py:4180} INFO - Setting next_dagrun for example_trigger_target_dag to None, run_after=None
[2026-07-18T20:54:15.851+0000] {processor.py:208} INFO - Processing /home/airflow/.local/lib/python3.12/site-packages/airflow/example_dags/example_trigger_target_dag.py took 0.064 seconds
[2026-07-18T20:54:47.128+0000] {processor.py:186} INFO - Started process (PID=658) to work on /home/airflow/.local/lib/python3.12/site-packages/airflow/example_dags/example_trigger_target_dag.py
[2026-07-18T20:54:47.130+0000] {processor.py:914} INFO - Processing file /home/airflow/.local/lib/python3.12/site-packages/airflow/example_dags/example_trigger_target_dag.py for tasks to queue
[2026-07-18T20:54:47.132+0000] {logging_mixin.py:190} INFO - [2026-07-18T20:54:47.132+0000] {dagbag.py:588} INFO - Filling up the DagBag from /home/airflow/.local/lib/python3.12/site-packages/airflow/example_dags/example_trigger_target_dag.py
[2026-07-18T20:54:47.139+0000] {processor.py:925} INFO - DAG(s) 'example_trigger_target_dag' retrieved from /home/airflow/.local/lib/python3.12/site-packages/airflow/example_dags/example_trigger_target_dag.py
[2026-07-18T20:54:47.155+0000] {logging_mixin.py:190} INFO - [2026-07-18T20:54:47.155+0000] {dag.py:3239} INFO - Sync 1 DAGs
[2026-07-18T20:54:47.168+0000] {logging_mixin.py:190} INFO - [2026-07-18T20:54:47.168+0000] {dag.py:4180} INFO - Setting next_dagrun for example_trigger_target_dag to None, run_after=None
[2026-07-18T20:54:47.183+0000] {processor.py:208} INFO - Processing /home/airflow/.local/lib/python3.12/site-packages/airflow/example_dags/example_trigger_target_dag.py took 0.059 seconds
[2026-07-18T20:55:17.778+0000] {processor.py:186} INFO - Started process (PID=721) to work on /home/airflow/.local/lib/python3.12/site-packages/airflow/example_dags/example_trigger_target_dag.py
[2026-07-18T20:55:17.779+0000] {processor.py:914} INFO - Processing file /home/airflow/.local/lib/python3.12/site-packages/airflow/example_dags/example_trigger_target_dag.py for tasks to queue
[2026-07-18T20:55:17.781+0000] {logging_mixin.py:190} INFO - [2026-07-18T20:55:17.781+0000] {dagbag.py:588} INFO - Filling up the DagBag from /home/airflow/.local/lib/python3.12/site-packages/airflow/example_dags/example_trigger_target_dag.py
[2026-07-18T20:55:17.788+0000] {processor.py:925} INFO - DAG(s) 'example_trigger_target_dag' retrieved from /home/airflow/.local/lib/python3.12/site-packages/airflow/example_dags/example_trigger_target_dag.py
[2026-07-18T20:55:17.806+0000] {logging_mixin.py:190} INFO - [2026-07-18T20:55:17.806+0000] {dag.py:3239} INFO - Sync 1 DAGs
[2026-07-18T20:55:17.819+0000] {logging_mixin.py:190} INFO - [2026-07-18T20:55:17.818+0000] {dag.py:4180} INFO - Setting next_dagrun for example_trigger_target_dag to None, run_after=None
[2026-07-18T20:55:17.836+0000] {processor.py:208} INFO - Processing /home/airflow/.local/lib/python3.12/site-packages/airflow/example_dags/example_trigger_target_dag.py took 0.063 seconds
[2026-07-18T20:55:49.402+0000] {processor.py:186} INFO - Started process (PID=784) to work on /home/airflow/.local/lib/python3.12/site-packages/airflow/example_dags/example_trigger_target_dag.py
[2026-07-18T20:55:49.403+0000] {processor.py:914} INFO - Processing file /home/airflow/.local/lib/python3.12/site-packages/airflow/example_dags/example_trigger_target_dag.py for tasks to queue
[2026-07-18T20:55:49.406+0000] {logging_mixin.py:190} INFO - [2026-07-18T20:55:49.405+0000] {dagbag.py:588} INFO - Filling up the DagBag from /home/airflow/.local/lib/python3.12/site-packages/airflow/example_dags/example_trigger_target_dag.py
[2026-07-18T20:55:49.413+0000] {processor.py:925} INFO - DAG(s) 'example_trigger_target_dag' retrieved from /home/airflow/.local/lib/python3.12/site-packages/airflow/example_dags/example_trigger_target_dag.py
[2026-07-18T20:55:49.429+0000] {logging_mixin.py:190} INFO - [2026-07-18T20:55:49.428+0000] {dag.py:3239} INFO - Sync 1 DAGs
[2026-07-18T20:55:49.440+0000] {logging_mixin.py:190} INFO - [2026-07-18T20:55:49.439+0000] {dag.py:4180} INFO - Setting next_dagrun for example_trigger_target_dag to None, run_after=None
[2026-07-18T20:55:49.454+0000] {processor.py:208} INFO - Processing /home/airflow/.local/lib/python3.12/site-packages/airflow/example_dags/example_trigger_target_dag.py took 0.057 seconds
[2026-07-18T20:56:20.998+0000] {processor.py:186} INFO - Started process (PID=847) to work on /home/airflow/.local/lib/python3.12/site-packages/airflow/example_dags/example_trigger_target_dag.py
[2026-07-18T20:56:21.000+0000] {processor.py:914} INFO - Processing file /home/airflow/.local/lib/python3.12/site-packages/airflow/example_dags/example_trigger_target_dag.py for tasks to queue
[2026-07-18T20:56:21.002+0000] {logging_mixin.py:190} INFO - [2026-07-18T20:56:21.002+0000] {dagbag.py:588} INFO - Filling up the DagBag from /home/airflow/.local/lib/python3.12/site-packages/airflow/example_dags/example_trigger_target_dag.py
[2026-07-18T20:56:21.010+0000] {processor.py:925} INFO - DAG(s) 'example_trigger_target_dag' retrieved from /home/airflow/.local/lib/python3.12/site-packages/airflow/example_dags/example_trigger_target_dag.py
[2026-07-18T20:56:21.030+0000] {logging_mixin.py:190} INFO - [2026-07-18T20:56:21.030+0000] {dag.py:3239} INFO - Sync 1 DAGs
[2026-07-18T20:56:21.043+0000] {logging_mixin.py:190} INFO - [2026-07-18T20:56:21.043+0000] {dag.py:4180} INFO - Setting next_dagrun for example_trigger_target_dag to None, run_after=None
[2026-07-18T20:56:21.060+0000] {processor.py:208} INFO - Processing /home/airflow/.local/lib/python3.12/site-packages/airflow/example_dags/example_trigger_target_dag.py took 0.068 seconds
[2026-07-18T20:56:52.398+0000] {processor.py:186} INFO - Started process (PID=910) to work on /home/airflow/.local/lib/python3.12/site-packages/airflow/example_dags/example_trigger_target_dag.py
[2026-07-18T20:56:52.399+0000] {processor.py:914} INFO - Processing file /home/airflow/.local/lib/python3.12/site-packages/airflow/example_dags/example_trigger_target_dag.py for tasks to queue
[2026-07-18T20:56:52.403+0000] {logging_mixin.py:190} INFO - [2026-07-18T20:56:52.403+0000] {dagbag.py:588} INFO - Filling up the DagBag from /home/airflow/.local/lib/python3.12/site-packages/airflow/example_dags/example_trigger_target_dag.py
[2026-07-18T20:56:52.413+0000] {processor.py:925} INFO - DAG(s) 'example_trigger_target_dag' retrieved from /home/airflow/.local/lib/python3.12/site-packages/airflow/example_dags/example_trigger_target_dag.py
[2026-07-18T20:56:52.431+0000] {logging_mixin.py:190} INFO - [2026-07-18T20:56:52.431+0000] {dag.py:3239} INFO - Sync 1 DAGs
[2026-07-18T20:56:52.445+0000] {logging_mixin.py:190} INFO - [2026-07-18T20:56:52.445+0000] {dag.py:4180} INFO - Setting next_dagrun for example_trigger_target_dag to None, run_after=None
[2026-07-18T20:56:52.462+0000] {processor.py:208} INFO - Processing /home/airflow/.local/lib/python3.12/site-packages/airflow/example_dags/example_trigger_target_dag.py took 0.072 seconds
[2026-07-18T20:57:23.878+0000] {processor.py:186} INFO - Started process (PID=973) to work on /home/airflow/.local/lib/python3.12/site-packages/airflow/example_dags/example_trigger_target_dag.py
[2026-07-18T20:57:23.879+0000] {processor.py:914} INFO - Processing file /home/airflow/.local/lib/python3.12/site-packages/airflow/example_dags/example_trigger_target_dag.py for tasks to queue
[2026-07-18T20:57:23.882+0000] {logging_mixin.py:190} INFO - [2026-07-18T20:57:23.881+0000] {dagbag.py:588} INFO - Filling up the DagBag from /home/airflow/.local/lib/python3.12/site-packages/airflow/example_dags/example_trigger_target_dag.py
[2026-07-18T20:57:23.889+0000] {processor.py:925} INFO - DAG(s) 'example_trigger_target_dag' retrieved from /home/airflow/.local/lib/python3.12/site-packages/airflow/example_dags/example_trigger_target_dag.py
[2026-07-18T20:57:23.906+0000] {logging_mixin.py:190} INFO - [2026-07-18T20:57:23.906+0000] {dag.py:3239} INFO - Sync 1 DAGs
[2026-07-18T20:57:23.918+0000] {logging_mixin.py:190} INFO - [2026-07-18T20:57:23.918+0000] {dag.py:4180} INFO - Setting next_dagrun for example_trigger_target_dag to None, run_after=None
[2026-07-18T20:57:23.933+0000] {processor.py:208} INFO - Processing /home/airflow/.local/lib/python3.12/site-packages/airflow/example_dags/example_trigger_target_dag.py took 0.060 seconds
[2026-07-18T20:57:55.157+0000] {processor.py:186} INFO - Started process (PID=1036) to work on /home/airflow/.local/lib/python3.12/site-packages/airflow/example_dags/example_trigger_target_dag.py
[2026-07-18T20:57:55.159+0000] {processor.py:914} INFO - Processing file /home/airflow/.local/lib/python3.12/site-packages/airflow/example_dags/example_trigger_target_dag.py for tasks to queue
[2026-07-18T20:57:55.161+0000] {logging_mixin.py:190} INFO - [2026-07-18T20:57:55.161+0000] {dagbag.py:588} INFO - Filling up the DagBag from /home/airflow/.local/lib/python3.12/site-packages/airflow/example_dags/example_trigger_target_dag.py
[2026-07-18T20:57:55.168+0000] {processor.py:925} INFO - DAG(s) 'example_trigger_target_dag' retrieved from /home/airflow/.local/lib/python3.12/site-packages/airflow/example_dags/example_trigger_target_dag.py
[2026-07-18T20:57:55.185+0000] {logging_mixin.py:190} INFO - [2026-07-18T20:57:55.185+0000] {dag.py:3239} INFO - Sync 1 DAGs
[2026-07-18T20:57:55.196+0000] {logging_mixin.py:190} INFO - [2026-07-18T20:57:55.196+0000] {dag.py:4180} INFO - Setting next_dagrun for example_trigger_target_dag to None, run_after=None
[2026-07-18T20:57:55.212+0000] {processor.py:208} INFO - Processing /home/airflow/.local/lib/python3.12/site-packages/airflow/example_dags/example_trigger_target_dag.py took 0.059 seconds
[2026-07-18T20:58:26.569+0000] {processor.py:186} INFO - Started process (PID=1099) to work on /home/airflow/.local/lib/python3.12/site-packages/airflow/example_dags/example_trigger_target_dag.py
[2026-07-18T20:58:26.570+0000] {processor.py:914} INFO - Processing file /home/airflow/.local/lib/python3.12/site-packages/airflow/example_dags/example_trigger_target_dag.py for tasks to queue
[2026-07-18T20:58:26.573+0000] {logging_mixin.py:190} INFO - [2026-07-18T20:58:26.572+0000] {dagbag.py:588} INFO - Filling up the DagBag from /home/airflow/.local/lib/python3.12/site-packages/airflow/example_dags/example_trigger_target_dag.py
[2026-07-18T20:58:26.580+0000] {processor.py:925} INFO - DAG(s) 'example_trigger_target_dag' retrieved from /home/airflow/.local/lib/python3.12/site-packages/airflow/example_dags/example_trigger_target_dag.py
[2026-07-18T20:58:26.595+0000] {logging_mixin.py:190} INFO - [2026-07-18T20:58:26.595+0000] {dag.py:3239} INFO - Sync 1 DAGs
[2026-07-18T20:58:26.606+0000] {logging_mixin.py:190} INFO - [2026-07-18T20:58:26.606+0000] {dag.py:4180} INFO - Setting next_dagrun for example_trigger_target_dag to None, run_after=None
[2026-07-18T20:58:26.621+0000] {processor.py:208} INFO - Processing /home/airflow/.local/lib/python3.12/site-packages/airflow/example_dags/example_trigger_target_dag.py took 0.058 seconds
[2026-07-18T20:58:57.211+0000] {processor.py:186} INFO - Started process (PID=1162) to work on /home/airflow/.local/lib/python3.12/site-packages/airflow/example_dags/example_trigger_target_dag.py
[2026-07-18T20:58:57.213+0000] {processor.py:914} INFO - Processing file /home/airflow/.local/lib/python3.12/site-packages/airflow/example_dags/example_trigger_target_dag.py for tasks to queue
[2026-07-18T20:58:57.217+0000] {logging_mixin.py:190} INFO - [2026-07-18T20:58:57.216+0000] {dagbag.py:588} INFO - Filling up the DagBag from /home/airflow/.local/lib/python3.12/site-packages/airflow/example_dags/example_trigger_target_dag.py
[2026-07-18T20:58:57.227+0000] {processor.py:925} INFO - DAG(s) 'example_trigger_target_dag' retrieved from /home/airflow/.local/lib/python3.12/site-packages/airflow/example_dags/example_trigger_target_dag.py
[2026-07-18T20:58:57.245+0000] {logging_mixin.py:190} INFO - [2026-07-18T20:58:57.245+0000] {dag.py:3239} INFO - Sync 1 DAGs
[2026-07-18T20:58:57.259+0000] {logging_mixin.py:190} INFO - [2026-07-18T20:58:57.259+0000] {dag.py:4180} INFO - Setting next_dagrun for example_trigger_target_dag to None, run_after=None
[2026-07-18T20:58:57.277+0000] {processor.py:208} INFO - Processing /home/airflow/.local/lib/python3.12/site-packages/airflow/example_dags/example_trigger_target_dag.py took 0.070 seconds
[2026-07-18T20:59:28.506+0000] {processor.py:186} INFO - Started process (PID=1225) to work on /home/airflow/.local/lib/python3.12/site-packages/airflow/example_dags/example_trigger_target_dag.py
[2026-07-18T20:59:28.507+0000] {processor.py:914} INFO - Processing file /home/airflow/.local/lib/python3.12/site-packages/airflow/example_dags/example_trigger_target_dag.py for tasks to queue
[2026-07-18T20:59:28.509+0000] {logging_mixin.py:190} INFO - [2026-07-18T20:59:28.509+0000] {dagbag.py:588} INFO - Filling up the DagBag from /home/airflow/.local/lib/python3.12/site-packages/airflow/example_dags/example_trigger_target_dag.py
[2026-07-18T20:59:28.516+0000] {processor.py:925} INFO - DAG(s) 'example_trigger_target_dag' retrieved from /home/airflow/.local/lib/python3.12/site-packages/airflow/example_dags/example_trigger_target_dag.py
[2026-07-18T20:59:28.532+0000] {logging_mixin.py:190} INFO - [2026-07-18T20:59:28.532+0000] {dag.py:3239} INFO - Sync 1 DAGs
[2026-07-18T20:59:28.543+0000] {logging_mixin.py:190} INFO - [2026-07-18T20:59:28.543+0000] {dag.py:4180} INFO - Setting next_dagrun for example_trigger_target_dag to None, run_after=None
[2026-07-18T20:59:28.557+0000] {processor.py:208} INFO - Processing /home/airflow/.local/lib/python3.12/site-packages/airflow/example_dags/example_trigger_target_dag.py took 0.057 seconds
[2026-07-18T20:59:59.146+0000] {processor.py:186} INFO - Started process (PID=1288) to work on /home/airflow/.local/lib/python3.12/site-packages/airflow/example_dags/example_trigger_target_dag.py
[2026-07-18T20:59:59.147+0000] {processor.py:914} INFO - Processing file /home/airflow/.local/lib/python3.12/site-packages/airflow/example_dags/example_trigger_target_dag.py for tasks to queue
[2026-07-18T20:59:59.150+0000] {logging_mixin.py:190} INFO - [2026-07-18T20:59:59.150+0000] {dagbag.py:588} INFO - Filling up the DagBag from /home/airflow/.local/lib/python3.12/site-packages/airflow/example_dags/example_trigger_target_dag.py
[2026-07-18T20:59:59.161+0000] {processor.py:925} INFO - DAG(s) 'example_trigger_target_dag' retrieved from /home/airflow/.local/lib/python3.12/site-packages/airflow/example_dags/example_trigger_target_dag.py
[2026-07-18T20:59:59.181+0000] {logging_mixin.py:190} INFO - [2026-07-18T20:59:59.181+0000] {dag.py:3239} INFO - Sync 1 DAGs
[2026-07-18T20:59:59.195+0000] {logging_mixin.py:190} INFO - [2026-07-18T20:59:59.195+0000] {dag.py:4180} INFO - Setting next_dagrun for example_trigger_target_dag to None, run_after=None
[2026-07-18T20:59:59.213+0000] {processor.py:208} INFO - Processing /home/airflow/.local/lib/python3.12/site-packages/airflow/example_dags/example_trigger_target_dag.py took 0.074 seconds
[2026-07-18T21:00:30.604+0000] {processor.py:186} INFO - Started process (PID=1351) to work on /home/airflow/.local/lib/python3.12/site-packages/airflow/example_dags/example_trigger_target_dag.py
[2026-07-18T21:00:30.606+0000] {processor.py:914} INFO - Processing file /home/airflow/.local/lib/python3.12/site-packages/airflow/example_dags/example_trigger_target_dag.py for tasks to queue
[2026-07-18T21:00:30.609+0000] {logging_mixin.py:190} INFO - [2026-07-18T21:00:30.609+0000] {dagbag.py:588} INFO - Filling up the DagBag from /home/airflow/.local/lib/python3.12/site-packages/airflow/example_dags/example_trigger_target_dag.py
[2026-07-18T21:00:30.616+0000] {processor.py:925} INFO - DAG(s) 'example_trigger_target_dag' retrieved from /home/airflow/.local/lib/python3.12/site-packages/airflow/example_dags/example_trigger_target_dag.py
[2026-07-18T21:00:30.632+0000] {logging_mixin.py:190} INFO - [2026-07-18T21:00:30.632+0000] {dag.py:3239} INFO - Sync 1 DAGs
[2026-07-18T21:00:30.645+0000] {logging_mixin.py:190} INFO - [2026-07-18T21:00:30.645+0000] {dag.py:4180} INFO - Setting next_dagrun for example_trigger_target_dag to None, run_after=None
[2026-07-18T21:00:30.661+0000] {processor.py:208} INFO - Processing /home/airflow/.local/lib/python3.12/site-packages/airflow/example_dags/example_trigger_target_dag.py took 0.062 seconds
[2026-07-18T21:01:01.995+0000] {processor.py:186} INFO - Started process (PID=1414) to work on /home/airflow/.local/lib/python3.12/site-packages/airflow/example_dags/example_trigger_target_dag.py
[2026-07-18T21:01:01.999+0000] {processor.py:914} INFO - Processing file /home/airflow/.local/lib/python3.12/site-packages/airflow/example_dags/example_trigger_target_dag.py for tasks to queue
[2026-07-18T21:01:02.012+0000] {logging_mixin.py:190} INFO - [2026-07-18T21:01:02.010+0000] {dagbag.py:588} INFO - Filling up the DagBag from /home/airflow/.local/lib/python3.12/site-packages/airflow/example_dags/example_trigger_target_dag.py
[2026-07-18T21:01:02.042+0000] {processor.py:925} INFO - DAG(s) 'example_trigger_target_dag' retrieved from /home/airflow/.local/lib/python3.12/site-packages/airflow/example_dags/example_trigger_target_dag.py
[2026-07-18T21:01:02.109+0000] {logging_mixin.py:190} INFO - [2026-07-18T21:01:02.109+0000] {dag.py:3239} INFO - Sync 1 DAGs
[2026-07-18T21:01:02.154+0000] {logging_mixin.py:190} INFO - [2026-07-18T21:01:02.154+0000] {dag.py:4180} INFO - Setting next_dagrun for example_trigger_target_dag to None, run_after=None
[2026-07-18T21:01:02.262+0000] {processor.py:208} INFO - Processing /home/airflow/.local/lib/python3.12/site-packages/airflow/example_dags/example_trigger_target_dag.py took 0.282 seconds
[2026-07-18T21:01:33.493+0000] {processor.py:186} INFO - Started process (PID=1477) to work on /home/airflow/.local/lib/python3.12/site-packages/airflow/example_dags/example_trigger_target_dag.py
[2026-07-18T21:01:33.496+0000] {processor.py:914} INFO - Processing file /home/airflow/.local/lib/python3.12/site-packages/airflow/example_dags/example_trigger_target_dag.py for tasks to queue
[2026-07-18T21:01:33.500+0000] {logging_mixin.py:190} INFO - [2026-07-18T21:01:33.500+0000] {dagbag.py:588} INFO - Filling up the DagBag from /home/airflow/.local/lib/python3.12/site-packages/airflow/example_dags/example_trigger_target_dag.py
[2026-07-18T21:01:33.511+0000] {processor.py:925} INFO - DAG(s) 'example_trigger_target_dag' retrieved from /home/airflow/.local/lib/python3.12/site-packages/airflow/example_dags/example_trigger_target_dag.py
[2026-07-18T21:01:33.535+0000] {logging_mixin.py:190} INFO - [2026-07-18T21:01:33.535+0000] {dag.py:3239} INFO - Sync 1 DAGs
[2026-07-18T21:01:33.562+0000] {logging_mixin.py:190} INFO - [2026-07-18T21:01:33.561+0000] {dag.py:4180} INFO - Setting next_dagrun for example_trigger_target_dag to None, run_after=None
[2026-07-18T21:01:33.601+0000] {processor.py:208} INFO - Processing /home/airflow/.local/lib/python3.12/site-packages/airflow/example_dags/example_trigger_target_dag.py took 0.115 seconds
[2026-07-18T21:02:05.335+0000] {processor.py:186} INFO - Started process (PID=1546) to work on /home/airflow/.local/lib/python3.12/site-packages/airflow/example_dags/example_trigger_target_dag.py
[2026-07-18T21:02:05.337+0000] {processor.py:914} INFO - Processing file /home/airflow/.local/lib/python3.12/site-packages/airflow/example_dags/example_trigger_target_dag.py for tasks to queue
[2026-07-18T21:02:05.343+0000] {logging_mixin.py:190} INFO - [2026-07-18T21:02:05.343+0000] {dagbag.py:588} INFO - Filling up the DagBag from /home/airflow/.local/lib/python3.12/site-packages/airflow/example_dags/example_trigger_target_dag.py
[2026-07-18T21:02:05.358+0000] {processor.py:925} INFO - DAG(s) 'example_trigger_target_dag' retrieved from /home/airflow/.local/lib/python3.12/site-packages/airflow/example_dags/example_trigger_target_dag.py
[2026-07-18T21:02:05.397+0000] {logging_mixin.py:190} INFO - [2026-07-18T21:02:05.396+0000] {dag.py:3239} INFO - Sync 1 DAGs
[2026-07-18T21:02:05.431+0000] {logging_mixin.py:190} INFO - [2026-07-18T21:02:05.431+0000] {dag.py:4180} INFO - Setting next_dagrun for example_trigger_target_dag to None, run_after=None
[2026-07-18T21:02:05.474+0000] {processor.py:208} INFO - Processing /home/airflow/.local/lib/python3.12/site-packages/airflow/example_dags/example_trigger_target_dag.py took 0.148 seconds
[2026-07-18T21:02:36.896+0000] {processor.py:186} INFO - Started process (PID=1609) to work on /home/airflow/.local/lib/python3.12/site-packages/airflow/example_dags/example_trigger_target_dag.py
[2026-07-18T21:02:36.898+0000] {processor.py:914} INFO - Processing file /home/airflow/.local/lib/python3.12/site-packages/airflow/example_dags/example_trigger_target_dag.py for tasks to queue
[2026-07-18T21:02:36.904+0000] {logging_mixin.py:190} INFO - [2026-07-18T21:02:36.903+0000] {dagbag.py:588} INFO - Filling up the DagBag from /home/airflow/.local/lib/python3.12/site-packages/airflow/example_dags/example_trigger_target_dag.py
[2026-07-18T21:02:36.918+0000] {processor.py:925} INFO - DAG(s) 'example_trigger_target_dag' retrieved from /home/airflow/.local/lib/python3.12/site-packages/airflow/example_dags/example_trigger_target_dag.py
[2026-07-18T21:02:36.950+0000] {logging_mixin.py:190} INFO - [2026-07-18T21:02:36.949+0000] {dag.py:3239} INFO - Sync 1 DAGs
[2026-07-18T21:02:36.975+0000] {logging_mixin.py:190} INFO - [2026-07-18T21:02:36.975+0000] {dag.py:4180} INFO - Setting next_dagrun for example_trigger_target_dag to None, run_after=None
[2026-07-18T21:02:37.003+0000] {processor.py:208} INFO - Processing /home/airflow/.local/lib/python3.12/site-packages/airflow/example_dags/example_trigger_target_dag.py took 0.117 seconds
[2026-07-18T21:03:08.048+0000] {processor.py:186} INFO - Started process (PID=1672) to work on /home/airflow/.local/lib/python3.12/site-packages/airflow/example_dags/example_trigger_target_dag.py
[2026-07-18T21:03:08.051+0000] {processor.py:914} INFO - Processing file /home/airflow/.local/lib/python3.12/site-packages/airflow/example_dags/example_trigger_target_dag.py for tasks to queue
[2026-07-18T21:03:08.057+0000] {logging_mixin.py:190} INFO - [2026-07-18T21:03:08.056+0000] {dagbag.py:588} INFO - Filling up the DagBag from /home/airflow/.local/lib/python3.12/site-packages/airflow/example_dags/example_trigger_target_dag.py
[2026-07-18T21:03:08.070+0000] {processor.py:925} INFO - DAG(s) 'example_trigger_target_dag' retrieved from /home/airflow/.local/lib/python3.12/site-packages/airflow/example_dags/example_trigger_target_dag.py
[2026-07-18T21:03:08.101+0000] {logging_mixin.py:190} INFO - [2026-07-18T21:03:08.101+0000] {dag.py:3239} INFO - Sync 1 DAGs
[2026-07-18T21:03:08.126+0000] {logging_mixin.py:190} INFO - [2026-07-18T21:03:08.126+0000] {dag.py:4180} INFO - Setting next_dagrun for example_trigger_target_dag to None, run_after=None
[2026-07-18T21:03:08.152+0000] {processor.py:208} INFO - Processing /home/airflow/.local/lib/python3.12/site-packages/airflow/example_dags/example_trigger_target_dag.py took 0.112 seconds
[2026-07-18T21:03:39.459+0000] {processor.py:186} INFO - Started process (PID=1735) to work on /home/airflow/.local/lib/python3.12/site-packages/airflow/example_dags/example_trigger_target_dag.py
[2026-07-18T21:03:39.464+0000] {processor.py:914} INFO - Processing file /home/airflow/.local/lib/python3.12/site-packages/airflow/example_dags/example_trigger_target_dag.py for tasks to queue
[2026-07-18T21:03:39.469+0000] {logging_mixin.py:190} INFO - [2026-07-18T21:03:39.469+0000] {dagbag.py:588} INFO - Filling up the DagBag from /home/airflow/.local/lib/python3.12/site-packages/airflow/example_dags/example_trigger_target_dag.py
[2026-07-18T21:03:39.486+0000] {processor.py:925} INFO - DAG(s) 'example_trigger_target_dag' retrieved from /home/airflow/.local/lib/python3.12/site-packages/airflow/example_dags/example_trigger_target_dag.py
[2026-07-18T21:03:39.520+0000] {logging_mixin.py:190} INFO - [2026-07-18T21:03:39.519+0000] {dag.py:3239} INFO - Sync 1 DAGs
[2026-07-18T21:03:39.540+0000] {logging_mixin.py:190} INFO - [2026-07-18T21:03:39.540+0000] {dag.py:4180} INFO - Setting next_dagrun for example_trigger_target_dag to None, run_after=None
[2026-07-18T21:03:39.572+0000] {processor.py:208} INFO - Processing /home/airflow/.local/lib/python3.12/site-packages/airflow/example_dags/example_trigger_target_dag.py took 0.126 seconds
[2026-07-18T21:04:11.599+0000] {processor.py:186} INFO - Started process (PID=1799) to work on /home/airflow/.local/lib/python3.12/site-packages/airflow/example_dags/example_trigger_target_dag.py
[2026-07-18T21:04:11.602+0000] {processor.py:914} INFO - Processing file /home/airflow/.local/lib/python3.12/site-packages/airflow/example_dags/example_trigger_target_dag.py for tasks to queue
[2026-07-18T21:04:11.609+0000] {logging_mixin.py:190} INFO - [2026-07-18T21:04:11.608+0000] {dagbag.py:588} INFO - Filling up the DagBag from /home/airflow/.local/lib/python3.12/site-packages/airflow/example_dags/example_trigger_target_dag.py
[2026-07-18T21:04:11.623+0000] {processor.py:925} INFO - DAG(s) 'example_trigger_target_dag' retrieved from /home/airflow/.local/lib/python3.12/site-packages/airflow/example_dags/example_trigger_target_dag.py
[2026-07-18T21:04:11.650+0000] {logging_mixin.py:190} INFO - [2026-07-18T21:04:11.650+0000] {dag.py:3239} INFO - Sync 1 DAGs
[2026-07-18T21:04:11.678+0000] {logging_mixin.py:190} INFO - [2026-07-18T21:04:11.678+0000] {dag.py:4180} INFO - Setting next_dagrun for example_trigger_target_dag to None, run_after=None
[2026-07-18T21:04:11.712+0000] {processor.py:208} INFO - Processing /home/airflow/.local/lib/python3.12/site-packages/airflow/example_dags/example_trigger_target_dag.py took 0.126 seconds
[2026-07-18T21:04:42.740+0000] {processor.py:186} INFO - Started process (PID=1862) to work on /home/airflow/.local/lib/python3.12/site-packages/airflow/example_dags/example_trigger_target_dag.py
[2026-07-18T21:04:42.742+0000] {processor.py:914} INFO - Processing file /home/airflow/.local/lib/python3.12/site-packages/airflow/example_dags/example_trigger_target_dag.py for tasks to queue
[2026-07-18T21:04:42.748+0000] {logging_mixin.py:190} INFO - [2026-07-18T21:04:42.747+0000] {dagbag.py:588} INFO - Filling up the DagBag from /home/airflow/.local/lib/python3.12/site-packages/airflow/example_dags/example_trigger_target_dag.py
[2026-07-18T21:04:42.762+0000] {processor.py:925} INFO - DAG(s) 'example_trigger_target_dag' retrieved from /home/airflow/.local/lib/python3.12/site-packages/airflow/example_dags/example_trigger_target_dag.py
[2026-07-18T21:04:42.788+0000] {logging_mixin.py:190} INFO - [2026-07-18T21:04:42.788+0000] {dag.py:3239} INFO - Sync 1 DAGs
[2026-07-18T21:04:42.812+0000] {logging_mixin.py:190} INFO - [2026-07-18T21:04:42.812+0000] {dag.py:4180} INFO - Setting next_dagrun for example_trigger_target_dag to None, run_after=None
[2026-07-18T21:04:42.851+0000] {processor.py:208} INFO - Processing /home/airflow/.local/lib/python3.12/site-packages/airflow/example_dags/example_trigger_target_dag.py took 0.124 seconds
[2026-07-18T21:05:13.811+0000] {processor.py:186} INFO - Started process (PID=1925) to work on /home/airflow/.local/lib/python3.12/site-packages/airflow/example_dags/example_trigger_target_dag.py
[2026-07-18T21:05:13.813+0000] {processor.py:914} INFO - Processing file /home/airflow/.local/lib/python3.12/site-packages/airflow/example_dags/example_trigger_target_dag.py for tasks to queue
[2026-07-18T21:05:13.815+0000] {logging_mixin.py:190} INFO - [2026-07-18T21:05:13.815+0000] {dagbag.py:588} INFO - Filling up the DagBag from /home/airflow/.local/lib/python3.12/site-packages/airflow/example_dags/example_trigger_target_dag.py
[2026-07-18T21:05:13.822+0000] {processor.py:925} INFO - DAG(s) 'example_trigger_target_dag' retrieved from /home/airflow/.local/lib/python3.12/site-packages/airflow/example_dags/example_trigger_target_dag.py
[2026-07-18T21:05:13.838+0000] {logging_mixin.py:190} INFO - [2026-07-18T21:05:13.838+0000] {dag.py:3239} INFO - Sync 1 DAGs
[2026-07-18T21:05:13.849+0000] {logging_mixin.py:190} INFO - [2026-07-18T21:05:13.849+0000] {dag.py:4180} INFO - Setting next_dagrun for example_trigger_target_dag to None, run_after=None
[2026-07-18T21:05:13.865+0000] {processor.py:208} INFO - Processing /home/airflow/.local/lib/python3.12/site-packages/airflow/example_dags/example_trigger_target_dag.py took 0.058 seconds
[2026-07-18T21:05:45.619+0000] {processor.py:186} INFO - Started process (PID=1988) to work on /home/airflow/.local/lib/python3.12/site-packages/airflow/example_dags/example_trigger_target_dag.py
[2026-07-18T21:05:45.621+0000] {processor.py:914} INFO - Processing file /home/airflow/.local/lib/python3.12/site-packages/airflow/example_dags/example_trigger_target_dag.py for tasks to queue
[2026-07-18T21:05:45.627+0000] {logging_mixin.py:190} INFO - [2026-07-18T21:05:45.626+0000] {dagbag.py:588} INFO - Filling up the DagBag from /home/airflow/.local/lib/python3.12/site-packages/airflow/example_dags/example_trigger_target_dag.py
[2026-07-18T21:05:45.639+0000] {processor.py:925} INFO - DAG(s) 'example_trigger_target_dag' retrieved from /home/airflow/.local/lib/python3.12/site-packages/airflow/example_dags/example_trigger_target_dag.py
[2026-07-18T21:05:45.668+0000] {logging_mixin.py:190} INFO - [2026-07-18T21:05:45.668+0000] {dag.py:3239} INFO - Sync 1 DAGs
[2026-07-18T21:05:45.694+0000] {logging_mixin.py:190} INFO - [2026-07-18T21:05:45.694+0000] {dag.py:4180} INFO - Setting next_dagrun for example_trigger_target_dag to None, run_after=None
[2026-07-18T21:05:45.779+0000] {processor.py:208} INFO - Processing /home/airflow/.local/lib/python3.12/site-packages/airflow/example_dags/example_trigger_target_dag.py took 0.170 seconds
[2026-07-18T21:06:17.082+0000] {processor.py:186} INFO - Started process (PID=2051) to work on /home/airflow/.local/lib/python3.12/site-packages/airflow/example_dags/example_trigger_target_dag.py
[2026-07-18T21:06:17.090+0000] {processor.py:914} INFO - Processing file /home/airflow/.local/lib/python3.12/site-packages/airflow/example_dags/example_trigger_target_dag.py for tasks to queue
[2026-07-18T21:06:17.098+0000] {logging_mixin.py:190} INFO - [2026-07-18T21:06:17.097+0000] {dagbag.py:588} INFO - Filling up the DagBag from /home/airflow/.local/lib/python3.12/site-packages/airflow/example_dags/example_trigger_target_dag.py
[2026-07-18T21:06:17.129+0000] {processor.py:925} INFO - DAG(s) 'example_trigger_target_dag' retrieved from /home/airflow/.local/lib/python3.12/site-packages/airflow/example_dags/example_trigger_target_dag.py
[2026-07-18T21:06:17.194+0000] {logging_mixin.py:190} INFO - [2026-07-18T21:06:17.194+0000] {dag.py:3239} INFO - Sync 1 DAGs
[2026-07-18T21:06:17.258+0000] {logging_mixin.py:190} INFO - [2026-07-18T21:06:17.258+0000] {dag.py:4180} INFO - Setting next_dagrun for example_trigger_target_dag to None, run_after=None
[2026-07-18T21:06:17.287+0000] {processor.py:208} INFO - Processing /home/airflow/.local/lib/python3.12/site-packages/airflow/example_dags/example_trigger_target_dag.py took 0.224 seconds
[2026-07-18T21:06:48.553+0000] {processor.py:186} INFO - Started process (PID=2114) to work on /home/airflow/.local/lib/python3.12/site-packages/airflow/example_dags/example_trigger_target_dag.py
[2026-07-18T21:06:48.555+0000] {processor.py:914} INFO - Processing file /home/airflow/.local/lib/python3.12/site-packages/airflow/example_dags/example_trigger_target_dag.py for tasks to queue
[2026-07-18T21:06:48.560+0000] {logging_mixin.py:190} INFO - [2026-07-18T21:06:48.559+0000] {dagbag.py:588} INFO - Filling up the DagBag from /home/airflow/.local/lib/python3.12/site-packages/airflow/example_dags/example_trigger_target_dag.py
[2026-07-18T21:06:48.571+0000] {processor.py:925} INFO - DAG(s) 'example_trigger_target_dag' retrieved from /home/airflow/.local/lib/python3.12/site-packages/airflow/example_dags/example_trigger_target_dag.py
[2026-07-18T21:06:48.601+0000] {logging_mixin.py:190} INFO - [2026-07-18T21:06:48.601+0000] {dag.py:3239} INFO - Sync 1 DAGs
[2026-07-18T21:06:48.630+0000] {logging_mixin.py:190} INFO - [2026-07-18T21:06:48.630+0000] {dag.py:4180} INFO - Setting next_dagrun for example_trigger_target_dag to None, run_after=None
[2026-07-18T21:06:48.722+0000] {processor.py:208} INFO - Processing /home/airflow/.local/lib/python3.12/site-packages/airflow/example_dags/example_trigger_target_dag.py took 0.177 seconds
[2026-07-18T21:07:20.003+0000] {processor.py:186} INFO - Started process (PID=2180) to work on /home/airflow/.local/lib/python3.12/site-packages/airflow/example_dags/example_trigger_target_dag.py
[2026-07-18T21:07:20.005+0000] {processor.py:914} INFO - Processing file /home/airflow/.local/lib/python3.12/site-packages/airflow/example_dags/example_trigger_target_dag.py for tasks to queue
[2026-07-18T21:07:20.011+0000] {logging_mixin.py:190} INFO - [2026-07-18T21:07:20.010+0000] {dagbag.py:588} INFO - Filling up the DagBag from /home/airflow/.local/lib/python3.12/site-packages/airflow/example_dags/example_trigger_target_dag.py
[2026-07-18T21:07:20.026+0000] {processor.py:925} INFO - DAG(s) 'example_trigger_target_dag' retrieved from /home/airflow/.local/lib/python3.12/site-packages/airflow/example_dags/example_trigger_target_dag.py
[2026-07-18T21:07:20.075+0000] {logging_mixin.py:190} INFO - [2026-07-18T21:07:20.074+0000] {dag.py:3239} INFO - Sync 1 DAGs
[2026-07-18T21:07:20.109+0000] {logging_mixin.py:190} INFO - [2026-07-18T21:07:20.109+0000] {dag.py:4180} INFO - Setting next_dagrun for example_trigger_target_dag to None, run_after=None
[2026-07-18T21:07:20.172+0000] {processor.py:208} INFO - Processing /home/airflow/.local/lib/python3.12/site-packages/airflow/example_dags/example_trigger_target_dag.py took 0.183 seconds
[2026-07-18T21:07:51.245+0000] {processor.py:186} INFO - Started process (PID=2243) to work on /home/airflow/.local/lib/python3.12/site-packages/airflow/example_dags/example_trigger_target_dag.py
[2026-07-18T21:07:51.249+0000] {processor.py:914} INFO - Processing file /home/airflow/.local/lib/python3.12/site-packages/airflow/example_dags/example_trigger_target_dag.py for tasks to queue
[2026-07-18T21:07:51.257+0000] {logging_mixin.py:190} INFO - [2026-07-18T21:07:51.256+0000] {dagbag.py:588} INFO - Filling up the DagBag from /home/airflow/.local/lib/python3.12/site-packages/airflow/example_dags/example_trigger_target_dag.py
[2026-07-18T21:07:51.279+0000] {processor.py:925} INFO - DAG(s) 'example_trigger_target_dag' retrieved from /home/airflow/.local/lib/python3.12/site-packages/airflow/example_dags/example_trigger_target_dag.py
[2026-07-18T21:07:51.321+0000] {logging_mixin.py:190} INFO - [2026-07-18T21:07:51.321+0000] {dag.py:3239} INFO - Sync 1 DAGs
[2026-07-18T21:07:51.343+0000] {logging_mixin.py:190} INFO - [2026-07-18T21:07:51.343+0000] {dag.py:4180} INFO - Setting next_dagrun for example_trigger_target_dag to None, run_after=None
[2026-07-18T21:07:51.373+0000] {processor.py:208} INFO - Processing /home/airflow/.local/lib/python3.12/site-packages/airflow/example_dags/example_trigger_target_dag.py took 0.145 seconds
[2026-07-18T21:08:22.313+0000] {processor.py:186} INFO - Started process (PID=2306) to work on /home/airflow/.local/lib/python3.12/site-packages/airflow/example_dags/example_trigger_target_dag.py
[2026-07-18T21:08:22.315+0000] {processor.py:914} INFO - Processing file /home/airflow/.local/lib/python3.12/site-packages/airflow/example_dags/example_trigger_target_dag.py for tasks to queue
[2026-07-18T21:08:22.321+0000] {logging_mixin.py:190} INFO - [2026-07-18T21:08:22.321+0000] {dagbag.py:588} INFO - Filling up the DagBag from /home/airflow/.local/lib/python3.12/site-packages/airflow/example_dags/example_trigger_target_dag.py
[2026-07-18T21:08:22.362+0000] {processor.py:925} INFO - DAG(s) 'example_trigger_target_dag' retrieved from /home/airflow/.local/lib/python3.12/site-packages/airflow/example_dags/example_trigger_target_dag.py
[2026-07-18T21:08:22.399+0000] {logging_mixin.py:190} INFO - [2026-07-18T21:08:22.398+0000] {dag.py:3239} INFO - Sync 1 DAGs
[2026-07-18T21:08:22.425+0000] {logging_mixin.py:190} INFO - [2026-07-18T21:08:22.424+0000] {dag.py:4180} INFO - Setting next_dagrun for example_trigger_target_dag to None, run_after=None
[2026-07-18T21:08:22.552+0000] {processor.py:208} INFO - Processing /home/airflow/.local/lib/python3.12/site-packages/airflow/example_dags/example_trigger_target_dag.py took 0.246 seconds
[2026-07-18T21:16:30.315+0000] {processor.py:186} INFO - Started process (PID=2375) to work on /home/airflow/.local/lib/python3.12/site-packages/airflow/example_dags/example_trigger_target_dag.py
[2026-07-18T21:16:30.319+0000] {processor.py:914} INFO - Processing file /home/airflow/.local/lib/python3.12/site-packages/airflow/example_dags/example_trigger_target_dag.py for tasks to queue
[2026-07-18T21:16:30.336+0000] {logging_mixin.py:190} INFO - [2026-07-18T21:16:30.326+0000] {dagbag.py:588} INFO - Filling up the DagBag from /home/airflow/.local/lib/python3.12/site-packages/airflow/example_dags/example_trigger_target_dag.py
[2026-07-18T21:16:30.369+0000] {processor.py:925} INFO - DAG(s) 'example_trigger_target_dag' retrieved from /home/airflow/.local/lib/python3.12/site-packages/airflow/example_dags/example_trigger_target_dag.py
[2026-07-18T21:16:30.416+0000] {logging_mixin.py:190} INFO - [2026-07-18T21:16:30.416+0000] {dag.py:3239} INFO - Sync 1 DAGs
[2026-07-18T21:16:30.447+0000] {logging_mixin.py:190} INFO - [2026-07-18T21:16:30.447+0000] {dag.py:4180} INFO - Setting next_dagrun for example_trigger_target_dag to None, run_after=None
[2026-07-18T21:16:30.499+0000] {processor.py:208} INFO - Processing /home/airflow/.local/lib/python3.12/site-packages/airflow/example_dags/example_trigger_target_dag.py took 0.199 seconds
[2026-07-18T21:17:00.635+0000] {processor.py:186} INFO - Started process (PID=2437) to work on /home/airflow/.local/lib/python3.12/site-packages/airflow/example_dags/example_trigger_target_dag.py
[2026-07-18T21:17:00.638+0000] {processor.py:914} INFO - Processing file /home/airflow/.local/lib/python3.12/site-packages/airflow/example_dags/example_trigger_target_dag.py for tasks to queue
[2026-07-18T21:17:00.646+0000] {logging_mixin.py:190} INFO - [2026-07-18T21:17:00.645+0000] {dagbag.py:588} INFO - Filling up the DagBag from /home/airflow/.local/lib/python3.12/site-packages/airflow/example_dags/example_trigger_target_dag.py
[2026-07-18T21:17:00.663+0000] {processor.py:925} INFO - DAG(s) 'example_trigger_target_dag' retrieved from /home/airflow/.local/lib/python3.12/site-packages/airflow/example_dags/example_trigger_target_dag.py
[2026-07-18T21:17:00.700+0000] {logging_mixin.py:190} INFO - [2026-07-18T21:17:00.700+0000] {dag.py:3239} INFO - Sync 1 DAGs
[2026-07-18T21:17:00.729+0000] {logging_mixin.py:190} INFO - [2026-07-18T21:17:00.728+0000] {dag.py:4180} INFO - Setting next_dagrun for example_trigger_target_dag to None, run_after=None
[2026-07-18T21:17:00.763+0000] {processor.py:208} INFO - Processing /home/airflow/.local/lib/python3.12/site-packages/airflow/example_dags/example_trigger_target_dag.py took 0.142 seconds
[2026-07-18T21:17:30.975+0000] {processor.py:186} INFO - Started process (PID=2500) to work on /home/airflow/.local/lib/python3.12/site-packages/airflow/example_dags/example_trigger_target_dag.py
[2026-07-18T21:17:30.977+0000] {processor.py:914} INFO - Processing file /home/airflow/.local/lib/python3.12/site-packages/airflow/example_dags/example_trigger_target_dag.py for tasks to queue
[2026-07-18T21:17:30.983+0000] {logging_mixin.py:190} INFO - [2026-07-18T21:17:30.982+0000] {dagbag.py:588} INFO - Filling up the DagBag from /home/airflow/.local/lib/python3.12/site-packages/airflow/example_dags/example_trigger_target_dag.py
[2026-07-18T21:17:31.000+0000] {processor.py:925} INFO - DAG(s) 'example_trigger_target_dag' retrieved from /home/airflow/.local/lib/python3.12/site-packages/airflow/example_dags/example_trigger_target_dag.py
[2026-07-18T21:17:31.027+0000] {logging_mixin.py:190} INFO - [2026-07-18T21:17:31.027+0000] {dag.py:3239} INFO - Sync 1 DAGs
[2026-07-18T21:17:31.044+0000] {logging_mixin.py:190} INFO - [2026-07-18T21:17:31.043+0000] {dag.py:4180} INFO - Setting next_dagrun for example_trigger_target_dag to None, run_after=None
[2026-07-18T21:17:31.076+0000] {processor.py:208} INFO - Processing /home/airflow/.local/lib/python3.12/site-packages/airflow/example_dags/example_trigger_target_dag.py took 0.114 seconds
[2026-07-18T21:18:01.230+0000] {processor.py:186} INFO - Started process (PID=2563) to work on /home/airflow/.local/lib/python3.12/site-packages/airflow/example_dags/example_trigger_target_dag.py
[2026-07-18T21:18:01.232+0000] {processor.py:914} INFO - Processing file /home/airflow/.local/lib/python3.12/site-packages/airflow/example_dags/example_trigger_target_dag.py for tasks to queue
[2026-07-18T21:18:01.236+0000] {logging_mixin.py:190} INFO - [2026-07-18T21:18:01.236+0000] {dagbag.py:588} INFO - Filling up the DagBag from /home/airflow/.local/lib/python3.12/site-packages/airflow/example_dags/example_trigger_target_dag.py
[2026-07-18T21:18:01.253+0000] {processor.py:925} INFO - DAG(s) 'example_trigger_target_dag' retrieved from /home/airflow/.local/lib/python3.12/site-packages/airflow/example_dags/example_trigger_target_dag.py
[2026-07-18T21:18:01.289+0000] {logging_mixin.py:190} INFO - [2026-07-18T21:18:01.289+0000] {dag.py:3239} INFO - Sync 1 DAGs
[2026-07-18T21:18:01.322+0000] {logging_mixin.py:190} INFO - [2026-07-18T21:18:01.322+0000] {dag.py:4180} INFO - Setting next_dagrun for example_trigger_target_dag to None, run_after=None
[2026-07-18T21:18:01.370+0000] {processor.py:208} INFO - Processing /home/airflow/.local/lib/python3.12/site-packages/airflow/example_dags/example_trigger_target_dag.py took 0.150 seconds
[2026-07-18T21:18:31.482+0000] {processor.py:186} INFO - Started process (PID=2626) to work on /home/airflow/.local/lib/python3.12/site-packages/airflow/example_dags/example_trigger_target_dag.py
[2026-07-18T21:18:31.485+0000] {processor.py:914} INFO - Processing file /home/airflow/.local/lib/python3.12/site-packages/airflow/example_dags/example_trigger_target_dag.py for tasks to queue
[2026-07-18T21:18:31.492+0000] {logging_mixin.py:190} INFO - [2026-07-18T21:18:31.491+0000] {dagbag.py:588} INFO - Filling up the DagBag from /home/airflow/.local/lib/python3.12/site-packages/airflow/example_dags/example_trigger_target_dag.py
[2026-07-18T21:18:31.507+0000] {processor.py:925} INFO - DAG(s) 'example_trigger_target_dag' retrieved from /home/airflow/.local/lib/python3.12/site-packages/airflow/example_dags/example_trigger_target_dag.py
[2026-07-18T21:18:31.541+0000] {logging_mixin.py:190} INFO - [2026-07-18T21:18:31.541+0000] {dag.py:3239} INFO - Sync 1 DAGs
[2026-07-18T21:18:31.565+0000] {logging_mixin.py:190} INFO - [2026-07-18T21:18:31.565+0000] {dag.py:4180} INFO - Setting next_dagrun for example_trigger_target_dag to None, run_after=None
[2026-07-18T21:18:31.595+0000] {processor.py:208} INFO - Processing /home/airflow/.local/lib/python3.12/site-packages/airflow/example_dags/example_trigger_target_dag.py took 0.124 seconds
[2026-07-18T21:19:02.212+0000] {processor.py:186} INFO - Started process (PID=2689) to work on /home/airflow/.local/lib/python3.12/site-packages/airflow/example_dags/example_trigger_target_dag.py
[2026-07-18T21:19:02.214+0000] {processor.py:914} INFO - Processing file /home/airflow/.local/lib/python3.12/site-packages/airflow/example_dags/example_trigger_target_dag.py for tasks to queue
[2026-07-18T21:19:02.219+0000] {logging_mixin.py:190} INFO - [2026-07-18T21:19:02.218+0000] {dagbag.py:588} INFO - Filling up the DagBag from /home/airflow/.local/lib/python3.12/site-packages/airflow/example_dags/example_trigger_target_dag.py
[2026-07-18T21:19:02.236+0000] {processor.py:925} INFO - DAG(s) 'example_trigger_target_dag' retrieved from /home/airflow/.local/lib/python3.12/site-packages/airflow/example_dags/example_trigger_target_dag.py
[2026-07-18T21:19:02.271+0000] {logging_mixin.py:190} INFO - [2026-07-18T21:19:02.271+0000] {dag.py:3239} INFO - Sync 1 DAGs
[2026-07-18T21:19:02.293+0000] {logging_mixin.py:190} INFO - [2026-07-18T21:19:02.293+0000] {dag.py:4180} INFO - Setting next_dagrun for example_trigger_target_dag to None, run_after=None
[2026-07-18T21:19:02.331+0000] {processor.py:208} INFO - Processing /home/airflow/.local/lib/python3.12/site-packages/airflow/example_dags/example_trigger_target_dag.py took 0.129 seconds
[2026-07-18T21:19:33.009+0000] {processor.py:186} INFO - Started process (PID=2752) to work on /home/airflow/.local/lib/python3.12/site-packages/airflow/example_dags/example_trigger_target_dag.py
[2026-07-18T21:19:33.012+0000] {processor.py:914} INFO - Processing file /home/airflow/.local/lib/python3.12/site-packages/airflow/example_dags/example_trigger_target_dag.py for tasks to queue
[2026-07-18T21:19:33.018+0000] {logging_mixin.py:190} INFO - [2026-07-18T21:19:33.018+0000] {dagbag.py:588} INFO - Filling up the DagBag from /home/airflow/.local/lib/python3.12/site-packages/airflow/example_dags/example_trigger_target_dag.py
[2026-07-18T21:19:33.035+0000] {processor.py:925} INFO - DAG(s) 'example_trigger_target_dag' retrieved from /home/airflow/.local/lib/python3.12/site-packages/airflow/example_dags/example_trigger_target_dag.py
[2026-07-18T21:19:33.070+0000] {logging_mixin.py:190} INFO - [2026-07-18T21:19:33.070+0000] {dag.py:3239} INFO - Sync 1 DAGs
[2026-07-18T21:19:33.095+0000] {logging_mixin.py:190} INFO - [2026-07-18T21:19:33.094+0000] {dag.py:4180} INFO - Setting next_dagrun for example_trigger_target_dag to None, run_after=None
[2026-07-18T21:19:33.132+0000] {processor.py:208} INFO - Processing /home/airflow/.local/lib/python3.12/site-packages/airflow/example_dags/example_trigger_target_dag.py took 0.134 seconds
[2026-07-18T21:20:03.276+0000] {processor.py:186} INFO - Started process (PID=2815) to work on /home/airflow/.local/lib/python3.12/site-packages/airflow/example_dags/example_trigger_target_dag.py
[2026-07-18T21:20:03.279+0000] {processor.py:914} INFO - Processing file /home/airflow/.local/lib/python3.12/site-packages/airflow/example_dags/example_trigger_target_dag.py for tasks to queue
[2026-07-18T21:20:03.284+0000] {logging_mixin.py:190} INFO - [2026-07-18T21:20:03.283+0000] {dagbag.py:588} INFO - Filling up the DagBag from /home/airflow/.local/lib/python3.12/site-packages/airflow/example_dags/example_trigger_target_dag.py
[2026-07-18T21:20:03.297+0000] {processor.py:925} INFO - DAG(s) 'example_trigger_target_dag' retrieved from /home/airflow/.local/lib/python3.12/site-packages/airflow/example_dags/example_trigger_target_dag.py
[2026-07-18T21:20:03.329+0000] {logging_mixin.py:190} INFO - [2026-07-18T21:20:03.329+0000] {dag.py:3239} INFO - Sync 1 DAGs
[2026-07-18T21:20:03.367+0000] {logging_mixin.py:190} INFO - [2026-07-18T21:20:03.367+0000] {dag.py:4180} INFO - Setting next_dagrun for example_trigger_target_dag to None, run_after=None
[2026-07-18T21:20:03.400+0000] {processor.py:208} INFO - Processing /home/airflow/.local/lib/python3.12/site-packages/airflow/example_dags/example_trigger_target_dag.py took 0.133 seconds
[2026-07-18T21:20:34.701+0000] {processor.py:186} INFO - Started process (PID=2878) to work on /home/airflow/.local/lib/python3.12/site-packages/airflow/example_dags/example_trigger_target_dag.py
[2026-07-18T21:20:34.703+0000] {processor.py:914} INFO - Processing file /home/airflow/.local/lib/python3.12/site-packages/airflow/example_dags/example_trigger_target_dag.py for tasks to queue
[2026-07-18T21:20:34.708+0000] {logging_mixin.py:190} INFO - [2026-07-18T21:20:34.708+0000] {dagbag.py:588} INFO - Filling up the DagBag from /home/airflow/.local/lib/python3.12/site-packages/airflow/example_dags/example_trigger_target_dag.py
[2026-07-18T21:20:34.720+0000] {processor.py:925} INFO - DAG(s) 'example_trigger_target_dag' retrieved from /home/airflow/.local/lib/python3.12/site-packages/airflow/example_dags/example_trigger_target_dag.py
[2026-07-18T21:20:34.750+0000] {logging_mixin.py:190} INFO - [2026-07-18T21:20:34.749+0000] {dag.py:3239} INFO - Sync 1 DAGs
[2026-07-18T21:20:34.773+0000] {logging_mixin.py:190} INFO - [2026-07-18T21:20:34.772+0000] {dag.py:4180} INFO - Setting next_dagrun for example_trigger_target_dag to None, run_after=None
[2026-07-18T21:20:34.893+0000] {processor.py:208} INFO - Processing /home/airflow/.local/lib/python3.12/site-packages/airflow/example_dags/example_trigger_target_dag.py took 0.200 seconds
[2026-07-18T21:21:06.035+0000] {processor.py:186} INFO - Started process (PID=2941) to work on /home/airflow/.local/lib/python3.12/site-packages/airflow/example_dags/example_trigger_target_dag.py
[2026-07-18T21:21:06.045+0000] {processor.py:914} INFO - Processing file /home/airflow/.local/lib/python3.12/site-packages/airflow/example_dags/example_trigger_target_dag.py for tasks to queue
[2026-07-18T21:21:06.069+0000] {logging_mixin.py:190} INFO - [2026-07-18T21:21:06.068+0000] {dagbag.py:588} INFO - Filling up the DagBag from /home/airflow/.local/lib/python3.12/site-packages/airflow/example_dags/example_trigger_target_dag.py
[2026-07-18T21:21:06.089+0000] {processor.py:925} INFO - DAG(s) 'example_trigger_target_dag' retrieved from /home/airflow/.local/lib/python3.12/site-packages/airflow/example_dags/example_trigger_target_dag.py
[2026-07-18T21:21:06.134+0000] {logging_mixin.py:190} INFO - [2026-07-18T21:21:06.133+0000] {dag.py:3239} INFO - Sync 1 DAGs
[2026-07-18T21:21:06.177+0000] {logging_mixin.py:190} INFO - [2026-07-18T21:21:06.177+0000] {dag.py:4180} INFO - Setting next_dagrun for example_trigger_target_dag to None, run_after=None
[2026-07-18T21:21:06.215+0000] {processor.py:208} INFO - Processing /home/airflow/.local/lib/python3.12/site-packages/airflow/example_dags/example_trigger_target_dag.py took 0.199 seconds
[2026-07-18T21:21:36.584+0000] {processor.py:186} INFO - Started process (PID=3003) to work on /home/airflow/.local/lib/python3.12/site-packages/airflow/example_dags/example_trigger_target_dag.py
[2026-07-18T21:21:36.587+0000] {processor.py:914} INFO - Processing file /home/airflow/.local/lib/python3.12/site-packages/airflow/example_dags/example_trigger_target_dag.py for tasks to queue
[2026-07-18T21:21:36.592+0000] {logging_mixin.py:190} INFO - [2026-07-18T21:21:36.592+0000] {dagbag.py:588} INFO - Filling up the DagBag from /home/airflow/.local/lib/python3.12/site-packages/airflow/example_dags/example_trigger_target_dag.py
[2026-07-18T21:21:36.607+0000] {processor.py:925} INFO - DAG(s) 'example_trigger_target_dag' retrieved from /home/airflow/.local/lib/python3.12/site-packages/airflow/example_dags/example_trigger_target_dag.py
[2026-07-18T21:21:36.649+0000] {logging_mixin.py:190} INFO - [2026-07-18T21:21:36.649+0000] {dag.py:3239} INFO - Sync 1 DAGs
[2026-07-18T21:21:36.676+0000] {logging_mixin.py:190} INFO - [2026-07-18T21:21:36.676+0000] {dag.py:4180} INFO - Setting next_dagrun for example_trigger_target_dag to None, run_after=None
[2026-07-18T21:21:36.768+0000] {processor.py:208} INFO - Processing /home/airflow/.local/lib/python3.12/site-packages/airflow/example_dags/example_trigger_target_dag.py took 0.194 seconds
[2026-07-18T21:22:07.018+0000] {processor.py:186} INFO - Started process (PID=3066) to work on /home/airflow/.local/lib/python3.12/site-packages/airflow/example_dags/example_trigger_target_dag.py
[2026-07-18T21:22:07.021+0000] {processor.py:914} INFO - Processing file /home/airflow/.local/lib/python3.12/site-packages/airflow/example_dags/example_trigger_target_dag.py for tasks to queue
[2026-07-18T21:22:07.031+0000] {logging_mixin.py:190} INFO - [2026-07-18T21:22:07.030+0000] {dagbag.py:588} INFO - Filling up the DagBag from /home/airflow/.local/lib/python3.12/site-packages/airflow/example_dags/example_trigger_target_dag.py
[2026-07-18T21:22:07.051+0000] {processor.py:925} INFO - DAG(s) 'example_trigger_target_dag' retrieved from /home/airflow/.local/lib/python3.12/site-packages/airflow/example_dags/example_trigger_target_dag.py
[2026-07-18T21:22:07.087+0000] {logging_mixin.py:190} INFO - [2026-07-18T21:22:07.086+0000] {dag.py:3239} INFO - Sync 1 DAGs
[2026-07-18T21:22:07.113+0000] {logging_mixin.py:190} INFO - [2026-07-18T21:22:07.113+0000] {dag.py:4180} INFO - Setting next_dagrun for example_trigger_target_dag to None, run_after=None
[2026-07-18T21:22:07.149+0000] {processor.py:208} INFO - Processing /home/airflow/.local/lib/python3.12/site-packages/airflow/example_dags/example_trigger_target_dag.py took 0.154 seconds
[2026-07-18T21:22:38.090+0000] {processor.py:186} INFO - Started process (PID=3129) to work on /home/airflow/.local/lib/python3.12/site-packages/airflow/example_dags/example_trigger_target_dag.py
[2026-07-18T21:22:38.093+0000] {processor.py:914} INFO - Processing file /home/airflow/.local/lib/python3.12/site-packages/airflow/example_dags/example_trigger_target_dag.py for tasks to queue
[2026-07-18T21:22:38.101+0000] {logging_mixin.py:190} INFO - [2026-07-18T21:22:38.100+0000] {dagbag.py:588} INFO - Filling up the DagBag from /home/airflow/.local/lib/python3.12/site-packages/airflow/example_dags/example_trigger_target_dag.py
[2026-07-18T21:22:38.135+0000] {processor.py:925} INFO - DAG(s) 'example_trigger_target_dag' retrieved from /home/airflow/.local/lib/python3.12/site-packages/airflow/example_dags/example_trigger_target_dag.py
[2026-07-18T21:22:38.194+0000] {logging_mixin.py:190} INFO - [2026-07-18T21:22:38.194+0000] {dag.py:3239} INFO - Sync 1 DAGs
[2026-07-18T21:22:38.220+0000] {logging_mixin.py:190} INFO - [2026-07-18T21:22:38.219+0000] {dag.py:4180} INFO - Setting next_dagrun for example_trigger_target_dag to None, run_after=None
[2026-07-18T21:22:38.255+0000] {processor.py:208} INFO - Processing /home/airflow/.local/lib/python3.12/site-packages/airflow/example_dags/example_trigger_target_dag.py took 0.184 seconds
[2026-07-18T21:25:58.840+0000] {processor.py:186} INFO - Started process (PID=126) to work on /home/airflow/.local/lib/python3.12/site-packages/airflow/example_dags/example_trigger_target_dag.py
[2026-07-18T21:25:58.843+0000] {processor.py:914} INFO - Processing file /home/airflow/.local/lib/python3.12/site-packages/airflow/example_dags/example_trigger_target_dag.py for tasks to queue
[2026-07-18T21:25:58.848+0000] {logging_mixin.py:190} INFO - [2026-07-18T21:25:58.847+0000] {dagbag.py:588} INFO - Filling up the DagBag from /home/airflow/.local/lib/python3.12/site-packages/airflow/example_dags/example_trigger_target_dag.py
[2026-07-18T21:25:58.869+0000] {processor.py:925} INFO - DAG(s) 'example_trigger_target_dag' retrieved from /home/airflow/.local/lib/python3.12/site-packages/airflow/example_dags/example_trigger_target_dag.py
[2026-07-18T21:25:58.915+0000] {logging_mixin.py:190} INFO - [2026-07-18T21:25:58.915+0000] {dag.py:3239} INFO - Sync 1 DAGs
[2026-07-18T21:25:58.939+0000] {logging_mixin.py:190} INFO - [2026-07-18T21:25:58.939+0000] {dag.py:4180} INFO - Setting next_dagrun for example_trigger_target_dag to None, run_after=None
[2026-07-18T21:25:58.969+0000] {processor.py:208} INFO - Processing /home/airflow/.local/lib/python3.12/site-packages/airflow/example_dags/example_trigger_target_dag.py took 0.139 seconds
[2026-07-18T21:26:30.088+0000] {processor.py:186} INFO - Started process (PID=189) to work on /home/airflow/.local/lib/python3.12/site-packages/airflow/example_dags/example_trigger_target_dag.py
[2026-07-18T21:26:30.090+0000] {processor.py:914} INFO - Processing file /home/airflow/.local/lib/python3.12/site-packages/airflow/example_dags/example_trigger_target_dag.py for tasks to queue
[2026-07-18T21:26:30.095+0000] {logging_mixin.py:190} INFO - [2026-07-18T21:26:30.094+0000] {dagbag.py:588} INFO - Filling up the DagBag from /home/airflow/.local/lib/python3.12/site-packages/airflow/example_dags/example_trigger_target_dag.py
[2026-07-18T21:26:30.110+0000] {processor.py:925} INFO - DAG(s) 'example_trigger_target_dag' retrieved from /home/airflow/.local/lib/python3.12/site-packages/airflow/example_dags/example_trigger_target_dag.py
[2026-07-18T21:26:30.157+0000] {logging_mixin.py:190} INFO - [2026-07-18T21:26:30.155+0000] {dag.py:3239} INFO - Sync 1 DAGs
[2026-07-18T21:26:30.190+0000] {logging_mixin.py:190} INFO - [2026-07-18T21:26:30.190+0000] {dag.py:4180} INFO - Setting next_dagrun for example_trigger_target_dag to None, run_after=None
[2026-07-18T21:26:30.225+0000] {processor.py:208} INFO - Processing /home/airflow/.local/lib/python3.12/site-packages/airflow/example_dags/example_trigger_target_dag.py took 0.146 seconds
[2026-07-18T21:27:02.120+0000] {processor.py:186} INFO - Started process (PID=252) to work on /home/airflow/.local/lib/python3.12/site-packages/airflow/example_dags/example_trigger_target_dag.py
[2026-07-18T21:27:02.124+0000] {processor.py:914} INFO - Processing file /home/airflow/.local/lib/python3.12/site-packages/airflow/example_dags/example_trigger_target_dag.py for tasks to queue
[2026-07-18T21:27:02.132+0000] {logging_mixin.py:190} INFO - [2026-07-18T21:27:02.132+0000] {dagbag.py:588} INFO - Filling up the DagBag from /home/airflow/.local/lib/python3.12/site-packages/airflow/example_dags/example_trigger_target_dag.py
[2026-07-18T21:27:02.156+0000] {processor.py:925} INFO - DAG(s) 'example_trigger_target_dag' retrieved from /home/airflow/.local/lib/python3.12/site-packages/airflow/example_dags/example_trigger_target_dag.py
[2026-07-18T21:27:02.189+0000] {logging_mixin.py:190} INFO - [2026-07-18T21:27:02.189+0000] {dag.py:3239} INFO - Sync 1 DAGs
[2026-07-18T21:27:02.211+0000] {logging_mixin.py:190} INFO - [2026-07-18T21:27:02.211+0000] {dag.py:4180} INFO - Setting next_dagrun for example_trigger_target_dag to None, run_after=None
[2026-07-18T21:27:02.247+0000] {processor.py:208} INFO - Processing /home/airflow/.local/lib/python3.12/site-packages/airflow/example_dags/example_trigger_target_dag.py took 0.146 seconds
[2026-07-18T21:27:33.749+0000] {processor.py:186} INFO - Started process (PID=315) to work on /home/airflow/.local/lib/python3.12/site-packages/airflow/example_dags/example_trigger_target_dag.py
[2026-07-18T21:27:33.753+0000] {processor.py:914} INFO - Processing file /home/airflow/.local/lib/python3.12/site-packages/airflow/example_dags/example_trigger_target_dag.py for tasks to queue
[2026-07-18T21:27:33.760+0000] {logging_mixin.py:190} INFO - [2026-07-18T21:27:33.759+0000] {dagbag.py:588} INFO - Filling up the DagBag from /home/airflow/.local/lib/python3.12/site-packages/airflow/example_dags/example_trigger_target_dag.py
[2026-07-18T21:27:33.784+0000] {processor.py:925} INFO - DAG(s) 'example_trigger_target_dag' retrieved from /home/airflow/.local/lib/python3.12/site-packages/airflow/example_dags/example_trigger_target_dag.py
[2026-07-18T21:27:33.824+0000] {logging_mixin.py:190} INFO - [2026-07-18T21:27:33.824+0000] {dag.py:3239} INFO - Sync 1 DAGs
[2026-07-18T21:27:33.850+0000] {logging_mixin.py:190} INFO - [2026-07-18T21:27:33.850+0000] {dag.py:4180} INFO - Setting next_dagrun for example_trigger_target_dag to None, run_after=None
[2026-07-18T21:27:33.888+0000] {processor.py:208} INFO - Processing /home/airflow/.local/lib/python3.12/site-packages/airflow/example_dags/example_trigger_target_dag.py took 0.154 seconds
[2026-07-18T21:28:05.128+0000] {processor.py:186} INFO - Started process (PID=378) to work on /home/airflow/.local/lib/python3.12/site-packages/airflow/example_dags/example_trigger_target_dag.py
[2026-07-18T21:28:05.131+0000] {processor.py:914} INFO - Processing file /home/airflow/.local/lib/python3.12/site-packages/airflow/example_dags/example_trigger_target_dag.py for tasks to queue
[2026-07-18T21:28:05.137+0000] {logging_mixin.py:190} INFO - [2026-07-18T21:28:05.136+0000] {dagbag.py:588} INFO - Filling up the DagBag from /home/airflow/.local/lib/python3.12/site-packages/airflow/example_dags/example_trigger_target_dag.py
[2026-07-18T21:28:05.153+0000] {processor.py:925} INFO - DAG(s) 'example_trigger_target_dag' retrieved from /home/airflow/.local/lib/python3.12/site-packages/airflow/example_dags/example_trigger_target_dag.py
[2026-07-18T21:28:05.185+0000] {logging_mixin.py:190} INFO - [2026-07-18T21:28:05.184+0000] {dag.py:3239} INFO - Sync 1 DAGs
[2026-07-18T21:28:05.212+0000] {logging_mixin.py:190} INFO - [2026-07-18T21:28:05.211+0000] {dag.py:4180} INFO - Setting next_dagrun for example_trigger_target_dag to None, run_after=None
[2026-07-18T21:28:05.245+0000] {processor.py:208} INFO - Processing /home/airflow/.local/lib/python3.12/site-packages/airflow/example_dags/example_trigger_target_dag.py took 0.131 seconds
[2026-07-18T21:28:36.989+0000] {processor.py:186} INFO - Started process (PID=441) to work on /home/airflow/.local/lib/python3.12/site-packages/airflow/example_dags/example_trigger_target_dag.py
[2026-07-18T21:28:36.991+0000] {processor.py:914} INFO - Processing file /home/airflow/.local/lib/python3.12/site-packages/airflow/example_dags/example_trigger_target_dag.py for tasks to queue
[2026-07-18T21:28:36.998+0000] {logging_mixin.py:190} INFO - [2026-07-18T21:28:36.997+0000] {dagbag.py:588} INFO - Filling up the DagBag from /home/airflow/.local/lib/python3.12/site-packages/airflow/example_dags/example_trigger_target_dag.py
[2026-07-18T21:28:37.017+0000] {processor.py:925} INFO - DAG(s) 'example_trigger_target_dag' retrieved from /home/airflow/.local/lib/python3.12/site-packages/airflow/example_dags/example_trigger_target_dag.py
[2026-07-18T21:28:37.068+0000] {logging_mixin.py:190} INFO - [2026-07-18T21:28:37.068+0000] {dag.py:3239} INFO - Sync 1 DAGs
[2026-07-18T21:28:37.095+0000] {logging_mixin.py:190} INFO - [2026-07-18T21:28:37.094+0000] {dag.py:4180} INFO - Setting next_dagrun for example_trigger_target_dag to None, run_after=None
[2026-07-18T21:28:37.216+0000] {processor.py:208} INFO - Processing /home/airflow/.local/lib/python3.12/site-packages/airflow/example_dags/example_trigger_target_dag.py took 0.241 seconds
[2026-07-18T21:29:08.686+0000] {processor.py:186} INFO - Started process (PID=504) to work on /home/airflow/.local/lib/python3.12/site-packages/airflow/example_dags/example_trigger_target_dag.py
[2026-07-18T21:29:08.689+0000] {processor.py:914} INFO - Processing file /home/airflow/.local/lib/python3.12/site-packages/airflow/example_dags/example_trigger_target_dag.py for tasks to queue
[2026-07-18T21:29:08.693+0000] {logging_mixin.py:190} INFO - [2026-07-18T21:29:08.693+0000] {dagbag.py:588} INFO - Filling up the DagBag from /home/airflow/.local/lib/python3.12/site-packages/airflow/example_dags/example_trigger_target_dag.py
[2026-07-18T21:29:08.708+0000] {processor.py:925} INFO - DAG(s) 'example_trigger_target_dag' retrieved from /home/airflow/.local/lib/python3.12/site-packages/airflow/example_dags/example_trigger_target_dag.py
[2026-07-18T21:29:08.740+0000] {logging_mixin.py:190} INFO - [2026-07-18T21:29:08.739+0000] {dag.py:3239} INFO - Sync 1 DAGs
[2026-07-18T21:29:08.768+0000] {logging_mixin.py:190} INFO - [2026-07-18T21:29:08.768+0000] {dag.py:4180} INFO - Setting next_dagrun for example_trigger_target_dag to None, run_after=None
[2026-07-18T21:29:08.798+0000] {processor.py:208} INFO - Processing /home/airflow/.local/lib/python3.12/site-packages/airflow/example_dags/example_trigger_target_dag.py took 0.121 seconds
[2026-07-18T21:29:40.527+0000] {processor.py:186} INFO - Started process (PID=568) to work on /home/airflow/.local/lib/python3.12/site-packages/airflow/example_dags/example_trigger_target_dag.py
[2026-07-18T21:29:40.530+0000] {processor.py:914} INFO - Processing file /home/airflow/.local/lib/python3.12/site-packages/airflow/example_dags/example_trigger_target_dag.py for tasks to queue
[2026-07-18T21:29:40.536+0000] {logging_mixin.py:190} INFO - [2026-07-18T21:29:40.535+0000] {dagbag.py:588} INFO - Filling up the DagBag from /home/airflow/.local/lib/python3.12/site-packages/airflow/example_dags/example_trigger_target_dag.py
[2026-07-18T21:29:40.551+0000] {processor.py:925} INFO - DAG(s) 'example_trigger_target_dag' retrieved from /home/airflow/.local/lib/python3.12/site-packages/airflow/example_dags/example_trigger_target_dag.py
[2026-07-18T21:29:40.583+0000] {logging_mixin.py:190} INFO - [2026-07-18T21:29:40.583+0000] {dag.py:3239} INFO - Sync 1 DAGs
[2026-07-18T21:29:40.604+0000] {logging_mixin.py:190} INFO - [2026-07-18T21:29:40.604+0000] {dag.py:4180} INFO - Setting next_dagrun for example_trigger_target_dag to None, run_after=None
[2026-07-18T21:29:40.635+0000] {processor.py:208} INFO - Processing /home/airflow/.local/lib/python3.12/site-packages/airflow/example_dags/example_trigger_target_dag.py took 0.122 seconds
[2026-07-18T21:30:11.737+0000] {processor.py:186} INFO - Started process (PID=631) to work on /home/airflow/.local/lib/python3.12/site-packages/airflow/example_dags/example_trigger_target_dag.py
[2026-07-18T21:30:11.740+0000] {processor.py:914} INFO - Processing file /home/airflow/.local/lib/python3.12/site-packages/airflow/example_dags/example_trigger_target_dag.py for tasks to queue
[2026-07-18T21:30:11.745+0000] {logging_mixin.py:190} INFO - [2026-07-18T21:30:11.744+0000] {dagbag.py:588} INFO - Filling up the DagBag from /home/airflow/.local/lib/python3.12/site-packages/airflow/example_dags/example_trigger_target_dag.py
[2026-07-18T21:30:11.763+0000] {processor.py:925} INFO - DAG(s) 'example_trigger_target_dag' retrieved from /home/airflow/.local/lib/python3.12/site-packages/airflow/example_dags/example_trigger_target_dag.py
[2026-07-18T21:30:11.792+0000] {logging_mixin.py:190} INFO - [2026-07-18T21:30:11.792+0000] {dag.py:3239} INFO - Sync 1 DAGs
[2026-07-18T21:30:11.816+0000] {logging_mixin.py:190} INFO - [2026-07-18T21:30:11.815+0000] {dag.py:4180} INFO - Setting next_dagrun for example_trigger_target_dag to None, run_after=None
[2026-07-18T21:30:11.841+0000] {processor.py:208} INFO - Processing /home/airflow/.local/lib/python3.12/site-packages/airflow/example_dags/example_trigger_target_dag.py took 0.113 seconds
[2026-07-18T21:30:42.748+0000] {processor.py:186} INFO - Started process (PID=694) to work on /home/airflow/.local/lib/python3.12/site-packages/airflow/example_dags/example_trigger_target_dag.py
[2026-07-18T21:30:42.750+0000] {processor.py:914} INFO - Processing file /home/airflow/.local/lib/python3.12/site-packages/airflow/example_dags/example_trigger_target_dag.py for tasks to queue
[2026-07-18T21:30:42.754+0000] {logging_mixin.py:190} INFO - [2026-07-18T21:30:42.754+0000] {dagbag.py:588} INFO - Filling up the DagBag from /home/airflow/.local/lib/python3.12/site-packages/airflow/example_dags/example_trigger_target_dag.py
[2026-07-18T21:30:42.769+0000] {processor.py:925} INFO - DAG(s) 'example_trigger_target_dag' retrieved from /home/airflow/.local/lib/python3.12/site-packages/airflow/example_dags/example_trigger_target_dag.py
[2026-07-18T21:30:42.802+0000] {logging_mixin.py:190} INFO - [2026-07-18T21:30:42.802+0000] {dag.py:3239} INFO - Sync 1 DAGs
[2026-07-18T21:30:42.828+0000] {logging_mixin.py:190} INFO - [2026-07-18T21:30:42.828+0000] {dag.py:4180} INFO - Setting next_dagrun for example_trigger_target_dag to None, run_after=None
[2026-07-18T21:30:42.918+0000] {processor.py:208} INFO - Processing /home/airflow/.local/lib/python3.12/site-packages/airflow/example_dags/example_trigger_target_dag.py took 0.178 seconds
[2026-07-18T21:31:14.913+0000] {processor.py:186} INFO - Started process (PID=758) to work on /home/airflow/.local/lib/python3.12/site-packages/airflow/example_dags/example_trigger_target_dag.py
[2026-07-18T21:31:14.915+0000] {processor.py:914} INFO - Processing file /home/airflow/.local/lib/python3.12/site-packages/airflow/example_dags/example_trigger_target_dag.py for tasks to queue
[2026-07-18T21:31:14.921+0000] {logging_mixin.py:190} INFO - [2026-07-18T21:31:14.921+0000] {dagbag.py:588} INFO - Filling up the DagBag from /home/airflow/.local/lib/python3.12/site-packages/airflow/example_dags/example_trigger_target_dag.py
[2026-07-18T21:31:14.939+0000] {processor.py:925} INFO - DAG(s) 'example_trigger_target_dag' retrieved from /home/airflow/.local/lib/python3.12/site-packages/airflow/example_dags/example_trigger_target_dag.py
[2026-07-18T21:31:14.969+0000] {logging_mixin.py:190} INFO - [2026-07-18T21:31:14.969+0000] {dag.py:3239} INFO - Sync 1 DAGs
[2026-07-18T21:31:14.989+0000] {logging_mixin.py:190} INFO - [2026-07-18T21:31:14.989+0000] {dag.py:4180} INFO - Setting next_dagrun for example_trigger_target_dag to None, run_after=None
[2026-07-18T21:31:15.034+0000] {processor.py:208} INFO - Processing /home/airflow/.local/lib/python3.12/site-packages/airflow/example_dags/example_trigger_target_dag.py took 0.136 seconds
[2026-07-18T21:31:46.471+0000] {processor.py:186} INFO - Started process (PID=822) to work on /home/airflow/.local/lib/python3.12/site-packages/airflow/example_dags/example_trigger_target_dag.py
[2026-07-18T21:31:46.474+0000] {processor.py:914} INFO - Processing file /home/airflow/.local/lib/python3.12/site-packages/airflow/example_dags/example_trigger_target_dag.py for tasks to queue
[2026-07-18T21:31:46.482+0000] {logging_mixin.py:190} INFO - [2026-07-18T21:31:46.481+0000] {dagbag.py:588} INFO - Filling up the DagBag from /home/airflow/.local/lib/python3.12/site-packages/airflow/example_dags/example_trigger_target_dag.py
[2026-07-18T21:31:46.509+0000] {processor.py:925} INFO - DAG(s) 'example_trigger_target_dag' retrieved from /home/airflow/.local/lib/python3.12/site-packages/airflow/example_dags/example_trigger_target_dag.py
[2026-07-18T21:31:46.547+0000] {logging_mixin.py:190} INFO - [2026-07-18T21:31:46.546+0000] {dag.py:3239} INFO - Sync 1 DAGs
[2026-07-18T21:31:46.568+0000] {logging_mixin.py:190} INFO - [2026-07-18T21:31:46.568+0000] {dag.py:4180} INFO - Setting next_dagrun for example_trigger_target_dag to None, run_after=None
[2026-07-18T21:31:46.602+0000] {processor.py:208} INFO - Processing /home/airflow/.local/lib/python3.12/site-packages/airflow/example_dags/example_trigger_target_dag.py took 0.147 seconds
[2026-07-18T21:32:17.964+0000] {processor.py:186} INFO - Started process (PID=886) to work on /home/airflow/.local/lib/python3.12/site-packages/airflow/example_dags/example_trigger_target_dag.py
[2026-07-18T21:32:17.967+0000] {processor.py:914} INFO - Processing file /home/airflow/.local/lib/python3.12/site-packages/airflow/example_dags/example_trigger_target_dag.py for tasks to queue
[2026-07-18T21:32:17.976+0000] {logging_mixin.py:190} INFO - [2026-07-18T21:32:17.975+0000] {dagbag.py:588} INFO - Filling up the DagBag from /home/airflow/.local/lib/python3.12/site-packages/airflow/example_dags/example_trigger_target_dag.py
[2026-07-18T21:32:17.991+0000] {processor.py:925} INFO - DAG(s) 'example_trigger_target_dag' retrieved from /home/airflow/.local/lib/python3.12/site-packages/airflow/example_dags/example_trigger_target_dag.py
[2026-07-18T21:32:18.024+0000] {logging_mixin.py:190} INFO - [2026-07-18T21:32:18.024+0000] {dag.py:3239} INFO - Sync 1 DAGs
[2026-07-18T21:32:18.051+0000] {logging_mixin.py:190} INFO - [2026-07-18T21:32:18.051+0000] {dag.py:4180} INFO - Setting next_dagrun for example_trigger_target_dag to None, run_after=None
[2026-07-18T21:32:18.118+0000] {processor.py:208} INFO - Processing /home/airflow/.local/lib/python3.12/site-packages/airflow/example_dags/example_trigger_target_dag.py took 0.165 seconds
[2026-07-18T21:32:49.167+0000] {processor.py:186} INFO - Started process (PID=951) to work on /home/airflow/.local/lib/python3.12/site-packages/airflow/example_dags/example_trigger_target_dag.py
[2026-07-18T21:32:49.170+0000] {processor.py:914} INFO - Processing file /home/airflow/.local/lib/python3.12/site-packages/airflow/example_dags/example_trigger_target_dag.py for tasks to queue
[2026-07-18T21:32:49.174+0000] {logging_mixin.py:190} INFO - [2026-07-18T21:32:49.174+0000] {dagbag.py:588} INFO - Filling up the DagBag from /home/airflow/.local/lib/python3.12/site-packages/airflow/example_dags/example_trigger_target_dag.py
[2026-07-18T21:32:49.189+0000] {processor.py:925} INFO - DAG(s) 'example_trigger_target_dag' retrieved from /home/airflow/.local/lib/python3.12/site-packages/airflow/example_dags/example_trigger_target_dag.py
[2026-07-18T21:32:49.226+0000] {logging_mixin.py:190} INFO - [2026-07-18T21:32:49.225+0000] {dag.py:3239} INFO - Sync 1 DAGs
[2026-07-18T21:32:49.264+0000] {logging_mixin.py:190} INFO - [2026-07-18T21:32:49.264+0000] {dag.py:4180} INFO - Setting next_dagrun for example_trigger_target_dag to None, run_after=None
[2026-07-18T21:32:49.296+0000] {processor.py:208} INFO - Processing /home/airflow/.local/lib/python3.12/site-packages/airflow/example_dags/example_trigger_target_dag.py took 0.138 seconds
[2026-07-18T21:33:21.485+0000] {processor.py:186} INFO - Started process (PID=1015) to work on /home/airflow/.local/lib/python3.12/site-packages/airflow/example_dags/example_trigger_target_dag.py
[2026-07-18T21:33:21.489+0000] {processor.py:914} INFO - Processing file /home/airflow/.local/lib/python3.12/site-packages/airflow/example_dags/example_trigger_target_dag.py for tasks to queue
[2026-07-18T21:33:21.494+0000] {logging_mixin.py:190} INFO - [2026-07-18T21:33:21.494+0000] {dagbag.py:588} INFO - Filling up the DagBag from /home/airflow/.local/lib/python3.12/site-packages/airflow/example_dags/example_trigger_target_dag.py
[2026-07-18T21:33:21.514+0000] {processor.py:925} INFO - DAG(s) 'example_trigger_target_dag' retrieved from /home/airflow/.local/lib/python3.12/site-packages/airflow/example_dags/example_trigger_target_dag.py
[2026-07-18T21:33:21.553+0000] {logging_mixin.py:190} INFO - [2026-07-18T21:33:21.553+0000] {dag.py:3239} INFO - Sync 1 DAGs
[2026-07-18T21:33:21.583+0000] {logging_mixin.py:190} INFO - [2026-07-18T21:33:21.583+0000] {dag.py:4180} INFO - Setting next_dagrun for example_trigger_target_dag to None, run_after=None
[2026-07-18T21:33:21.717+0000] {processor.py:208} INFO - Processing /home/airflow/.local/lib/python3.12/site-packages/airflow/example_dags/example_trigger_target_dag.py took 0.241 seconds
[2026-07-18T21:33:53.034+0000] {processor.py:186} INFO - Started process (PID=1080) to work on /home/airflow/.local/lib/python3.12/site-packages/airflow/example_dags/example_trigger_target_dag.py
[2026-07-18T21:33:53.041+0000] {processor.py:914} INFO - Processing file /home/airflow/.local/lib/python3.12/site-packages/airflow/example_dags/example_trigger_target_dag.py for tasks to queue
[2026-07-18T21:33:53.053+0000] {logging_mixin.py:190} INFO - [2026-07-18T21:33:53.052+0000] {dagbag.py:588} INFO - Filling up the DagBag from /home/airflow/.local/lib/python3.12/site-packages/airflow/example_dags/example_trigger_target_dag.py
[2026-07-18T21:33:53.095+0000] {processor.py:925} INFO - DAG(s) 'example_trigger_target_dag' retrieved from /home/airflow/.local/lib/python3.12/site-packages/airflow/example_dags/example_trigger_target_dag.py
[2026-07-18T21:33:53.140+0000] {logging_mixin.py:190} INFO - [2026-07-18T21:33:53.139+0000] {dag.py:3239} INFO - Sync 1 DAGs
[2026-07-18T21:33:53.191+0000] {logging_mixin.py:190} INFO - [2026-07-18T21:33:53.191+0000] {dag.py:4180} INFO - Setting next_dagrun for example_trigger_target_dag to None, run_after=None
[2026-07-18T21:33:53.272+0000] {processor.py:208} INFO - Processing /home/airflow/.local/lib/python3.12/site-packages/airflow/example_dags/example_trigger_target_dag.py took 0.251 seconds
[2026-07-18T21:34:24.295+0000] {processor.py:186} INFO - Started process (PID=1144) to work on /home/airflow/.local/lib/python3.12/site-packages/airflow/example_dags/example_trigger_target_dag.py
[2026-07-18T21:34:24.298+0000] {processor.py:914} INFO - Processing file /home/airflow/.local/lib/python3.12/site-packages/airflow/example_dags/example_trigger_target_dag.py for tasks to queue
[2026-07-18T21:34:24.304+0000] {logging_mixin.py:190} INFO - [2026-07-18T21:34:24.304+0000] {dagbag.py:588} INFO - Filling up the DagBag from /home/airflow/.local/lib/python3.12/site-packages/airflow/example_dags/example_trigger_target_dag.py
[2026-07-18T21:34:24.326+0000] {processor.py:925} INFO - DAG(s) 'example_trigger_target_dag' retrieved from /home/airflow/.local/lib/python3.12/site-packages/airflow/example_dags/example_trigger_target_dag.py
[2026-07-18T21:34:24.359+0000] {logging_mixin.py:190} INFO - [2026-07-18T21:34:24.358+0000] {dag.py:3239} INFO - Sync 1 DAGs
[2026-07-18T21:34:24.382+0000] {logging_mixin.py:190} INFO - [2026-07-18T21:34:24.382+0000] {dag.py:4180} INFO - Setting next_dagrun for example_trigger_target_dag to None, run_after=None
[2026-07-18T21:34:24.414+0000] {processor.py:208} INFO - Processing /home/airflow/.local/lib/python3.12/site-packages/airflow/example_dags/example_trigger_target_dag.py took 0.134 seconds
[2026-07-18T21:34:56.433+0000] {processor.py:186} INFO - Started process (PID=1214) to work on /home/airflow/.local/lib/python3.12/site-packages/airflow/example_dags/example_trigger_target_dag.py
[2026-07-18T21:34:56.435+0000] {processor.py:914} INFO - Processing file /home/airflow/.local/lib/python3.12/site-packages/airflow/example_dags/example_trigger_target_dag.py for tasks to queue
[2026-07-18T21:34:56.441+0000] {logging_mixin.py:190} INFO - [2026-07-18T21:34:56.440+0000] {dagbag.py:588} INFO - Filling up the DagBag from /home/airflow/.local/lib/python3.12/site-packages/airflow/example_dags/example_trigger_target_dag.py
[2026-07-18T21:34:56.455+0000] {processor.py:925} INFO - DAG(s) 'example_trigger_target_dag' retrieved from /home/airflow/.local/lib/python3.12/site-packages/airflow/example_dags/example_trigger_target_dag.py
[2026-07-18T21:34:56.484+0000] {logging_mixin.py:190} INFO - [2026-07-18T21:34:56.484+0000] {dag.py:3239} INFO - Sync 1 DAGs
[2026-07-18T21:34:56.507+0000] {logging_mixin.py:190} INFO - [2026-07-18T21:34:56.507+0000] {dag.py:4180} INFO - Setting next_dagrun for example_trigger_target_dag to None, run_after=None
[2026-07-18T21:34:56.542+0000] {processor.py:208} INFO - Processing /home/airflow/.local/lib/python3.12/site-packages/airflow/example_dags/example_trigger_target_dag.py took 0.117 seconds
[2026-07-18T21:35:27.748+0000] {processor.py:186} INFO - Started process (PID=1277) to work on /home/airflow/.local/lib/python3.12/site-packages/airflow/example_dags/example_trigger_target_dag.py
[2026-07-18T21:35:27.751+0000] {processor.py:914} INFO - Processing file /home/airflow/.local/lib/python3.12/site-packages/airflow/example_dags/example_trigger_target_dag.py for tasks to queue
[2026-07-18T21:35:27.756+0000] {logging_mixin.py:190} INFO - [2026-07-18T21:35:27.756+0000] {dagbag.py:588} INFO - Filling up the DagBag from /home/airflow/.local/lib/python3.12/site-packages/airflow/example_dags/example_trigger_target_dag.py
[2026-07-18T21:35:27.768+0000] {processor.py:925} INFO - DAG(s) 'example_trigger_target_dag' retrieved from /home/airflow/.local/lib/python3.12/site-packages/airflow/example_dags/example_trigger_target_dag.py
[2026-07-18T21:35:27.799+0000] {logging_mixin.py:190} INFO - [2026-07-18T21:35:27.799+0000] {dag.py:3239} INFO - Sync 1 DAGs
[2026-07-18T21:35:27.824+0000] {logging_mixin.py:190} INFO - [2026-07-18T21:35:27.823+0000] {dag.py:4180} INFO - Setting next_dagrun for example_trigger_target_dag to None, run_after=None
[2026-07-18T21:35:27.861+0000] {processor.py:208} INFO - Processing /home/airflow/.local/lib/python3.12/site-packages/airflow/example_dags/example_trigger_target_dag.py took 0.120 seconds
[2026-07-18T21:35:59.424+0000] {processor.py:186} INFO - Started process (PID=1342) to work on /home/airflow/.local/lib/python3.12/site-packages/airflow/example_dags/example_trigger_target_dag.py
[2026-07-18T21:35:59.427+0000] {processor.py:914} INFO - Processing file /home/airflow/.local/lib/python3.12/site-packages/airflow/example_dags/example_trigger_target_dag.py for tasks to queue
[2026-07-18T21:35:59.433+0000] {logging_mixin.py:190} INFO - [2026-07-18T21:35:59.432+0000] {dagbag.py:588} INFO - Filling up the DagBag from /home/airflow/.local/lib/python3.12/site-packages/airflow/example_dags/example_trigger_target_dag.py
[2026-07-18T21:35:59.452+0000] {processor.py:925} INFO - DAG(s) 'example_trigger_target_dag' retrieved from /home/airflow/.local/lib/python3.12/site-packages/airflow/example_dags/example_trigger_target_dag.py
[2026-07-18T21:35:59.488+0000] {logging_mixin.py:190} INFO - [2026-07-18T21:35:59.488+0000] {dag.py:3239} INFO - Sync 1 DAGs
[2026-07-18T21:35:59.526+0000] {logging_mixin.py:190} INFO - [2026-07-18T21:35:59.525+0000] {dag.py:4180} INFO - Setting next_dagrun for example_trigger_target_dag to None, run_after=None
[2026-07-18T21:35:59.580+0000] {processor.py:208} INFO - Processing /home/airflow/.local/lib/python3.12/site-packages/airflow/example_dags/example_trigger_target_dag.py took 0.168 seconds
[2026-07-18T21:36:31.096+0000] {processor.py:186} INFO - Started process (PID=1406) to work on /home/airflow/.local/lib/python3.12/site-packages/airflow/example_dags/example_trigger_target_dag.py
[2026-07-18T21:36:31.101+0000] {processor.py:914} INFO - Processing file /home/airflow/.local/lib/python3.12/site-packages/airflow/example_dags/example_trigger_target_dag.py for tasks to queue
[2026-07-18T21:36:31.110+0000] {logging_mixin.py:190} INFO - [2026-07-18T21:36:31.109+0000] {dagbag.py:588} INFO - Filling up the DagBag from /home/airflow/.local/lib/python3.12/site-packages/airflow/example_dags/example_trigger_target_dag.py
[2026-07-18T21:36:31.135+0000] {processor.py:925} INFO - DAG(s) 'example_trigger_target_dag' retrieved from /home/airflow/.local/lib/python3.12/site-packages/airflow/example_dags/example_trigger_target_dag.py
[2026-07-18T21:36:31.172+0000] {logging_mixin.py:190} INFO - [2026-07-18T21:36:31.171+0000] {dag.py:3239} INFO - Sync 1 DAGs
[2026-07-18T21:36:31.200+0000] {logging_mixin.py:190} INFO - [2026-07-18T21:36:31.200+0000] {dag.py:4180} INFO - Setting next_dagrun for example_trigger_target_dag to None, run_after=None
[2026-07-18T21:36:31.238+0000] {processor.py:208} INFO - Processing /home/airflow/.local/lib/python3.12/site-packages/airflow/example_dags/example_trigger_target_dag.py took 0.171 seconds
[2026-07-18T21:37:02.405+0000] {processor.py:186} INFO - Started process (PID=1470) to work on /home/airflow/.local/lib/python3.12/site-packages/airflow/example_dags/example_trigger_target_dag.py
[2026-07-18T21:37:02.407+0000] {processor.py:914} INFO - Processing file /home/airflow/.local/lib/python3.12/site-packages/airflow/example_dags/example_trigger_target_dag.py for tasks to queue
[2026-07-18T21:37:02.411+0000] {logging_mixin.py:190} INFO - [2026-07-18T21:37:02.411+0000] {dagbag.py:588} INFO - Filling up the DagBag from /home/airflow/.local/lib/python3.12/site-packages/airflow/example_dags/example_trigger_target_dag.py
[2026-07-18T21:37:02.429+0000] {processor.py:925} INFO - DAG(s) 'example_trigger_target_dag' retrieved from /home/airflow/.local/lib/python3.12/site-packages/airflow/example_dags/example_trigger_target_dag.py
[2026-07-18T21:37:02.457+0000] {logging_mixin.py:190} INFO - [2026-07-18T21:37:02.456+0000] {dag.py:3239} INFO - Sync 1 DAGs
[2026-07-18T21:37:02.476+0000] {logging_mixin.py:190} INFO - [2026-07-18T21:37:02.475+0000] {dag.py:4180} INFO - Setting next_dagrun for example_trigger_target_dag to None, run_after=None
[2026-07-18T21:37:02.503+0000] {processor.py:208} INFO - Processing /home/airflow/.local/lib/python3.12/site-packages/airflow/example_dags/example_trigger_target_dag.py took 0.109 seconds
[2026-07-18T21:37:34.650+0000] {processor.py:186} INFO - Started process (PID=1534) to work on /home/airflow/.local/lib/python3.12/site-packages/airflow/example_dags/example_trigger_target_dag.py
[2026-07-18T21:37:34.653+0000] {processor.py:914} INFO - Processing file /home/airflow/.local/lib/python3.12/site-packages/airflow/example_dags/example_trigger_target_dag.py for tasks to queue
[2026-07-18T21:37:34.661+0000] {logging_mixin.py:190} INFO - [2026-07-18T21:37:34.660+0000] {dagbag.py:588} INFO - Filling up the DagBag from /home/airflow/.local/lib/python3.12/site-packages/airflow/example_dags/example_trigger_target_dag.py
[2026-07-18T21:37:34.683+0000] {processor.py:925} INFO - DAG(s) 'example_trigger_target_dag' retrieved from /home/airflow/.local/lib/python3.12/site-packages/airflow/example_dags/example_trigger_target_dag.py
[2026-07-18T21:37:34.736+0000] {logging_mixin.py:190} INFO - [2026-07-18T21:37:34.735+0000] {dag.py:3239} INFO - Sync 1 DAGs
[2026-07-18T21:37:34.767+0000] {logging_mixin.py:190} INFO - [2026-07-18T21:37:34.766+0000] {dag.py:4180} INFO - Setting next_dagrun for example_trigger_target_dag to None, run_after=None
[2026-07-18T21:37:34.820+0000] {processor.py:208} INFO - Processing /home/airflow/.local/lib/python3.12/site-packages/airflow/example_dags/example_trigger_target_dag.py took 0.185 seconds
[2026-07-18T21:38:06.975+0000] {processor.py:186} INFO - Started process (PID=1598) to work on /home/airflow/.local/lib/python3.12/site-packages/airflow/example_dags/example_trigger_target_dag.py
[2026-07-18T21:38:06.977+0000] {processor.py:914} INFO - Processing file /home/airflow/.local/lib/python3.12/site-packages/airflow/example_dags/example_trigger_target_dag.py for tasks to queue
[2026-07-18T21:38:06.984+0000] {logging_mixin.py:190} INFO - [2026-07-18T21:38:06.983+0000] {dagbag.py:588} INFO - Filling up the DagBag from /home/airflow/.local/lib/python3.12/site-packages/airflow/example_dags/example_trigger_target_dag.py
[2026-07-18T21:38:07.002+0000] {processor.py:925} INFO - DAG(s) 'example_trigger_target_dag' retrieved from /home/airflow/.local/lib/python3.12/site-packages/airflow/example_dags/example_trigger_target_dag.py
[2026-07-18T21:38:07.037+0000] {logging_mixin.py:190} INFO - [2026-07-18T21:38:07.037+0000] {dag.py:3239} INFO - Sync 1 DAGs
[2026-07-18T21:38:07.059+0000] {logging_mixin.py:190} INFO - [2026-07-18T21:38:07.059+0000] {dag.py:4180} INFO - Setting next_dagrun for example_trigger_target_dag to None, run_after=None
[2026-07-18T21:38:07.087+0000] {processor.py:208} INFO - Processing /home/airflow/.local/lib/python3.12/site-packages/airflow/example_dags/example_trigger_target_dag.py took 0.123 seconds
[2026-07-18T21:38:38.067+0000] {processor.py:186} INFO - Started process (PID=1662) to work on /home/airflow/.local/lib/python3.12/site-packages/airflow/example_dags/example_trigger_target_dag.py
[2026-07-18T21:38:38.071+0000] {processor.py:914} INFO - Processing file /home/airflow/.local/lib/python3.12/site-packages/airflow/example_dags/example_trigger_target_dag.py for tasks to queue
[2026-07-18T21:38:38.079+0000] {logging_mixin.py:190} INFO - [2026-07-18T21:38:38.078+0000] {dagbag.py:588} INFO - Filling up the DagBag from /home/airflow/.local/lib/python3.12/site-packages/airflow/example_dags/example_trigger_target_dag.py
[2026-07-18T21:38:38.094+0000] {processor.py:925} INFO - DAG(s) 'example_trigger_target_dag' retrieved from /home/airflow/.local/lib/python3.12/site-packages/airflow/example_dags/example_trigger_target_dag.py
[2026-07-18T21:38:38.140+0000] {logging_mixin.py:190} INFO - [2026-07-18T21:38:38.139+0000] {dag.py:3239} INFO - Sync 1 DAGs
[2026-07-18T21:38:38.165+0000] {logging_mixin.py:190} INFO - [2026-07-18T21:38:38.165+0000] {dag.py:4180} INFO - Setting next_dagrun for example_trigger_target_dag to None, run_after=None
[2026-07-18T21:38:38.216+0000] {processor.py:208} INFO - Processing /home/airflow/.local/lib/python3.12/site-packages/airflow/example_dags/example_trigger_target_dag.py took 0.167 seconds
[2026-07-18T21:39:09.208+0000] {processor.py:186} INFO - Started process (PID=1726) to work on /home/airflow/.local/lib/python3.12/site-packages/airflow/example_dags/example_trigger_target_dag.py
[2026-07-18T21:39:09.210+0000] {processor.py:914} INFO - Processing file /home/airflow/.local/lib/python3.12/site-packages/airflow/example_dags/example_trigger_target_dag.py for tasks to queue
[2026-07-18T21:39:09.215+0000] {logging_mixin.py:190} INFO - [2026-07-18T21:39:09.215+0000] {dagbag.py:588} INFO - Filling up the DagBag from /home/airflow/.local/lib/python3.12/site-packages/airflow/example_dags/example_trigger_target_dag.py
[2026-07-18T21:39:09.232+0000] {processor.py:925} INFO - DAG(s) 'example_trigger_target_dag' retrieved from /home/airflow/.local/lib/python3.12/site-packages/airflow/example_dags/example_trigger_target_dag.py
[2026-07-18T21:39:09.267+0000] {logging_mixin.py:190} INFO - [2026-07-18T21:39:09.267+0000] {dag.py:3239} INFO - Sync 1 DAGs
[2026-07-18T21:39:09.293+0000] {logging_mixin.py:190} INFO - [2026-07-18T21:39:09.292+0000] {dag.py:4180} INFO - Setting next_dagrun for example_trigger_target_dag to None, run_after=None
[2026-07-18T21:39:09.319+0000] {processor.py:208} INFO - Processing /home/airflow/.local/lib/python3.12/site-packages/airflow/example_dags/example_trigger_target_dag.py took 0.119 seconds
[2026-07-18T21:39:41.566+0000] {processor.py:186} INFO - Started process (PID=1790) to work on /home/airflow/.local/lib/python3.12/site-packages/airflow/example_dags/example_trigger_target_dag.py
[2026-07-18T21:39:41.569+0000] {processor.py:914} INFO - Processing file /home/airflow/.local/lib/python3.12/site-packages/airflow/example_dags/example_trigger_target_dag.py for tasks to queue
[2026-07-18T21:39:41.574+0000] {logging_mixin.py:190} INFO - [2026-07-18T21:39:41.574+0000] {dagbag.py:588} INFO - Filling up the DagBag from /home/airflow/.local/lib/python3.12/site-packages/airflow/example_dags/example_trigger_target_dag.py
[2026-07-18T21:39:41.587+0000] {processor.py:925} INFO - DAG(s) 'example_trigger_target_dag' retrieved from /home/airflow/.local/lib/python3.12/site-packages/airflow/example_dags/example_trigger_target_dag.py
[2026-07-18T21:39:41.614+0000] {logging_mixin.py:190} INFO - [2026-07-18T21:39:41.614+0000] {dag.py:3239} INFO - Sync 1 DAGs
[2026-07-18T21:39:41.632+0000] {logging_mixin.py:190} INFO - [2026-07-18T21:39:41.632+0000] {dag.py:4180} INFO - Setting next_dagrun for example_trigger_target_dag to None, run_after=None
[2026-07-18T21:39:41.659+0000] {processor.py:208} INFO - Processing /home/airflow/.local/lib/python3.12/site-packages/airflow/example_dags/example_trigger_target_dag.py took 0.105 seconds
[2026-07-18T21:40:13.641+0000] {processor.py:186} INFO - Started process (PID=1854) to work on /home/airflow/.local/lib/python3.12/site-packages/airflow/example_dags/example_trigger_target_dag.py
[2026-07-18T21:40:13.643+0000] {processor.py:914} INFO - Processing file /home/airflow/.local/lib/python3.12/site-packages/airflow/example_dags/example_trigger_target_dag.py for tasks to queue
[2026-07-18T21:40:13.648+0000] {logging_mixin.py:190} INFO - [2026-07-18T21:40:13.647+0000] {dagbag.py:588} INFO - Filling up the DagBag from /home/airflow/.local/lib/python3.12/site-packages/airflow/example_dags/example_trigger_target_dag.py
[2026-07-18T21:40:13.662+0000] {processor.py:925} INFO - DAG(s) 'example_trigger_target_dag' retrieved from /home/airflow/.local/lib/python3.12/site-packages/airflow/example_dags/example_trigger_target_dag.py
[2026-07-18T21:40:13.703+0000] {logging_mixin.py:190} INFO - [2026-07-18T21:40:13.702+0000] {dag.py:3239} INFO - Sync 1 DAGs
[2026-07-18T21:40:13.747+0000] {logging_mixin.py:190} INFO - [2026-07-18T21:40:13.747+0000] {dag.py:4180} INFO - Setting next_dagrun for example_trigger_target_dag to None, run_after=None
[2026-07-18T21:40:13.798+0000] {processor.py:208} INFO - Processing /home/airflow/.local/lib/python3.12/site-packages/airflow/example_dags/example_trigger_target_dag.py took 0.167 seconds
[2026-07-18T21:40:45.261+0000] {processor.py:186} INFO - Started process (PID=1919) to work on /home/airflow/.local/lib/python3.12/site-packages/airflow/example_dags/example_trigger_target_dag.py
[2026-07-18T21:40:45.263+0000] {processor.py:914} INFO - Processing file /home/airflow/.local/lib/python3.12/site-packages/airflow/example_dags/example_trigger_target_dag.py for tasks to queue
[2026-07-18T21:40:45.268+0000] {logging_mixin.py:190} INFO - [2026-07-18T21:40:45.267+0000] {dagbag.py:588} INFO - Filling up the DagBag from /home/airflow/.local/lib/python3.12/site-packages/airflow/example_dags/example_trigger_target_dag.py
[2026-07-18T21:40:45.288+0000] {processor.py:925} INFO - DAG(s) 'example_trigger_target_dag' retrieved from /home/airflow/.local/lib/python3.12/site-packages/airflow/example_dags/example_trigger_target_dag.py
[2026-07-18T21:40:45.336+0000] {logging_mixin.py:190} INFO - [2026-07-18T21:40:45.335+0000] {dag.py:3239} INFO - Sync 1 DAGs
[2026-07-18T21:40:45.360+0000] {logging_mixin.py:190} INFO - [2026-07-18T21:40:45.359+0000] {dag.py:4180} INFO - Setting next_dagrun for example_trigger_target_dag to None, run_after=None
[2026-07-18T21:40:45.395+0000] {processor.py:208} INFO - Processing /home/airflow/.local/lib/python3.12/site-packages/airflow/example_dags/example_trigger_target_dag.py took 0.142 seconds
[2026-07-18T21:41:16.366+0000] {processor.py:186} INFO - Started process (PID=1983) to work on /home/airflow/.local/lib/python3.12/site-packages/airflow/example_dags/example_trigger_target_dag.py
[2026-07-18T21:41:16.367+0000] {processor.py:914} INFO - Processing file /home/airflow/.local/lib/python3.12/site-packages/airflow/example_dags/example_trigger_target_dag.py for tasks to queue
[2026-07-18T21:41:16.372+0000] {logging_mixin.py:190} INFO - [2026-07-18T21:41:16.371+0000] {dagbag.py:588} INFO - Filling up the DagBag from /home/airflow/.local/lib/python3.12/site-packages/airflow/example_dags/example_trigger_target_dag.py
[2026-07-18T21:41:16.384+0000] {processor.py:925} INFO - DAG(s) 'example_trigger_target_dag' retrieved from /home/airflow/.local/lib/python3.12/site-packages/airflow/example_dags/example_trigger_target_dag.py
[2026-07-18T21:41:16.415+0000] {logging_mixin.py:190} INFO - [2026-07-18T21:41:16.414+0000] {dag.py:3239} INFO - Sync 1 DAGs
[2026-07-18T21:41:16.437+0000] {logging_mixin.py:190} INFO - [2026-07-18T21:41:16.437+0000] {dag.py:4180} INFO - Setting next_dagrun for example_trigger_target_dag to None, run_after=None
[2026-07-18T21:41:16.465+0000] {processor.py:208} INFO - Processing /home/airflow/.local/lib/python3.12/site-packages/airflow/example_dags/example_trigger_target_dag.py took 0.108 seconds
[2026-07-18T21:41:47.920+0000] {processor.py:186} INFO - Started process (PID=2047) to work on /home/airflow/.local/lib/python3.12/site-packages/airflow/example_dags/example_trigger_target_dag.py
[2026-07-18T21:41:47.924+0000] {processor.py:914} INFO - Processing file /home/airflow/.local/lib/python3.12/site-packages/airflow/example_dags/example_trigger_target_dag.py for tasks to queue
[2026-07-18T21:41:47.929+0000] {logging_mixin.py:190} INFO - [2026-07-18T21:41:47.928+0000] {dagbag.py:588} INFO - Filling up the DagBag from /home/airflow/.local/lib/python3.12/site-packages/airflow/example_dags/example_trigger_target_dag.py
[2026-07-18T21:41:47.944+0000] {processor.py:925} INFO - DAG(s) 'example_trigger_target_dag' retrieved from /home/airflow/.local/lib/python3.12/site-packages/airflow/example_dags/example_trigger_target_dag.py
[2026-07-18T21:41:47.980+0000] {logging_mixin.py:190} INFO - [2026-07-18T21:41:47.979+0000] {dag.py:3239} INFO - Sync 1 DAGs
[2026-07-18T21:41:48.007+0000] {logging_mixin.py:190} INFO - [2026-07-18T21:41:48.006+0000] {dag.py:4180} INFO - Setting next_dagrun for example_trigger_target_dag to None, run_after=None
[2026-07-18T21:41:48.043+0000] {processor.py:208} INFO - Processing /home/airflow/.local/lib/python3.12/site-packages/airflow/example_dags/example_trigger_target_dag.py took 0.130 seconds
[2026-07-18T21:42:19.617+0000] {processor.py:186} INFO - Started process (PID=2112) to work on /home/airflow/.local/lib/python3.12/site-packages/airflow/example_dags/example_trigger_target_dag.py
[2026-07-18T21:42:19.619+0000] {processor.py:914} INFO - Processing file /home/airflow/.local/lib/python3.12/site-packages/airflow/example_dags/example_trigger_target_dag.py for tasks to queue
[2026-07-18T21:42:19.624+0000] {logging_mixin.py:190} INFO - [2026-07-18T21:42:19.623+0000] {dagbag.py:588} INFO - Filling up the DagBag from /home/airflow/.local/lib/python3.12/site-packages/airflow/example_dags/example_trigger_target_dag.py
[2026-07-18T21:42:19.635+0000] {processor.py:925} INFO - DAG(s) 'example_trigger_target_dag' retrieved from /home/airflow/.local/lib/python3.12/site-packages/airflow/example_dags/example_trigger_target_dag.py
[2026-07-18T21:42:19.664+0000] {logging_mixin.py:190} INFO - [2026-07-18T21:42:19.664+0000] {dag.py:3239} INFO - Sync 1 DAGs
[2026-07-18T21:42:19.694+0000] {logging_mixin.py:190} INFO - [2026-07-18T21:42:19.693+0000] {dag.py:4180} INFO - Setting next_dagrun for example_trigger_target_dag to None, run_after=None
[2026-07-18T21:42:19.722+0000] {processor.py:208} INFO - Processing /home/airflow/.local/lib/python3.12/site-packages/airflow/example_dags/example_trigger_target_dag.py took 0.112 seconds
[2026-07-18T21:42:51.072+0000] {processor.py:186} INFO - Started process (PID=2176) to work on /home/airflow/.local/lib/python3.12/site-packages/airflow/example_dags/example_trigger_target_dag.py
[2026-07-18T21:42:51.074+0000] {processor.py:914} INFO - Processing file /home/airflow/.local/lib/python3.12/site-packages/airflow/example_dags/example_trigger_target_dag.py for tasks to queue
[2026-07-18T21:42:51.079+0000] {logging_mixin.py:190} INFO - [2026-07-18T21:42:51.078+0000] {dagbag.py:588} INFO - Filling up the DagBag from /home/airflow/.local/lib/python3.12/site-packages/airflow/example_dags/example_trigger_target_dag.py
[2026-07-18T21:42:51.091+0000] {processor.py:925} INFO - DAG(s) 'example_trigger_target_dag' retrieved from /home/airflow/.local/lib/python3.12/site-packages/airflow/example_dags/example_trigger_target_dag.py
[2026-07-18T21:42:51.121+0000] {logging_mixin.py:190} INFO - [2026-07-18T21:42:51.120+0000] {dag.py:3239} INFO - Sync 1 DAGs
[2026-07-18T21:42:51.141+0000] {logging_mixin.py:190} INFO - [2026-07-18T21:42:51.140+0000] {dag.py:4180} INFO - Setting next_dagrun for example_trigger_target_dag to None, run_after=None
[2026-07-18T21:42:51.166+0000] {processor.py:208} INFO - Processing /home/airflow/.local/lib/python3.12/site-packages/airflow/example_dags/example_trigger_target_dag.py took 0.102 seconds
[2026-07-18T21:43:22.955+0000] {processor.py:186} INFO - Started process (PID=2241) to work on /home/airflow/.local/lib/python3.12/site-packages/airflow/example_dags/example_trigger_target_dag.py
[2026-07-18T21:43:22.959+0000] {processor.py:914} INFO - Processing file /home/airflow/.local/lib/python3.12/site-packages/airflow/example_dags/example_trigger_target_dag.py for tasks to queue
[2026-07-18T21:43:22.967+0000] {logging_mixin.py:190} INFO - [2026-07-18T21:43:22.966+0000] {dagbag.py:588} INFO - Filling up the DagBag from /home/airflow/.local/lib/python3.12/site-packages/airflow/example_dags/example_trigger_target_dag.py
[2026-07-18T21:43:22.992+0000] {processor.py:925} INFO - DAG(s) 'example_trigger_target_dag' retrieved from /home/airflow/.local/lib/python3.12/site-packages/airflow/example_dags/example_trigger_target_dag.py
[2026-07-18T21:43:23.040+0000] {logging_mixin.py:190} INFO - [2026-07-18T21:43:23.040+0000] {dag.py:3239} INFO - Sync 1 DAGs
[2026-07-18T21:43:23.091+0000] {logging_mixin.py:190} INFO - [2026-07-18T21:43:23.090+0000] {dag.py:4180} INFO - Setting next_dagrun for example_trigger_target_dag to None, run_after=None
[2026-07-18T21:43:23.237+0000] {processor.py:208} INFO - Processing /home/airflow/.local/lib/python3.12/site-packages/airflow/example_dags/example_trigger_target_dag.py took 0.299 seconds
[2026-07-18T21:43:55.239+0000] {processor.py:186} INFO - Started process (PID=2310) to work on /home/airflow/.local/lib/python3.12/site-packages/airflow/example_dags/example_trigger_target_dag.py
[2026-07-18T21:43:55.242+0000] {processor.py:914} INFO - Processing file /home/airflow/.local/lib/python3.12/site-packages/airflow/example_dags/example_trigger_target_dag.py for tasks to queue
[2026-07-18T21:43:55.247+0000] {logging_mixin.py:190} INFO - [2026-07-18T21:43:55.246+0000] {dagbag.py:588} INFO - Filling up the DagBag from /home/airflow/.local/lib/python3.12/site-packages/airflow/example_dags/example_trigger_target_dag.py
[2026-07-18T21:43:55.260+0000] {processor.py:925} INFO - DAG(s) 'example_trigger_target_dag' retrieved from /home/airflow/.local/lib/python3.12/site-packages/airflow/example_dags/example_trigger_target_dag.py
[2026-07-18T21:43:55.288+0000] {logging_mixin.py:190} INFO - [2026-07-18T21:43:55.287+0000] {dag.py:3239} INFO - Sync 1 DAGs
[2026-07-18T21:43:55.308+0000] {logging_mixin.py:190} INFO - [2026-07-18T21:43:55.308+0000] {dag.py:4180} INFO - Setting next_dagrun for example_trigger_target_dag to None, run_after=None
[2026-07-18T21:43:55.339+0000] {processor.py:208} INFO - Processing /home/airflow/.local/lib/python3.12/site-packages/airflow/example_dags/example_trigger_target_dag.py took 0.107 seconds
[2026-07-18T21:44:26.549+0000] {processor.py:186} INFO - Started process (PID=2374) to work on /home/airflow/.local/lib/python3.12/site-packages/airflow/example_dags/example_trigger_target_dag.py
[2026-07-18T21:44:26.552+0000] {processor.py:914} INFO - Processing file /home/airflow/.local/lib/python3.12/site-packages/airflow/example_dags/example_trigger_target_dag.py for tasks to queue
[2026-07-18T21:44:26.556+0000] {logging_mixin.py:190} INFO - [2026-07-18T21:44:26.556+0000] {dagbag.py:588} INFO - Filling up the DagBag from /home/airflow/.local/lib/python3.12/site-packages/airflow/example_dags/example_trigger_target_dag.py
[2026-07-18T21:44:26.569+0000] {processor.py:925} INFO - DAG(s) 'example_trigger_target_dag' retrieved from /home/airflow/.local/lib/python3.12/site-packages/airflow/example_dags/example_trigger_target_dag.py
[2026-07-18T21:44:26.601+0000] {logging_mixin.py:190} INFO - [2026-07-18T21:44:26.601+0000] {dag.py:3239} INFO - Sync 1 DAGs
[2026-07-18T21:44:26.619+0000] {logging_mixin.py:190} INFO - [2026-07-18T21:44:26.619+0000] {dag.py:4180} INFO - Setting next_dagrun for example_trigger_target_dag to None, run_after=None
[2026-07-18T21:44:26.688+0000] {processor.py:208} INFO - Processing /home/airflow/.local/lib/python3.12/site-packages/airflow/example_dags/example_trigger_target_dag.py took 0.146 seconds
[2026-07-18T21:44:57.907+0000] {processor.py:186} INFO - Started process (PID=2444) to work on /home/airflow/.local/lib/python3.12/site-packages/airflow/example_dags/example_trigger_target_dag.py
[2026-07-18T21:44:57.909+0000] {processor.py:914} INFO - Processing file /home/airflow/.local/lib/python3.12/site-packages/airflow/example_dags/example_trigger_target_dag.py for tasks to queue
[2026-07-18T21:44:57.917+0000] {logging_mixin.py:190} INFO - [2026-07-18T21:44:57.916+0000] {dagbag.py:588} INFO - Filling up the DagBag from /home/airflow/.local/lib/python3.12/site-packages/airflow/example_dags/example_trigger_target_dag.py
[2026-07-18T21:44:57.944+0000] {processor.py:925} INFO - DAG(s) 'example_trigger_target_dag' retrieved from /home/airflow/.local/lib/python3.12/site-packages/airflow/example_dags/example_trigger_target_dag.py
[2026-07-18T21:44:57.982+0000] {logging_mixin.py:190} INFO - [2026-07-18T21:44:57.981+0000] {dag.py:3239} INFO - Sync 1 DAGs
[2026-07-18T21:44:58.002+0000] {logging_mixin.py:190} INFO - [2026-07-18T21:44:58.002+0000] {dag.py:4180} INFO - Setting next_dagrun for example_trigger_target_dag to None, run_after=None
[2026-07-18T21:44:58.034+0000] {processor.py:208} INFO - Processing /home/airflow/.local/lib/python3.12/site-packages/airflow/example_dags/example_trigger_target_dag.py took 0.137 seconds
[2026-07-18T21:45:29.499+0000] {processor.py:186} INFO - Started process (PID=2508) to work on /home/airflow/.local/lib/python3.12/site-packages/airflow/example_dags/example_trigger_target_dag.py
[2026-07-18T21:45:29.506+0000] {processor.py:914} INFO - Processing file /home/airflow/.local/lib/python3.12/site-packages/airflow/example_dags/example_trigger_target_dag.py for tasks to queue
[2026-07-18T21:45:29.514+0000] {logging_mixin.py:190} INFO - [2026-07-18T21:45:29.514+0000] {dagbag.py:588} INFO - Filling up the DagBag from /home/airflow/.local/lib/python3.12/site-packages/airflow/example_dags/example_trigger_target_dag.py
[2026-07-18T21:45:29.541+0000] {processor.py:925} INFO - DAG(s) 'example_trigger_target_dag' retrieved from /home/airflow/.local/lib/python3.12/site-packages/airflow/example_dags/example_trigger_target_dag.py
[2026-07-18T21:45:29.600+0000] {logging_mixin.py:190} INFO - [2026-07-18T21:45:29.599+0000] {dag.py:3239} INFO - Sync 1 DAGs
[2026-07-18T21:45:29.638+0000] {logging_mixin.py:190} INFO - [2026-07-18T21:45:29.638+0000] {dag.py:4180} INFO - Setting next_dagrun for example_trigger_target_dag to None, run_after=None
[2026-07-18T21:45:29.674+0000] {processor.py:208} INFO - Processing /home/airflow/.local/lib/python3.12/site-packages/airflow/example_dags/example_trigger_target_dag.py took 0.191 seconds
[2026-07-18T21:46:00.977+0000] {processor.py:186} INFO - Started process (PID=2572) to work on /home/airflow/.local/lib/python3.12/site-packages/airflow/example_dags/example_trigger_target_dag.py
[2026-07-18T21:46:00.980+0000] {processor.py:914} INFO - Processing file /home/airflow/.local/lib/python3.12/site-packages/airflow/example_dags/example_trigger_target_dag.py for tasks to queue
[2026-07-18T21:46:00.986+0000] {logging_mixin.py:190} INFO - [2026-07-18T21:46:00.986+0000] {dagbag.py:588} INFO - Filling up the DagBag from /home/airflow/.local/lib/python3.12/site-packages/airflow/example_dags/example_trigger_target_dag.py
[2026-07-18T21:46:01.005+0000] {processor.py:925} INFO - DAG(s) 'example_trigger_target_dag' retrieved from /home/airflow/.local/lib/python3.12/site-packages/airflow/example_dags/example_trigger_target_dag.py
[2026-07-18T21:46:01.041+0000] {logging_mixin.py:190} INFO - [2026-07-18T21:46:01.040+0000] {dag.py:3239} INFO - Sync 1 DAGs
[2026-07-18T21:46:01.075+0000] {logging_mixin.py:190} INFO - [2026-07-18T21:46:01.074+0000] {dag.py:4180} INFO - Setting next_dagrun for example_trigger_target_dag to None, run_after=None
[2026-07-18T21:46:01.170+0000] {processor.py:208} INFO - Processing /home/airflow/.local/lib/python3.12/site-packages/airflow/example_dags/example_trigger_target_dag.py took 0.204 seconds
[2026-07-18T21:46:32.225+0000] {processor.py:186} INFO - Started process (PID=2636) to work on /home/airflow/.local/lib/python3.12/site-packages/airflow/example_dags/example_trigger_target_dag.py
[2026-07-18T21:46:32.228+0000] {processor.py:914} INFO - Processing file /home/airflow/.local/lib/python3.12/site-packages/airflow/example_dags/example_trigger_target_dag.py for tasks to queue
[2026-07-18T21:46:32.233+0000] {logging_mixin.py:190} INFO - [2026-07-18T21:46:32.232+0000] {dagbag.py:588} INFO - Filling up the DagBag from /home/airflow/.local/lib/python3.12/site-packages/airflow/example_dags/example_trigger_target_dag.py
[2026-07-18T21:46:32.250+0000] {processor.py:925} INFO - DAG(s) 'example_trigger_target_dag' retrieved from /home/airflow/.local/lib/python3.12/site-packages/airflow/example_dags/example_trigger_target_dag.py
[2026-07-18T21:46:32.289+0000] {logging_mixin.py:190} INFO - [2026-07-18T21:46:32.287+0000] {dag.py:3239} INFO - Sync 1 DAGs
[2026-07-18T21:46:32.312+0000] {logging_mixin.py:190} INFO - [2026-07-18T21:46:32.312+0000] {dag.py:4180} INFO - Setting next_dagrun for example_trigger_target_dag to None, run_after=None
[2026-07-18T21:46:32.346+0000] {processor.py:208} INFO - Processing /home/airflow/.local/lib/python3.12/site-packages/airflow/example_dags/example_trigger_target_dag.py took 0.131 seconds
[2026-07-18T21:47:03.828+0000] {processor.py:186} INFO - Started process (PID=2704) to work on /home/airflow/.local/lib/python3.12/site-packages/airflow/example_dags/example_trigger_target_dag.py
[2026-07-18T21:47:03.830+0000] {processor.py:914} INFO - Processing file /home/airflow/.local/lib/python3.12/site-packages/airflow/example_dags/example_trigger_target_dag.py for tasks to queue
[2026-07-18T21:47:03.835+0000] {logging_mixin.py:190} INFO - [2026-07-18T21:47:03.834+0000] {dagbag.py:588} INFO - Filling up the DagBag from /home/airflow/.local/lib/python3.12/site-packages/airflow/example_dags/example_trigger_target_dag.py
[2026-07-18T21:47:03.852+0000] {processor.py:925} INFO - DAG(s) 'example_trigger_target_dag' retrieved from /home/airflow/.local/lib/python3.12/site-packages/airflow/example_dags/example_trigger_target_dag.py
[2026-07-18T21:47:03.880+0000] {logging_mixin.py:190} INFO - [2026-07-18T21:47:03.880+0000] {dag.py:3239} INFO - Sync 1 DAGs
[2026-07-18T21:47:03.900+0000] {logging_mixin.py:190} INFO - [2026-07-18T21:47:03.900+0000] {dag.py:4180} INFO - Setting next_dagrun for example_trigger_target_dag to None, run_after=None
[2026-07-18T21:47:03.927+0000] {processor.py:208} INFO - Processing /home/airflow/.local/lib/python3.12/site-packages/airflow/example_dags/example_trigger_target_dag.py took 0.109 seconds
[2026-07-18T21:47:35.039+0000] {processor.py:186} INFO - Started process (PID=2768) to work on /home/airflow/.local/lib/python3.12/site-packages/airflow/example_dags/example_trigger_target_dag.py
[2026-07-18T21:47:35.041+0000] {processor.py:914} INFO - Processing file /home/airflow/.local/lib/python3.12/site-packages/airflow/example_dags/example_trigger_target_dag.py for tasks to queue
[2026-07-18T21:47:35.046+0000] {logging_mixin.py:190} INFO - [2026-07-18T21:47:35.045+0000] {dagbag.py:588} INFO - Filling up the DagBag from /home/airflow/.local/lib/python3.12/site-packages/airflow/example_dags/example_trigger_target_dag.py
[2026-07-18T21:47:35.060+0000] {processor.py:925} INFO - DAG(s) 'example_trigger_target_dag' retrieved from /home/airflow/.local/lib/python3.12/site-packages/airflow/example_dags/example_trigger_target_dag.py
[2026-07-18T21:47:35.092+0000] {logging_mixin.py:190} INFO - [2026-07-18T21:47:35.091+0000] {dag.py:3239} INFO - Sync 1 DAGs
[2026-07-18T21:47:35.133+0000] {logging_mixin.py:190} INFO - [2026-07-18T21:47:35.132+0000] {dag.py:4180} INFO - Setting next_dagrun for example_trigger_target_dag to None, run_after=None
[2026-07-18T21:47:35.188+0000] {processor.py:208} INFO - Processing /home/airflow/.local/lib/python3.12/site-packages/airflow/example_dags/example_trigger_target_dag.py took 0.157 seconds
[2026-07-18T21:48:06.781+0000] {processor.py:186} INFO - Started process (PID=2832) to work on /home/airflow/.local/lib/python3.12/site-packages/airflow/example_dags/example_trigger_target_dag.py
[2026-07-18T21:48:06.784+0000] {processor.py:914} INFO - Processing file /home/airflow/.local/lib/python3.12/site-packages/airflow/example_dags/example_trigger_target_dag.py for tasks to queue
[2026-07-18T21:48:06.790+0000] {logging_mixin.py:190} INFO - [2026-07-18T21:48:06.790+0000] {dagbag.py:588} INFO - Filling up the DagBag from /home/airflow/.local/lib/python3.12/site-packages/airflow/example_dags/example_trigger_target_dag.py
[2026-07-18T21:48:06.805+0000] {processor.py:925} INFO - DAG(s) 'example_trigger_target_dag' retrieved from /home/airflow/.local/lib/python3.12/site-packages/airflow/example_dags/example_trigger_target_dag.py
[2026-07-18T21:48:06.833+0000] {logging_mixin.py:190} INFO - [2026-07-18T21:48:06.833+0000] {dag.py:3239} INFO - Sync 1 DAGs
[2026-07-18T21:48:06.856+0000] {logging_mixin.py:190} INFO - [2026-07-18T21:48:06.856+0000] {dag.py:4180} INFO - Setting next_dagrun for example_trigger_target_dag to None, run_after=None
[2026-07-18T21:48:06.889+0000] {processor.py:208} INFO - Processing /home/airflow/.local/lib/python3.12/site-packages/airflow/example_dags/example_trigger_target_dag.py took 0.122 seconds
[2026-07-18T21:48:37.810+0000] {processor.py:186} INFO - Started process (PID=2896) to work on /home/airflow/.local/lib/python3.12/site-packages/airflow/example_dags/example_trigger_target_dag.py
[2026-07-18T21:48:37.813+0000] {processor.py:914} INFO - Processing file /home/airflow/.local/lib/python3.12/site-packages/airflow/example_dags/example_trigger_target_dag.py for tasks to queue
[2026-07-18T21:48:37.818+0000] {logging_mixin.py:190} INFO - [2026-07-18T21:48:37.817+0000] {dagbag.py:588} INFO - Filling up the DagBag from /home/airflow/.local/lib/python3.12/site-packages/airflow/example_dags/example_trigger_target_dag.py
[2026-07-18T21:48:37.832+0000] {processor.py:925} INFO - DAG(s) 'example_trigger_target_dag' retrieved from /home/airflow/.local/lib/python3.12/site-packages/airflow/example_dags/example_trigger_target_dag.py
[2026-07-18T21:48:37.864+0000] {logging_mixin.py:190} INFO - [2026-07-18T21:48:37.863+0000] {dag.py:3239} INFO - Sync 1 DAGs
[2026-07-18T21:48:37.885+0000] {logging_mixin.py:190} INFO - [2026-07-18T21:48:37.884+0000] {dag.py:4180} INFO - Setting next_dagrun for example_trigger_target_dag to None, run_after=None
[2026-07-18T21:48:37.928+0000] {processor.py:208} INFO - Processing /home/airflow/.local/lib/python3.12/site-packages/airflow/example_dags/example_trigger_target_dag.py took 0.128 seconds
[2026-07-18T21:49:09.892+0000] {processor.py:186} INFO - Started process (PID=2960) to work on /home/airflow/.local/lib/python3.12/site-packages/airflow/example_dags/example_trigger_target_dag.py
[2026-07-18T21:49:09.895+0000] {processor.py:914} INFO - Processing file /home/airflow/.local/lib/python3.12/site-packages/airflow/example_dags/example_trigger_target_dag.py for tasks to queue
[2026-07-18T21:49:09.900+0000] {logging_mixin.py:190} INFO - [2026-07-18T21:49:09.900+0000] {dagbag.py:588} INFO - Filling up the DagBag from /home/airflow/.local/lib/python3.12/site-packages/airflow/example_dags/example_trigger_target_dag.py
[2026-07-18T21:49:09.915+0000] {processor.py:925} INFO - DAG(s) 'example_trigger_target_dag' retrieved from /home/airflow/.local/lib/python3.12/site-packages/airflow/example_dags/example_trigger_target_dag.py
[2026-07-18T21:49:09.962+0000] {logging_mixin.py:190} INFO - [2026-07-18T21:49:09.961+0000] {dag.py:3239} INFO - Sync 1 DAGs
[2026-07-18T21:49:09.999+0000] {logging_mixin.py:190} INFO - [2026-07-18T21:49:09.998+0000] {dag.py:4180} INFO - Setting next_dagrun for example_trigger_target_dag to None, run_after=None
[2026-07-18T21:49:10.037+0000] {processor.py:208} INFO - Processing /home/airflow/.local/lib/python3.12/site-packages/airflow/example_dags/example_trigger_target_dag.py took 0.155 seconds
[2026-07-18T22:00:40.277+0000] {processor.py:186} INFO - Started process (PID=3029) to work on /home/airflow/.local/lib/python3.12/site-packages/airflow/example_dags/example_trigger_target_dag.py
[2026-07-18T22:00:40.279+0000] {processor.py:914} INFO - Processing file /home/airflow/.local/lib/python3.12/site-packages/airflow/example_dags/example_trigger_target_dag.py for tasks to queue
[2026-07-18T22:00:40.282+0000] {logging_mixin.py:190} INFO - [2026-07-18T22:00:40.282+0000] {dagbag.py:588} INFO - Filling up the DagBag from /home/airflow/.local/lib/python3.12/site-packages/airflow/example_dags/example_trigger_target_dag.py
[2026-07-18T22:00:40.299+0000] {processor.py:925} INFO - DAG(s) 'example_trigger_target_dag' retrieved from /home/airflow/.local/lib/python3.12/site-packages/airflow/example_dags/example_trigger_target_dag.py
[2026-07-18T22:00:40.345+0000] {logging_mixin.py:190} INFO - [2026-07-18T22:00:40.345+0000] {dag.py:3239} INFO - Sync 1 DAGs
[2026-07-18T22:00:40.379+0000] {logging_mixin.py:190} INFO - [2026-07-18T22:00:40.378+0000] {dag.py:4180} INFO - Setting next_dagrun for example_trigger_target_dag to None, run_after=None
[2026-07-18T22:00:40.429+0000] {processor.py:208} INFO - Processing /home/airflow/.local/lib/python3.12/site-packages/airflow/example_dags/example_trigger_target_dag.py took 0.165 seconds
[2026-07-18T22:01:11.717+0000] {processor.py:186} INFO - Started process (PID=3093) to work on /home/airflow/.local/lib/python3.12/site-packages/airflow/example_dags/example_trigger_target_dag.py
[2026-07-18T22:01:11.720+0000] {processor.py:914} INFO - Processing file /home/airflow/.local/lib/python3.12/site-packages/airflow/example_dags/example_trigger_target_dag.py for tasks to queue
[2026-07-18T22:01:11.725+0000] {logging_mixin.py:190} INFO - [2026-07-18T22:01:11.724+0000] {dagbag.py:588} INFO - Filling up the DagBag from /home/airflow/.local/lib/python3.12/site-packages/airflow/example_dags/example_trigger_target_dag.py
[2026-07-18T22:01:11.753+0000] {processor.py:925} INFO - DAG(s) 'example_trigger_target_dag' retrieved from /home/airflow/.local/lib/python3.12/site-packages/airflow/example_dags/example_trigger_target_dag.py
[2026-07-18T22:01:11.805+0000] {logging_mixin.py:190} INFO - [2026-07-18T22:01:11.805+0000] {dag.py:3239} INFO - Sync 1 DAGs
[2026-07-18T22:01:11.851+0000] {logging_mixin.py:190} INFO - [2026-07-18T22:01:11.851+0000] {dag.py:4180} INFO - Setting next_dagrun for example_trigger_target_dag to None, run_after=None
[2026-07-18T22:01:11.890+0000] {processor.py:208} INFO - Processing /home/airflow/.local/lib/python3.12/site-packages/airflow/example_dags/example_trigger_target_dag.py took 0.195 seconds
[2026-07-18T22:01:43.150+0000] {processor.py:186} INFO - Started process (PID=3157) to work on /home/airflow/.local/lib/python3.12/site-packages/airflow/example_dags/example_trigger_target_dag.py
[2026-07-18T22:01:43.154+0000] {processor.py:914} INFO - Processing file /home/airflow/.local/lib/python3.12/site-packages/airflow/example_dags/example_trigger_target_dag.py for tasks to queue
[2026-07-18T22:01:43.159+0000] {logging_mixin.py:190} INFO - [2026-07-18T22:01:43.158+0000] {dagbag.py:588} INFO - Filling up the DagBag from /home/airflow/.local/lib/python3.12/site-packages/airflow/example_dags/example_trigger_target_dag.py
[2026-07-18T22:01:43.182+0000] {processor.py:925} INFO - DAG(s) 'example_trigger_target_dag' retrieved from /home/airflow/.local/lib/python3.12/site-packages/airflow/example_dags/example_trigger_target_dag.py
[2026-07-18T22:01:43.219+0000] {logging_mixin.py:190} INFO - [2026-07-18T22:01:43.219+0000] {dag.py:3239} INFO - Sync 1 DAGs
[2026-07-18T22:01:43.246+0000] {logging_mixin.py:190} INFO - [2026-07-18T22:01:43.245+0000] {dag.py:4180} INFO - Setting next_dagrun for example_trigger_target_dag to None, run_after=None
[2026-07-18T22:01:43.276+0000] {processor.py:208} INFO - Processing /home/airflow/.local/lib/python3.12/site-packages/airflow/example_dags/example_trigger_target_dag.py took 0.140 seconds
[2026-07-18T22:02:14.903+0000] {processor.py:186} INFO - Started process (PID=3221) to work on /home/airflow/.local/lib/python3.12/site-packages/airflow/example_dags/example_trigger_target_dag.py
[2026-07-18T22:02:14.905+0000] {processor.py:914} INFO - Processing file /home/airflow/.local/lib/python3.12/site-packages/airflow/example_dags/example_trigger_target_dag.py for tasks to queue
[2026-07-18T22:02:14.908+0000] {logging_mixin.py:190} INFO - [2026-07-18T22:02:14.907+0000] {dagbag.py:588} INFO - Filling up the DagBag from /home/airflow/.local/lib/python3.12/site-packages/airflow/example_dags/example_trigger_target_dag.py
[2026-07-18T22:02:14.920+0000] {processor.py:925} INFO - DAG(s) 'example_trigger_target_dag' retrieved from /home/airflow/.local/lib/python3.12/site-packages/airflow/example_dags/example_trigger_target_dag.py
[2026-07-18T22:02:14.951+0000] {logging_mixin.py:190} INFO - [2026-07-18T22:02:14.950+0000] {dag.py:3239} INFO - Sync 1 DAGs
[2026-07-18T22:02:14.973+0000] {logging_mixin.py:190} INFO - [2026-07-18T22:02:14.973+0000] {dag.py:4180} INFO - Setting next_dagrun for example_trigger_target_dag to None, run_after=None
[2026-07-18T22:02:15.000+0000] {processor.py:208} INFO - Processing /home/airflow/.local/lib/python3.12/site-packages/airflow/example_dags/example_trigger_target_dag.py took 0.105 seconds
[2026-07-18T22:02:46.156+0000] {processor.py:186} INFO - Started process (PID=3285) to work on /home/airflow/.local/lib/python3.12/site-packages/airflow/example_dags/example_trigger_target_dag.py
[2026-07-18T22:02:46.159+0000] {processor.py:914} INFO - Processing file /home/airflow/.local/lib/python3.12/site-packages/airflow/example_dags/example_trigger_target_dag.py for tasks to queue
[2026-07-18T22:02:46.162+0000] {logging_mixin.py:190} INFO - [2026-07-18T22:02:46.162+0000] {dagbag.py:588} INFO - Filling up the DagBag from /home/airflow/.local/lib/python3.12/site-packages/airflow/example_dags/example_trigger_target_dag.py
[2026-07-18T22:02:46.175+0000] {processor.py:925} INFO - DAG(s) 'example_trigger_target_dag' retrieved from /home/airflow/.local/lib/python3.12/site-packages/airflow/example_dags/example_trigger_target_dag.py
[2026-07-18T22:02:46.207+0000] {logging_mixin.py:190} INFO - [2026-07-18T22:02:46.207+0000] {dag.py:3239} INFO - Sync 1 DAGs
[2026-07-18T22:02:46.235+0000] {logging_mixin.py:190} INFO - [2026-07-18T22:02:46.234+0000] {dag.py:4180} INFO - Setting next_dagrun for example_trigger_target_dag to None, run_after=None
[2026-07-18T22:02:46.313+0000] {processor.py:208} INFO - Processing /home/airflow/.local/lib/python3.12/site-packages/airflow/example_dags/example_trigger_target_dag.py took 0.168 seconds
[2026-07-18T22:03:17.149+0000] {processor.py:186} INFO - Started process (PID=3349) to work on /home/airflow/.local/lib/python3.12/site-packages/airflow/example_dags/example_trigger_target_dag.py
[2026-07-18T22:03:17.152+0000] {processor.py:914} INFO - Processing file /home/airflow/.local/lib/python3.12/site-packages/airflow/example_dags/example_trigger_target_dag.py for tasks to queue
[2026-07-18T22:03:17.155+0000] {logging_mixin.py:190} INFO - [2026-07-18T22:03:17.155+0000] {dagbag.py:588} INFO - Filling up the DagBag from /home/airflow/.local/lib/python3.12/site-packages/airflow/example_dags/example_trigger_target_dag.py
[2026-07-18T22:03:17.168+0000] {processor.py:925} INFO - DAG(s) 'example_trigger_target_dag' retrieved from /home/airflow/.local/lib/python3.12/site-packages/airflow/example_dags/example_trigger_target_dag.py
[2026-07-18T22:03:17.202+0000] {logging_mixin.py:190} INFO - [2026-07-18T22:03:17.202+0000] {dag.py:3239} INFO - Sync 1 DAGs
[2026-07-18T22:03:17.237+0000] {logging_mixin.py:190} INFO - [2026-07-18T22:03:17.237+0000] {dag.py:4180} INFO - Setting next_dagrun for example_trigger_target_dag to None, run_after=None
[2026-07-18T22:03:17.281+0000] {processor.py:208} INFO - Processing /home/airflow/.local/lib/python3.12/site-packages/airflow/example_dags/example_trigger_target_dag.py took 0.142 seconds
[2026-07-18T22:03:49.106+0000] {processor.py:186} INFO - Started process (PID=3413) to work on /home/airflow/.local/lib/python3.12/site-packages/airflow/example_dags/example_trigger_target_dag.py
[2026-07-18T22:03:49.109+0000] {processor.py:914} INFO - Processing file /home/airflow/.local/lib/python3.12/site-packages/airflow/example_dags/example_trigger_target_dag.py for tasks to queue
[2026-07-18T22:03:49.113+0000] {logging_mixin.py:190} INFO - [2026-07-18T22:03:49.113+0000] {dagbag.py:588} INFO - Filling up the DagBag from /home/airflow/.local/lib/python3.12/site-packages/airflow/example_dags/example_trigger_target_dag.py
[2026-07-18T22:03:49.141+0000] {processor.py:925} INFO - DAG(s) 'example_trigger_target_dag' retrieved from /home/airflow/.local/lib/python3.12/site-packages/airflow/example_dags/example_trigger_target_dag.py
[2026-07-18T22:03:49.196+0000] {logging_mixin.py:190} INFO - [2026-07-18T22:03:49.195+0000] {dag.py:3239} INFO - Sync 1 DAGs
[2026-07-18T22:03:49.234+0000] {logging_mixin.py:190} INFO - [2026-07-18T22:03:49.234+0000] {dag.py:4180} INFO - Setting next_dagrun for example_trigger_target_dag to None, run_after=None
[2026-07-18T22:03:49.268+0000] {processor.py:208} INFO - Processing /home/airflow/.local/lib/python3.12/site-packages/airflow/example_dags/example_trigger_target_dag.py took 0.174 seconds
[2026-07-18T22:04:20.059+0000] {processor.py:186} INFO - Started process (PID=3477) to work on /home/airflow/.local/lib/python3.12/site-packages/airflow/example_dags/example_trigger_target_dag.py
[2026-07-18T22:04:20.062+0000] {processor.py:914} INFO - Processing file /home/airflow/.local/lib/python3.12/site-packages/airflow/example_dags/example_trigger_target_dag.py for tasks to queue
[2026-07-18T22:04:20.066+0000] {logging_mixin.py:190} INFO - [2026-07-18T22:04:20.065+0000] {dagbag.py:588} INFO - Filling up the DagBag from /home/airflow/.local/lib/python3.12/site-packages/airflow/example_dags/example_trigger_target_dag.py
[2026-07-18T22:04:20.085+0000] {processor.py:925} INFO - DAG(s) 'example_trigger_target_dag' retrieved from /home/airflow/.local/lib/python3.12/site-packages/airflow/example_dags/example_trigger_target_dag.py
[2026-07-18T22:04:20.113+0000] {logging_mixin.py:190} INFO - [2026-07-18T22:04:20.113+0000] {dag.py:3239} INFO - Sync 1 DAGs
[2026-07-18T22:04:20.134+0000] {logging_mixin.py:190} INFO - [2026-07-18T22:04:20.134+0000] {dag.py:4180} INFO - Setting next_dagrun for example_trigger_target_dag to None, run_after=None
[2026-07-18T22:04:20.161+0000] {processor.py:208} INFO - Processing /home/airflow/.local/lib/python3.12/site-packages/airflow/example_dags/example_trigger_target_dag.py took 0.112 seconds
[2026-07-18T22:04:51.577+0000] {processor.py:186} INFO - Started process (PID=3541) to work on /home/airflow/.local/lib/python3.12/site-packages/airflow/example_dags/example_trigger_target_dag.py
[2026-07-18T22:04:51.579+0000] {processor.py:914} INFO - Processing file /home/airflow/.local/lib/python3.12/site-packages/airflow/example_dags/example_trigger_target_dag.py for tasks to queue
[2026-07-18T22:04:51.582+0000] {logging_mixin.py:190} INFO - [2026-07-18T22:04:51.581+0000] {dagbag.py:588} INFO - Filling up the DagBag from /home/airflow/.local/lib/python3.12/site-packages/airflow/example_dags/example_trigger_target_dag.py
[2026-07-18T22:04:51.595+0000] {processor.py:925} INFO - DAG(s) 'example_trigger_target_dag' retrieved from /home/airflow/.local/lib/python3.12/site-packages/airflow/example_dags/example_trigger_target_dag.py
[2026-07-18T22:04:51.630+0000] {logging_mixin.py:190} INFO - [2026-07-18T22:04:51.630+0000] {dag.py:3239} INFO - Sync 1 DAGs
[2026-07-18T22:04:51.983+0000] {logging_mixin.py:190} INFO - [2026-07-18T22:04:51.983+0000] {dag.py:4180} INFO - Setting next_dagrun for example_trigger_target_dag to None, run_after=None
[2026-07-18T22:04:52.064+0000] {processor.py:208} INFO - Processing /home/airflow/.local/lib/python3.12/site-packages/airflow/example_dags/example_trigger_target_dag.py took 0.497 seconds
[2026-07-18T22:05:22.269+0000] {processor.py:186} INFO - Started process (PID=3605) to work on /home/airflow/.local/lib/python3.12/site-packages/airflow/example_dags/example_trigger_target_dag.py
[2026-07-18T22:05:22.272+0000] {processor.py:914} INFO - Processing file /home/airflow/.local/lib/python3.12/site-packages/airflow/example_dags/example_trigger_target_dag.py for tasks to queue
[2026-07-18T22:05:22.274+0000] {logging_mixin.py:190} INFO - [2026-07-18T22:05:22.274+0000] {dagbag.py:588} INFO - Filling up the DagBag from /home/airflow/.local/lib/python3.12/site-packages/airflow/example_dags/example_trigger_target_dag.py
[2026-07-18T22:05:22.288+0000] {processor.py:925} INFO - DAG(s) 'example_trigger_target_dag' retrieved from /home/airflow/.local/lib/python3.12/site-packages/airflow/example_dags/example_trigger_target_dag.py
[2026-07-18T22:05:22.319+0000] {logging_mixin.py:190} INFO - [2026-07-18T22:05:22.318+0000] {dag.py:3239} INFO - Sync 1 DAGs
[2026-07-18T22:05:22.342+0000] {logging_mixin.py:190} INFO - [2026-07-18T22:05:22.341+0000] {dag.py:4180} INFO - Setting next_dagrun for example_trigger_target_dag to None, run_after=None
[2026-07-18T22:05:22.421+0000] {processor.py:208} INFO - Processing /home/airflow/.local/lib/python3.12/site-packages/airflow/example_dags/example_trigger_target_dag.py took 0.161 seconds
[2026-07-18T23:18:07.691+0000] {processor.py:186} INFO - Started process (PID=3674) to work on /home/airflow/.local/lib/python3.12/site-packages/airflow/example_dags/example_trigger_target_dag.py
[2026-07-18T23:18:07.718+0000] {processor.py:914} INFO - Processing file /home/airflow/.local/lib/python3.12/site-packages/airflow/example_dags/example_trigger_target_dag.py for tasks to queue
[2026-07-18T23:18:07.749+0000] {logging_mixin.py:190} INFO - [2026-07-18T23:18:07.748+0000] {dagbag.py:588} INFO - Filling up the DagBag from /home/airflow/.local/lib/python3.12/site-packages/airflow/example_dags/example_trigger_target_dag.py
[2026-07-18T23:18:07.806+0000] {processor.py:925} INFO - DAG(s) 'example_trigger_target_dag' retrieved from /home/airflow/.local/lib/python3.12/site-packages/airflow/example_dags/example_trigger_target_dag.py
[2026-07-18T23:18:07.906+0000] {logging_mixin.py:190} INFO - [2026-07-18T23:18:07.905+0000] {dag.py:3239} INFO - Sync 1 DAGs
[2026-07-18T23:18:07.991+0000] {logging_mixin.py:190} INFO - [2026-07-18T23:18:07.991+0000] {dag.py:4180} INFO - Setting next_dagrun for example_trigger_target_dag to None, run_after=None
[2026-07-18T23:18:08.110+0000] {processor.py:208} INFO - Processing /home/airflow/.local/lib/python3.12/site-packages/airflow/example_dags/example_trigger_target_dag.py took 0.440 seconds
