[2026-07-18T20:50:07.100+0000] {processor.py:186} INFO - Started process (PID=104) to work on /home/airflow/.local/lib/python3.12/site-packages/airflow/example_dags/example_python_decorator.py
[2026-07-18T20:50:07.102+0000] {processor.py:914} INFO - Processing file /home/airflow/.local/lib/python3.12/site-packages/airflow/example_dags/example_python_decorator.py for tasks to queue
[2026-07-18T20:50:07.108+0000] {logging_mixin.py:190} INFO - [2026-07-18T20:50:07.107+0000] {dagbag.py:588} INFO - Filling up the DagBag from /home/airflow/.local/lib/python3.12/site-packages/airflow/example_dags/example_python_decorator.py
[2026-07-18T20:50:07.133+0000] {processor.py:925} INFO - DAG(s) 'example_python_decorator' retrieved from /home/airflow/.local/lib/python3.12/site-packages/airflow/example_dags/example_python_decorator.py
[2026-07-18T20:50:07.303+0000] {logging_mixin.py:190} INFO - [2026-07-18T20:50:07.302+0000] {override.py:1911} INFO - Created Permission View: can edit on DAG:example_python_decorator
[2026-07-18T20:50:07.318+0000] {logging_mixin.py:190} INFO - [2026-07-18T20:50:07.318+0000] {override.py:1911} INFO - Created Permission View: can read on DAG:example_python_decorator
[2026-07-18T20:50:07.328+0000] {logging_mixin.py:190} INFO - [2026-07-18T20:50:07.328+0000] {override.py:1911} INFO - Created Permission View: can delete on DAG:example_python_decorator
[2026-07-18T20:50:07.342+0000] {logging_mixin.py:190} INFO - [2026-07-18T20:50:07.341+0000] {override.py:1911} INFO - Created Permission View: can create on DAG Run:example_python_decorator
[2026-07-18T20:50:07.352+0000] {logging_mixin.py:190} INFO - [2026-07-18T20:50:07.351+0000] {override.py:1911} INFO - Created Permission View: can read on DAG Run:example_python_decorator
[2026-07-18T20:50:07.362+0000] {logging_mixin.py:190} INFO - [2026-07-18T20:50:07.362+0000] {override.py:1911} INFO - Created Permission View: menu access on DAG Run:example_python_decorator
[2026-07-18T20:50:07.372+0000] {logging_mixin.py:190} INFO - [2026-07-18T20:50:07.372+0000] {override.py:1911} INFO - Created Permission View: can delete on DAG Run:example_python_decorator
[2026-07-18T20:50:07.373+0000] {logging_mixin.py:190} INFO - [2026-07-18T20:50:07.373+0000] {dag.py:3239} INFO - Sync 1 DAGs
[2026-07-18T20:50:07.393+0000] {logging_mixin.py:190} INFO - [2026-07-18T20:50:07.392+0000] {dag.py:3262} INFO - Creating ORM DAG for example_python_decorator
[2026-07-18T20:50:07.394+0000] {logging_mixin.py:190} INFO - [2026-07-18T20:50:07.394+0000] {dag.py:4180} INFO - Setting next_dagrun for example_python_decorator to None, run_after=None
[2026-07-18T20:50:07.421+0000] {processor.py:208} INFO - Processing /home/airflow/.local/lib/python3.12/site-packages/airflow/example_dags/example_python_decorator.py took 0.330 seconds
[2026-07-18T20:50:37.483+0000] {processor.py:186} INFO - Started process (PID=166) to work on /home/airflow/.local/lib/python3.12/site-packages/airflow/example_dags/example_python_decorator.py
[2026-07-18T20:50:37.484+0000] {processor.py:914} INFO - Processing file /home/airflow/.local/lib/python3.12/site-packages/airflow/example_dags/example_python_decorator.py for tasks to queue
[2026-07-18T20:50:37.487+0000] {logging_mixin.py:190} INFO - [2026-07-18T20:50:37.487+0000] {dagbag.py:588} INFO - Filling up the DagBag from /home/airflow/.local/lib/python3.12/site-packages/airflow/example_dags/example_python_decorator.py
[2026-07-18T20:50:37.499+0000] {processor.py:925} INFO - DAG(s) 'example_python_decorator' retrieved from /home/airflow/.local/lib/python3.12/site-packages/airflow/example_dags/example_python_decorator.py
[2026-07-18T20:50:37.516+0000] {logging_mixin.py:190} INFO - [2026-07-18T20:50:37.516+0000] {dag.py:3239} INFO - Sync 1 DAGs
[2026-07-18T20:50:37.528+0000] {logging_mixin.py:190} INFO - [2026-07-18T20:50:37.528+0000] {dag.py:4180} INFO - Setting next_dagrun for example_python_decorator to None, run_after=None
[2026-07-18T20:50:37.544+0000] {processor.py:208} INFO - Processing /home/airflow/.local/lib/python3.12/site-packages/airflow/example_dags/example_python_decorator.py took 0.066 seconds
[2026-07-18T20:51:09.160+0000] {processor.py:186} INFO - Started process (PID=229) to work on /home/airflow/.local/lib/python3.12/site-packages/airflow/example_dags/example_python_decorator.py
[2026-07-18T20:51:09.162+0000] {processor.py:914} INFO - Processing file /home/airflow/.local/lib/python3.12/site-packages/airflow/example_dags/example_python_decorator.py for tasks to queue
[2026-07-18T20:51:09.167+0000] {logging_mixin.py:190} INFO - [2026-07-18T20:51:09.166+0000] {dagbag.py:588} INFO - Filling up the DagBag from /home/airflow/.local/lib/python3.12/site-packages/airflow/example_dags/example_python_decorator.py
[2026-07-18T20:51:09.189+0000] {processor.py:925} INFO - DAG(s) 'example_python_decorator' retrieved from /home/airflow/.local/lib/python3.12/site-packages/airflow/example_dags/example_python_decorator.py
[2026-07-18T20:51:09.223+0000] {logging_mixin.py:190} INFO - [2026-07-18T20:51:09.223+0000] {dag.py:3239} INFO - Sync 1 DAGs
[2026-07-18T20:51:09.244+0000] {logging_mixin.py:190} INFO - [2026-07-18T20:51:09.244+0000] {dag.py:4180} INFO - Setting next_dagrun for example_python_decorator to None, run_after=None
[2026-07-18T20:51:09.279+0000] {processor.py:208} INFO - Processing /home/airflow/.local/lib/python3.12/site-packages/airflow/example_dags/example_python_decorator.py took 0.127 seconds
[2026-07-18T20:51:40.097+0000] {processor.py:186} INFO - Started process (PID=294) to work on /home/airflow/.local/lib/python3.12/site-packages/airflow/example_dags/example_python_decorator.py
[2026-07-18T20:51:40.098+0000] {processor.py:914} INFO - Processing file /home/airflow/.local/lib/python3.12/site-packages/airflow/example_dags/example_python_decorator.py for tasks to queue
[2026-07-18T20:51:40.101+0000] {logging_mixin.py:190} INFO - [2026-07-18T20:51:40.100+0000] {dagbag.py:588} INFO - Filling up the DagBag from /home/airflow/.local/lib/python3.12/site-packages/airflow/example_dags/example_python_decorator.py
[2026-07-18T20:51:40.122+0000] {processor.py:925} INFO - DAG(s) 'example_python_decorator' retrieved from /home/airflow/.local/lib/python3.12/site-packages/airflow/example_dags/example_python_decorator.py
[2026-07-18T20:51:40.142+0000] {logging_mixin.py:190} INFO - [2026-07-18T20:51:40.142+0000] {dag.py:3239} INFO - Sync 1 DAGs
[2026-07-18T20:51:40.156+0000] {logging_mixin.py:190} INFO - [2026-07-18T20:51:40.156+0000] {dag.py:4180} INFO - Setting next_dagrun for example_python_decorator to None, run_after=None
[2026-07-18T20:51:40.172+0000] {processor.py:208} INFO - Processing /home/airflow/.local/lib/python3.12/site-packages/airflow/example_dags/example_python_decorator.py took 0.080 seconds
[2026-07-18T20:52:12.243+0000] {processor.py:186} INFO - Started process (PID=357) to work on /home/airflow/.local/lib/python3.12/site-packages/airflow/example_dags/example_python_decorator.py
[2026-07-18T20:52:12.244+0000] {processor.py:914} INFO - Processing file /home/airflow/.local/lib/python3.12/site-packages/airflow/example_dags/example_python_decorator.py for tasks to queue
[2026-07-18T20:52:12.248+0000] {logging_mixin.py:190} INFO - [2026-07-18T20:52:12.248+0000] {dagbag.py:588} INFO - Filling up the DagBag from /home/airflow/.local/lib/python3.12/site-packages/airflow/example_dags/example_python_decorator.py
[2026-07-18T20:52:12.267+0000] {processor.py:925} INFO - DAG(s) 'example_python_decorator' retrieved from /home/airflow/.local/lib/python3.12/site-packages/airflow/example_dags/example_python_decorator.py
[2026-07-18T20:52:12.299+0000] {logging_mixin.py:190} INFO - [2026-07-18T20:52:12.299+0000] {dag.py:3239} INFO - Sync 1 DAGs
[2026-07-18T20:52:12.323+0000] {logging_mixin.py:190} INFO - [2026-07-18T20:52:12.322+0000] {dag.py:4180} INFO - Setting next_dagrun for example_python_decorator to None, run_after=None
[2026-07-18T20:52:12.357+0000] {processor.py:208} INFO - Processing /home/airflow/.local/lib/python3.12/site-packages/airflow/example_dags/example_python_decorator.py took 0.123 seconds
[2026-07-18T20:52:43.599+0000] {processor.py:186} INFO - Started process (PID=420) to work on /home/airflow/.local/lib/python3.12/site-packages/airflow/example_dags/example_python_decorator.py
[2026-07-18T20:52:43.603+0000] {processor.py:914} INFO - Processing file /home/airflow/.local/lib/python3.12/site-packages/airflow/example_dags/example_python_decorator.py for tasks to queue
[2026-07-18T20:52:43.609+0000] {logging_mixin.py:190} INFO - [2026-07-18T20:52:43.608+0000] {dagbag.py:588} INFO - Filling up the DagBag from /home/airflow/.local/lib/python3.12/site-packages/airflow/example_dags/example_python_decorator.py
[2026-07-18T20:52:43.636+0000] {processor.py:925} INFO - DAG(s) 'example_python_decorator' retrieved from /home/airflow/.local/lib/python3.12/site-packages/airflow/example_dags/example_python_decorator.py
[2026-07-18T20:52:43.680+0000] {logging_mixin.py:190} INFO - [2026-07-18T20:52:43.680+0000] {dag.py:3239} INFO - Sync 1 DAGs
[2026-07-18T20:52:43.708+0000] {logging_mixin.py:190} INFO - [2026-07-18T20:52:43.708+0000] {dag.py:4180} INFO - Setting next_dagrun for example_python_decorator to None, run_after=None
[2026-07-18T20:52:43.745+0000] {processor.py:208} INFO - Processing /home/airflow/.local/lib/python3.12/site-packages/airflow/example_dags/example_python_decorator.py took 0.161 seconds
[2026-07-18T20:53:14.821+0000] {processor.py:186} INFO - Started process (PID=483) to work on /home/airflow/.local/lib/python3.12/site-packages/airflow/example_dags/example_python_decorator.py
[2026-07-18T20:53:14.822+0000] {processor.py:914} INFO - Processing file /home/airflow/.local/lib/python3.12/site-packages/airflow/example_dags/example_python_decorator.py for tasks to queue
[2026-07-18T20:53:14.825+0000] {logging_mixin.py:190} INFO - [2026-07-18T20:53:14.824+0000] {dagbag.py:588} INFO - Filling up the DagBag from /home/airflow/.local/lib/python3.12/site-packages/airflow/example_dags/example_python_decorator.py
[2026-07-18T20:53:14.842+0000] {processor.py:925} INFO - DAG(s) 'example_python_decorator' retrieved from /home/airflow/.local/lib/python3.12/site-packages/airflow/example_dags/example_python_decorator.py
[2026-07-18T20:53:14.862+0000] {logging_mixin.py:190} INFO - [2026-07-18T20:53:14.862+0000] {dag.py:3239} INFO - Sync 1 DAGs
[2026-07-18T20:53:14.874+0000] {logging_mixin.py:190} INFO - [2026-07-18T20:53:14.874+0000] {dag.py:4180} INFO - Setting next_dagrun for example_python_decorator to None, run_after=None
[2026-07-18T20:53:14.897+0000] {processor.py:208} INFO - Processing /home/airflow/.local/lib/python3.12/site-packages/airflow/example_dags/example_python_decorator.py took 0.082 seconds
[2026-07-18T20:53:45.574+0000] {processor.py:186} INFO - Started process (PID=546) to work on /home/airflow/.local/lib/python3.12/site-packages/airflow/example_dags/example_python_decorator.py
[2026-07-18T20:53:45.575+0000] {processor.py:914} INFO - Processing file /home/airflow/.local/lib/python3.12/site-packages/airflow/example_dags/example_python_decorator.py for tasks to queue
[2026-07-18T20:53:45.578+0000] {logging_mixin.py:190} INFO - [2026-07-18T20:53:45.578+0000] {dagbag.py:588} INFO - Filling up the DagBag from /home/airflow/.local/lib/python3.12/site-packages/airflow/example_dags/example_python_decorator.py
[2026-07-18T20:53:45.592+0000] {processor.py:925} INFO - DAG(s) 'example_python_decorator' retrieved from /home/airflow/.local/lib/python3.12/site-packages/airflow/example_dags/example_python_decorator.py
[2026-07-18T20:53:45.610+0000] {logging_mixin.py:190} INFO - [2026-07-18T20:53:45.610+0000] {dag.py:3239} INFO - Sync 1 DAGs
[2026-07-18T20:53:45.622+0000] {logging_mixin.py:190} INFO - [2026-07-18T20:53:45.622+0000] {dag.py:4180} INFO - Setting next_dagrun for example_python_decorator to None, run_after=None
[2026-07-18T20:53:45.637+0000] {processor.py:208} INFO - Processing /home/airflow/.local/lib/python3.12/site-packages/airflow/example_dags/example_python_decorator.py took 0.069 seconds
[2026-07-18T20:54:16.452+0000] {processor.py:186} INFO - Started process (PID=609) to work on /home/airflow/.local/lib/python3.12/site-packages/airflow/example_dags/example_python_decorator.py
[2026-07-18T20:54:16.453+0000] {processor.py:914} INFO - Processing file /home/airflow/.local/lib/python3.12/site-packages/airflow/example_dags/example_python_decorator.py for tasks to queue
[2026-07-18T20:54:16.456+0000] {logging_mixin.py:190} INFO - [2026-07-18T20:54:16.456+0000] {dagbag.py:588} INFO - Filling up the DagBag from /home/airflow/.local/lib/python3.12/site-packages/airflow/example_dags/example_python_decorator.py
[2026-07-18T20:54:16.468+0000] {processor.py:925} INFO - DAG(s) 'example_python_decorator' retrieved from /home/airflow/.local/lib/python3.12/site-packages/airflow/example_dags/example_python_decorator.py
[2026-07-18T20:54:16.486+0000] {logging_mixin.py:190} INFO - [2026-07-18T20:54:16.485+0000] {dag.py:3239} INFO - Sync 1 DAGs
[2026-07-18T20:54:16.497+0000] {logging_mixin.py:190} INFO - [2026-07-18T20:54:16.496+0000] {dag.py:4180} INFO - Setting next_dagrun for example_python_decorator to None, run_after=None
[2026-07-18T20:54:16.512+0000] {processor.py:208} INFO - Processing /home/airflow/.local/lib/python3.12/site-packages/airflow/example_dags/example_python_decorator.py took 0.065 seconds
[2026-07-18T20:54:47.988+0000] {processor.py:186} INFO - Started process (PID=672) to work on /home/airflow/.local/lib/python3.12/site-packages/airflow/example_dags/example_python_decorator.py
[2026-07-18T20:54:47.989+0000] {processor.py:914} INFO - Processing file /home/airflow/.local/lib/python3.12/site-packages/airflow/example_dags/example_python_decorator.py for tasks to queue
[2026-07-18T20:54:47.992+0000] {logging_mixin.py:190} INFO - [2026-07-18T20:54:47.991+0000] {dagbag.py:588} INFO - Filling up the DagBag from /home/airflow/.local/lib/python3.12/site-packages/airflow/example_dags/example_python_decorator.py
[2026-07-18T20:54:48.006+0000] {processor.py:925} INFO - DAG(s) 'example_python_decorator' retrieved from /home/airflow/.local/lib/python3.12/site-packages/airflow/example_dags/example_python_decorator.py
[2026-07-18T20:54:48.024+0000] {logging_mixin.py:190} INFO - [2026-07-18T20:54:48.024+0000] {dag.py:3239} INFO - Sync 1 DAGs
[2026-07-18T20:54:48.037+0000] {logging_mixin.py:190} INFO - [2026-07-18T20:54:48.037+0000] {dag.py:4180} INFO - Setting next_dagrun for example_python_decorator to None, run_after=None
[2026-07-18T20:54:48.053+0000] {processor.py:208} INFO - Processing /home/airflow/.local/lib/python3.12/site-packages/airflow/example_dags/example_python_decorator.py took 0.072 seconds
[2026-07-18T20:55:18.609+0000] {processor.py:186} INFO - Started process (PID=735) to work on /home/airflow/.local/lib/python3.12/site-packages/airflow/example_dags/example_python_decorator.py
[2026-07-18T20:55:18.610+0000] {processor.py:914} INFO - Processing file /home/airflow/.local/lib/python3.12/site-packages/airflow/example_dags/example_python_decorator.py for tasks to queue
[2026-07-18T20:55:18.614+0000] {logging_mixin.py:190} INFO - [2026-07-18T20:55:18.614+0000] {dagbag.py:588} INFO - Filling up the DagBag from /home/airflow/.local/lib/python3.12/site-packages/airflow/example_dags/example_python_decorator.py
[2026-07-18T20:55:18.630+0000] {processor.py:925} INFO - DAG(s) 'example_python_decorator' retrieved from /home/airflow/.local/lib/python3.12/site-packages/airflow/example_dags/example_python_decorator.py
[2026-07-18T20:55:18.650+0000] {logging_mixin.py:190} INFO - [2026-07-18T20:55:18.649+0000] {dag.py:3239} INFO - Sync 1 DAGs
[2026-07-18T20:55:18.664+0000] {logging_mixin.py:190} INFO - [2026-07-18T20:55:18.664+0000] {dag.py:4180} INFO - Setting next_dagrun for example_python_decorator to None, run_after=None
[2026-07-18T20:55:18.680+0000] {processor.py:208} INFO - Processing /home/airflow/.local/lib/python3.12/site-packages/airflow/example_dags/example_python_decorator.py took 0.079 seconds
[2026-07-18T20:55:50.270+0000] {processor.py:186} INFO - Started process (PID=798) to work on /home/airflow/.local/lib/python3.12/site-packages/airflow/example_dags/example_python_decorator.py
[2026-07-18T20:55:50.271+0000] {processor.py:914} INFO - Processing file /home/airflow/.local/lib/python3.12/site-packages/airflow/example_dags/example_python_decorator.py for tasks to queue
[2026-07-18T20:55:50.274+0000] {logging_mixin.py:190} INFO - [2026-07-18T20:55:50.274+0000] {dagbag.py:588} INFO - Filling up the DagBag from /home/airflow/.local/lib/python3.12/site-packages/airflow/example_dags/example_python_decorator.py
[2026-07-18T20:55:50.287+0000] {processor.py:925} INFO - DAG(s) 'example_python_decorator' retrieved from /home/airflow/.local/lib/python3.12/site-packages/airflow/example_dags/example_python_decorator.py
[2026-07-18T20:55:50.308+0000] {logging_mixin.py:190} INFO - [2026-07-18T20:55:50.308+0000] {dag.py:3239} INFO - Sync 1 DAGs
[2026-07-18T20:55:50.322+0000] {logging_mixin.py:190} INFO - [2026-07-18T20:55:50.322+0000] {dag.py:4180} INFO - Setting next_dagrun for example_python_decorator to None, run_after=None
[2026-07-18T20:55:50.338+0000] {processor.py:208} INFO - Processing /home/airflow/.local/lib/python3.12/site-packages/airflow/example_dags/example_python_decorator.py took 0.074 seconds
[2026-07-18T20:56:22.061+0000] {processor.py:186} INFO - Started process (PID=861) to work on /home/airflow/.local/lib/python3.12/site-packages/airflow/example_dags/example_python_decorator.py
[2026-07-18T20:56:22.062+0000] {processor.py:914} INFO - Processing file /home/airflow/.local/lib/python3.12/site-packages/airflow/example_dags/example_python_decorator.py for tasks to queue
[2026-07-18T20:56:22.065+0000] {logging_mixin.py:190} INFO - [2026-07-18T20:56:22.065+0000] {dagbag.py:588} INFO - Filling up the DagBag from /home/airflow/.local/lib/python3.12/site-packages/airflow/example_dags/example_python_decorator.py
[2026-07-18T20:56:22.082+0000] {processor.py:925} INFO - DAG(s) 'example_python_decorator' retrieved from /home/airflow/.local/lib/python3.12/site-packages/airflow/example_dags/example_python_decorator.py
[2026-07-18T20:56:22.103+0000] {logging_mixin.py:190} INFO - [2026-07-18T20:56:22.103+0000] {dag.py:3239} INFO - Sync 1 DAGs
[2026-07-18T20:56:22.117+0000] {logging_mixin.py:190} INFO - [2026-07-18T20:56:22.117+0000] {dag.py:4180} INFO - Setting next_dagrun for example_python_decorator to None, run_after=None
[2026-07-18T20:56:22.136+0000] {processor.py:208} INFO - Processing /home/airflow/.local/lib/python3.12/site-packages/airflow/example_dags/example_python_decorator.py took 0.081 seconds
[2026-07-18T20:56:53.131+0000] {processor.py:186} INFO - Started process (PID=924) to work on /home/airflow/.local/lib/python3.12/site-packages/airflow/example_dags/example_python_decorator.py
[2026-07-18T20:56:53.133+0000] {processor.py:914} INFO - Processing file /home/airflow/.local/lib/python3.12/site-packages/airflow/example_dags/example_python_decorator.py for tasks to queue
[2026-07-18T20:56:53.135+0000] {logging_mixin.py:190} INFO - [2026-07-18T20:56:53.135+0000] {dagbag.py:588} INFO - Filling up the DagBag from /home/airflow/.local/lib/python3.12/site-packages/airflow/example_dags/example_python_decorator.py
[2026-07-18T20:56:53.150+0000] {processor.py:925} INFO - DAG(s) 'example_python_decorator' retrieved from /home/airflow/.local/lib/python3.12/site-packages/airflow/example_dags/example_python_decorator.py
[2026-07-18T20:56:53.170+0000] {logging_mixin.py:190} INFO - [2026-07-18T20:56:53.169+0000] {dag.py:3239} INFO - Sync 1 DAGs
[2026-07-18T20:56:53.185+0000] {logging_mixin.py:190} INFO - [2026-07-18T20:56:53.185+0000] {dag.py:4180} INFO - Setting next_dagrun for example_python_decorator to None, run_after=None
[2026-07-18T20:56:53.203+0000] {processor.py:208} INFO - Processing /home/airflow/.local/lib/python3.12/site-packages/airflow/example_dags/example_python_decorator.py took 0.079 seconds
[2026-07-18T20:57:24.619+0000] {processor.py:186} INFO - Started process (PID=987) to work on /home/airflow/.local/lib/python3.12/site-packages/airflow/example_dags/example_python_decorator.py
[2026-07-18T20:57:24.621+0000] {processor.py:914} INFO - Processing file /home/airflow/.local/lib/python3.12/site-packages/airflow/example_dags/example_python_decorator.py for tasks to queue
[2026-07-18T20:57:24.624+0000] {logging_mixin.py:190} INFO - [2026-07-18T20:57:24.624+0000] {dagbag.py:588} INFO - Filling up the DagBag from /home/airflow/.local/lib/python3.12/site-packages/airflow/example_dags/example_python_decorator.py
[2026-07-18T20:57:24.645+0000] {processor.py:925} INFO - DAG(s) 'example_python_decorator' retrieved from /home/airflow/.local/lib/python3.12/site-packages/airflow/example_dags/example_python_decorator.py
[2026-07-18T20:57:24.667+0000] {logging_mixin.py:190} INFO - [2026-07-18T20:57:24.667+0000] {dag.py:3239} INFO - Sync 1 DAGs
[2026-07-18T20:57:24.682+0000] {logging_mixin.py:190} INFO - [2026-07-18T20:57:24.682+0000] {dag.py:4180} INFO - Setting next_dagrun for example_python_decorator to None, run_after=None
[2026-07-18T20:57:24.708+0000] {processor.py:208} INFO - Processing /home/airflow/.local/lib/python3.12/site-packages/airflow/example_dags/example_python_decorator.py took 0.096 seconds
[2026-07-18T20:57:55.953+0000] {processor.py:186} INFO - Started process (PID=1050) to work on /home/airflow/.local/lib/python3.12/site-packages/airflow/example_dags/example_python_decorator.py
[2026-07-18T20:57:55.954+0000] {processor.py:914} INFO - Processing file /home/airflow/.local/lib/python3.12/site-packages/airflow/example_dags/example_python_decorator.py for tasks to queue
[2026-07-18T20:57:55.956+0000] {logging_mixin.py:190} INFO - [2026-07-18T20:57:55.956+0000] {dagbag.py:588} INFO - Filling up the DagBag from /home/airflow/.local/lib/python3.12/site-packages/airflow/example_dags/example_python_decorator.py
[2026-07-18T20:57:55.968+0000] {processor.py:925} INFO - DAG(s) 'example_python_decorator' retrieved from /home/airflow/.local/lib/python3.12/site-packages/airflow/example_dags/example_python_decorator.py
[2026-07-18T20:57:55.986+0000] {logging_mixin.py:190} INFO - [2026-07-18T20:57:55.986+0000] {dag.py:3239} INFO - Sync 1 DAGs
[2026-07-18T20:57:55.997+0000] {logging_mixin.py:190} INFO - [2026-07-18T20:57:55.997+0000] {dag.py:4180} INFO - Setting next_dagrun for example_python_decorator to None, run_after=None
[2026-07-18T20:57:56.014+0000] {processor.py:208} INFO - Processing /home/airflow/.local/lib/python3.12/site-packages/airflow/example_dags/example_python_decorator.py took 0.067 seconds
[2026-07-18T20:58:27.409+0000] {processor.py:186} INFO - Started process (PID=1113) to work on /home/airflow/.local/lib/python3.12/site-packages/airflow/example_dags/example_python_decorator.py
[2026-07-18T20:58:27.411+0000] {processor.py:914} INFO - Processing file /home/airflow/.local/lib/python3.12/site-packages/airflow/example_dags/example_python_decorator.py for tasks to queue
[2026-07-18T20:58:27.413+0000] {logging_mixin.py:190} INFO - [2026-07-18T20:58:27.413+0000] {dagbag.py:588} INFO - Filling up the DagBag from /home/airflow/.local/lib/python3.12/site-packages/airflow/example_dags/example_python_decorator.py
[2026-07-18T20:58:27.427+0000] {processor.py:925} INFO - DAG(s) 'example_python_decorator' retrieved from /home/airflow/.local/lib/python3.12/site-packages/airflow/example_dags/example_python_decorator.py
[2026-07-18T20:58:27.446+0000] {logging_mixin.py:190} INFO - [2026-07-18T20:58:27.446+0000] {dag.py:3239} INFO - Sync 1 DAGs
[2026-07-18T20:58:27.459+0000] {logging_mixin.py:190} INFO - [2026-07-18T20:58:27.459+0000] {dag.py:4180} INFO - Setting next_dagrun for example_python_decorator to None, run_after=None
[2026-07-18T20:58:27.477+0000] {processor.py:208} INFO - Processing /home/airflow/.local/lib/python3.12/site-packages/airflow/example_dags/example_python_decorator.py took 0.073 seconds
[2026-07-18T20:58:57.975+0000] {processor.py:186} INFO - Started process (PID=1176) to work on /home/airflow/.local/lib/python3.12/site-packages/airflow/example_dags/example_python_decorator.py
[2026-07-18T20:58:57.977+0000] {processor.py:914} INFO - Processing file /home/airflow/.local/lib/python3.12/site-packages/airflow/example_dags/example_python_decorator.py for tasks to queue
[2026-07-18T20:58:57.979+0000] {logging_mixin.py:190} INFO - [2026-07-18T20:58:57.979+0000] {dagbag.py:588} INFO - Filling up the DagBag from /home/airflow/.local/lib/python3.12/site-packages/airflow/example_dags/example_python_decorator.py
[2026-07-18T20:58:57.993+0000] {processor.py:925} INFO - DAG(s) 'example_python_decorator' retrieved from /home/airflow/.local/lib/python3.12/site-packages/airflow/example_dags/example_python_decorator.py
[2026-07-18T20:58:58.018+0000] {logging_mixin.py:190} INFO - [2026-07-18T20:58:58.017+0000] {dag.py:3239} INFO - Sync 1 DAGs
[2026-07-18T20:58:58.034+0000] {logging_mixin.py:190} INFO - [2026-07-18T20:58:58.034+0000] {dag.py:4180} INFO - Setting next_dagrun for example_python_decorator to None, run_after=None
[2026-07-18T20:58:58.053+0000] {processor.py:208} INFO - Processing /home/airflow/.local/lib/python3.12/site-packages/airflow/example_dags/example_python_decorator.py took 0.083 seconds
[2026-07-18T20:59:29.535+0000] {processor.py:186} INFO - Started process (PID=1239) to work on /home/airflow/.local/lib/python3.12/site-packages/airflow/example_dags/example_python_decorator.py
[2026-07-18T20:59:29.537+0000] {processor.py:914} INFO - Processing file /home/airflow/.local/lib/python3.12/site-packages/airflow/example_dags/example_python_decorator.py for tasks to queue
[2026-07-18T20:59:29.540+0000] {logging_mixin.py:190} INFO - [2026-07-18T20:59:29.540+0000] {dagbag.py:588} INFO - Filling up the DagBag from /home/airflow/.local/lib/python3.12/site-packages/airflow/example_dags/example_python_decorator.py
[2026-07-18T20:59:29.555+0000] {processor.py:925} INFO - DAG(s) 'example_python_decorator' retrieved from /home/airflow/.local/lib/python3.12/site-packages/airflow/example_dags/example_python_decorator.py
[2026-07-18T20:59:29.574+0000] {logging_mixin.py:190} INFO - [2026-07-18T20:59:29.574+0000] {dag.py:3239} INFO - Sync 1 DAGs
[2026-07-18T20:59:29.586+0000] {logging_mixin.py:190} INFO - [2026-07-18T20:59:29.586+0000] {dag.py:4180} INFO - Setting next_dagrun for example_python_decorator to None, run_after=None
[2026-07-18T20:59:29.604+0000] {processor.py:208} INFO - Processing /home/airflow/.local/lib/python3.12/site-packages/airflow/example_dags/example_python_decorator.py took 0.076 seconds
[2026-07-18T21:00:00.271+0000] {processor.py:186} INFO - Started process (PID=1302) to work on /home/airflow/.local/lib/python3.12/site-packages/airflow/example_dags/example_python_decorator.py
[2026-07-18T21:00:00.272+0000] {processor.py:914} INFO - Processing file /home/airflow/.local/lib/python3.12/site-packages/airflow/example_dags/example_python_decorator.py for tasks to queue
[2026-07-18T21:00:00.275+0000] {logging_mixin.py:190} INFO - [2026-07-18T21:00:00.274+0000] {dagbag.py:588} INFO - Filling up the DagBag from /home/airflow/.local/lib/python3.12/site-packages/airflow/example_dags/example_python_decorator.py
[2026-07-18T21:00:00.287+0000] {processor.py:925} INFO - DAG(s) 'example_python_decorator' retrieved from /home/airflow/.local/lib/python3.12/site-packages/airflow/example_dags/example_python_decorator.py
[2026-07-18T21:00:00.310+0000] {logging_mixin.py:190} INFO - [2026-07-18T21:00:00.309+0000] {dag.py:3239} INFO - Sync 1 DAGs
[2026-07-18T21:00:00.322+0000] {logging_mixin.py:190} INFO - [2026-07-18T21:00:00.322+0000] {dag.py:4180} INFO - Setting next_dagrun for example_python_decorator to None, run_after=None
[2026-07-18T21:00:00.339+0000] {processor.py:208} INFO - Processing /home/airflow/.local/lib/python3.12/site-packages/airflow/example_dags/example_python_decorator.py took 0.073 seconds
[2026-07-18T21:00:31.469+0000] {processor.py:186} INFO - Started process (PID=1365) to work on /home/airflow/.local/lib/python3.12/site-packages/airflow/example_dags/example_python_decorator.py
[2026-07-18T21:00:31.470+0000] {processor.py:914} INFO - Processing file /home/airflow/.local/lib/python3.12/site-packages/airflow/example_dags/example_python_decorator.py for tasks to queue
[2026-07-18T21:00:31.473+0000] {logging_mixin.py:190} INFO - [2026-07-18T21:00:31.473+0000] {dagbag.py:588} INFO - Filling up the DagBag from /home/airflow/.local/lib/python3.12/site-packages/airflow/example_dags/example_python_decorator.py
[2026-07-18T21:00:31.485+0000] {processor.py:925} INFO - DAG(s) 'example_python_decorator' retrieved from /home/airflow/.local/lib/python3.12/site-packages/airflow/example_dags/example_python_decorator.py
[2026-07-18T21:00:31.503+0000] {logging_mixin.py:190} INFO - [2026-07-18T21:00:31.503+0000] {dag.py:3239} INFO - Sync 1 DAGs
[2026-07-18T21:00:31.516+0000] {logging_mixin.py:190} INFO - [2026-07-18T21:00:31.515+0000] {dag.py:4180} INFO - Setting next_dagrun for example_python_decorator to None, run_after=None
[2026-07-18T21:00:31.532+0000] {processor.py:208} INFO - Processing /home/airflow/.local/lib/python3.12/site-packages/airflow/example_dags/example_python_decorator.py took 0.068 seconds
[2026-07-18T21:01:04.357+0000] {processor.py:186} INFO - Started process (PID=1434) to work on /home/airflow/.local/lib/python3.12/site-packages/airflow/example_dags/example_python_decorator.py
[2026-07-18T21:01:04.359+0000] {processor.py:914} INFO - Processing file /home/airflow/.local/lib/python3.12/site-packages/airflow/example_dags/example_python_decorator.py for tasks to queue
[2026-07-18T21:01:04.364+0000] {logging_mixin.py:190} INFO - [2026-07-18T21:01:04.363+0000] {dagbag.py:588} INFO - Filling up the DagBag from /home/airflow/.local/lib/python3.12/site-packages/airflow/example_dags/example_python_decorator.py
[2026-07-18T21:01:04.395+0000] {processor.py:925} INFO - DAG(s) 'example_python_decorator' retrieved from /home/airflow/.local/lib/python3.12/site-packages/airflow/example_dags/example_python_decorator.py
[2026-07-18T21:01:04.433+0000] {logging_mixin.py:190} INFO - [2026-07-18T21:01:04.433+0000] {dag.py:3239} INFO - Sync 1 DAGs
[2026-07-18T21:01:04.460+0000] {logging_mixin.py:190} INFO - [2026-07-18T21:01:04.459+0000] {dag.py:4180} INFO - Setting next_dagrun for example_python_decorator to None, run_after=None
[2026-07-18T21:01:04.509+0000] {processor.py:208} INFO - Processing /home/airflow/.local/lib/python3.12/site-packages/airflow/example_dags/example_python_decorator.py took 0.164 seconds
[2026-07-18T21:01:35.979+0000] {processor.py:186} INFO - Started process (PID=1497) to work on /home/airflow/.local/lib/python3.12/site-packages/airflow/example_dags/example_python_decorator.py
[2026-07-18T21:01:35.981+0000] {processor.py:914} INFO - Processing file /home/airflow/.local/lib/python3.12/site-packages/airflow/example_dags/example_python_decorator.py for tasks to queue
[2026-07-18T21:01:35.986+0000] {logging_mixin.py:190} INFO - [2026-07-18T21:01:35.985+0000] {dagbag.py:588} INFO - Filling up the DagBag from /home/airflow/.local/lib/python3.12/site-packages/airflow/example_dags/example_python_decorator.py
[2026-07-18T21:01:36.005+0000] {processor.py:925} INFO - DAG(s) 'example_python_decorator' retrieved from /home/airflow/.local/lib/python3.12/site-packages/airflow/example_dags/example_python_decorator.py
[2026-07-18T21:01:36.033+0000] {logging_mixin.py:190} INFO - [2026-07-18T21:01:36.032+0000] {dag.py:3239} INFO - Sync 1 DAGs
[2026-07-18T21:01:36.055+0000] {logging_mixin.py:190} INFO - [2026-07-18T21:01:36.054+0000] {dag.py:4180} INFO - Setting next_dagrun for example_python_decorator to None, run_after=None
[2026-07-18T21:01:36.082+0000] {processor.py:208} INFO - Processing /home/airflow/.local/lib/python3.12/site-packages/airflow/example_dags/example_python_decorator.py took 0.111 seconds
[2026-07-18T21:02:06.974+0000] {processor.py:186} INFO - Started process (PID=1560) to work on /home/airflow/.local/lib/python3.12/site-packages/airflow/example_dags/example_python_decorator.py
[2026-07-18T21:02:06.986+0000] {processor.py:914} INFO - Processing file /home/airflow/.local/lib/python3.12/site-packages/airflow/example_dags/example_python_decorator.py for tasks to queue
[2026-07-18T21:02:06.994+0000] {logging_mixin.py:190} INFO - [2026-07-18T21:02:06.993+0000] {dagbag.py:588} INFO - Filling up the DagBag from /home/airflow/.local/lib/python3.12/site-packages/airflow/example_dags/example_python_decorator.py
[2026-07-18T21:02:07.035+0000] {processor.py:925} INFO - DAG(s) 'example_python_decorator' retrieved from /home/airflow/.local/lib/python3.12/site-packages/airflow/example_dags/example_python_decorator.py
[2026-07-18T21:02:07.090+0000] {logging_mixin.py:190} INFO - [2026-07-18T21:02:07.089+0000] {dag.py:3239} INFO - Sync 1 DAGs
[2026-07-18T21:02:07.127+0000] {logging_mixin.py:190} INFO - [2026-07-18T21:02:07.126+0000] {dag.py:4180} INFO - Setting next_dagrun for example_python_decorator to None, run_after=None
[2026-07-18T21:02:07.161+0000] {processor.py:208} INFO - Processing /home/airflow/.local/lib/python3.12/site-packages/airflow/example_dags/example_python_decorator.py took 0.224 seconds
[2026-07-18T21:02:38.134+0000] {processor.py:186} INFO - Started process (PID=1623) to work on /home/airflow/.local/lib/python3.12/site-packages/airflow/example_dags/example_python_decorator.py
[2026-07-18T21:02:38.136+0000] {processor.py:914} INFO - Processing file /home/airflow/.local/lib/python3.12/site-packages/airflow/example_dags/example_python_decorator.py for tasks to queue
[2026-07-18T21:02:38.141+0000] {logging_mixin.py:190} INFO - [2026-07-18T21:02:38.140+0000] {dagbag.py:588} INFO - Filling up the DagBag from /home/airflow/.local/lib/python3.12/site-packages/airflow/example_dags/example_python_decorator.py
[2026-07-18T21:02:38.167+0000] {processor.py:925} INFO - DAG(s) 'example_python_decorator' retrieved from /home/airflow/.local/lib/python3.12/site-packages/airflow/example_dags/example_python_decorator.py
[2026-07-18T21:02:38.197+0000] {logging_mixin.py:190} INFO - [2026-07-18T21:02:38.197+0000] {dag.py:3239} INFO - Sync 1 DAGs
[2026-07-18T21:02:38.217+0000] {logging_mixin.py:190} INFO - [2026-07-18T21:02:38.216+0000] {dag.py:4180} INFO - Setting next_dagrun for example_python_decorator to None, run_after=None
[2026-07-18T21:02:38.248+0000] {processor.py:208} INFO - Processing /home/airflow/.local/lib/python3.12/site-packages/airflow/example_dags/example_python_decorator.py took 0.123 seconds
[2026-07-18T21:03:10.336+0000] {processor.py:186} INFO - Started process (PID=1686) to work on /home/airflow/.local/lib/python3.12/site-packages/airflow/example_dags/example_python_decorator.py
[2026-07-18T21:03:10.339+0000] {processor.py:914} INFO - Processing file /home/airflow/.local/lib/python3.12/site-packages/airflow/example_dags/example_python_decorator.py for tasks to queue
[2026-07-18T21:03:10.343+0000] {logging_mixin.py:190} INFO - [2026-07-18T21:03:10.343+0000] {dagbag.py:588} INFO - Filling up the DagBag from /home/airflow/.local/lib/python3.12/site-packages/airflow/example_dags/example_python_decorator.py
[2026-07-18T21:03:10.370+0000] {processor.py:925} INFO - DAG(s) 'example_python_decorator' retrieved from /home/airflow/.local/lib/python3.12/site-packages/airflow/example_dags/example_python_decorator.py
[2026-07-18T21:03:10.416+0000] {logging_mixin.py:190} INFO - [2026-07-18T21:03:10.415+0000] {dag.py:3239} INFO - Sync 1 DAGs
[2026-07-18T21:03:10.440+0000] {logging_mixin.py:190} INFO - [2026-07-18T21:03:10.440+0000] {dag.py:4180} INFO - Setting next_dagrun for example_python_decorator to None, run_after=None
[2026-07-18T21:03:10.473+0000] {processor.py:208} INFO - Processing /home/airflow/.local/lib/python3.12/site-packages/airflow/example_dags/example_python_decorator.py took 0.151 seconds
[2026-07-18T21:03:41.765+0000] {processor.py:186} INFO - Started process (PID=1749) to work on /home/airflow/.local/lib/python3.12/site-packages/airflow/example_dags/example_python_decorator.py
[2026-07-18T21:03:41.768+0000] {processor.py:914} INFO - Processing file /home/airflow/.local/lib/python3.12/site-packages/airflow/example_dags/example_python_decorator.py for tasks to queue
[2026-07-18T21:03:41.774+0000] {logging_mixin.py:190} INFO - [2026-07-18T21:03:41.773+0000] {dagbag.py:588} INFO - Filling up the DagBag from /home/airflow/.local/lib/python3.12/site-packages/airflow/example_dags/example_python_decorator.py
[2026-07-18T21:03:41.803+0000] {processor.py:925} INFO - DAG(s) 'example_python_decorator' retrieved from /home/airflow/.local/lib/python3.12/site-packages/airflow/example_dags/example_python_decorator.py
[2026-07-18T21:03:41.850+0000] {logging_mixin.py:190} INFO - [2026-07-18T21:03:41.849+0000] {dag.py:3239} INFO - Sync 1 DAGs
[2026-07-18T21:03:41.889+0000] {logging_mixin.py:190} INFO - [2026-07-18T21:03:41.888+0000] {dag.py:4180} INFO - Setting next_dagrun for example_python_decorator to None, run_after=None
[2026-07-18T21:03:42.013+0000] {processor.py:208} INFO - Processing /home/airflow/.local/lib/python3.12/site-packages/airflow/example_dags/example_python_decorator.py took 0.256 seconds
[2026-07-18T21:04:13.396+0000] {processor.py:186} INFO - Started process (PID=1813) to work on /home/airflow/.local/lib/python3.12/site-packages/airflow/example_dags/example_python_decorator.py
[2026-07-18T21:04:13.400+0000] {processor.py:914} INFO - Processing file /home/airflow/.local/lib/python3.12/site-packages/airflow/example_dags/example_python_decorator.py for tasks to queue
[2026-07-18T21:04:13.407+0000] {logging_mixin.py:190} INFO - [2026-07-18T21:04:13.407+0000] {dagbag.py:588} INFO - Filling up the DagBag from /home/airflow/.local/lib/python3.12/site-packages/airflow/example_dags/example_python_decorator.py
[2026-07-18T21:04:13.454+0000] {processor.py:925} INFO - DAG(s) 'example_python_decorator' retrieved from /home/airflow/.local/lib/python3.12/site-packages/airflow/example_dags/example_python_decorator.py
[2026-07-18T21:04:13.526+0000] {logging_mixin.py:190} INFO - [2026-07-18T21:04:13.525+0000] {dag.py:3239} INFO - Sync 1 DAGs
[2026-07-18T21:04:13.566+0000] {logging_mixin.py:190} INFO - [2026-07-18T21:04:13.565+0000] {dag.py:4180} INFO - Setting next_dagrun for example_python_decorator to None, run_after=None
[2026-07-18T21:04:13.689+0000] {processor.py:208} INFO - Processing /home/airflow/.local/lib/python3.12/site-packages/airflow/example_dags/example_python_decorator.py took 0.315 seconds
[2026-07-18T21:04:44.765+0000] {processor.py:186} INFO - Started process (PID=1876) to work on /home/airflow/.local/lib/python3.12/site-packages/airflow/example_dags/example_python_decorator.py
[2026-07-18T21:04:44.768+0000] {processor.py:914} INFO - Processing file /home/airflow/.local/lib/python3.12/site-packages/airflow/example_dags/example_python_decorator.py for tasks to queue
[2026-07-18T21:04:44.774+0000] {logging_mixin.py:190} INFO - [2026-07-18T21:04:44.774+0000] {dagbag.py:588} INFO - Filling up the DagBag from /home/airflow/.local/lib/python3.12/site-packages/airflow/example_dags/example_python_decorator.py
[2026-07-18T21:04:44.807+0000] {processor.py:925} INFO - DAG(s) 'example_python_decorator' retrieved from /home/airflow/.local/lib/python3.12/site-packages/airflow/example_dags/example_python_decorator.py
[2026-07-18T21:04:44.852+0000] {logging_mixin.py:190} INFO - [2026-07-18T21:04:44.851+0000] {dag.py:3239} INFO - Sync 1 DAGs
[2026-07-18T21:04:44.873+0000] {logging_mixin.py:190} INFO - [2026-07-18T21:04:44.873+0000] {dag.py:4180} INFO - Setting next_dagrun for example_python_decorator to None, run_after=None
[2026-07-18T21:04:44.959+0000] {processor.py:208} INFO - Processing /home/airflow/.local/lib/python3.12/site-packages/airflow/example_dags/example_python_decorator.py took 0.204 seconds
[2026-07-18T21:05:15.717+0000] {processor.py:186} INFO - Started process (PID=1939) to work on /home/airflow/.local/lib/python3.12/site-packages/airflow/example_dags/example_python_decorator.py
[2026-07-18T21:05:15.719+0000] {processor.py:914} INFO - Processing file /home/airflow/.local/lib/python3.12/site-packages/airflow/example_dags/example_python_decorator.py for tasks to queue
[2026-07-18T21:05:15.724+0000] {logging_mixin.py:190} INFO - [2026-07-18T21:05:15.723+0000] {dagbag.py:588} INFO - Filling up the DagBag from /home/airflow/.local/lib/python3.12/site-packages/airflow/example_dags/example_python_decorator.py
[2026-07-18T21:05:15.741+0000] {processor.py:925} INFO - DAG(s) 'example_python_decorator' retrieved from /home/airflow/.local/lib/python3.12/site-packages/airflow/example_dags/example_python_decorator.py
[2026-07-18T21:05:15.763+0000] {logging_mixin.py:190} INFO - [2026-07-18T21:05:15.762+0000] {dag.py:3239} INFO - Sync 1 DAGs
[2026-07-18T21:05:15.775+0000] {logging_mixin.py:190} INFO - [2026-07-18T21:05:15.775+0000] {dag.py:4180} INFO - Setting next_dagrun for example_python_decorator to None, run_after=None
[2026-07-18T21:05:15.867+0000] {processor.py:208} INFO - Processing /home/airflow/.local/lib/python3.12/site-packages/airflow/example_dags/example_python_decorator.py took 0.158 seconds
[2026-07-18T21:05:48.305+0000] {processor.py:186} INFO - Started process (PID=2005) to work on /home/airflow/.local/lib/python3.12/site-packages/airflow/example_dags/example_python_decorator.py
[2026-07-18T21:05:48.308+0000] {processor.py:914} INFO - Processing file /home/airflow/.local/lib/python3.12/site-packages/airflow/example_dags/example_python_decorator.py for tasks to queue
[2026-07-18T21:05:48.314+0000] {logging_mixin.py:190} INFO - [2026-07-18T21:05:48.313+0000] {dagbag.py:588} INFO - Filling up the DagBag from /home/airflow/.local/lib/python3.12/site-packages/airflow/example_dags/example_python_decorator.py
[2026-07-18T21:05:48.353+0000] {processor.py:925} INFO - DAG(s) 'example_python_decorator' retrieved from /home/airflow/.local/lib/python3.12/site-packages/airflow/example_dags/example_python_decorator.py
[2026-07-18T21:05:48.401+0000] {logging_mixin.py:190} INFO - [2026-07-18T21:05:48.401+0000] {dag.py:3239} INFO - Sync 1 DAGs
[2026-07-18T21:05:48.424+0000] {logging_mixin.py:190} INFO - [2026-07-18T21:05:48.423+0000] {dag.py:4180} INFO - Setting next_dagrun for example_python_decorator to None, run_after=None
[2026-07-18T21:05:48.454+0000] {processor.py:208} INFO - Processing /home/airflow/.local/lib/python3.12/site-packages/airflow/example_dags/example_python_decorator.py took 0.159 seconds
[2026-07-18T21:06:19.421+0000] {processor.py:186} INFO - Started process (PID=2068) to work on /home/airflow/.local/lib/python3.12/site-packages/airflow/example_dags/example_python_decorator.py
[2026-07-18T21:06:19.423+0000] {processor.py:914} INFO - Processing file /home/airflow/.local/lib/python3.12/site-packages/airflow/example_dags/example_python_decorator.py for tasks to queue
[2026-07-18T21:06:19.428+0000] {logging_mixin.py:190} INFO - [2026-07-18T21:06:19.427+0000] {dagbag.py:588} INFO - Filling up the DagBag from /home/airflow/.local/lib/python3.12/site-packages/airflow/example_dags/example_python_decorator.py
[2026-07-18T21:06:19.452+0000] {processor.py:925} INFO - DAG(s) 'example_python_decorator' retrieved from /home/airflow/.local/lib/python3.12/site-packages/airflow/example_dags/example_python_decorator.py
[2026-07-18T21:06:19.498+0000] {logging_mixin.py:190} INFO - [2026-07-18T21:06:19.497+0000] {dag.py:3239} INFO - Sync 1 DAGs
[2026-07-18T21:06:19.529+0000] {logging_mixin.py:190} INFO - [2026-07-18T21:06:19.529+0000] {dag.py:4180} INFO - Setting next_dagrun for example_python_decorator to None, run_after=None
[2026-07-18T21:06:19.640+0000] {processor.py:208} INFO - Processing /home/airflow/.local/lib/python3.12/site-packages/airflow/example_dags/example_python_decorator.py took 0.226 seconds
[2026-07-18T21:06:51.339+0000] {processor.py:186} INFO - Started process (PID=2131) to work on /home/airflow/.local/lib/python3.12/site-packages/airflow/example_dags/example_python_decorator.py
[2026-07-18T21:06:51.344+0000] {processor.py:914} INFO - Processing file /home/airflow/.local/lib/python3.12/site-packages/airflow/example_dags/example_python_decorator.py for tasks to queue
[2026-07-18T21:06:51.355+0000] {logging_mixin.py:190} INFO - [2026-07-18T21:06:51.354+0000] {dagbag.py:588} INFO - Filling up the DagBag from /home/airflow/.local/lib/python3.12/site-packages/airflow/example_dags/example_python_decorator.py
[2026-07-18T21:06:51.397+0000] {processor.py:925} INFO - DAG(s) 'example_python_decorator' retrieved from /home/airflow/.local/lib/python3.12/site-packages/airflow/example_dags/example_python_decorator.py
[2026-07-18T21:06:51.466+0000] {logging_mixin.py:190} INFO - [2026-07-18T21:06:51.466+0000] {dag.py:3239} INFO - Sync 1 DAGs
[2026-07-18T21:06:51.505+0000] {logging_mixin.py:190} INFO - [2026-07-18T21:06:51.504+0000] {dag.py:4180} INFO - Setting next_dagrun for example_python_decorator to None, run_after=None
[2026-07-18T21:06:51.562+0000] {processor.py:208} INFO - Processing /home/airflow/.local/lib/python3.12/site-packages/airflow/example_dags/example_python_decorator.py took 0.239 seconds
[2026-07-18T21:07:21.664+0000] {processor.py:186} INFO - Started process (PID=2194) to work on /home/airflow/.local/lib/python3.12/site-packages/airflow/example_dags/example_python_decorator.py
[2026-07-18T21:07:21.666+0000] {processor.py:914} INFO - Processing file /home/airflow/.local/lib/python3.12/site-packages/airflow/example_dags/example_python_decorator.py for tasks to queue
[2026-07-18T21:07:21.672+0000] {logging_mixin.py:190} INFO - [2026-07-18T21:07:21.671+0000] {dagbag.py:588} INFO - Filling up the DagBag from /home/airflow/.local/lib/python3.12/site-packages/airflow/example_dags/example_python_decorator.py
[2026-07-18T21:07:21.694+0000] {processor.py:925} INFO - DAG(s) 'example_python_decorator' retrieved from /home/airflow/.local/lib/python3.12/site-packages/airflow/example_dags/example_python_decorator.py
[2026-07-18T21:07:21.737+0000] {logging_mixin.py:190} INFO - [2026-07-18T21:07:21.737+0000] {dag.py:3239} INFO - Sync 1 DAGs
[2026-07-18T21:07:21.764+0000] {logging_mixin.py:190} INFO - [2026-07-18T21:07:21.764+0000] {dag.py:4180} INFO - Setting next_dagrun for example_python_decorator to None, run_after=None
[2026-07-18T21:07:21.789+0000] {processor.py:208} INFO - Processing /home/airflow/.local/lib/python3.12/site-packages/airflow/example_dags/example_python_decorator.py took 0.136 seconds
[2026-07-18T21:07:53.533+0000] {processor.py:186} INFO - Started process (PID=2257) to work on /home/airflow/.local/lib/python3.12/site-packages/airflow/example_dags/example_python_decorator.py
[2026-07-18T21:07:53.537+0000] {processor.py:914} INFO - Processing file /home/airflow/.local/lib/python3.12/site-packages/airflow/example_dags/example_python_decorator.py for tasks to queue
[2026-07-18T21:07:53.544+0000] {logging_mixin.py:190} INFO - [2026-07-18T21:07:53.543+0000] {dagbag.py:588} INFO - Filling up the DagBag from /home/airflow/.local/lib/python3.12/site-packages/airflow/example_dags/example_python_decorator.py
[2026-07-18T21:07:53.568+0000] {processor.py:925} INFO - DAG(s) 'example_python_decorator' retrieved from /home/airflow/.local/lib/python3.12/site-packages/airflow/example_dags/example_python_decorator.py
[2026-07-18T21:07:53.617+0000] {logging_mixin.py:190} INFO - [2026-07-18T21:07:53.616+0000] {dag.py:3239} INFO - Sync 1 DAGs
[2026-07-18T21:07:53.656+0000] {logging_mixin.py:190} INFO - [2026-07-18T21:07:53.655+0000] {dag.py:4180} INFO - Setting next_dagrun for example_python_decorator to None, run_after=None
[2026-07-18T21:07:53.717+0000] {processor.py:208} INFO - Processing /home/airflow/.local/lib/python3.12/site-packages/airflow/example_dags/example_python_decorator.py took 0.197 seconds
[2026-07-18T21:08:24.258+0000] {processor.py:186} INFO - Started process (PID=2320) to work on /home/airflow/.local/lib/python3.12/site-packages/airflow/example_dags/example_python_decorator.py
[2026-07-18T21:08:24.261+0000] {processor.py:914} INFO - Processing file /home/airflow/.local/lib/python3.12/site-packages/airflow/example_dags/example_python_decorator.py for tasks to queue
[2026-07-18T21:08:24.266+0000] {logging_mixin.py:190} INFO - [2026-07-18T21:08:24.265+0000] {dagbag.py:588} INFO - Filling up the DagBag from /home/airflow/.local/lib/python3.12/site-packages/airflow/example_dags/example_python_decorator.py
[2026-07-18T21:08:24.299+0000] {processor.py:925} INFO - DAG(s) 'example_python_decorator' retrieved from /home/airflow/.local/lib/python3.12/site-packages/airflow/example_dags/example_python_decorator.py
[2026-07-18T21:08:24.362+0000] {logging_mixin.py:190} INFO - [2026-07-18T21:08:24.362+0000] {dag.py:3239} INFO - Sync 1 DAGs
[2026-07-18T21:08:24.393+0000] {logging_mixin.py:190} INFO - [2026-07-18T21:08:24.392+0000] {dag.py:4180} INFO - Setting next_dagrun for example_python_decorator to None, run_after=None
[2026-07-18T21:08:24.424+0000] {processor.py:208} INFO - Processing /home/airflow/.local/lib/python3.12/site-packages/airflow/example_dags/example_python_decorator.py took 0.179 seconds
[2026-07-18T21:16:33.041+0000] {processor.py:186} INFO - Started process (PID=2389) to work on /home/airflow/.local/lib/python3.12/site-packages/airflow/example_dags/example_python_decorator.py
[2026-07-18T21:16:33.046+0000] {processor.py:914} INFO - Processing file /home/airflow/.local/lib/python3.12/site-packages/airflow/example_dags/example_python_decorator.py for tasks to queue
[2026-07-18T21:16:33.060+0000] {logging_mixin.py:190} INFO - [2026-07-18T21:16:33.059+0000] {dagbag.py:588} INFO - Filling up the DagBag from /home/airflow/.local/lib/python3.12/site-packages/airflow/example_dags/example_python_decorator.py
[2026-07-18T21:16:33.116+0000] {processor.py:925} INFO - DAG(s) 'example_python_decorator' retrieved from /home/airflow/.local/lib/python3.12/site-packages/airflow/example_dags/example_python_decorator.py
[2026-07-18T21:16:33.205+0000] {logging_mixin.py:190} INFO - [2026-07-18T21:16:33.204+0000] {dag.py:3239} INFO - Sync 1 DAGs
[2026-07-18T21:16:33.258+0000] {logging_mixin.py:190} INFO - [2026-07-18T21:16:33.257+0000] {dag.py:4180} INFO - Setting next_dagrun for example_python_decorator to None, run_after=None
[2026-07-18T21:16:33.321+0000] {processor.py:208} INFO - Processing /home/airflow/.local/lib/python3.12/site-packages/airflow/example_dags/example_python_decorator.py took 0.303 seconds
[2026-07-18T21:17:03.964+0000] {processor.py:186} INFO - Started process (PID=2452) to work on /home/airflow/.local/lib/python3.12/site-packages/airflow/example_dags/example_python_decorator.py
[2026-07-18T21:17:03.967+0000] {processor.py:914} INFO - Processing file /home/airflow/.local/lib/python3.12/site-packages/airflow/example_dags/example_python_decorator.py for tasks to queue
[2026-07-18T21:17:03.972+0000] {logging_mixin.py:190} INFO - [2026-07-18T21:17:03.972+0000] {dagbag.py:588} INFO - Filling up the DagBag from /home/airflow/.local/lib/python3.12/site-packages/airflow/example_dags/example_python_decorator.py
[2026-07-18T21:17:03.996+0000] {processor.py:925} INFO - DAG(s) 'example_python_decorator' retrieved from /home/airflow/.local/lib/python3.12/site-packages/airflow/example_dags/example_python_decorator.py
[2026-07-18T21:17:04.034+0000] {logging_mixin.py:190} INFO - [2026-07-18T21:17:04.034+0000] {dag.py:3239} INFO - Sync 1 DAGs
[2026-07-18T21:17:04.056+0000] {logging_mixin.py:190} INFO - [2026-07-18T21:17:04.056+0000] {dag.py:4180} INFO - Setting next_dagrun for example_python_decorator to None, run_after=None
[2026-07-18T21:17:04.087+0000] {processor.py:208} INFO - Processing /home/airflow/.local/lib/python3.12/site-packages/airflow/example_dags/example_python_decorator.py took 0.134 seconds
[2026-07-18T21:17:34.923+0000] {processor.py:186} INFO - Started process (PID=2516) to work on /home/airflow/.local/lib/python3.12/site-packages/airflow/example_dags/example_python_decorator.py
[2026-07-18T21:17:34.925+0000] {processor.py:914} INFO - Processing file /home/airflow/.local/lib/python3.12/site-packages/airflow/example_dags/example_python_decorator.py for tasks to queue
[2026-07-18T21:17:34.929+0000] {logging_mixin.py:190} INFO - [2026-07-18T21:17:34.929+0000] {dagbag.py:588} INFO - Filling up the DagBag from /home/airflow/.local/lib/python3.12/site-packages/airflow/example_dags/example_python_decorator.py
[2026-07-18T21:17:34.956+0000] {processor.py:925} INFO - DAG(s) 'example_python_decorator' retrieved from /home/airflow/.local/lib/python3.12/site-packages/airflow/example_dags/example_python_decorator.py
[2026-07-18T21:17:34.990+0000] {logging_mixin.py:190} INFO - [2026-07-18T21:17:34.989+0000] {dag.py:3239} INFO - Sync 1 DAGs
[2026-07-18T21:17:35.016+0000] {logging_mixin.py:190} INFO - [2026-07-18T21:17:35.015+0000] {dag.py:4180} INFO - Setting next_dagrun for example_python_decorator to None, run_after=None
[2026-07-18T21:17:35.046+0000] {processor.py:208} INFO - Processing /home/airflow/.local/lib/python3.12/site-packages/airflow/example_dags/example_python_decorator.py took 0.133 seconds
[2026-07-18T21:18:05.632+0000] {processor.py:186} INFO - Started process (PID=2579) to work on /home/airflow/.local/lib/python3.12/site-packages/airflow/example_dags/example_python_decorator.py
[2026-07-18T21:18:05.634+0000] {processor.py:914} INFO - Processing file /home/airflow/.local/lib/python3.12/site-packages/airflow/example_dags/example_python_decorator.py for tasks to queue
[2026-07-18T21:18:05.639+0000] {logging_mixin.py:190} INFO - [2026-07-18T21:18:05.639+0000] {dagbag.py:588} INFO - Filling up the DagBag from /home/airflow/.local/lib/python3.12/site-packages/airflow/example_dags/example_python_decorator.py
[2026-07-18T21:18:05.659+0000] {processor.py:925} INFO - DAG(s) 'example_python_decorator' retrieved from /home/airflow/.local/lib/python3.12/site-packages/airflow/example_dags/example_python_decorator.py
[2026-07-18T21:18:05.692+0000] {logging_mixin.py:190} INFO - [2026-07-18T21:18:05.691+0000] {dag.py:3239} INFO - Sync 1 DAGs
[2026-07-18T21:18:05.722+0000] {logging_mixin.py:190} INFO - [2026-07-18T21:18:05.722+0000] {dag.py:4180} INFO - Setting next_dagrun for example_python_decorator to None, run_after=None
[2026-07-18T21:18:05.757+0000] {processor.py:208} INFO - Processing /home/airflow/.local/lib/python3.12/site-packages/airflow/example_dags/example_python_decorator.py took 0.132 seconds
[2026-07-18T21:18:36.103+0000] {processor.py:186} INFO - Started process (PID=2641) to work on /home/airflow/.local/lib/python3.12/site-packages/airflow/example_dags/example_python_decorator.py
[2026-07-18T21:18:36.107+0000] {processor.py:914} INFO - Processing file /home/airflow/.local/lib/python3.12/site-packages/airflow/example_dags/example_python_decorator.py for tasks to queue
[2026-07-18T21:18:36.114+0000] {logging_mixin.py:190} INFO - [2026-07-18T21:18:36.114+0000] {dagbag.py:588} INFO - Filling up the DagBag from /home/airflow/.local/lib/python3.12/site-packages/airflow/example_dags/example_python_decorator.py
[2026-07-18T21:18:36.141+0000] {processor.py:925} INFO - DAG(s) 'example_python_decorator' retrieved from /home/airflow/.local/lib/python3.12/site-packages/airflow/example_dags/example_python_decorator.py
[2026-07-18T21:18:36.188+0000] {logging_mixin.py:190} INFO - [2026-07-18T21:18:36.187+0000] {dag.py:3239} INFO - Sync 1 DAGs
[2026-07-18T21:18:36.221+0000] {logging_mixin.py:190} INFO - [2026-07-18T21:18:36.221+0000] {dag.py:4180} INFO - Setting next_dagrun for example_python_decorator to None, run_after=None
[2026-07-18T21:18:36.257+0000] {processor.py:208} INFO - Processing /home/airflow/.local/lib/python3.12/site-packages/airflow/example_dags/example_python_decorator.py took 0.172 seconds
[2026-07-18T21:19:06.387+0000] {processor.py:186} INFO - Started process (PID=2704) to work on /home/airflow/.local/lib/python3.12/site-packages/airflow/example_dags/example_python_decorator.py
[2026-07-18T21:19:06.390+0000] {processor.py:914} INFO - Processing file /home/airflow/.local/lib/python3.12/site-packages/airflow/example_dags/example_python_decorator.py for tasks to queue
[2026-07-18T21:19:06.395+0000] {logging_mixin.py:190} INFO - [2026-07-18T21:19:06.395+0000] {dagbag.py:588} INFO - Filling up the DagBag from /home/airflow/.local/lib/python3.12/site-packages/airflow/example_dags/example_python_decorator.py
[2026-07-18T21:19:06.414+0000] {processor.py:925} INFO - DAG(s) 'example_python_decorator' retrieved from /home/airflow/.local/lib/python3.12/site-packages/airflow/example_dags/example_python_decorator.py
[2026-07-18T21:19:06.456+0000] {logging_mixin.py:190} INFO - [2026-07-18T21:19:06.455+0000] {dag.py:3239} INFO - Sync 1 DAGs
[2026-07-18T21:19:06.488+0000] {logging_mixin.py:190} INFO - [2026-07-18T21:19:06.487+0000] {dag.py:4180} INFO - Setting next_dagrun for example_python_decorator to None, run_after=None
[2026-07-18T21:19:06.520+0000] {processor.py:208} INFO - Processing /home/airflow/.local/lib/python3.12/site-packages/airflow/example_dags/example_python_decorator.py took 0.142 seconds
[2026-07-18T21:19:37.220+0000] {processor.py:186} INFO - Started process (PID=2767) to work on /home/airflow/.local/lib/python3.12/site-packages/airflow/example_dags/example_python_decorator.py
[2026-07-18T21:19:37.223+0000] {processor.py:914} INFO - Processing file /home/airflow/.local/lib/python3.12/site-packages/airflow/example_dags/example_python_decorator.py for tasks to queue
[2026-07-18T21:19:37.230+0000] {logging_mixin.py:190} INFO - [2026-07-18T21:19:37.229+0000] {dagbag.py:588} INFO - Filling up the DagBag from /home/airflow/.local/lib/python3.12/site-packages/airflow/example_dags/example_python_decorator.py
[2026-07-18T21:19:37.268+0000] {processor.py:925} INFO - DAG(s) 'example_python_decorator' retrieved from /home/airflow/.local/lib/python3.12/site-packages/airflow/example_dags/example_python_decorator.py
[2026-07-18T21:19:37.312+0000] {logging_mixin.py:190} INFO - [2026-07-18T21:19:37.311+0000] {dag.py:3239} INFO - Sync 1 DAGs
[2026-07-18T21:19:37.352+0000] {logging_mixin.py:190} INFO - [2026-07-18T21:19:37.351+0000] {dag.py:4180} INFO - Setting next_dagrun for example_python_decorator to None, run_after=None
[2026-07-18T21:19:37.405+0000] {processor.py:208} INFO - Processing /home/airflow/.local/lib/python3.12/site-packages/airflow/example_dags/example_python_decorator.py took 0.196 seconds
[2026-07-18T21:20:07.566+0000] {processor.py:186} INFO - Started process (PID=2830) to work on /home/airflow/.local/lib/python3.12/site-packages/airflow/example_dags/example_python_decorator.py
[2026-07-18T21:20:07.568+0000] {processor.py:914} INFO - Processing file /home/airflow/.local/lib/python3.12/site-packages/airflow/example_dags/example_python_decorator.py for tasks to queue
[2026-07-18T21:20:07.572+0000] {logging_mixin.py:190} INFO - [2026-07-18T21:20:07.572+0000] {dagbag.py:588} INFO - Filling up the DagBag from /home/airflow/.local/lib/python3.12/site-packages/airflow/example_dags/example_python_decorator.py
[2026-07-18T21:20:07.594+0000] {processor.py:925} INFO - DAG(s) 'example_python_decorator' retrieved from /home/airflow/.local/lib/python3.12/site-packages/airflow/example_dags/example_python_decorator.py
[2026-07-18T21:20:07.623+0000] {logging_mixin.py:190} INFO - [2026-07-18T21:20:07.623+0000] {dag.py:3239} INFO - Sync 1 DAGs
[2026-07-18T21:20:07.645+0000] {logging_mixin.py:190} INFO - [2026-07-18T21:20:07.644+0000] {dag.py:4180} INFO - Setting next_dagrun for example_python_decorator to None, run_after=None
[2026-07-18T21:20:07.668+0000] {processor.py:208} INFO - Processing /home/airflow/.local/lib/python3.12/site-packages/airflow/example_dags/example_python_decorator.py took 0.110 seconds
[2026-07-18T21:20:37.788+0000] {processor.py:186} INFO - Started process (PID=2892) to work on /home/airflow/.local/lib/python3.12/site-packages/airflow/example_dags/example_python_decorator.py
[2026-07-18T21:20:37.790+0000] {processor.py:914} INFO - Processing file /home/airflow/.local/lib/python3.12/site-packages/airflow/example_dags/example_python_decorator.py for tasks to queue
[2026-07-18T21:20:37.794+0000] {logging_mixin.py:190} INFO - [2026-07-18T21:20:37.794+0000] {dagbag.py:588} INFO - Filling up the DagBag from /home/airflow/.local/lib/python3.12/site-packages/airflow/example_dags/example_python_decorator.py
[2026-07-18T21:20:37.813+0000] {processor.py:925} INFO - DAG(s) 'example_python_decorator' retrieved from /home/airflow/.local/lib/python3.12/site-packages/airflow/example_dags/example_python_decorator.py
[2026-07-18T21:20:37.846+0000] {logging_mixin.py:190} INFO - [2026-07-18T21:20:37.845+0000] {dag.py:3239} INFO - Sync 1 DAGs
[2026-07-18T21:20:37.868+0000] {logging_mixin.py:190} INFO - [2026-07-18T21:20:37.868+0000] {dag.py:4180} INFO - Setting next_dagrun for example_python_decorator to None, run_after=None
[2026-07-18T21:20:37.947+0000] {processor.py:208} INFO - Processing /home/airflow/.local/lib/python3.12/site-packages/airflow/example_dags/example_python_decorator.py took 0.166 seconds
[2026-07-18T21:21:08.849+0000] {processor.py:186} INFO - Started process (PID=2955) to work on /home/airflow/.local/lib/python3.12/site-packages/airflow/example_dags/example_python_decorator.py
[2026-07-18T21:21:08.853+0000] {processor.py:914} INFO - Processing file /home/airflow/.local/lib/python3.12/site-packages/airflow/example_dags/example_python_decorator.py for tasks to queue
[2026-07-18T21:21:08.860+0000] {logging_mixin.py:190} INFO - [2026-07-18T21:21:08.859+0000] {dagbag.py:588} INFO - Filling up the DagBag from /home/airflow/.local/lib/python3.12/site-packages/airflow/example_dags/example_python_decorator.py
[2026-07-18T21:21:08.887+0000] {processor.py:925} INFO - DAG(s) 'example_python_decorator' retrieved from /home/airflow/.local/lib/python3.12/site-packages/airflow/example_dags/example_python_decorator.py
[2026-07-18T21:21:08.921+0000] {logging_mixin.py:190} INFO - [2026-07-18T21:21:08.921+0000] {dag.py:3239} INFO - Sync 1 DAGs
[2026-07-18T21:21:08.944+0000] {logging_mixin.py:190} INFO - [2026-07-18T21:21:08.944+0000] {dag.py:4180} INFO - Setting next_dagrun for example_python_decorator to None, run_after=None
[2026-07-18T21:21:09.028+0000] {processor.py:208} INFO - Processing /home/airflow/.local/lib/python3.12/site-packages/airflow/example_dags/example_python_decorator.py took 0.188 seconds
[2026-07-18T21:21:40.567+0000] {processor.py:186} INFO - Started process (PID=3018) to work on /home/airflow/.local/lib/python3.12/site-packages/airflow/example_dags/example_python_decorator.py
[2026-07-18T21:21:40.571+0000] {processor.py:914} INFO - Processing file /home/airflow/.local/lib/python3.12/site-packages/airflow/example_dags/example_python_decorator.py for tasks to queue
[2026-07-18T21:21:40.579+0000] {logging_mixin.py:190} INFO - [2026-07-18T21:21:40.577+0000] {dagbag.py:588} INFO - Filling up the DagBag from /home/airflow/.local/lib/python3.12/site-packages/airflow/example_dags/example_python_decorator.py
[2026-07-18T21:21:40.618+0000] {processor.py:925} INFO - DAG(s) 'example_python_decorator' retrieved from /home/airflow/.local/lib/python3.12/site-packages/airflow/example_dags/example_python_decorator.py
[2026-07-18T21:21:40.693+0000] {logging_mixin.py:190} INFO - [2026-07-18T21:21:40.692+0000] {dag.py:3239} INFO - Sync 1 DAGs
[2026-07-18T21:21:40.727+0000] {logging_mixin.py:190} INFO - [2026-07-18T21:21:40.726+0000] {dag.py:4180} INFO - Setting next_dagrun for example_python_decorator to None, run_after=None
[2026-07-18T21:21:40.820+0000] {processor.py:208} INFO - Processing /home/airflow/.local/lib/python3.12/site-packages/airflow/example_dags/example_python_decorator.py took 0.266 seconds
[2026-07-18T21:22:11.281+0000] {processor.py:186} INFO - Started process (PID=3081) to work on /home/airflow/.local/lib/python3.12/site-packages/airflow/example_dags/example_python_decorator.py
[2026-07-18T21:22:11.285+0000] {processor.py:914} INFO - Processing file /home/airflow/.local/lib/python3.12/site-packages/airflow/example_dags/example_python_decorator.py for tasks to queue
[2026-07-18T21:22:11.290+0000] {logging_mixin.py:190} INFO - [2026-07-18T21:22:11.290+0000] {dagbag.py:588} INFO - Filling up the DagBag from /home/airflow/.local/lib/python3.12/site-packages/airflow/example_dags/example_python_decorator.py
[2026-07-18T21:22:11.322+0000] {processor.py:925} INFO - DAG(s) 'example_python_decorator' retrieved from /home/airflow/.local/lib/python3.12/site-packages/airflow/example_dags/example_python_decorator.py
[2026-07-18T21:22:11.358+0000] {logging_mixin.py:190} INFO - [2026-07-18T21:22:11.358+0000] {dag.py:3239} INFO - Sync 1 DAGs
[2026-07-18T21:22:11.383+0000] {logging_mixin.py:190} INFO - [2026-07-18T21:22:11.382+0000] {dag.py:4180} INFO - Setting next_dagrun for example_python_decorator to None, run_after=None
[2026-07-18T21:22:11.416+0000] {processor.py:208} INFO - Processing /home/airflow/.local/lib/python3.12/site-packages/airflow/example_dags/example_python_decorator.py took 0.146 seconds
[2026-07-18T21:26:00.655+0000] {processor.py:186} INFO - Started process (PID=140) to work on /home/airflow/.local/lib/python3.12/site-packages/airflow/example_dags/example_python_decorator.py
[2026-07-18T21:26:00.658+0000] {processor.py:914} INFO - Processing file /home/airflow/.local/lib/python3.12/site-packages/airflow/example_dags/example_python_decorator.py for tasks to queue
[2026-07-18T21:26:00.664+0000] {logging_mixin.py:190} INFO - [2026-07-18T21:26:00.664+0000] {dagbag.py:588} INFO - Filling up the DagBag from /home/airflow/.local/lib/python3.12/site-packages/airflow/example_dags/example_python_decorator.py
[2026-07-18T21:26:00.693+0000] {processor.py:925} INFO - DAG(s) 'example_python_decorator' retrieved from /home/airflow/.local/lib/python3.12/site-packages/airflow/example_dags/example_python_decorator.py
[2026-07-18T21:26:00.922+0000] {logging_mixin.py:190} INFO - [2026-07-18T21:26:00.921+0000] {dag.py:3239} INFO - Sync 1 DAGs
[2026-07-18T21:26:00.940+0000] {logging_mixin.py:190} INFO - [2026-07-18T21:26:00.940+0000] {dag.py:4180} INFO - Setting next_dagrun for example_python_decorator to None, run_after=None
[2026-07-18T21:26:00.973+0000] {processor.py:208} INFO - Processing /home/airflow/.local/lib/python3.12/site-packages/airflow/example_dags/example_python_decorator.py took 0.328 seconds
[2026-07-18T21:26:31.960+0000] {processor.py:186} INFO - Started process (PID=204) to work on /home/airflow/.local/lib/python3.12/site-packages/airflow/example_dags/example_python_decorator.py
[2026-07-18T21:26:31.963+0000] {processor.py:914} INFO - Processing file /home/airflow/.local/lib/python3.12/site-packages/airflow/example_dags/example_python_decorator.py for tasks to queue
[2026-07-18T21:26:31.970+0000] {logging_mixin.py:190} INFO - [2026-07-18T21:26:31.969+0000] {dagbag.py:588} INFO - Filling up the DagBag from /home/airflow/.local/lib/python3.12/site-packages/airflow/example_dags/example_python_decorator.py
[2026-07-18T21:26:32.094+0000] {processor.py:925} INFO - DAG(s) 'example_python_decorator' retrieved from /home/airflow/.local/lib/python3.12/site-packages/airflow/example_dags/example_python_decorator.py
[2026-07-18T21:26:32.132+0000] {logging_mixin.py:190} INFO - [2026-07-18T21:26:32.132+0000] {dag.py:3239} INFO - Sync 1 DAGs
[2026-07-18T21:26:32.155+0000] {logging_mixin.py:190} INFO - [2026-07-18T21:26:32.154+0000] {dag.py:4180} INFO - Setting next_dagrun for example_python_decorator to None, run_after=None
[2026-07-18T21:26:32.180+0000] {processor.py:208} INFO - Processing /home/airflow/.local/lib/python3.12/site-packages/airflow/example_dags/example_python_decorator.py took 0.231 seconds
[2026-07-18T21:27:03.509+0000] {processor.py:186} INFO - Started process (PID=266) to work on /home/airflow/.local/lib/python3.12/site-packages/airflow/example_dags/example_python_decorator.py
[2026-07-18T21:27:03.513+0000] {processor.py:914} INFO - Processing file /home/airflow/.local/lib/python3.12/site-packages/airflow/example_dags/example_python_decorator.py for tasks to queue
[2026-07-18T21:27:03.520+0000] {logging_mixin.py:190} INFO - [2026-07-18T21:27:03.519+0000] {dagbag.py:588} INFO - Filling up the DagBag from /home/airflow/.local/lib/python3.12/site-packages/airflow/example_dags/example_python_decorator.py
[2026-07-18T21:27:03.549+0000] {processor.py:925} INFO - DAG(s) 'example_python_decorator' retrieved from /home/airflow/.local/lib/python3.12/site-packages/airflow/example_dags/example_python_decorator.py
[2026-07-18T21:27:03.592+0000] {logging_mixin.py:190} INFO - [2026-07-18T21:27:03.591+0000] {dag.py:3239} INFO - Sync 1 DAGs
[2026-07-18T21:27:03.622+0000] {logging_mixin.py:190} INFO - [2026-07-18T21:27:03.622+0000] {dag.py:4180} INFO - Setting next_dagrun for example_python_decorator to None, run_after=None
[2026-07-18T21:27:03.655+0000] {processor.py:208} INFO - Processing /home/airflow/.local/lib/python3.12/site-packages/airflow/example_dags/example_python_decorator.py took 0.165 seconds
[2026-07-18T21:27:35.232+0000] {processor.py:186} INFO - Started process (PID=329) to work on /home/airflow/.local/lib/python3.12/site-packages/airflow/example_dags/example_python_decorator.py
[2026-07-18T21:27:35.236+0000] {processor.py:914} INFO - Processing file /home/airflow/.local/lib/python3.12/site-packages/airflow/example_dags/example_python_decorator.py for tasks to queue
[2026-07-18T21:27:35.244+0000] {logging_mixin.py:190} INFO - [2026-07-18T21:27:35.244+0000] {dagbag.py:588} INFO - Filling up the DagBag from /home/airflow/.local/lib/python3.12/site-packages/airflow/example_dags/example_python_decorator.py
[2026-07-18T21:27:35.276+0000] {processor.py:925} INFO - DAG(s) 'example_python_decorator' retrieved from /home/airflow/.local/lib/python3.12/site-packages/airflow/example_dags/example_python_decorator.py
[2026-07-18T21:27:35.314+0000] {logging_mixin.py:190} INFO - [2026-07-18T21:27:35.314+0000] {dag.py:3239} INFO - Sync 1 DAGs
[2026-07-18T21:27:35.351+0000] {logging_mixin.py:190} INFO - [2026-07-18T21:27:35.351+0000] {dag.py:4180} INFO - Setting next_dagrun for example_python_decorator to None, run_after=None
[2026-07-18T21:27:35.380+0000] {processor.py:208} INFO - Processing /home/airflow/.local/lib/python3.12/site-packages/airflow/example_dags/example_python_decorator.py took 0.161 seconds
[2026-07-18T21:28:06.586+0000] {processor.py:186} INFO - Started process (PID=392) to work on /home/airflow/.local/lib/python3.12/site-packages/airflow/example_dags/example_python_decorator.py
[2026-07-18T21:28:06.600+0000] {processor.py:914} INFO - Processing file /home/airflow/.local/lib/python3.12/site-packages/airflow/example_dags/example_python_decorator.py for tasks to queue
[2026-07-18T21:28:06.605+0000] {logging_mixin.py:190} INFO - [2026-07-18T21:28:06.605+0000] {dagbag.py:588} INFO - Filling up the DagBag from /home/airflow/.local/lib/python3.12/site-packages/airflow/example_dags/example_python_decorator.py
[2026-07-18T21:28:06.635+0000] {processor.py:925} INFO - DAG(s) 'example_python_decorator' retrieved from /home/airflow/.local/lib/python3.12/site-packages/airflow/example_dags/example_python_decorator.py
[2026-07-18T21:28:06.675+0000] {logging_mixin.py:190} INFO - [2026-07-18T21:28:06.675+0000] {dag.py:3239} INFO - Sync 1 DAGs
[2026-07-18T21:28:06.706+0000] {logging_mixin.py:190} INFO - [2026-07-18T21:28:06.706+0000] {dag.py:4180} INFO - Setting next_dagrun for example_python_decorator to None, run_after=None
[2026-07-18T21:28:06.751+0000] {processor.py:208} INFO - Processing /home/airflow/.local/lib/python3.12/site-packages/airflow/example_dags/example_python_decorator.py took 0.172 seconds
[2026-07-18T21:28:38.868+0000] {processor.py:186} INFO - Started process (PID=455) to work on /home/airflow/.local/lib/python3.12/site-packages/airflow/example_dags/example_python_decorator.py
[2026-07-18T21:28:38.870+0000] {processor.py:914} INFO - Processing file /home/airflow/.local/lib/python3.12/site-packages/airflow/example_dags/example_python_decorator.py for tasks to queue
[2026-07-18T21:28:38.875+0000] {logging_mixin.py:190} INFO - [2026-07-18T21:28:38.875+0000] {dagbag.py:588} INFO - Filling up the DagBag from /home/airflow/.local/lib/python3.12/site-packages/airflow/example_dags/example_python_decorator.py
[2026-07-18T21:28:38.900+0000] {processor.py:925} INFO - DAG(s) 'example_python_decorator' retrieved from /home/airflow/.local/lib/python3.12/site-packages/airflow/example_dags/example_python_decorator.py
[2026-07-18T21:28:38.932+0000] {logging_mixin.py:190} INFO - [2026-07-18T21:28:38.931+0000] {dag.py:3239} INFO - Sync 1 DAGs
[2026-07-18T21:28:38.955+0000] {logging_mixin.py:190} INFO - [2026-07-18T21:28:38.955+0000] {dag.py:4180} INFO - Setting next_dagrun for example_python_decorator to None, run_after=None
[2026-07-18T21:28:38.986+0000] {processor.py:208} INFO - Processing /home/airflow/.local/lib/python3.12/site-packages/airflow/example_dags/example_python_decorator.py took 0.128 seconds
[2026-07-18T21:29:10.289+0000] {processor.py:186} INFO - Started process (PID=518) to work on /home/airflow/.local/lib/python3.12/site-packages/airflow/example_dags/example_python_decorator.py
[2026-07-18T21:29:10.292+0000] {processor.py:914} INFO - Processing file /home/airflow/.local/lib/python3.12/site-packages/airflow/example_dags/example_python_decorator.py for tasks to queue
[2026-07-18T21:29:10.299+0000] {logging_mixin.py:190} INFO - [2026-07-18T21:29:10.298+0000] {dagbag.py:588} INFO - Filling up the DagBag from /home/airflow/.local/lib/python3.12/site-packages/airflow/example_dags/example_python_decorator.py
[2026-07-18T21:29:10.324+0000] {processor.py:925} INFO - DAG(s) 'example_python_decorator' retrieved from /home/airflow/.local/lib/python3.12/site-packages/airflow/example_dags/example_python_decorator.py
[2026-07-18T21:29:10.356+0000] {logging_mixin.py:190} INFO - [2026-07-18T21:29:10.356+0000] {dag.py:3239} INFO - Sync 1 DAGs
[2026-07-18T21:29:10.377+0000] {logging_mixin.py:190} INFO - [2026-07-18T21:29:10.377+0000] {dag.py:4180} INFO - Setting next_dagrun for example_python_decorator to None, run_after=None
[2026-07-18T21:29:10.416+0000] {processor.py:208} INFO - Processing /home/airflow/.local/lib/python3.12/site-packages/airflow/example_dags/example_python_decorator.py took 0.142 seconds
[2026-07-18T21:29:42.307+0000] {processor.py:186} INFO - Started process (PID=582) to work on /home/airflow/.local/lib/python3.12/site-packages/airflow/example_dags/example_python_decorator.py
[2026-07-18T21:29:42.311+0000] {processor.py:914} INFO - Processing file /home/airflow/.local/lib/python3.12/site-packages/airflow/example_dags/example_python_decorator.py for tasks to queue
[2026-07-18T21:29:42.316+0000] {logging_mixin.py:190} INFO - [2026-07-18T21:29:42.316+0000] {dagbag.py:588} INFO - Filling up the DagBag from /home/airflow/.local/lib/python3.12/site-packages/airflow/example_dags/example_python_decorator.py
[2026-07-18T21:29:42.343+0000] {processor.py:925} INFO - DAG(s) 'example_python_decorator' retrieved from /home/airflow/.local/lib/python3.12/site-packages/airflow/example_dags/example_python_decorator.py
[2026-07-18T21:29:42.381+0000] {logging_mixin.py:190} INFO - [2026-07-18T21:29:42.381+0000] {dag.py:3239} INFO - Sync 1 DAGs
[2026-07-18T21:29:42.406+0000] {logging_mixin.py:190} INFO - [2026-07-18T21:29:42.406+0000] {dag.py:4180} INFO - Setting next_dagrun for example_python_decorator to None, run_after=None
[2026-07-18T21:29:42.436+0000] {processor.py:208} INFO - Processing /home/airflow/.local/lib/python3.12/site-packages/airflow/example_dags/example_python_decorator.py took 0.138 seconds
[2026-07-18T21:30:13.169+0000] {processor.py:186} INFO - Started process (PID=645) to work on /home/airflow/.local/lib/python3.12/site-packages/airflow/example_dags/example_python_decorator.py
[2026-07-18T21:30:13.171+0000] {processor.py:914} INFO - Processing file /home/airflow/.local/lib/python3.12/site-packages/airflow/example_dags/example_python_decorator.py for tasks to queue
[2026-07-18T21:30:13.177+0000] {logging_mixin.py:190} INFO - [2026-07-18T21:30:13.177+0000] {dagbag.py:588} INFO - Filling up the DagBag from /home/airflow/.local/lib/python3.12/site-packages/airflow/example_dags/example_python_decorator.py
[2026-07-18T21:30:13.213+0000] {processor.py:925} INFO - DAG(s) 'example_python_decorator' retrieved from /home/airflow/.local/lib/python3.12/site-packages/airflow/example_dags/example_python_decorator.py
[2026-07-18T21:30:13.250+0000] {logging_mixin.py:190} INFO - [2026-07-18T21:30:13.249+0000] {dag.py:3239} INFO - Sync 1 DAGs
[2026-07-18T21:30:13.273+0000] {logging_mixin.py:190} INFO - [2026-07-18T21:30:13.273+0000] {dag.py:4180} INFO - Setting next_dagrun for example_python_decorator to None, run_after=None
[2026-07-18T21:30:13.305+0000] {processor.py:208} INFO - Processing /home/airflow/.local/lib/python3.12/site-packages/airflow/example_dags/example_python_decorator.py took 0.146 seconds
[2026-07-18T21:30:45.647+0000] {processor.py:186} INFO - Started process (PID=708) to work on /home/airflow/.local/lib/python3.12/site-packages/airflow/example_dags/example_python_decorator.py
[2026-07-18T21:30:45.649+0000] {processor.py:914} INFO - Processing file /home/airflow/.local/lib/python3.12/site-packages/airflow/example_dags/example_python_decorator.py for tasks to queue
[2026-07-18T21:30:45.655+0000] {logging_mixin.py:190} INFO - [2026-07-18T21:30:45.654+0000] {dagbag.py:588} INFO - Filling up the DagBag from /home/airflow/.local/lib/python3.12/site-packages/airflow/example_dags/example_python_decorator.py
[2026-07-18T21:30:45.680+0000] {processor.py:925} INFO - DAG(s) 'example_python_decorator' retrieved from /home/airflow/.local/lib/python3.12/site-packages/airflow/example_dags/example_python_decorator.py
[2026-07-18T21:30:45.716+0000] {logging_mixin.py:190} INFO - [2026-07-18T21:30:45.716+0000] {dag.py:3239} INFO - Sync 1 DAGs
[2026-07-18T21:30:45.740+0000] {logging_mixin.py:190} INFO - [2026-07-18T21:30:45.739+0000] {dag.py:4180} INFO - Setting next_dagrun for example_python_decorator to None, run_after=None
[2026-07-18T21:30:45.861+0000] {processor.py:208} INFO - Processing /home/airflow/.local/lib/python3.12/site-packages/airflow/example_dags/example_python_decorator.py took 0.224 seconds
[2026-07-18T21:31:16.752+0000] {processor.py:186} INFO - Started process (PID=772) to work on /home/airflow/.local/lib/python3.12/site-packages/airflow/example_dags/example_python_decorator.py
[2026-07-18T21:31:16.755+0000] {processor.py:914} INFO - Processing file /home/airflow/.local/lib/python3.12/site-packages/airflow/example_dags/example_python_decorator.py for tasks to queue
[2026-07-18T21:31:16.762+0000] {logging_mixin.py:190} INFO - [2026-07-18T21:31:16.762+0000] {dagbag.py:588} INFO - Filling up the DagBag from /home/airflow/.local/lib/python3.12/site-packages/airflow/example_dags/example_python_decorator.py
[2026-07-18T21:31:16.787+0000] {processor.py:925} INFO - DAG(s) 'example_python_decorator' retrieved from /home/airflow/.local/lib/python3.12/site-packages/airflow/example_dags/example_python_decorator.py
[2026-07-18T21:31:16.826+0000] {logging_mixin.py:190} INFO - [2026-07-18T21:31:16.826+0000] {dag.py:3239} INFO - Sync 1 DAGs
[2026-07-18T21:31:16.851+0000] {logging_mixin.py:190} INFO - [2026-07-18T21:31:16.851+0000] {dag.py:4180} INFO - Setting next_dagrun for example_python_decorator to None, run_after=None
[2026-07-18T21:31:16.884+0000] {processor.py:208} INFO - Processing /home/airflow/.local/lib/python3.12/site-packages/airflow/example_dags/example_python_decorator.py took 0.146 seconds
[2026-07-18T21:31:48.101+0000] {processor.py:186} INFO - Started process (PID=836) to work on /home/airflow/.local/lib/python3.12/site-packages/airflow/example_dags/example_python_decorator.py
[2026-07-18T21:31:48.104+0000] {processor.py:914} INFO - Processing file /home/airflow/.local/lib/python3.12/site-packages/airflow/example_dags/example_python_decorator.py for tasks to queue
[2026-07-18T21:31:48.109+0000] {logging_mixin.py:190} INFO - [2026-07-18T21:31:48.109+0000] {dagbag.py:588} INFO - Filling up the DagBag from /home/airflow/.local/lib/python3.12/site-packages/airflow/example_dags/example_python_decorator.py
[2026-07-18T21:31:48.137+0000] {processor.py:925} INFO - DAG(s) 'example_python_decorator' retrieved from /home/airflow/.local/lib/python3.12/site-packages/airflow/example_dags/example_python_decorator.py
[2026-07-18T21:31:48.180+0000] {logging_mixin.py:190} INFO - [2026-07-18T21:31:48.179+0000] {dag.py:3239} INFO - Sync 1 DAGs
[2026-07-18T21:31:48.219+0000] {logging_mixin.py:190} INFO - [2026-07-18T21:31:48.218+0000] {dag.py:4180} INFO - Setting next_dagrun for example_python_decorator to None, run_after=None
[2026-07-18T21:31:48.265+0000] {processor.py:208} INFO - Processing /home/airflow/.local/lib/python3.12/site-packages/airflow/example_dags/example_python_decorator.py took 0.181 seconds
[2026-07-18T21:32:20.519+0000] {processor.py:186} INFO - Started process (PID=900) to work on /home/airflow/.local/lib/python3.12/site-packages/airflow/example_dags/example_python_decorator.py
[2026-07-18T21:32:20.522+0000] {processor.py:914} INFO - Processing file /home/airflow/.local/lib/python3.12/site-packages/airflow/example_dags/example_python_decorator.py for tasks to queue
[2026-07-18T21:32:20.529+0000] {logging_mixin.py:190} INFO - [2026-07-18T21:32:20.528+0000] {dagbag.py:588} INFO - Filling up the DagBag from /home/airflow/.local/lib/python3.12/site-packages/airflow/example_dags/example_python_decorator.py
[2026-07-18T21:32:20.562+0000] {processor.py:925} INFO - DAG(s) 'example_python_decorator' retrieved from /home/airflow/.local/lib/python3.12/site-packages/airflow/example_dags/example_python_decorator.py
[2026-07-18T21:32:20.612+0000] {logging_mixin.py:190} INFO - [2026-07-18T21:32:20.612+0000] {dag.py:3239} INFO - Sync 1 DAGs
[2026-07-18T21:32:20.647+0000] {logging_mixin.py:190} INFO - [2026-07-18T21:32:20.646+0000] {dag.py:4180} INFO - Setting next_dagrun for example_python_decorator to None, run_after=None
[2026-07-18T21:32:20.742+0000] {processor.py:208} INFO - Processing /home/airflow/.local/lib/python3.12/site-packages/airflow/example_dags/example_python_decorator.py took 0.235 seconds
[2026-07-18T21:32:50.923+0000] {processor.py:186} INFO - Started process (PID=965) to work on /home/airflow/.local/lib/python3.12/site-packages/airflow/example_dags/example_python_decorator.py
[2026-07-18T21:32:50.927+0000] {processor.py:914} INFO - Processing file /home/airflow/.local/lib/python3.12/site-packages/airflow/example_dags/example_python_decorator.py for tasks to queue
[2026-07-18T21:32:50.934+0000] {logging_mixin.py:190} INFO - [2026-07-18T21:32:50.933+0000] {dagbag.py:588} INFO - Filling up the DagBag from /home/airflow/.local/lib/python3.12/site-packages/airflow/example_dags/example_python_decorator.py
[2026-07-18T21:32:50.966+0000] {processor.py:925} INFO - DAG(s) 'example_python_decorator' retrieved from /home/airflow/.local/lib/python3.12/site-packages/airflow/example_dags/example_python_decorator.py
[2026-07-18T21:32:51.020+0000] {logging_mixin.py:190} INFO - [2026-07-18T21:32:51.020+0000] {dag.py:3239} INFO - Sync 1 DAGs
[2026-07-18T21:32:51.047+0000] {logging_mixin.py:190} INFO - [2026-07-18T21:32:51.047+0000] {dag.py:4180} INFO - Setting next_dagrun for example_python_decorator to None, run_after=None
[2026-07-18T21:32:51.091+0000] {processor.py:208} INFO - Processing /home/airflow/.local/lib/python3.12/site-packages/airflow/example_dags/example_python_decorator.py took 0.186 seconds
[2026-07-18T21:33:23.837+0000] {processor.py:186} INFO - Started process (PID=1029) to work on /home/airflow/.local/lib/python3.12/site-packages/airflow/example_dags/example_python_decorator.py
[2026-07-18T21:33:23.840+0000] {processor.py:914} INFO - Processing file /home/airflow/.local/lib/python3.12/site-packages/airflow/example_dags/example_python_decorator.py for tasks to queue
[2026-07-18T21:33:23.846+0000] {logging_mixin.py:190} INFO - [2026-07-18T21:33:23.845+0000] {dagbag.py:588} INFO - Filling up the DagBag from /home/airflow/.local/lib/python3.12/site-packages/airflow/example_dags/example_python_decorator.py
[2026-07-18T21:33:23.874+0000] {processor.py:925} INFO - DAG(s) 'example_python_decorator' retrieved from /home/airflow/.local/lib/python3.12/site-packages/airflow/example_dags/example_python_decorator.py
[2026-07-18T21:33:23.924+0000] {logging_mixin.py:190} INFO - [2026-07-18T21:33:23.923+0000] {dag.py:3239} INFO - Sync 1 DAGs
[2026-07-18T21:33:23.965+0000] {logging_mixin.py:190} INFO - [2026-07-18T21:33:23.965+0000] {dag.py:4180} INFO - Setting next_dagrun for example_python_decorator to None, run_after=None
[2026-07-18T21:33:24.027+0000] {processor.py:208} INFO - Processing /home/airflow/.local/lib/python3.12/site-packages/airflow/example_dags/example_python_decorator.py took 0.201 seconds
[2026-07-18T21:33:54.792+0000] {processor.py:186} INFO - Started process (PID=1100) to work on /home/airflow/.local/lib/python3.12/site-packages/airflow/example_dags/example_python_decorator.py
[2026-07-18T21:33:54.796+0000] {processor.py:914} INFO - Processing file /home/airflow/.local/lib/python3.12/site-packages/airflow/example_dags/example_python_decorator.py for tasks to queue
[2026-07-18T21:33:54.803+0000] {logging_mixin.py:190} INFO - [2026-07-18T21:33:54.802+0000] {dagbag.py:588} INFO - Filling up the DagBag from /home/airflow/.local/lib/python3.12/site-packages/airflow/example_dags/example_python_decorator.py
[2026-07-18T21:33:54.875+0000] {processor.py:925} INFO - DAG(s) 'example_python_decorator' retrieved from /home/airflow/.local/lib/python3.12/site-packages/airflow/example_dags/example_python_decorator.py
[2026-07-18T21:33:54.921+0000] {logging_mixin.py:190} INFO - [2026-07-18T21:33:54.920+0000] {dag.py:3239} INFO - Sync 1 DAGs
[2026-07-18T21:33:54.952+0000] {logging_mixin.py:190} INFO - [2026-07-18T21:33:54.952+0000] {dag.py:4180} INFO - Setting next_dagrun for example_python_decorator to None, run_after=None
[2026-07-18T21:33:54.988+0000] {processor.py:208} INFO - Processing /home/airflow/.local/lib/python3.12/site-packages/airflow/example_dags/example_python_decorator.py took 0.209 seconds
[2026-07-18T21:34:25.793+0000] {processor.py:186} INFO - Started process (PID=1164) to work on /home/airflow/.local/lib/python3.12/site-packages/airflow/example_dags/example_python_decorator.py
[2026-07-18T21:34:25.795+0000] {processor.py:914} INFO - Processing file /home/airflow/.local/lib/python3.12/site-packages/airflow/example_dags/example_python_decorator.py for tasks to queue
[2026-07-18T21:34:25.799+0000] {logging_mixin.py:190} INFO - [2026-07-18T21:34:25.799+0000] {dagbag.py:588} INFO - Filling up the DagBag from /home/airflow/.local/lib/python3.12/site-packages/airflow/example_dags/example_python_decorator.py
[2026-07-18T21:34:25.820+0000] {processor.py:925} INFO - DAG(s) 'example_python_decorator' retrieved from /home/airflow/.local/lib/python3.12/site-packages/airflow/example_dags/example_python_decorator.py
[2026-07-18T21:34:25.855+0000] {logging_mixin.py:190} INFO - [2026-07-18T21:34:25.855+0000] {dag.py:3239} INFO - Sync 1 DAGs
[2026-07-18T21:34:25.879+0000] {logging_mixin.py:190} INFO - [2026-07-18T21:34:25.878+0000] {dag.py:4180} INFO - Setting next_dagrun for example_python_decorator to None, run_after=None
[2026-07-18T21:34:25.913+0000] {processor.py:208} INFO - Processing /home/airflow/.local/lib/python3.12/site-packages/airflow/example_dags/example_python_decorator.py took 0.128 seconds
[2026-07-18T21:34:58.180+0000] {processor.py:186} INFO - Started process (PID=1228) to work on /home/airflow/.local/lib/python3.12/site-packages/airflow/example_dags/example_python_decorator.py
[2026-07-18T21:34:58.183+0000] {processor.py:914} INFO - Processing file /home/airflow/.local/lib/python3.12/site-packages/airflow/example_dags/example_python_decorator.py for tasks to queue
[2026-07-18T21:34:58.192+0000] {logging_mixin.py:190} INFO - [2026-07-18T21:34:58.191+0000] {dagbag.py:588} INFO - Filling up the DagBag from /home/airflow/.local/lib/python3.12/site-packages/airflow/example_dags/example_python_decorator.py
[2026-07-18T21:34:58.220+0000] {processor.py:925} INFO - DAG(s) 'example_python_decorator' retrieved from /home/airflow/.local/lib/python3.12/site-packages/airflow/example_dags/example_python_decorator.py
[2026-07-18T21:34:58.257+0000] {logging_mixin.py:190} INFO - [2026-07-18T21:34:58.256+0000] {dag.py:3239} INFO - Sync 1 DAGs
[2026-07-18T21:34:58.283+0000] {logging_mixin.py:190} INFO - [2026-07-18T21:34:58.283+0000] {dag.py:4180} INFO - Setting next_dagrun for example_python_decorator to None, run_after=None
[2026-07-18T21:34:58.314+0000] {processor.py:208} INFO - Processing /home/airflow/.local/lib/python3.12/site-packages/airflow/example_dags/example_python_decorator.py took 0.147 seconds
[2026-07-18T21:35:29.741+0000] {processor.py:186} INFO - Started process (PID=1292) to work on /home/airflow/.local/lib/python3.12/site-packages/airflow/example_dags/example_python_decorator.py
[2026-07-18T21:35:29.743+0000] {processor.py:914} INFO - Processing file /home/airflow/.local/lib/python3.12/site-packages/airflow/example_dags/example_python_decorator.py for tasks to queue
[2026-07-18T21:35:29.749+0000] {logging_mixin.py:190} INFO - [2026-07-18T21:35:29.748+0000] {dagbag.py:588} INFO - Filling up the DagBag from /home/airflow/.local/lib/python3.12/site-packages/airflow/example_dags/example_python_decorator.py
[2026-07-18T21:35:29.777+0000] {processor.py:925} INFO - DAG(s) 'example_python_decorator' retrieved from /home/airflow/.local/lib/python3.12/site-packages/airflow/example_dags/example_python_decorator.py
[2026-07-18T21:35:29.809+0000] {logging_mixin.py:190} INFO - [2026-07-18T21:35:29.809+0000] {dag.py:3239} INFO - Sync 1 DAGs
[2026-07-18T21:35:29.834+0000] {logging_mixin.py:190} INFO - [2026-07-18T21:35:29.834+0000] {dag.py:4180} INFO - Setting next_dagrun for example_python_decorator to None, run_after=None
[2026-07-18T21:35:29.953+0000] {processor.py:208} INFO - Processing /home/airflow/.local/lib/python3.12/site-packages/airflow/example_dags/example_python_decorator.py took 0.223 seconds
[2026-07-18T21:36:01.358+0000] {processor.py:186} INFO - Started process (PID=1356) to work on /home/airflow/.local/lib/python3.12/site-packages/airflow/example_dags/example_python_decorator.py
[2026-07-18T21:36:01.362+0000] {processor.py:914} INFO - Processing file /home/airflow/.local/lib/python3.12/site-packages/airflow/example_dags/example_python_decorator.py for tasks to queue
[2026-07-18T21:36:01.368+0000] {logging_mixin.py:190} INFO - [2026-07-18T21:36:01.368+0000] {dagbag.py:588} INFO - Filling up the DagBag from /home/airflow/.local/lib/python3.12/site-packages/airflow/example_dags/example_python_decorator.py
[2026-07-18T21:36:01.405+0000] {processor.py:925} INFO - DAG(s) 'example_python_decorator' retrieved from /home/airflow/.local/lib/python3.12/site-packages/airflow/example_dags/example_python_decorator.py
[2026-07-18T21:36:01.446+0000] {logging_mixin.py:190} INFO - [2026-07-18T21:36:01.446+0000] {dag.py:3239} INFO - Sync 1 DAGs
[2026-07-18T21:36:01.475+0000] {logging_mixin.py:190} INFO - [2026-07-18T21:36:01.475+0000] {dag.py:4180} INFO - Setting next_dagrun for example_python_decorator to None, run_after=None
[2026-07-18T21:36:01.507+0000] {processor.py:208} INFO - Processing /home/airflow/.local/lib/python3.12/site-packages/airflow/example_dags/example_python_decorator.py took 0.165 seconds
[2026-07-18T21:36:33.327+0000] {processor.py:186} INFO - Started process (PID=1420) to work on /home/airflow/.local/lib/python3.12/site-packages/airflow/example_dags/example_python_decorator.py
[2026-07-18T21:36:33.330+0000] {processor.py:914} INFO - Processing file /home/airflow/.local/lib/python3.12/site-packages/airflow/example_dags/example_python_decorator.py for tasks to queue
[2026-07-18T21:36:33.336+0000] {logging_mixin.py:190} INFO - [2026-07-18T21:36:33.336+0000] {dagbag.py:588} INFO - Filling up the DagBag from /home/airflow/.local/lib/python3.12/site-packages/airflow/example_dags/example_python_decorator.py
[2026-07-18T21:36:33.362+0000] {processor.py:925} INFO - DAG(s) 'example_python_decorator' retrieved from /home/airflow/.local/lib/python3.12/site-packages/airflow/example_dags/example_python_decorator.py
[2026-07-18T21:36:33.395+0000] {logging_mixin.py:190} INFO - [2026-07-18T21:36:33.395+0000] {dag.py:3239} INFO - Sync 1 DAGs
[2026-07-18T21:36:33.415+0000] {logging_mixin.py:190} INFO - [2026-07-18T21:36:33.415+0000] {dag.py:4180} INFO - Setting next_dagrun for example_python_decorator to None, run_after=None
[2026-07-18T21:36:33.442+0000] {processor.py:208} INFO - Processing /home/airflow/.local/lib/python3.12/site-packages/airflow/example_dags/example_python_decorator.py took 0.123 seconds
[2026-07-18T21:37:04.278+0000] {processor.py:186} INFO - Started process (PID=1484) to work on /home/airflow/.local/lib/python3.12/site-packages/airflow/example_dags/example_python_decorator.py
[2026-07-18T21:37:04.280+0000] {processor.py:914} INFO - Processing file /home/airflow/.local/lib/python3.12/site-packages/airflow/example_dags/example_python_decorator.py for tasks to queue
[2026-07-18T21:37:04.285+0000] {logging_mixin.py:190} INFO - [2026-07-18T21:37:04.284+0000] {dagbag.py:588} INFO - Filling up the DagBag from /home/airflow/.local/lib/python3.12/site-packages/airflow/example_dags/example_python_decorator.py
[2026-07-18T21:37:04.308+0000] {processor.py:925} INFO - DAG(s) 'example_python_decorator' retrieved from /home/airflow/.local/lib/python3.12/site-packages/airflow/example_dags/example_python_decorator.py
[2026-07-18T21:37:04.339+0000] {logging_mixin.py:190} INFO - [2026-07-18T21:37:04.339+0000] {dag.py:3239} INFO - Sync 1 DAGs
[2026-07-18T21:37:04.362+0000] {logging_mixin.py:190} INFO - [2026-07-18T21:37:04.362+0000] {dag.py:4180} INFO - Setting next_dagrun for example_python_decorator to None, run_after=None
[2026-07-18T21:37:04.461+0000] {processor.py:208} INFO - Processing /home/airflow/.local/lib/python3.12/site-packages/airflow/example_dags/example_python_decorator.py took 0.192 seconds
[2026-07-18T21:37:36.915+0000] {processor.py:186} INFO - Started process (PID=1548) to work on /home/airflow/.local/lib/python3.12/site-packages/airflow/example_dags/example_python_decorator.py
[2026-07-18T21:37:36.917+0000] {processor.py:914} INFO - Processing file /home/airflow/.local/lib/python3.12/site-packages/airflow/example_dags/example_python_decorator.py for tasks to queue
[2026-07-18T21:37:36.922+0000] {logging_mixin.py:190} INFO - [2026-07-18T21:37:36.921+0000] {dagbag.py:588} INFO - Filling up the DagBag from /home/airflow/.local/lib/python3.12/site-packages/airflow/example_dags/example_python_decorator.py
[2026-07-18T21:37:36.942+0000] {processor.py:925} INFO - DAG(s) 'example_python_decorator' retrieved from /home/airflow/.local/lib/python3.12/site-packages/airflow/example_dags/example_python_decorator.py
[2026-07-18T21:37:36.975+0000] {logging_mixin.py:190} INFO - [2026-07-18T21:37:36.974+0000] {dag.py:3239} INFO - Sync 1 DAGs
[2026-07-18T21:37:36.994+0000] {logging_mixin.py:190} INFO - [2026-07-18T21:37:36.994+0000] {dag.py:4180} INFO - Setting next_dagrun for example_python_decorator to None, run_after=None
[2026-07-18T21:37:37.021+0000] {processor.py:208} INFO - Processing /home/airflow/.local/lib/python3.12/site-packages/airflow/example_dags/example_python_decorator.py took 0.114 seconds
[2026-07-18T21:38:08.779+0000] {processor.py:186} INFO - Started process (PID=1612) to work on /home/airflow/.local/lib/python3.12/site-packages/airflow/example_dags/example_python_decorator.py
[2026-07-18T21:38:08.783+0000] {processor.py:914} INFO - Processing file /home/airflow/.local/lib/python3.12/site-packages/airflow/example_dags/example_python_decorator.py for tasks to queue
[2026-07-18T21:38:08.790+0000] {logging_mixin.py:190} INFO - [2026-07-18T21:38:08.789+0000] {dagbag.py:588} INFO - Filling up the DagBag from /home/airflow/.local/lib/python3.12/site-packages/airflow/example_dags/example_python_decorator.py
[2026-07-18T21:38:08.817+0000] {processor.py:925} INFO - DAG(s) 'example_python_decorator' retrieved from /home/airflow/.local/lib/python3.12/site-packages/airflow/example_dags/example_python_decorator.py
[2026-07-18T21:38:08.852+0000] {logging_mixin.py:190} INFO - [2026-07-18T21:38:08.852+0000] {dag.py:3239} INFO - Sync 1 DAGs
[2026-07-18T21:38:08.879+0000] {logging_mixin.py:190} INFO - [2026-07-18T21:38:08.879+0000] {dag.py:4180} INFO - Setting next_dagrun for example_python_decorator to None, run_after=None
[2026-07-18T21:38:08.998+0000] {processor.py:208} INFO - Processing /home/airflow/.local/lib/python3.12/site-packages/airflow/example_dags/example_python_decorator.py took 0.231 seconds
[2026-07-18T21:38:40.294+0000] {processor.py:186} INFO - Started process (PID=1677) to work on /home/airflow/.local/lib/python3.12/site-packages/airflow/example_dags/example_python_decorator.py
[2026-07-18T21:38:40.297+0000] {processor.py:914} INFO - Processing file /home/airflow/.local/lib/python3.12/site-packages/airflow/example_dags/example_python_decorator.py for tasks to queue
[2026-07-18T21:38:40.307+0000] {logging_mixin.py:190} INFO - [2026-07-18T21:38:40.306+0000] {dagbag.py:588} INFO - Filling up the DagBag from /home/airflow/.local/lib/python3.12/site-packages/airflow/example_dags/example_python_decorator.py
[2026-07-18T21:38:40.361+0000] {processor.py:925} INFO - DAG(s) 'example_python_decorator' retrieved from /home/airflow/.local/lib/python3.12/site-packages/airflow/example_dags/example_python_decorator.py
[2026-07-18T21:38:40.421+0000] {logging_mixin.py:190} INFO - [2026-07-18T21:38:40.421+0000] {dag.py:3239} INFO - Sync 1 DAGs
[2026-07-18T21:38:40.460+0000] {logging_mixin.py:190} INFO - [2026-07-18T21:38:40.459+0000] {dag.py:4180} INFO - Setting next_dagrun for example_python_decorator to None, run_after=None
[2026-07-18T21:38:40.507+0000] {processor.py:208} INFO - Processing /home/airflow/.local/lib/python3.12/site-packages/airflow/example_dags/example_python_decorator.py took 0.232 seconds
[2026-07-18T21:39:11.364+0000] {processor.py:186} INFO - Started process (PID=1741) to work on /home/airflow/.local/lib/python3.12/site-packages/airflow/example_dags/example_python_decorator.py
[2026-07-18T21:39:11.366+0000] {processor.py:914} INFO - Processing file /home/airflow/.local/lib/python3.12/site-packages/airflow/example_dags/example_python_decorator.py for tasks to queue
[2026-07-18T21:39:11.370+0000] {logging_mixin.py:190} INFO - [2026-07-18T21:39:11.369+0000] {dagbag.py:588} INFO - Filling up the DagBag from /home/airflow/.local/lib/python3.12/site-packages/airflow/example_dags/example_python_decorator.py
[2026-07-18T21:39:11.393+0000] {processor.py:925} INFO - DAG(s) 'example_python_decorator' retrieved from /home/airflow/.local/lib/python3.12/site-packages/airflow/example_dags/example_python_decorator.py
[2026-07-18T21:39:11.427+0000] {logging_mixin.py:190} INFO - [2026-07-18T21:39:11.426+0000] {dag.py:3239} INFO - Sync 1 DAGs
[2026-07-18T21:39:11.446+0000] {logging_mixin.py:190} INFO - [2026-07-18T21:39:11.446+0000] {dag.py:4180} INFO - Setting next_dagrun for example_python_decorator to None, run_after=None
[2026-07-18T21:39:11.526+0000] {processor.py:208} INFO - Processing /home/airflow/.local/lib/python3.12/site-packages/airflow/example_dags/example_python_decorator.py took 0.170 seconds
[2026-07-18T21:39:44.780+0000] {processor.py:186} INFO - Started process (PID=1805) to work on /home/airflow/.local/lib/python3.12/site-packages/airflow/example_dags/example_python_decorator.py
[2026-07-18T21:39:44.783+0000] {processor.py:914} INFO - Processing file /home/airflow/.local/lib/python3.12/site-packages/airflow/example_dags/example_python_decorator.py for tasks to queue
[2026-07-18T21:39:44.788+0000] {logging_mixin.py:190} INFO - [2026-07-18T21:39:44.787+0000] {dagbag.py:588} INFO - Filling up the DagBag from /home/airflow/.local/lib/python3.12/site-packages/airflow/example_dags/example_python_decorator.py
[2026-07-18T21:39:44.815+0000] {processor.py:925} INFO - DAG(s) 'example_python_decorator' retrieved from /home/airflow/.local/lib/python3.12/site-packages/airflow/example_dags/example_python_decorator.py
[2026-07-18T21:39:44.858+0000] {logging_mixin.py:190} INFO - [2026-07-18T21:39:44.857+0000] {dag.py:3239} INFO - Sync 1 DAGs
[2026-07-18T21:39:44.883+0000] {logging_mixin.py:190} INFO - [2026-07-18T21:39:44.882+0000] {dag.py:4180} INFO - Setting next_dagrun for example_python_decorator to None, run_after=None
[2026-07-18T21:39:44.932+0000] {processor.py:208} INFO - Processing /home/airflow/.local/lib/python3.12/site-packages/airflow/example_dags/example_python_decorator.py took 0.168 seconds
[2026-07-18T21:40:16.006+0000] {processor.py:186} INFO - Started process (PID=1869) to work on /home/airflow/.local/lib/python3.12/site-packages/airflow/example_dags/example_python_decorator.py
[2026-07-18T21:40:16.009+0000] {processor.py:914} INFO - Processing file /home/airflow/.local/lib/python3.12/site-packages/airflow/example_dags/example_python_decorator.py for tasks to queue
[2026-07-18T21:40:16.015+0000] {logging_mixin.py:190} INFO - [2026-07-18T21:40:16.014+0000] {dagbag.py:588} INFO - Filling up the DagBag from /home/airflow/.local/lib/python3.12/site-packages/airflow/example_dags/example_python_decorator.py
[2026-07-18T21:40:16.048+0000] {processor.py:925} INFO - DAG(s) 'example_python_decorator' retrieved from /home/airflow/.local/lib/python3.12/site-packages/airflow/example_dags/example_python_decorator.py
[2026-07-18T21:40:16.097+0000] {logging_mixin.py:190} INFO - [2026-07-18T21:40:16.097+0000] {dag.py:3239} INFO - Sync 1 DAGs
[2026-07-18T21:40:16.130+0000] {logging_mixin.py:190} INFO - [2026-07-18T21:40:16.130+0000] {dag.py:4180} INFO - Setting next_dagrun for example_python_decorator to None, run_after=None
[2026-07-18T21:40:16.172+0000] {processor.py:208} INFO - Processing /home/airflow/.local/lib/python3.12/site-packages/airflow/example_dags/example_python_decorator.py took 0.176 seconds
[2026-07-18T21:40:47.610+0000] {processor.py:186} INFO - Started process (PID=1934) to work on /home/airflow/.local/lib/python3.12/site-packages/airflow/example_dags/example_python_decorator.py
[2026-07-18T21:40:47.614+0000] {processor.py:914} INFO - Processing file /home/airflow/.local/lib/python3.12/site-packages/airflow/example_dags/example_python_decorator.py for tasks to queue
[2026-07-18T21:40:47.622+0000] {logging_mixin.py:190} INFO - [2026-07-18T21:40:47.622+0000] {dagbag.py:588} INFO - Filling up the DagBag from /home/airflow/.local/lib/python3.12/site-packages/airflow/example_dags/example_python_decorator.py
[2026-07-18T21:40:47.662+0000] {processor.py:925} INFO - DAG(s) 'example_python_decorator' retrieved from /home/airflow/.local/lib/python3.12/site-packages/airflow/example_dags/example_python_decorator.py
[2026-07-18T21:40:47.707+0000] {logging_mixin.py:190} INFO - [2026-07-18T21:40:47.706+0000] {dag.py:3239} INFO - Sync 1 DAGs
[2026-07-18T21:40:47.742+0000] {logging_mixin.py:190} INFO - [2026-07-18T21:40:47.741+0000] {dag.py:4180} INFO - Setting next_dagrun for example_python_decorator to None, run_after=None
[2026-07-18T21:40:47.825+0000] {processor.py:208} INFO - Processing /home/airflow/.local/lib/python3.12/site-packages/airflow/example_dags/example_python_decorator.py took 0.232 seconds
[2026-07-18T21:41:18.039+0000] {processor.py:186} INFO - Started process (PID=1998) to work on /home/airflow/.local/lib/python3.12/site-packages/airflow/example_dags/example_python_decorator.py
[2026-07-18T21:41:18.042+0000] {processor.py:914} INFO - Processing file /home/airflow/.local/lib/python3.12/site-packages/airflow/example_dags/example_python_decorator.py for tasks to queue
[2026-07-18T21:41:18.047+0000] {logging_mixin.py:190} INFO - [2026-07-18T21:41:18.047+0000] {dagbag.py:588} INFO - Filling up the DagBag from /home/airflow/.local/lib/python3.12/site-packages/airflow/example_dags/example_python_decorator.py
[2026-07-18T21:41:18.076+0000] {processor.py:925} INFO - DAG(s) 'example_python_decorator' retrieved from /home/airflow/.local/lib/python3.12/site-packages/airflow/example_dags/example_python_decorator.py
[2026-07-18T21:41:18.111+0000] {logging_mixin.py:190} INFO - [2026-07-18T21:41:18.111+0000] {dag.py:3239} INFO - Sync 1 DAGs
[2026-07-18T21:41:18.133+0000] {logging_mixin.py:190} INFO - [2026-07-18T21:41:18.133+0000] {dag.py:4180} INFO - Setting next_dagrun for example_python_decorator to None, run_after=None
[2026-07-18T21:41:18.209+0000] {processor.py:208} INFO - Processing /home/airflow/.local/lib/python3.12/site-packages/airflow/example_dags/example_python_decorator.py took 0.181 seconds
[2026-07-18T21:41:49.491+0000] {processor.py:186} INFO - Started process (PID=2062) to work on /home/airflow/.local/lib/python3.12/site-packages/airflow/example_dags/example_python_decorator.py
[2026-07-18T21:41:49.494+0000] {processor.py:914} INFO - Processing file /home/airflow/.local/lib/python3.12/site-packages/airflow/example_dags/example_python_decorator.py for tasks to queue
[2026-07-18T21:41:49.500+0000] {logging_mixin.py:190} INFO - [2026-07-18T21:41:49.500+0000] {dagbag.py:588} INFO - Filling up the DagBag from /home/airflow/.local/lib/python3.12/site-packages/airflow/example_dags/example_python_decorator.py
[2026-07-18T21:41:49.525+0000] {processor.py:925} INFO - DAG(s) 'example_python_decorator' retrieved from /home/airflow/.local/lib/python3.12/site-packages/airflow/example_dags/example_python_decorator.py
[2026-07-18T21:41:49.552+0000] {logging_mixin.py:190} INFO - [2026-07-18T21:41:49.552+0000] {dag.py:3239} INFO - Sync 1 DAGs
[2026-07-18T21:41:49.582+0000] {logging_mixin.py:190} INFO - [2026-07-18T21:41:49.581+0000] {dag.py:4180} INFO - Setting next_dagrun for example_python_decorator to None, run_after=None
[2026-07-18T21:41:49.622+0000] {processor.py:208} INFO - Processing /home/airflow/.local/lib/python3.12/site-packages/airflow/example_dags/example_python_decorator.py took 0.147 seconds
[2026-07-18T21:42:21.625+0000] {processor.py:186} INFO - Started process (PID=2127) to work on /home/airflow/.local/lib/python3.12/site-packages/airflow/example_dags/example_python_decorator.py
[2026-07-18T21:42:21.628+0000] {processor.py:914} INFO - Processing file /home/airflow/.local/lib/python3.12/site-packages/airflow/example_dags/example_python_decorator.py for tasks to queue
[2026-07-18T21:42:21.634+0000] {logging_mixin.py:190} INFO - [2026-07-18T21:42:21.633+0000] {dagbag.py:588} INFO - Filling up the DagBag from /home/airflow/.local/lib/python3.12/site-packages/airflow/example_dags/example_python_decorator.py
[2026-07-18T21:42:21.660+0000] {processor.py:925} INFO - DAG(s) 'example_python_decorator' retrieved from /home/airflow/.local/lib/python3.12/site-packages/airflow/example_dags/example_python_decorator.py
[2026-07-18T21:42:21.704+0000] {logging_mixin.py:190} INFO - [2026-07-18T21:42:21.703+0000] {dag.py:3239} INFO - Sync 1 DAGs
[2026-07-18T21:42:21.733+0000] {logging_mixin.py:190} INFO - [2026-07-18T21:42:21.733+0000] {dag.py:4180} INFO - Setting next_dagrun for example_python_decorator to None, run_after=None
[2026-07-18T21:42:21.820+0000] {processor.py:208} INFO - Processing /home/airflow/.local/lib/python3.12/site-packages/airflow/example_dags/example_python_decorator.py took 0.203 seconds
[2026-07-18T21:42:52.558+0000] {processor.py:186} INFO - Started process (PID=2191) to work on /home/airflow/.local/lib/python3.12/site-packages/airflow/example_dags/example_python_decorator.py
[2026-07-18T21:42:52.561+0000] {processor.py:914} INFO - Processing file /home/airflow/.local/lib/python3.12/site-packages/airflow/example_dags/example_python_decorator.py for tasks to queue
[2026-07-18T21:42:52.567+0000] {logging_mixin.py:190} INFO - [2026-07-18T21:42:52.566+0000] {dagbag.py:588} INFO - Filling up the DagBag from /home/airflow/.local/lib/python3.12/site-packages/airflow/example_dags/example_python_decorator.py
[2026-07-18T21:42:52.589+0000] {processor.py:925} INFO - DAG(s) 'example_python_decorator' retrieved from /home/airflow/.local/lib/python3.12/site-packages/airflow/example_dags/example_python_decorator.py
[2026-07-18T21:42:52.625+0000] {logging_mixin.py:190} INFO - [2026-07-18T21:42:52.625+0000] {dag.py:3239} INFO - Sync 1 DAGs
[2026-07-18T21:42:52.648+0000] {logging_mixin.py:190} INFO - [2026-07-18T21:42:52.648+0000] {dag.py:4180} INFO - Setting next_dagrun for example_python_decorator to None, run_after=None
[2026-07-18T21:42:52.673+0000] {processor.py:208} INFO - Processing /home/airflow/.local/lib/python3.12/site-packages/airflow/example_dags/example_python_decorator.py took 0.124 seconds
[2026-07-18T21:43:26.344+0000] {processor.py:186} INFO - Started process (PID=2259) to work on /home/airflow/.local/lib/python3.12/site-packages/airflow/example_dags/example_python_decorator.py
[2026-07-18T21:43:26.349+0000] {processor.py:914} INFO - Processing file /home/airflow/.local/lib/python3.12/site-packages/airflow/example_dags/example_python_decorator.py for tasks to queue
[2026-07-18T21:43:26.358+0000] {logging_mixin.py:190} INFO - [2026-07-18T21:43:26.357+0000] {dagbag.py:588} INFO - Filling up the DagBag from /home/airflow/.local/lib/python3.12/site-packages/airflow/example_dags/example_python_decorator.py
[2026-07-18T21:43:26.414+0000] {processor.py:925} INFO - DAG(s) 'example_python_decorator' retrieved from /home/airflow/.local/lib/python3.12/site-packages/airflow/example_dags/example_python_decorator.py
[2026-07-18T21:43:26.488+0000] {logging_mixin.py:190} INFO - [2026-07-18T21:43:26.487+0000] {dag.py:3239} INFO - Sync 1 DAGs
[2026-07-18T21:43:26.528+0000] {logging_mixin.py:190} INFO - [2026-07-18T21:43:26.528+0000] {dag.py:4180} INFO - Setting next_dagrun for example_python_decorator to None, run_after=None
[2026-07-18T21:43:26.614+0000] {processor.py:208} INFO - Processing /home/airflow/.local/lib/python3.12/site-packages/airflow/example_dags/example_python_decorator.py took 0.294 seconds
[2026-07-18T21:43:57.495+0000] {processor.py:186} INFO - Started process (PID=2330) to work on /home/airflow/.local/lib/python3.12/site-packages/airflow/example_dags/example_python_decorator.py
[2026-07-18T21:43:57.498+0000] {processor.py:914} INFO - Processing file /home/airflow/.local/lib/python3.12/site-packages/airflow/example_dags/example_python_decorator.py for tasks to queue
[2026-07-18T21:43:57.505+0000] {logging_mixin.py:190} INFO - [2026-07-18T21:43:57.504+0000] {dagbag.py:588} INFO - Filling up the DagBag from /home/airflow/.local/lib/python3.12/site-packages/airflow/example_dags/example_python_decorator.py
[2026-07-18T21:43:57.532+0000] {processor.py:925} INFO - DAG(s) 'example_python_decorator' retrieved from /home/airflow/.local/lib/python3.12/site-packages/airflow/example_dags/example_python_decorator.py
[2026-07-18T21:43:57.610+0000] {logging_mixin.py:190} INFO - [2026-07-18T21:43:57.609+0000] {dag.py:3239} INFO - Sync 1 DAGs
[2026-07-18T21:43:57.662+0000] {logging_mixin.py:190} INFO - [2026-07-18T21:43:57.662+0000] {dag.py:4180} INFO - Setting next_dagrun for example_python_decorator to None, run_after=None
[2026-07-18T21:43:57.700+0000] {processor.py:208} INFO - Processing /home/airflow/.local/lib/python3.12/site-packages/airflow/example_dags/example_python_decorator.py took 0.215 seconds
[2026-07-18T21:44:28.710+0000] {processor.py:186} INFO - Started process (PID=2396) to work on /home/airflow/.local/lib/python3.12/site-packages/airflow/example_dags/example_python_decorator.py
[2026-07-18T21:44:28.713+0000] {processor.py:914} INFO - Processing file /home/airflow/.local/lib/python3.12/site-packages/airflow/example_dags/example_python_decorator.py for tasks to queue
[2026-07-18T21:44:28.717+0000] {logging_mixin.py:190} INFO - [2026-07-18T21:44:28.717+0000] {dagbag.py:588} INFO - Filling up the DagBag from /home/airflow/.local/lib/python3.12/site-packages/airflow/example_dags/example_python_decorator.py
[2026-07-18T21:44:28.742+0000] {processor.py:925} INFO - DAG(s) 'example_python_decorator' retrieved from /home/airflow/.local/lib/python3.12/site-packages/airflow/example_dags/example_python_decorator.py
[2026-07-18T21:44:28.775+0000] {logging_mixin.py:190} INFO - [2026-07-18T21:44:28.775+0000] {dag.py:3239} INFO - Sync 1 DAGs
[2026-07-18T21:44:28.813+0000] {logging_mixin.py:190} INFO - [2026-07-18T21:44:28.812+0000] {dag.py:4180} INFO - Setting next_dagrun for example_python_decorator to None, run_after=None
[2026-07-18T21:44:28.866+0000] {processor.py:208} INFO - Processing /home/airflow/.local/lib/python3.12/site-packages/airflow/example_dags/example_python_decorator.py took 0.165 seconds
[2026-07-18T21:45:00.020+0000] {processor.py:186} INFO - Started process (PID=2462) to work on /home/airflow/.local/lib/python3.12/site-packages/airflow/example_dags/example_python_decorator.py
[2026-07-18T21:45:00.024+0000] {processor.py:914} INFO - Processing file /home/airflow/.local/lib/python3.12/site-packages/airflow/example_dags/example_python_decorator.py for tasks to queue
[2026-07-18T21:45:00.030+0000] {logging_mixin.py:190} INFO - [2026-07-18T21:45:00.030+0000] {dagbag.py:588} INFO - Filling up the DagBag from /home/airflow/.local/lib/python3.12/site-packages/airflow/example_dags/example_python_decorator.py
[2026-07-18T21:45:00.057+0000] {processor.py:925} INFO - DAG(s) 'example_python_decorator' retrieved from /home/airflow/.local/lib/python3.12/site-packages/airflow/example_dags/example_python_decorator.py
[2026-07-18T21:45:00.098+0000] {logging_mixin.py:190} INFO - [2026-07-18T21:45:00.098+0000] {dag.py:3239} INFO - Sync 1 DAGs
[2026-07-18T21:45:00.123+0000] {logging_mixin.py:190} INFO - [2026-07-18T21:45:00.123+0000] {dag.py:4180} INFO - Setting next_dagrun for example_python_decorator to None, run_after=None
[2026-07-18T21:45:00.210+0000] {processor.py:208} INFO - Processing /home/airflow/.local/lib/python3.12/site-packages/airflow/example_dags/example_python_decorator.py took 0.202 seconds
[2026-07-18T21:45:33.373+0000] {processor.py:186} INFO - Started process (PID=2526) to work on /home/airflow/.local/lib/python3.12/site-packages/airflow/example_dags/example_python_decorator.py
[2026-07-18T21:45:33.376+0000] {processor.py:914} INFO - Processing file /home/airflow/.local/lib/python3.12/site-packages/airflow/example_dags/example_python_decorator.py for tasks to queue
[2026-07-18T21:45:33.381+0000] {logging_mixin.py:190} INFO - [2026-07-18T21:45:33.380+0000] {dagbag.py:588} INFO - Filling up the DagBag from /home/airflow/.local/lib/python3.12/site-packages/airflow/example_dags/example_python_decorator.py
[2026-07-18T21:45:33.403+0000] {processor.py:925} INFO - DAG(s) 'example_python_decorator' retrieved from /home/airflow/.local/lib/python3.12/site-packages/airflow/example_dags/example_python_decorator.py
[2026-07-18T21:45:33.434+0000] {logging_mixin.py:190} INFO - [2026-07-18T21:45:33.434+0000] {dag.py:3239} INFO - Sync 1 DAGs
[2026-07-18T21:45:33.454+0000] {logging_mixin.py:190} INFO - [2026-07-18T21:45:33.454+0000] {dag.py:4180} INFO - Setting next_dagrun for example_python_decorator to None, run_after=None
[2026-07-18T21:45:33.547+0000] {processor.py:208} INFO - Processing /home/airflow/.local/lib/python3.12/site-packages/airflow/example_dags/example_python_decorator.py took 0.182 seconds
[2026-07-18T21:46:04.164+0000] {processor.py:186} INFO - Started process (PID=2590) to work on /home/airflow/.local/lib/python3.12/site-packages/airflow/example_dags/example_python_decorator.py
[2026-07-18T21:46:04.167+0000] {processor.py:914} INFO - Processing file /home/airflow/.local/lib/python3.12/site-packages/airflow/example_dags/example_python_decorator.py for tasks to queue
[2026-07-18T21:46:04.175+0000] {logging_mixin.py:190} INFO - [2026-07-18T21:46:04.174+0000] {dagbag.py:588} INFO - Filling up the DagBag from /home/airflow/.local/lib/python3.12/site-packages/airflow/example_dags/example_python_decorator.py
[2026-07-18T21:46:04.211+0000] {processor.py:925} INFO - DAG(s) 'example_python_decorator' retrieved from /home/airflow/.local/lib/python3.12/site-packages/airflow/example_dags/example_python_decorator.py
[2026-07-18T21:46:04.269+0000] {logging_mixin.py:190} INFO - [2026-07-18T21:46:04.268+0000] {dag.py:3239} INFO - Sync 1 DAGs
[2026-07-18T21:46:04.296+0000] {logging_mixin.py:190} INFO - [2026-07-18T21:46:04.295+0000] {dag.py:4180} INFO - Setting next_dagrun for example_python_decorator to None, run_after=None
[2026-07-18T21:46:04.433+0000] {processor.py:208} INFO - Processing /home/airflow/.local/lib/python3.12/site-packages/airflow/example_dags/example_python_decorator.py took 0.277 seconds
[2026-07-18T21:46:34.525+0000] {processor.py:186} INFO - Started process (PID=2654) to work on /home/airflow/.local/lib/python3.12/site-packages/airflow/example_dags/example_python_decorator.py
[2026-07-18T21:46:34.529+0000] {processor.py:914} INFO - Processing file /home/airflow/.local/lib/python3.12/site-packages/airflow/example_dags/example_python_decorator.py for tasks to queue
[2026-07-18T21:46:34.536+0000] {logging_mixin.py:190} INFO - [2026-07-18T21:46:34.535+0000] {dagbag.py:588} INFO - Filling up the DagBag from /home/airflow/.local/lib/python3.12/site-packages/airflow/example_dags/example_python_decorator.py
[2026-07-18T21:46:34.566+0000] {processor.py:925} INFO - DAG(s) 'example_python_decorator' retrieved from /home/airflow/.local/lib/python3.12/site-packages/airflow/example_dags/example_python_decorator.py
[2026-07-18T21:46:34.611+0000] {logging_mixin.py:190} INFO - [2026-07-18T21:46:34.611+0000] {dag.py:3239} INFO - Sync 1 DAGs
[2026-07-18T21:46:34.645+0000] {logging_mixin.py:190} INFO - [2026-07-18T21:46:34.644+0000] {dag.py:4180} INFO - Setting next_dagrun for example_python_decorator to None, run_after=None
[2026-07-18T21:46:34.695+0000] {processor.py:208} INFO - Processing /home/airflow/.local/lib/python3.12/site-packages/airflow/example_dags/example_python_decorator.py took 0.183 seconds
[2026-07-18T21:47:05.040+0000] {processor.py:186} INFO - Started process (PID=2718) to work on /home/airflow/.local/lib/python3.12/site-packages/airflow/example_dags/example_python_decorator.py
[2026-07-18T21:47:05.042+0000] {processor.py:914} INFO - Processing file /home/airflow/.local/lib/python3.12/site-packages/airflow/example_dags/example_python_decorator.py for tasks to queue
[2026-07-18T21:47:05.046+0000] {logging_mixin.py:190} INFO - [2026-07-18T21:47:05.045+0000] {dagbag.py:588} INFO - Filling up the DagBag from /home/airflow/.local/lib/python3.12/site-packages/airflow/example_dags/example_python_decorator.py
[2026-07-18T21:47:05.069+0000] {processor.py:925} INFO - DAG(s) 'example_python_decorator' retrieved from /home/airflow/.local/lib/python3.12/site-packages/airflow/example_dags/example_python_decorator.py
[2026-07-18T21:47:05.115+0000] {logging_mixin.py:190} INFO - [2026-07-18T21:47:05.115+0000] {dag.py:3239} INFO - Sync 1 DAGs
[2026-07-18T21:47:05.138+0000] {logging_mixin.py:190} INFO - [2026-07-18T21:47:05.137+0000] {dag.py:4180} INFO - Setting next_dagrun for example_python_decorator to None, run_after=None
[2026-07-18T21:47:05.175+0000] {processor.py:208} INFO - Processing /home/airflow/.local/lib/python3.12/site-packages/airflow/example_dags/example_python_decorator.py took 0.145 seconds
[2026-07-18T21:47:37.351+0000] {processor.py:186} INFO - Started process (PID=2782) to work on /home/airflow/.local/lib/python3.12/site-packages/airflow/example_dags/example_python_decorator.py
[2026-07-18T21:47:37.353+0000] {processor.py:914} INFO - Processing file /home/airflow/.local/lib/python3.12/site-packages/airflow/example_dags/example_python_decorator.py for tasks to queue
[2026-07-18T21:47:37.358+0000] {logging_mixin.py:190} INFO - [2026-07-18T21:47:37.357+0000] {dagbag.py:588} INFO - Filling up the DagBag from /home/airflow/.local/lib/python3.12/site-packages/airflow/example_dags/example_python_decorator.py
[2026-07-18T21:47:37.396+0000] {processor.py:925} INFO - DAG(s) 'example_python_decorator' retrieved from /home/airflow/.local/lib/python3.12/site-packages/airflow/example_dags/example_python_decorator.py
[2026-07-18T21:47:37.460+0000] {logging_mixin.py:190} INFO - [2026-07-18T21:47:37.459+0000] {dag.py:3239} INFO - Sync 1 DAGs
[2026-07-18T21:47:37.513+0000] {logging_mixin.py:190} INFO - [2026-07-18T21:47:37.512+0000] {dag.py:4180} INFO - Setting next_dagrun for example_python_decorator to None, run_after=None
[2026-07-18T21:47:37.588+0000] {processor.py:208} INFO - Processing /home/airflow/.local/lib/python3.12/site-packages/airflow/example_dags/example_python_decorator.py took 0.244 seconds
[2026-07-18T21:48:08.093+0000] {processor.py:186} INFO - Started process (PID=2846) to work on /home/airflow/.local/lib/python3.12/site-packages/airflow/example_dags/example_python_decorator.py
[2026-07-18T21:48:08.095+0000] {processor.py:914} INFO - Processing file /home/airflow/.local/lib/python3.12/site-packages/airflow/example_dags/example_python_decorator.py for tasks to queue
[2026-07-18T21:48:08.100+0000] {logging_mixin.py:190} INFO - [2026-07-18T21:48:08.099+0000] {dagbag.py:588} INFO - Filling up the DagBag from /home/airflow/.local/lib/python3.12/site-packages/airflow/example_dags/example_python_decorator.py
[2026-07-18T21:48:08.125+0000] {processor.py:925} INFO - DAG(s) 'example_python_decorator' retrieved from /home/airflow/.local/lib/python3.12/site-packages/airflow/example_dags/example_python_decorator.py
[2026-07-18T21:48:08.158+0000] {logging_mixin.py:190} INFO - [2026-07-18T21:48:08.158+0000] {dag.py:3239} INFO - Sync 1 DAGs
[2026-07-18T21:48:08.190+0000] {logging_mixin.py:190} INFO - [2026-07-18T21:48:08.189+0000] {dag.py:4180} INFO - Setting next_dagrun for example_python_decorator to None, run_after=None
[2026-07-18T21:48:08.311+0000] {processor.py:208} INFO - Processing /home/airflow/.local/lib/python3.12/site-packages/airflow/example_dags/example_python_decorator.py took 0.227 seconds
[2026-07-18T21:48:40.025+0000] {processor.py:186} INFO - Started process (PID=2910) to work on /home/airflow/.local/lib/python3.12/site-packages/airflow/example_dags/example_python_decorator.py
[2026-07-18T21:48:40.028+0000] {processor.py:914} INFO - Processing file /home/airflow/.local/lib/python3.12/site-packages/airflow/example_dags/example_python_decorator.py for tasks to queue
[2026-07-18T21:48:40.035+0000] {logging_mixin.py:190} INFO - [2026-07-18T21:48:40.034+0000] {dagbag.py:588} INFO - Filling up the DagBag from /home/airflow/.local/lib/python3.12/site-packages/airflow/example_dags/example_python_decorator.py
[2026-07-18T21:48:40.067+0000] {processor.py:925} INFO - DAG(s) 'example_python_decorator' retrieved from /home/airflow/.local/lib/python3.12/site-packages/airflow/example_dags/example_python_decorator.py
[2026-07-18T21:48:40.107+0000] {logging_mixin.py:190} INFO - [2026-07-18T21:48:40.106+0000] {dag.py:3239} INFO - Sync 1 DAGs
[2026-07-18T21:48:40.132+0000] {logging_mixin.py:190} INFO - [2026-07-18T21:48:40.132+0000] {dag.py:4180} INFO - Setting next_dagrun for example_python_decorator to None, run_after=None
[2026-07-18T21:48:40.173+0000] {processor.py:208} INFO - Processing /home/airflow/.local/lib/python3.12/site-packages/airflow/example_dags/example_python_decorator.py took 0.162 seconds
[2026-07-18T21:49:11.837+0000] {processor.py:186} INFO - Started process (PID=2974) to work on /home/airflow/.local/lib/python3.12/site-packages/airflow/example_dags/example_python_decorator.py
[2026-07-18T21:49:11.841+0000] {processor.py:914} INFO - Processing file /home/airflow/.local/lib/python3.12/site-packages/airflow/example_dags/example_python_decorator.py for tasks to queue
[2026-07-18T21:49:11.850+0000] {logging_mixin.py:190} INFO - [2026-07-18T21:49:11.849+0000] {dagbag.py:588} INFO - Filling up the DagBag from /home/airflow/.local/lib/python3.12/site-packages/airflow/example_dags/example_python_decorator.py
[2026-07-18T21:49:11.904+0000] {processor.py:925} INFO - DAG(s) 'example_python_decorator' retrieved from /home/airflow/.local/lib/python3.12/site-packages/airflow/example_dags/example_python_decorator.py
[2026-07-18T21:49:11.958+0000] {logging_mixin.py:190} INFO - [2026-07-18T21:49:11.958+0000] {dag.py:3239} INFO - Sync 1 DAGs
[2026-07-18T21:49:11.979+0000] {logging_mixin.py:190} INFO - [2026-07-18T21:49:11.979+0000] {dag.py:4180} INFO - Setting next_dagrun for example_python_decorator to None, run_after=None
[2026-07-18T21:49:12.012+0000] {processor.py:208} INFO - Processing /home/airflow/.local/lib/python3.12/site-packages/airflow/example_dags/example_python_decorator.py took 0.192 seconds
[2026-07-18T22:00:42.150+0000] {processor.py:186} INFO - Started process (PID=3043) to work on /home/airflow/.local/lib/python3.12/site-packages/airflow/example_dags/example_python_decorator.py
[2026-07-18T22:00:42.152+0000] {processor.py:914} INFO - Processing file /home/airflow/.local/lib/python3.12/site-packages/airflow/example_dags/example_python_decorator.py for tasks to queue
[2026-07-18T22:00:42.156+0000] {logging_mixin.py:190} INFO - [2026-07-18T22:00:42.155+0000] {dagbag.py:588} INFO - Filling up the DagBag from /home/airflow/.local/lib/python3.12/site-packages/airflow/example_dags/example_python_decorator.py
[2026-07-18T22:00:42.183+0000] {processor.py:925} INFO - DAG(s) 'example_python_decorator' retrieved from /home/airflow/.local/lib/python3.12/site-packages/airflow/example_dags/example_python_decorator.py
[2026-07-18T22:00:42.223+0000] {logging_mixin.py:190} INFO - [2026-07-18T22:00:42.222+0000] {dag.py:3239} INFO - Sync 1 DAGs
[2026-07-18T22:00:42.252+0000] {logging_mixin.py:190} INFO - [2026-07-18T22:00:42.252+0000] {dag.py:4180} INFO - Setting next_dagrun for example_python_decorator to None, run_after=None
[2026-07-18T22:00:42.290+0000] {processor.py:208} INFO - Processing /home/airflow/.local/lib/python3.12/site-packages/airflow/example_dags/example_python_decorator.py took 0.150 seconds
[2026-07-18T22:01:13.689+0000] {processor.py:186} INFO - Started process (PID=3107) to work on /home/airflow/.local/lib/python3.12/site-packages/airflow/example_dags/example_python_decorator.py
[2026-07-18T22:01:13.692+0000] {processor.py:914} INFO - Processing file /home/airflow/.local/lib/python3.12/site-packages/airflow/example_dags/example_python_decorator.py for tasks to queue
[2026-07-18T22:01:13.696+0000] {logging_mixin.py:190} INFO - [2026-07-18T22:01:13.695+0000] {dagbag.py:588} INFO - Filling up the DagBag from /home/airflow/.local/lib/python3.12/site-packages/airflow/example_dags/example_python_decorator.py
[2026-07-18T22:01:13.730+0000] {processor.py:925} INFO - DAG(s) 'example_python_decorator' retrieved from /home/airflow/.local/lib/python3.12/site-packages/airflow/example_dags/example_python_decorator.py
[2026-07-18T22:01:13.793+0000] {logging_mixin.py:190} INFO - [2026-07-18T22:01:13.793+0000] {dag.py:3239} INFO - Sync 1 DAGs
[2026-07-18T22:01:13.837+0000] {logging_mixin.py:190} INFO - [2026-07-18T22:01:13.836+0000] {dag.py:4180} INFO - Setting next_dagrun for example_python_decorator to None, run_after=None
[2026-07-18T22:01:13.900+0000] {processor.py:208} INFO - Processing /home/airflow/.local/lib/python3.12/site-packages/airflow/example_dags/example_python_decorator.py took 0.222 seconds
[2026-07-18T22:01:44.823+0000] {processor.py:186} INFO - Started process (PID=3171) to work on /home/airflow/.local/lib/python3.12/site-packages/airflow/example_dags/example_python_decorator.py
[2026-07-18T22:01:44.826+0000] {processor.py:914} INFO - Processing file /home/airflow/.local/lib/python3.12/site-packages/airflow/example_dags/example_python_decorator.py for tasks to queue
[2026-07-18T22:01:44.829+0000] {logging_mixin.py:190} INFO - [2026-07-18T22:01:44.828+0000] {dagbag.py:588} INFO - Filling up the DagBag from /home/airflow/.local/lib/python3.12/site-packages/airflow/example_dags/example_python_decorator.py
[2026-07-18T22:01:44.854+0000] {processor.py:925} INFO - DAG(s) 'example_python_decorator' retrieved from /home/airflow/.local/lib/python3.12/site-packages/airflow/example_dags/example_python_decorator.py
[2026-07-18T22:01:44.890+0000] {logging_mixin.py:190} INFO - [2026-07-18T22:01:44.889+0000] {dag.py:3239} INFO - Sync 1 DAGs
[2026-07-18T22:01:44.921+0000] {logging_mixin.py:190} INFO - [2026-07-18T22:01:44.921+0000] {dag.py:4180} INFO - Setting next_dagrun for example_python_decorator to None, run_after=None
[2026-07-18T22:01:44.989+0000] {processor.py:208} INFO - Processing /home/airflow/.local/lib/python3.12/site-packages/airflow/example_dags/example_python_decorator.py took 0.176 seconds
[2026-07-18T22:02:16.609+0000] {processor.py:186} INFO - Started process (PID=3234) to work on /home/airflow/.local/lib/python3.12/site-packages/airflow/example_dags/example_python_decorator.py
[2026-07-18T22:02:16.611+0000] {processor.py:914} INFO - Processing file /home/airflow/.local/lib/python3.12/site-packages/airflow/example_dags/example_python_decorator.py for tasks to queue
[2026-07-18T22:02:16.614+0000] {logging_mixin.py:190} INFO - [2026-07-18T22:02:16.613+0000] {dagbag.py:588} INFO - Filling up the DagBag from /home/airflow/.local/lib/python3.12/site-packages/airflow/example_dags/example_python_decorator.py
[2026-07-18T22:02:16.635+0000] {processor.py:925} INFO - DAG(s) 'example_python_decorator' retrieved from /home/airflow/.local/lib/python3.12/site-packages/airflow/example_dags/example_python_decorator.py
[2026-07-18T22:02:16.663+0000] {logging_mixin.py:190} INFO - [2026-07-18T22:02:16.662+0000] {dag.py:3239} INFO - Sync 1 DAGs
[2026-07-18T22:02:16.686+0000] {logging_mixin.py:190} INFO - [2026-07-18T22:02:16.685+0000] {dag.py:4180} INFO - Setting next_dagrun for example_python_decorator to None, run_after=None
[2026-07-18T22:02:16.713+0000] {processor.py:208} INFO - Processing /home/airflow/.local/lib/python3.12/site-packages/airflow/example_dags/example_python_decorator.py took 0.111 seconds
[2026-07-18T22:02:48.370+0000] {processor.py:186} INFO - Started process (PID=3299) to work on /home/airflow/.local/lib/python3.12/site-packages/airflow/example_dags/example_python_decorator.py
[2026-07-18T22:02:48.372+0000] {processor.py:914} INFO - Processing file /home/airflow/.local/lib/python3.12/site-packages/airflow/example_dags/example_python_decorator.py for tasks to queue
[2026-07-18T22:02:48.375+0000] {logging_mixin.py:190} INFO - [2026-07-18T22:02:48.375+0000] {dagbag.py:588} INFO - Filling up the DagBag from /home/airflow/.local/lib/python3.12/site-packages/airflow/example_dags/example_python_decorator.py
[2026-07-18T22:02:48.403+0000] {processor.py:925} INFO - DAG(s) 'example_python_decorator' retrieved from /home/airflow/.local/lib/python3.12/site-packages/airflow/example_dags/example_python_decorator.py
[2026-07-18T22:02:48.439+0000] {logging_mixin.py:190} INFO - [2026-07-18T22:02:48.439+0000] {dag.py:3239} INFO - Sync 1 DAGs
[2026-07-18T22:02:48.459+0000] {logging_mixin.py:190} INFO - [2026-07-18T22:02:48.459+0000] {dag.py:4180} INFO - Setting next_dagrun for example_python_decorator to None, run_after=None
[2026-07-18T22:02:48.519+0000] {processor.py:208} INFO - Processing /home/airflow/.local/lib/python3.12/site-packages/airflow/example_dags/example_python_decorator.py took 0.155 seconds
[2026-07-18T22:03:19.208+0000] {processor.py:186} INFO - Started process (PID=3363) to work on /home/airflow/.local/lib/python3.12/site-packages/airflow/example_dags/example_python_decorator.py
[2026-07-18T22:03:19.211+0000] {processor.py:914} INFO - Processing file /home/airflow/.local/lib/python3.12/site-packages/airflow/example_dags/example_python_decorator.py for tasks to queue
[2026-07-18T22:03:19.214+0000] {logging_mixin.py:190} INFO - [2026-07-18T22:03:19.214+0000] {dagbag.py:588} INFO - Filling up the DagBag from /home/airflow/.local/lib/python3.12/site-packages/airflow/example_dags/example_python_decorator.py
[2026-07-18T22:03:19.239+0000] {processor.py:925} INFO - DAG(s) 'example_python_decorator' retrieved from /home/airflow/.local/lib/python3.12/site-packages/airflow/example_dags/example_python_decorator.py
[2026-07-18T22:03:19.270+0000] {logging_mixin.py:190} INFO - [2026-07-18T22:03:19.269+0000] {dag.py:3239} INFO - Sync 1 DAGs
[2026-07-18T22:03:19.290+0000] {logging_mixin.py:190} INFO - [2026-07-18T22:03:19.289+0000] {dag.py:4180} INFO - Setting next_dagrun for example_python_decorator to None, run_after=None
[2026-07-18T22:03:19.314+0000] {processor.py:208} INFO - Processing /home/airflow/.local/lib/python3.12/site-packages/airflow/example_dags/example_python_decorator.py took 0.116 seconds
[2026-07-18T22:03:52.216+0000] {processor.py:186} INFO - Started process (PID=3427) to work on /home/airflow/.local/lib/python3.12/site-packages/airflow/example_dags/example_python_decorator.py
[2026-07-18T22:03:52.220+0000] {processor.py:914} INFO - Processing file /home/airflow/.local/lib/python3.12/site-packages/airflow/example_dags/example_python_decorator.py for tasks to queue
[2026-07-18T22:03:52.226+0000] {logging_mixin.py:190} INFO - [2026-07-18T22:03:52.225+0000] {dagbag.py:588} INFO - Filling up the DagBag from /home/airflow/.local/lib/python3.12/site-packages/airflow/example_dags/example_python_decorator.py
[2026-07-18T22:03:52.268+0000] {processor.py:925} INFO - DAG(s) 'example_python_decorator' retrieved from /home/airflow/.local/lib/python3.12/site-packages/airflow/example_dags/example_python_decorator.py
[2026-07-18T22:03:52.329+0000] {logging_mixin.py:190} INFO - [2026-07-18T22:03:52.329+0000] {dag.py:3239} INFO - Sync 1 DAGs
[2026-07-18T22:03:52.578+0000] {logging_mixin.py:190} INFO - [2026-07-18T22:03:52.578+0000] {dag.py:4180} INFO - Setting next_dagrun for example_python_decorator to None, run_after=None
[2026-07-18T22:03:52.700+0000] {processor.py:208} INFO - Processing /home/airflow/.local/lib/python3.12/site-packages/airflow/example_dags/example_python_decorator.py took 0.500 seconds
[2026-07-18T22:04:23.102+0000] {processor.py:186} INFO - Started process (PID=3491) to work on /home/airflow/.local/lib/python3.12/site-packages/airflow/example_dags/example_python_decorator.py
[2026-07-18T22:04:23.107+0000] {processor.py:914} INFO - Processing file /home/airflow/.local/lib/python3.12/site-packages/airflow/example_dags/example_python_decorator.py for tasks to queue
[2026-07-18T22:04:23.114+0000] {logging_mixin.py:190} INFO - [2026-07-18T22:04:23.112+0000] {dagbag.py:588} INFO - Filling up the DagBag from /home/airflow/.local/lib/python3.12/site-packages/airflow/example_dags/example_python_decorator.py
[2026-07-18T22:04:23.179+0000] {processor.py:925} INFO - DAG(s) 'example_python_decorator' retrieved from /home/airflow/.local/lib/python3.12/site-packages/airflow/example_dags/example_python_decorator.py
[2026-07-18T22:04:23.240+0000] {logging_mixin.py:190} INFO - [2026-07-18T22:04:23.239+0000] {dag.py:3239} INFO - Sync 1 DAGs
[2026-07-18T22:04:23.277+0000] {logging_mixin.py:190} INFO - [2026-07-18T22:04:23.276+0000] {dag.py:4180} INFO - Setting next_dagrun for example_python_decorator to None, run_after=None
[2026-07-18T22:04:23.325+0000] {processor.py:208} INFO - Processing /home/airflow/.local/lib/python3.12/site-packages/airflow/example_dags/example_python_decorator.py took 0.253 seconds
[2026-07-18T22:04:54.321+0000] {processor.py:186} INFO - Started process (PID=3555) to work on /home/airflow/.local/lib/python3.12/site-packages/airflow/example_dags/example_python_decorator.py
[2026-07-18T22:04:54.324+0000] {processor.py:914} INFO - Processing file /home/airflow/.local/lib/python3.12/site-packages/airflow/example_dags/example_python_decorator.py for tasks to queue
[2026-07-18T22:04:54.327+0000] {logging_mixin.py:190} INFO - [2026-07-18T22:04:54.326+0000] {dagbag.py:588} INFO - Filling up the DagBag from /home/airflow/.local/lib/python3.12/site-packages/airflow/example_dags/example_python_decorator.py
[2026-07-18T22:04:54.350+0000] {processor.py:925} INFO - DAG(s) 'example_python_decorator' retrieved from /home/airflow/.local/lib/python3.12/site-packages/airflow/example_dags/example_python_decorator.py
[2026-07-18T22:04:54.384+0000] {logging_mixin.py:190} INFO - [2026-07-18T22:04:54.384+0000] {dag.py:3239} INFO - Sync 1 DAGs
[2026-07-18T22:04:54.408+0000] {logging_mixin.py:190} INFO - [2026-07-18T22:04:54.407+0000] {dag.py:4180} INFO - Setting next_dagrun for example_python_decorator to None, run_after=None
[2026-07-18T22:04:54.497+0000] {processor.py:208} INFO - Processing /home/airflow/.local/lib/python3.12/site-packages/airflow/example_dags/example_python_decorator.py took 0.185 seconds
[2026-07-18T22:05:25.560+0000] {processor.py:186} INFO - Started process (PID=3619) to work on /home/airflow/.local/lib/python3.12/site-packages/airflow/example_dags/example_python_decorator.py
[2026-07-18T22:05:25.562+0000] {processor.py:914} INFO - Processing file /home/airflow/.local/lib/python3.12/site-packages/airflow/example_dags/example_python_decorator.py for tasks to queue
[2026-07-18T22:05:25.565+0000] {logging_mixin.py:190} INFO - [2026-07-18T22:05:25.564+0000] {dagbag.py:588} INFO - Filling up the DagBag from /home/airflow/.local/lib/python3.12/site-packages/airflow/example_dags/example_python_decorator.py
[2026-07-18T22:05:25.585+0000] {processor.py:925} INFO - DAG(s) 'example_python_decorator' retrieved from /home/airflow/.local/lib/python3.12/site-packages/airflow/example_dags/example_python_decorator.py
[2026-07-18T22:05:25.615+0000] {logging_mixin.py:190} INFO - [2026-07-18T22:05:25.615+0000] {dag.py:3239} INFO - Sync 1 DAGs
[2026-07-18T22:05:25.908+0000] {logging_mixin.py:190} INFO - [2026-07-18T22:05:25.908+0000] {dag.py:4180} INFO - Setting next_dagrun for example_python_decorator to None, run_after=None
[2026-07-18T22:05:25.942+0000] {processor.py:208} INFO - Processing /home/airflow/.local/lib/python3.12/site-packages/airflow/example_dags/example_python_decorator.py took 0.392 seconds
[2026-07-18T23:18:25.229+0000] {processor.py:186} INFO - Started process (PID=3699) to work on /home/airflow/.local/lib/python3.12/site-packages/airflow/example_dags/example_python_decorator.py
[2026-07-18T23:18:25.231+0000] {processor.py:914} INFO - Processing file /home/airflow/.local/lib/python3.12/site-packages/airflow/example_dags/example_python_decorator.py for tasks to queue
[2026-07-18T23:18:25.235+0000] {logging_mixin.py:190} INFO - [2026-07-18T23:18:25.234+0000] {dagbag.py:588} INFO - Filling up the DagBag from /home/airflow/.local/lib/python3.12/site-packages/airflow/example_dags/example_python_decorator.py
[2026-07-18T23:18:25.263+0000] {processor.py:925} INFO - DAG(s) 'example_python_decorator' retrieved from /home/airflow/.local/lib/python3.12/site-packages/airflow/example_dags/example_python_decorator.py
[2026-07-18T23:18:25.297+0000] {logging_mixin.py:190} INFO - [2026-07-18T23:18:25.297+0000] {dag.py:3239} INFO - Sync 1 DAGs
[2026-07-18T23:18:25.595+0000] {logging_mixin.py:190} INFO - [2026-07-18T23:18:25.594+0000] {dag.py:4180} INFO - Setting next_dagrun for example_python_decorator to None, run_after=None
[2026-07-18T23:18:25.645+0000] {processor.py:208} INFO - Processing /home/airflow/.local/lib/python3.12/site-packages/airflow/example_dags/example_python_decorator.py took 0.427 seconds
