[2026-07-18T20:50:04.625+0000] {processor.py:186} INFO - Started process (PID=93) to work on /home/airflow/.local/lib/python3.12/site-packages/airflow/example_dags/example_python_operator.py
[2026-07-18T20:50:04.628+0000] {processor.py:914} INFO - Processing file /home/airflow/.local/lib/python3.12/site-packages/airflow/example_dags/example_python_operator.py for tasks to queue
[2026-07-18T20:50:04.633+0000] {logging_mixin.py:190} INFO - [2026-07-18T20:50:04.632+0000] {dagbag.py:588} INFO - Filling up the DagBag from /home/airflow/.local/lib/python3.12/site-packages/airflow/example_dags/example_python_operator.py
[2026-07-18T20:50:04.665+0000] {processor.py:925} INFO - DAG(s) 'example_python_operator' retrieved from /home/airflow/.local/lib/python3.12/site-packages/airflow/example_dags/example_python_operator.py
[2026-07-18T20:50:04.850+0000] {logging_mixin.py:190} INFO - [2026-07-18T20:50:04.849+0000] {override.py:1911} INFO - Created Permission View: can edit on DAG:example_python_operator
[2026-07-18T20:50:04.868+0000] {logging_mixin.py:190} INFO - [2026-07-18T20:50:04.868+0000] {override.py:1911} INFO - Created Permission View: can read on DAG:example_python_operator
[2026-07-18T20:50:04.880+0000] {logging_mixin.py:190} INFO - [2026-07-18T20:50:04.879+0000] {override.py:1911} INFO - Created Permission View: can delete on DAG:example_python_operator
[2026-07-18T20:50:04.892+0000] {logging_mixin.py:190} INFO - [2026-07-18T20:50:04.892+0000] {override.py:1911} INFO - Created Permission View: can create on DAG Run:example_python_operator
[2026-07-18T20:50:04.902+0000] {logging_mixin.py:190} INFO - [2026-07-18T20:50:04.902+0000] {override.py:1911} INFO - Created Permission View: can read on DAG Run:example_python_operator
[2026-07-18T20:50:04.912+0000] {logging_mixin.py:190} INFO - [2026-07-18T20:50:04.912+0000] {override.py:1911} INFO - Created Permission View: menu access on DAG Run:example_python_operator
[2026-07-18T20:50:04.922+0000] {logging_mixin.py:190} INFO - [2026-07-18T20:50:04.921+0000] {override.py:1911} INFO - Created Permission View: can delete on DAG Run:example_python_operator
[2026-07-18T20:50:04.923+0000] {logging_mixin.py:190} INFO - [2026-07-18T20:50:04.923+0000] {dag.py:3239} INFO - Sync 1 DAGs
[2026-07-18T20:50:04.948+0000] {logging_mixin.py:190} INFO - [2026-07-18T20:50:04.948+0000] {dag.py:3262} INFO - Creating ORM DAG for example_python_operator
[2026-07-18T20:50:04.951+0000] {logging_mixin.py:190} INFO - [2026-07-18T20:50:04.950+0000] {dag.py:4180} INFO - Setting next_dagrun for example_python_operator to None, run_after=None
[2026-07-18T20:50:04.979+0000] {processor.py:208} INFO - Processing /home/airflow/.local/lib/python3.12/site-packages/airflow/example_dags/example_python_operator.py took 0.365 seconds
[2026-07-18T20:50:35.766+0000] {processor.py:186} INFO - Started process (PID=156) to work on /home/airflow/.local/lib/python3.12/site-packages/airflow/example_dags/example_python_operator.py
[2026-07-18T20:50:35.767+0000] {processor.py:914} INFO - Processing file /home/airflow/.local/lib/python3.12/site-packages/airflow/example_dags/example_python_operator.py for tasks to queue
[2026-07-18T20:50:35.769+0000] {logging_mixin.py:190} INFO - [2026-07-18T20:50:35.769+0000] {dagbag.py:588} INFO - Filling up the DagBag from /home/airflow/.local/lib/python3.12/site-packages/airflow/example_dags/example_python_operator.py
[2026-07-18T20:50:35.781+0000] {processor.py:925} INFO - DAG(s) 'example_python_operator' retrieved from /home/airflow/.local/lib/python3.12/site-packages/airflow/example_dags/example_python_operator.py
[2026-07-18T20:50:35.799+0000] {logging_mixin.py:190} INFO - [2026-07-18T20:50:35.799+0000] {dag.py:3239} INFO - Sync 1 DAGs
[2026-07-18T20:50:35.809+0000] {logging_mixin.py:190} INFO - [2026-07-18T20:50:35.809+0000] {dag.py:4180} INFO - Setting next_dagrun for example_python_operator to None, run_after=None
[2026-07-18T20:50:35.829+0000] {processor.py:208} INFO - Processing /home/airflow/.local/lib/python3.12/site-packages/airflow/example_dags/example_python_operator.py took 0.068 seconds
[2026-07-18T20:51:07.773+0000] {processor.py:186} INFO - Started process (PID=219) to work on /home/airflow/.local/lib/python3.12/site-packages/airflow/example_dags/example_python_operator.py
[2026-07-18T20:51:07.776+0000] {processor.py:914} INFO - Processing file /home/airflow/.local/lib/python3.12/site-packages/airflow/example_dags/example_python_operator.py for tasks to queue
[2026-07-18T20:51:07.781+0000] {logging_mixin.py:190} INFO - [2026-07-18T20:51:07.781+0000] {dagbag.py:588} INFO - Filling up the DagBag from /home/airflow/.local/lib/python3.12/site-packages/airflow/example_dags/example_python_operator.py
[2026-07-18T20:51:07.810+0000] {processor.py:925} INFO - DAG(s) 'example_python_operator' retrieved from /home/airflow/.local/lib/python3.12/site-packages/airflow/example_dags/example_python_operator.py
[2026-07-18T20:51:07.851+0000] {logging_mixin.py:190} INFO - [2026-07-18T20:51:07.851+0000] {dag.py:3239} INFO - Sync 1 DAGs
[2026-07-18T20:51:07.886+0000] {logging_mixin.py:190} INFO - [2026-07-18T20:51:07.885+0000] {dag.py:4180} INFO - Setting next_dagrun for example_python_operator to None, run_after=None
[2026-07-18T20:51:07.943+0000] {processor.py:208} INFO - Processing /home/airflow/.local/lib/python3.12/site-packages/airflow/example_dags/example_python_operator.py took 0.178 seconds
[2026-07-18T20:51:39.472+0000] {processor.py:186} INFO - Started process (PID=283) to work on /home/airflow/.local/lib/python3.12/site-packages/airflow/example_dags/example_python_operator.py
[2026-07-18T20:51:39.475+0000] {processor.py:914} INFO - Processing file /home/airflow/.local/lib/python3.12/site-packages/airflow/example_dags/example_python_operator.py for tasks to queue
[2026-07-18T20:51:39.481+0000] {logging_mixin.py:190} INFO - [2026-07-18T20:51:39.480+0000] {dagbag.py:588} INFO - Filling up the DagBag from /home/airflow/.local/lib/python3.12/site-packages/airflow/example_dags/example_python_operator.py
[2026-07-18T20:51:39.506+0000] {processor.py:925} INFO - DAG(s) 'example_python_operator' retrieved from /home/airflow/.local/lib/python3.12/site-packages/airflow/example_dags/example_python_operator.py
[2026-07-18T20:51:39.554+0000] {logging_mixin.py:190} INFO - [2026-07-18T20:51:39.553+0000] {dag.py:3239} INFO - Sync 1 DAGs
[2026-07-18T20:51:39.574+0000] {logging_mixin.py:190} INFO - [2026-07-18T20:51:39.573+0000] {dag.py:4180} INFO - Setting next_dagrun for example_python_operator to None, run_after=None
[2026-07-18T20:51:39.599+0000] {processor.py:208} INFO - Processing /home/airflow/.local/lib/python3.12/site-packages/airflow/example_dags/example_python_operator.py took 0.138 seconds
[2026-07-18T20:52:11.277+0000] {processor.py:186} INFO - Started process (PID=346) to work on /home/airflow/.local/lib/python3.12/site-packages/airflow/example_dags/example_python_operator.py
[2026-07-18T20:52:11.279+0000] {processor.py:914} INFO - Processing file /home/airflow/.local/lib/python3.12/site-packages/airflow/example_dags/example_python_operator.py for tasks to queue
[2026-07-18T20:52:11.285+0000] {logging_mixin.py:190} INFO - [2026-07-18T20:52:11.284+0000] {dagbag.py:588} INFO - Filling up the DagBag from /home/airflow/.local/lib/python3.12/site-packages/airflow/example_dags/example_python_operator.py
[2026-07-18T20:52:11.311+0000] {processor.py:925} INFO - DAG(s) 'example_python_operator' retrieved from /home/airflow/.local/lib/python3.12/site-packages/airflow/example_dags/example_python_operator.py
[2026-07-18T20:52:11.339+0000] {logging_mixin.py:190} INFO - [2026-07-18T20:52:11.339+0000] {dag.py:3239} INFO - Sync 1 DAGs
[2026-07-18T20:52:11.363+0000] {logging_mixin.py:190} INFO - [2026-07-18T20:52:11.362+0000] {dag.py:4180} INFO - Setting next_dagrun for example_python_operator to None, run_after=None
[2026-07-18T20:52:11.388+0000] {processor.py:208} INFO - Processing /home/airflow/.local/lib/python3.12/site-packages/airflow/example_dags/example_python_operator.py took 0.124 seconds
[2026-07-18T20:52:42.428+0000] {processor.py:186} INFO - Started process (PID=409) to work on /home/airflow/.local/lib/python3.12/site-packages/airflow/example_dags/example_python_operator.py
[2026-07-18T20:52:42.430+0000] {processor.py:914} INFO - Processing file /home/airflow/.local/lib/python3.12/site-packages/airflow/example_dags/example_python_operator.py for tasks to queue
[2026-07-18T20:52:42.436+0000] {logging_mixin.py:190} INFO - [2026-07-18T20:52:42.435+0000] {dagbag.py:588} INFO - Filling up the DagBag from /home/airflow/.local/lib/python3.12/site-packages/airflow/example_dags/example_python_operator.py
[2026-07-18T20:52:42.461+0000] {processor.py:925} INFO - DAG(s) 'example_python_operator' retrieved from /home/airflow/.local/lib/python3.12/site-packages/airflow/example_dags/example_python_operator.py
[2026-07-18T20:52:42.499+0000] {logging_mixin.py:190} INFO - [2026-07-18T20:52:42.499+0000] {dag.py:3239} INFO - Sync 1 DAGs
[2026-07-18T20:52:42.526+0000] {logging_mixin.py:190} INFO - [2026-07-18T20:52:42.526+0000] {dag.py:4180} INFO - Setting next_dagrun for example_python_operator to None, run_after=None
[2026-07-18T20:52:42.557+0000] {processor.py:208} INFO - Processing /home/airflow/.local/lib/python3.12/site-packages/airflow/example_dags/example_python_operator.py took 0.147 seconds
[2026-07-18T20:53:14.024+0000] {processor.py:186} INFO - Started process (PID=472) to work on /home/airflow/.local/lib/python3.12/site-packages/airflow/example_dags/example_python_operator.py
[2026-07-18T20:53:14.027+0000] {processor.py:914} INFO - Processing file /home/airflow/.local/lib/python3.12/site-packages/airflow/example_dags/example_python_operator.py for tasks to queue
[2026-07-18T20:53:14.032+0000] {logging_mixin.py:190} INFO - [2026-07-18T20:53:14.031+0000] {dagbag.py:588} INFO - Filling up the DagBag from /home/airflow/.local/lib/python3.12/site-packages/airflow/example_dags/example_python_operator.py
[2026-07-18T20:53:14.064+0000] {processor.py:925} INFO - DAG(s) 'example_python_operator' retrieved from /home/airflow/.local/lib/python3.12/site-packages/airflow/example_dags/example_python_operator.py
[2026-07-18T20:53:14.103+0000] {logging_mixin.py:190} INFO - [2026-07-18T20:53:14.102+0000] {dag.py:3239} INFO - Sync 1 DAGs
[2026-07-18T20:53:14.124+0000] {logging_mixin.py:190} INFO - [2026-07-18T20:53:14.124+0000] {dag.py:4180} INFO - Setting next_dagrun for example_python_operator to None, run_after=None
[2026-07-18T20:53:14.148+0000] {processor.py:208} INFO - Processing /home/airflow/.local/lib/python3.12/site-packages/airflow/example_dags/example_python_operator.py took 0.136 seconds
[2026-07-18T20:53:44.835+0000] {processor.py:186} INFO - Started process (PID=535) to work on /home/airflow/.local/lib/python3.12/site-packages/airflow/example_dags/example_python_operator.py
[2026-07-18T20:53:44.836+0000] {processor.py:914} INFO - Processing file /home/airflow/.local/lib/python3.12/site-packages/airflow/example_dags/example_python_operator.py for tasks to queue
[2026-07-18T20:53:44.839+0000] {logging_mixin.py:190} INFO - [2026-07-18T20:53:44.839+0000] {dagbag.py:588} INFO - Filling up the DagBag from /home/airflow/.local/lib/python3.12/site-packages/airflow/example_dags/example_python_operator.py
[2026-07-18T20:53:44.852+0000] {processor.py:925} INFO - DAG(s) 'example_python_operator' retrieved from /home/airflow/.local/lib/python3.12/site-packages/airflow/example_dags/example_python_operator.py
[2026-07-18T20:53:44.873+0000] {logging_mixin.py:190} INFO - [2026-07-18T20:53:44.873+0000] {dag.py:3239} INFO - Sync 1 DAGs
[2026-07-18T20:53:44.886+0000] {logging_mixin.py:190} INFO - [2026-07-18T20:53:44.885+0000] {dag.py:4180} INFO - Setting next_dagrun for example_python_operator to None, run_after=None
[2026-07-18T20:53:44.903+0000] {processor.py:208} INFO - Processing /home/airflow/.local/lib/python3.12/site-packages/airflow/example_dags/example_python_operator.py took 0.074 seconds
[2026-07-18T20:54:15.942+0000] {processor.py:186} INFO - Started process (PID=598) to work on /home/airflow/.local/lib/python3.12/site-packages/airflow/example_dags/example_python_operator.py
[2026-07-18T20:54:15.943+0000] {processor.py:914} INFO - Processing file /home/airflow/.local/lib/python3.12/site-packages/airflow/example_dags/example_python_operator.py for tasks to queue
[2026-07-18T20:54:15.945+0000] {logging_mixin.py:190} INFO - [2026-07-18T20:54:15.945+0000] {dagbag.py:588} INFO - Filling up the DagBag from /home/airflow/.local/lib/python3.12/site-packages/airflow/example_dags/example_python_operator.py
[2026-07-18T20:54:15.958+0000] {processor.py:925} INFO - DAG(s) 'example_python_operator' retrieved from /home/airflow/.local/lib/python3.12/site-packages/airflow/example_dags/example_python_operator.py
[2026-07-18T20:54:15.977+0000] {logging_mixin.py:190} INFO - [2026-07-18T20:54:15.977+0000] {dag.py:3239} INFO - Sync 1 DAGs
[2026-07-18T20:54:15.989+0000] {logging_mixin.py:190} INFO - [2026-07-18T20:54:15.989+0000] {dag.py:4180} INFO - Setting next_dagrun for example_python_operator to None, run_after=None
[2026-07-18T20:54:16.006+0000] {processor.py:208} INFO - Processing /home/airflow/.local/lib/python3.12/site-packages/airflow/example_dags/example_python_operator.py took 0.069 seconds
[2026-07-18T20:54:47.310+0000] {processor.py:186} INFO - Started process (PID=661) to work on /home/airflow/.local/lib/python3.12/site-packages/airflow/example_dags/example_python_operator.py
[2026-07-18T20:54:47.311+0000] {processor.py:914} INFO - Processing file /home/airflow/.local/lib/python3.12/site-packages/airflow/example_dags/example_python_operator.py for tasks to queue
[2026-07-18T20:54:47.314+0000] {logging_mixin.py:190} INFO - [2026-07-18T20:54:47.313+0000] {dagbag.py:588} INFO - Filling up the DagBag from /home/airflow/.local/lib/python3.12/site-packages/airflow/example_dags/example_python_operator.py
[2026-07-18T20:54:47.324+0000] {processor.py:925} INFO - DAG(s) 'example_python_operator' retrieved from /home/airflow/.local/lib/python3.12/site-packages/airflow/example_dags/example_python_operator.py
[2026-07-18T20:54:47.342+0000] {logging_mixin.py:190} INFO - [2026-07-18T20:54:47.342+0000] {dag.py:3239} INFO - Sync 1 DAGs
[2026-07-18T20:54:47.354+0000] {logging_mixin.py:190} INFO - [2026-07-18T20:54:47.353+0000] {dag.py:4180} INFO - Setting next_dagrun for example_python_operator to None, run_after=None
[2026-07-18T20:54:47.368+0000] {processor.py:208} INFO - Processing /home/airflow/.local/lib/python3.12/site-packages/airflow/example_dags/example_python_operator.py took 0.063 seconds
[2026-07-18T20:55:17.961+0000] {processor.py:186} INFO - Started process (PID=724) to work on /home/airflow/.local/lib/python3.12/site-packages/airflow/example_dags/example_python_operator.py
[2026-07-18T20:55:17.962+0000] {processor.py:914} INFO - Processing file /home/airflow/.local/lib/python3.12/site-packages/airflow/example_dags/example_python_operator.py for tasks to queue
[2026-07-18T20:55:17.965+0000] {logging_mixin.py:190} INFO - [2026-07-18T20:55:17.965+0000] {dagbag.py:588} INFO - Filling up the DagBag from /home/airflow/.local/lib/python3.12/site-packages/airflow/example_dags/example_python_operator.py
[2026-07-18T20:55:17.979+0000] {processor.py:925} INFO - DAG(s) 'example_python_operator' retrieved from /home/airflow/.local/lib/python3.12/site-packages/airflow/example_dags/example_python_operator.py
[2026-07-18T20:55:18.000+0000] {logging_mixin.py:190} INFO - [2026-07-18T20:55:17.999+0000] {dag.py:3239} INFO - Sync 1 DAGs
[2026-07-18T20:55:18.013+0000] {logging_mixin.py:190} INFO - [2026-07-18T20:55:18.013+0000] {dag.py:4180} INFO - Setting next_dagrun for example_python_operator to None, run_after=None
[2026-07-18T20:55:18.031+0000] {processor.py:208} INFO - Processing /home/airflow/.local/lib/python3.12/site-packages/airflow/example_dags/example_python_operator.py took 0.076 seconds
[2026-07-18T20:55:49.629+0000] {processor.py:186} INFO - Started process (PID=787) to work on /home/airflow/.local/lib/python3.12/site-packages/airflow/example_dags/example_python_operator.py
[2026-07-18T20:55:49.631+0000] {processor.py:914} INFO - Processing file /home/airflow/.local/lib/python3.12/site-packages/airflow/example_dags/example_python_operator.py for tasks to queue
[2026-07-18T20:55:49.635+0000] {logging_mixin.py:190} INFO - [2026-07-18T20:55:49.635+0000] {dagbag.py:588} INFO - Filling up the DagBag from /home/airflow/.local/lib/python3.12/site-packages/airflow/example_dags/example_python_operator.py
[2026-07-18T20:55:49.655+0000] {processor.py:925} INFO - DAG(s) 'example_python_operator' retrieved from /home/airflow/.local/lib/python3.12/site-packages/airflow/example_dags/example_python_operator.py
[2026-07-18T20:55:49.686+0000] {logging_mixin.py:190} INFO - [2026-07-18T20:55:49.686+0000] {dag.py:3239} INFO - Sync 1 DAGs
[2026-07-18T20:55:49.704+0000] {logging_mixin.py:190} INFO - [2026-07-18T20:55:49.703+0000] {dag.py:4180} INFO - Setting next_dagrun for example_python_operator to None, run_after=None
[2026-07-18T20:55:49.721+0000] {processor.py:208} INFO - Processing /home/airflow/.local/lib/python3.12/site-packages/airflow/example_dags/example_python_operator.py took 0.104 seconds
[2026-07-18T20:56:21.205+0000] {processor.py:186} INFO - Started process (PID=850) to work on /home/airflow/.local/lib/python3.12/site-packages/airflow/example_dags/example_python_operator.py
[2026-07-18T20:56:21.206+0000] {processor.py:914} INFO - Processing file /home/airflow/.local/lib/python3.12/site-packages/airflow/example_dags/example_python_operator.py for tasks to queue
[2026-07-18T20:56:21.209+0000] {logging_mixin.py:190} INFO - [2026-07-18T20:56:21.208+0000] {dagbag.py:588} INFO - Filling up the DagBag from /home/airflow/.local/lib/python3.12/site-packages/airflow/example_dags/example_python_operator.py
[2026-07-18T20:56:21.225+0000] {processor.py:925} INFO - DAG(s) 'example_python_operator' retrieved from /home/airflow/.local/lib/python3.12/site-packages/airflow/example_dags/example_python_operator.py
[2026-07-18T20:56:21.245+0000] {logging_mixin.py:190} INFO - [2026-07-18T20:56:21.244+0000] {dag.py:3239} INFO - Sync 1 DAGs
[2026-07-18T20:56:21.258+0000] {logging_mixin.py:190} INFO - [2026-07-18T20:56:21.257+0000] {dag.py:4180} INFO - Setting next_dagrun for example_python_operator to None, run_after=None
[2026-07-18T20:56:21.277+0000] {processor.py:208} INFO - Processing /home/airflow/.local/lib/python3.12/site-packages/airflow/example_dags/example_python_operator.py took 0.078 seconds
[2026-07-18T20:56:52.530+0000] {processor.py:186} INFO - Started process (PID=913) to work on /home/airflow/.local/lib/python3.12/site-packages/airflow/example_dags/example_python_operator.py
[2026-07-18T20:56:52.531+0000] {processor.py:914} INFO - Processing file /home/airflow/.local/lib/python3.12/site-packages/airflow/example_dags/example_python_operator.py for tasks to queue
[2026-07-18T20:56:52.533+0000] {logging_mixin.py:190} INFO - [2026-07-18T20:56:52.533+0000] {dagbag.py:588} INFO - Filling up the DagBag from /home/airflow/.local/lib/python3.12/site-packages/airflow/example_dags/example_python_operator.py
[2026-07-18T20:56:52.544+0000] {processor.py:925} INFO - DAG(s) 'example_python_operator' retrieved from /home/airflow/.local/lib/python3.12/site-packages/airflow/example_dags/example_python_operator.py
[2026-07-18T20:56:52.564+0000] {logging_mixin.py:190} INFO - [2026-07-18T20:56:52.564+0000] {dag.py:3239} INFO - Sync 1 DAGs
[2026-07-18T20:56:52.577+0000] {logging_mixin.py:190} INFO - [2026-07-18T20:56:52.577+0000] {dag.py:4180} INFO - Setting next_dagrun for example_python_operator to None, run_after=None
[2026-07-18T20:56:52.595+0000] {processor.py:208} INFO - Processing /home/airflow/.local/lib/python3.12/site-packages/airflow/example_dags/example_python_operator.py took 0.070 seconds
[2026-07-18T20:57:23.987+0000] {processor.py:186} INFO - Started process (PID=976) to work on /home/airflow/.local/lib/python3.12/site-packages/airflow/example_dags/example_python_operator.py
[2026-07-18T20:57:23.988+0000] {processor.py:914} INFO - Processing file /home/airflow/.local/lib/python3.12/site-packages/airflow/example_dags/example_python_operator.py for tasks to queue
[2026-07-18T20:57:23.992+0000] {logging_mixin.py:190} INFO - [2026-07-18T20:57:23.991+0000] {dagbag.py:588} INFO - Filling up the DagBag from /home/airflow/.local/lib/python3.12/site-packages/airflow/example_dags/example_python_operator.py
[2026-07-18T20:57:24.006+0000] {processor.py:925} INFO - DAG(s) 'example_python_operator' retrieved from /home/airflow/.local/lib/python3.12/site-packages/airflow/example_dags/example_python_operator.py
[2026-07-18T20:57:24.028+0000] {logging_mixin.py:190} INFO - [2026-07-18T20:57:24.028+0000] {dag.py:3239} INFO - Sync 1 DAGs
[2026-07-18T20:57:24.043+0000] {logging_mixin.py:190} INFO - [2026-07-18T20:57:24.043+0000] {dag.py:4180} INFO - Setting next_dagrun for example_python_operator to None, run_after=None
[2026-07-18T20:57:24.063+0000] {processor.py:208} INFO - Processing /home/airflow/.local/lib/python3.12/site-packages/airflow/example_dags/example_python_operator.py took 0.082 seconds
[2026-07-18T20:57:55.336+0000] {processor.py:186} INFO - Started process (PID=1039) to work on /home/airflow/.local/lib/python3.12/site-packages/airflow/example_dags/example_python_operator.py
[2026-07-18T20:57:55.338+0000] {processor.py:914} INFO - Processing file /home/airflow/.local/lib/python3.12/site-packages/airflow/example_dags/example_python_operator.py for tasks to queue
[2026-07-18T20:57:55.340+0000] {logging_mixin.py:190} INFO - [2026-07-18T20:57:55.340+0000] {dagbag.py:588} INFO - Filling up the DagBag from /home/airflow/.local/lib/python3.12/site-packages/airflow/example_dags/example_python_operator.py
[2026-07-18T20:57:55.353+0000] {processor.py:925} INFO - DAG(s) 'example_python_operator' retrieved from /home/airflow/.local/lib/python3.12/site-packages/airflow/example_dags/example_python_operator.py
[2026-07-18T20:57:55.372+0000] {logging_mixin.py:190} INFO - [2026-07-18T20:57:55.372+0000] {dag.py:3239} INFO - Sync 1 DAGs
[2026-07-18T20:57:55.385+0000] {logging_mixin.py:190} INFO - [2026-07-18T20:57:55.384+0000] {dag.py:4180} INFO - Setting next_dagrun for example_python_operator to None, run_after=None
[2026-07-18T20:57:55.403+0000] {processor.py:208} INFO - Processing /home/airflow/.local/lib/python3.12/site-packages/airflow/example_dags/example_python_operator.py took 0.073 seconds
[2026-07-18T20:58:26.743+0000] {processor.py:186} INFO - Started process (PID=1102) to work on /home/airflow/.local/lib/python3.12/site-packages/airflow/example_dags/example_python_operator.py
[2026-07-18T20:58:26.744+0000] {processor.py:914} INFO - Processing file /home/airflow/.local/lib/python3.12/site-packages/airflow/example_dags/example_python_operator.py for tasks to queue
[2026-07-18T20:58:26.746+0000] {logging_mixin.py:190} INFO - [2026-07-18T20:58:26.746+0000] {dagbag.py:588} INFO - Filling up the DagBag from /home/airflow/.local/lib/python3.12/site-packages/airflow/example_dags/example_python_operator.py
[2026-07-18T20:58:26.756+0000] {processor.py:925} INFO - DAG(s) 'example_python_operator' retrieved from /home/airflow/.local/lib/python3.12/site-packages/airflow/example_dags/example_python_operator.py
[2026-07-18T20:58:26.774+0000] {logging_mixin.py:190} INFO - [2026-07-18T20:58:26.773+0000] {dag.py:3239} INFO - Sync 1 DAGs
[2026-07-18T20:58:26.785+0000] {logging_mixin.py:190} INFO - [2026-07-18T20:58:26.784+0000] {dag.py:4180} INFO - Setting next_dagrun for example_python_operator to None, run_after=None
[2026-07-18T20:58:26.799+0000] {processor.py:208} INFO - Processing /home/airflow/.local/lib/python3.12/site-packages/airflow/example_dags/example_python_operator.py took 0.061 seconds
[2026-07-18T20:58:57.349+0000] {processor.py:186} INFO - Started process (PID=1165) to work on /home/airflow/.local/lib/python3.12/site-packages/airflow/example_dags/example_python_operator.py
[2026-07-18T20:58:57.350+0000] {processor.py:914} INFO - Processing file /home/airflow/.local/lib/python3.12/site-packages/airflow/example_dags/example_python_operator.py for tasks to queue
[2026-07-18T20:58:57.352+0000] {logging_mixin.py:190} INFO - [2026-07-18T20:58:57.352+0000] {dagbag.py:588} INFO - Filling up the DagBag from /home/airflow/.local/lib/python3.12/site-packages/airflow/example_dags/example_python_operator.py
[2026-07-18T20:58:57.369+0000] {processor.py:925} INFO - DAG(s) 'example_python_operator' retrieved from /home/airflow/.local/lib/python3.12/site-packages/airflow/example_dags/example_python_operator.py
[2026-07-18T20:58:57.393+0000] {logging_mixin.py:190} INFO - [2026-07-18T20:58:57.393+0000] {dag.py:3239} INFO - Sync 1 DAGs
[2026-07-18T20:58:57.408+0000] {logging_mixin.py:190} INFO - [2026-07-18T20:58:57.408+0000] {dag.py:4180} INFO - Setting next_dagrun for example_python_operator to None, run_after=None
[2026-07-18T20:58:57.425+0000] {processor.py:208} INFO - Processing /home/airflow/.local/lib/python3.12/site-packages/airflow/example_dags/example_python_operator.py took 0.083 seconds
[2026-07-18T20:59:28.683+0000] {processor.py:186} INFO - Started process (PID=1228) to work on /home/airflow/.local/lib/python3.12/site-packages/airflow/example_dags/example_python_operator.py
[2026-07-18T20:59:28.684+0000] {processor.py:914} INFO - Processing file /home/airflow/.local/lib/python3.12/site-packages/airflow/example_dags/example_python_operator.py for tasks to queue
[2026-07-18T20:59:28.686+0000] {logging_mixin.py:190} INFO - [2026-07-18T20:59:28.686+0000] {dagbag.py:588} INFO - Filling up the DagBag from /home/airflow/.local/lib/python3.12/site-packages/airflow/example_dags/example_python_operator.py
[2026-07-18T20:59:28.697+0000] {processor.py:925} INFO - DAG(s) 'example_python_operator' retrieved from /home/airflow/.local/lib/python3.12/site-packages/airflow/example_dags/example_python_operator.py
[2026-07-18T20:59:28.714+0000] {logging_mixin.py:190} INFO - [2026-07-18T20:59:28.714+0000] {dag.py:3239} INFO - Sync 1 DAGs
[2026-07-18T20:59:28.725+0000] {logging_mixin.py:190} INFO - [2026-07-18T20:59:28.725+0000] {dag.py:4180} INFO - Setting next_dagrun for example_python_operator to None, run_after=None
[2026-07-18T20:59:28.740+0000] {processor.py:208} INFO - Processing /home/airflow/.local/lib/python3.12/site-packages/airflow/example_dags/example_python_operator.py took 0.062 seconds
[2026-07-18T20:59:59.480+0000] {processor.py:186} INFO - Started process (PID=1291) to work on /home/airflow/.local/lib/python3.12/site-packages/airflow/example_dags/example_python_operator.py
[2026-07-18T20:59:59.481+0000] {processor.py:914} INFO - Processing file /home/airflow/.local/lib/python3.12/site-packages/airflow/example_dags/example_python_operator.py for tasks to queue
[2026-07-18T20:59:59.484+0000] {logging_mixin.py:190} INFO - [2026-07-18T20:59:59.484+0000] {dagbag.py:588} INFO - Filling up the DagBag from /home/airflow/.local/lib/python3.12/site-packages/airflow/example_dags/example_python_operator.py
[2026-07-18T20:59:59.495+0000] {processor.py:925} INFO - DAG(s) 'example_python_operator' retrieved from /home/airflow/.local/lib/python3.12/site-packages/airflow/example_dags/example_python_operator.py
[2026-07-18T20:59:59.515+0000] {logging_mixin.py:190} INFO - [2026-07-18T20:59:59.515+0000] {dag.py:3239} INFO - Sync 1 DAGs
[2026-07-18T20:59:59.527+0000] {logging_mixin.py:190} INFO - [2026-07-18T20:59:59.527+0000] {dag.py:4180} INFO - Setting next_dagrun for example_python_operator to None, run_after=None
[2026-07-18T20:59:59.544+0000] {processor.py:208} INFO - Processing /home/airflow/.local/lib/python3.12/site-packages/airflow/example_dags/example_python_operator.py took 0.072 seconds
[2026-07-18T21:00:30.782+0000] {processor.py:186} INFO - Started process (PID=1354) to work on /home/airflow/.local/lib/python3.12/site-packages/airflow/example_dags/example_python_operator.py
[2026-07-18T21:00:30.783+0000] {processor.py:914} INFO - Processing file /home/airflow/.local/lib/python3.12/site-packages/airflow/example_dags/example_python_operator.py for tasks to queue
[2026-07-18T21:00:30.785+0000] {logging_mixin.py:190} INFO - [2026-07-18T21:00:30.785+0000] {dagbag.py:588} INFO - Filling up the DagBag from /home/airflow/.local/lib/python3.12/site-packages/airflow/example_dags/example_python_operator.py
[2026-07-18T21:00:30.796+0000] {processor.py:925} INFO - DAG(s) 'example_python_operator' retrieved from /home/airflow/.local/lib/python3.12/site-packages/airflow/example_dags/example_python_operator.py
[2026-07-18T21:00:30.814+0000] {logging_mixin.py:190} INFO - [2026-07-18T21:00:30.814+0000] {dag.py:3239} INFO - Sync 1 DAGs
[2026-07-18T21:00:30.828+0000] {logging_mixin.py:190} INFO - [2026-07-18T21:00:30.828+0000] {dag.py:4180} INFO - Setting next_dagrun for example_python_operator to None, run_after=None
[2026-07-18T21:00:30.845+0000] {processor.py:208} INFO - Processing /home/airflow/.local/lib/python3.12/site-packages/airflow/example_dags/example_python_operator.py took 0.069 seconds
[2026-07-18T21:01:02.643+0000] {processor.py:186} INFO - Started process (PID=1417) to work on /home/airflow/.local/lib/python3.12/site-packages/airflow/example_dags/example_python_operator.py
[2026-07-18T21:01:02.646+0000] {processor.py:914} INFO - Processing file /home/airflow/.local/lib/python3.12/site-packages/airflow/example_dags/example_python_operator.py for tasks to queue
[2026-07-18T21:01:02.653+0000] {logging_mixin.py:190} INFO - [2026-07-18T21:01:02.652+0000] {dagbag.py:588} INFO - Filling up the DagBag from /home/airflow/.local/lib/python3.12/site-packages/airflow/example_dags/example_python_operator.py
[2026-07-18T21:01:02.680+0000] {processor.py:925} INFO - DAG(s) 'example_python_operator' retrieved from /home/airflow/.local/lib/python3.12/site-packages/airflow/example_dags/example_python_operator.py
[2026-07-18T21:01:02.708+0000] {logging_mixin.py:190} INFO - [2026-07-18T21:01:02.708+0000] {dag.py:3239} INFO - Sync 1 DAGs
[2026-07-18T21:01:02.727+0000] {logging_mixin.py:190} INFO - [2026-07-18T21:01:02.727+0000] {dag.py:4180} INFO - Setting next_dagrun for example_python_operator to None, run_after=None
[2026-07-18T21:01:02.756+0000] {processor.py:208} INFO - Processing /home/airflow/.local/lib/python3.12/site-packages/airflow/example_dags/example_python_operator.py took 0.130 seconds
[2026-07-18T21:01:33.878+0000] {processor.py:186} INFO - Started process (PID=1480) to work on /home/airflow/.local/lib/python3.12/site-packages/airflow/example_dags/example_python_operator.py
[2026-07-18T21:01:33.881+0000] {processor.py:914} INFO - Processing file /home/airflow/.local/lib/python3.12/site-packages/airflow/example_dags/example_python_operator.py for tasks to queue
[2026-07-18T21:01:33.888+0000] {logging_mixin.py:190} INFO - [2026-07-18T21:01:33.887+0000] {dagbag.py:588} INFO - Filling up the DagBag from /home/airflow/.local/lib/python3.12/site-packages/airflow/example_dags/example_python_operator.py
[2026-07-18T21:01:33.914+0000] {processor.py:925} INFO - DAG(s) 'example_python_operator' retrieved from /home/airflow/.local/lib/python3.12/site-packages/airflow/example_dags/example_python_operator.py
[2026-07-18T21:01:33.951+0000] {logging_mixin.py:190} INFO - [2026-07-18T21:01:33.951+0000] {dag.py:3239} INFO - Sync 1 DAGs
[2026-07-18T21:01:33.974+0000] {logging_mixin.py:190} INFO - [2026-07-18T21:01:33.974+0000] {dag.py:4180} INFO - Setting next_dagrun for example_python_operator to None, run_after=None
[2026-07-18T21:01:34.076+0000] {processor.py:208} INFO - Processing /home/airflow/.local/lib/python3.12/site-packages/airflow/example_dags/example_python_operator.py took 0.209 seconds
[2026-07-18T21:02:05.678+0000] {processor.py:186} INFO - Started process (PID=1549) to work on /home/airflow/.local/lib/python3.12/site-packages/airflow/example_dags/example_python_operator.py
[2026-07-18T21:02:05.681+0000] {processor.py:914} INFO - Processing file /home/airflow/.local/lib/python3.12/site-packages/airflow/example_dags/example_python_operator.py for tasks to queue
[2026-07-18T21:02:05.688+0000] {logging_mixin.py:190} INFO - [2026-07-18T21:02:05.688+0000] {dagbag.py:588} INFO - Filling up the DagBag from /home/airflow/.local/lib/python3.12/site-packages/airflow/example_dags/example_python_operator.py
[2026-07-18T21:02:05.731+0000] {processor.py:925} INFO - DAG(s) 'example_python_operator' retrieved from /home/airflow/.local/lib/python3.12/site-packages/airflow/example_dags/example_python_operator.py
[2026-07-18T21:02:05.848+0000] {logging_mixin.py:190} INFO - [2026-07-18T21:02:05.846+0000] {dag.py:3239} INFO - Sync 1 DAGs
[2026-07-18T21:02:05.910+0000] {logging_mixin.py:190} INFO - [2026-07-18T21:02:05.909+0000] {dag.py:4180} INFO - Setting next_dagrun for example_python_operator to None, run_after=None
[2026-07-18T21:02:05.961+0000] {processor.py:208} INFO - Processing /home/airflow/.local/lib/python3.12/site-packages/airflow/example_dags/example_python_operator.py took 0.293 seconds
[2026-07-18T21:02:37.116+0000] {processor.py:186} INFO - Started process (PID=1612) to work on /home/airflow/.local/lib/python3.12/site-packages/airflow/example_dags/example_python_operator.py
[2026-07-18T21:02:37.118+0000] {processor.py:914} INFO - Processing file /home/airflow/.local/lib/python3.12/site-packages/airflow/example_dags/example_python_operator.py for tasks to queue
[2026-07-18T21:02:37.123+0000] {logging_mixin.py:190} INFO - [2026-07-18T21:02:37.122+0000] {dagbag.py:588} INFO - Filling up the DagBag from /home/airflow/.local/lib/python3.12/site-packages/airflow/example_dags/example_python_operator.py
[2026-07-18T21:02:37.144+0000] {processor.py:925} INFO - DAG(s) 'example_python_operator' retrieved from /home/airflow/.local/lib/python3.12/site-packages/airflow/example_dags/example_python_operator.py
[2026-07-18T21:02:37.180+0000] {logging_mixin.py:190} INFO - [2026-07-18T21:02:37.180+0000] {dag.py:3239} INFO - Sync 1 DAGs
[2026-07-18T21:02:37.210+0000] {logging_mixin.py:190} INFO - [2026-07-18T21:02:37.209+0000] {dag.py:4180} INFO - Setting next_dagrun for example_python_operator to None, run_after=None
[2026-07-18T21:02:37.243+0000] {processor.py:208} INFO - Processing /home/airflow/.local/lib/python3.12/site-packages/airflow/example_dags/example_python_operator.py took 0.134 seconds
[2026-07-18T21:03:08.453+0000] {processor.py:186} INFO - Started process (PID=1675) to work on /home/airflow/.local/lib/python3.12/site-packages/airflow/example_dags/example_python_operator.py
[2026-07-18T21:03:08.456+0000] {processor.py:914} INFO - Processing file /home/airflow/.local/lib/python3.12/site-packages/airflow/example_dags/example_python_operator.py for tasks to queue
[2026-07-18T21:03:08.461+0000] {logging_mixin.py:190} INFO - [2026-07-18T21:03:08.461+0000] {dagbag.py:588} INFO - Filling up the DagBag from /home/airflow/.local/lib/python3.12/site-packages/airflow/example_dags/example_python_operator.py
[2026-07-18T21:03:08.483+0000] {processor.py:925} INFO - DAG(s) 'example_python_operator' retrieved from /home/airflow/.local/lib/python3.12/site-packages/airflow/example_dags/example_python_operator.py
[2026-07-18T21:03:08.520+0000] {logging_mixin.py:190} INFO - [2026-07-18T21:03:08.519+0000] {dag.py:3239} INFO - Sync 1 DAGs
[2026-07-18T21:03:08.580+0000] {logging_mixin.py:190} INFO - [2026-07-18T21:03:08.580+0000] {dag.py:4180} INFO - Setting next_dagrun for example_python_operator to None, run_after=None
[2026-07-18T21:03:08.615+0000] {processor.py:208} INFO - Processing /home/airflow/.local/lib/python3.12/site-packages/airflow/example_dags/example_python_operator.py took 0.173 seconds
[2026-07-18T21:03:39.983+0000] {processor.py:186} INFO - Started process (PID=1738) to work on /home/airflow/.local/lib/python3.12/site-packages/airflow/example_dags/example_python_operator.py
[2026-07-18T21:03:39.985+0000] {processor.py:914} INFO - Processing file /home/airflow/.local/lib/python3.12/site-packages/airflow/example_dags/example_python_operator.py for tasks to queue
[2026-07-18T21:03:39.991+0000] {logging_mixin.py:190} INFO - [2026-07-18T21:03:39.990+0000] {dagbag.py:588} INFO - Filling up the DagBag from /home/airflow/.local/lib/python3.12/site-packages/airflow/example_dags/example_python_operator.py
[2026-07-18T21:03:40.022+0000] {processor.py:925} INFO - DAG(s) 'example_python_operator' retrieved from /home/airflow/.local/lib/python3.12/site-packages/airflow/example_dags/example_python_operator.py
[2026-07-18T21:03:40.067+0000] {logging_mixin.py:190} INFO - [2026-07-18T21:03:40.067+0000] {dag.py:3239} INFO - Sync 1 DAGs
[2026-07-18T21:03:40.106+0000] {logging_mixin.py:190} INFO - [2026-07-18T21:03:40.105+0000] {dag.py:4180} INFO - Setting next_dagrun for example_python_operator to None, run_after=None
[2026-07-18T21:03:40.165+0000] {processor.py:208} INFO - Processing /home/airflow/.local/lib/python3.12/site-packages/airflow/example_dags/example_python_operator.py took 0.195 seconds
[2026-07-18T21:04:11.908+0000] {processor.py:186} INFO - Started process (PID=1802) to work on /home/airflow/.local/lib/python3.12/site-packages/airflow/example_dags/example_python_operator.py
[2026-07-18T21:04:11.911+0000] {processor.py:914} INFO - Processing file /home/airflow/.local/lib/python3.12/site-packages/airflow/example_dags/example_python_operator.py for tasks to queue
[2026-07-18T21:04:11.915+0000] {logging_mixin.py:190} INFO - [2026-07-18T21:04:11.915+0000] {dagbag.py:588} INFO - Filling up the DagBag from /home/airflow/.local/lib/python3.12/site-packages/airflow/example_dags/example_python_operator.py
[2026-07-18T21:04:11.932+0000] {processor.py:925} INFO - DAG(s) 'example_python_operator' retrieved from /home/airflow/.local/lib/python3.12/site-packages/airflow/example_dags/example_python_operator.py
[2026-07-18T21:04:11.974+0000] {logging_mixin.py:190} INFO - [2026-07-18T21:04:11.974+0000] {dag.py:3239} INFO - Sync 1 DAGs
[2026-07-18T21:04:11.995+0000] {logging_mixin.py:190} INFO - [2026-07-18T21:04:11.994+0000] {dag.py:4180} INFO - Setting next_dagrun for example_python_operator to None, run_after=None
[2026-07-18T21:04:12.030+0000] {processor.py:208} INFO - Processing /home/airflow/.local/lib/python3.12/site-packages/airflow/example_dags/example_python_operator.py took 0.132 seconds
[2026-07-18T21:04:42.967+0000] {processor.py:186} INFO - Started process (PID=1865) to work on /home/airflow/.local/lib/python3.12/site-packages/airflow/example_dags/example_python_operator.py
[2026-07-18T21:04:42.970+0000] {processor.py:914} INFO - Processing file /home/airflow/.local/lib/python3.12/site-packages/airflow/example_dags/example_python_operator.py for tasks to queue
[2026-07-18T21:04:42.975+0000] {logging_mixin.py:190} INFO - [2026-07-18T21:04:42.974+0000] {dagbag.py:588} INFO - Filling up the DagBag from /home/airflow/.local/lib/python3.12/site-packages/airflow/example_dags/example_python_operator.py
[2026-07-18T21:04:42.996+0000] {processor.py:925} INFO - DAG(s) 'example_python_operator' retrieved from /home/airflow/.local/lib/python3.12/site-packages/airflow/example_dags/example_python_operator.py
[2026-07-18T21:04:43.027+0000] {logging_mixin.py:190} INFO - [2026-07-18T21:04:43.027+0000] {dag.py:3239} INFO - Sync 1 DAGs
[2026-07-18T21:04:43.054+0000] {logging_mixin.py:190} INFO - [2026-07-18T21:04:43.054+0000] {dag.py:4180} INFO - Setting next_dagrun for example_python_operator to None, run_after=None
[2026-07-18T21:04:43.086+0000] {processor.py:208} INFO - Processing /home/airflow/.local/lib/python3.12/site-packages/airflow/example_dags/example_python_operator.py took 0.127 seconds
[2026-07-18T21:05:13.993+0000] {processor.py:186} INFO - Started process (PID=1928) to work on /home/airflow/.local/lib/python3.12/site-packages/airflow/example_dags/example_python_operator.py
[2026-07-18T21:05:13.994+0000] {processor.py:914} INFO - Processing file /home/airflow/.local/lib/python3.12/site-packages/airflow/example_dags/example_python_operator.py for tasks to queue
[2026-07-18T21:05:13.997+0000] {logging_mixin.py:190} INFO - [2026-07-18T21:05:13.996+0000] {dagbag.py:588} INFO - Filling up the DagBag from /home/airflow/.local/lib/python3.12/site-packages/airflow/example_dags/example_python_operator.py
[2026-07-18T21:05:14.007+0000] {processor.py:925} INFO - DAG(s) 'example_python_operator' retrieved from /home/airflow/.local/lib/python3.12/site-packages/airflow/example_dags/example_python_operator.py
[2026-07-18T21:05:14.024+0000] {logging_mixin.py:190} INFO - [2026-07-18T21:05:14.024+0000] {dag.py:3239} INFO - Sync 1 DAGs
[2026-07-18T21:05:14.035+0000] {logging_mixin.py:190} INFO - [2026-07-18T21:05:14.035+0000] {dag.py:4180} INFO - Setting next_dagrun for example_python_operator to None, run_after=None
[2026-07-18T21:05:14.050+0000] {processor.py:208} INFO - Processing /home/airflow/.local/lib/python3.12/site-packages/airflow/example_dags/example_python_operator.py took 0.062 seconds
[2026-07-18T21:05:46.023+0000] {processor.py:186} INFO - Started process (PID=1991) to work on /home/airflow/.local/lib/python3.12/site-packages/airflow/example_dags/example_python_operator.py
[2026-07-18T21:05:46.025+0000] {processor.py:914} INFO - Processing file /home/airflow/.local/lib/python3.12/site-packages/airflow/example_dags/example_python_operator.py for tasks to queue
[2026-07-18T21:05:46.030+0000] {logging_mixin.py:190} INFO - [2026-07-18T21:05:46.029+0000] {dagbag.py:588} INFO - Filling up the DagBag from /home/airflow/.local/lib/python3.12/site-packages/airflow/example_dags/example_python_operator.py
[2026-07-18T21:05:46.065+0000] {processor.py:925} INFO - DAG(s) 'example_python_operator' retrieved from /home/airflow/.local/lib/python3.12/site-packages/airflow/example_dags/example_python_operator.py
[2026-07-18T21:05:46.110+0000] {logging_mixin.py:190} INFO - [2026-07-18T21:05:46.110+0000] {dag.py:3239} INFO - Sync 1 DAGs
[2026-07-18T21:05:46.133+0000] {logging_mixin.py:190} INFO - [2026-07-18T21:05:46.132+0000] {dag.py:4180} INFO - Setting next_dagrun for example_python_operator to None, run_after=None
[2026-07-18T21:05:46.158+0000] {processor.py:208} INFO - Processing /home/airflow/.local/lib/python3.12/site-packages/airflow/example_dags/example_python_operator.py took 0.145 seconds
[2026-07-18T21:06:17.598+0000] {processor.py:186} INFO - Started process (PID=2054) to work on /home/airflow/.local/lib/python3.12/site-packages/airflow/example_dags/example_python_operator.py
[2026-07-18T21:06:17.601+0000] {processor.py:914} INFO - Processing file /home/airflow/.local/lib/python3.12/site-packages/airflow/example_dags/example_python_operator.py for tasks to queue
[2026-07-18T21:06:17.610+0000] {logging_mixin.py:190} INFO - [2026-07-18T21:06:17.609+0000] {dagbag.py:588} INFO - Filling up the DagBag from /home/airflow/.local/lib/python3.12/site-packages/airflow/example_dags/example_python_operator.py
[2026-07-18T21:06:17.640+0000] {processor.py:925} INFO - DAG(s) 'example_python_operator' retrieved from /home/airflow/.local/lib/python3.12/site-packages/airflow/example_dags/example_python_operator.py
[2026-07-18T21:06:17.705+0000] {logging_mixin.py:190} INFO - [2026-07-18T21:06:17.705+0000] {dag.py:3239} INFO - Sync 1 DAGs
[2026-07-18T21:06:17.749+0000] {logging_mixin.py:190} INFO - [2026-07-18T21:06:17.748+0000] {dag.py:4180} INFO - Setting next_dagrun for example_python_operator to None, run_after=None
[2026-07-18T21:06:17.831+0000] {processor.py:208} INFO - Processing /home/airflow/.local/lib/python3.12/site-packages/airflow/example_dags/example_python_operator.py took 0.247 seconds
[2026-07-18T21:06:49.484+0000] {processor.py:186} INFO - Started process (PID=2120) to work on /home/airflow/.local/lib/python3.12/site-packages/airflow/example_dags/example_python_operator.py
[2026-07-18T21:06:49.486+0000] {processor.py:914} INFO - Processing file /home/airflow/.local/lib/python3.12/site-packages/airflow/example_dags/example_python_operator.py for tasks to queue
[2026-07-18T21:06:49.493+0000] {logging_mixin.py:190} INFO - [2026-07-18T21:06:49.492+0000] {dagbag.py:588} INFO - Filling up the DagBag from /home/airflow/.local/lib/python3.12/site-packages/airflow/example_dags/example_python_operator.py
[2026-07-18T21:06:49.523+0000] {processor.py:925} INFO - DAG(s) 'example_python_operator' retrieved from /home/airflow/.local/lib/python3.12/site-packages/airflow/example_dags/example_python_operator.py
[2026-07-18T21:06:49.564+0000] {logging_mixin.py:190} INFO - [2026-07-18T21:06:49.564+0000] {dag.py:3239} INFO - Sync 1 DAGs
[2026-07-18T21:06:49.593+0000] {logging_mixin.py:190} INFO - [2026-07-18T21:06:49.593+0000] {dag.py:4180} INFO - Setting next_dagrun for example_python_operator to None, run_after=None
[2026-07-18T21:06:49.700+0000] {processor.py:208} INFO - Processing /home/airflow/.local/lib/python3.12/site-packages/airflow/example_dags/example_python_operator.py took 0.228 seconds
[2026-07-18T21:07:20.449+0000] {processor.py:186} INFO - Started process (PID=2183) to work on /home/airflow/.local/lib/python3.12/site-packages/airflow/example_dags/example_python_operator.py
[2026-07-18T21:07:20.452+0000] {processor.py:914} INFO - Processing file /home/airflow/.local/lib/python3.12/site-packages/airflow/example_dags/example_python_operator.py for tasks to queue
[2026-07-18T21:07:20.458+0000] {logging_mixin.py:190} INFO - [2026-07-18T21:07:20.457+0000] {dagbag.py:588} INFO - Filling up the DagBag from /home/airflow/.local/lib/python3.12/site-packages/airflow/example_dags/example_python_operator.py
[2026-07-18T21:07:20.482+0000] {processor.py:925} INFO - DAG(s) 'example_python_operator' retrieved from /home/airflow/.local/lib/python3.12/site-packages/airflow/example_dags/example_python_operator.py
[2026-07-18T21:07:20.515+0000] {logging_mixin.py:190} INFO - [2026-07-18T21:07:20.515+0000] {dag.py:3239} INFO - Sync 1 DAGs
[2026-07-18T21:07:20.544+0000] {logging_mixin.py:190} INFO - [2026-07-18T21:07:20.544+0000] {dag.py:4180} INFO - Setting next_dagrun for example_python_operator to None, run_after=None
[2026-07-18T21:07:20.624+0000] {processor.py:208} INFO - Processing /home/airflow/.local/lib/python3.12/site-packages/airflow/example_dags/example_python_operator.py took 0.191 seconds
[2026-07-18T21:07:51.678+0000] {processor.py:186} INFO - Started process (PID=2246) to work on /home/airflow/.local/lib/python3.12/site-packages/airflow/example_dags/example_python_operator.py
[2026-07-18T21:07:51.680+0000] {processor.py:914} INFO - Processing file /home/airflow/.local/lib/python3.12/site-packages/airflow/example_dags/example_python_operator.py for tasks to queue
[2026-07-18T21:07:51.685+0000] {logging_mixin.py:190} INFO - [2026-07-18T21:07:51.685+0000] {dagbag.py:588} INFO - Filling up the DagBag from /home/airflow/.local/lib/python3.12/site-packages/airflow/example_dags/example_python_operator.py
[2026-07-18T21:07:51.702+0000] {processor.py:925} INFO - DAG(s) 'example_python_operator' retrieved from /home/airflow/.local/lib/python3.12/site-packages/airflow/example_dags/example_python_operator.py
[2026-07-18T21:07:51.746+0000] {logging_mixin.py:190} INFO - [2026-07-18T21:07:51.745+0000] {dag.py:3239} INFO - Sync 1 DAGs
[2026-07-18T21:07:51.772+0000] {logging_mixin.py:190} INFO - [2026-07-18T21:07:51.771+0000] {dag.py:4180} INFO - Setting next_dagrun for example_python_operator to None, run_after=None
[2026-07-18T21:07:51.804+0000] {processor.py:208} INFO - Processing /home/airflow/.local/lib/python3.12/site-packages/airflow/example_dags/example_python_operator.py took 0.134 seconds
[2026-07-18T21:08:23.008+0000] {processor.py:186} INFO - Started process (PID=2309) to work on /home/airflow/.local/lib/python3.12/site-packages/airflow/example_dags/example_python_operator.py
[2026-07-18T21:08:23.010+0000] {processor.py:914} INFO - Processing file /home/airflow/.local/lib/python3.12/site-packages/airflow/example_dags/example_python_operator.py for tasks to queue
[2026-07-18T21:08:23.015+0000] {logging_mixin.py:190} INFO - [2026-07-18T21:08:23.014+0000] {dagbag.py:588} INFO - Filling up the DagBag from /home/airflow/.local/lib/python3.12/site-packages/airflow/example_dags/example_python_operator.py
[2026-07-18T21:08:23.036+0000] {processor.py:925} INFO - DAG(s) 'example_python_operator' retrieved from /home/airflow/.local/lib/python3.12/site-packages/airflow/example_dags/example_python_operator.py
[2026-07-18T21:08:23.067+0000] {logging_mixin.py:190} INFO - [2026-07-18T21:08:23.066+0000] {dag.py:3239} INFO - Sync 1 DAGs
[2026-07-18T21:08:23.086+0000] {logging_mixin.py:190} INFO - [2026-07-18T21:08:23.086+0000] {dag.py:4180} INFO - Setting next_dagrun for example_python_operator to None, run_after=None
[2026-07-18T21:08:23.132+0000] {processor.py:208} INFO - Processing /home/airflow/.local/lib/python3.12/site-packages/airflow/example_dags/example_python_operator.py took 0.133 seconds
[2026-07-18T21:16:31.463+0000] {processor.py:186} INFO - Started process (PID=2378) to work on /home/airflow/.local/lib/python3.12/site-packages/airflow/example_dags/example_python_operator.py
[2026-07-18T21:16:31.467+0000] {processor.py:914} INFO - Processing file /home/airflow/.local/lib/python3.12/site-packages/airflow/example_dags/example_python_operator.py for tasks to queue
[2026-07-18T21:16:31.474+0000] {logging_mixin.py:190} INFO - [2026-07-18T21:16:31.473+0000] {dagbag.py:588} INFO - Filling up the DagBag from /home/airflow/.local/lib/python3.12/site-packages/airflow/example_dags/example_python_operator.py
[2026-07-18T21:16:31.500+0000] {processor.py:925} INFO - DAG(s) 'example_python_operator' retrieved from /home/airflow/.local/lib/python3.12/site-packages/airflow/example_dags/example_python_operator.py
[2026-07-18T21:16:31.550+0000] {logging_mixin.py:190} INFO - [2026-07-18T21:16:31.549+0000] {dag.py:3239} INFO - Sync 1 DAGs
[2026-07-18T21:16:31.585+0000] {logging_mixin.py:190} INFO - [2026-07-18T21:16:31.584+0000] {dag.py:4180} INFO - Setting next_dagrun for example_python_operator to None, run_after=None
[2026-07-18T21:16:31.641+0000] {processor.py:208} INFO - Processing /home/airflow/.local/lib/python3.12/site-packages/airflow/example_dags/example_python_operator.py took 0.191 seconds
[2026-07-18T21:17:02.359+0000] {processor.py:186} INFO - Started process (PID=2441) to work on /home/airflow/.local/lib/python3.12/site-packages/airflow/example_dags/example_python_operator.py
[2026-07-18T21:17:02.361+0000] {processor.py:914} INFO - Processing file /home/airflow/.local/lib/python3.12/site-packages/airflow/example_dags/example_python_operator.py for tasks to queue
[2026-07-18T21:17:02.367+0000] {logging_mixin.py:190} INFO - [2026-07-18T21:17:02.367+0000] {dagbag.py:588} INFO - Filling up the DagBag from /home/airflow/.local/lib/python3.12/site-packages/airflow/example_dags/example_python_operator.py
[2026-07-18T21:17:02.389+0000] {processor.py:925} INFO - DAG(s) 'example_python_operator' retrieved from /home/airflow/.local/lib/python3.12/site-packages/airflow/example_dags/example_python_operator.py
[2026-07-18T21:17:02.423+0000] {logging_mixin.py:190} INFO - [2026-07-18T21:17:02.422+0000] {dag.py:3239} INFO - Sync 1 DAGs
[2026-07-18T21:17:02.446+0000] {logging_mixin.py:190} INFO - [2026-07-18T21:17:02.446+0000] {dag.py:4180} INFO - Setting next_dagrun for example_python_operator to None, run_after=None
[2026-07-18T21:17:02.476+0000] {processor.py:208} INFO - Processing /home/airflow/.local/lib/python3.12/site-packages/airflow/example_dags/example_python_operator.py took 0.125 seconds
[2026-07-18T21:17:32.777+0000] {processor.py:186} INFO - Started process (PID=2504) to work on /home/airflow/.local/lib/python3.12/site-packages/airflow/example_dags/example_python_operator.py
[2026-07-18T21:17:32.780+0000] {processor.py:914} INFO - Processing file /home/airflow/.local/lib/python3.12/site-packages/airflow/example_dags/example_python_operator.py for tasks to queue
[2026-07-18T21:17:32.786+0000] {logging_mixin.py:190} INFO - [2026-07-18T21:17:32.785+0000] {dagbag.py:588} INFO - Filling up the DagBag from /home/airflow/.local/lib/python3.12/site-packages/airflow/example_dags/example_python_operator.py
[2026-07-18T21:17:32.806+0000] {processor.py:925} INFO - DAG(s) 'example_python_operator' retrieved from /home/airflow/.local/lib/python3.12/site-packages/airflow/example_dags/example_python_operator.py
[2026-07-18T21:17:32.834+0000] {logging_mixin.py:190} INFO - [2026-07-18T21:17:32.833+0000] {dag.py:3239} INFO - Sync 1 DAGs
[2026-07-18T21:17:32.856+0000] {logging_mixin.py:190} INFO - [2026-07-18T21:17:32.856+0000] {dag.py:4180} INFO - Setting next_dagrun for example_python_operator to None, run_after=None
[2026-07-18T21:17:32.882+0000] {processor.py:208} INFO - Processing /home/airflow/.local/lib/python3.12/site-packages/airflow/example_dags/example_python_operator.py took 0.114 seconds
[2026-07-18T21:18:03.807+0000] {processor.py:186} INFO - Started process (PID=2567) to work on /home/airflow/.local/lib/python3.12/site-packages/airflow/example_dags/example_python_operator.py
[2026-07-18T21:18:03.810+0000] {processor.py:914} INFO - Processing file /home/airflow/.local/lib/python3.12/site-packages/airflow/example_dags/example_python_operator.py for tasks to queue
[2026-07-18T21:18:03.818+0000] {logging_mixin.py:190} INFO - [2026-07-18T21:18:03.817+0000] {dagbag.py:588} INFO - Filling up the DagBag from /home/airflow/.local/lib/python3.12/site-packages/airflow/example_dags/example_python_operator.py
[2026-07-18T21:18:03.853+0000] {processor.py:925} INFO - DAG(s) 'example_python_operator' retrieved from /home/airflow/.local/lib/python3.12/site-packages/airflow/example_dags/example_python_operator.py
[2026-07-18T21:18:03.901+0000] {logging_mixin.py:190} INFO - [2026-07-18T21:18:03.900+0000] {dag.py:3239} INFO - Sync 1 DAGs
[2026-07-18T21:18:03.934+0000] {logging_mixin.py:190} INFO - [2026-07-18T21:18:03.934+0000] {dag.py:4180} INFO - Setting next_dagrun for example_python_operator to None, run_after=None
[2026-07-18T21:18:03.965+0000] {processor.py:208} INFO - Processing /home/airflow/.local/lib/python3.12/site-packages/airflow/example_dags/example_python_operator.py took 0.169 seconds
[2026-07-18T21:18:34.062+0000] {processor.py:186} INFO - Started process (PID=2630) to work on /home/airflow/.local/lib/python3.12/site-packages/airflow/example_dags/example_python_operator.py
[2026-07-18T21:18:34.064+0000] {processor.py:914} INFO - Processing file /home/airflow/.local/lib/python3.12/site-packages/airflow/example_dags/example_python_operator.py for tasks to queue
[2026-07-18T21:18:34.069+0000] {logging_mixin.py:190} INFO - [2026-07-18T21:18:34.069+0000] {dagbag.py:588} INFO - Filling up the DagBag from /home/airflow/.local/lib/python3.12/site-packages/airflow/example_dags/example_python_operator.py
[2026-07-18T21:18:34.098+0000] {processor.py:925} INFO - DAG(s) 'example_python_operator' retrieved from /home/airflow/.local/lib/python3.12/site-packages/airflow/example_dags/example_python_operator.py
[2026-07-18T21:18:34.136+0000] {logging_mixin.py:190} INFO - [2026-07-18T21:18:34.136+0000] {dag.py:3239} INFO - Sync 1 DAGs
[2026-07-18T21:18:34.157+0000] {logging_mixin.py:190} INFO - [2026-07-18T21:18:34.157+0000] {dag.py:4180} INFO - Setting next_dagrun for example_python_operator to None, run_after=None
[2026-07-18T21:18:34.185+0000] {processor.py:208} INFO - Processing /home/airflow/.local/lib/python3.12/site-packages/airflow/example_dags/example_python_operator.py took 0.132 seconds
[2026-07-18T21:19:04.611+0000] {processor.py:186} INFO - Started process (PID=2692) to work on /home/airflow/.local/lib/python3.12/site-packages/airflow/example_dags/example_python_operator.py
[2026-07-18T21:19:04.614+0000] {processor.py:914} INFO - Processing file /home/airflow/.local/lib/python3.12/site-packages/airflow/example_dags/example_python_operator.py for tasks to queue
[2026-07-18T21:19:04.621+0000] {logging_mixin.py:190} INFO - [2026-07-18T21:19:04.620+0000] {dagbag.py:588} INFO - Filling up the DagBag from /home/airflow/.local/lib/python3.12/site-packages/airflow/example_dags/example_python_operator.py
[2026-07-18T21:19:04.654+0000] {processor.py:925} INFO - DAG(s) 'example_python_operator' retrieved from /home/airflow/.local/lib/python3.12/site-packages/airflow/example_dags/example_python_operator.py
[2026-07-18T21:19:04.722+0000] {logging_mixin.py:190} INFO - [2026-07-18T21:19:04.721+0000] {dag.py:3239} INFO - Sync 1 DAGs
[2026-07-18T21:19:04.767+0000] {logging_mixin.py:190} INFO - [2026-07-18T21:19:04.766+0000] {dag.py:4180} INFO - Setting next_dagrun for example_python_operator to None, run_after=None
[2026-07-18T21:19:04.824+0000] {processor.py:208} INFO - Processing /home/airflow/.local/lib/python3.12/site-packages/airflow/example_dags/example_python_operator.py took 0.223 seconds
[2026-07-18T21:19:35.250+0000] {processor.py:186} INFO - Started process (PID=2755) to work on /home/airflow/.local/lib/python3.12/site-packages/airflow/example_dags/example_python_operator.py
[2026-07-18T21:19:35.253+0000] {processor.py:914} INFO - Processing file /home/airflow/.local/lib/python3.12/site-packages/airflow/example_dags/example_python_operator.py for tasks to queue
[2026-07-18T21:19:35.259+0000] {logging_mixin.py:190} INFO - [2026-07-18T21:19:35.258+0000] {dagbag.py:588} INFO - Filling up the DagBag from /home/airflow/.local/lib/python3.12/site-packages/airflow/example_dags/example_python_operator.py
[2026-07-18T21:19:35.288+0000] {processor.py:925} INFO - DAG(s) 'example_python_operator' retrieved from /home/airflow/.local/lib/python3.12/site-packages/airflow/example_dags/example_python_operator.py
[2026-07-18T21:19:35.319+0000] {logging_mixin.py:190} INFO - [2026-07-18T21:19:35.319+0000] {dag.py:3239} INFO - Sync 1 DAGs
[2026-07-18T21:19:35.340+0000] {logging_mixin.py:190} INFO - [2026-07-18T21:19:35.340+0000] {dag.py:4180} INFO - Setting next_dagrun for example_python_operator to None, run_after=None
[2026-07-18T21:19:35.368+0000] {processor.py:208} INFO - Processing /home/airflow/.local/lib/python3.12/site-packages/airflow/example_dags/example_python_operator.py took 0.131 seconds
[2026-07-18T21:20:05.673+0000] {processor.py:186} INFO - Started process (PID=2818) to work on /home/airflow/.local/lib/python3.12/site-packages/airflow/example_dags/example_python_operator.py
[2026-07-18T21:20:05.675+0000] {processor.py:914} INFO - Processing file /home/airflow/.local/lib/python3.12/site-packages/airflow/example_dags/example_python_operator.py for tasks to queue
[2026-07-18T21:20:05.679+0000] {logging_mixin.py:190} INFO - [2026-07-18T21:20:05.678+0000] {dagbag.py:588} INFO - Filling up the DagBag from /home/airflow/.local/lib/python3.12/site-packages/airflow/example_dags/example_python_operator.py
[2026-07-18T21:20:05.696+0000] {processor.py:925} INFO - DAG(s) 'example_python_operator' retrieved from /home/airflow/.local/lib/python3.12/site-packages/airflow/example_dags/example_python_operator.py
[2026-07-18T21:20:05.729+0000] {logging_mixin.py:190} INFO - [2026-07-18T21:20:05.729+0000] {dag.py:3239} INFO - Sync 1 DAGs
[2026-07-18T21:20:05.753+0000] {logging_mixin.py:190} INFO - [2026-07-18T21:20:05.753+0000] {dag.py:4180} INFO - Setting next_dagrun for example_python_operator to None, run_after=None
[2026-07-18T21:20:05.787+0000] {processor.py:208} INFO - Processing /home/airflow/.local/lib/python3.12/site-packages/airflow/example_dags/example_python_operator.py took 0.122 seconds
[2026-07-18T21:20:36.047+0000] {processor.py:186} INFO - Started process (PID=2881) to work on /home/airflow/.local/lib/python3.12/site-packages/airflow/example_dags/example_python_operator.py
[2026-07-18T21:20:36.050+0000] {processor.py:914} INFO - Processing file /home/airflow/.local/lib/python3.12/site-packages/airflow/example_dags/example_python_operator.py for tasks to queue
[2026-07-18T21:20:36.058+0000] {logging_mixin.py:190} INFO - [2026-07-18T21:20:36.057+0000] {dagbag.py:588} INFO - Filling up the DagBag from /home/airflow/.local/lib/python3.12/site-packages/airflow/example_dags/example_python_operator.py
[2026-07-18T21:20:36.090+0000] {processor.py:925} INFO - DAG(s) 'example_python_operator' retrieved from /home/airflow/.local/lib/python3.12/site-packages/airflow/example_dags/example_python_operator.py
[2026-07-18T21:20:36.149+0000] {logging_mixin.py:190} INFO - [2026-07-18T21:20:36.148+0000] {dag.py:3239} INFO - Sync 1 DAGs
[2026-07-18T21:20:36.172+0000] {logging_mixin.py:190} INFO - [2026-07-18T21:20:36.171+0000] {dag.py:4180} INFO - Setting next_dagrun for example_python_operator to None, run_after=None
[2026-07-18T21:20:36.251+0000] {processor.py:208} INFO - Processing /home/airflow/.local/lib/python3.12/site-packages/airflow/example_dags/example_python_operator.py took 0.222 seconds
[2026-07-18T21:21:06.825+0000] {processor.py:186} INFO - Started process (PID=2944) to work on /home/airflow/.local/lib/python3.12/site-packages/airflow/example_dags/example_python_operator.py
[2026-07-18T21:21:06.829+0000] {processor.py:914} INFO - Processing file /home/airflow/.local/lib/python3.12/site-packages/airflow/example_dags/example_python_operator.py for tasks to queue
[2026-07-18T21:21:06.836+0000] {logging_mixin.py:190} INFO - [2026-07-18T21:21:06.835+0000] {dagbag.py:588} INFO - Filling up the DagBag from /home/airflow/.local/lib/python3.12/site-packages/airflow/example_dags/example_python_operator.py
[2026-07-18T21:21:06.865+0000] {processor.py:925} INFO - DAG(s) 'example_python_operator' retrieved from /home/airflow/.local/lib/python3.12/site-packages/airflow/example_dags/example_python_operator.py
[2026-07-18T21:21:06.922+0000] {logging_mixin.py:190} INFO - [2026-07-18T21:21:06.921+0000] {dag.py:3239} INFO - Sync 1 DAGs
[2026-07-18T21:21:06.962+0000] {logging_mixin.py:190} INFO - [2026-07-18T21:21:06.961+0000] {dag.py:4180} INFO - Setting next_dagrun for example_python_operator to None, run_after=None
[2026-07-18T21:21:07.031+0000] {processor.py:208} INFO - Processing /home/airflow/.local/lib/python3.12/site-packages/airflow/example_dags/example_python_operator.py took 0.219 seconds
[2026-07-18T21:21:38.077+0000] {processor.py:186} INFO - Started process (PID=3007) to work on /home/airflow/.local/lib/python3.12/site-packages/airflow/example_dags/example_python_operator.py
[2026-07-18T21:21:38.080+0000] {processor.py:914} INFO - Processing file /home/airflow/.local/lib/python3.12/site-packages/airflow/example_dags/example_python_operator.py for tasks to queue
[2026-07-18T21:21:38.086+0000] {logging_mixin.py:190} INFO - [2026-07-18T21:21:38.085+0000] {dagbag.py:588} INFO - Filling up the DagBag from /home/airflow/.local/lib/python3.12/site-packages/airflow/example_dags/example_python_operator.py
[2026-07-18T21:21:38.106+0000] {processor.py:925} INFO - DAG(s) 'example_python_operator' retrieved from /home/airflow/.local/lib/python3.12/site-packages/airflow/example_dags/example_python_operator.py
[2026-07-18T21:21:38.146+0000] {logging_mixin.py:190} INFO - [2026-07-18T21:21:38.145+0000] {dag.py:3239} INFO - Sync 1 DAGs
[2026-07-18T21:21:38.176+0000] {logging_mixin.py:190} INFO - [2026-07-18T21:21:38.176+0000] {dag.py:4180} INFO - Setting next_dagrun for example_python_operator to None, run_after=None
[2026-07-18T21:21:38.206+0000] {processor.py:208} INFO - Processing /home/airflow/.local/lib/python3.12/site-packages/airflow/example_dags/example_python_operator.py took 0.138 seconds
[2026-07-18T21:22:08.315+0000] {processor.py:186} INFO - Started process (PID=3069) to work on /home/airflow/.local/lib/python3.12/site-packages/airflow/example_dags/example_python_operator.py
[2026-07-18T21:22:08.317+0000] {processor.py:914} INFO - Processing file /home/airflow/.local/lib/python3.12/site-packages/airflow/example_dags/example_python_operator.py for tasks to queue
[2026-07-18T21:22:08.322+0000] {logging_mixin.py:190} INFO - [2026-07-18T21:22:08.322+0000] {dagbag.py:588} INFO - Filling up the DagBag from /home/airflow/.local/lib/python3.12/site-packages/airflow/example_dags/example_python_operator.py
[2026-07-18T21:22:08.345+0000] {processor.py:925} INFO - DAG(s) 'example_python_operator' retrieved from /home/airflow/.local/lib/python3.12/site-packages/airflow/example_dags/example_python_operator.py
[2026-07-18T21:22:08.384+0000] {logging_mixin.py:190} INFO - [2026-07-18T21:22:08.383+0000] {dag.py:3239} INFO - Sync 1 DAGs
[2026-07-18T21:22:08.424+0000] {logging_mixin.py:190} INFO - [2026-07-18T21:22:08.423+0000] {dag.py:4180} INFO - Setting next_dagrun for example_python_operator to None, run_after=None
[2026-07-18T21:22:08.479+0000] {processor.py:208} INFO - Processing /home/airflow/.local/lib/python3.12/site-packages/airflow/example_dags/example_python_operator.py took 0.172 seconds
[2026-07-18T21:25:59.247+0000] {processor.py:186} INFO - Started process (PID=129) to work on /home/airflow/.local/lib/python3.12/site-packages/airflow/example_dags/example_python_operator.py
[2026-07-18T21:25:59.250+0000] {processor.py:914} INFO - Processing file /home/airflow/.local/lib/python3.12/site-packages/airflow/example_dags/example_python_operator.py for tasks to queue
[2026-07-18T21:25:59.255+0000] {logging_mixin.py:190} INFO - [2026-07-18T21:25:59.255+0000] {dagbag.py:588} INFO - Filling up the DagBag from /home/airflow/.local/lib/python3.12/site-packages/airflow/example_dags/example_python_operator.py
[2026-07-18T21:25:59.278+0000] {processor.py:925} INFO - DAG(s) 'example_python_operator' retrieved from /home/airflow/.local/lib/python3.12/site-packages/airflow/example_dags/example_python_operator.py
[2026-07-18T21:25:59.484+0000] {logging_mixin.py:190} INFO - [2026-07-18T21:25:59.483+0000] {dag.py:3239} INFO - Sync 1 DAGs
[2026-07-18T21:25:59.503+0000] {logging_mixin.py:190} INFO - [2026-07-18T21:25:59.502+0000] {dag.py:4180} INFO - Setting next_dagrun for example_python_operator to None, run_after=None
[2026-07-18T21:25:59.531+0000] {processor.py:208} INFO - Processing /home/airflow/.local/lib/python3.12/site-packages/airflow/example_dags/example_python_operator.py took 0.293 seconds
[2026-07-18T21:26:30.439+0000] {processor.py:186} INFO - Started process (PID=192) to work on /home/airflow/.local/lib/python3.12/site-packages/airflow/example_dags/example_python_operator.py
[2026-07-18T21:26:30.441+0000] {processor.py:914} INFO - Processing file /home/airflow/.local/lib/python3.12/site-packages/airflow/example_dags/example_python_operator.py for tasks to queue
[2026-07-18T21:26:30.446+0000] {logging_mixin.py:190} INFO - [2026-07-18T21:26:30.445+0000] {dagbag.py:588} INFO - Filling up the DagBag from /home/airflow/.local/lib/python3.12/site-packages/airflow/example_dags/example_python_operator.py
[2026-07-18T21:26:30.468+0000] {processor.py:925} INFO - DAG(s) 'example_python_operator' retrieved from /home/airflow/.local/lib/python3.12/site-packages/airflow/example_dags/example_python_operator.py
[2026-07-18T21:26:30.504+0000] {logging_mixin.py:190} INFO - [2026-07-18T21:26:30.503+0000] {dag.py:3239} INFO - Sync 1 DAGs
[2026-07-18T21:26:30.526+0000] {logging_mixin.py:190} INFO - [2026-07-18T21:26:30.525+0000] {dag.py:4180} INFO - Setting next_dagrun for example_python_operator to None, run_after=None
[2026-07-18T21:26:30.560+0000] {processor.py:208} INFO - Processing /home/airflow/.local/lib/python3.12/site-packages/airflow/example_dags/example_python_operator.py took 0.131 seconds
[2026-07-18T21:27:02.438+0000] {processor.py:186} INFO - Started process (PID=255) to work on /home/airflow/.local/lib/python3.12/site-packages/airflow/example_dags/example_python_operator.py
[2026-07-18T21:27:02.441+0000] {processor.py:914} INFO - Processing file /home/airflow/.local/lib/python3.12/site-packages/airflow/example_dags/example_python_operator.py for tasks to queue
[2026-07-18T21:27:02.446+0000] {logging_mixin.py:190} INFO - [2026-07-18T21:27:02.445+0000] {dagbag.py:588} INFO - Filling up the DagBag from /home/airflow/.local/lib/python3.12/site-packages/airflow/example_dags/example_python_operator.py
[2026-07-18T21:27:02.474+0000] {processor.py:925} INFO - DAG(s) 'example_python_operator' retrieved from /home/airflow/.local/lib/python3.12/site-packages/airflow/example_dags/example_python_operator.py
[2026-07-18T21:27:02.511+0000] {logging_mixin.py:190} INFO - [2026-07-18T21:27:02.510+0000] {dag.py:3239} INFO - Sync 1 DAGs
[2026-07-18T21:27:02.533+0000] {logging_mixin.py:190} INFO - [2026-07-18T21:27:02.532+0000] {dag.py:4180} INFO - Setting next_dagrun for example_python_operator to None, run_after=None
[2026-07-18T21:27:02.578+0000] {processor.py:208} INFO - Processing /home/airflow/.local/lib/python3.12/site-packages/airflow/example_dags/example_python_operator.py took 0.147 seconds
[2026-07-18T21:27:34.058+0000] {processor.py:186} INFO - Started process (PID=318) to work on /home/airflow/.local/lib/python3.12/site-packages/airflow/example_dags/example_python_operator.py
[2026-07-18T21:27:34.061+0000] {processor.py:914} INFO - Processing file /home/airflow/.local/lib/python3.12/site-packages/airflow/example_dags/example_python_operator.py for tasks to queue
[2026-07-18T21:27:34.067+0000] {logging_mixin.py:190} INFO - [2026-07-18T21:27:34.066+0000] {dagbag.py:588} INFO - Filling up the DagBag from /home/airflow/.local/lib/python3.12/site-packages/airflow/example_dags/example_python_operator.py
[2026-07-18T21:27:34.091+0000] {processor.py:925} INFO - DAG(s) 'example_python_operator' retrieved from /home/airflow/.local/lib/python3.12/site-packages/airflow/example_dags/example_python_operator.py
[2026-07-18T21:27:34.137+0000] {logging_mixin.py:190} INFO - [2026-07-18T21:27:34.136+0000] {dag.py:3239} INFO - Sync 1 DAGs
[2026-07-18T21:27:34.162+0000] {logging_mixin.py:190} INFO - [2026-07-18T21:27:34.162+0000] {dag.py:4180} INFO - Setting next_dagrun for example_python_operator to None, run_after=None
[2026-07-18T21:27:34.195+0000] {processor.py:208} INFO - Processing /home/airflow/.local/lib/python3.12/site-packages/airflow/example_dags/example_python_operator.py took 0.146 seconds
[2026-07-18T21:28:05.472+0000] {processor.py:186} INFO - Started process (PID=381) to work on /home/airflow/.local/lib/python3.12/site-packages/airflow/example_dags/example_python_operator.py
[2026-07-18T21:28:05.477+0000] {processor.py:914} INFO - Processing file /home/airflow/.local/lib/python3.12/site-packages/airflow/example_dags/example_python_operator.py for tasks to queue
[2026-07-18T21:28:05.487+0000] {logging_mixin.py:190} INFO - [2026-07-18T21:28:05.486+0000] {dagbag.py:588} INFO - Filling up the DagBag from /home/airflow/.local/lib/python3.12/site-packages/airflow/example_dags/example_python_operator.py
[2026-07-18T21:28:05.524+0000] {processor.py:925} INFO - DAG(s) 'example_python_operator' retrieved from /home/airflow/.local/lib/python3.12/site-packages/airflow/example_dags/example_python_operator.py
[2026-07-18T21:28:05.584+0000] {logging_mixin.py:190} INFO - [2026-07-18T21:28:05.584+0000] {dag.py:3239} INFO - Sync 1 DAGs
[2026-07-18T21:28:05.635+0000] {logging_mixin.py:190} INFO - [2026-07-18T21:28:05.635+0000] {dag.py:4180} INFO - Setting next_dagrun for example_python_operator to None, run_after=None
[2026-07-18T21:28:05.664+0000] {processor.py:208} INFO - Processing /home/airflow/.local/lib/python3.12/site-packages/airflow/example_dags/example_python_operator.py took 0.209 seconds
[2026-07-18T21:28:37.578+0000] {processor.py:186} INFO - Started process (PID=444) to work on /home/airflow/.local/lib/python3.12/site-packages/airflow/example_dags/example_python_operator.py
[2026-07-18T21:28:37.581+0000] {processor.py:914} INFO - Processing file /home/airflow/.local/lib/python3.12/site-packages/airflow/example_dags/example_python_operator.py for tasks to queue
[2026-07-18T21:28:37.588+0000] {logging_mixin.py:190} INFO - [2026-07-18T21:28:37.587+0000] {dagbag.py:588} INFO - Filling up the DagBag from /home/airflow/.local/lib/python3.12/site-packages/airflow/example_dags/example_python_operator.py
[2026-07-18T21:28:37.628+0000] {processor.py:925} INFO - DAG(s) 'example_python_operator' retrieved from /home/airflow/.local/lib/python3.12/site-packages/airflow/example_dags/example_python_operator.py
[2026-07-18T21:28:37.683+0000] {logging_mixin.py:190} INFO - [2026-07-18T21:28:37.682+0000] {dag.py:3239} INFO - Sync 1 DAGs
[2026-07-18T21:28:37.710+0000] {logging_mixin.py:190} INFO - [2026-07-18T21:28:37.710+0000] {dag.py:4180} INFO - Setting next_dagrun for example_python_operator to None, run_after=None
[2026-07-18T21:28:37.744+0000] {processor.py:208} INFO - Processing /home/airflow/.local/lib/python3.12/site-packages/airflow/example_dags/example_python_operator.py took 0.179 seconds
[2026-07-18T21:29:08.960+0000] {processor.py:186} INFO - Started process (PID=507) to work on /home/airflow/.local/lib/python3.12/site-packages/airflow/example_dags/example_python_operator.py
[2026-07-18T21:29:08.962+0000] {processor.py:914} INFO - Processing file /home/airflow/.local/lib/python3.12/site-packages/airflow/example_dags/example_python_operator.py for tasks to queue
[2026-07-18T21:29:08.966+0000] {logging_mixin.py:190} INFO - [2026-07-18T21:29:08.966+0000] {dagbag.py:588} INFO - Filling up the DagBag from /home/airflow/.local/lib/python3.12/site-packages/airflow/example_dags/example_python_operator.py
[2026-07-18T21:29:08.984+0000] {processor.py:925} INFO - DAG(s) 'example_python_operator' retrieved from /home/airflow/.local/lib/python3.12/site-packages/airflow/example_dags/example_python_operator.py
[2026-07-18T21:29:09.022+0000] {logging_mixin.py:190} INFO - [2026-07-18T21:29:09.022+0000] {dag.py:3239} INFO - Sync 1 DAGs
[2026-07-18T21:29:09.045+0000] {logging_mixin.py:190} INFO - [2026-07-18T21:29:09.045+0000] {dag.py:4180} INFO - Setting next_dagrun for example_python_operator to None, run_after=None
[2026-07-18T21:29:09.075+0000] {processor.py:208} INFO - Processing /home/airflow/.local/lib/python3.12/site-packages/airflow/example_dags/example_python_operator.py took 0.126 seconds
[2026-07-18T21:29:41.104+0000] {processor.py:186} INFO - Started process (PID=571) to work on /home/airflow/.local/lib/python3.12/site-packages/airflow/example_dags/example_python_operator.py
[2026-07-18T21:29:41.108+0000] {processor.py:914} INFO - Processing file /home/airflow/.local/lib/python3.12/site-packages/airflow/example_dags/example_python_operator.py for tasks to queue
[2026-07-18T21:29:41.114+0000] {logging_mixin.py:190} INFO - [2026-07-18T21:29:41.113+0000] {dagbag.py:588} INFO - Filling up the DagBag from /home/airflow/.local/lib/python3.12/site-packages/airflow/example_dags/example_python_operator.py
[2026-07-18T21:29:41.143+0000] {processor.py:925} INFO - DAG(s) 'example_python_operator' retrieved from /home/airflow/.local/lib/python3.12/site-packages/airflow/example_dags/example_python_operator.py
[2026-07-18T21:29:41.181+0000] {logging_mixin.py:190} INFO - [2026-07-18T21:29:41.180+0000] {dag.py:3239} INFO - Sync 1 DAGs
[2026-07-18T21:29:41.204+0000] {logging_mixin.py:190} INFO - [2026-07-18T21:29:41.204+0000] {dag.py:4180} INFO - Setting next_dagrun for example_python_operator to None, run_after=None
[2026-07-18T21:29:41.237+0000] {processor.py:208} INFO - Processing /home/airflow/.local/lib/python3.12/site-packages/airflow/example_dags/example_python_operator.py took 0.146 seconds
[2026-07-18T21:30:12.071+0000] {processor.py:186} INFO - Started process (PID=634) to work on /home/airflow/.local/lib/python3.12/site-packages/airflow/example_dags/example_python_operator.py
[2026-07-18T21:30:12.073+0000] {processor.py:914} INFO - Processing file /home/airflow/.local/lib/python3.12/site-packages/airflow/example_dags/example_python_operator.py for tasks to queue
[2026-07-18T21:30:12.079+0000] {logging_mixin.py:190} INFO - [2026-07-18T21:30:12.078+0000] {dagbag.py:588} INFO - Filling up the DagBag from /home/airflow/.local/lib/python3.12/site-packages/airflow/example_dags/example_python_operator.py
[2026-07-18T21:30:12.101+0000] {processor.py:925} INFO - DAG(s) 'example_python_operator' retrieved from /home/airflow/.local/lib/python3.12/site-packages/airflow/example_dags/example_python_operator.py
[2026-07-18T21:30:12.136+0000] {logging_mixin.py:190} INFO - [2026-07-18T21:30:12.136+0000] {dag.py:3239} INFO - Sync 1 DAGs
[2026-07-18T21:30:12.162+0000] {logging_mixin.py:190} INFO - [2026-07-18T21:30:12.161+0000] {dag.py:4180} INFO - Setting next_dagrun for example_python_operator to None, run_after=None
[2026-07-18T21:30:12.191+0000] {processor.py:208} INFO - Processing /home/airflow/.local/lib/python3.12/site-packages/airflow/example_dags/example_python_operator.py took 0.128 seconds
[2026-07-18T21:30:43.371+0000] {processor.py:186} INFO - Started process (PID=697) to work on /home/airflow/.local/lib/python3.12/site-packages/airflow/example_dags/example_python_operator.py
[2026-07-18T21:30:43.374+0000] {processor.py:914} INFO - Processing file /home/airflow/.local/lib/python3.12/site-packages/airflow/example_dags/example_python_operator.py for tasks to queue
[2026-07-18T21:30:43.381+0000] {logging_mixin.py:190} INFO - [2026-07-18T21:30:43.379+0000] {dagbag.py:588} INFO - Filling up the DagBag from /home/airflow/.local/lib/python3.12/site-packages/airflow/example_dags/example_python_operator.py
[2026-07-18T21:30:43.413+0000] {processor.py:925} INFO - DAG(s) 'example_python_operator' retrieved from /home/airflow/.local/lib/python3.12/site-packages/airflow/example_dags/example_python_operator.py
[2026-07-18T21:30:43.455+0000] {logging_mixin.py:190} INFO - [2026-07-18T21:30:43.455+0000] {dag.py:3239} INFO - Sync 1 DAGs
[2026-07-18T21:30:43.484+0000] {logging_mixin.py:190} INFO - [2026-07-18T21:30:43.484+0000] {dag.py:4180} INFO - Setting next_dagrun for example_python_operator to None, run_after=None
[2026-07-18T21:30:43.577+0000] {processor.py:208} INFO - Processing /home/airflow/.local/lib/python3.12/site-packages/airflow/example_dags/example_python_operator.py took 0.219 seconds
[2026-07-18T21:31:15.250+0000] {processor.py:186} INFO - Started process (PID=761) to work on /home/airflow/.local/lib/python3.12/site-packages/airflow/example_dags/example_python_operator.py
[2026-07-18T21:31:15.256+0000] {processor.py:914} INFO - Processing file /home/airflow/.local/lib/python3.12/site-packages/airflow/example_dags/example_python_operator.py for tasks to queue
[2026-07-18T21:31:15.264+0000] {logging_mixin.py:190} INFO - [2026-07-18T21:31:15.264+0000] {dagbag.py:588} INFO - Filling up the DagBag from /home/airflow/.local/lib/python3.12/site-packages/airflow/example_dags/example_python_operator.py
[2026-07-18T21:31:15.303+0000] {processor.py:925} INFO - DAG(s) 'example_python_operator' retrieved from /home/airflow/.local/lib/python3.12/site-packages/airflow/example_dags/example_python_operator.py
[2026-07-18T21:31:15.357+0000] {logging_mixin.py:190} INFO - [2026-07-18T21:31:15.356+0000] {dag.py:3239} INFO - Sync 1 DAGs
[2026-07-18T21:31:15.394+0000] {logging_mixin.py:190} INFO - [2026-07-18T21:31:15.393+0000] {dag.py:4180} INFO - Setting next_dagrun for example_python_operator to None, run_after=None
[2026-07-18T21:31:15.450+0000] {processor.py:208} INFO - Processing /home/airflow/.local/lib/python3.12/site-packages/airflow/example_dags/example_python_operator.py took 0.221 seconds
[2026-07-18T21:31:46.804+0000] {processor.py:186} INFO - Started process (PID=825) to work on /home/airflow/.local/lib/python3.12/site-packages/airflow/example_dags/example_python_operator.py
[2026-07-18T21:31:46.807+0000] {processor.py:914} INFO - Processing file /home/airflow/.local/lib/python3.12/site-packages/airflow/example_dags/example_python_operator.py for tasks to queue
[2026-07-18T21:31:46.815+0000] {logging_mixin.py:190} INFO - [2026-07-18T21:31:46.814+0000] {dagbag.py:588} INFO - Filling up the DagBag from /home/airflow/.local/lib/python3.12/site-packages/airflow/example_dags/example_python_operator.py
[2026-07-18T21:31:46.846+0000] {processor.py:925} INFO - DAG(s) 'example_python_operator' retrieved from /home/airflow/.local/lib/python3.12/site-packages/airflow/example_dags/example_python_operator.py
[2026-07-18T21:31:46.888+0000] {logging_mixin.py:190} INFO - [2026-07-18T21:31:46.888+0000] {dag.py:3239} INFO - Sync 1 DAGs
[2026-07-18T21:31:46.919+0000] {logging_mixin.py:190} INFO - [2026-07-18T21:31:46.918+0000] {dag.py:4180} INFO - Setting next_dagrun for example_python_operator to None, run_after=None
[2026-07-18T21:31:46.968+0000] {processor.py:208} INFO - Processing /home/airflow/.local/lib/python3.12/site-packages/airflow/example_dags/example_python_operator.py took 0.177 seconds
[2026-07-18T21:32:18.530+0000] {processor.py:186} INFO - Started process (PID=889) to work on /home/airflow/.local/lib/python3.12/site-packages/airflow/example_dags/example_python_operator.py
[2026-07-18T21:32:18.532+0000] {processor.py:914} INFO - Processing file /home/airflow/.local/lib/python3.12/site-packages/airflow/example_dags/example_python_operator.py for tasks to queue
[2026-07-18T21:32:18.537+0000] {logging_mixin.py:190} INFO - [2026-07-18T21:32:18.536+0000] {dagbag.py:588} INFO - Filling up the DagBag from /home/airflow/.local/lib/python3.12/site-packages/airflow/example_dags/example_python_operator.py
[2026-07-18T21:32:18.557+0000] {processor.py:925} INFO - DAG(s) 'example_python_operator' retrieved from /home/airflow/.local/lib/python3.12/site-packages/airflow/example_dags/example_python_operator.py
[2026-07-18T21:32:18.591+0000] {logging_mixin.py:190} INFO - [2026-07-18T21:32:18.590+0000] {dag.py:3239} INFO - Sync 1 DAGs
[2026-07-18T21:32:18.615+0000] {logging_mixin.py:190} INFO - [2026-07-18T21:32:18.615+0000] {dag.py:4180} INFO - Setting next_dagrun for example_python_operator to None, run_after=None
[2026-07-18T21:32:18.645+0000] {processor.py:208} INFO - Processing /home/airflow/.local/lib/python3.12/site-packages/airflow/example_dags/example_python_operator.py took 0.125 seconds
[2026-07-18T21:32:49.484+0000] {processor.py:186} INFO - Started process (PID=954) to work on /home/airflow/.local/lib/python3.12/site-packages/airflow/example_dags/example_python_operator.py
[2026-07-18T21:32:49.487+0000] {processor.py:914} INFO - Processing file /home/airflow/.local/lib/python3.12/site-packages/airflow/example_dags/example_python_operator.py for tasks to queue
[2026-07-18T21:32:49.495+0000] {logging_mixin.py:190} INFO - [2026-07-18T21:32:49.494+0000] {dagbag.py:588} INFO - Filling up the DagBag from /home/airflow/.local/lib/python3.12/site-packages/airflow/example_dags/example_python_operator.py
[2026-07-18T21:32:49.527+0000] {processor.py:925} INFO - DAG(s) 'example_python_operator' retrieved from /home/airflow/.local/lib/python3.12/site-packages/airflow/example_dags/example_python_operator.py
[2026-07-18T21:32:49.570+0000] {logging_mixin.py:190} INFO - [2026-07-18T21:32:49.569+0000] {dag.py:3239} INFO - Sync 1 DAGs
[2026-07-18T21:32:49.594+0000] {logging_mixin.py:190} INFO - [2026-07-18T21:32:49.594+0000] {dag.py:4180} INFO - Setting next_dagrun for example_python_operator to None, run_after=None
[2026-07-18T21:32:49.624+0000] {processor.py:208} INFO - Processing /home/airflow/.local/lib/python3.12/site-packages/airflow/example_dags/example_python_operator.py took 0.150 seconds
[2026-07-18T21:33:22.203+0000] {processor.py:186} INFO - Started process (PID=1018) to work on /home/airflow/.local/lib/python3.12/site-packages/airflow/example_dags/example_python_operator.py
[2026-07-18T21:33:22.206+0000] {processor.py:914} INFO - Processing file /home/airflow/.local/lib/python3.12/site-packages/airflow/example_dags/example_python_operator.py for tasks to queue
[2026-07-18T21:33:22.213+0000] {logging_mixin.py:190} INFO - [2026-07-18T21:33:22.212+0000] {dagbag.py:588} INFO - Filling up the DagBag from /home/airflow/.local/lib/python3.12/site-packages/airflow/example_dags/example_python_operator.py
[2026-07-18T21:33:22.246+0000] {processor.py:925} INFO - DAG(s) 'example_python_operator' retrieved from /home/airflow/.local/lib/python3.12/site-packages/airflow/example_dags/example_python_operator.py
[2026-07-18T21:33:22.309+0000] {logging_mixin.py:190} INFO - [2026-07-18T21:33:22.308+0000] {dag.py:3239} INFO - Sync 1 DAGs
[2026-07-18T21:33:22.345+0000] {logging_mixin.py:190} INFO - [2026-07-18T21:33:22.344+0000] {dag.py:4180} INFO - Setting next_dagrun for example_python_operator to None, run_after=None
[2026-07-18T21:33:22.409+0000] {processor.py:208} INFO - Processing /home/airflow/.local/lib/python3.12/site-packages/airflow/example_dags/example_python_operator.py took 0.219 seconds
[2026-07-18T21:33:53.485+0000] {processor.py:186} INFO - Started process (PID=1083) to work on /home/airflow/.local/lib/python3.12/site-packages/airflow/example_dags/example_python_operator.py
[2026-07-18T21:33:53.489+0000] {processor.py:914} INFO - Processing file /home/airflow/.local/lib/python3.12/site-packages/airflow/example_dags/example_python_operator.py for tasks to queue
[2026-07-18T21:33:53.494+0000] {logging_mixin.py:190} INFO - [2026-07-18T21:33:53.493+0000] {dagbag.py:588} INFO - Filling up the DagBag from /home/airflow/.local/lib/python3.12/site-packages/airflow/example_dags/example_python_operator.py
[2026-07-18T21:33:53.513+0000] {processor.py:925} INFO - DAG(s) 'example_python_operator' retrieved from /home/airflow/.local/lib/python3.12/site-packages/airflow/example_dags/example_python_operator.py
[2026-07-18T21:33:53.551+0000] {logging_mixin.py:190} INFO - [2026-07-18T21:33:53.550+0000] {dag.py:3239} INFO - Sync 1 DAGs
[2026-07-18T21:33:53.575+0000] {logging_mixin.py:190} INFO - [2026-07-18T21:33:53.574+0000] {dag.py:4180} INFO - Setting next_dagrun for example_python_operator to None, run_after=None
[2026-07-18T21:33:53.604+0000] {processor.py:208} INFO - Processing /home/airflow/.local/lib/python3.12/site-packages/airflow/example_dags/example_python_operator.py took 0.127 seconds
[2026-07-18T21:34:24.547+0000] {processor.py:186} INFO - Started process (PID=1147) to work on /home/airflow/.local/lib/python3.12/site-packages/airflow/example_dags/example_python_operator.py
[2026-07-18T21:34:24.550+0000] {processor.py:914} INFO - Processing file /home/airflow/.local/lib/python3.12/site-packages/airflow/example_dags/example_python_operator.py for tasks to queue
[2026-07-18T21:34:24.558+0000] {logging_mixin.py:190} INFO - [2026-07-18T21:34:24.557+0000] {dagbag.py:588} INFO - Filling up the DagBag from /home/airflow/.local/lib/python3.12/site-packages/airflow/example_dags/example_python_operator.py
[2026-07-18T21:34:24.596+0000] {processor.py:925} INFO - DAG(s) 'example_python_operator' retrieved from /home/airflow/.local/lib/python3.12/site-packages/airflow/example_dags/example_python_operator.py
[2026-07-18T21:34:24.637+0000] {logging_mixin.py:190} INFO - [2026-07-18T21:34:24.636+0000] {dag.py:3239} INFO - Sync 1 DAGs
[2026-07-18T21:34:24.660+0000] {logging_mixin.py:190} INFO - [2026-07-18T21:34:24.660+0000] {dag.py:4180} INFO - Setting next_dagrun for example_python_operator to None, run_after=None
[2026-07-18T21:34:24.692+0000] {processor.py:208} INFO - Processing /home/airflow/.local/lib/python3.12/site-packages/airflow/example_dags/example_python_operator.py took 0.155 seconds
[2026-07-18T21:34:56.850+0000] {processor.py:186} INFO - Started process (PID=1217) to work on /home/airflow/.local/lib/python3.12/site-packages/airflow/example_dags/example_python_operator.py
[2026-07-18T21:34:56.853+0000] {processor.py:914} INFO - Processing file /home/airflow/.local/lib/python3.12/site-packages/airflow/example_dags/example_python_operator.py for tasks to queue
[2026-07-18T21:34:56.860+0000] {logging_mixin.py:190} INFO - [2026-07-18T21:34:56.859+0000] {dagbag.py:588} INFO - Filling up the DagBag from /home/airflow/.local/lib/python3.12/site-packages/airflow/example_dags/example_python_operator.py
[2026-07-18T21:34:56.886+0000] {processor.py:925} INFO - DAG(s) 'example_python_operator' retrieved from /home/airflow/.local/lib/python3.12/site-packages/airflow/example_dags/example_python_operator.py
[2026-07-18T21:34:56.927+0000] {logging_mixin.py:190} INFO - [2026-07-18T21:34:56.927+0000] {dag.py:3239} INFO - Sync 1 DAGs
[2026-07-18T21:34:56.956+0000] {logging_mixin.py:190} INFO - [2026-07-18T21:34:56.956+0000] {dag.py:4180} INFO - Setting next_dagrun for example_python_operator to None, run_after=None
[2026-07-18T21:34:56.991+0000] {processor.py:208} INFO - Processing /home/airflow/.local/lib/python3.12/site-packages/airflow/example_dags/example_python_operator.py took 0.154 seconds
[2026-07-18T21:35:28.305+0000] {processor.py:186} INFO - Started process (PID=1281) to work on /home/airflow/.local/lib/python3.12/site-packages/airflow/example_dags/example_python_operator.py
[2026-07-18T21:35:28.308+0000] {processor.py:914} INFO - Processing file /home/airflow/.local/lib/python3.12/site-packages/airflow/example_dags/example_python_operator.py for tasks to queue
[2026-07-18T21:35:28.313+0000] {logging_mixin.py:190} INFO - [2026-07-18T21:35:28.313+0000] {dagbag.py:588} INFO - Filling up the DagBag from /home/airflow/.local/lib/python3.12/site-packages/airflow/example_dags/example_python_operator.py
[2026-07-18T21:35:28.340+0000] {processor.py:925} INFO - DAG(s) 'example_python_operator' retrieved from /home/airflow/.local/lib/python3.12/site-packages/airflow/example_dags/example_python_operator.py
[2026-07-18T21:35:28.387+0000] {logging_mixin.py:190} INFO - [2026-07-18T21:35:28.386+0000] {dag.py:3239} INFO - Sync 1 DAGs
[2026-07-18T21:35:28.416+0000] {logging_mixin.py:190} INFO - [2026-07-18T21:35:28.415+0000] {dag.py:4180} INFO - Setting next_dagrun for example_python_operator to None, run_after=None
[2026-07-18T21:35:28.494+0000] {processor.py:208} INFO - Processing /home/airflow/.local/lib/python3.12/site-packages/airflow/example_dags/example_python_operator.py took 0.200 seconds
[2026-07-18T21:35:59.857+0000] {processor.py:186} INFO - Started process (PID=1345) to work on /home/airflow/.local/lib/python3.12/site-packages/airflow/example_dags/example_python_operator.py
[2026-07-18T21:35:59.860+0000] {processor.py:914} INFO - Processing file /home/airflow/.local/lib/python3.12/site-packages/airflow/example_dags/example_python_operator.py for tasks to queue
[2026-07-18T21:35:59.867+0000] {logging_mixin.py:190} INFO - [2026-07-18T21:35:59.866+0000] {dagbag.py:588} INFO - Filling up the DagBag from /home/airflow/.local/lib/python3.12/site-packages/airflow/example_dags/example_python_operator.py
[2026-07-18T21:35:59.903+0000] {processor.py:925} INFO - DAG(s) 'example_python_operator' retrieved from /home/airflow/.local/lib/python3.12/site-packages/airflow/example_dags/example_python_operator.py
[2026-07-18T21:35:59.961+0000] {logging_mixin.py:190} INFO - [2026-07-18T21:35:59.961+0000] {dag.py:3239} INFO - Sync 1 DAGs
[2026-07-18T21:36:00.006+0000] {logging_mixin.py:190} INFO - [2026-07-18T21:36:00.005+0000] {dag.py:4180} INFO - Setting next_dagrun for example_python_operator to None, run_after=None
[2026-07-18T21:36:00.068+0000] {processor.py:208} INFO - Processing /home/airflow/.local/lib/python3.12/site-packages/airflow/example_dags/example_python_operator.py took 0.222 seconds
[2026-07-18T21:36:31.354+0000] {processor.py:186} INFO - Started process (PID=1409) to work on /home/airflow/.local/lib/python3.12/site-packages/airflow/example_dags/example_python_operator.py
[2026-07-18T21:36:31.356+0000] {processor.py:914} INFO - Processing file /home/airflow/.local/lib/python3.12/site-packages/airflow/example_dags/example_python_operator.py for tasks to queue
[2026-07-18T21:36:31.361+0000] {logging_mixin.py:190} INFO - [2026-07-18T21:36:31.361+0000] {dagbag.py:588} INFO - Filling up the DagBag from /home/airflow/.local/lib/python3.12/site-packages/airflow/example_dags/example_python_operator.py
[2026-07-18T21:36:31.377+0000] {processor.py:925} INFO - DAG(s) 'example_python_operator' retrieved from /home/airflow/.local/lib/python3.12/site-packages/airflow/example_dags/example_python_operator.py
[2026-07-18T21:36:31.409+0000] {logging_mixin.py:190} INFO - [2026-07-18T21:36:31.409+0000] {dag.py:3239} INFO - Sync 1 DAGs
[2026-07-18T21:36:31.429+0000] {logging_mixin.py:190} INFO - [2026-07-18T21:36:31.429+0000] {dag.py:4180} INFO - Setting next_dagrun for example_python_operator to None, run_after=None
[2026-07-18T21:36:31.459+0000] {processor.py:208} INFO - Processing /home/airflow/.local/lib/python3.12/site-packages/airflow/example_dags/example_python_operator.py took 0.112 seconds
[2026-07-18T21:37:02.725+0000] {processor.py:186} INFO - Started process (PID=1473) to work on /home/airflow/.local/lib/python3.12/site-packages/airflow/example_dags/example_python_operator.py
[2026-07-18T21:37:02.728+0000] {processor.py:914} INFO - Processing file /home/airflow/.local/lib/python3.12/site-packages/airflow/example_dags/example_python_operator.py for tasks to queue
[2026-07-18T21:37:02.734+0000] {logging_mixin.py:190} INFO - [2026-07-18T21:37:02.733+0000] {dagbag.py:588} INFO - Filling up the DagBag from /home/airflow/.local/lib/python3.12/site-packages/airflow/example_dags/example_python_operator.py
[2026-07-18T21:37:02.764+0000] {processor.py:925} INFO - DAG(s) 'example_python_operator' retrieved from /home/airflow/.local/lib/python3.12/site-packages/airflow/example_dags/example_python_operator.py
[2026-07-18T21:37:02.796+0000] {logging_mixin.py:190} INFO - [2026-07-18T21:37:02.795+0000] {dag.py:3239} INFO - Sync 1 DAGs
[2026-07-18T21:37:02.816+0000] {logging_mixin.py:190} INFO - [2026-07-18T21:37:02.816+0000] {dag.py:4180} INFO - Setting next_dagrun for example_python_operator to None, run_after=None
[2026-07-18T21:37:02.845+0000] {processor.py:208} INFO - Processing /home/airflow/.local/lib/python3.12/site-packages/airflow/example_dags/example_python_operator.py took 0.132 seconds
[2026-07-18T21:37:35.248+0000] {processor.py:186} INFO - Started process (PID=1537) to work on /home/airflow/.local/lib/python3.12/site-packages/airflow/example_dags/example_python_operator.py
[2026-07-18T21:37:35.252+0000] {processor.py:914} INFO - Processing file /home/airflow/.local/lib/python3.12/site-packages/airflow/example_dags/example_python_operator.py for tasks to queue
[2026-07-18T21:37:35.261+0000] {logging_mixin.py:190} INFO - [2026-07-18T21:37:35.260+0000] {dagbag.py:588} INFO - Filling up the DagBag from /home/airflow/.local/lib/python3.12/site-packages/airflow/example_dags/example_python_operator.py
[2026-07-18T21:37:35.287+0000] {processor.py:925} INFO - DAG(s) 'example_python_operator' retrieved from /home/airflow/.local/lib/python3.12/site-packages/airflow/example_dags/example_python_operator.py
[2026-07-18T21:37:35.326+0000] {logging_mixin.py:190} INFO - [2026-07-18T21:37:35.326+0000] {dag.py:3239} INFO - Sync 1 DAGs
[2026-07-18T21:37:35.370+0000] {logging_mixin.py:190} INFO - [2026-07-18T21:37:35.369+0000] {dag.py:4180} INFO - Setting next_dagrun for example_python_operator to None, run_after=None
[2026-07-18T21:37:35.426+0000] {processor.py:208} INFO - Processing /home/airflow/.local/lib/python3.12/site-packages/airflow/example_dags/example_python_operator.py took 0.199 seconds
[2026-07-18T21:38:07.202+0000] {processor.py:186} INFO - Started process (PID=1601) to work on /home/airflow/.local/lib/python3.12/site-packages/airflow/example_dags/example_python_operator.py
[2026-07-18T21:38:07.204+0000] {processor.py:914} INFO - Processing file /home/airflow/.local/lib/python3.12/site-packages/airflow/example_dags/example_python_operator.py for tasks to queue
[2026-07-18T21:38:07.210+0000] {logging_mixin.py:190} INFO - [2026-07-18T21:38:07.209+0000] {dagbag.py:588} INFO - Filling up the DagBag from /home/airflow/.local/lib/python3.12/site-packages/airflow/example_dags/example_python_operator.py
[2026-07-18T21:38:07.231+0000] {processor.py:925} INFO - DAG(s) 'example_python_operator' retrieved from /home/airflow/.local/lib/python3.12/site-packages/airflow/example_dags/example_python_operator.py
[2026-07-18T21:38:07.269+0000] {logging_mixin.py:190} INFO - [2026-07-18T21:38:07.269+0000] {dag.py:3239} INFO - Sync 1 DAGs
[2026-07-18T21:38:07.309+0000] {logging_mixin.py:190} INFO - [2026-07-18T21:38:07.309+0000] {dag.py:4180} INFO - Setting next_dagrun for example_python_operator to None, run_after=None
[2026-07-18T21:38:07.362+0000] {processor.py:208} INFO - Processing /home/airflow/.local/lib/python3.12/site-packages/airflow/example_dags/example_python_operator.py took 0.171 seconds
[2026-07-18T21:38:38.591+0000] {processor.py:186} INFO - Started process (PID=1665) to work on /home/airflow/.local/lib/python3.12/site-packages/airflow/example_dags/example_python_operator.py
[2026-07-18T21:38:38.596+0000] {processor.py:914} INFO - Processing file /home/airflow/.local/lib/python3.12/site-packages/airflow/example_dags/example_python_operator.py for tasks to queue
[2026-07-18T21:38:38.607+0000] {logging_mixin.py:190} INFO - [2026-07-18T21:38:38.606+0000] {dagbag.py:588} INFO - Filling up the DagBag from /home/airflow/.local/lib/python3.12/site-packages/airflow/example_dags/example_python_operator.py
[2026-07-18T21:38:38.643+0000] {processor.py:925} INFO - DAG(s) 'example_python_operator' retrieved from /home/airflow/.local/lib/python3.12/site-packages/airflow/example_dags/example_python_operator.py
[2026-07-18T21:38:38.693+0000] {logging_mixin.py:190} INFO - [2026-07-18T21:38:38.693+0000] {dag.py:3239} INFO - Sync 1 DAGs
[2026-07-18T21:38:38.723+0000] {logging_mixin.py:190} INFO - [2026-07-18T21:38:38.723+0000] {dag.py:4180} INFO - Setting next_dagrun for example_python_operator to None, run_after=None
[2026-07-18T21:38:38.849+0000] {processor.py:208} INFO - Processing /home/airflow/.local/lib/python3.12/site-packages/airflow/example_dags/example_python_operator.py took 0.279 seconds
[2026-07-18T21:39:09.455+0000] {processor.py:186} INFO - Started process (PID=1729) to work on /home/airflow/.local/lib/python3.12/site-packages/airflow/example_dags/example_python_operator.py
[2026-07-18T21:39:09.458+0000] {processor.py:914} INFO - Processing file /home/airflow/.local/lib/python3.12/site-packages/airflow/example_dags/example_python_operator.py for tasks to queue
[2026-07-18T21:39:09.463+0000] {logging_mixin.py:190} INFO - [2026-07-18T21:39:09.462+0000] {dagbag.py:588} INFO - Filling up the DagBag from /home/airflow/.local/lib/python3.12/site-packages/airflow/example_dags/example_python_operator.py
[2026-07-18T21:39:09.487+0000] {processor.py:925} INFO - DAG(s) 'example_python_operator' retrieved from /home/airflow/.local/lib/python3.12/site-packages/airflow/example_dags/example_python_operator.py
[2026-07-18T21:39:09.525+0000] {logging_mixin.py:190} INFO - [2026-07-18T21:39:09.525+0000] {dag.py:3239} INFO - Sync 1 DAGs
[2026-07-18T21:39:09.549+0000] {logging_mixin.py:190} INFO - [2026-07-18T21:39:09.549+0000] {dag.py:4180} INFO - Setting next_dagrun for example_python_operator to None, run_after=None
[2026-07-18T21:39:09.581+0000] {processor.py:208} INFO - Processing /home/airflow/.local/lib/python3.12/site-packages/airflow/example_dags/example_python_operator.py took 0.136 seconds
[2026-07-18T21:39:42.030+0000] {processor.py:186} INFO - Started process (PID=1793) to work on /home/airflow/.local/lib/python3.12/site-packages/airflow/example_dags/example_python_operator.py
[2026-07-18T21:39:42.034+0000] {processor.py:914} INFO - Processing file /home/airflow/.local/lib/python3.12/site-packages/airflow/example_dags/example_python_operator.py for tasks to queue
[2026-07-18T21:39:42.043+0000] {logging_mixin.py:190} INFO - [2026-07-18T21:39:42.042+0000] {dagbag.py:588} INFO - Filling up the DagBag from /home/airflow/.local/lib/python3.12/site-packages/airflow/example_dags/example_python_operator.py
[2026-07-18T21:39:42.086+0000] {processor.py:925} INFO - DAG(s) 'example_python_operator' retrieved from /home/airflow/.local/lib/python3.12/site-packages/airflow/example_dags/example_python_operator.py
[2026-07-18T21:39:42.136+0000] {logging_mixin.py:190} INFO - [2026-07-18T21:39:42.135+0000] {dag.py:3239} INFO - Sync 1 DAGs
[2026-07-18T21:39:42.165+0000] {logging_mixin.py:190} INFO - [2026-07-18T21:39:42.165+0000] {dag.py:4180} INFO - Setting next_dagrun for example_python_operator to None, run_after=None
[2026-07-18T21:39:42.219+0000] {processor.py:208} INFO - Processing /home/airflow/.local/lib/python3.12/site-packages/airflow/example_dags/example_python_operator.py took 0.210 seconds
[2026-07-18T21:40:14.165+0000] {processor.py:186} INFO - Started process (PID=1858) to work on /home/airflow/.local/lib/python3.12/site-packages/airflow/example_dags/example_python_operator.py
[2026-07-18T21:40:14.169+0000] {processor.py:914} INFO - Processing file /home/airflow/.local/lib/python3.12/site-packages/airflow/example_dags/example_python_operator.py for tasks to queue
[2026-07-18T21:40:14.176+0000] {logging_mixin.py:190} INFO - [2026-07-18T21:40:14.175+0000] {dagbag.py:588} INFO - Filling up the DagBag from /home/airflow/.local/lib/python3.12/site-packages/airflow/example_dags/example_python_operator.py
[2026-07-18T21:40:14.208+0000] {processor.py:925} INFO - DAG(s) 'example_python_operator' retrieved from /home/airflow/.local/lib/python3.12/site-packages/airflow/example_dags/example_python_operator.py
[2026-07-18T21:40:14.270+0000] {logging_mixin.py:190} INFO - [2026-07-18T21:40:14.270+0000] {dag.py:3239} INFO - Sync 1 DAGs
[2026-07-18T21:40:14.297+0000] {logging_mixin.py:190} INFO - [2026-07-18T21:40:14.296+0000] {dag.py:4180} INFO - Setting next_dagrun for example_python_operator to None, run_after=None
[2026-07-18T21:40:14.333+0000] {processor.py:208} INFO - Processing /home/airflow/.local/lib/python3.12/site-packages/airflow/example_dags/example_python_operator.py took 0.187 seconds
[2026-07-18T21:40:45.664+0000] {processor.py:186} INFO - Started process (PID=1922) to work on /home/airflow/.local/lib/python3.12/site-packages/airflow/example_dags/example_python_operator.py
[2026-07-18T21:40:45.668+0000] {processor.py:914} INFO - Processing file /home/airflow/.local/lib/python3.12/site-packages/airflow/example_dags/example_python_operator.py for tasks to queue
[2026-07-18T21:40:45.676+0000] {logging_mixin.py:190} INFO - [2026-07-18T21:40:45.675+0000] {dagbag.py:588} INFO - Filling up the DagBag from /home/airflow/.local/lib/python3.12/site-packages/airflow/example_dags/example_python_operator.py
[2026-07-18T21:40:45.710+0000] {processor.py:925} INFO - DAG(s) 'example_python_operator' retrieved from /home/airflow/.local/lib/python3.12/site-packages/airflow/example_dags/example_python_operator.py
[2026-07-18T21:40:45.765+0000] {logging_mixin.py:190} INFO - [2026-07-18T21:40:45.764+0000] {dag.py:3239} INFO - Sync 1 DAGs
[2026-07-18T21:40:45.812+0000] {logging_mixin.py:190} INFO - [2026-07-18T21:40:45.811+0000] {dag.py:4180} INFO - Setting next_dagrun for example_python_operator to None, run_after=None
[2026-07-18T21:40:45.845+0000] {processor.py:208} INFO - Processing /home/airflow/.local/lib/python3.12/site-packages/airflow/example_dags/example_python_operator.py took 0.199 seconds
[2026-07-18T21:41:16.611+0000] {processor.py:186} INFO - Started process (PID=1986) to work on /home/airflow/.local/lib/python3.12/site-packages/airflow/example_dags/example_python_operator.py
[2026-07-18T21:41:16.613+0000] {processor.py:914} INFO - Processing file /home/airflow/.local/lib/python3.12/site-packages/airflow/example_dags/example_python_operator.py for tasks to queue
[2026-07-18T21:41:16.618+0000] {logging_mixin.py:190} INFO - [2026-07-18T21:41:16.618+0000] {dagbag.py:588} INFO - Filling up the DagBag from /home/airflow/.local/lib/python3.12/site-packages/airflow/example_dags/example_python_operator.py
[2026-07-18T21:41:16.640+0000] {processor.py:925} INFO - DAG(s) 'example_python_operator' retrieved from /home/airflow/.local/lib/python3.12/site-packages/airflow/example_dags/example_python_operator.py
[2026-07-18T21:41:16.673+0000] {logging_mixin.py:190} INFO - [2026-07-18T21:41:16.673+0000] {dag.py:3239} INFO - Sync 1 DAGs
[2026-07-18T21:41:16.692+0000] {logging_mixin.py:190} INFO - [2026-07-18T21:41:16.692+0000] {dag.py:4180} INFO - Setting next_dagrun for example_python_operator to None, run_after=None
[2026-07-18T21:41:16.721+0000] {processor.py:208} INFO - Processing /home/airflow/.local/lib/python3.12/site-packages/airflow/example_dags/example_python_operator.py took 0.118 seconds
[2026-07-18T21:41:48.256+0000] {processor.py:186} INFO - Started process (PID=2050) to work on /home/airflow/.local/lib/python3.12/site-packages/airflow/example_dags/example_python_operator.py
[2026-07-18T21:41:48.259+0000] {processor.py:914} INFO - Processing file /home/airflow/.local/lib/python3.12/site-packages/airflow/example_dags/example_python_operator.py for tasks to queue
[2026-07-18T21:41:48.264+0000] {logging_mixin.py:190} INFO - [2026-07-18T21:41:48.264+0000] {dagbag.py:588} INFO - Filling up the DagBag from /home/airflow/.local/lib/python3.12/site-packages/airflow/example_dags/example_python_operator.py
[2026-07-18T21:41:48.286+0000] {processor.py:925} INFO - DAG(s) 'example_python_operator' retrieved from /home/airflow/.local/lib/python3.12/site-packages/airflow/example_dags/example_python_operator.py
[2026-07-18T21:41:48.320+0000] {logging_mixin.py:190} INFO - [2026-07-18T21:41:48.319+0000] {dag.py:3239} INFO - Sync 1 DAGs
[2026-07-18T21:41:48.348+0000] {logging_mixin.py:190} INFO - [2026-07-18T21:41:48.347+0000] {dag.py:4180} INFO - Setting next_dagrun for example_python_operator to None, run_after=None
[2026-07-18T21:41:48.379+0000] {processor.py:208} INFO - Processing /home/airflow/.local/lib/python3.12/site-packages/airflow/example_dags/example_python_operator.py took 0.135 seconds
[2026-07-18T21:42:20.259+0000] {processor.py:186} INFO - Started process (PID=2116) to work on /home/airflow/.local/lib/python3.12/site-packages/airflow/example_dags/example_python_operator.py
[2026-07-18T21:42:20.262+0000] {processor.py:914} INFO - Processing file /home/airflow/.local/lib/python3.12/site-packages/airflow/example_dags/example_python_operator.py for tasks to queue
[2026-07-18T21:42:20.267+0000] {logging_mixin.py:190} INFO - [2026-07-18T21:42:20.266+0000] {dagbag.py:588} INFO - Filling up the DagBag from /home/airflow/.local/lib/python3.12/site-packages/airflow/example_dags/example_python_operator.py
[2026-07-18T21:42:20.292+0000] {processor.py:925} INFO - DAG(s) 'example_python_operator' retrieved from /home/airflow/.local/lib/python3.12/site-packages/airflow/example_dags/example_python_operator.py
[2026-07-18T21:42:20.330+0000] {logging_mixin.py:190} INFO - [2026-07-18T21:42:20.329+0000] {dag.py:3239} INFO - Sync 1 DAGs
[2026-07-18T21:42:20.353+0000] {logging_mixin.py:190} INFO - [2026-07-18T21:42:20.353+0000] {dag.py:4180} INFO - Setting next_dagrun for example_python_operator to None, run_after=None
[2026-07-18T21:42:20.382+0000] {processor.py:208} INFO - Processing /home/airflow/.local/lib/python3.12/site-packages/airflow/example_dags/example_python_operator.py took 0.132 seconds
[2026-07-18T21:42:51.519+0000] {processor.py:186} INFO - Started process (PID=2180) to work on /home/airflow/.local/lib/python3.12/site-packages/airflow/example_dags/example_python_operator.py
[2026-07-18T21:42:51.521+0000] {processor.py:914} INFO - Processing file /home/airflow/.local/lib/python3.12/site-packages/airflow/example_dags/example_python_operator.py for tasks to queue
[2026-07-18T21:42:51.525+0000] {logging_mixin.py:190} INFO - [2026-07-18T21:42:51.525+0000] {dagbag.py:588} INFO - Filling up the DagBag from /home/airflow/.local/lib/python3.12/site-packages/airflow/example_dags/example_python_operator.py
[2026-07-18T21:42:51.553+0000] {processor.py:925} INFO - DAG(s) 'example_python_operator' retrieved from /home/airflow/.local/lib/python3.12/site-packages/airflow/example_dags/example_python_operator.py
[2026-07-18T21:42:51.621+0000] {logging_mixin.py:190} INFO - [2026-07-18T21:42:51.621+0000] {dag.py:3239} INFO - Sync 1 DAGs
[2026-07-18T21:42:51.650+0000] {logging_mixin.py:190} INFO - [2026-07-18T21:42:51.650+0000] {dag.py:4180} INFO - Setting next_dagrun for example_python_operator to None, run_after=None
[2026-07-18T21:42:51.682+0000] {processor.py:208} INFO - Processing /home/airflow/.local/lib/python3.12/site-packages/airflow/example_dags/example_python_operator.py took 0.172 seconds
[2026-07-18T21:43:24.360+0000] {processor.py:186} INFO - Started process (PID=2248) to work on /home/airflow/.local/lib/python3.12/site-packages/airflow/example_dags/example_python_operator.py
[2026-07-18T21:43:24.364+0000] {processor.py:914} INFO - Processing file /home/airflow/.local/lib/python3.12/site-packages/airflow/example_dags/example_python_operator.py for tasks to queue
[2026-07-18T21:43:24.371+0000] {logging_mixin.py:190} INFO - [2026-07-18T21:43:24.370+0000] {dagbag.py:588} INFO - Filling up the DagBag from /home/airflow/.local/lib/python3.12/site-packages/airflow/example_dags/example_python_operator.py
[2026-07-18T21:43:24.416+0000] {processor.py:925} INFO - DAG(s) 'example_python_operator' retrieved from /home/airflow/.local/lib/python3.12/site-packages/airflow/example_dags/example_python_operator.py
[2026-07-18T21:43:24.470+0000] {logging_mixin.py:190} INFO - [2026-07-18T21:43:24.470+0000] {dag.py:3239} INFO - Sync 1 DAGs
[2026-07-18T21:43:24.501+0000] {logging_mixin.py:190} INFO - [2026-07-18T21:43:24.500+0000] {dag.py:4180} INFO - Setting next_dagrun for example_python_operator to None, run_after=None
[2026-07-18T21:43:24.553+0000] {processor.py:208} INFO - Processing /home/airflow/.local/lib/python3.12/site-packages/airflow/example_dags/example_python_operator.py took 0.207 seconds
[2026-07-18T21:43:55.679+0000] {processor.py:186} INFO - Started process (PID=2313) to work on /home/airflow/.local/lib/python3.12/site-packages/airflow/example_dags/example_python_operator.py
[2026-07-18T21:43:55.689+0000] {processor.py:914} INFO - Processing file /home/airflow/.local/lib/python3.12/site-packages/airflow/example_dags/example_python_operator.py for tasks to queue
[2026-07-18T21:43:55.695+0000] {logging_mixin.py:190} INFO - [2026-07-18T21:43:55.694+0000] {dagbag.py:588} INFO - Filling up the DagBag from /home/airflow/.local/lib/python3.12/site-packages/airflow/example_dags/example_python_operator.py
[2026-07-18T21:43:55.736+0000] {processor.py:925} INFO - DAG(s) 'example_python_operator' retrieved from /home/airflow/.local/lib/python3.12/site-packages/airflow/example_dags/example_python_operator.py
[2026-07-18T21:43:55.787+0000] {logging_mixin.py:190} INFO - [2026-07-18T21:43:55.786+0000] {dag.py:3239} INFO - Sync 1 DAGs
[2026-07-18T21:43:55.818+0000] {logging_mixin.py:190} INFO - [2026-07-18T21:43:55.817+0000] {dag.py:4180} INFO - Setting next_dagrun for example_python_operator to None, run_after=None
[2026-07-18T21:43:55.867+0000] {processor.py:208} INFO - Processing /home/airflow/.local/lib/python3.12/site-packages/airflow/example_dags/example_python_operator.py took 0.198 seconds
[2026-07-18T21:44:26.998+0000] {processor.py:186} INFO - Started process (PID=2383) to work on /home/airflow/.local/lib/python3.12/site-packages/airflow/example_dags/example_python_operator.py
[2026-07-18T21:44:27.000+0000] {processor.py:914} INFO - Processing file /home/airflow/.local/lib/python3.12/site-packages/airflow/example_dags/example_python_operator.py for tasks to queue
[2026-07-18T21:44:27.006+0000] {logging_mixin.py:190} INFO - [2026-07-18T21:44:27.006+0000] {dagbag.py:588} INFO - Filling up the DagBag from /home/airflow/.local/lib/python3.12/site-packages/airflow/example_dags/example_python_operator.py
[2026-07-18T21:44:27.033+0000] {processor.py:925} INFO - DAG(s) 'example_python_operator' retrieved from /home/airflow/.local/lib/python3.12/site-packages/airflow/example_dags/example_python_operator.py
[2026-07-18T21:44:27.101+0000] {logging_mixin.py:190} INFO - [2026-07-18T21:44:27.100+0000] {dag.py:3239} INFO - Sync 1 DAGs
[2026-07-18T21:44:27.139+0000] {logging_mixin.py:190} INFO - [2026-07-18T21:44:27.139+0000] {dag.py:4180} INFO - Setting next_dagrun for example_python_operator to None, run_after=None
[2026-07-18T21:44:27.172+0000] {processor.py:208} INFO - Processing /home/airflow/.local/lib/python3.12/site-packages/airflow/example_dags/example_python_operator.py took 0.184 seconds
[2026-07-18T21:44:58.225+0000] {processor.py:186} INFO - Started process (PID=2447) to work on /home/airflow/.local/lib/python3.12/site-packages/airflow/example_dags/example_python_operator.py
[2026-07-18T21:44:58.228+0000] {processor.py:914} INFO - Processing file /home/airflow/.local/lib/python3.12/site-packages/airflow/example_dags/example_python_operator.py for tasks to queue
[2026-07-18T21:44:58.234+0000] {logging_mixin.py:190} INFO - [2026-07-18T21:44:58.233+0000] {dagbag.py:588} INFO - Filling up the DagBag from /home/airflow/.local/lib/python3.12/site-packages/airflow/example_dags/example_python_operator.py
[2026-07-18T21:44:58.256+0000] {processor.py:925} INFO - DAG(s) 'example_python_operator' retrieved from /home/airflow/.local/lib/python3.12/site-packages/airflow/example_dags/example_python_operator.py
[2026-07-18T21:44:58.301+0000] {logging_mixin.py:190} INFO - [2026-07-18T21:44:58.301+0000] {dag.py:3239} INFO - Sync 1 DAGs
[2026-07-18T21:44:58.326+0000] {logging_mixin.py:190} INFO - [2026-07-18T21:44:58.325+0000] {dag.py:4180} INFO - Setting next_dagrun for example_python_operator to None, run_after=None
[2026-07-18T21:44:58.354+0000] {processor.py:208} INFO - Processing /home/airflow/.local/lib/python3.12/site-packages/airflow/example_dags/example_python_operator.py took 0.144 seconds
[2026-07-18T21:45:30.075+0000] {processor.py:186} INFO - Started process (PID=2511) to work on /home/airflow/.local/lib/python3.12/site-packages/airflow/example_dags/example_python_operator.py
[2026-07-18T21:45:30.080+0000] {processor.py:914} INFO - Processing file /home/airflow/.local/lib/python3.12/site-packages/airflow/example_dags/example_python_operator.py for tasks to queue
[2026-07-18T21:45:30.089+0000] {logging_mixin.py:190} INFO - [2026-07-18T21:45:30.088+0000] {dagbag.py:588} INFO - Filling up the DagBag from /home/airflow/.local/lib/python3.12/site-packages/airflow/example_dags/example_python_operator.py
[2026-07-18T21:45:30.122+0000] {processor.py:925} INFO - DAG(s) 'example_python_operator' retrieved from /home/airflow/.local/lib/python3.12/site-packages/airflow/example_dags/example_python_operator.py
[2026-07-18T21:45:30.183+0000] {logging_mixin.py:190} INFO - [2026-07-18T21:45:30.182+0000] {dag.py:3239} INFO - Sync 1 DAGs
[2026-07-18T21:45:30.228+0000] {logging_mixin.py:190} INFO - [2026-07-18T21:45:30.227+0000] {dag.py:4180} INFO - Setting next_dagrun for example_python_operator to None, run_after=None
[2026-07-18T21:45:30.306+0000] {processor.py:208} INFO - Processing /home/airflow/.local/lib/python3.12/site-packages/airflow/example_dags/example_python_operator.py took 0.253 seconds
[2026-07-18T21:46:01.535+0000] {processor.py:186} INFO - Started process (PID=2575) to work on /home/airflow/.local/lib/python3.12/site-packages/airflow/example_dags/example_python_operator.py
[2026-07-18T21:46:01.539+0000] {processor.py:914} INFO - Processing file /home/airflow/.local/lib/python3.12/site-packages/airflow/example_dags/example_python_operator.py for tasks to queue
[2026-07-18T21:46:01.546+0000] {logging_mixin.py:190} INFO - [2026-07-18T21:46:01.545+0000] {dagbag.py:588} INFO - Filling up the DagBag from /home/airflow/.local/lib/python3.12/site-packages/airflow/example_dags/example_python_operator.py
[2026-07-18T21:46:01.565+0000] {processor.py:925} INFO - DAG(s) 'example_python_operator' retrieved from /home/airflow/.local/lib/python3.12/site-packages/airflow/example_dags/example_python_operator.py
[2026-07-18T21:46:01.605+0000] {logging_mixin.py:190} INFO - [2026-07-18T21:46:01.604+0000] {dag.py:3239} INFO - Sync 1 DAGs
[2026-07-18T21:46:01.638+0000] {logging_mixin.py:190} INFO - [2026-07-18T21:46:01.638+0000] {dag.py:4180} INFO - Setting next_dagrun for example_python_operator to None, run_after=None
[2026-07-18T21:46:01.697+0000] {processor.py:208} INFO - Processing /home/airflow/.local/lib/python3.12/site-packages/airflow/example_dags/example_python_operator.py took 0.174 seconds
[2026-07-18T21:46:32.625+0000] {processor.py:186} INFO - Started process (PID=2639) to work on /home/airflow/.local/lib/python3.12/site-packages/airflow/example_dags/example_python_operator.py
[2026-07-18T21:46:32.627+0000] {processor.py:914} INFO - Processing file /home/airflow/.local/lib/python3.12/site-packages/airflow/example_dags/example_python_operator.py for tasks to queue
[2026-07-18T21:46:32.635+0000] {logging_mixin.py:190} INFO - [2026-07-18T21:46:32.634+0000] {dagbag.py:588} INFO - Filling up the DagBag from /home/airflow/.local/lib/python3.12/site-packages/airflow/example_dags/example_python_operator.py
[2026-07-18T21:46:32.655+0000] {processor.py:925} INFO - DAG(s) 'example_python_operator' retrieved from /home/airflow/.local/lib/python3.12/site-packages/airflow/example_dags/example_python_operator.py
[2026-07-18T21:46:32.700+0000] {logging_mixin.py:190} INFO - [2026-07-18T21:46:32.700+0000] {dag.py:3239} INFO - Sync 1 DAGs
[2026-07-18T21:46:32.723+0000] {logging_mixin.py:190} INFO - [2026-07-18T21:46:32.723+0000] {dag.py:4180} INFO - Setting next_dagrun for example_python_operator to None, run_after=None
[2026-07-18T21:46:32.756+0000] {processor.py:208} INFO - Processing /home/airflow/.local/lib/python3.12/site-packages/airflow/example_dags/example_python_operator.py took 0.143 seconds
[2026-07-18T21:47:04.041+0000] {processor.py:186} INFO - Started process (PID=2707) to work on /home/airflow/.local/lib/python3.12/site-packages/airflow/example_dags/example_python_operator.py
[2026-07-18T21:47:04.043+0000] {processor.py:914} INFO - Processing file /home/airflow/.local/lib/python3.12/site-packages/airflow/example_dags/example_python_operator.py for tasks to queue
[2026-07-18T21:47:04.048+0000] {logging_mixin.py:190} INFO - [2026-07-18T21:47:04.047+0000] {dagbag.py:588} INFO - Filling up the DagBag from /home/airflow/.local/lib/python3.12/site-packages/airflow/example_dags/example_python_operator.py
[2026-07-18T21:47:04.064+0000] {processor.py:925} INFO - DAG(s) 'example_python_operator' retrieved from /home/airflow/.local/lib/python3.12/site-packages/airflow/example_dags/example_python_operator.py
[2026-07-18T21:47:04.096+0000] {logging_mixin.py:190} INFO - [2026-07-18T21:47:04.095+0000] {dag.py:3239} INFO - Sync 1 DAGs
[2026-07-18T21:47:04.125+0000] {logging_mixin.py:190} INFO - [2026-07-18T21:47:04.124+0000] {dag.py:4180} INFO - Setting next_dagrun for example_python_operator to None, run_after=None
[2026-07-18T21:47:04.154+0000] {processor.py:208} INFO - Processing /home/airflow/.local/lib/python3.12/site-packages/airflow/example_dags/example_python_operator.py took 0.123 seconds
[2026-07-18T21:47:35.709+0000] {processor.py:186} INFO - Started process (PID=2771) to work on /home/airflow/.local/lib/python3.12/site-packages/airflow/example_dags/example_python_operator.py
[2026-07-18T21:47:35.712+0000] {processor.py:914} INFO - Processing file /home/airflow/.local/lib/python3.12/site-packages/airflow/example_dags/example_python_operator.py for tasks to queue
[2026-07-18T21:47:35.719+0000] {logging_mixin.py:190} INFO - [2026-07-18T21:47:35.718+0000] {dagbag.py:588} INFO - Filling up the DagBag from /home/airflow/.local/lib/python3.12/site-packages/airflow/example_dags/example_python_operator.py
[2026-07-18T21:47:35.757+0000] {processor.py:925} INFO - DAG(s) 'example_python_operator' retrieved from /home/airflow/.local/lib/python3.12/site-packages/airflow/example_dags/example_python_operator.py
[2026-07-18T21:47:35.807+0000] {logging_mixin.py:190} INFO - [2026-07-18T21:47:35.806+0000] {dag.py:3239} INFO - Sync 1 DAGs
[2026-07-18T21:47:35.834+0000] {logging_mixin.py:190} INFO - [2026-07-18T21:47:35.834+0000] {dag.py:4180} INFO - Setting next_dagrun for example_python_operator to None, run_after=None
[2026-07-18T21:47:35.878+0000] {processor.py:208} INFO - Processing /home/airflow/.local/lib/python3.12/site-packages/airflow/example_dags/example_python_operator.py took 0.192 seconds
[2026-07-18T21:48:07.142+0000] {processor.py:186} INFO - Started process (PID=2835) to work on /home/airflow/.local/lib/python3.12/site-packages/airflow/example_dags/example_python_operator.py
[2026-07-18T21:48:07.144+0000] {processor.py:914} INFO - Processing file /home/airflow/.local/lib/python3.12/site-packages/airflow/example_dags/example_python_operator.py for tasks to queue
[2026-07-18T21:48:07.149+0000] {logging_mixin.py:190} INFO - [2026-07-18T21:48:07.148+0000] {dagbag.py:588} INFO - Filling up the DagBag from /home/airflow/.local/lib/python3.12/site-packages/airflow/example_dags/example_python_operator.py
[2026-07-18T21:48:07.173+0000] {processor.py:925} INFO - DAG(s) 'example_python_operator' retrieved from /home/airflow/.local/lib/python3.12/site-packages/airflow/example_dags/example_python_operator.py
[2026-07-18T21:48:07.204+0000] {logging_mixin.py:190} INFO - [2026-07-18T21:48:07.204+0000] {dag.py:3239} INFO - Sync 1 DAGs
[2026-07-18T21:48:07.222+0000] {logging_mixin.py:190} INFO - [2026-07-18T21:48:07.222+0000] {dag.py:4180} INFO - Setting next_dagrun for example_python_operator to None, run_after=None
[2026-07-18T21:48:07.248+0000] {processor.py:208} INFO - Processing /home/airflow/.local/lib/python3.12/site-packages/airflow/example_dags/example_python_operator.py took 0.114 seconds
[2026-07-18T21:48:38.444+0000] {processor.py:186} INFO - Started process (PID=2899) to work on /home/airflow/.local/lib/python3.12/site-packages/airflow/example_dags/example_python_operator.py
[2026-07-18T21:48:38.447+0000] {processor.py:914} INFO - Processing file /home/airflow/.local/lib/python3.12/site-packages/airflow/example_dags/example_python_operator.py for tasks to queue
[2026-07-18T21:48:38.453+0000] {logging_mixin.py:190} INFO - [2026-07-18T21:48:38.452+0000] {dagbag.py:588} INFO - Filling up the DagBag from /home/airflow/.local/lib/python3.12/site-packages/airflow/example_dags/example_python_operator.py
[2026-07-18T21:48:38.478+0000] {processor.py:925} INFO - DAG(s) 'example_python_operator' retrieved from /home/airflow/.local/lib/python3.12/site-packages/airflow/example_dags/example_python_operator.py
[2026-07-18T21:48:38.517+0000] {logging_mixin.py:190} INFO - [2026-07-18T21:48:38.516+0000] {dag.py:3239} INFO - Sync 1 DAGs
[2026-07-18T21:48:38.541+0000] {logging_mixin.py:190} INFO - [2026-07-18T21:48:38.540+0000] {dag.py:4180} INFO - Setting next_dagrun for example_python_operator to None, run_after=None
[2026-07-18T21:48:38.601+0000] {processor.py:208} INFO - Processing /home/airflow/.local/lib/python3.12/site-packages/airflow/example_dags/example_python_operator.py took 0.169 seconds
[2026-07-18T21:49:10.347+0000] {processor.py:186} INFO - Started process (PID=2963) to work on /home/airflow/.local/lib/python3.12/site-packages/airflow/example_dags/example_python_operator.py
[2026-07-18T21:49:10.350+0000] {processor.py:914} INFO - Processing file /home/airflow/.local/lib/python3.12/site-packages/airflow/example_dags/example_python_operator.py for tasks to queue
[2026-07-18T21:49:10.356+0000] {logging_mixin.py:190} INFO - [2026-07-18T21:49:10.355+0000] {dagbag.py:588} INFO - Filling up the DagBag from /home/airflow/.local/lib/python3.12/site-packages/airflow/example_dags/example_python_operator.py
[2026-07-18T21:49:10.384+0000] {processor.py:925} INFO - DAG(s) 'example_python_operator' retrieved from /home/airflow/.local/lib/python3.12/site-packages/airflow/example_dags/example_python_operator.py
[2026-07-18T21:49:10.440+0000] {logging_mixin.py:190} INFO - [2026-07-18T21:49:10.440+0000] {dag.py:3239} INFO - Sync 1 DAGs
[2026-07-18T21:49:10.472+0000] {logging_mixin.py:190} INFO - [2026-07-18T21:49:10.471+0000] {dag.py:4180} INFO - Setting next_dagrun for example_python_operator to None, run_after=None
[2026-07-18T21:49:10.507+0000] {processor.py:208} INFO - Processing /home/airflow/.local/lib/python3.12/site-packages/airflow/example_dags/example_python_operator.py took 0.179 seconds
[2026-07-18T22:00:40.627+0000] {processor.py:186} INFO - Started process (PID=3032) to work on /home/airflow/.local/lib/python3.12/site-packages/airflow/example_dags/example_python_operator.py
[2026-07-18T22:00:40.629+0000] {processor.py:914} INFO - Processing file /home/airflow/.local/lib/python3.12/site-packages/airflow/example_dags/example_python_operator.py for tasks to queue
[2026-07-18T22:00:40.632+0000] {logging_mixin.py:190} INFO - [2026-07-18T22:00:40.632+0000] {dagbag.py:588} INFO - Filling up the DagBag from /home/airflow/.local/lib/python3.12/site-packages/airflow/example_dags/example_python_operator.py
[2026-07-18T22:00:40.662+0000] {processor.py:925} INFO - DAG(s) 'example_python_operator' retrieved from /home/airflow/.local/lib/python3.12/site-packages/airflow/example_dags/example_python_operator.py
[2026-07-18T22:00:40.736+0000] {logging_mixin.py:190} INFO - [2026-07-18T22:00:40.735+0000] {dag.py:3239} INFO - Sync 1 DAGs
[2026-07-18T22:00:40.769+0000] {logging_mixin.py:190} INFO - [2026-07-18T22:00:40.769+0000] {dag.py:4180} INFO - Setting next_dagrun for example_python_operator to None, run_after=None
[2026-07-18T22:00:40.804+0000] {processor.py:208} INFO - Processing /home/airflow/.local/lib/python3.12/site-packages/airflow/example_dags/example_python_operator.py took 0.189 seconds
[2026-07-18T22:01:12.169+0000] {processor.py:186} INFO - Started process (PID=3096) to work on /home/airflow/.local/lib/python3.12/site-packages/airflow/example_dags/example_python_operator.py
[2026-07-18T22:01:12.172+0000] {processor.py:914} INFO - Processing file /home/airflow/.local/lib/python3.12/site-packages/airflow/example_dags/example_python_operator.py for tasks to queue
[2026-07-18T22:01:12.176+0000] {logging_mixin.py:190} INFO - [2026-07-18T22:01:12.175+0000] {dagbag.py:588} INFO - Filling up the DagBag from /home/airflow/.local/lib/python3.12/site-packages/airflow/example_dags/example_python_operator.py
[2026-07-18T22:01:12.213+0000] {processor.py:925} INFO - DAG(s) 'example_python_operator' retrieved from /home/airflow/.local/lib/python3.12/site-packages/airflow/example_dags/example_python_operator.py
[2026-07-18T22:01:12.274+0000] {logging_mixin.py:190} INFO - [2026-07-18T22:01:12.273+0000] {dag.py:3239} INFO - Sync 1 DAGs
[2026-07-18T22:01:12.308+0000] {logging_mixin.py:190} INFO - [2026-07-18T22:01:12.307+0000] {dag.py:4180} INFO - Setting next_dagrun for example_python_operator to None, run_after=None
[2026-07-18T22:01:12.358+0000] {processor.py:208} INFO - Processing /home/airflow/.local/lib/python3.12/site-packages/airflow/example_dags/example_python_operator.py took 0.199 seconds
[2026-07-18T22:01:43.520+0000] {processor.py:186} INFO - Started process (PID=3160) to work on /home/airflow/.local/lib/python3.12/site-packages/airflow/example_dags/example_python_operator.py
[2026-07-18T22:01:43.522+0000] {processor.py:914} INFO - Processing file /home/airflow/.local/lib/python3.12/site-packages/airflow/example_dags/example_python_operator.py for tasks to queue
[2026-07-18T22:01:43.527+0000] {logging_mixin.py:190} INFO - [2026-07-18T22:01:43.525+0000] {dagbag.py:588} INFO - Filling up the DagBag from /home/airflow/.local/lib/python3.12/site-packages/airflow/example_dags/example_python_operator.py
[2026-07-18T22:01:43.548+0000] {processor.py:925} INFO - DAG(s) 'example_python_operator' retrieved from /home/airflow/.local/lib/python3.12/site-packages/airflow/example_dags/example_python_operator.py
[2026-07-18T22:01:43.583+0000] {logging_mixin.py:190} INFO - [2026-07-18T22:01:43.582+0000] {dag.py:3239} INFO - Sync 1 DAGs
[2026-07-18T22:01:43.627+0000] {logging_mixin.py:190} INFO - [2026-07-18T22:01:43.626+0000] {dag.py:4180} INFO - Setting next_dagrun for example_python_operator to None, run_after=None
[2026-07-18T22:01:43.720+0000] {processor.py:208} INFO - Processing /home/airflow/.local/lib/python3.12/site-packages/airflow/example_dags/example_python_operator.py took 0.210 seconds
[2026-07-18T22:02:15.239+0000] {processor.py:186} INFO - Started process (PID=3224) to work on /home/airflow/.local/lib/python3.12/site-packages/airflow/example_dags/example_python_operator.py
[2026-07-18T22:02:15.242+0000] {processor.py:914} INFO - Processing file /home/airflow/.local/lib/python3.12/site-packages/airflow/example_dags/example_python_operator.py for tasks to queue
[2026-07-18T22:02:15.246+0000] {logging_mixin.py:190} INFO - [2026-07-18T22:02:15.245+0000] {dagbag.py:588} INFO - Filling up the DagBag from /home/airflow/.local/lib/python3.12/site-packages/airflow/example_dags/example_python_operator.py
[2026-07-18T22:02:15.268+0000] {processor.py:925} INFO - DAG(s) 'example_python_operator' retrieved from /home/airflow/.local/lib/python3.12/site-packages/airflow/example_dags/example_python_operator.py
[2026-07-18T22:02:15.301+0000] {logging_mixin.py:190} INFO - [2026-07-18T22:02:15.300+0000] {dag.py:3239} INFO - Sync 1 DAGs
[2026-07-18T22:02:15.321+0000] {logging_mixin.py:190} INFO - [2026-07-18T22:02:15.321+0000] {dag.py:4180} INFO - Setting next_dagrun for example_python_operator to None, run_after=None
[2026-07-18T22:02:15.409+0000] {processor.py:208} INFO - Processing /home/airflow/.local/lib/python3.12/site-packages/airflow/example_dags/example_python_operator.py took 0.180 seconds
[2026-07-18T22:02:46.675+0000] {processor.py:186} INFO - Started process (PID=3288) to work on /home/airflow/.local/lib/python3.12/site-packages/airflow/example_dags/example_python_operator.py
[2026-07-18T22:02:46.678+0000] {processor.py:914} INFO - Processing file /home/airflow/.local/lib/python3.12/site-packages/airflow/example_dags/example_python_operator.py for tasks to queue
[2026-07-18T22:02:46.683+0000] {logging_mixin.py:190} INFO - [2026-07-18T22:02:46.682+0000] {dagbag.py:588} INFO - Filling up the DagBag from /home/airflow/.local/lib/python3.12/site-packages/airflow/example_dags/example_python_operator.py
[2026-07-18T22:02:46.708+0000] {processor.py:925} INFO - DAG(s) 'example_python_operator' retrieved from /home/airflow/.local/lib/python3.12/site-packages/airflow/example_dags/example_python_operator.py
[2026-07-18T22:02:46.772+0000] {logging_mixin.py:190} INFO - [2026-07-18T22:02:46.771+0000] {dag.py:3239} INFO - Sync 1 DAGs
[2026-07-18T22:02:46.799+0000] {logging_mixin.py:190} INFO - [2026-07-18T22:02:46.799+0000] {dag.py:4180} INFO - Setting next_dagrun for example_python_operator to None, run_after=None
[2026-07-18T22:02:46.879+0000] {processor.py:208} INFO - Processing /home/airflow/.local/lib/python3.12/site-packages/airflow/example_dags/example_python_operator.py took 0.219 seconds
[2026-07-18T22:03:17.582+0000] {processor.py:186} INFO - Started process (PID=3352) to work on /home/airflow/.local/lib/python3.12/site-packages/airflow/example_dags/example_python_operator.py
[2026-07-18T22:03:17.585+0000] {processor.py:914} INFO - Processing file /home/airflow/.local/lib/python3.12/site-packages/airflow/example_dags/example_python_operator.py for tasks to queue
[2026-07-18T22:03:17.588+0000] {logging_mixin.py:190} INFO - [2026-07-18T22:03:17.588+0000] {dagbag.py:588} INFO - Filling up the DagBag from /home/airflow/.local/lib/python3.12/site-packages/airflow/example_dags/example_python_operator.py
[2026-07-18T22:03:17.607+0000] {processor.py:925} INFO - DAG(s) 'example_python_operator' retrieved from /home/airflow/.local/lib/python3.12/site-packages/airflow/example_dags/example_python_operator.py
[2026-07-18T22:03:17.638+0000] {logging_mixin.py:190} INFO - [2026-07-18T22:03:17.637+0000] {dag.py:3239} INFO - Sync 1 DAGs
[2026-07-18T22:03:17.658+0000] {logging_mixin.py:190} INFO - [2026-07-18T22:03:17.657+0000] {dag.py:4180} INFO - Setting next_dagrun for example_python_operator to None, run_after=None
[2026-07-18T22:03:17.741+0000] {processor.py:208} INFO - Processing /home/airflow/.local/lib/python3.12/site-packages/airflow/example_dags/example_python_operator.py took 0.169 seconds
[2026-07-18T22:03:49.522+0000] {processor.py:186} INFO - Started process (PID=3416) to work on /home/airflow/.local/lib/python3.12/site-packages/airflow/example_dags/example_python_operator.py
[2026-07-18T22:03:49.525+0000] {processor.py:914} INFO - Processing file /home/airflow/.local/lib/python3.12/site-packages/airflow/example_dags/example_python_operator.py for tasks to queue
[2026-07-18T22:03:49.528+0000] {logging_mixin.py:190} INFO - [2026-07-18T22:03:49.528+0000] {dagbag.py:588} INFO - Filling up the DagBag from /home/airflow/.local/lib/python3.12/site-packages/airflow/example_dags/example_python_operator.py
[2026-07-18T22:03:49.550+0000] {processor.py:925} INFO - DAG(s) 'example_python_operator' retrieved from /home/airflow/.local/lib/python3.12/site-packages/airflow/example_dags/example_python_operator.py
[2026-07-18T22:03:49.577+0000] {logging_mixin.py:190} INFO - [2026-07-18T22:03:49.577+0000] {dag.py:3239} INFO - Sync 1 DAGs
[2026-07-18T22:03:49.596+0000] {logging_mixin.py:190} INFO - [2026-07-18T22:03:49.596+0000] {dag.py:4180} INFO - Setting next_dagrun for example_python_operator to None, run_after=None
[2026-07-18T22:03:49.666+0000] {processor.py:208} INFO - Processing /home/airflow/.local/lib/python3.12/site-packages/airflow/example_dags/example_python_operator.py took 0.156 seconds
[2026-07-18T22:04:20.294+0000] {processor.py:186} INFO - Started process (PID=3480) to work on /home/airflow/.local/lib/python3.12/site-packages/airflow/example_dags/example_python_operator.py
[2026-07-18T22:04:20.297+0000] {processor.py:914} INFO - Processing file /home/airflow/.local/lib/python3.12/site-packages/airflow/example_dags/example_python_operator.py for tasks to queue
[2026-07-18T22:04:20.299+0000] {logging_mixin.py:190} INFO - [2026-07-18T22:04:20.299+0000] {dagbag.py:588} INFO - Filling up the DagBag from /home/airflow/.local/lib/python3.12/site-packages/airflow/example_dags/example_python_operator.py
[2026-07-18T22:04:20.317+0000] {processor.py:925} INFO - DAG(s) 'example_python_operator' retrieved from /home/airflow/.local/lib/python3.12/site-packages/airflow/example_dags/example_python_operator.py
[2026-07-18T22:04:20.351+0000] {logging_mixin.py:190} INFO - [2026-07-18T22:04:20.351+0000] {dag.py:3239} INFO - Sync 1 DAGs
[2026-07-18T22:04:20.373+0000] {logging_mixin.py:190} INFO - [2026-07-18T22:04:20.372+0000] {dag.py:4180} INFO - Setting next_dagrun for example_python_operator to None, run_after=None
[2026-07-18T22:04:20.399+0000] {processor.py:208} INFO - Processing /home/airflow/.local/lib/python3.12/site-packages/airflow/example_dags/example_python_operator.py took 0.112 seconds
[2026-07-18T22:04:52.206+0000] {processor.py:186} INFO - Started process (PID=3544) to work on /home/airflow/.local/lib/python3.12/site-packages/airflow/example_dags/example_python_operator.py
[2026-07-18T22:04:52.209+0000] {processor.py:914} INFO - Processing file /home/airflow/.local/lib/python3.12/site-packages/airflow/example_dags/example_python_operator.py for tasks to queue
[2026-07-18T22:04:52.213+0000] {logging_mixin.py:190} INFO - [2026-07-18T22:04:52.212+0000] {dagbag.py:588} INFO - Filling up the DagBag from /home/airflow/.local/lib/python3.12/site-packages/airflow/example_dags/example_python_operator.py
[2026-07-18T22:04:52.236+0000] {processor.py:925} INFO - DAG(s) 'example_python_operator' retrieved from /home/airflow/.local/lib/python3.12/site-packages/airflow/example_dags/example_python_operator.py
[2026-07-18T22:04:52.272+0000] {logging_mixin.py:190} INFO - [2026-07-18T22:04:52.271+0000] {dag.py:3239} INFO - Sync 1 DAGs
[2026-07-18T22:04:52.578+0000] {logging_mixin.py:190} INFO - [2026-07-18T22:04:52.578+0000] {dag.py:4180} INFO - Setting next_dagrun for example_python_operator to None, run_after=None
[2026-07-18T22:04:52.610+0000] {processor.py:208} INFO - Processing /home/airflow/.local/lib/python3.12/site-packages/airflow/example_dags/example_python_operator.py took 0.414 seconds
[2026-07-18T22:05:23.258+0000] {processor.py:186} INFO - Started process (PID=3608) to work on /home/airflow/.local/lib/python3.12/site-packages/airflow/example_dags/example_python_operator.py
[2026-07-18T22:05:23.260+0000] {processor.py:914} INFO - Processing file /home/airflow/.local/lib/python3.12/site-packages/airflow/example_dags/example_python_operator.py for tasks to queue
[2026-07-18T22:05:23.263+0000] {logging_mixin.py:190} INFO - [2026-07-18T22:05:23.262+0000] {dagbag.py:588} INFO - Filling up the DagBag from /home/airflow/.local/lib/python3.12/site-packages/airflow/example_dags/example_python_operator.py
[2026-07-18T22:05:23.279+0000] {processor.py:925} INFO - DAG(s) 'example_python_operator' retrieved from /home/airflow/.local/lib/python3.12/site-packages/airflow/example_dags/example_python_operator.py
[2026-07-18T22:05:23.310+0000] {logging_mixin.py:190} INFO - [2026-07-18T22:05:23.309+0000] {dag.py:3239} INFO - Sync 1 DAGs
[2026-07-18T22:05:23.329+0000] {logging_mixin.py:190} INFO - [2026-07-18T22:05:23.329+0000] {dag.py:4180} INFO - Setting next_dagrun for example_python_operator to None, run_after=None
[2026-07-18T22:05:23.415+0000] {processor.py:208} INFO - Processing /home/airflow/.local/lib/python3.12/site-packages/airflow/example_dags/example_python_operator.py took 0.165 seconds
[2026-07-18T23:18:19.332+0000] {processor.py:186} INFO - Started process (PID=3688) to work on /home/airflow/.local/lib/python3.12/site-packages/airflow/example_dags/example_python_operator.py
[2026-07-18T23:18:19.336+0000] {processor.py:914} INFO - Processing file /home/airflow/.local/lib/python3.12/site-packages/airflow/example_dags/example_python_operator.py for tasks to queue
[2026-07-18T23:18:19.351+0000] {logging_mixin.py:190} INFO - [2026-07-18T23:18:19.350+0000] {dagbag.py:588} INFO - Filling up the DagBag from /home/airflow/.local/lib/python3.12/site-packages/airflow/example_dags/example_python_operator.py
[2026-07-18T23:18:19.475+0000] {processor.py:925} INFO - DAG(s) 'example_python_operator' retrieved from /home/airflow/.local/lib/python3.12/site-packages/airflow/example_dags/example_python_operator.py
[2026-07-18T23:18:19.642+0000] {logging_mixin.py:190} INFO - [2026-07-18T23:18:19.641+0000] {dag.py:3239} INFO - Sync 1 DAGs
[2026-07-18T23:18:20.778+0000] {logging_mixin.py:190} INFO - [2026-07-18T23:18:20.777+0000] {dag.py:4180} INFO - Setting next_dagrun for example_python_operator to None, run_after=None
[2026-07-18T23:18:20.866+0000] {processor.py:208} INFO - Processing /home/airflow/.local/lib/python3.12/site-packages/airflow/example_dags/example_python_operator.py took 1.589 seconds
