[2026-07-18T20:50:14.421+0000] {processor.py:186} INFO - Started process (PID=120) to work on /home/airflow/.local/lib/python3.12/site-packages/airflow/example_dags/example_nested_branch_dag.py
[2026-07-18T20:50:14.424+0000] {processor.py:914} INFO - Processing file /home/airflow/.local/lib/python3.12/site-packages/airflow/example_dags/example_nested_branch_dag.py for tasks to queue
[2026-07-18T20:50:14.430+0000] {logging_mixin.py:190} INFO - [2026-07-18T20:50:14.429+0000] {dagbag.py:588} INFO - Filling up the DagBag from /home/airflow/.local/lib/python3.12/site-packages/airflow/example_dags/example_nested_branch_dag.py
[2026-07-18T20:50:14.479+0000] {processor.py:925} INFO - DAG(s) 'example_nested_branch_dag' retrieved from /home/airflow/.local/lib/python3.12/site-packages/airflow/example_dags/example_nested_branch_dag.py
[2026-07-18T20:50:14.785+0000] {logging_mixin.py:190} INFO - [2026-07-18T20:50:14.783+0000] {override.py:1911} INFO - Created Permission View: can edit on DAG:example_nested_branch_dag
[2026-07-18T20:50:14.810+0000] {logging_mixin.py:190} INFO - [2026-07-18T20:50:14.809+0000] {override.py:1911} INFO - Created Permission View: can read on DAG:example_nested_branch_dag
[2026-07-18T20:50:14.820+0000] {logging_mixin.py:190} INFO - [2026-07-18T20:50:14.820+0000] {override.py:1911} INFO - Created Permission View: can delete on DAG:example_nested_branch_dag
[2026-07-18T20:50:14.832+0000] {logging_mixin.py:190} INFO - [2026-07-18T20:50:14.831+0000] {override.py:1911} INFO - Created Permission View: can create on DAG Run:example_nested_branch_dag
[2026-07-18T20:50:14.842+0000] {logging_mixin.py:190} INFO - [2026-07-18T20:50:14.842+0000] {override.py:1911} INFO - Created Permission View: can read on DAG Run:example_nested_branch_dag
[2026-07-18T20:50:14.856+0000] {logging_mixin.py:190} INFO - [2026-07-18T20:50:14.856+0000] {override.py:1911} INFO - Created Permission View: menu access on DAG Run:example_nested_branch_dag
[2026-07-18T20:50:14.868+0000] {logging_mixin.py:190} INFO - [2026-07-18T20:50:14.867+0000] {override.py:1911} INFO - Created Permission View: can delete on DAG Run:example_nested_branch_dag
[2026-07-18T20:50:14.870+0000] {logging_mixin.py:190} INFO - [2026-07-18T20:50:14.869+0000] {dag.py:3239} INFO - Sync 1 DAGs
[2026-07-18T20:50:14.917+0000] {logging_mixin.py:190} INFO - [2026-07-18T20:50:14.917+0000] {dag.py:3262} INFO - Creating ORM DAG for example_nested_branch_dag
[2026-07-18T20:50:14.970+0000] {logging_mixin.py:190} INFO - [2026-07-18T20:50:14.969+0000] {dag.py:4180} INFO - Setting next_dagrun for example_nested_branch_dag to 2026-07-17 00:00:00+00:00, run_after=2026-07-18 00:00:00+00:00
[2026-07-18T20:50:15.020+0000] {processor.py:208} INFO - Processing /home/airflow/.local/lib/python3.12/site-packages/airflow/example_dags/example_nested_branch_dag.py took 0.611 seconds
[2026-07-18T20:50:45.680+0000] {processor.py:186} INFO - Started process (PID=183) to work on /home/airflow/.local/lib/python3.12/site-packages/airflow/example_dags/example_nested_branch_dag.py
[2026-07-18T20:50:45.684+0000] {processor.py:914} INFO - Processing file /home/airflow/.local/lib/python3.12/site-packages/airflow/example_dags/example_nested_branch_dag.py for tasks to queue
[2026-07-18T20:50:45.689+0000] {logging_mixin.py:190} INFO - [2026-07-18T20:50:45.688+0000] {dagbag.py:588} INFO - Filling up the DagBag from /home/airflow/.local/lib/python3.12/site-packages/airflow/example_dags/example_nested_branch_dag.py
[2026-07-18T20:50:45.708+0000] {processor.py:925} INFO - DAG(s) 'example_nested_branch_dag' retrieved from /home/airflow/.local/lib/python3.12/site-packages/airflow/example_dags/example_nested_branch_dag.py
[2026-07-18T20:50:45.752+0000] {logging_mixin.py:190} INFO - [2026-07-18T20:50:45.752+0000] {dag.py:3239} INFO - Sync 1 DAGs
[2026-07-18T20:50:45.823+0000] {logging_mixin.py:190} INFO - [2026-07-18T20:50:45.822+0000] {dag.py:4180} INFO - Setting next_dagrun for example_nested_branch_dag to 2026-07-17 00:00:00+00:00, run_after=2026-07-18 00:00:00+00:00
[2026-07-18T20:50:45.862+0000] {processor.py:208} INFO - Processing /home/airflow/.local/lib/python3.12/site-packages/airflow/example_dags/example_nested_branch_dag.py took 0.191 seconds
[2026-07-18T20:51:15.966+0000] {processor.py:186} INFO - Started process (PID=245) to work on /home/airflow/.local/lib/python3.12/site-packages/airflow/example_dags/example_nested_branch_dag.py
[2026-07-18T20:51:15.968+0000] {processor.py:914} INFO - Processing file /home/airflow/.local/lib/python3.12/site-packages/airflow/example_dags/example_nested_branch_dag.py for tasks to queue
[2026-07-18T20:51:15.973+0000] {logging_mixin.py:190} INFO - [2026-07-18T20:51:15.973+0000] {dagbag.py:588} INFO - Filling up the DagBag from /home/airflow/.local/lib/python3.12/site-packages/airflow/example_dags/example_nested_branch_dag.py
[2026-07-18T20:51:15.988+0000] {processor.py:925} INFO - DAG(s) 'example_nested_branch_dag' retrieved from /home/airflow/.local/lib/python3.12/site-packages/airflow/example_dags/example_nested_branch_dag.py
[2026-07-18T20:51:16.014+0000] {logging_mixin.py:190} INFO - [2026-07-18T20:51:16.013+0000] {dag.py:3239} INFO - Sync 1 DAGs
[2026-07-18T20:51:16.043+0000] {logging_mixin.py:190} INFO - [2026-07-18T20:51:16.043+0000] {dag.py:4180} INFO - Setting next_dagrun for example_nested_branch_dag to 2026-07-17 00:00:00+00:00, run_after=2026-07-18 00:00:00+00:00
[2026-07-18T20:51:16.068+0000] {processor.py:208} INFO - Processing /home/airflow/.local/lib/python3.12/site-packages/airflow/example_dags/example_nested_branch_dag.py took 0.110 seconds
[2026-07-18T20:51:46.990+0000] {processor.py:186} INFO - Started process (PID=309) to work on /home/airflow/.local/lib/python3.12/site-packages/airflow/example_dags/example_nested_branch_dag.py
[2026-07-18T20:51:46.991+0000] {processor.py:914} INFO - Processing file /home/airflow/.local/lib/python3.12/site-packages/airflow/example_dags/example_nested_branch_dag.py for tasks to queue
[2026-07-18T20:51:46.994+0000] {logging_mixin.py:190} INFO - [2026-07-18T20:51:46.993+0000] {dagbag.py:588} INFO - Filling up the DagBag from /home/airflow/.local/lib/python3.12/site-packages/airflow/example_dags/example_nested_branch_dag.py
[2026-07-18T20:51:47.006+0000] {processor.py:925} INFO - DAG(s) 'example_nested_branch_dag' retrieved from /home/airflow/.local/lib/python3.12/site-packages/airflow/example_dags/example_nested_branch_dag.py
[2026-07-18T20:51:47.025+0000] {logging_mixin.py:190} INFO - [2026-07-18T20:51:47.025+0000] {dag.py:3239} INFO - Sync 1 DAGs
[2026-07-18T20:51:47.050+0000] {logging_mixin.py:190} INFO - [2026-07-18T20:51:47.049+0000] {dag.py:4180} INFO - Setting next_dagrun for example_nested_branch_dag to 2026-07-17 00:00:00+00:00, run_after=2026-07-18 00:00:00+00:00
[2026-07-18T20:51:47.070+0000] {processor.py:208} INFO - Processing /home/airflow/.local/lib/python3.12/site-packages/airflow/example_dags/example_nested_branch_dag.py took 0.086 seconds
[2026-07-18T20:52:17.729+0000] {processor.py:186} INFO - Started process (PID=372) to work on /home/airflow/.local/lib/python3.12/site-packages/airflow/example_dags/example_nested_branch_dag.py
[2026-07-18T20:52:17.731+0000] {processor.py:914} INFO - Processing file /home/airflow/.local/lib/python3.12/site-packages/airflow/example_dags/example_nested_branch_dag.py for tasks to queue
[2026-07-18T20:52:17.736+0000] {logging_mixin.py:190} INFO - [2026-07-18T20:52:17.735+0000] {dagbag.py:588} INFO - Filling up the DagBag from /home/airflow/.local/lib/python3.12/site-packages/airflow/example_dags/example_nested_branch_dag.py
[2026-07-18T20:52:17.752+0000] {processor.py:925} INFO - DAG(s) 'example_nested_branch_dag' retrieved from /home/airflow/.local/lib/python3.12/site-packages/airflow/example_dags/example_nested_branch_dag.py
[2026-07-18T20:52:17.785+0000] {logging_mixin.py:190} INFO - [2026-07-18T20:52:17.785+0000] {dag.py:3239} INFO - Sync 1 DAGs
[2026-07-18T20:52:17.817+0000] {logging_mixin.py:190} INFO - [2026-07-18T20:52:17.817+0000] {dag.py:4180} INFO - Setting next_dagrun for example_nested_branch_dag to 2026-07-17 00:00:00+00:00, run_after=2026-07-18 00:00:00+00:00
[2026-07-18T20:52:17.855+0000] {processor.py:208} INFO - Processing /home/airflow/.local/lib/python3.12/site-packages/airflow/example_dags/example_nested_branch_dag.py took 0.135 seconds
[2026-07-18T20:52:48.708+0000] {processor.py:186} INFO - Started process (PID=435) to work on /home/airflow/.local/lib/python3.12/site-packages/airflow/example_dags/example_nested_branch_dag.py
[2026-07-18T20:52:48.710+0000] {processor.py:914} INFO - Processing file /home/airflow/.local/lib/python3.12/site-packages/airflow/example_dags/example_nested_branch_dag.py for tasks to queue
[2026-07-18T20:52:48.713+0000] {logging_mixin.py:190} INFO - [2026-07-18T20:52:48.713+0000] {dagbag.py:588} INFO - Filling up the DagBag from /home/airflow/.local/lib/python3.12/site-packages/airflow/example_dags/example_nested_branch_dag.py
[2026-07-18T20:52:48.726+0000] {processor.py:925} INFO - DAG(s) 'example_nested_branch_dag' retrieved from /home/airflow/.local/lib/python3.12/site-packages/airflow/example_dags/example_nested_branch_dag.py
[2026-07-18T20:52:48.756+0000] {logging_mixin.py:190} INFO - [2026-07-18T20:52:48.756+0000] {dag.py:3239} INFO - Sync 1 DAGs
[2026-07-18T20:52:48.783+0000] {logging_mixin.py:190} INFO - [2026-07-18T20:52:48.782+0000] {dag.py:4180} INFO - Setting next_dagrun for example_nested_branch_dag to 2026-07-17 00:00:00+00:00, run_after=2026-07-18 00:00:00+00:00
[2026-07-18T20:52:48.804+0000] {processor.py:208} INFO - Processing /home/airflow/.local/lib/python3.12/site-packages/airflow/example_dags/example_nested_branch_dag.py took 0.104 seconds
[2026-07-18T20:53:19.561+0000] {processor.py:186} INFO - Started process (PID=498) to work on /home/airflow/.local/lib/python3.12/site-packages/airflow/example_dags/example_nested_branch_dag.py
[2026-07-18T20:53:19.563+0000] {processor.py:914} INFO - Processing file /home/airflow/.local/lib/python3.12/site-packages/airflow/example_dags/example_nested_branch_dag.py for tasks to queue
[2026-07-18T20:53:19.567+0000] {logging_mixin.py:190} INFO - [2026-07-18T20:53:19.566+0000] {dagbag.py:588} INFO - Filling up the DagBag from /home/airflow/.local/lib/python3.12/site-packages/airflow/example_dags/example_nested_branch_dag.py
[2026-07-18T20:53:19.580+0000] {processor.py:925} INFO - DAG(s) 'example_nested_branch_dag' retrieved from /home/airflow/.local/lib/python3.12/site-packages/airflow/example_dags/example_nested_branch_dag.py
[2026-07-18T20:53:19.600+0000] {logging_mixin.py:190} INFO - [2026-07-18T20:53:19.600+0000] {dag.py:3239} INFO - Sync 1 DAGs
[2026-07-18T20:53:19.622+0000] {logging_mixin.py:190} INFO - [2026-07-18T20:53:19.621+0000] {dag.py:4180} INFO - Setting next_dagrun for example_nested_branch_dag to 2026-07-17 00:00:00+00:00, run_after=2026-07-18 00:00:00+00:00
[2026-07-18T20:53:19.640+0000] {processor.py:208} INFO - Processing /home/airflow/.local/lib/python3.12/site-packages/airflow/example_dags/example_nested_branch_dag.py took 0.086 seconds
[2026-07-18T20:53:50.354+0000] {processor.py:186} INFO - Started process (PID=561) to work on /home/airflow/.local/lib/python3.12/site-packages/airflow/example_dags/example_nested_branch_dag.py
[2026-07-18T20:53:50.355+0000] {processor.py:914} INFO - Processing file /home/airflow/.local/lib/python3.12/site-packages/airflow/example_dags/example_nested_branch_dag.py for tasks to queue
[2026-07-18T20:53:50.357+0000] {logging_mixin.py:190} INFO - [2026-07-18T20:53:50.357+0000] {dagbag.py:588} INFO - Filling up the DagBag from /home/airflow/.local/lib/python3.12/site-packages/airflow/example_dags/example_nested_branch_dag.py
[2026-07-18T20:53:50.366+0000] {processor.py:925} INFO - DAG(s) 'example_nested_branch_dag' retrieved from /home/airflow/.local/lib/python3.12/site-packages/airflow/example_dags/example_nested_branch_dag.py
[2026-07-18T20:53:50.385+0000] {logging_mixin.py:190} INFO - [2026-07-18T20:53:50.384+0000] {dag.py:3239} INFO - Sync 1 DAGs
[2026-07-18T20:53:50.405+0000] {logging_mixin.py:190} INFO - [2026-07-18T20:53:50.405+0000] {dag.py:4180} INFO - Setting next_dagrun for example_nested_branch_dag to 2026-07-17 00:00:00+00:00, run_after=2026-07-18 00:00:00+00:00
[2026-07-18T20:53:50.421+0000] {processor.py:208} INFO - Processing /home/airflow/.local/lib/python3.12/site-packages/airflow/example_dags/example_nested_branch_dag.py took 0.073 seconds
[2026-07-18T20:54:21.149+0000] {processor.py:186} INFO - Started process (PID=624) to work on /home/airflow/.local/lib/python3.12/site-packages/airflow/example_dags/example_nested_branch_dag.py
[2026-07-18T20:54:21.150+0000] {processor.py:914} INFO - Processing file /home/airflow/.local/lib/python3.12/site-packages/airflow/example_dags/example_nested_branch_dag.py for tasks to queue
[2026-07-18T20:54:21.153+0000] {logging_mixin.py:190} INFO - [2026-07-18T20:54:21.153+0000] {dagbag.py:588} INFO - Filling up the DagBag from /home/airflow/.local/lib/python3.12/site-packages/airflow/example_dags/example_nested_branch_dag.py
[2026-07-18T20:54:21.163+0000] {processor.py:925} INFO - DAG(s) 'example_nested_branch_dag' retrieved from /home/airflow/.local/lib/python3.12/site-packages/airflow/example_dags/example_nested_branch_dag.py
[2026-07-18T20:54:21.183+0000] {logging_mixin.py:190} INFO - [2026-07-18T20:54:21.183+0000] {dag.py:3239} INFO - Sync 1 DAGs
[2026-07-18T20:54:21.204+0000] {logging_mixin.py:190} INFO - [2026-07-18T20:54:21.204+0000] {dag.py:4180} INFO - Setting next_dagrun for example_nested_branch_dag to 2026-07-17 00:00:00+00:00, run_after=2026-07-18 00:00:00+00:00
[2026-07-18T20:54:21.220+0000] {processor.py:208} INFO - Processing /home/airflow/.local/lib/python3.12/site-packages/airflow/example_dags/example_nested_branch_dag.py took 0.076 seconds
[2026-07-18T20:54:51.302+0000] {processor.py:186} INFO - Started process (PID=687) to work on /home/airflow/.local/lib/python3.12/site-packages/airflow/example_dags/example_nested_branch_dag.py
[2026-07-18T20:54:51.303+0000] {processor.py:914} INFO - Processing file /home/airflow/.local/lib/python3.12/site-packages/airflow/example_dags/example_nested_branch_dag.py for tasks to queue
[2026-07-18T20:54:51.305+0000] {logging_mixin.py:190} INFO - [2026-07-18T20:54:51.305+0000] {dagbag.py:588} INFO - Filling up the DagBag from /home/airflow/.local/lib/python3.12/site-packages/airflow/example_dags/example_nested_branch_dag.py
[2026-07-18T20:54:51.315+0000] {processor.py:925} INFO - DAG(s) 'example_nested_branch_dag' retrieved from /home/airflow/.local/lib/python3.12/site-packages/airflow/example_dags/example_nested_branch_dag.py
[2026-07-18T20:54:51.332+0000] {logging_mixin.py:190} INFO - [2026-07-18T20:54:51.332+0000] {dag.py:3239} INFO - Sync 1 DAGs
[2026-07-18T20:54:51.351+0000] {logging_mixin.py:190} INFO - [2026-07-18T20:54:51.351+0000] {dag.py:4180} INFO - Setting next_dagrun for example_nested_branch_dag to 2026-07-17 00:00:00+00:00, run_after=2026-07-18 00:00:00+00:00
[2026-07-18T20:54:51.366+0000] {processor.py:208} INFO - Processing /home/airflow/.local/lib/python3.12/site-packages/airflow/example_dags/example_nested_branch_dag.py took 0.070 seconds
[2026-07-18T20:55:21.894+0000] {processor.py:186} INFO - Started process (PID=750) to work on /home/airflow/.local/lib/python3.12/site-packages/airflow/example_dags/example_nested_branch_dag.py
[2026-07-18T20:55:21.896+0000] {processor.py:914} INFO - Processing file /home/airflow/.local/lib/python3.12/site-packages/airflow/example_dags/example_nested_branch_dag.py for tasks to queue
[2026-07-18T20:55:21.898+0000] {logging_mixin.py:190} INFO - [2026-07-18T20:55:21.898+0000] {dagbag.py:588} INFO - Filling up the DagBag from /home/airflow/.local/lib/python3.12/site-packages/airflow/example_dags/example_nested_branch_dag.py
[2026-07-18T20:55:21.910+0000] {processor.py:925} INFO - DAG(s) 'example_nested_branch_dag' retrieved from /home/airflow/.local/lib/python3.12/site-packages/airflow/example_dags/example_nested_branch_dag.py
[2026-07-18T20:55:21.930+0000] {logging_mixin.py:190} INFO - [2026-07-18T20:55:21.930+0000] {dag.py:3239} INFO - Sync 1 DAGs
[2026-07-18T20:55:21.950+0000] {logging_mixin.py:190} INFO - [2026-07-18T20:55:21.950+0000] {dag.py:4180} INFO - Setting next_dagrun for example_nested_branch_dag to 2026-07-17 00:00:00+00:00, run_after=2026-07-18 00:00:00+00:00
[2026-07-18T20:55:21.964+0000] {processor.py:208} INFO - Processing /home/airflow/.local/lib/python3.12/site-packages/airflow/example_dags/example_nested_branch_dag.py took 0.075 seconds
[2026-07-18T20:55:52.503+0000] {processor.py:186} INFO - Started process (PID=813) to work on /home/airflow/.local/lib/python3.12/site-packages/airflow/example_dags/example_nested_branch_dag.py
[2026-07-18T20:55:52.505+0000] {processor.py:914} INFO - Processing file /home/airflow/.local/lib/python3.12/site-packages/airflow/example_dags/example_nested_branch_dag.py for tasks to queue
[2026-07-18T20:55:52.507+0000] {logging_mixin.py:190} INFO - [2026-07-18T20:55:52.507+0000] {dagbag.py:588} INFO - Filling up the DagBag from /home/airflow/.local/lib/python3.12/site-packages/airflow/example_dags/example_nested_branch_dag.py
[2026-07-18T20:55:52.518+0000] {processor.py:925} INFO - DAG(s) 'example_nested_branch_dag' retrieved from /home/airflow/.local/lib/python3.12/site-packages/airflow/example_dags/example_nested_branch_dag.py
[2026-07-18T20:55:52.535+0000] {logging_mixin.py:190} INFO - [2026-07-18T20:55:52.535+0000] {dag.py:3239} INFO - Sync 1 DAGs
[2026-07-18T20:55:52.554+0000] {logging_mixin.py:190} INFO - [2026-07-18T20:55:52.554+0000] {dag.py:4180} INFO - Setting next_dagrun for example_nested_branch_dag to 2026-07-17 00:00:00+00:00, run_after=2026-07-18 00:00:00+00:00
[2026-07-18T20:55:52.569+0000] {processor.py:208} INFO - Processing /home/airflow/.local/lib/python3.12/site-packages/airflow/example_dags/example_nested_branch_dag.py took 0.071 seconds
[2026-07-18T20:56:23.643+0000] {processor.py:186} INFO - Started process (PID=876) to work on /home/airflow/.local/lib/python3.12/site-packages/airflow/example_dags/example_nested_branch_dag.py
[2026-07-18T20:56:23.644+0000] {processor.py:914} INFO - Processing file /home/airflow/.local/lib/python3.12/site-packages/airflow/example_dags/example_nested_branch_dag.py for tasks to queue
[2026-07-18T20:56:23.647+0000] {logging_mixin.py:190} INFO - [2026-07-18T20:56:23.647+0000] {dagbag.py:588} INFO - Filling up the DagBag from /home/airflow/.local/lib/python3.12/site-packages/airflow/example_dags/example_nested_branch_dag.py
[2026-07-18T20:56:23.658+0000] {processor.py:925} INFO - DAG(s) 'example_nested_branch_dag' retrieved from /home/airflow/.local/lib/python3.12/site-packages/airflow/example_dags/example_nested_branch_dag.py
[2026-07-18T20:56:23.676+0000] {logging_mixin.py:190} INFO - [2026-07-18T20:56:23.676+0000] {dag.py:3239} INFO - Sync 1 DAGs
[2026-07-18T20:56:23.697+0000] {logging_mixin.py:190} INFO - [2026-07-18T20:56:23.696+0000] {dag.py:4180} INFO - Setting next_dagrun for example_nested_branch_dag to 2026-07-17 00:00:00+00:00, run_after=2026-07-18 00:00:00+00:00
[2026-07-18T20:56:23.712+0000] {processor.py:208} INFO - Processing /home/airflow/.local/lib/python3.12/site-packages/airflow/example_dags/example_nested_branch_dag.py took 0.075 seconds
[2026-07-18T20:56:54.348+0000] {processor.py:186} INFO - Started process (PID=939) to work on /home/airflow/.local/lib/python3.12/site-packages/airflow/example_dags/example_nested_branch_dag.py
[2026-07-18T20:56:54.349+0000] {processor.py:914} INFO - Processing file /home/airflow/.local/lib/python3.12/site-packages/airflow/example_dags/example_nested_branch_dag.py for tasks to queue
[2026-07-18T20:56:54.352+0000] {logging_mixin.py:190} INFO - [2026-07-18T20:56:54.351+0000] {dagbag.py:588} INFO - Filling up the DagBag from /home/airflow/.local/lib/python3.12/site-packages/airflow/example_dags/example_nested_branch_dag.py
[2026-07-18T20:56:54.363+0000] {processor.py:925} INFO - DAG(s) 'example_nested_branch_dag' retrieved from /home/airflow/.local/lib/python3.12/site-packages/airflow/example_dags/example_nested_branch_dag.py
[2026-07-18T20:56:54.386+0000] {logging_mixin.py:190} INFO - [2026-07-18T20:56:54.386+0000] {dag.py:3239} INFO - Sync 1 DAGs
[2026-07-18T20:56:54.409+0000] {logging_mixin.py:190} INFO - [2026-07-18T20:56:54.409+0000] {dag.py:4180} INFO - Setting next_dagrun for example_nested_branch_dag to 2026-07-17 00:00:00+00:00, run_after=2026-07-18 00:00:00+00:00
[2026-07-18T20:56:54.427+0000] {processor.py:208} INFO - Processing /home/airflow/.local/lib/python3.12/site-packages/airflow/example_dags/example_nested_branch_dag.py took 0.085 seconds
[2026-07-18T20:57:25.800+0000] {processor.py:186} INFO - Started process (PID=1001) to work on /home/airflow/.local/lib/python3.12/site-packages/airflow/example_dags/example_nested_branch_dag.py
[2026-07-18T20:57:25.801+0000] {processor.py:914} INFO - Processing file /home/airflow/.local/lib/python3.12/site-packages/airflow/example_dags/example_nested_branch_dag.py for tasks to queue
[2026-07-18T20:57:25.805+0000] {logging_mixin.py:190} INFO - [2026-07-18T20:57:25.804+0000] {dagbag.py:588} INFO - Filling up the DagBag from /home/airflow/.local/lib/python3.12/site-packages/airflow/example_dags/example_nested_branch_dag.py
[2026-07-18T20:57:25.816+0000] {processor.py:925} INFO - DAG(s) 'example_nested_branch_dag' retrieved from /home/airflow/.local/lib/python3.12/site-packages/airflow/example_dags/example_nested_branch_dag.py
[2026-07-18T20:57:25.837+0000] {logging_mixin.py:190} INFO - [2026-07-18T20:57:25.836+0000] {dag.py:3239} INFO - Sync 1 DAGs
[2026-07-18T20:57:25.863+0000] {logging_mixin.py:190} INFO - [2026-07-18T20:57:25.863+0000] {dag.py:4180} INFO - Setting next_dagrun for example_nested_branch_dag to 2026-07-17 00:00:00+00:00, run_after=2026-07-18 00:00:00+00:00
[2026-07-18T20:57:25.883+0000] {processor.py:208} INFO - Processing /home/airflow/.local/lib/python3.12/site-packages/airflow/example_dags/example_nested_branch_dag.py took 0.088 seconds
[2026-07-18T20:57:57.573+0000] {processor.py:186} INFO - Started process (PID=1065) to work on /home/airflow/.local/lib/python3.12/site-packages/airflow/example_dags/example_nested_branch_dag.py
[2026-07-18T20:57:57.574+0000] {processor.py:914} INFO - Processing file /home/airflow/.local/lib/python3.12/site-packages/airflow/example_dags/example_nested_branch_dag.py for tasks to queue
[2026-07-18T20:57:57.577+0000] {logging_mixin.py:190} INFO - [2026-07-18T20:57:57.577+0000] {dagbag.py:588} INFO - Filling up the DagBag from /home/airflow/.local/lib/python3.12/site-packages/airflow/example_dags/example_nested_branch_dag.py
[2026-07-18T20:57:57.588+0000] {processor.py:925} INFO - DAG(s) 'example_nested_branch_dag' retrieved from /home/airflow/.local/lib/python3.12/site-packages/airflow/example_dags/example_nested_branch_dag.py
[2026-07-18T20:57:57.607+0000] {logging_mixin.py:190} INFO - [2026-07-18T20:57:57.606+0000] {dag.py:3239} INFO - Sync 1 DAGs
[2026-07-18T20:57:57.632+0000] {logging_mixin.py:190} INFO - [2026-07-18T20:57:57.631+0000] {dag.py:4180} INFO - Setting next_dagrun for example_nested_branch_dag to 2026-07-17 00:00:00+00:00, run_after=2026-07-18 00:00:00+00:00
[2026-07-18T20:57:57.651+0000] {processor.py:208} INFO - Processing /home/airflow/.local/lib/python3.12/site-packages/airflow/example_dags/example_nested_branch_dag.py took 0.083 seconds
[2026-07-18T20:58:28.511+0000] {processor.py:186} INFO - Started process (PID=1128) to work on /home/airflow/.local/lib/python3.12/site-packages/airflow/example_dags/example_nested_branch_dag.py
[2026-07-18T20:58:28.513+0000] {processor.py:914} INFO - Processing file /home/airflow/.local/lib/python3.12/site-packages/airflow/example_dags/example_nested_branch_dag.py for tasks to queue
[2026-07-18T20:58:28.516+0000] {logging_mixin.py:190} INFO - [2026-07-18T20:58:28.515+0000] {dagbag.py:588} INFO - Filling up the DagBag from /home/airflow/.local/lib/python3.12/site-packages/airflow/example_dags/example_nested_branch_dag.py
[2026-07-18T20:58:28.526+0000] {processor.py:925} INFO - DAG(s) 'example_nested_branch_dag' retrieved from /home/airflow/.local/lib/python3.12/site-packages/airflow/example_dags/example_nested_branch_dag.py
[2026-07-18T20:58:28.546+0000] {logging_mixin.py:190} INFO - [2026-07-18T20:58:28.546+0000] {dag.py:3239} INFO - Sync 1 DAGs
[2026-07-18T20:58:28.568+0000] {logging_mixin.py:190} INFO - [2026-07-18T20:58:28.568+0000] {dag.py:4180} INFO - Setting next_dagrun for example_nested_branch_dag to 2026-07-17 00:00:00+00:00, run_after=2026-07-18 00:00:00+00:00
[2026-07-18T20:58:28.585+0000] {processor.py:208} INFO - Processing /home/airflow/.local/lib/python3.12/site-packages/airflow/example_dags/example_nested_branch_dag.py took 0.079 seconds
[2026-07-18T20:58:59.219+0000] {processor.py:186} INFO - Started process (PID=1190) to work on /home/airflow/.local/lib/python3.12/site-packages/airflow/example_dags/example_nested_branch_dag.py
[2026-07-18T20:58:59.221+0000] {processor.py:914} INFO - Processing file /home/airflow/.local/lib/python3.12/site-packages/airflow/example_dags/example_nested_branch_dag.py for tasks to queue
[2026-07-18T20:58:59.224+0000] {logging_mixin.py:190} INFO - [2026-07-18T20:58:59.223+0000] {dagbag.py:588} INFO - Filling up the DagBag from /home/airflow/.local/lib/python3.12/site-packages/airflow/example_dags/example_nested_branch_dag.py
[2026-07-18T20:58:59.234+0000] {processor.py:925} INFO - DAG(s) 'example_nested_branch_dag' retrieved from /home/airflow/.local/lib/python3.12/site-packages/airflow/example_dags/example_nested_branch_dag.py
[2026-07-18T20:58:59.253+0000] {logging_mixin.py:190} INFO - [2026-07-18T20:58:59.252+0000] {dag.py:3239} INFO - Sync 1 DAGs
[2026-07-18T20:58:59.275+0000] {logging_mixin.py:190} INFO - [2026-07-18T20:58:59.275+0000] {dag.py:4180} INFO - Setting next_dagrun for example_nested_branch_dag to 2026-07-17 00:00:00+00:00, run_after=2026-07-18 00:00:00+00:00
[2026-07-18T20:58:59.297+0000] {processor.py:208} INFO - Processing /home/airflow/.local/lib/python3.12/site-packages/airflow/example_dags/example_nested_branch_dag.py took 0.084 seconds
[2026-07-18T20:59:30.740+0000] {processor.py:186} INFO - Started process (PID=1255) to work on /home/airflow/.local/lib/python3.12/site-packages/airflow/example_dags/example_nested_branch_dag.py
[2026-07-18T20:59:30.741+0000] {processor.py:914} INFO - Processing file /home/airflow/.local/lib/python3.12/site-packages/airflow/example_dags/example_nested_branch_dag.py for tasks to queue
[2026-07-18T20:59:30.744+0000] {logging_mixin.py:190} INFO - [2026-07-18T20:59:30.743+0000] {dagbag.py:588} INFO - Filling up the DagBag from /home/airflow/.local/lib/python3.12/site-packages/airflow/example_dags/example_nested_branch_dag.py
[2026-07-18T20:59:30.753+0000] {processor.py:925} INFO - DAG(s) 'example_nested_branch_dag' retrieved from /home/airflow/.local/lib/python3.12/site-packages/airflow/example_dags/example_nested_branch_dag.py
[2026-07-18T20:59:30.773+0000] {logging_mixin.py:190} INFO - [2026-07-18T20:59:30.773+0000] {dag.py:3239} INFO - Sync 1 DAGs
[2026-07-18T20:59:30.793+0000] {logging_mixin.py:190} INFO - [2026-07-18T20:59:30.793+0000] {dag.py:4180} INFO - Setting next_dagrun for example_nested_branch_dag to 2026-07-17 00:00:00+00:00, run_after=2026-07-18 00:00:00+00:00
[2026-07-18T20:59:30.811+0000] {processor.py:208} INFO - Processing /home/airflow/.local/lib/python3.12/site-packages/airflow/example_dags/example_nested_branch_dag.py took 0.075 seconds
[2026-07-18T21:00:01.286+0000] {processor.py:186} INFO - Started process (PID=1316) to work on /home/airflow/.local/lib/python3.12/site-packages/airflow/example_dags/example_nested_branch_dag.py
[2026-07-18T21:00:01.287+0000] {processor.py:914} INFO - Processing file /home/airflow/.local/lib/python3.12/site-packages/airflow/example_dags/example_nested_branch_dag.py for tasks to queue
[2026-07-18T21:00:01.290+0000] {logging_mixin.py:190} INFO - [2026-07-18T21:00:01.290+0000] {dagbag.py:588} INFO - Filling up the DagBag from /home/airflow/.local/lib/python3.12/site-packages/airflow/example_dags/example_nested_branch_dag.py
[2026-07-18T21:00:01.301+0000] {processor.py:925} INFO - DAG(s) 'example_nested_branch_dag' retrieved from /home/airflow/.local/lib/python3.12/site-packages/airflow/example_dags/example_nested_branch_dag.py
[2026-07-18T21:00:01.320+0000] {logging_mixin.py:190} INFO - [2026-07-18T21:00:01.319+0000] {dag.py:3239} INFO - Sync 1 DAGs
[2026-07-18T21:00:01.342+0000] {logging_mixin.py:190} INFO - [2026-07-18T21:00:01.341+0000] {dag.py:4180} INFO - Setting next_dagrun for example_nested_branch_dag to 2026-07-17 00:00:00+00:00, run_after=2026-07-18 00:00:00+00:00
[2026-07-18T21:00:01.360+0000] {processor.py:208} INFO - Processing /home/airflow/.local/lib/python3.12/site-packages/airflow/example_dags/example_nested_branch_dag.py took 0.079 seconds
[2026-07-18T21:00:32.499+0000] {processor.py:186} INFO - Started process (PID=1379) to work on /home/airflow/.local/lib/python3.12/site-packages/airflow/example_dags/example_nested_branch_dag.py
[2026-07-18T21:00:32.500+0000] {processor.py:914} INFO - Processing file /home/airflow/.local/lib/python3.12/site-packages/airflow/example_dags/example_nested_branch_dag.py for tasks to queue
[2026-07-18T21:00:32.503+0000] {logging_mixin.py:190} INFO - [2026-07-18T21:00:32.502+0000] {dagbag.py:588} INFO - Filling up the DagBag from /home/airflow/.local/lib/python3.12/site-packages/airflow/example_dags/example_nested_branch_dag.py
[2026-07-18T21:00:32.512+0000] {processor.py:925} INFO - DAG(s) 'example_nested_branch_dag' retrieved from /home/airflow/.local/lib/python3.12/site-packages/airflow/example_dags/example_nested_branch_dag.py
[2026-07-18T21:00:32.530+0000] {logging_mixin.py:190} INFO - [2026-07-18T21:00:32.529+0000] {dag.py:3239} INFO - Sync 1 DAGs
[2026-07-18T21:00:32.548+0000] {logging_mixin.py:190} INFO - [2026-07-18T21:00:32.548+0000] {dag.py:4180} INFO - Setting next_dagrun for example_nested_branch_dag to 2026-07-17 00:00:00+00:00, run_after=2026-07-18 00:00:00+00:00
[2026-07-18T21:00:32.565+0000] {processor.py:208} INFO - Processing /home/airflow/.local/lib/python3.12/site-packages/airflow/example_dags/example_nested_branch_dag.py took 0.071 seconds
[2026-07-18T21:01:06.984+0000] {processor.py:186} INFO - Started process (PID=1448) to work on /home/airflow/.local/lib/python3.12/site-packages/airflow/example_dags/example_nested_branch_dag.py
[2026-07-18T21:01:06.987+0000] {processor.py:914} INFO - Processing file /home/airflow/.local/lib/python3.12/site-packages/airflow/example_dags/example_nested_branch_dag.py for tasks to queue
[2026-07-18T21:01:06.998+0000] {logging_mixin.py:190} INFO - [2026-07-18T21:01:06.997+0000] {dagbag.py:588} INFO - Filling up the DagBag from /home/airflow/.local/lib/python3.12/site-packages/airflow/example_dags/example_nested_branch_dag.py
[2026-07-18T21:01:07.043+0000] {processor.py:925} INFO - DAG(s) 'example_nested_branch_dag' retrieved from /home/airflow/.local/lib/python3.12/site-packages/airflow/example_dags/example_nested_branch_dag.py
[2026-07-18T21:01:07.115+0000] {logging_mixin.py:190} INFO - [2026-07-18T21:01:07.114+0000] {dag.py:3239} INFO - Sync 1 DAGs
[2026-07-18T21:01:07.185+0000] {logging_mixin.py:190} INFO - [2026-07-18T21:01:07.184+0000] {dag.py:4180} INFO - Setting next_dagrun for example_nested_branch_dag to 2026-07-17 00:00:00+00:00, run_after=2026-07-18 00:00:00+00:00
[2026-07-18T21:01:07.233+0000] {processor.py:208} INFO - Processing /home/airflow/.local/lib/python3.12/site-packages/airflow/example_dags/example_nested_branch_dag.py took 0.267 seconds
[2026-07-18T21:01:38.425+0000] {processor.py:186} INFO - Started process (PID=1511) to work on /home/airflow/.local/lib/python3.12/site-packages/airflow/example_dags/example_nested_branch_dag.py
[2026-07-18T21:01:38.429+0000] {processor.py:914} INFO - Processing file /home/airflow/.local/lib/python3.12/site-packages/airflow/example_dags/example_nested_branch_dag.py for tasks to queue
[2026-07-18T21:01:38.436+0000] {logging_mixin.py:190} INFO - [2026-07-18T21:01:38.435+0000] {dagbag.py:588} INFO - Filling up the DagBag from /home/airflow/.local/lib/python3.12/site-packages/airflow/example_dags/example_nested_branch_dag.py
[2026-07-18T21:01:38.455+0000] {processor.py:925} INFO - DAG(s) 'example_nested_branch_dag' retrieved from /home/airflow/.local/lib/python3.12/site-packages/airflow/example_dags/example_nested_branch_dag.py
[2026-07-18T21:01:38.489+0000] {logging_mixin.py:190} INFO - [2026-07-18T21:01:38.488+0000] {dag.py:3239} INFO - Sync 1 DAGs
[2026-07-18T21:01:38.546+0000] {logging_mixin.py:190} INFO - [2026-07-18T21:01:38.545+0000] {dag.py:4180} INFO - Setting next_dagrun for example_nested_branch_dag to 2026-07-17 00:00:00+00:00, run_after=2026-07-18 00:00:00+00:00
[2026-07-18T21:01:38.645+0000] {processor.py:208} INFO - Processing /home/airflow/.local/lib/python3.12/site-packages/airflow/example_dags/example_nested_branch_dag.py took 0.235 seconds
[2026-07-18T21:02:09.587+0000] {processor.py:186} INFO - Started process (PID=1574) to work on /home/airflow/.local/lib/python3.12/site-packages/airflow/example_dags/example_nested_branch_dag.py
[2026-07-18T21:02:09.592+0000] {processor.py:914} INFO - Processing file /home/airflow/.local/lib/python3.12/site-packages/airflow/example_dags/example_nested_branch_dag.py for tasks to queue
[2026-07-18T21:02:09.605+0000] {logging_mixin.py:190} INFO - [2026-07-18T21:02:09.603+0000] {dagbag.py:588} INFO - Filling up the DagBag from /home/airflow/.local/lib/python3.12/site-packages/airflow/example_dags/example_nested_branch_dag.py
[2026-07-18T21:02:09.649+0000] {processor.py:925} INFO - DAG(s) 'example_nested_branch_dag' retrieved from /home/airflow/.local/lib/python3.12/site-packages/airflow/example_dags/example_nested_branch_dag.py
[2026-07-18T21:02:09.719+0000] {logging_mixin.py:190} INFO - [2026-07-18T21:02:09.718+0000] {dag.py:3239} INFO - Sync 1 DAGs
[2026-07-18T21:02:09.791+0000] {logging_mixin.py:190} INFO - [2026-07-18T21:02:09.790+0000] {dag.py:4180} INFO - Setting next_dagrun for example_nested_branch_dag to 2026-07-17 00:00:00+00:00, run_after=2026-07-18 00:00:00+00:00
[2026-07-18T21:02:09.850+0000] {processor.py:208} INFO - Processing /home/airflow/.local/lib/python3.12/site-packages/airflow/example_dags/example_nested_branch_dag.py took 0.285 seconds
[2026-07-18T21:02:40.977+0000] {processor.py:186} INFO - Started process (PID=1637) to work on /home/airflow/.local/lib/python3.12/site-packages/airflow/example_dags/example_nested_branch_dag.py
[2026-07-18T21:02:40.979+0000] {processor.py:914} INFO - Processing file /home/airflow/.local/lib/python3.12/site-packages/airflow/example_dags/example_nested_branch_dag.py for tasks to queue
[2026-07-18T21:02:40.982+0000] {logging_mixin.py:190} INFO - [2026-07-18T21:02:40.982+0000] {dagbag.py:588} INFO - Filling up the DagBag from /home/airflow/.local/lib/python3.12/site-packages/airflow/example_dags/example_nested_branch_dag.py
[2026-07-18T21:02:40.996+0000] {processor.py:925} INFO - DAG(s) 'example_nested_branch_dag' retrieved from /home/airflow/.local/lib/python3.12/site-packages/airflow/example_dags/example_nested_branch_dag.py
[2026-07-18T21:02:41.031+0000] {logging_mixin.py:190} INFO - [2026-07-18T21:02:41.030+0000] {dag.py:3239} INFO - Sync 1 DAGs
[2026-07-18T21:02:41.069+0000] {logging_mixin.py:190} INFO - [2026-07-18T21:02:41.069+0000] {dag.py:4180} INFO - Setting next_dagrun for example_nested_branch_dag to 2026-07-17 00:00:00+00:00, run_after=2026-07-18 00:00:00+00:00
[2026-07-18T21:02:41.099+0000] {processor.py:208} INFO - Processing /home/airflow/.local/lib/python3.12/site-packages/airflow/example_dags/example_nested_branch_dag.py took 0.131 seconds
[2026-07-18T21:03:12.557+0000] {processor.py:186} INFO - Started process (PID=1700) to work on /home/airflow/.local/lib/python3.12/site-packages/airflow/example_dags/example_nested_branch_dag.py
[2026-07-18T21:03:12.560+0000] {processor.py:914} INFO - Processing file /home/airflow/.local/lib/python3.12/site-packages/airflow/example_dags/example_nested_branch_dag.py for tasks to queue
[2026-07-18T21:03:12.566+0000] {logging_mixin.py:190} INFO - [2026-07-18T21:03:12.565+0000] {dagbag.py:588} INFO - Filling up the DagBag from /home/airflow/.local/lib/python3.12/site-packages/airflow/example_dags/example_nested_branch_dag.py
[2026-07-18T21:03:12.587+0000] {processor.py:925} INFO - DAG(s) 'example_nested_branch_dag' retrieved from /home/airflow/.local/lib/python3.12/site-packages/airflow/example_dags/example_nested_branch_dag.py
[2026-07-18T21:03:12.646+0000] {logging_mixin.py:190} INFO - [2026-07-18T21:03:12.645+0000] {dag.py:3239} INFO - Sync 1 DAGs
[2026-07-18T21:03:12.684+0000] {logging_mixin.py:190} INFO - [2026-07-18T21:03:12.684+0000] {dag.py:4180} INFO - Setting next_dagrun for example_nested_branch_dag to 2026-07-17 00:00:00+00:00, run_after=2026-07-18 00:00:00+00:00
[2026-07-18T21:03:12.712+0000] {processor.py:208} INFO - Processing /home/airflow/.local/lib/python3.12/site-packages/airflow/example_dags/example_nested_branch_dag.py took 0.164 seconds
[2026-07-18T21:03:43.433+0000] {processor.py:186} INFO - Started process (PID=1762) to work on /home/airflow/.local/lib/python3.12/site-packages/airflow/example_dags/example_nested_branch_dag.py
[2026-07-18T21:03:43.436+0000] {processor.py:914} INFO - Processing file /home/airflow/.local/lib/python3.12/site-packages/airflow/example_dags/example_nested_branch_dag.py for tasks to queue
[2026-07-18T21:03:43.442+0000] {logging_mixin.py:190} INFO - [2026-07-18T21:03:43.441+0000] {dagbag.py:588} INFO - Filling up the DagBag from /home/airflow/.local/lib/python3.12/site-packages/airflow/example_dags/example_nested_branch_dag.py
[2026-07-18T21:03:43.460+0000] {processor.py:925} INFO - DAG(s) 'example_nested_branch_dag' retrieved from /home/airflow/.local/lib/python3.12/site-packages/airflow/example_dags/example_nested_branch_dag.py
[2026-07-18T21:03:43.489+0000] {logging_mixin.py:190} INFO - [2026-07-18T21:03:43.488+0000] {dag.py:3239} INFO - Sync 1 DAGs
[2026-07-18T21:03:43.518+0000] {logging_mixin.py:190} INFO - [2026-07-18T21:03:43.518+0000] {dag.py:4180} INFO - Setting next_dagrun for example_nested_branch_dag to 2026-07-17 00:00:00+00:00, run_after=2026-07-18 00:00:00+00:00
[2026-07-18T21:03:43.575+0000] {processor.py:208} INFO - Processing /home/airflow/.local/lib/python3.12/site-packages/airflow/example_dags/example_nested_branch_dag.py took 0.150 seconds
[2026-07-18T21:04:15.521+0000] {processor.py:186} INFO - Started process (PID=1829) to work on /home/airflow/.local/lib/python3.12/site-packages/airflow/example_dags/example_nested_branch_dag.py
[2026-07-18T21:04:15.523+0000] {processor.py:914} INFO - Processing file /home/airflow/.local/lib/python3.12/site-packages/airflow/example_dags/example_nested_branch_dag.py for tasks to queue
[2026-07-18T21:04:15.532+0000] {logging_mixin.py:190} INFO - [2026-07-18T21:04:15.531+0000] {dagbag.py:588} INFO - Filling up the DagBag from /home/airflow/.local/lib/python3.12/site-packages/airflow/example_dags/example_nested_branch_dag.py
[2026-07-18T21:04:15.554+0000] {processor.py:925} INFO - DAG(s) 'example_nested_branch_dag' retrieved from /home/airflow/.local/lib/python3.12/site-packages/airflow/example_dags/example_nested_branch_dag.py
[2026-07-18T21:04:15.587+0000] {logging_mixin.py:190} INFO - [2026-07-18T21:04:15.586+0000] {dag.py:3239} INFO - Sync 1 DAGs
[2026-07-18T21:04:15.637+0000] {logging_mixin.py:190} INFO - [2026-07-18T21:04:15.636+0000] {dag.py:4180} INFO - Setting next_dagrun for example_nested_branch_dag to 2026-07-17 00:00:00+00:00, run_after=2026-07-18 00:00:00+00:00
[2026-07-18T21:04:15.685+0000] {processor.py:208} INFO - Processing /home/airflow/.local/lib/python3.12/site-packages/airflow/example_dags/example_nested_branch_dag.py took 0.174 seconds
[2026-07-18T21:04:46.968+0000] {processor.py:186} INFO - Started process (PID=1893) to work on /home/airflow/.local/lib/python3.12/site-packages/airflow/example_dags/example_nested_branch_dag.py
[2026-07-18T21:04:46.972+0000] {processor.py:914} INFO - Processing file /home/airflow/.local/lib/python3.12/site-packages/airflow/example_dags/example_nested_branch_dag.py for tasks to queue
[2026-07-18T21:04:46.981+0000] {logging_mixin.py:190} INFO - [2026-07-18T21:04:46.980+0000] {dagbag.py:588} INFO - Filling up the DagBag from /home/airflow/.local/lib/python3.12/site-packages/airflow/example_dags/example_nested_branch_dag.py
[2026-07-18T21:04:47.023+0000] {processor.py:925} INFO - DAG(s) 'example_nested_branch_dag' retrieved from /home/airflow/.local/lib/python3.12/site-packages/airflow/example_dags/example_nested_branch_dag.py
[2026-07-18T21:04:47.091+0000] {logging_mixin.py:190} INFO - [2026-07-18T21:04:47.090+0000] {dag.py:3239} INFO - Sync 1 DAGs
[2026-07-18T21:04:47.173+0000] {logging_mixin.py:190} INFO - [2026-07-18T21:04:47.172+0000] {dag.py:4180} INFO - Setting next_dagrun for example_nested_branch_dag to 2026-07-17 00:00:00+00:00, run_after=2026-07-18 00:00:00+00:00
[2026-07-18T21:04:47.222+0000] {processor.py:208} INFO - Processing /home/airflow/.local/lib/python3.12/site-packages/airflow/example_dags/example_nested_branch_dag.py took 0.268 seconds
[2026-07-18T21:05:18.254+0000] {processor.py:186} INFO - Started process (PID=1959) to work on /home/airflow/.local/lib/python3.12/site-packages/airflow/example_dags/example_nested_branch_dag.py
[2026-07-18T21:05:18.255+0000] {processor.py:914} INFO - Processing file /home/airflow/.local/lib/python3.12/site-packages/airflow/example_dags/example_nested_branch_dag.py for tasks to queue
[2026-07-18T21:05:18.258+0000] {logging_mixin.py:190} INFO - [2026-07-18T21:05:18.257+0000] {dagbag.py:588} INFO - Filling up the DagBag from /home/airflow/.local/lib/python3.12/site-packages/airflow/example_dags/example_nested_branch_dag.py
[2026-07-18T21:05:18.267+0000] {processor.py:925} INFO - DAG(s) 'example_nested_branch_dag' retrieved from /home/airflow/.local/lib/python3.12/site-packages/airflow/example_dags/example_nested_branch_dag.py
[2026-07-18T21:05:18.285+0000] {logging_mixin.py:190} INFO - [2026-07-18T21:05:18.284+0000] {dag.py:3239} INFO - Sync 1 DAGs
[2026-07-18T21:05:18.305+0000] {logging_mixin.py:190} INFO - [2026-07-18T21:05:18.305+0000] {dag.py:4180} INFO - Setting next_dagrun for example_nested_branch_dag to 2026-07-17 00:00:00+00:00, run_after=2026-07-18 00:00:00+00:00
[2026-07-18T21:05:18.323+0000] {processor.py:208} INFO - Processing /home/airflow/.local/lib/python3.12/site-packages/airflow/example_dags/example_nested_branch_dag.py took 0.074 seconds
[2026-07-18T21:05:50.467+0000] {processor.py:186} INFO - Started process (PID=2022) to work on /home/airflow/.local/lib/python3.12/site-packages/airflow/example_dags/example_nested_branch_dag.py
[2026-07-18T21:05:50.469+0000] {processor.py:914} INFO - Processing file /home/airflow/.local/lib/python3.12/site-packages/airflow/example_dags/example_nested_branch_dag.py for tasks to queue
[2026-07-18T21:05:50.475+0000] {logging_mixin.py:190} INFO - [2026-07-18T21:05:50.475+0000] {dagbag.py:588} INFO - Filling up the DagBag from /home/airflow/.local/lib/python3.12/site-packages/airflow/example_dags/example_nested_branch_dag.py
[2026-07-18T21:05:50.498+0000] {processor.py:925} INFO - DAG(s) 'example_nested_branch_dag' retrieved from /home/airflow/.local/lib/python3.12/site-packages/airflow/example_dags/example_nested_branch_dag.py
[2026-07-18T21:05:50.529+0000] {logging_mixin.py:190} INFO - [2026-07-18T21:05:50.529+0000] {dag.py:3239} INFO - Sync 1 DAGs
[2026-07-18T21:05:50.569+0000] {logging_mixin.py:190} INFO - [2026-07-18T21:05:50.568+0000] {dag.py:4180} INFO - Setting next_dagrun for example_nested_branch_dag to 2026-07-17 00:00:00+00:00, run_after=2026-07-18 00:00:00+00:00
[2026-07-18T21:05:50.639+0000] {processor.py:208} INFO - Processing /home/airflow/.local/lib/python3.12/site-packages/airflow/example_dags/example_nested_branch_dag.py took 0.184 seconds
[2026-07-18T21:06:22.171+0000] {processor.py:186} INFO - Started process (PID=2087) to work on /home/airflow/.local/lib/python3.12/site-packages/airflow/example_dags/example_nested_branch_dag.py
[2026-07-18T21:06:22.175+0000] {processor.py:914} INFO - Processing file /home/airflow/.local/lib/python3.12/site-packages/airflow/example_dags/example_nested_branch_dag.py for tasks to queue
[2026-07-18T21:06:22.183+0000] {logging_mixin.py:190} INFO - [2026-07-18T21:06:22.182+0000] {dagbag.py:588} INFO - Filling up the DagBag from /home/airflow/.local/lib/python3.12/site-packages/airflow/example_dags/example_nested_branch_dag.py
[2026-07-18T21:06:22.220+0000] {processor.py:925} INFO - DAG(s) 'example_nested_branch_dag' retrieved from /home/airflow/.local/lib/python3.12/site-packages/airflow/example_dags/example_nested_branch_dag.py
[2026-07-18T21:06:22.282+0000] {logging_mixin.py:190} INFO - [2026-07-18T21:06:22.282+0000] {dag.py:3239} INFO - Sync 1 DAGs
[2026-07-18T21:06:22.343+0000] {logging_mixin.py:190} INFO - [2026-07-18T21:06:22.342+0000] {dag.py:4180} INFO - Setting next_dagrun for example_nested_branch_dag to 2026-07-17 00:00:00+00:00, run_after=2026-07-18 00:00:00+00:00
[2026-07-18T21:06:22.379+0000] {processor.py:208} INFO - Processing /home/airflow/.local/lib/python3.12/site-packages/airflow/example_dags/example_nested_branch_dag.py took 0.225 seconds
[2026-07-18T21:06:55.694+0000] {processor.py:186} INFO - Started process (PID=2152) to work on /home/airflow/.local/lib/python3.12/site-packages/airflow/example_dags/example_nested_branch_dag.py
[2026-07-18T21:06:55.698+0000] {processor.py:914} INFO - Processing file /home/airflow/.local/lib/python3.12/site-packages/airflow/example_dags/example_nested_branch_dag.py for tasks to queue
[2026-07-18T21:06:55.707+0000] {logging_mixin.py:190} INFO - [2026-07-18T21:06:55.706+0000] {dagbag.py:588} INFO - Filling up the DagBag from /home/airflow/.local/lib/python3.12/site-packages/airflow/example_dags/example_nested_branch_dag.py
[2026-07-18T21:06:55.740+0000] {processor.py:925} INFO - DAG(s) 'example_nested_branch_dag' retrieved from /home/airflow/.local/lib/python3.12/site-packages/airflow/example_dags/example_nested_branch_dag.py
[2026-07-18T21:06:55.778+0000] {logging_mixin.py:190} INFO - [2026-07-18T21:06:55.777+0000] {dag.py:3239} INFO - Sync 1 DAGs
[2026-07-18T21:06:55.842+0000] {logging_mixin.py:190} INFO - [2026-07-18T21:06:55.842+0000] {dag.py:4180} INFO - Setting next_dagrun for example_nested_branch_dag to 2026-07-17 00:00:00+00:00, run_after=2026-07-18 00:00:00+00:00
[2026-07-18T21:06:55.891+0000] {processor.py:208} INFO - Processing /home/airflow/.local/lib/python3.12/site-packages/airflow/example_dags/example_nested_branch_dag.py took 0.217 seconds
[2026-07-18T21:07:26.793+0000] {processor.py:186} INFO - Started process (PID=2215) to work on /home/airflow/.local/lib/python3.12/site-packages/airflow/example_dags/example_nested_branch_dag.py
[2026-07-18T21:07:26.795+0000] {processor.py:914} INFO - Processing file /home/airflow/.local/lib/python3.12/site-packages/airflow/example_dags/example_nested_branch_dag.py for tasks to queue
[2026-07-18T21:07:26.801+0000] {logging_mixin.py:190} INFO - [2026-07-18T21:07:26.800+0000] {dagbag.py:588} INFO - Filling up the DagBag from /home/airflow/.local/lib/python3.12/site-packages/airflow/example_dags/example_nested_branch_dag.py
[2026-07-18T21:07:26.818+0000] {processor.py:925} INFO - DAG(s) 'example_nested_branch_dag' retrieved from /home/airflow/.local/lib/python3.12/site-packages/airflow/example_dags/example_nested_branch_dag.py
[2026-07-18T21:07:26.848+0000] {logging_mixin.py:190} INFO - [2026-07-18T21:07:26.848+0000] {dag.py:3239} INFO - Sync 1 DAGs
[2026-07-18T21:07:26.882+0000] {logging_mixin.py:190} INFO - [2026-07-18T21:07:26.882+0000] {dag.py:4180} INFO - Setting next_dagrun for example_nested_branch_dag to 2026-07-17 00:00:00+00:00, run_after=2026-07-18 00:00:00+00:00
[2026-07-18T21:07:26.972+0000] {processor.py:208} INFO - Processing /home/airflow/.local/lib/python3.12/site-packages/airflow/example_dags/example_nested_branch_dag.py took 0.190 seconds
[2026-07-18T21:07:57.193+0000] {processor.py:186} INFO - Started process (PID=2278) to work on /home/airflow/.local/lib/python3.12/site-packages/airflow/example_dags/example_nested_branch_dag.py
[2026-07-18T21:07:57.195+0000] {processor.py:914} INFO - Processing file /home/airflow/.local/lib/python3.12/site-packages/airflow/example_dags/example_nested_branch_dag.py for tasks to queue
[2026-07-18T21:07:57.200+0000] {logging_mixin.py:190} INFO - [2026-07-18T21:07:57.200+0000] {dagbag.py:588} INFO - Filling up the DagBag from /home/airflow/.local/lib/python3.12/site-packages/airflow/example_dags/example_nested_branch_dag.py
[2026-07-18T21:07:57.216+0000] {processor.py:925} INFO - DAG(s) 'example_nested_branch_dag' retrieved from /home/airflow/.local/lib/python3.12/site-packages/airflow/example_dags/example_nested_branch_dag.py
[2026-07-18T21:07:57.247+0000] {logging_mixin.py:190} INFO - [2026-07-18T21:07:57.247+0000] {dag.py:3239} INFO - Sync 1 DAGs
[2026-07-18T21:07:57.280+0000] {logging_mixin.py:190} INFO - [2026-07-18T21:07:57.279+0000] {dag.py:4180} INFO - Setting next_dagrun for example_nested_branch_dag to 2026-07-17 00:00:00+00:00, run_after=2026-07-18 00:00:00+00:00
[2026-07-18T21:07:57.308+0000] {processor.py:208} INFO - Processing /home/airflow/.local/lib/python3.12/site-packages/airflow/example_dags/example_nested_branch_dag.py took 0.124 seconds
[2026-07-18T21:08:30.584+0000] {processor.py:186} INFO - Started process (PID=2340) to work on /home/airflow/.local/lib/python3.12/site-packages/airflow/example_dags/example_nested_branch_dag.py
[2026-07-18T21:08:30.707+0000] {processor.py:914} INFO - Processing file /home/airflow/.local/lib/python3.12/site-packages/airflow/example_dags/example_nested_branch_dag.py for tasks to queue
[2026-07-18T21:08:30.825+0000] {logging_mixin.py:190} INFO - [2026-07-18T21:08:30.824+0000] {dagbag.py:588} INFO - Filling up the DagBag from /home/airflow/.local/lib/python3.12/site-packages/airflow/example_dags/example_nested_branch_dag.py
[2026-07-18T21:08:30.908+0000] {processor.py:925} INFO - DAG(s) 'example_nested_branch_dag' retrieved from /home/airflow/.local/lib/python3.12/site-packages/airflow/example_dags/example_nested_branch_dag.py
[2026-07-18T21:08:31.050+0000] {logging_mixin.py:190} INFO - [2026-07-18T21:08:31.049+0000] {dag.py:3239} INFO - Sync 1 DAGs
[2026-07-18T21:08:31.208+0000] {logging_mixin.py:190} INFO - [2026-07-18T21:08:31.208+0000] {dag.py:4180} INFO - Setting next_dagrun for example_nested_branch_dag to 2026-07-17 00:00:00+00:00, run_after=2026-07-18 00:00:00+00:00
[2026-07-18T21:08:31.814+0000] {processor.py:208} INFO - Processing /home/airflow/.local/lib/python3.12/site-packages/airflow/example_dags/example_nested_branch_dag.py took 1.255 seconds
[2026-07-18T21:16:36.158+0000] {processor.py:186} INFO - Started process (PID=2404) to work on /home/airflow/.local/lib/python3.12/site-packages/airflow/example_dags/example_nested_branch_dag.py
[2026-07-18T21:16:36.164+0000] {processor.py:914} INFO - Processing file /home/airflow/.local/lib/python3.12/site-packages/airflow/example_dags/example_nested_branch_dag.py for tasks to queue
[2026-07-18T21:16:36.173+0000] {logging_mixin.py:190} INFO - [2026-07-18T21:16:36.172+0000] {dagbag.py:588} INFO - Filling up the DagBag from /home/airflow/.local/lib/python3.12/site-packages/airflow/example_dags/example_nested_branch_dag.py
[2026-07-18T21:16:36.238+0000] {processor.py:925} INFO - DAG(s) 'example_nested_branch_dag' retrieved from /home/airflow/.local/lib/python3.12/site-packages/airflow/example_dags/example_nested_branch_dag.py
[2026-07-18T21:16:36.440+0000] {logging_mixin.py:190} INFO - [2026-07-18T21:16:36.439+0000] {dag.py:3239} INFO - Sync 1 DAGs
[2026-07-18T21:16:36.591+0000] {logging_mixin.py:190} INFO - [2026-07-18T21:16:36.590+0000] {dag.py:4180} INFO - Setting next_dagrun for example_nested_branch_dag to 2026-07-17 00:00:00+00:00, run_after=2026-07-18 00:00:00+00:00
[2026-07-18T21:16:36.643+0000] {processor.py:208} INFO - Processing /home/airflow/.local/lib/python3.12/site-packages/airflow/example_dags/example_nested_branch_dag.py took 0.503 seconds
[2026-07-18T21:17:07.200+0000] {processor.py:186} INFO - Started process (PID=2466) to work on /home/airflow/.local/lib/python3.12/site-packages/airflow/example_dags/example_nested_branch_dag.py
[2026-07-18T21:17:07.203+0000] {processor.py:914} INFO - Processing file /home/airflow/.local/lib/python3.12/site-packages/airflow/example_dags/example_nested_branch_dag.py for tasks to queue
[2026-07-18T21:17:07.209+0000] {logging_mixin.py:190} INFO - [2026-07-18T21:17:07.208+0000] {dagbag.py:588} INFO - Filling up the DagBag from /home/airflow/.local/lib/python3.12/site-packages/airflow/example_dags/example_nested_branch_dag.py
[2026-07-18T21:17:07.239+0000] {processor.py:925} INFO - DAG(s) 'example_nested_branch_dag' retrieved from /home/airflow/.local/lib/python3.12/site-packages/airflow/example_dags/example_nested_branch_dag.py
[2026-07-18T21:17:07.284+0000] {logging_mixin.py:190} INFO - [2026-07-18T21:17:07.284+0000] {dag.py:3239} INFO - Sync 1 DAGs
[2026-07-18T21:17:07.336+0000] {logging_mixin.py:190} INFO - [2026-07-18T21:17:07.336+0000] {dag.py:4180} INFO - Setting next_dagrun for example_nested_branch_dag to 2026-07-17 00:00:00+00:00, run_after=2026-07-18 00:00:00+00:00
[2026-07-18T21:17:07.380+0000] {processor.py:208} INFO - Processing /home/airflow/.local/lib/python3.12/site-packages/airflow/example_dags/example_nested_branch_dag.py took 0.196 seconds
[2026-07-18T21:17:37.778+0000] {processor.py:186} INFO - Started process (PID=2530) to work on /home/airflow/.local/lib/python3.12/site-packages/airflow/example_dags/example_nested_branch_dag.py
[2026-07-18T21:17:37.780+0000] {processor.py:914} INFO - Processing file /home/airflow/.local/lib/python3.12/site-packages/airflow/example_dags/example_nested_branch_dag.py for tasks to queue
[2026-07-18T21:17:37.785+0000] {logging_mixin.py:190} INFO - [2026-07-18T21:17:37.785+0000] {dagbag.py:588} INFO - Filling up the DagBag from /home/airflow/.local/lib/python3.12/site-packages/airflow/example_dags/example_nested_branch_dag.py
[2026-07-18T21:17:37.803+0000] {processor.py:925} INFO - DAG(s) 'example_nested_branch_dag' retrieved from /home/airflow/.local/lib/python3.12/site-packages/airflow/example_dags/example_nested_branch_dag.py
[2026-07-18T21:17:37.838+0000] {logging_mixin.py:190} INFO - [2026-07-18T21:17:37.837+0000] {dag.py:3239} INFO - Sync 1 DAGs
[2026-07-18T21:17:37.871+0000] {logging_mixin.py:190} INFO - [2026-07-18T21:17:37.871+0000] {dag.py:4180} INFO - Setting next_dagrun for example_nested_branch_dag to 2026-07-17 00:00:00+00:00, run_after=2026-07-18 00:00:00+00:00
[2026-07-18T21:17:37.901+0000] {processor.py:208} INFO - Processing /home/airflow/.local/lib/python3.12/site-packages/airflow/example_dags/example_nested_branch_dag.py took 0.131 seconds
[2026-07-18T21:18:08.696+0000] {processor.py:186} INFO - Started process (PID=2592) to work on /home/airflow/.local/lib/python3.12/site-packages/airflow/example_dags/example_nested_branch_dag.py
[2026-07-18T21:18:08.700+0000] {processor.py:914} INFO - Processing file /home/airflow/.local/lib/python3.12/site-packages/airflow/example_dags/example_nested_branch_dag.py for tasks to queue
[2026-07-18T21:18:08.709+0000] {logging_mixin.py:190} INFO - [2026-07-18T21:18:08.708+0000] {dagbag.py:588} INFO - Filling up the DagBag from /home/airflow/.local/lib/python3.12/site-packages/airflow/example_dags/example_nested_branch_dag.py
[2026-07-18T21:18:08.737+0000] {processor.py:925} INFO - DAG(s) 'example_nested_branch_dag' retrieved from /home/airflow/.local/lib/python3.12/site-packages/airflow/example_dags/example_nested_branch_dag.py
[2026-07-18T21:18:08.778+0000] {logging_mixin.py:190} INFO - [2026-07-18T21:18:08.778+0000] {dag.py:3239} INFO - Sync 1 DAGs
[2026-07-18T21:18:08.817+0000] {logging_mixin.py:190} INFO - [2026-07-18T21:18:08.817+0000] {dag.py:4180} INFO - Setting next_dagrun for example_nested_branch_dag to 2026-07-17 00:00:00+00:00, run_after=2026-07-18 00:00:00+00:00
[2026-07-18T21:18:08.857+0000] {processor.py:208} INFO - Processing /home/airflow/.local/lib/python3.12/site-packages/airflow/example_dags/example_nested_branch_dag.py took 0.176 seconds
[2026-07-18T21:18:39.525+0000] {processor.py:186} INFO - Started process (PID=2655) to work on /home/airflow/.local/lib/python3.12/site-packages/airflow/example_dags/example_nested_branch_dag.py
[2026-07-18T21:18:39.528+0000] {processor.py:914} INFO - Processing file /home/airflow/.local/lib/python3.12/site-packages/airflow/example_dags/example_nested_branch_dag.py for tasks to queue
[2026-07-18T21:18:39.534+0000] {logging_mixin.py:190} INFO - [2026-07-18T21:18:39.534+0000] {dagbag.py:588} INFO - Filling up the DagBag from /home/airflow/.local/lib/python3.12/site-packages/airflow/example_dags/example_nested_branch_dag.py
[2026-07-18T21:18:39.554+0000] {processor.py:925} INFO - DAG(s) 'example_nested_branch_dag' retrieved from /home/airflow/.local/lib/python3.12/site-packages/airflow/example_dags/example_nested_branch_dag.py
[2026-07-18T21:18:39.585+0000] {logging_mixin.py:190} INFO - [2026-07-18T21:18:39.585+0000] {dag.py:3239} INFO - Sync 1 DAGs
[2026-07-18T21:18:39.628+0000] {logging_mixin.py:190} INFO - [2026-07-18T21:18:39.628+0000] {dag.py:4180} INFO - Setting next_dagrun for example_nested_branch_dag to 2026-07-17 00:00:00+00:00, run_after=2026-07-18 00:00:00+00:00
[2026-07-18T21:18:39.680+0000] {processor.py:208} INFO - Processing /home/airflow/.local/lib/python3.12/site-packages/airflow/example_dags/example_nested_branch_dag.py took 0.172 seconds
[2026-07-18T21:19:10.282+0000] {processor.py:186} INFO - Started process (PID=2718) to work on /home/airflow/.local/lib/python3.12/site-packages/airflow/example_dags/example_nested_branch_dag.py
[2026-07-18T21:19:10.285+0000] {processor.py:914} INFO - Processing file /home/airflow/.local/lib/python3.12/site-packages/airflow/example_dags/example_nested_branch_dag.py for tasks to queue
[2026-07-18T21:19:10.289+0000] {logging_mixin.py:190} INFO - [2026-07-18T21:19:10.289+0000] {dagbag.py:588} INFO - Filling up the DagBag from /home/airflow/.local/lib/python3.12/site-packages/airflow/example_dags/example_nested_branch_dag.py
[2026-07-18T21:19:10.308+0000] {processor.py:925} INFO - DAG(s) 'example_nested_branch_dag' retrieved from /home/airflow/.local/lib/python3.12/site-packages/airflow/example_dags/example_nested_branch_dag.py
[2026-07-18T21:19:10.336+0000] {logging_mixin.py:190} INFO - [2026-07-18T21:19:10.336+0000] {dag.py:3239} INFO - Sync 1 DAGs
[2026-07-18T21:19:10.370+0000] {logging_mixin.py:190} INFO - [2026-07-18T21:19:10.370+0000] {dag.py:4180} INFO - Setting next_dagrun for example_nested_branch_dag to 2026-07-17 00:00:00+00:00, run_after=2026-07-18 00:00:00+00:00
[2026-07-18T21:19:10.397+0000] {processor.py:208} INFO - Processing /home/airflow/.local/lib/python3.12/site-packages/airflow/example_dags/example_nested_branch_dag.py took 0.123 seconds
[2026-07-18T21:19:40.988+0000] {processor.py:186} INFO - Started process (PID=2781) to work on /home/airflow/.local/lib/python3.12/site-packages/airflow/example_dags/example_nested_branch_dag.py
[2026-07-18T21:19:40.990+0000] {processor.py:914} INFO - Processing file /home/airflow/.local/lib/python3.12/site-packages/airflow/example_dags/example_nested_branch_dag.py for tasks to queue
[2026-07-18T21:19:40.999+0000] {logging_mixin.py:190} INFO - [2026-07-18T21:19:40.998+0000] {dagbag.py:588} INFO - Filling up the DagBag from /home/airflow/.local/lib/python3.12/site-packages/airflow/example_dags/example_nested_branch_dag.py
[2026-07-18T21:19:41.019+0000] {processor.py:925} INFO - DAG(s) 'example_nested_branch_dag' retrieved from /home/airflow/.local/lib/python3.12/site-packages/airflow/example_dags/example_nested_branch_dag.py
[2026-07-18T21:19:41.050+0000] {logging_mixin.py:190} INFO - [2026-07-18T21:19:41.050+0000] {dag.py:3239} INFO - Sync 1 DAGs
[2026-07-18T21:19:41.110+0000] {logging_mixin.py:190} INFO - [2026-07-18T21:19:41.109+0000] {dag.py:4180} INFO - Setting next_dagrun for example_nested_branch_dag to 2026-07-17 00:00:00+00:00, run_after=2026-07-18 00:00:00+00:00
[2026-07-18T21:19:41.163+0000] {processor.py:208} INFO - Processing /home/airflow/.local/lib/python3.12/site-packages/airflow/example_dags/example_nested_branch_dag.py took 0.185 seconds
[2026-07-18T21:20:11.410+0000] {processor.py:186} INFO - Started process (PID=2844) to work on /home/airflow/.local/lib/python3.12/site-packages/airflow/example_dags/example_nested_branch_dag.py
[2026-07-18T21:20:11.412+0000] {processor.py:914} INFO - Processing file /home/airflow/.local/lib/python3.12/site-packages/airflow/example_dags/example_nested_branch_dag.py for tasks to queue
[2026-07-18T21:20:11.418+0000] {logging_mixin.py:190} INFO - [2026-07-18T21:20:11.417+0000] {dagbag.py:588} INFO - Filling up the DagBag from /home/airflow/.local/lib/python3.12/site-packages/airflow/example_dags/example_nested_branch_dag.py
[2026-07-18T21:20:11.436+0000] {processor.py:925} INFO - DAG(s) 'example_nested_branch_dag' retrieved from /home/airflow/.local/lib/python3.12/site-packages/airflow/example_dags/example_nested_branch_dag.py
[2026-07-18T21:20:11.470+0000] {logging_mixin.py:190} INFO - [2026-07-18T21:20:11.470+0000] {dag.py:3239} INFO - Sync 1 DAGs
[2026-07-18T21:20:11.501+0000] {logging_mixin.py:190} INFO - [2026-07-18T21:20:11.500+0000] {dag.py:4180} INFO - Setting next_dagrun for example_nested_branch_dag to 2026-07-17 00:00:00+00:00, run_after=2026-07-18 00:00:00+00:00
[2026-07-18T21:20:11.555+0000] {processor.py:208} INFO - Processing /home/airflow/.local/lib/python3.12/site-packages/airflow/example_dags/example_nested_branch_dag.py took 0.154 seconds
[2026-07-18T21:20:42.209+0000] {processor.py:186} INFO - Started process (PID=2907) to work on /home/airflow/.local/lib/python3.12/site-packages/airflow/example_dags/example_nested_branch_dag.py
[2026-07-18T21:20:42.212+0000] {processor.py:914} INFO - Processing file /home/airflow/.local/lib/python3.12/site-packages/airflow/example_dags/example_nested_branch_dag.py for tasks to queue
[2026-07-18T21:20:42.219+0000] {logging_mixin.py:190} INFO - [2026-07-18T21:20:42.219+0000] {dagbag.py:588} INFO - Filling up the DagBag from /home/airflow/.local/lib/python3.12/site-packages/airflow/example_dags/example_nested_branch_dag.py
[2026-07-18T21:20:42.241+0000] {processor.py:925} INFO - DAG(s) 'example_nested_branch_dag' retrieved from /home/airflow/.local/lib/python3.12/site-packages/airflow/example_dags/example_nested_branch_dag.py
[2026-07-18T21:20:42.281+0000] {logging_mixin.py:190} INFO - [2026-07-18T21:20:42.281+0000] {dag.py:3239} INFO - Sync 1 DAGs
[2026-07-18T21:20:42.331+0000] {logging_mixin.py:190} INFO - [2026-07-18T21:20:42.331+0000] {dag.py:4180} INFO - Setting next_dagrun for example_nested_branch_dag to 2026-07-17 00:00:00+00:00, run_after=2026-07-18 00:00:00+00:00
[2026-07-18T21:20:42.414+0000] {processor.py:208} INFO - Processing /home/airflow/.local/lib/python3.12/site-packages/airflow/example_dags/example_nested_branch_dag.py took 0.218 seconds
[2026-07-18T21:21:13.090+0000] {processor.py:186} INFO - Started process (PID=2969) to work on /home/airflow/.local/lib/python3.12/site-packages/airflow/example_dags/example_nested_branch_dag.py
[2026-07-18T21:21:13.094+0000] {processor.py:914} INFO - Processing file /home/airflow/.local/lib/python3.12/site-packages/airflow/example_dags/example_nested_branch_dag.py for tasks to queue
[2026-07-18T21:21:13.103+0000] {logging_mixin.py:190} INFO - [2026-07-18T21:21:13.102+0000] {dagbag.py:588} INFO - Filling up the DagBag from /home/airflow/.local/lib/python3.12/site-packages/airflow/example_dags/example_nested_branch_dag.py
[2026-07-18T21:21:13.125+0000] {processor.py:925} INFO - DAG(s) 'example_nested_branch_dag' retrieved from /home/airflow/.local/lib/python3.12/site-packages/airflow/example_dags/example_nested_branch_dag.py
[2026-07-18T21:21:13.156+0000] {logging_mixin.py:190} INFO - [2026-07-18T21:21:13.155+0000] {dag.py:3239} INFO - Sync 1 DAGs
[2026-07-18T21:21:13.190+0000] {logging_mixin.py:190} INFO - [2026-07-18T21:21:13.190+0000] {dag.py:4180} INFO - Setting next_dagrun for example_nested_branch_dag to 2026-07-17 00:00:00+00:00, run_after=2026-07-18 00:00:00+00:00
[2026-07-18T21:21:13.245+0000] {processor.py:208} INFO - Processing /home/airflow/.local/lib/python3.12/site-packages/airflow/example_dags/example_nested_branch_dag.py took 0.173 seconds
[2026-07-18T21:21:43.453+0000] {processor.py:186} INFO - Started process (PID=3032) to work on /home/airflow/.local/lib/python3.12/site-packages/airflow/example_dags/example_nested_branch_dag.py
[2026-07-18T21:21:43.457+0000] {processor.py:914} INFO - Processing file /home/airflow/.local/lib/python3.12/site-packages/airflow/example_dags/example_nested_branch_dag.py for tasks to queue
[2026-07-18T21:21:43.465+0000] {logging_mixin.py:190} INFO - [2026-07-18T21:21:43.464+0000] {dagbag.py:588} INFO - Filling up the DagBag from /home/airflow/.local/lib/python3.12/site-packages/airflow/example_dags/example_nested_branch_dag.py
[2026-07-18T21:21:43.491+0000] {processor.py:925} INFO - DAG(s) 'example_nested_branch_dag' retrieved from /home/airflow/.local/lib/python3.12/site-packages/airflow/example_dags/example_nested_branch_dag.py
[2026-07-18T21:21:43.537+0000] {logging_mixin.py:190} INFO - [2026-07-18T21:21:43.536+0000] {dag.py:3239} INFO - Sync 1 DAGs
[2026-07-18T21:21:43.594+0000] {logging_mixin.py:190} INFO - [2026-07-18T21:21:43.594+0000] {dag.py:4180} INFO - Setting next_dagrun for example_nested_branch_dag to 2026-07-17 00:00:00+00:00, run_after=2026-07-18 00:00:00+00:00
[2026-07-18T21:21:43.682+0000] {processor.py:208} INFO - Processing /home/airflow/.local/lib/python3.12/site-packages/airflow/example_dags/example_nested_branch_dag.py took 0.240 seconds
[2026-07-18T21:22:13.785+0000] {processor.py:186} INFO - Started process (PID=3095) to work on /home/airflow/.local/lib/python3.12/site-packages/airflow/example_dags/example_nested_branch_dag.py
[2026-07-18T21:22:13.787+0000] {processor.py:914} INFO - Processing file /home/airflow/.local/lib/python3.12/site-packages/airflow/example_dags/example_nested_branch_dag.py for tasks to queue
[2026-07-18T21:22:13.797+0000] {logging_mixin.py:190} INFO - [2026-07-18T21:22:13.796+0000] {dagbag.py:588} INFO - Filling up the DagBag from /home/airflow/.local/lib/python3.12/site-packages/airflow/example_dags/example_nested_branch_dag.py
[2026-07-18T21:22:13.825+0000] {processor.py:925} INFO - DAG(s) 'example_nested_branch_dag' retrieved from /home/airflow/.local/lib/python3.12/site-packages/airflow/example_dags/example_nested_branch_dag.py
[2026-07-18T21:22:13.860+0000] {logging_mixin.py:190} INFO - [2026-07-18T21:22:13.859+0000] {dag.py:3239} INFO - Sync 1 DAGs
[2026-07-18T21:22:13.898+0000] {logging_mixin.py:190} INFO - [2026-07-18T21:22:13.898+0000] {dag.py:4180} INFO - Setting next_dagrun for example_nested_branch_dag to 2026-07-17 00:00:00+00:00, run_after=2026-07-18 00:00:00+00:00
[2026-07-18T21:22:13.931+0000] {processor.py:208} INFO - Processing /home/airflow/.local/lib/python3.12/site-packages/airflow/example_dags/example_nested_branch_dag.py took 0.161 seconds
[2026-07-18T21:26:03.543+0000] {processor.py:186} INFO - Started process (PID=156) to work on /home/airflow/.local/lib/python3.12/site-packages/airflow/example_dags/example_nested_branch_dag.py
[2026-07-18T21:26:03.548+0000] {processor.py:914} INFO - Processing file /home/airflow/.local/lib/python3.12/site-packages/airflow/example_dags/example_nested_branch_dag.py for tasks to queue
[2026-07-18T21:26:03.557+0000] {logging_mixin.py:190} INFO - [2026-07-18T21:26:03.556+0000] {dagbag.py:588} INFO - Filling up the DagBag from /home/airflow/.local/lib/python3.12/site-packages/airflow/example_dags/example_nested_branch_dag.py
[2026-07-18T21:26:03.591+0000] {processor.py:925} INFO - DAG(s) 'example_nested_branch_dag' retrieved from /home/airflow/.local/lib/python3.12/site-packages/airflow/example_dags/example_nested_branch_dag.py
[2026-07-18T21:26:03.646+0000] {logging_mixin.py:190} INFO - [2026-07-18T21:26:03.645+0000] {dag.py:3239} INFO - Sync 1 DAGs
[2026-07-18T21:26:03.699+0000] {logging_mixin.py:190} INFO - [2026-07-18T21:26:03.698+0000] {dag.py:4180} INFO - Setting next_dagrun for example_nested_branch_dag to 2026-07-17 00:00:00+00:00, run_after=2026-07-18 00:00:00+00:00
[2026-07-18T21:26:03.737+0000] {processor.py:208} INFO - Processing /home/airflow/.local/lib/python3.12/site-packages/airflow/example_dags/example_nested_branch_dag.py took 0.214 seconds
[2026-07-18T21:26:34.432+0000] {processor.py:186} INFO - Started process (PID=219) to work on /home/airflow/.local/lib/python3.12/site-packages/airflow/example_dags/example_nested_branch_dag.py
[2026-07-18T21:26:34.434+0000] {processor.py:914} INFO - Processing file /home/airflow/.local/lib/python3.12/site-packages/airflow/example_dags/example_nested_branch_dag.py for tasks to queue
[2026-07-18T21:26:34.442+0000] {logging_mixin.py:190} INFO - [2026-07-18T21:26:34.441+0000] {dagbag.py:588} INFO - Filling up the DagBag from /home/airflow/.local/lib/python3.12/site-packages/airflow/example_dags/example_nested_branch_dag.py
[2026-07-18T21:26:34.459+0000] {processor.py:925} INFO - DAG(s) 'example_nested_branch_dag' retrieved from /home/airflow/.local/lib/python3.12/site-packages/airflow/example_dags/example_nested_branch_dag.py
[2026-07-18T21:26:34.490+0000] {logging_mixin.py:190} INFO - [2026-07-18T21:26:34.490+0000] {dag.py:3239} INFO - Sync 1 DAGs
[2026-07-18T21:26:34.528+0000] {logging_mixin.py:190} INFO - [2026-07-18T21:26:34.528+0000] {dag.py:4180} INFO - Setting next_dagrun for example_nested_branch_dag to 2026-07-17 00:00:00+00:00, run_after=2026-07-18 00:00:00+00:00
[2026-07-18T21:26:34.556+0000] {processor.py:208} INFO - Processing /home/airflow/.local/lib/python3.12/site-packages/airflow/example_dags/example_nested_branch_dag.py took 0.133 seconds
[2026-07-18T21:27:07.324+0000] {processor.py:186} INFO - Started process (PID=282) to work on /home/airflow/.local/lib/python3.12/site-packages/airflow/example_dags/example_nested_branch_dag.py
[2026-07-18T21:27:07.326+0000] {processor.py:914} INFO - Processing file /home/airflow/.local/lib/python3.12/site-packages/airflow/example_dags/example_nested_branch_dag.py for tasks to queue
[2026-07-18T21:27:07.333+0000] {logging_mixin.py:190} INFO - [2026-07-18T21:27:07.332+0000] {dagbag.py:588} INFO - Filling up the DagBag from /home/airflow/.local/lib/python3.12/site-packages/airflow/example_dags/example_nested_branch_dag.py
[2026-07-18T21:27:07.347+0000] {processor.py:925} INFO - DAG(s) 'example_nested_branch_dag' retrieved from /home/airflow/.local/lib/python3.12/site-packages/airflow/example_dags/example_nested_branch_dag.py
[2026-07-18T21:27:07.387+0000] {logging_mixin.py:190} INFO - [2026-07-18T21:27:07.386+0000] {dag.py:3239} INFO - Sync 1 DAGs
[2026-07-18T21:27:07.446+0000] {logging_mixin.py:190} INFO - [2026-07-18T21:27:07.445+0000] {dag.py:4180} INFO - Setting next_dagrun for example_nested_branch_dag to 2026-07-17 00:00:00+00:00, run_after=2026-07-18 00:00:00+00:00
[2026-07-18T21:27:07.485+0000] {processor.py:208} INFO - Processing /home/airflow/.local/lib/python3.12/site-packages/airflow/example_dags/example_nested_branch_dag.py took 0.168 seconds
[2026-07-18T21:27:39.270+0000] {processor.py:186} INFO - Started process (PID=345) to work on /home/airflow/.local/lib/python3.12/site-packages/airflow/example_dags/example_nested_branch_dag.py
[2026-07-18T21:27:39.274+0000] {processor.py:914} INFO - Processing file /home/airflow/.local/lib/python3.12/site-packages/airflow/example_dags/example_nested_branch_dag.py for tasks to queue
[2026-07-18T21:27:39.278+0000] {logging_mixin.py:190} INFO - [2026-07-18T21:27:39.278+0000] {dagbag.py:588} INFO - Filling up the DagBag from /home/airflow/.local/lib/python3.12/site-packages/airflow/example_dags/example_nested_branch_dag.py
[2026-07-18T21:27:39.294+0000] {processor.py:925} INFO - DAG(s) 'example_nested_branch_dag' retrieved from /home/airflow/.local/lib/python3.12/site-packages/airflow/example_dags/example_nested_branch_dag.py
[2026-07-18T21:27:39.322+0000] {logging_mixin.py:190} INFO - [2026-07-18T21:27:39.321+0000] {dag.py:3239} INFO - Sync 1 DAGs
[2026-07-18T21:27:39.367+0000] {logging_mixin.py:190} INFO - [2026-07-18T21:27:39.366+0000] {dag.py:4180} INFO - Setting next_dagrun for example_nested_branch_dag to 2026-07-17 00:00:00+00:00, run_after=2026-07-18 00:00:00+00:00
[2026-07-18T21:27:39.397+0000] {processor.py:208} INFO - Processing /home/airflow/.local/lib/python3.12/site-packages/airflow/example_dags/example_nested_branch_dag.py took 0.137 seconds
[2026-07-18T21:28:10.427+0000] {processor.py:186} INFO - Started process (PID=407) to work on /home/airflow/.local/lib/python3.12/site-packages/airflow/example_dags/example_nested_branch_dag.py
[2026-07-18T21:28:10.431+0000] {processor.py:914} INFO - Processing file /home/airflow/.local/lib/python3.12/site-packages/airflow/example_dags/example_nested_branch_dag.py for tasks to queue
[2026-07-18T21:28:10.439+0000] {logging_mixin.py:190} INFO - [2026-07-18T21:28:10.438+0000] {dagbag.py:588} INFO - Filling up the DagBag from /home/airflow/.local/lib/python3.12/site-packages/airflow/example_dags/example_nested_branch_dag.py
[2026-07-18T21:28:10.477+0000] {processor.py:925} INFO - DAG(s) 'example_nested_branch_dag' retrieved from /home/airflow/.local/lib/python3.12/site-packages/airflow/example_dags/example_nested_branch_dag.py
[2026-07-18T21:28:10.538+0000] {logging_mixin.py:190} INFO - [2026-07-18T21:28:10.537+0000] {dag.py:3239} INFO - Sync 1 DAGs
[2026-07-18T21:28:10.595+0000] {logging_mixin.py:190} INFO - [2026-07-18T21:28:10.595+0000] {dag.py:4180} INFO - Setting next_dagrun for example_nested_branch_dag to 2026-07-17 00:00:00+00:00, run_after=2026-07-18 00:00:00+00:00
[2026-07-18T21:28:10.624+0000] {processor.py:208} INFO - Processing /home/airflow/.local/lib/python3.12/site-packages/airflow/example_dags/example_nested_branch_dag.py took 0.210 seconds
[2026-07-18T21:28:43.397+0000] {processor.py:186} INFO - Started process (PID=471) to work on /home/airflow/.local/lib/python3.12/site-packages/airflow/example_dags/example_nested_branch_dag.py
[2026-07-18T21:28:43.399+0000] {processor.py:914} INFO - Processing file /home/airflow/.local/lib/python3.12/site-packages/airflow/example_dags/example_nested_branch_dag.py for tasks to queue
[2026-07-18T21:28:43.408+0000] {logging_mixin.py:190} INFO - [2026-07-18T21:28:43.407+0000] {dagbag.py:588} INFO - Filling up the DagBag from /home/airflow/.local/lib/python3.12/site-packages/airflow/example_dags/example_nested_branch_dag.py
[2026-07-18T21:28:43.437+0000] {processor.py:925} INFO - DAG(s) 'example_nested_branch_dag' retrieved from /home/airflow/.local/lib/python3.12/site-packages/airflow/example_dags/example_nested_branch_dag.py
[2026-07-18T21:28:43.475+0000] {logging_mixin.py:190} INFO - [2026-07-18T21:28:43.475+0000] {dag.py:3239} INFO - Sync 1 DAGs
[2026-07-18T21:28:43.564+0000] {logging_mixin.py:190} INFO - [2026-07-18T21:28:43.563+0000] {dag.py:4180} INFO - Setting next_dagrun for example_nested_branch_dag to 2026-07-17 00:00:00+00:00, run_after=2026-07-18 00:00:00+00:00
[2026-07-18T21:28:43.616+0000] {processor.py:208} INFO - Processing /home/airflow/.local/lib/python3.12/site-packages/airflow/example_dags/example_nested_branch_dag.py took 0.226 seconds
[2026-07-18T21:29:13.886+0000] {processor.py:186} INFO - Started process (PID=534) to work on /home/airflow/.local/lib/python3.12/site-packages/airflow/example_dags/example_nested_branch_dag.py
[2026-07-18T21:29:13.888+0000] {processor.py:914} INFO - Processing file /home/airflow/.local/lib/python3.12/site-packages/airflow/example_dags/example_nested_branch_dag.py for tasks to queue
[2026-07-18T21:29:13.895+0000] {logging_mixin.py:190} INFO - [2026-07-18T21:29:13.895+0000] {dagbag.py:588} INFO - Filling up the DagBag from /home/airflow/.local/lib/python3.12/site-packages/airflow/example_dags/example_nested_branch_dag.py
[2026-07-18T21:29:13.910+0000] {processor.py:925} INFO - DAG(s) 'example_nested_branch_dag' retrieved from /home/airflow/.local/lib/python3.12/site-packages/airflow/example_dags/example_nested_branch_dag.py
[2026-07-18T21:29:13.939+0000] {logging_mixin.py:190} INFO - [2026-07-18T21:29:13.938+0000] {dag.py:3239} INFO - Sync 1 DAGs
[2026-07-18T21:29:13.976+0000] {logging_mixin.py:190} INFO - [2026-07-18T21:29:13.976+0000] {dag.py:4180} INFO - Setting next_dagrun for example_nested_branch_dag to 2026-07-17 00:00:00+00:00, run_after=2026-07-18 00:00:00+00:00
[2026-07-18T21:29:14.007+0000] {processor.py:208} INFO - Processing /home/airflow/.local/lib/python3.12/site-packages/airflow/example_dags/example_nested_branch_dag.py took 0.131 seconds
[2026-07-18T21:29:46.053+0000] {processor.py:186} INFO - Started process (PID=598) to work on /home/airflow/.local/lib/python3.12/site-packages/airflow/example_dags/example_nested_branch_dag.py
[2026-07-18T21:29:46.055+0000] {processor.py:914} INFO - Processing file /home/airflow/.local/lib/python3.12/site-packages/airflow/example_dags/example_nested_branch_dag.py for tasks to queue
[2026-07-18T21:29:46.060+0000] {logging_mixin.py:190} INFO - [2026-07-18T21:29:46.059+0000] {dagbag.py:588} INFO - Filling up the DagBag from /home/airflow/.local/lib/python3.12/site-packages/airflow/example_dags/example_nested_branch_dag.py
[2026-07-18T21:29:46.081+0000] {processor.py:925} INFO - DAG(s) 'example_nested_branch_dag' retrieved from /home/airflow/.local/lib/python3.12/site-packages/airflow/example_dags/example_nested_branch_dag.py
[2026-07-18T21:29:46.116+0000] {logging_mixin.py:190} INFO - [2026-07-18T21:29:46.115+0000] {dag.py:3239} INFO - Sync 1 DAGs
[2026-07-18T21:29:46.148+0000] {logging_mixin.py:190} INFO - [2026-07-18T21:29:46.148+0000] {dag.py:4180} INFO - Setting next_dagrun for example_nested_branch_dag to 2026-07-17 00:00:00+00:00, run_after=2026-07-18 00:00:00+00:00
[2026-07-18T21:29:46.175+0000] {processor.py:208} INFO - Processing /home/airflow/.local/lib/python3.12/site-packages/airflow/example_dags/example_nested_branch_dag.py took 0.132 seconds
[2026-07-18T21:30:17.564+0000] {processor.py:186} INFO - Started process (PID=661) to work on /home/airflow/.local/lib/python3.12/site-packages/airflow/example_dags/example_nested_branch_dag.py
[2026-07-18T21:30:17.566+0000] {processor.py:914} INFO - Processing file /home/airflow/.local/lib/python3.12/site-packages/airflow/example_dags/example_nested_branch_dag.py for tasks to queue
[2026-07-18T21:30:17.570+0000] {logging_mixin.py:190} INFO - [2026-07-18T21:30:17.570+0000] {dagbag.py:588} INFO - Filling up the DagBag from /home/airflow/.local/lib/python3.12/site-packages/airflow/example_dags/example_nested_branch_dag.py
[2026-07-18T21:30:17.585+0000] {processor.py:925} INFO - DAG(s) 'example_nested_branch_dag' retrieved from /home/airflow/.local/lib/python3.12/site-packages/airflow/example_dags/example_nested_branch_dag.py
[2026-07-18T21:30:17.621+0000] {logging_mixin.py:190} INFO - [2026-07-18T21:30:17.620+0000] {dag.py:3239} INFO - Sync 1 DAGs
[2026-07-18T21:30:17.655+0000] {logging_mixin.py:190} INFO - [2026-07-18T21:30:17.655+0000] {dag.py:4180} INFO - Setting next_dagrun for example_nested_branch_dag to 2026-07-17 00:00:00+00:00, run_after=2026-07-18 00:00:00+00:00
[2026-07-18T21:30:17.726+0000] {processor.py:208} INFO - Processing /home/airflow/.local/lib/python3.12/site-packages/airflow/example_dags/example_nested_branch_dag.py took 0.170 seconds
[2026-07-18T21:30:49.155+0000] {processor.py:186} INFO - Started process (PID=723) to work on /home/airflow/.local/lib/python3.12/site-packages/airflow/example_dags/example_nested_branch_dag.py
[2026-07-18T21:30:49.158+0000] {processor.py:914} INFO - Processing file /home/airflow/.local/lib/python3.12/site-packages/airflow/example_dags/example_nested_branch_dag.py for tasks to queue
[2026-07-18T21:30:49.164+0000] {logging_mixin.py:190} INFO - [2026-07-18T21:30:49.163+0000] {dagbag.py:588} INFO - Filling up the DagBag from /home/airflow/.local/lib/python3.12/site-packages/airflow/example_dags/example_nested_branch_dag.py
[2026-07-18T21:30:49.187+0000] {processor.py:925} INFO - DAG(s) 'example_nested_branch_dag' retrieved from /home/airflow/.local/lib/python3.12/site-packages/airflow/example_dags/example_nested_branch_dag.py
[2026-07-18T21:30:49.226+0000] {logging_mixin.py:190} INFO - [2026-07-18T21:30:49.226+0000] {dag.py:3239} INFO - Sync 1 DAGs
[2026-07-18T21:30:49.271+0000] {logging_mixin.py:190} INFO - [2026-07-18T21:30:49.271+0000] {dag.py:4180} INFO - Setting next_dagrun for example_nested_branch_dag to 2026-07-17 00:00:00+00:00, run_after=2026-07-18 00:00:00+00:00
[2026-07-18T21:30:49.308+0000] {processor.py:208} INFO - Processing /home/airflow/.local/lib/python3.12/site-packages/airflow/example_dags/example_nested_branch_dag.py took 0.164 seconds
[2026-07-18T21:31:20.439+0000] {processor.py:186} INFO - Started process (PID=787) to work on /home/airflow/.local/lib/python3.12/site-packages/airflow/example_dags/example_nested_branch_dag.py
[2026-07-18T21:31:20.442+0000] {processor.py:914} INFO - Processing file /home/airflow/.local/lib/python3.12/site-packages/airflow/example_dags/example_nested_branch_dag.py for tasks to queue
[2026-07-18T21:31:20.448+0000] {logging_mixin.py:190} INFO - [2026-07-18T21:31:20.447+0000] {dagbag.py:588} INFO - Filling up the DagBag from /home/airflow/.local/lib/python3.12/site-packages/airflow/example_dags/example_nested_branch_dag.py
[2026-07-18T21:31:20.471+0000] {processor.py:925} INFO - DAG(s) 'example_nested_branch_dag' retrieved from /home/airflow/.local/lib/python3.12/site-packages/airflow/example_dags/example_nested_branch_dag.py
[2026-07-18T21:31:20.503+0000] {logging_mixin.py:190} INFO - [2026-07-18T21:31:20.503+0000] {dag.py:3239} INFO - Sync 1 DAGs
[2026-07-18T21:31:20.539+0000] {logging_mixin.py:190} INFO - [2026-07-18T21:31:20.539+0000] {dag.py:4180} INFO - Setting next_dagrun for example_nested_branch_dag to 2026-07-17 00:00:00+00:00, run_after=2026-07-18 00:00:00+00:00
[2026-07-18T21:31:20.569+0000] {processor.py:208} INFO - Processing /home/airflow/.local/lib/python3.12/site-packages/airflow/example_dags/example_nested_branch_dag.py took 0.142 seconds
[2026-07-18T21:31:53.120+0000] {processor.py:186} INFO - Started process (PID=851) to work on /home/airflow/.local/lib/python3.12/site-packages/airflow/example_dags/example_nested_branch_dag.py
[2026-07-18T21:31:53.123+0000] {processor.py:914} INFO - Processing file /home/airflow/.local/lib/python3.12/site-packages/airflow/example_dags/example_nested_branch_dag.py for tasks to queue
[2026-07-18T21:31:53.129+0000] {logging_mixin.py:190} INFO - [2026-07-18T21:31:53.129+0000] {dagbag.py:588} INFO - Filling up the DagBag from /home/airflow/.local/lib/python3.12/site-packages/airflow/example_dags/example_nested_branch_dag.py
[2026-07-18T21:31:53.187+0000] {processor.py:925} INFO - DAG(s) 'example_nested_branch_dag' retrieved from /home/airflow/.local/lib/python3.12/site-packages/airflow/example_dags/example_nested_branch_dag.py
[2026-07-18T21:31:53.290+0000] {logging_mixin.py:190} INFO - [2026-07-18T21:31:53.279+0000] {dag.py:3239} INFO - Sync 1 DAGs
[2026-07-18T21:31:53.406+0000] {logging_mixin.py:190} INFO - [2026-07-18T21:31:53.405+0000] {dag.py:4180} INFO - Setting next_dagrun for example_nested_branch_dag to 2026-07-17 00:00:00+00:00, run_after=2026-07-18 00:00:00+00:00
[2026-07-18T21:31:53.489+0000] {processor.py:208} INFO - Processing /home/airflow/.local/lib/python3.12/site-packages/airflow/example_dags/example_nested_branch_dag.py took 0.403 seconds
[2026-07-18T21:32:23.884+0000] {processor.py:186} INFO - Started process (PID=915) to work on /home/airflow/.local/lib/python3.12/site-packages/airflow/example_dags/example_nested_branch_dag.py
[2026-07-18T21:32:23.887+0000] {processor.py:914} INFO - Processing file /home/airflow/.local/lib/python3.12/site-packages/airflow/example_dags/example_nested_branch_dag.py for tasks to queue
[2026-07-18T21:32:23.893+0000] {logging_mixin.py:190} INFO - [2026-07-18T21:32:23.892+0000] {dagbag.py:588} INFO - Filling up the DagBag from /home/airflow/.local/lib/python3.12/site-packages/airflow/example_dags/example_nested_branch_dag.py
[2026-07-18T21:32:23.916+0000] {processor.py:925} INFO - DAG(s) 'example_nested_branch_dag' retrieved from /home/airflow/.local/lib/python3.12/site-packages/airflow/example_dags/example_nested_branch_dag.py
[2026-07-18T21:32:23.950+0000] {logging_mixin.py:190} INFO - [2026-07-18T21:32:23.949+0000] {dag.py:3239} INFO - Sync 1 DAGs
[2026-07-18T21:32:23.996+0000] {logging_mixin.py:190} INFO - [2026-07-18T21:32:23.996+0000] {dag.py:4180} INFO - Setting next_dagrun for example_nested_branch_dag to 2026-07-17 00:00:00+00:00, run_after=2026-07-18 00:00:00+00:00
[2026-07-18T21:32:24.134+0000] {processor.py:208} INFO - Processing /home/airflow/.local/lib/python3.12/site-packages/airflow/example_dags/example_nested_branch_dag.py took 0.264 seconds
[2026-07-18T21:32:55.577+0000] {processor.py:186} INFO - Started process (PID=986) to work on /home/airflow/.local/lib/python3.12/site-packages/airflow/example_dags/example_nested_branch_dag.py
[2026-07-18T21:32:55.585+0000] {processor.py:914} INFO - Processing file /home/airflow/.local/lib/python3.12/site-packages/airflow/example_dags/example_nested_branch_dag.py for tasks to queue
[2026-07-18T21:32:55.607+0000] {logging_mixin.py:190} INFO - [2026-07-18T21:32:55.607+0000] {dagbag.py:588} INFO - Filling up the DagBag from /home/airflow/.local/lib/python3.12/site-packages/airflow/example_dags/example_nested_branch_dag.py
[2026-07-18T21:32:55.649+0000] {processor.py:925} INFO - DAG(s) 'example_nested_branch_dag' retrieved from /home/airflow/.local/lib/python3.12/site-packages/airflow/example_dags/example_nested_branch_dag.py
[2026-07-18T21:32:55.692+0000] {logging_mixin.py:190} INFO - [2026-07-18T21:32:55.692+0000] {dag.py:3239} INFO - Sync 1 DAGs
[2026-07-18T21:32:55.729+0000] {logging_mixin.py:190} INFO - [2026-07-18T21:32:55.729+0000] {dag.py:4180} INFO - Setting next_dagrun for example_nested_branch_dag to 2026-07-17 00:00:00+00:00, run_after=2026-07-18 00:00:00+00:00
[2026-07-18T21:32:55.761+0000] {processor.py:208} INFO - Processing /home/airflow/.local/lib/python3.12/site-packages/airflow/example_dags/example_nested_branch_dag.py took 0.207 seconds
[2026-07-18T21:33:27.059+0000] {processor.py:186} INFO - Started process (PID=1051) to work on /home/airflow/.local/lib/python3.12/site-packages/airflow/example_dags/example_nested_branch_dag.py
[2026-07-18T21:33:27.062+0000] {processor.py:914} INFO - Processing file /home/airflow/.local/lib/python3.12/site-packages/airflow/example_dags/example_nested_branch_dag.py for tasks to queue
[2026-07-18T21:33:27.070+0000] {logging_mixin.py:190} INFO - [2026-07-18T21:33:27.069+0000] {dagbag.py:588} INFO - Filling up the DagBag from /home/airflow/.local/lib/python3.12/site-packages/airflow/example_dags/example_nested_branch_dag.py
[2026-07-18T21:33:27.102+0000] {processor.py:925} INFO - DAG(s) 'example_nested_branch_dag' retrieved from /home/airflow/.local/lib/python3.12/site-packages/airflow/example_dags/example_nested_branch_dag.py
[2026-07-18T21:33:27.148+0000] {logging_mixin.py:190} INFO - [2026-07-18T21:33:27.148+0000] {dag.py:3239} INFO - Sync 1 DAGs
[2026-07-18T21:33:27.194+0000] {logging_mixin.py:190} INFO - [2026-07-18T21:33:27.194+0000] {dag.py:4180} INFO - Setting next_dagrun for example_nested_branch_dag to 2026-07-17 00:00:00+00:00, run_after=2026-07-18 00:00:00+00:00
[2026-07-18T21:33:27.233+0000] {processor.py:208} INFO - Processing /home/airflow/.local/lib/python3.12/site-packages/airflow/example_dags/example_nested_branch_dag.py took 0.183 seconds
[2026-07-18T21:33:58.653+0000] {processor.py:186} INFO - Started process (PID=1115) to work on /home/airflow/.local/lib/python3.12/site-packages/airflow/example_dags/example_nested_branch_dag.py
[2026-07-18T21:33:58.655+0000] {processor.py:914} INFO - Processing file /home/airflow/.local/lib/python3.12/site-packages/airflow/example_dags/example_nested_branch_dag.py for tasks to queue
[2026-07-18T21:33:58.660+0000] {logging_mixin.py:190} INFO - [2026-07-18T21:33:58.660+0000] {dagbag.py:588} INFO - Filling up the DagBag from /home/airflow/.local/lib/python3.12/site-packages/airflow/example_dags/example_nested_branch_dag.py
[2026-07-18T21:33:58.677+0000] {processor.py:925} INFO - DAG(s) 'example_nested_branch_dag' retrieved from /home/airflow/.local/lib/python3.12/site-packages/airflow/example_dags/example_nested_branch_dag.py
[2026-07-18T21:33:58.711+0000] {logging_mixin.py:190} INFO - [2026-07-18T21:33:58.710+0000] {dag.py:3239} INFO - Sync 1 DAGs
[2026-07-18T21:33:58.749+0000] {logging_mixin.py:190} INFO - [2026-07-18T21:33:58.748+0000] {dag.py:4180} INFO - Setting next_dagrun for example_nested_branch_dag to 2026-07-17 00:00:00+00:00, run_after=2026-07-18 00:00:00+00:00
[2026-07-18T21:33:58.778+0000] {processor.py:208} INFO - Processing /home/airflow/.local/lib/python3.12/site-packages/airflow/example_dags/example_nested_branch_dag.py took 0.133 seconds
[2026-07-18T21:34:30.569+0000] {processor.py:186} INFO - Started process (PID=1179) to work on /home/airflow/.local/lib/python3.12/site-packages/airflow/example_dags/example_nested_branch_dag.py
[2026-07-18T21:34:30.571+0000] {processor.py:914} INFO - Processing file /home/airflow/.local/lib/python3.12/site-packages/airflow/example_dags/example_nested_branch_dag.py for tasks to queue
[2026-07-18T21:34:30.576+0000] {logging_mixin.py:190} INFO - [2026-07-18T21:34:30.576+0000] {dagbag.py:588} INFO - Filling up the DagBag from /home/airflow/.local/lib/python3.12/site-packages/airflow/example_dags/example_nested_branch_dag.py
[2026-07-18T21:34:30.593+0000] {processor.py:925} INFO - DAG(s) 'example_nested_branch_dag' retrieved from /home/airflow/.local/lib/python3.12/site-packages/airflow/example_dags/example_nested_branch_dag.py
[2026-07-18T21:34:30.628+0000] {logging_mixin.py:190} INFO - [2026-07-18T21:34:30.627+0000] {dag.py:3239} INFO - Sync 1 DAGs
[2026-07-18T21:34:30.669+0000] {logging_mixin.py:190} INFO - [2026-07-18T21:34:30.668+0000] {dag.py:4180} INFO - Setting next_dagrun for example_nested_branch_dag to 2026-07-17 00:00:00+00:00, run_after=2026-07-18 00:00:00+00:00
[2026-07-18T21:34:30.701+0000] {processor.py:208} INFO - Processing /home/airflow/.local/lib/python3.12/site-packages/airflow/example_dags/example_nested_branch_dag.py took 0.140 seconds
[2026-07-18T21:35:02.367+0000] {processor.py:186} INFO - Started process (PID=1244) to work on /home/airflow/.local/lib/python3.12/site-packages/airflow/example_dags/example_nested_branch_dag.py
[2026-07-18T21:35:02.369+0000] {processor.py:914} INFO - Processing file /home/airflow/.local/lib/python3.12/site-packages/airflow/example_dags/example_nested_branch_dag.py for tasks to queue
[2026-07-18T21:35:02.376+0000] {logging_mixin.py:190} INFO - [2026-07-18T21:35:02.375+0000] {dagbag.py:588} INFO - Filling up the DagBag from /home/airflow/.local/lib/python3.12/site-packages/airflow/example_dags/example_nested_branch_dag.py
[2026-07-18T21:35:02.398+0000] {processor.py:925} INFO - DAG(s) 'example_nested_branch_dag' retrieved from /home/airflow/.local/lib/python3.12/site-packages/airflow/example_dags/example_nested_branch_dag.py
[2026-07-18T21:35:02.430+0000] {logging_mixin.py:190} INFO - [2026-07-18T21:35:02.430+0000] {dag.py:3239} INFO - Sync 1 DAGs
[2026-07-18T21:35:02.469+0000] {logging_mixin.py:190} INFO - [2026-07-18T21:35:02.469+0000] {dag.py:4180} INFO - Setting next_dagrun for example_nested_branch_dag to 2026-07-17 00:00:00+00:00, run_after=2026-07-18 00:00:00+00:00
[2026-07-18T21:35:02.495+0000] {processor.py:208} INFO - Processing /home/airflow/.local/lib/python3.12/site-packages/airflow/example_dags/example_nested_branch_dag.py took 0.141 seconds
[2026-07-18T21:35:33.964+0000] {processor.py:186} INFO - Started process (PID=1308) to work on /home/airflow/.local/lib/python3.12/site-packages/airflow/example_dags/example_nested_branch_dag.py
[2026-07-18T21:35:33.967+0000] {processor.py:914} INFO - Processing file /home/airflow/.local/lib/python3.12/site-packages/airflow/example_dags/example_nested_branch_dag.py for tasks to queue
[2026-07-18T21:35:33.975+0000] {logging_mixin.py:190} INFO - [2026-07-18T21:35:33.974+0000] {dagbag.py:588} INFO - Filling up the DagBag from /home/airflow/.local/lib/python3.12/site-packages/airflow/example_dags/example_nested_branch_dag.py
[2026-07-18T21:35:34.008+0000] {processor.py:925} INFO - DAG(s) 'example_nested_branch_dag' retrieved from /home/airflow/.local/lib/python3.12/site-packages/airflow/example_dags/example_nested_branch_dag.py
[2026-07-18T21:35:34.076+0000] {logging_mixin.py:190} INFO - [2026-07-18T21:35:34.076+0000] {dag.py:3239} INFO - Sync 1 DAGs
[2026-07-18T21:35:34.127+0000] {logging_mixin.py:190} INFO - [2026-07-18T21:35:34.126+0000] {dag.py:4180} INFO - Setting next_dagrun for example_nested_branch_dag to 2026-07-17 00:00:00+00:00, run_after=2026-07-18 00:00:00+00:00
[2026-07-18T21:35:34.166+0000] {processor.py:208} INFO - Processing /home/airflow/.local/lib/python3.12/site-packages/airflow/example_dags/example_nested_branch_dag.py took 0.217 seconds
[2026-07-18T21:36:04.465+0000] {processor.py:186} INFO - Started process (PID=1372) to work on /home/airflow/.local/lib/python3.12/site-packages/airflow/example_dags/example_nested_branch_dag.py
[2026-07-18T21:36:04.467+0000] {processor.py:914} INFO - Processing file /home/airflow/.local/lib/python3.12/site-packages/airflow/example_dags/example_nested_branch_dag.py for tasks to queue
[2026-07-18T21:36:04.471+0000] {logging_mixin.py:190} INFO - [2026-07-18T21:36:04.471+0000] {dagbag.py:588} INFO - Filling up the DagBag from /home/airflow/.local/lib/python3.12/site-packages/airflow/example_dags/example_nested_branch_dag.py
[2026-07-18T21:36:04.487+0000] {processor.py:925} INFO - DAG(s) 'example_nested_branch_dag' retrieved from /home/airflow/.local/lib/python3.12/site-packages/airflow/example_dags/example_nested_branch_dag.py
[2026-07-18T21:36:04.526+0000] {logging_mixin.py:190} INFO - [2026-07-18T21:36:04.526+0000] {dag.py:3239} INFO - Sync 1 DAGs
[2026-07-18T21:36:04.570+0000] {logging_mixin.py:190} INFO - [2026-07-18T21:36:04.570+0000] {dag.py:4180} INFO - Setting next_dagrun for example_nested_branch_dag to 2026-07-17 00:00:00+00:00, run_after=2026-07-18 00:00:00+00:00
[2026-07-18T21:36:04.617+0000] {processor.py:208} INFO - Processing /home/airflow/.local/lib/python3.12/site-packages/airflow/example_dags/example_nested_branch_dag.py took 0.160 seconds
[2026-07-18T21:36:36.538+0000] {processor.py:186} INFO - Started process (PID=1436) to work on /home/airflow/.local/lib/python3.12/site-packages/airflow/example_dags/example_nested_branch_dag.py
[2026-07-18T21:36:36.540+0000] {processor.py:914} INFO - Processing file /home/airflow/.local/lib/python3.12/site-packages/airflow/example_dags/example_nested_branch_dag.py for tasks to queue
[2026-07-18T21:36:36.554+0000] {logging_mixin.py:190} INFO - [2026-07-18T21:36:36.554+0000] {dagbag.py:588} INFO - Filling up the DagBag from /home/airflow/.local/lib/python3.12/site-packages/airflow/example_dags/example_nested_branch_dag.py
[2026-07-18T21:36:36.573+0000] {processor.py:925} INFO - DAG(s) 'example_nested_branch_dag' retrieved from /home/airflow/.local/lib/python3.12/site-packages/airflow/example_dags/example_nested_branch_dag.py
[2026-07-18T21:36:36.604+0000] {logging_mixin.py:190} INFO - [2026-07-18T21:36:36.604+0000] {dag.py:3239} INFO - Sync 1 DAGs
[2026-07-18T21:36:36.640+0000] {logging_mixin.py:190} INFO - [2026-07-18T21:36:36.640+0000] {dag.py:4180} INFO - Setting next_dagrun for example_nested_branch_dag to 2026-07-17 00:00:00+00:00, run_after=2026-07-18 00:00:00+00:00
[2026-07-18T21:36:36.721+0000] {processor.py:208} INFO - Processing /home/airflow/.local/lib/python3.12/site-packages/airflow/example_dags/example_nested_branch_dag.py took 0.191 seconds
[2026-07-18T21:37:07.024+0000] {processor.py:186} INFO - Started process (PID=1499) to work on /home/airflow/.local/lib/python3.12/site-packages/airflow/example_dags/example_nested_branch_dag.py
[2026-07-18T21:37:07.028+0000] {processor.py:914} INFO - Processing file /home/airflow/.local/lib/python3.12/site-packages/airflow/example_dags/example_nested_branch_dag.py for tasks to queue
[2026-07-18T21:37:07.037+0000] {logging_mixin.py:190} INFO - [2026-07-18T21:37:07.036+0000] {dagbag.py:588} INFO - Filling up the DagBag from /home/airflow/.local/lib/python3.12/site-packages/airflow/example_dags/example_nested_branch_dag.py
[2026-07-18T21:37:07.063+0000] {processor.py:925} INFO - DAG(s) 'example_nested_branch_dag' retrieved from /home/airflow/.local/lib/python3.12/site-packages/airflow/example_dags/example_nested_branch_dag.py
[2026-07-18T21:37:07.128+0000] {logging_mixin.py:190} INFO - [2026-07-18T21:37:07.127+0000] {dag.py:3239} INFO - Sync 1 DAGs
[2026-07-18T21:37:07.191+0000] {logging_mixin.py:190} INFO - [2026-07-18T21:37:07.191+0000] {dag.py:4180} INFO - Setting next_dagrun for example_nested_branch_dag to 2026-07-17 00:00:00+00:00, run_after=2026-07-18 00:00:00+00:00
[2026-07-18T21:37:07.298+0000] {processor.py:208} INFO - Processing /home/airflow/.local/lib/python3.12/site-packages/airflow/example_dags/example_nested_branch_dag.py took 0.287 seconds
[2026-07-18T21:37:38.321+0000] {processor.py:186} INFO - Started process (PID=1563) to work on /home/airflow/.local/lib/python3.12/site-packages/airflow/example_dags/example_nested_branch_dag.py
[2026-07-18T21:37:38.322+0000] {processor.py:914} INFO - Processing file /home/airflow/.local/lib/python3.12/site-packages/airflow/example_dags/example_nested_branch_dag.py for tasks to queue
[2026-07-18T21:37:38.326+0000] {logging_mixin.py:190} INFO - [2026-07-18T21:37:38.326+0000] {dagbag.py:588} INFO - Filling up the DagBag from /home/airflow/.local/lib/python3.12/site-packages/airflow/example_dags/example_nested_branch_dag.py
[2026-07-18T21:37:38.340+0000] {processor.py:925} INFO - DAG(s) 'example_nested_branch_dag' retrieved from /home/airflow/.local/lib/python3.12/site-packages/airflow/example_dags/example_nested_branch_dag.py
[2026-07-18T21:37:38.369+0000] {logging_mixin.py:190} INFO - [2026-07-18T21:37:38.369+0000] {dag.py:3239} INFO - Sync 1 DAGs
[2026-07-18T21:37:38.400+0000] {logging_mixin.py:190} INFO - [2026-07-18T21:37:38.400+0000] {dag.py:4180} INFO - Setting next_dagrun for example_nested_branch_dag to 2026-07-17 00:00:00+00:00, run_after=2026-07-18 00:00:00+00:00
[2026-07-18T21:37:38.430+0000] {processor.py:208} INFO - Processing /home/airflow/.local/lib/python3.12/site-packages/airflow/example_dags/example_nested_branch_dag.py took 0.116 seconds
[2026-07-18T21:38:11.338+0000] {processor.py:186} INFO - Started process (PID=1626) to work on /home/airflow/.local/lib/python3.12/site-packages/airflow/example_dags/example_nested_branch_dag.py
[2026-07-18T21:38:11.342+0000] {processor.py:914} INFO - Processing file /home/airflow/.local/lib/python3.12/site-packages/airflow/example_dags/example_nested_branch_dag.py for tasks to queue
[2026-07-18T21:38:11.351+0000] {logging_mixin.py:190} INFO - [2026-07-18T21:38:11.350+0000] {dagbag.py:588} INFO - Filling up the DagBag from /home/airflow/.local/lib/python3.12/site-packages/airflow/example_dags/example_nested_branch_dag.py
[2026-07-18T21:38:11.382+0000] {processor.py:925} INFO - DAG(s) 'example_nested_branch_dag' retrieved from /home/airflow/.local/lib/python3.12/site-packages/airflow/example_dags/example_nested_branch_dag.py
[2026-07-18T21:38:11.423+0000] {logging_mixin.py:190} INFO - [2026-07-18T21:38:11.423+0000] {dag.py:3239} INFO - Sync 1 DAGs
[2026-07-18T21:38:11.473+0000] {logging_mixin.py:190} INFO - [2026-07-18T21:38:11.472+0000] {dag.py:4180} INFO - Setting next_dagrun for example_nested_branch_dag to 2026-07-17 00:00:00+00:00, run_after=2026-07-18 00:00:00+00:00
[2026-07-18T21:38:11.531+0000] {processor.py:208} INFO - Processing /home/airflow/.local/lib/python3.12/site-packages/airflow/example_dags/example_nested_branch_dag.py took 0.211 seconds
[2026-07-18T21:38:42.103+0000] {processor.py:186} INFO - Started process (PID=1690) to work on /home/airflow/.local/lib/python3.12/site-packages/airflow/example_dags/example_nested_branch_dag.py
[2026-07-18T21:38:42.105+0000] {processor.py:914} INFO - Processing file /home/airflow/.local/lib/python3.12/site-packages/airflow/example_dags/example_nested_branch_dag.py for tasks to queue
[2026-07-18T21:38:42.109+0000] {logging_mixin.py:190} INFO - [2026-07-18T21:38:42.109+0000] {dagbag.py:588} INFO - Filling up the DagBag from /home/airflow/.local/lib/python3.12/site-packages/airflow/example_dags/example_nested_branch_dag.py
[2026-07-18T21:38:42.124+0000] {processor.py:925} INFO - DAG(s) 'example_nested_branch_dag' retrieved from /home/airflow/.local/lib/python3.12/site-packages/airflow/example_dags/example_nested_branch_dag.py
[2026-07-18T21:38:42.153+0000] {logging_mixin.py:190} INFO - [2026-07-18T21:38:42.153+0000] {dag.py:3239} INFO - Sync 1 DAGs
[2026-07-18T21:38:42.182+0000] {logging_mixin.py:190} INFO - [2026-07-18T21:38:42.181+0000] {dag.py:4180} INFO - Setting next_dagrun for example_nested_branch_dag to 2026-07-17 00:00:00+00:00, run_after=2026-07-18 00:00:00+00:00
[2026-07-18T21:38:42.204+0000] {processor.py:208} INFO - Processing /home/airflow/.local/lib/python3.12/site-packages/airflow/example_dags/example_nested_branch_dag.py took 0.109 seconds
[2026-07-18T21:39:13.315+0000] {processor.py:186} INFO - Started process (PID=1756) to work on /home/airflow/.local/lib/python3.12/site-packages/airflow/example_dags/example_nested_branch_dag.py
[2026-07-18T21:39:13.319+0000] {processor.py:914} INFO - Processing file /home/airflow/.local/lib/python3.12/site-packages/airflow/example_dags/example_nested_branch_dag.py for tasks to queue
[2026-07-18T21:39:13.324+0000] {logging_mixin.py:190} INFO - [2026-07-18T21:39:13.324+0000] {dagbag.py:588} INFO - Filling up the DagBag from /home/airflow/.local/lib/python3.12/site-packages/airflow/example_dags/example_nested_branch_dag.py
[2026-07-18T21:39:13.338+0000] {processor.py:925} INFO - DAG(s) 'example_nested_branch_dag' retrieved from /home/airflow/.local/lib/python3.12/site-packages/airflow/example_dags/example_nested_branch_dag.py
[2026-07-18T21:39:13.364+0000] {logging_mixin.py:190} INFO - [2026-07-18T21:39:13.363+0000] {dag.py:3239} INFO - Sync 1 DAGs
[2026-07-18T21:39:13.393+0000] {logging_mixin.py:190} INFO - [2026-07-18T21:39:13.392+0000] {dag.py:4180} INFO - Setting next_dagrun for example_nested_branch_dag to 2026-07-17 00:00:00+00:00, run_after=2026-07-18 00:00:00+00:00
[2026-07-18T21:39:13.418+0000] {processor.py:208} INFO - Processing /home/airflow/.local/lib/python3.12/site-packages/airflow/example_dags/example_nested_branch_dag.py took 0.110 seconds
[2026-07-18T21:39:50.035+0000] {processor.py:186} INFO - Started process (PID=1825) to work on /home/airflow/.local/lib/python3.12/site-packages/airflow/example_dags/example_nested_branch_dag.py
[2026-07-18T21:39:50.038+0000] {processor.py:914} INFO - Processing file /home/airflow/.local/lib/python3.12/site-packages/airflow/example_dags/example_nested_branch_dag.py for tasks to queue
[2026-07-18T21:39:50.046+0000] {logging_mixin.py:190} INFO - [2026-07-18T21:39:50.045+0000] {dagbag.py:588} INFO - Filling up the DagBag from /home/airflow/.local/lib/python3.12/site-packages/airflow/example_dags/example_nested_branch_dag.py
[2026-07-18T21:39:50.076+0000] {processor.py:925} INFO - DAG(s) 'example_nested_branch_dag' retrieved from /home/airflow/.local/lib/python3.12/site-packages/airflow/example_dags/example_nested_branch_dag.py
[2026-07-18T21:39:50.115+0000] {logging_mixin.py:190} INFO - [2026-07-18T21:39:50.114+0000] {dag.py:3239} INFO - Sync 1 DAGs
[2026-07-18T21:39:50.157+0000] {logging_mixin.py:190} INFO - [2026-07-18T21:39:50.156+0000] {dag.py:4180} INFO - Setting next_dagrun for example_nested_branch_dag to 2026-07-17 00:00:00+00:00, run_after=2026-07-18 00:00:00+00:00
[2026-07-18T21:39:50.195+0000] {processor.py:208} INFO - Processing /home/airflow/.local/lib/python3.12/site-packages/airflow/example_dags/example_nested_branch_dag.py took 0.176 seconds
[2026-07-18T21:40:22.754+0000] {processor.py:186} INFO - Started process (PID=1892) to work on /home/airflow/.local/lib/python3.12/site-packages/airflow/example_dags/example_nested_branch_dag.py
[2026-07-18T21:40:22.757+0000] {processor.py:914} INFO - Processing file /home/airflow/.local/lib/python3.12/site-packages/airflow/example_dags/example_nested_branch_dag.py for tasks to queue
[2026-07-18T21:40:22.760+0000] {logging_mixin.py:190} INFO - [2026-07-18T21:40:22.759+0000] {dagbag.py:588} INFO - Filling up the DagBag from /home/airflow/.local/lib/python3.12/site-packages/airflow/example_dags/example_nested_branch_dag.py
[2026-07-18T21:40:22.782+0000] {processor.py:925} INFO - DAG(s) 'example_nested_branch_dag' retrieved from /home/airflow/.local/lib/python3.12/site-packages/airflow/example_dags/example_nested_branch_dag.py
[2026-07-18T21:40:22.821+0000] {logging_mixin.py:190} INFO - [2026-07-18T21:40:22.821+0000] {dag.py:3239} INFO - Sync 1 DAGs
[2026-07-18T21:40:22.891+0000] {logging_mixin.py:190} INFO - [2026-07-18T21:40:22.890+0000] {dag.py:4180} INFO - Setting next_dagrun for example_nested_branch_dag to 2026-07-17 00:00:00+00:00, run_after=2026-07-18 00:00:00+00:00
[2026-07-18T21:40:22.955+0000] {processor.py:208} INFO - Processing /home/airflow/.local/lib/python3.12/site-packages/airflow/example_dags/example_nested_branch_dag.py took 0.218 seconds
[2026-07-18T21:40:53.346+0000] {processor.py:186} INFO - Started process (PID=1956) to work on /home/airflow/.local/lib/python3.12/site-packages/airflow/example_dags/example_nested_branch_dag.py
[2026-07-18T21:40:53.349+0000] {processor.py:914} INFO - Processing file /home/airflow/.local/lib/python3.12/site-packages/airflow/example_dags/example_nested_branch_dag.py for tasks to queue
[2026-07-18T21:40:53.354+0000] {logging_mixin.py:190} INFO - [2026-07-18T21:40:53.353+0000] {dagbag.py:588} INFO - Filling up the DagBag from /home/airflow/.local/lib/python3.12/site-packages/airflow/example_dags/example_nested_branch_dag.py
[2026-07-18T21:40:53.372+0000] {processor.py:925} INFO - DAG(s) 'example_nested_branch_dag' retrieved from /home/airflow/.local/lib/python3.12/site-packages/airflow/example_dags/example_nested_branch_dag.py
[2026-07-18T21:40:53.405+0000] {logging_mixin.py:190} INFO - [2026-07-18T21:40:53.405+0000] {dag.py:3239} INFO - Sync 1 DAGs
[2026-07-18T21:40:53.448+0000] {logging_mixin.py:190} INFO - [2026-07-18T21:40:53.448+0000] {dag.py:4180} INFO - Setting next_dagrun for example_nested_branch_dag to 2026-07-17 00:00:00+00:00, run_after=2026-07-18 00:00:00+00:00
[2026-07-18T21:40:53.503+0000] {processor.py:208} INFO - Processing /home/airflow/.local/lib/python3.12/site-packages/airflow/example_dags/example_nested_branch_dag.py took 0.168 seconds
[2026-07-18T21:41:24.328+0000] {processor.py:186} INFO - Started process (PID=2020) to work on /home/airflow/.local/lib/python3.12/site-packages/airflow/example_dags/example_nested_branch_dag.py
[2026-07-18T21:41:24.330+0000] {processor.py:914} INFO - Processing file /home/airflow/.local/lib/python3.12/site-packages/airflow/example_dags/example_nested_branch_dag.py for tasks to queue
[2026-07-18T21:41:24.334+0000] {logging_mixin.py:190} INFO - [2026-07-18T21:41:24.333+0000] {dagbag.py:588} INFO - Filling up the DagBag from /home/airflow/.local/lib/python3.12/site-packages/airflow/example_dags/example_nested_branch_dag.py
[2026-07-18T21:41:24.351+0000] {processor.py:925} INFO - DAG(s) 'example_nested_branch_dag' retrieved from /home/airflow/.local/lib/python3.12/site-packages/airflow/example_dags/example_nested_branch_dag.py
[2026-07-18T21:41:24.381+0000] {logging_mixin.py:190} INFO - [2026-07-18T21:41:24.381+0000] {dag.py:3239} INFO - Sync 1 DAGs
[2026-07-18T21:41:24.415+0000] {logging_mixin.py:190} INFO - [2026-07-18T21:41:24.415+0000] {dag.py:4180} INFO - Setting next_dagrun for example_nested_branch_dag to 2026-07-17 00:00:00+00:00, run_after=2026-07-18 00:00:00+00:00
[2026-07-18T21:41:24.487+0000] {processor.py:208} INFO - Processing /home/airflow/.local/lib/python3.12/site-packages/airflow/example_dags/example_nested_branch_dag.py took 0.166 seconds
[2026-07-18T21:41:54.676+0000] {processor.py:186} INFO - Started process (PID=2083) to work on /home/airflow/.local/lib/python3.12/site-packages/airflow/example_dags/example_nested_branch_dag.py
[2026-07-18T21:41:54.678+0000] {processor.py:914} INFO - Processing file /home/airflow/.local/lib/python3.12/site-packages/airflow/example_dags/example_nested_branch_dag.py for tasks to queue
[2026-07-18T21:41:54.684+0000] {logging_mixin.py:190} INFO - [2026-07-18T21:41:54.683+0000] {dagbag.py:588} INFO - Filling up the DagBag from /home/airflow/.local/lib/python3.12/site-packages/airflow/example_dags/example_nested_branch_dag.py
[2026-07-18T21:41:54.704+0000] {processor.py:925} INFO - DAG(s) 'example_nested_branch_dag' retrieved from /home/airflow/.local/lib/python3.12/site-packages/airflow/example_dags/example_nested_branch_dag.py
[2026-07-18T21:41:54.736+0000] {logging_mixin.py:190} INFO - [2026-07-18T21:41:54.736+0000] {dag.py:3239} INFO - Sync 1 DAGs
[2026-07-18T21:41:54.769+0000] {logging_mixin.py:190} INFO - [2026-07-18T21:41:54.769+0000] {dag.py:4180} INFO - Setting next_dagrun for example_nested_branch_dag to 2026-07-17 00:00:00+00:00, run_after=2026-07-18 00:00:00+00:00
[2026-07-18T21:41:54.811+0000] {processor.py:208} INFO - Processing /home/airflow/.local/lib/python3.12/site-packages/airflow/example_dags/example_nested_branch_dag.py took 0.141 seconds
[2026-07-18T21:42:26.028+0000] {processor.py:186} INFO - Started process (PID=2148) to work on /home/airflow/.local/lib/python3.12/site-packages/airflow/example_dags/example_nested_branch_dag.py
[2026-07-18T21:42:26.031+0000] {processor.py:914} INFO - Processing file /home/airflow/.local/lib/python3.12/site-packages/airflow/example_dags/example_nested_branch_dag.py for tasks to queue
[2026-07-18T21:42:26.036+0000] {logging_mixin.py:190} INFO - [2026-07-18T21:42:26.036+0000] {dagbag.py:588} INFO - Filling up the DagBag from /home/airflow/.local/lib/python3.12/site-packages/airflow/example_dags/example_nested_branch_dag.py
[2026-07-18T21:42:26.055+0000] {processor.py:925} INFO - DAG(s) 'example_nested_branch_dag' retrieved from /home/airflow/.local/lib/python3.12/site-packages/airflow/example_dags/example_nested_branch_dag.py
[2026-07-18T21:42:26.088+0000] {logging_mixin.py:190} INFO - [2026-07-18T21:42:26.087+0000] {dag.py:3239} INFO - Sync 1 DAGs
[2026-07-18T21:42:26.132+0000] {logging_mixin.py:190} INFO - [2026-07-18T21:42:26.131+0000] {dag.py:4180} INFO - Setting next_dagrun for example_nested_branch_dag to 2026-07-17 00:00:00+00:00, run_after=2026-07-18 00:00:00+00:00
[2026-07-18T21:42:26.156+0000] {processor.py:208} INFO - Processing /home/airflow/.local/lib/python3.12/site-packages/airflow/example_dags/example_nested_branch_dag.py took 0.137 seconds
[2026-07-18T21:42:56.539+0000] {processor.py:186} INFO - Started process (PID=2212) to work on /home/airflow/.local/lib/python3.12/site-packages/airflow/example_dags/example_nested_branch_dag.py
[2026-07-18T21:42:56.542+0000] {processor.py:914} INFO - Processing file /home/airflow/.local/lib/python3.12/site-packages/airflow/example_dags/example_nested_branch_dag.py for tasks to queue
[2026-07-18T21:42:56.549+0000] {logging_mixin.py:190} INFO - [2026-07-18T21:42:56.548+0000] {dagbag.py:588} INFO - Filling up the DagBag from /home/airflow/.local/lib/python3.12/site-packages/airflow/example_dags/example_nested_branch_dag.py
[2026-07-18T21:42:56.566+0000] {processor.py:925} INFO - DAG(s) 'example_nested_branch_dag' retrieved from /home/airflow/.local/lib/python3.12/site-packages/airflow/example_dags/example_nested_branch_dag.py
[2026-07-18T21:42:56.602+0000] {logging_mixin.py:190} INFO - [2026-07-18T21:42:56.602+0000] {dag.py:3239} INFO - Sync 1 DAGs
[2026-07-18T21:42:56.634+0000] {logging_mixin.py:190} INFO - [2026-07-18T21:42:56.634+0000] {dag.py:4180} INFO - Setting next_dagrun for example_nested_branch_dag to 2026-07-17 00:00:00+00:00, run_after=2026-07-18 00:00:00+00:00
[2026-07-18T21:42:56.678+0000] {processor.py:208} INFO - Processing /home/airflow/.local/lib/python3.12/site-packages/airflow/example_dags/example_nested_branch_dag.py took 0.153 seconds
[2026-07-18T21:43:29.050+0000] {processor.py:186} INFO - Started process (PID=2283) to work on /home/airflow/.local/lib/python3.12/site-packages/airflow/example_dags/example_nested_branch_dag.py
[2026-07-18T21:43:29.053+0000] {processor.py:914} INFO - Processing file /home/airflow/.local/lib/python3.12/site-packages/airflow/example_dags/example_nested_branch_dag.py for tasks to queue
[2026-07-18T21:43:29.058+0000] {logging_mixin.py:190} INFO - [2026-07-18T21:43:29.058+0000] {dagbag.py:588} INFO - Filling up the DagBag from /home/airflow/.local/lib/python3.12/site-packages/airflow/example_dags/example_nested_branch_dag.py
[2026-07-18T21:43:29.073+0000] {processor.py:925} INFO - DAG(s) 'example_nested_branch_dag' retrieved from /home/airflow/.local/lib/python3.12/site-packages/airflow/example_dags/example_nested_branch_dag.py
[2026-07-18T21:43:29.106+0000] {logging_mixin.py:190} INFO - [2026-07-18T21:43:29.106+0000] {dag.py:3239} INFO - Sync 1 DAGs
[2026-07-18T21:43:29.142+0000] {logging_mixin.py:190} INFO - [2026-07-18T21:43:29.142+0000] {dag.py:4180} INFO - Setting next_dagrun for example_nested_branch_dag to 2026-07-17 00:00:00+00:00, run_after=2026-07-18 00:00:00+00:00
[2026-07-18T21:43:29.167+0000] {processor.py:208} INFO - Processing /home/airflow/.local/lib/python3.12/site-packages/airflow/example_dags/example_nested_branch_dag.py took 0.125 seconds
[2026-07-18T21:43:59.765+0000] {processor.py:186} INFO - Started process (PID=2347) to work on /home/airflow/.local/lib/python3.12/site-packages/airflow/example_dags/example_nested_branch_dag.py
[2026-07-18T21:43:59.767+0000] {processor.py:914} INFO - Processing file /home/airflow/.local/lib/python3.12/site-packages/airflow/example_dags/example_nested_branch_dag.py for tasks to queue
[2026-07-18T21:43:59.776+0000] {logging_mixin.py:190} INFO - [2026-07-18T21:43:59.775+0000] {dagbag.py:588} INFO - Filling up the DagBag from /home/airflow/.local/lib/python3.12/site-packages/airflow/example_dags/example_nested_branch_dag.py
[2026-07-18T21:43:59.802+0000] {processor.py:925} INFO - DAG(s) 'example_nested_branch_dag' retrieved from /home/airflow/.local/lib/python3.12/site-packages/airflow/example_dags/example_nested_branch_dag.py
[2026-07-18T21:43:59.850+0000] {logging_mixin.py:190} INFO - [2026-07-18T21:43:59.850+0000] {dag.py:3239} INFO - Sync 1 DAGs
[2026-07-18T21:43:59.892+0000] {logging_mixin.py:190} INFO - [2026-07-18T21:43:59.892+0000] {dag.py:4180} INFO - Setting next_dagrun for example_nested_branch_dag to 2026-07-17 00:00:00+00:00, run_after=2026-07-18 00:00:00+00:00
[2026-07-18T21:43:59.917+0000] {processor.py:208} INFO - Processing /home/airflow/.local/lib/python3.12/site-packages/airflow/example_dags/example_nested_branch_dag.py took 0.165 seconds
[2026-07-18T21:44:30.760+0000] {processor.py:186} INFO - Started process (PID=2411) to work on /home/airflow/.local/lib/python3.12/site-packages/airflow/example_dags/example_nested_branch_dag.py
[2026-07-18T21:44:30.762+0000] {processor.py:914} INFO - Processing file /home/airflow/.local/lib/python3.12/site-packages/airflow/example_dags/example_nested_branch_dag.py for tasks to queue
[2026-07-18T21:44:30.767+0000] {logging_mixin.py:190} INFO - [2026-07-18T21:44:30.766+0000] {dagbag.py:588} INFO - Filling up the DagBag from /home/airflow/.local/lib/python3.12/site-packages/airflow/example_dags/example_nested_branch_dag.py
[2026-07-18T21:44:30.782+0000] {processor.py:925} INFO - DAG(s) 'example_nested_branch_dag' retrieved from /home/airflow/.local/lib/python3.12/site-packages/airflow/example_dags/example_nested_branch_dag.py
[2026-07-18T21:44:30.815+0000] {logging_mixin.py:190} INFO - [2026-07-18T21:44:30.814+0000] {dag.py:3239} INFO - Sync 1 DAGs
[2026-07-18T21:44:30.853+0000] {logging_mixin.py:190} INFO - [2026-07-18T21:44:30.853+0000] {dag.py:4180} INFO - Setting next_dagrun for example_nested_branch_dag to 2026-07-17 00:00:00+00:00, run_after=2026-07-18 00:00:00+00:00
[2026-07-18T21:44:30.888+0000] {processor.py:208} INFO - Processing /home/airflow/.local/lib/python3.12/site-packages/airflow/example_dags/example_nested_branch_dag.py took 0.135 seconds
[2026-07-18T21:45:02.387+0000] {processor.py:186} INFO - Started process (PID=2475) to work on /home/airflow/.local/lib/python3.12/site-packages/airflow/example_dags/example_nested_branch_dag.py
[2026-07-18T21:45:02.390+0000] {processor.py:914} INFO - Processing file /home/airflow/.local/lib/python3.12/site-packages/airflow/example_dags/example_nested_branch_dag.py for tasks to queue
[2026-07-18T21:45:02.397+0000] {logging_mixin.py:190} INFO - [2026-07-18T21:45:02.396+0000] {dagbag.py:588} INFO - Filling up the DagBag from /home/airflow/.local/lib/python3.12/site-packages/airflow/example_dags/example_nested_branch_dag.py
[2026-07-18T21:45:02.426+0000] {processor.py:925} INFO - DAG(s) 'example_nested_branch_dag' retrieved from /home/airflow/.local/lib/python3.12/site-packages/airflow/example_dags/example_nested_branch_dag.py
[2026-07-18T21:45:02.460+0000] {logging_mixin.py:190} INFO - [2026-07-18T21:45:02.459+0000] {dag.py:3239} INFO - Sync 1 DAGs
[2026-07-18T21:45:02.504+0000] {logging_mixin.py:190} INFO - [2026-07-18T21:45:02.504+0000] {dag.py:4180} INFO - Setting next_dagrun for example_nested_branch_dag to 2026-07-17 00:00:00+00:00, run_after=2026-07-18 00:00:00+00:00
[2026-07-18T21:45:02.577+0000] {processor.py:208} INFO - Processing /home/airflow/.local/lib/python3.12/site-packages/airflow/example_dags/example_nested_branch_dag.py took 0.203 seconds
[2026-07-18T21:45:35.547+0000] {processor.py:186} INFO - Started process (PID=2539) to work on /home/airflow/.local/lib/python3.12/site-packages/airflow/example_dags/example_nested_branch_dag.py
[2026-07-18T21:45:35.552+0000] {processor.py:914} INFO - Processing file /home/airflow/.local/lib/python3.12/site-packages/airflow/example_dags/example_nested_branch_dag.py for tasks to queue
[2026-07-18T21:45:35.562+0000] {logging_mixin.py:190} INFO - [2026-07-18T21:45:35.561+0000] {dagbag.py:588} INFO - Filling up the DagBag from /home/airflow/.local/lib/python3.12/site-packages/airflow/example_dags/example_nested_branch_dag.py
[2026-07-18T21:45:35.595+0000] {processor.py:925} INFO - DAG(s) 'example_nested_branch_dag' retrieved from /home/airflow/.local/lib/python3.12/site-packages/airflow/example_dags/example_nested_branch_dag.py
[2026-07-18T21:45:35.623+0000] {logging_mixin.py:190} INFO - [2026-07-18T21:45:35.623+0000] {dag.py:3239} INFO - Sync 1 DAGs
[2026-07-18T21:45:35.654+0000] {logging_mixin.py:190} INFO - [2026-07-18T21:45:35.654+0000] {dag.py:4180} INFO - Setting next_dagrun for example_nested_branch_dag to 2026-07-17 00:00:00+00:00, run_after=2026-07-18 00:00:00+00:00
[2026-07-18T21:45:35.693+0000] {processor.py:208} INFO - Processing /home/airflow/.local/lib/python3.12/site-packages/airflow/example_dags/example_nested_branch_dag.py took 0.164 seconds
[2026-07-18T21:46:06.689+0000] {processor.py:186} INFO - Started process (PID=2603) to work on /home/airflow/.local/lib/python3.12/site-packages/airflow/example_dags/example_nested_branch_dag.py
[2026-07-18T21:46:06.694+0000] {processor.py:914} INFO - Processing file /home/airflow/.local/lib/python3.12/site-packages/airflow/example_dags/example_nested_branch_dag.py for tasks to queue
[2026-07-18T21:46:06.708+0000] {logging_mixin.py:190} INFO - [2026-07-18T21:46:06.707+0000] {dagbag.py:588} INFO - Filling up the DagBag from /home/airflow/.local/lib/python3.12/site-packages/airflow/example_dags/example_nested_branch_dag.py
[2026-07-18T21:46:06.758+0000] {processor.py:925} INFO - DAG(s) 'example_nested_branch_dag' retrieved from /home/airflow/.local/lib/python3.12/site-packages/airflow/example_dags/example_nested_branch_dag.py
[2026-07-18T21:46:06.839+0000] {logging_mixin.py:190} INFO - [2026-07-18T21:46:06.838+0000] {dag.py:3239} INFO - Sync 1 DAGs
[2026-07-18T21:46:06.882+0000] {logging_mixin.py:190} INFO - [2026-07-18T21:46:06.882+0000] {dag.py:4180} INFO - Setting next_dagrun for example_nested_branch_dag to 2026-07-17 00:00:00+00:00, run_after=2026-07-18 00:00:00+00:00
[2026-07-18T21:46:06.910+0000] {processor.py:208} INFO - Processing /home/airflow/.local/lib/python3.12/site-packages/airflow/example_dags/example_nested_branch_dag.py took 0.244 seconds
[2026-07-18T21:46:37.191+0000] {processor.py:186} INFO - Started process (PID=2667) to work on /home/airflow/.local/lib/python3.12/site-packages/airflow/example_dags/example_nested_branch_dag.py
[2026-07-18T21:46:37.193+0000] {processor.py:914} INFO - Processing file /home/airflow/.local/lib/python3.12/site-packages/airflow/example_dags/example_nested_branch_dag.py for tasks to queue
[2026-07-18T21:46:37.198+0000] {logging_mixin.py:190} INFO - [2026-07-18T21:46:37.198+0000] {dagbag.py:588} INFO - Filling up the DagBag from /home/airflow/.local/lib/python3.12/site-packages/airflow/example_dags/example_nested_branch_dag.py
[2026-07-18T21:46:37.215+0000] {processor.py:925} INFO - DAG(s) 'example_nested_branch_dag' retrieved from /home/airflow/.local/lib/python3.12/site-packages/airflow/example_dags/example_nested_branch_dag.py
[2026-07-18T21:46:37.246+0000] {logging_mixin.py:190} INFO - [2026-07-18T21:46:37.246+0000] {dag.py:3239} INFO - Sync 1 DAGs
[2026-07-18T21:46:37.279+0000] {logging_mixin.py:190} INFO - [2026-07-18T21:46:37.278+0000] {dag.py:4180} INFO - Setting next_dagrun for example_nested_branch_dag to 2026-07-17 00:00:00+00:00, run_after=2026-07-18 00:00:00+00:00
[2026-07-18T21:46:37.310+0000] {processor.py:208} INFO - Processing /home/airflow/.local/lib/python3.12/site-packages/airflow/example_dags/example_nested_branch_dag.py took 0.129 seconds
[2026-07-18T21:47:07.980+0000] {processor.py:186} INFO - Started process (PID=2731) to work on /home/airflow/.local/lib/python3.12/site-packages/airflow/example_dags/example_nested_branch_dag.py
[2026-07-18T21:47:07.982+0000] {processor.py:914} INFO - Processing file /home/airflow/.local/lib/python3.12/site-packages/airflow/example_dags/example_nested_branch_dag.py for tasks to queue
[2026-07-18T21:47:07.990+0000] {logging_mixin.py:190} INFO - [2026-07-18T21:47:07.990+0000] {dagbag.py:588} INFO - Filling up the DagBag from /home/airflow/.local/lib/python3.12/site-packages/airflow/example_dags/example_nested_branch_dag.py
[2026-07-18T21:47:08.015+0000] {processor.py:925} INFO - DAG(s) 'example_nested_branch_dag' retrieved from /home/airflow/.local/lib/python3.12/site-packages/airflow/example_dags/example_nested_branch_dag.py
[2026-07-18T21:47:08.059+0000] {logging_mixin.py:190} INFO - [2026-07-18T21:47:08.058+0000] {dag.py:3239} INFO - Sync 1 DAGs
[2026-07-18T21:47:08.126+0000] {logging_mixin.py:190} INFO - [2026-07-18T21:47:08.126+0000] {dag.py:4180} INFO - Setting next_dagrun for example_nested_branch_dag to 2026-07-17 00:00:00+00:00, run_after=2026-07-18 00:00:00+00:00
[2026-07-18T21:47:08.157+0000] {processor.py:208} INFO - Processing /home/airflow/.local/lib/python3.12/site-packages/airflow/example_dags/example_nested_branch_dag.py took 0.185 seconds
[2026-07-18T21:47:39.566+0000] {processor.py:186} INFO - Started process (PID=2795) to work on /home/airflow/.local/lib/python3.12/site-packages/airflow/example_dags/example_nested_branch_dag.py
[2026-07-18T21:47:39.568+0000] {processor.py:914} INFO - Processing file /home/airflow/.local/lib/python3.12/site-packages/airflow/example_dags/example_nested_branch_dag.py for tasks to queue
[2026-07-18T21:47:39.574+0000] {logging_mixin.py:190} INFO - [2026-07-18T21:47:39.573+0000] {dagbag.py:588} INFO - Filling up the DagBag from /home/airflow/.local/lib/python3.12/site-packages/airflow/example_dags/example_nested_branch_dag.py
[2026-07-18T21:47:39.597+0000] {processor.py:925} INFO - DAG(s) 'example_nested_branch_dag' retrieved from /home/airflow/.local/lib/python3.12/site-packages/airflow/example_dags/example_nested_branch_dag.py
[2026-07-18T21:47:39.656+0000] {logging_mixin.py:190} INFO - [2026-07-18T21:47:39.656+0000] {dag.py:3239} INFO - Sync 1 DAGs
[2026-07-18T21:47:39.730+0000] {logging_mixin.py:190} INFO - [2026-07-18T21:47:39.729+0000] {dag.py:4180} INFO - Setting next_dagrun for example_nested_branch_dag to 2026-07-17 00:00:00+00:00, run_after=2026-07-18 00:00:00+00:00
[2026-07-18T21:47:39.771+0000] {processor.py:208} INFO - Processing /home/airflow/.local/lib/python3.12/site-packages/airflow/example_dags/example_nested_branch_dag.py took 0.214 seconds
[2026-07-18T21:48:10.856+0000] {processor.py:186} INFO - Started process (PID=2859) to work on /home/airflow/.local/lib/python3.12/site-packages/airflow/example_dags/example_nested_branch_dag.py
[2026-07-18T21:48:10.859+0000] {processor.py:914} INFO - Processing file /home/airflow/.local/lib/python3.12/site-packages/airflow/example_dags/example_nested_branch_dag.py for tasks to queue
[2026-07-18T21:48:10.868+0000] {logging_mixin.py:190} INFO - [2026-07-18T21:48:10.867+0000] {dagbag.py:588} INFO - Filling up the DagBag from /home/airflow/.local/lib/python3.12/site-packages/airflow/example_dags/example_nested_branch_dag.py
[2026-07-18T21:48:10.904+0000] {processor.py:925} INFO - DAG(s) 'example_nested_branch_dag' retrieved from /home/airflow/.local/lib/python3.12/site-packages/airflow/example_dags/example_nested_branch_dag.py
[2026-07-18T21:48:10.956+0000] {logging_mixin.py:190} INFO - [2026-07-18T21:48:10.956+0000] {dag.py:3239} INFO - Sync 1 DAGs
[2026-07-18T21:48:10.996+0000] {logging_mixin.py:190} INFO - [2026-07-18T21:48:10.995+0000] {dag.py:4180} INFO - Setting next_dagrun for example_nested_branch_dag to 2026-07-17 00:00:00+00:00, run_after=2026-07-18 00:00:00+00:00
[2026-07-18T21:48:11.062+0000] {processor.py:208} INFO - Processing /home/airflow/.local/lib/python3.12/site-packages/airflow/example_dags/example_nested_branch_dag.py took 0.223 seconds
[2026-07-18T21:48:42.182+0000] {processor.py:186} INFO - Started process (PID=2923) to work on /home/airflow/.local/lib/python3.12/site-packages/airflow/example_dags/example_nested_branch_dag.py
[2026-07-18T21:48:42.185+0000] {processor.py:914} INFO - Processing file /home/airflow/.local/lib/python3.12/site-packages/airflow/example_dags/example_nested_branch_dag.py for tasks to queue
[2026-07-18T21:48:42.191+0000] {logging_mixin.py:190} INFO - [2026-07-18T21:48:42.190+0000] {dagbag.py:588} INFO - Filling up the DagBag from /home/airflow/.local/lib/python3.12/site-packages/airflow/example_dags/example_nested_branch_dag.py
[2026-07-18T21:48:42.213+0000] {processor.py:925} INFO - DAG(s) 'example_nested_branch_dag' retrieved from /home/airflow/.local/lib/python3.12/site-packages/airflow/example_dags/example_nested_branch_dag.py
[2026-07-18T21:48:42.256+0000] {logging_mixin.py:190} INFO - [2026-07-18T21:48:42.255+0000] {dag.py:3239} INFO - Sync 1 DAGs
[2026-07-18T21:48:42.288+0000] {logging_mixin.py:190} INFO - [2026-07-18T21:48:42.288+0000] {dag.py:4180} INFO - Setting next_dagrun for example_nested_branch_dag to 2026-07-17 00:00:00+00:00, run_after=2026-07-18 00:00:00+00:00
[2026-07-18T21:48:42.362+0000] {processor.py:208} INFO - Processing /home/airflow/.local/lib/python3.12/site-packages/airflow/example_dags/example_nested_branch_dag.py took 0.192 seconds
[2026-07-18T21:49:13.578+0000] {processor.py:186} INFO - Started process (PID=2987) to work on /home/airflow/.local/lib/python3.12/site-packages/airflow/example_dags/example_nested_branch_dag.py
[2026-07-18T21:49:13.581+0000] {processor.py:914} INFO - Processing file /home/airflow/.local/lib/python3.12/site-packages/airflow/example_dags/example_nested_branch_dag.py for tasks to queue
[2026-07-18T21:49:13.586+0000] {logging_mixin.py:190} INFO - [2026-07-18T21:49:13.586+0000] {dagbag.py:588} INFO - Filling up the DagBag from /home/airflow/.local/lib/python3.12/site-packages/airflow/example_dags/example_nested_branch_dag.py
[2026-07-18T21:49:13.604+0000] {processor.py:925} INFO - DAG(s) 'example_nested_branch_dag' retrieved from /home/airflow/.local/lib/python3.12/site-packages/airflow/example_dags/example_nested_branch_dag.py
[2026-07-18T21:49:13.641+0000] {logging_mixin.py:190} INFO - [2026-07-18T21:49:13.640+0000] {dag.py:3239} INFO - Sync 1 DAGs
[2026-07-18T21:49:13.679+0000] {logging_mixin.py:190} INFO - [2026-07-18T21:49:13.679+0000] {dag.py:4180} INFO - Setting next_dagrun for example_nested_branch_dag to 2026-07-17 00:00:00+00:00, run_after=2026-07-18 00:00:00+00:00
[2026-07-18T21:49:13.711+0000] {processor.py:208} INFO - Processing /home/airflow/.local/lib/python3.12/site-packages/airflow/example_dags/example_nested_branch_dag.py took 0.139 seconds
[2026-07-18T22:00:47.001+0000] {processor.py:186} INFO - Started process (PID=3059) to work on /home/airflow/.local/lib/python3.12/site-packages/airflow/example_dags/example_nested_branch_dag.py
[2026-07-18T22:00:47.010+0000] {processor.py:914} INFO - Processing file /home/airflow/.local/lib/python3.12/site-packages/airflow/example_dags/example_nested_branch_dag.py for tasks to queue
[2026-07-18T22:00:47.016+0000] {logging_mixin.py:190} INFO - [2026-07-18T22:00:47.015+0000] {dagbag.py:588} INFO - Filling up the DagBag from /home/airflow/.local/lib/python3.12/site-packages/airflow/example_dags/example_nested_branch_dag.py
[2026-07-18T22:00:47.065+0000] {processor.py:925} INFO - DAG(s) 'example_nested_branch_dag' retrieved from /home/airflow/.local/lib/python3.12/site-packages/airflow/example_dags/example_nested_branch_dag.py
[2026-07-18T22:00:47.132+0000] {logging_mixin.py:190} INFO - [2026-07-18T22:00:47.132+0000] {dag.py:3239} INFO - Sync 1 DAGs
[2026-07-18T22:00:47.194+0000] {logging_mixin.py:190} INFO - [2026-07-18T22:00:47.194+0000] {dag.py:4180} INFO - Setting next_dagrun for example_nested_branch_dag to 2026-07-17 00:00:00+00:00, run_after=2026-07-18 00:00:00+00:00
[2026-07-18T22:00:47.243+0000] {processor.py:208} INFO - Processing /home/airflow/.local/lib/python3.12/site-packages/airflow/example_dags/example_nested_branch_dag.py took 0.264 seconds
[2026-07-18T22:01:17.381+0000] {processor.py:186} INFO - Started process (PID=3122) to work on /home/airflow/.local/lib/python3.12/site-packages/airflow/example_dags/example_nested_branch_dag.py
[2026-07-18T22:01:17.384+0000] {processor.py:914} INFO - Processing file /home/airflow/.local/lib/python3.12/site-packages/airflow/example_dags/example_nested_branch_dag.py for tasks to queue
[2026-07-18T22:01:17.388+0000] {logging_mixin.py:190} INFO - [2026-07-18T22:01:17.388+0000] {dagbag.py:588} INFO - Filling up the DagBag from /home/airflow/.local/lib/python3.12/site-packages/airflow/example_dags/example_nested_branch_dag.py
[2026-07-18T22:01:17.416+0000] {processor.py:925} INFO - DAG(s) 'example_nested_branch_dag' retrieved from /home/airflow/.local/lib/python3.12/site-packages/airflow/example_dags/example_nested_branch_dag.py
[2026-07-18T22:01:17.464+0000] {logging_mixin.py:190} INFO - [2026-07-18T22:01:17.464+0000] {dag.py:3239} INFO - Sync 1 DAGs
[2026-07-18T22:01:17.523+0000] {logging_mixin.py:190} INFO - [2026-07-18T22:01:17.522+0000] {dag.py:4180} INFO - Setting next_dagrun for example_nested_branch_dag to 2026-07-17 00:00:00+00:00, run_after=2026-07-18 00:00:00+00:00
[2026-07-18T22:01:17.561+0000] {processor.py:208} INFO - Processing /home/airflow/.local/lib/python3.12/site-packages/airflow/example_dags/example_nested_branch_dag.py took 0.195 seconds
[2026-07-18T22:01:48.777+0000] {processor.py:186} INFO - Started process (PID=3186) to work on /home/airflow/.local/lib/python3.12/site-packages/airflow/example_dags/example_nested_branch_dag.py
[2026-07-18T22:01:48.780+0000] {processor.py:914} INFO - Processing file /home/airflow/.local/lib/python3.12/site-packages/airflow/example_dags/example_nested_branch_dag.py for tasks to queue
[2026-07-18T22:01:48.784+0000] {logging_mixin.py:190} INFO - [2026-07-18T22:01:48.783+0000] {dagbag.py:588} INFO - Filling up the DagBag from /home/airflow/.local/lib/python3.12/site-packages/airflow/example_dags/example_nested_branch_dag.py
[2026-07-18T22:01:48.807+0000] {processor.py:925} INFO - DAG(s) 'example_nested_branch_dag' retrieved from /home/airflow/.local/lib/python3.12/site-packages/airflow/example_dags/example_nested_branch_dag.py
[2026-07-18T22:01:48.836+0000] {logging_mixin.py:190} INFO - [2026-07-18T22:01:48.836+0000] {dag.py:3239} INFO - Sync 1 DAGs
[2026-07-18T22:01:48.889+0000] {logging_mixin.py:190} INFO - [2026-07-18T22:01:48.888+0000] {dag.py:4180} INFO - Setting next_dagrun for example_nested_branch_dag to 2026-07-17 00:00:00+00:00, run_after=2026-07-18 00:00:00+00:00
[2026-07-18T22:01:48.986+0000] {processor.py:208} INFO - Processing /home/airflow/.local/lib/python3.12/site-packages/airflow/example_dags/example_nested_branch_dag.py took 0.223 seconds
[2026-07-18T22:02:20.862+0000] {processor.py:186} INFO - Started process (PID=3250) to work on /home/airflow/.local/lib/python3.12/site-packages/airflow/example_dags/example_nested_branch_dag.py
[2026-07-18T22:02:20.865+0000] {processor.py:914} INFO - Processing file /home/airflow/.local/lib/python3.12/site-packages/airflow/example_dags/example_nested_branch_dag.py for tasks to queue
[2026-07-18T22:02:20.868+0000] {logging_mixin.py:190} INFO - [2026-07-18T22:02:20.867+0000] {dagbag.py:588} INFO - Filling up the DagBag from /home/airflow/.local/lib/python3.12/site-packages/airflow/example_dags/example_nested_branch_dag.py
[2026-07-18T22:02:20.888+0000] {processor.py:925} INFO - DAG(s) 'example_nested_branch_dag' retrieved from /home/airflow/.local/lib/python3.12/site-packages/airflow/example_dags/example_nested_branch_dag.py
[2026-07-18T22:02:20.917+0000] {logging_mixin.py:190} INFO - [2026-07-18T22:02:20.917+0000] {dag.py:3239} INFO - Sync 1 DAGs
[2026-07-18T22:02:20.949+0000] {logging_mixin.py:190} INFO - [2026-07-18T22:02:20.948+0000] {dag.py:4180} INFO - Setting next_dagrun for example_nested_branch_dag to 2026-07-17 00:00:00+00:00, run_after=2026-07-18 00:00:00+00:00
[2026-07-18T22:02:21.020+0000] {processor.py:208} INFO - Processing /home/airflow/.local/lib/python3.12/site-packages/airflow/example_dags/example_nested_branch_dag.py took 0.168 seconds
[2026-07-18T22:02:52.214+0000] {processor.py:186} INFO - Started process (PID=3314) to work on /home/airflow/.local/lib/python3.12/site-packages/airflow/example_dags/example_nested_branch_dag.py
[2026-07-18T22:02:52.217+0000] {processor.py:914} INFO - Processing file /home/airflow/.local/lib/python3.12/site-packages/airflow/example_dags/example_nested_branch_dag.py for tasks to queue
[2026-07-18T22:02:52.222+0000] {logging_mixin.py:190} INFO - [2026-07-18T22:02:52.221+0000] {dagbag.py:588} INFO - Filling up the DagBag from /home/airflow/.local/lib/python3.12/site-packages/airflow/example_dags/example_nested_branch_dag.py
[2026-07-18T22:02:52.253+0000] {processor.py:925} INFO - DAG(s) 'example_nested_branch_dag' retrieved from /home/airflow/.local/lib/python3.12/site-packages/airflow/example_dags/example_nested_branch_dag.py
[2026-07-18T22:02:52.295+0000] {logging_mixin.py:190} INFO - [2026-07-18T22:02:52.294+0000] {dag.py:3239} INFO - Sync 1 DAGs
[2026-07-18T22:02:52.340+0000] {logging_mixin.py:190} INFO - [2026-07-18T22:02:52.340+0000] {dag.py:4180} INFO - Setting next_dagrun for example_nested_branch_dag to 2026-07-17 00:00:00+00:00, run_after=2026-07-18 00:00:00+00:00
[2026-07-18T22:02:52.383+0000] {processor.py:208} INFO - Processing /home/airflow/.local/lib/python3.12/site-packages/airflow/example_dags/example_nested_branch_dag.py took 0.184 seconds
[2026-07-18T22:03:23.209+0000] {processor.py:186} INFO - Started process (PID=3378) to work on /home/airflow/.local/lib/python3.12/site-packages/airflow/example_dags/example_nested_branch_dag.py
[2026-07-18T22:03:23.212+0000] {processor.py:914} INFO - Processing file /home/airflow/.local/lib/python3.12/site-packages/airflow/example_dags/example_nested_branch_dag.py for tasks to queue
[2026-07-18T22:03:23.214+0000] {logging_mixin.py:190} INFO - [2026-07-18T22:03:23.214+0000] {dagbag.py:588} INFO - Filling up the DagBag from /home/airflow/.local/lib/python3.12/site-packages/airflow/example_dags/example_nested_branch_dag.py
[2026-07-18T22:03:23.231+0000] {processor.py:925} INFO - DAG(s) 'example_nested_branch_dag' retrieved from /home/airflow/.local/lib/python3.12/site-packages/airflow/example_dags/example_nested_branch_dag.py
[2026-07-18T22:03:23.263+0000] {logging_mixin.py:190} INFO - [2026-07-18T22:03:23.263+0000] {dag.py:3239} INFO - Sync 1 DAGs
[2026-07-18T22:03:23.296+0000] {logging_mixin.py:190} INFO - [2026-07-18T22:03:23.296+0000] {dag.py:4180} INFO - Setting next_dagrun for example_nested_branch_dag to 2026-07-17 00:00:00+00:00, run_after=2026-07-18 00:00:00+00:00
[2026-07-18T22:03:23.324+0000] {processor.py:208} INFO - Processing /home/airflow/.local/lib/python3.12/site-packages/airflow/example_dags/example_nested_branch_dag.py took 0.122 seconds
[2026-07-18T22:03:56.122+0000] {processor.py:186} INFO - Started process (PID=3448) to work on /home/airflow/.local/lib/python3.12/site-packages/airflow/example_dags/example_nested_branch_dag.py
[2026-07-18T22:03:56.125+0000] {processor.py:914} INFO - Processing file /home/airflow/.local/lib/python3.12/site-packages/airflow/example_dags/example_nested_branch_dag.py for tasks to queue
[2026-07-18T22:03:56.130+0000] {logging_mixin.py:190} INFO - [2026-07-18T22:03:56.129+0000] {dagbag.py:588} INFO - Filling up the DagBag from /home/airflow/.local/lib/python3.12/site-packages/airflow/example_dags/example_nested_branch_dag.py
[2026-07-18T22:03:56.164+0000] {processor.py:925} INFO - DAG(s) 'example_nested_branch_dag' retrieved from /home/airflow/.local/lib/python3.12/site-packages/airflow/example_dags/example_nested_branch_dag.py
[2026-07-18T22:03:56.212+0000] {logging_mixin.py:190} INFO - [2026-07-18T22:03:56.211+0000] {dag.py:3239} INFO - Sync 1 DAGs
[2026-07-18T22:03:56.253+0000] {logging_mixin.py:190} INFO - [2026-07-18T22:03:56.253+0000] {dag.py:4180} INFO - Setting next_dagrun for example_nested_branch_dag to 2026-07-17 00:00:00+00:00, run_after=2026-07-18 00:00:00+00:00
[2026-07-18T22:03:56.284+0000] {processor.py:208} INFO - Processing /home/airflow/.local/lib/python3.12/site-packages/airflow/example_dags/example_nested_branch_dag.py took 0.172 seconds
[2026-07-18T22:04:27.513+0000] {processor.py:186} INFO - Started process (PID=3512) to work on /home/airflow/.local/lib/python3.12/site-packages/airflow/example_dags/example_nested_branch_dag.py
[2026-07-18T22:04:27.518+0000] {processor.py:914} INFO - Processing file /home/airflow/.local/lib/python3.12/site-packages/airflow/example_dags/example_nested_branch_dag.py for tasks to queue
[2026-07-18T22:04:27.522+0000] {logging_mixin.py:190} INFO - [2026-07-18T22:04:27.521+0000] {dagbag.py:588} INFO - Filling up the DagBag from /home/airflow/.local/lib/python3.12/site-packages/airflow/example_dags/example_nested_branch_dag.py
[2026-07-18T22:04:27.543+0000] {processor.py:925} INFO - DAG(s) 'example_nested_branch_dag' retrieved from /home/airflow/.local/lib/python3.12/site-packages/airflow/example_dags/example_nested_branch_dag.py
[2026-07-18T22:04:27.588+0000] {logging_mixin.py:190} INFO - [2026-07-18T22:04:27.588+0000] {dag.py:3239} INFO - Sync 1 DAGs
[2026-07-18T22:04:27.644+0000] {logging_mixin.py:190} INFO - [2026-07-18T22:04:27.644+0000] {dag.py:4180} INFO - Setting next_dagrun for example_nested_branch_dag to 2026-07-17 00:00:00+00:00, run_after=2026-07-18 00:00:00+00:00
[2026-07-18T22:04:27.696+0000] {processor.py:208} INFO - Processing /home/airflow/.local/lib/python3.12/site-packages/airflow/example_dags/example_nested_branch_dag.py took 0.198 seconds
[2026-07-18T22:04:57.856+0000] {processor.py:186} INFO - Started process (PID=3576) to work on /home/airflow/.local/lib/python3.12/site-packages/airflow/example_dags/example_nested_branch_dag.py
[2026-07-18T22:04:57.859+0000] {processor.py:914} INFO - Processing file /home/airflow/.local/lib/python3.12/site-packages/airflow/example_dags/example_nested_branch_dag.py for tasks to queue
[2026-07-18T22:04:57.861+0000] {logging_mixin.py:190} INFO - [2026-07-18T22:04:57.861+0000] {dagbag.py:588} INFO - Filling up the DagBag from /home/airflow/.local/lib/python3.12/site-packages/airflow/example_dags/example_nested_branch_dag.py
[2026-07-18T22:04:57.884+0000] {processor.py:925} INFO - DAG(s) 'example_nested_branch_dag' retrieved from /home/airflow/.local/lib/python3.12/site-packages/airflow/example_dags/example_nested_branch_dag.py
[2026-07-18T22:04:57.916+0000] {logging_mixin.py:190} INFO - [2026-07-18T22:04:57.916+0000] {dag.py:3239} INFO - Sync 1 DAGs
[2026-07-18T22:04:57.951+0000] {logging_mixin.py:190} INFO - [2026-07-18T22:04:57.951+0000] {dag.py:4180} INFO - Setting next_dagrun for example_nested_branch_dag to 2026-07-17 00:00:00+00:00, run_after=2026-07-18 00:00:00+00:00
[2026-07-18T22:04:57.992+0000] {processor.py:208} INFO - Processing /home/airflow/.local/lib/python3.12/site-packages/airflow/example_dags/example_nested_branch_dag.py took 0.146 seconds
[2026-07-18T22:05:30.749+0000] {processor.py:186} INFO - Started process (PID=3640) to work on /home/airflow/.local/lib/python3.12/site-packages/airflow/example_dags/example_nested_branch_dag.py
[2026-07-18T22:05:30.751+0000] {processor.py:914} INFO - Processing file /home/airflow/.local/lib/python3.12/site-packages/airflow/example_dags/example_nested_branch_dag.py for tasks to queue
[2026-07-18T22:05:30.754+0000] {logging_mixin.py:190} INFO - [2026-07-18T22:05:30.753+0000] {dagbag.py:588} INFO - Filling up the DagBag from /home/airflow/.local/lib/python3.12/site-packages/airflow/example_dags/example_nested_branch_dag.py
[2026-07-18T22:05:30.776+0000] {processor.py:925} INFO - DAG(s) 'example_nested_branch_dag' retrieved from /home/airflow/.local/lib/python3.12/site-packages/airflow/example_dags/example_nested_branch_dag.py
[2026-07-18T22:05:30.811+0000] {logging_mixin.py:190} INFO - [2026-07-18T22:05:30.810+0000] {dag.py:3239} INFO - Sync 1 DAGs
[2026-07-18T22:05:31.148+0000] {logging_mixin.py:190} INFO - [2026-07-18T22:05:31.147+0000] {dag.py:4180} INFO - Setting next_dagrun for example_nested_branch_dag to 2026-07-17 00:00:00+00:00, run_after=2026-07-18 00:00:00+00:00
[2026-07-18T22:05:31.201+0000] {processor.py:208} INFO - Processing /home/airflow/.local/lib/python3.12/site-packages/airflow/example_dags/example_nested_branch_dag.py took 0.461 seconds
