[2026-07-18T20:50:12.221+0000] {processor.py:186} INFO - Started process (PID=116) to work on /home/airflow/.local/lib/python3.12/site-packages/airflow/example_dags/example_trigger_controller_dag.py
[2026-07-18T20:50:12.223+0000] {processor.py:914} INFO - Processing file /home/airflow/.local/lib/python3.12/site-packages/airflow/example_dags/example_trigger_controller_dag.py for tasks to queue
[2026-07-18T20:50:12.229+0000] {logging_mixin.py:190} INFO - [2026-07-18T20:50:12.228+0000] {dagbag.py:588} INFO - Filling up the DagBag from /home/airflow/.local/lib/python3.12/site-packages/airflow/example_dags/example_trigger_controller_dag.py
[2026-07-18T20:50:12.245+0000] {processor.py:925} INFO - DAG(s) 'example_trigger_controller_dag' retrieved from /home/airflow/.local/lib/python3.12/site-packages/airflow/example_dags/example_trigger_controller_dag.py
[2026-07-18T20:50:12.446+0000] {logging_mixin.py:190} INFO - [2026-07-18T20:50:12.444+0000] {override.py:1911} INFO - Created Permission View: can edit on DAG:example_trigger_controller_dag
[2026-07-18T20:50:12.474+0000] {logging_mixin.py:190} INFO - [2026-07-18T20:50:12.474+0000] {override.py:1911} INFO - Created Permission View: can read on DAG:example_trigger_controller_dag
[2026-07-18T20:50:12.490+0000] {logging_mixin.py:190} INFO - [2026-07-18T20:50:12.490+0000] {override.py:1911} INFO - Created Permission View: can delete on DAG:example_trigger_controller_dag
[2026-07-18T20:50:12.505+0000] {logging_mixin.py:190} INFO - [2026-07-18T20:50:12.505+0000] {override.py:1911} INFO - Created Permission View: can create on DAG Run:example_trigger_controller_dag
[2026-07-18T20:50:12.525+0000] {logging_mixin.py:190} INFO - [2026-07-18T20:50:12.525+0000] {override.py:1911} INFO - Created Permission View: can read on DAG Run:example_trigger_controller_dag
[2026-07-18T20:50:12.538+0000] {logging_mixin.py:190} INFO - [2026-07-18T20:50:12.537+0000] {override.py:1911} INFO - Created Permission View: menu access on DAG Run:example_trigger_controller_dag
[2026-07-18T20:50:12.549+0000] {logging_mixin.py:190} INFO - [2026-07-18T20:50:12.548+0000] {override.py:1911} INFO - Created Permission View: can delete on DAG Run:example_trigger_controller_dag
[2026-07-18T20:50:12.550+0000] {logging_mixin.py:190} INFO - [2026-07-18T20:50:12.550+0000] {dag.py:3239} INFO - Sync 1 DAGs
[2026-07-18T20:50:12.570+0000] {logging_mixin.py:190} INFO - [2026-07-18T20:50:12.570+0000] {dag.py:3262} INFO - Creating ORM DAG for example_trigger_controller_dag
[2026-07-18T20:50:12.588+0000] {logging_mixin.py:190} INFO - [2026-07-18T20:50:12.588+0000] {dag.py:4180} INFO - Setting next_dagrun for example_trigger_controller_dag to 2021-01-01 00:00:00+00:00, run_after=2021-01-01 00:00:00+00:00
[2026-07-18T20:50:12.612+0000] {processor.py:208} INFO - Processing /home/airflow/.local/lib/python3.12/site-packages/airflow/example_dags/example_trigger_controller_dag.py took 0.404 seconds
[2026-07-18T20:50:43.574+0000] {processor.py:186} INFO - Started process (PID=179) to work on /home/airflow/.local/lib/python3.12/site-packages/airflow/example_dags/example_trigger_controller_dag.py
[2026-07-18T20:50:43.583+0000] {processor.py:914} INFO - Processing file /home/airflow/.local/lib/python3.12/site-packages/airflow/example_dags/example_trigger_controller_dag.py for tasks to queue
[2026-07-18T20:50:43.612+0000] {logging_mixin.py:190} INFO - [2026-07-18T20:50:43.608+0000] {dagbag.py:588} INFO - Filling up the DagBag from /home/airflow/.local/lib/python3.12/site-packages/airflow/example_dags/example_trigger_controller_dag.py
[2026-07-18T20:50:43.745+0000] {processor.py:925} INFO - DAG(s) 'example_trigger_controller_dag' retrieved from /home/airflow/.local/lib/python3.12/site-packages/airflow/example_dags/example_trigger_controller_dag.py
[2026-07-18T20:50:43.903+0000] {logging_mixin.py:190} INFO - [2026-07-18T20:50:43.903+0000] {dag.py:3239} INFO - Sync 1 DAGs
[2026-07-18T20:50:43.999+0000] {logging_mixin.py:190} INFO - [2026-07-18T20:50:43.997+0000] {dag.py:4180} INFO - Setting next_dagrun for example_trigger_controller_dag to 2021-01-01 00:00:00+00:00, run_after=2021-01-01 00:00:00+00:00
[2026-07-18T20:50:44.127+0000] {processor.py:208} INFO - Processing /home/airflow/.local/lib/python3.12/site-packages/airflow/example_dags/example_trigger_controller_dag.py took 0.605 seconds
[2026-07-18T20:51:14.711+0000] {processor.py:186} INFO - Started process (PID=243) to work on /home/airflow/.local/lib/python3.12/site-packages/airflow/example_dags/example_trigger_controller_dag.py
[2026-07-18T20:51:14.717+0000] {processor.py:914} INFO - Processing file /home/airflow/.local/lib/python3.12/site-packages/airflow/example_dags/example_trigger_controller_dag.py for tasks to queue
[2026-07-18T20:51:14.723+0000] {logging_mixin.py:190} INFO - [2026-07-18T20:51:14.723+0000] {dagbag.py:588} INFO - Filling up the DagBag from /home/airflow/.local/lib/python3.12/site-packages/airflow/example_dags/example_trigger_controller_dag.py
[2026-07-18T20:51:14.796+0000] {processor.py:925} INFO - DAG(s) 'example_trigger_controller_dag' retrieved from /home/airflow/.local/lib/python3.12/site-packages/airflow/example_dags/example_trigger_controller_dag.py
[2026-07-18T20:51:14.836+0000] {logging_mixin.py:190} INFO - [2026-07-18T20:51:14.835+0000] {dag.py:3239} INFO - Sync 1 DAGs
[2026-07-18T20:51:14.887+0000] {logging_mixin.py:190} INFO - [2026-07-18T20:51:14.886+0000] {dag.py:4180} INFO - Setting next_dagrun for example_trigger_controller_dag to 2021-01-01 00:00:00+00:00, run_after=2021-01-01 00:00:00+00:00
[2026-07-18T20:51:14.913+0000] {processor.py:208} INFO - Processing /home/airflow/.local/lib/python3.12/site-packages/airflow/example_dags/example_trigger_controller_dag.py took 0.210 seconds
[2026-07-18T20:51:44.957+0000] {processor.py:186} INFO - Started process (PID=307) to work on /home/airflow/.local/lib/python3.12/site-packages/airflow/example_dags/example_trigger_controller_dag.py
[2026-07-18T20:51:44.958+0000] {processor.py:914} INFO - Processing file /home/airflow/.local/lib/python3.12/site-packages/airflow/example_dags/example_trigger_controller_dag.py for tasks to queue
[2026-07-18T20:51:44.961+0000] {logging_mixin.py:190} INFO - [2026-07-18T20:51:44.961+0000] {dagbag.py:588} INFO - Filling up the DagBag from /home/airflow/.local/lib/python3.12/site-packages/airflow/example_dags/example_trigger_controller_dag.py
[2026-07-18T20:51:44.968+0000] {processor.py:925} INFO - DAG(s) 'example_trigger_controller_dag' retrieved from /home/airflow/.local/lib/python3.12/site-packages/airflow/example_dags/example_trigger_controller_dag.py
[2026-07-18T20:51:44.988+0000] {logging_mixin.py:190} INFO - [2026-07-18T20:51:44.987+0000] {dag.py:3239} INFO - Sync 1 DAGs
[2026-07-18T20:51:45.011+0000] {logging_mixin.py:190} INFO - [2026-07-18T20:51:45.010+0000] {dag.py:4180} INFO - Setting next_dagrun for example_trigger_controller_dag to 2021-01-01 00:00:00+00:00, run_after=2021-01-01 00:00:00+00:00
[2026-07-18T20:51:45.030+0000] {processor.py:208} INFO - Processing /home/airflow/.local/lib/python3.12/site-packages/airflow/example_dags/example_trigger_controller_dag.py took 0.080 seconds
[2026-07-18T20:52:15.534+0000] {processor.py:186} INFO - Started process (PID=370) to work on /home/airflow/.local/lib/python3.12/site-packages/airflow/example_dags/example_trigger_controller_dag.py
[2026-07-18T20:52:15.537+0000] {processor.py:914} INFO - Processing file /home/airflow/.local/lib/python3.12/site-packages/airflow/example_dags/example_trigger_controller_dag.py for tasks to queue
[2026-07-18T20:52:15.542+0000] {logging_mixin.py:190} INFO - [2026-07-18T20:52:15.541+0000] {dagbag.py:588} INFO - Filling up the DagBag from /home/airflow/.local/lib/python3.12/site-packages/airflow/example_dags/example_trigger_controller_dag.py
[2026-07-18T20:52:15.559+0000] {processor.py:925} INFO - DAG(s) 'example_trigger_controller_dag' retrieved from /home/airflow/.local/lib/python3.12/site-packages/airflow/example_dags/example_trigger_controller_dag.py
[2026-07-18T20:52:15.585+0000] {logging_mixin.py:190} INFO - [2026-07-18T20:52:15.585+0000] {dag.py:3239} INFO - Sync 1 DAGs
[2026-07-18T20:52:15.624+0000] {logging_mixin.py:190} INFO - [2026-07-18T20:52:15.624+0000] {dag.py:4180} INFO - Setting next_dagrun for example_trigger_controller_dag to 2021-01-01 00:00:00+00:00, run_after=2021-01-01 00:00:00+00:00
[2026-07-18T20:52:15.656+0000] {processor.py:208} INFO - Processing /home/airflow/.local/lib/python3.12/site-packages/airflow/example_dags/example_trigger_controller_dag.py took 0.131 seconds
[2026-07-18T20:52:45.750+0000] {processor.py:186} INFO - Started process (PID=432) to work on /home/airflow/.local/lib/python3.12/site-packages/airflow/example_dags/example_trigger_controller_dag.py
[2026-07-18T20:52:45.752+0000] {processor.py:914} INFO - Processing file /home/airflow/.local/lib/python3.12/site-packages/airflow/example_dags/example_trigger_controller_dag.py for tasks to queue
[2026-07-18T20:52:45.755+0000] {logging_mixin.py:190} INFO - [2026-07-18T20:52:45.755+0000] {dagbag.py:588} INFO - Filling up the DagBag from /home/airflow/.local/lib/python3.12/site-packages/airflow/example_dags/example_trigger_controller_dag.py
[2026-07-18T20:52:45.762+0000] {processor.py:925} INFO - DAG(s) 'example_trigger_controller_dag' retrieved from /home/airflow/.local/lib/python3.12/site-packages/airflow/example_dags/example_trigger_controller_dag.py
[2026-07-18T20:52:45.781+0000] {logging_mixin.py:190} INFO - [2026-07-18T20:52:45.781+0000] {dag.py:3239} INFO - Sync 1 DAGs
[2026-07-18T20:52:45.807+0000] {logging_mixin.py:190} INFO - [2026-07-18T20:52:45.806+0000] {dag.py:4180} INFO - Setting next_dagrun for example_trigger_controller_dag to 2021-01-01 00:00:00+00:00, run_after=2021-01-01 00:00:00+00:00
[2026-07-18T20:52:45.829+0000] {processor.py:208} INFO - Processing /home/airflow/.local/lib/python3.12/site-packages/airflow/example_dags/example_trigger_controller_dag.py took 0.085 seconds
[2026-07-18T20:53:16.433+0000] {processor.py:186} INFO - Started process (PID=494) to work on /home/airflow/.local/lib/python3.12/site-packages/airflow/example_dags/example_trigger_controller_dag.py
[2026-07-18T20:53:16.435+0000] {processor.py:914} INFO - Processing file /home/airflow/.local/lib/python3.12/site-packages/airflow/example_dags/example_trigger_controller_dag.py for tasks to queue
[2026-07-18T20:53:16.438+0000] {logging_mixin.py:190} INFO - [2026-07-18T20:53:16.437+0000] {dagbag.py:588} INFO - Filling up the DagBag from /home/airflow/.local/lib/python3.12/site-packages/airflow/example_dags/example_trigger_controller_dag.py
[2026-07-18T20:53:16.443+0000] {processor.py:925} INFO - DAG(s) 'example_trigger_controller_dag' retrieved from /home/airflow/.local/lib/python3.12/site-packages/airflow/example_dags/example_trigger_controller_dag.py
[2026-07-18T20:53:16.461+0000] {logging_mixin.py:190} INFO - [2026-07-18T20:53:16.461+0000] {dag.py:3239} INFO - Sync 1 DAGs
[2026-07-18T20:53:16.481+0000] {logging_mixin.py:190} INFO - [2026-07-18T20:53:16.480+0000] {dag.py:4180} INFO - Setting next_dagrun for example_trigger_controller_dag to 2021-01-01 00:00:00+00:00, run_after=2021-01-01 00:00:00+00:00
[2026-07-18T20:53:16.497+0000] {processor.py:208} INFO - Processing /home/airflow/.local/lib/python3.12/site-packages/airflow/example_dags/example_trigger_controller_dag.py took 0.068 seconds
[2026-07-18T20:53:47.239+0000] {processor.py:186} INFO - Started process (PID=557) to work on /home/airflow/.local/lib/python3.12/site-packages/airflow/example_dags/example_trigger_controller_dag.py
[2026-07-18T20:53:47.240+0000] {processor.py:914} INFO - Processing file /home/airflow/.local/lib/python3.12/site-packages/airflow/example_dags/example_trigger_controller_dag.py for tasks to queue
[2026-07-18T20:53:47.243+0000] {logging_mixin.py:190} INFO - [2026-07-18T20:53:47.243+0000] {dagbag.py:588} INFO - Filling up the DagBag from /home/airflow/.local/lib/python3.12/site-packages/airflow/example_dags/example_trigger_controller_dag.py
[2026-07-18T20:53:47.249+0000] {processor.py:925} INFO - DAG(s) 'example_trigger_controller_dag' retrieved from /home/airflow/.local/lib/python3.12/site-packages/airflow/example_dags/example_trigger_controller_dag.py
[2026-07-18T20:53:47.264+0000] {logging_mixin.py:190} INFO - [2026-07-18T20:53:47.264+0000] {dag.py:3239} INFO - Sync 1 DAGs
[2026-07-18T20:53:47.283+0000] {logging_mixin.py:190} INFO - [2026-07-18T20:53:47.282+0000] {dag.py:4180} INFO - Setting next_dagrun for example_trigger_controller_dag to 2021-01-01 00:00:00+00:00, run_after=2021-01-01 00:00:00+00:00
[2026-07-18T20:53:47.297+0000] {processor.py:208} INFO - Processing /home/airflow/.local/lib/python3.12/site-packages/airflow/example_dags/example_trigger_controller_dag.py took 0.063 seconds
[2026-07-18T20:54:18.032+0000] {processor.py:186} INFO - Started process (PID=620) to work on /home/airflow/.local/lib/python3.12/site-packages/airflow/example_dags/example_trigger_controller_dag.py
[2026-07-18T20:54:18.033+0000] {processor.py:914} INFO - Processing file /home/airflow/.local/lib/python3.12/site-packages/airflow/example_dags/example_trigger_controller_dag.py for tasks to queue
[2026-07-18T20:54:18.036+0000] {logging_mixin.py:190} INFO - [2026-07-18T20:54:18.036+0000] {dagbag.py:588} INFO - Filling up the DagBag from /home/airflow/.local/lib/python3.12/site-packages/airflow/example_dags/example_trigger_controller_dag.py
[2026-07-18T20:54:18.042+0000] {processor.py:925} INFO - DAG(s) 'example_trigger_controller_dag' retrieved from /home/airflow/.local/lib/python3.12/site-packages/airflow/example_dags/example_trigger_controller_dag.py
[2026-07-18T20:54:18.057+0000] {logging_mixin.py:190} INFO - [2026-07-18T20:54:18.057+0000] {dag.py:3239} INFO - Sync 1 DAGs
[2026-07-18T20:54:18.075+0000] {logging_mixin.py:190} INFO - [2026-07-18T20:54:18.075+0000] {dag.py:4180} INFO - Setting next_dagrun for example_trigger_controller_dag to 2021-01-01 00:00:00+00:00, run_after=2021-01-01 00:00:00+00:00
[2026-07-18T20:54:18.089+0000] {processor.py:208} INFO - Processing /home/airflow/.local/lib/python3.12/site-packages/airflow/example_dags/example_trigger_controller_dag.py took 0.062 seconds
[2026-07-18T20:54:48.637+0000] {processor.py:186} INFO - Started process (PID=683) to work on /home/airflow/.local/lib/python3.12/site-packages/airflow/example_dags/example_trigger_controller_dag.py
[2026-07-18T20:54:48.639+0000] {processor.py:914} INFO - Processing file /home/airflow/.local/lib/python3.12/site-packages/airflow/example_dags/example_trigger_controller_dag.py for tasks to queue
[2026-07-18T20:54:48.642+0000] {logging_mixin.py:190} INFO - [2026-07-18T20:54:48.642+0000] {dagbag.py:588} INFO - Filling up the DagBag from /home/airflow/.local/lib/python3.12/site-packages/airflow/example_dags/example_trigger_controller_dag.py
[2026-07-18T20:54:48.648+0000] {processor.py:925} INFO - DAG(s) 'example_trigger_controller_dag' retrieved from /home/airflow/.local/lib/python3.12/site-packages/airflow/example_dags/example_trigger_controller_dag.py
[2026-07-18T20:54:48.664+0000] {logging_mixin.py:190} INFO - [2026-07-18T20:54:48.664+0000] {dag.py:3239} INFO - Sync 1 DAGs
[2026-07-18T20:54:48.683+0000] {logging_mixin.py:190} INFO - [2026-07-18T20:54:48.683+0000] {dag.py:4180} INFO - Setting next_dagrun for example_trigger_controller_dag to 2021-01-01 00:00:00+00:00, run_after=2021-01-01 00:00:00+00:00
[2026-07-18T20:54:48.697+0000] {processor.py:208} INFO - Processing /home/airflow/.local/lib/python3.12/site-packages/airflow/example_dags/example_trigger_controller_dag.py took 0.065 seconds
[2026-07-18T20:55:19.154+0000] {processor.py:186} INFO - Started process (PID=745) to work on /home/airflow/.local/lib/python3.12/site-packages/airflow/example_dags/example_trigger_controller_dag.py
[2026-07-18T20:55:19.156+0000] {processor.py:914} INFO - Processing file /home/airflow/.local/lib/python3.12/site-packages/airflow/example_dags/example_trigger_controller_dag.py for tasks to queue
[2026-07-18T20:55:19.158+0000] {logging_mixin.py:190} INFO - [2026-07-18T20:55:19.158+0000] {dagbag.py:588} INFO - Filling up the DagBag from /home/airflow/.local/lib/python3.12/site-packages/airflow/example_dags/example_trigger_controller_dag.py
[2026-07-18T20:55:19.164+0000] {processor.py:925} INFO - DAG(s) 'example_trigger_controller_dag' retrieved from /home/airflow/.local/lib/python3.12/site-packages/airflow/example_dags/example_trigger_controller_dag.py
[2026-07-18T20:55:19.180+0000] {logging_mixin.py:190} INFO - [2026-07-18T20:55:19.180+0000] {dag.py:3239} INFO - Sync 1 DAGs
[2026-07-18T20:55:19.199+0000] {logging_mixin.py:190} INFO - [2026-07-18T20:55:19.199+0000] {dag.py:4180} INFO - Setting next_dagrun for example_trigger_controller_dag to 2021-01-01 00:00:00+00:00, run_after=2021-01-01 00:00:00+00:00
[2026-07-18T20:55:19.216+0000] {processor.py:208} INFO - Processing /home/airflow/.local/lib/python3.12/site-packages/airflow/example_dags/example_trigger_controller_dag.py took 0.067 seconds
[2026-07-18T20:55:50.800+0000] {processor.py:186} INFO - Started process (PID=808) to work on /home/airflow/.local/lib/python3.12/site-packages/airflow/example_dags/example_trigger_controller_dag.py
[2026-07-18T20:55:50.802+0000] {processor.py:914} INFO - Processing file /home/airflow/.local/lib/python3.12/site-packages/airflow/example_dags/example_trigger_controller_dag.py for tasks to queue
[2026-07-18T20:55:50.804+0000] {logging_mixin.py:190} INFO - [2026-07-18T20:55:50.804+0000] {dagbag.py:588} INFO - Filling up the DagBag from /home/airflow/.local/lib/python3.12/site-packages/airflow/example_dags/example_trigger_controller_dag.py
[2026-07-18T20:55:50.811+0000] {processor.py:925} INFO - DAG(s) 'example_trigger_controller_dag' retrieved from /home/airflow/.local/lib/python3.12/site-packages/airflow/example_dags/example_trigger_controller_dag.py
[2026-07-18T20:55:50.831+0000] {logging_mixin.py:190} INFO - [2026-07-18T20:55:50.831+0000] {dag.py:3239} INFO - Sync 1 DAGs
[2026-07-18T20:55:50.851+0000] {logging_mixin.py:190} INFO - [2026-07-18T20:55:50.851+0000] {dag.py:4180} INFO - Setting next_dagrun for example_trigger_controller_dag to 2021-01-01 00:00:00+00:00, run_after=2021-01-01 00:00:00+00:00
[2026-07-18T20:55:50.867+0000] {processor.py:208} INFO - Processing /home/airflow/.local/lib/python3.12/site-packages/airflow/example_dags/example_trigger_controller_dag.py took 0.072 seconds
[2026-07-18T20:56:22.955+0000] {processor.py:186} INFO - Started process (PID=872) to work on /home/airflow/.local/lib/python3.12/site-packages/airflow/example_dags/example_trigger_controller_dag.py
[2026-07-18T20:56:22.956+0000] {processor.py:914} INFO - Processing file /home/airflow/.local/lib/python3.12/site-packages/airflow/example_dags/example_trigger_controller_dag.py for tasks to queue
[2026-07-18T20:56:22.959+0000] {logging_mixin.py:190} INFO - [2026-07-18T20:56:22.959+0000] {dagbag.py:588} INFO - Filling up the DagBag from /home/airflow/.local/lib/python3.12/site-packages/airflow/example_dags/example_trigger_controller_dag.py
[2026-07-18T20:56:22.966+0000] {processor.py:925} INFO - DAG(s) 'example_trigger_controller_dag' retrieved from /home/airflow/.local/lib/python3.12/site-packages/airflow/example_dags/example_trigger_controller_dag.py
[2026-07-18T20:56:22.982+0000] {logging_mixin.py:190} INFO - [2026-07-18T20:56:22.982+0000] {dag.py:3239} INFO - Sync 1 DAGs
[2026-07-18T20:56:23.001+0000] {logging_mixin.py:190} INFO - [2026-07-18T20:56:23.000+0000] {dag.py:4180} INFO - Setting next_dagrun for example_trigger_controller_dag to 2021-01-01 00:00:00+00:00, run_after=2021-01-01 00:00:00+00:00
[2026-07-18T20:56:23.017+0000] {processor.py:208} INFO - Processing /home/airflow/.local/lib/python3.12/site-packages/airflow/example_dags/example_trigger_controller_dag.py took 0.069 seconds
[2026-07-18T20:56:54.046+0000] {processor.py:186} INFO - Started process (PID=935) to work on /home/airflow/.local/lib/python3.12/site-packages/airflow/example_dags/example_trigger_controller_dag.py
[2026-07-18T20:56:54.047+0000] {processor.py:914} INFO - Processing file /home/airflow/.local/lib/python3.12/site-packages/airflow/example_dags/example_trigger_controller_dag.py for tasks to queue
[2026-07-18T20:56:54.050+0000] {logging_mixin.py:190} INFO - [2026-07-18T20:56:54.050+0000] {dagbag.py:588} INFO - Filling up the DagBag from /home/airflow/.local/lib/python3.12/site-packages/airflow/example_dags/example_trigger_controller_dag.py
[2026-07-18T20:56:54.056+0000] {processor.py:925} INFO - DAG(s) 'example_trigger_controller_dag' retrieved from /home/airflow/.local/lib/python3.12/site-packages/airflow/example_dags/example_trigger_controller_dag.py
[2026-07-18T20:56:54.074+0000] {logging_mixin.py:190} INFO - [2026-07-18T20:56:54.074+0000] {dag.py:3239} INFO - Sync 1 DAGs
[2026-07-18T20:56:54.098+0000] {logging_mixin.py:190} INFO - [2026-07-18T20:56:54.098+0000] {dag.py:4180} INFO - Setting next_dagrun for example_trigger_controller_dag to 2021-01-01 00:00:00+00:00, run_after=2021-01-01 00:00:00+00:00
[2026-07-18T20:56:54.118+0000] {processor.py:208} INFO - Processing /home/airflow/.local/lib/python3.12/site-packages/airflow/example_dags/example_trigger_controller_dag.py took 0.077 seconds
[2026-07-18T20:57:25.604+0000] {processor.py:186} INFO - Started process (PID=998) to work on /home/airflow/.local/lib/python3.12/site-packages/airflow/example_dags/example_trigger_controller_dag.py
[2026-07-18T20:57:25.605+0000] {processor.py:914} INFO - Processing file /home/airflow/.local/lib/python3.12/site-packages/airflow/example_dags/example_trigger_controller_dag.py for tasks to queue
[2026-07-18T20:57:25.608+0000] {logging_mixin.py:190} INFO - [2026-07-18T20:57:25.608+0000] {dagbag.py:588} INFO - Filling up the DagBag from /home/airflow/.local/lib/python3.12/site-packages/airflow/example_dags/example_trigger_controller_dag.py
[2026-07-18T20:57:25.614+0000] {processor.py:925} INFO - DAG(s) 'example_trigger_controller_dag' retrieved from /home/airflow/.local/lib/python3.12/site-packages/airflow/example_dags/example_trigger_controller_dag.py
[2026-07-18T20:57:25.630+0000] {logging_mixin.py:190} INFO - [2026-07-18T20:57:25.630+0000] {dag.py:3239} INFO - Sync 1 DAGs
[2026-07-18T20:57:25.651+0000] {logging_mixin.py:190} INFO - [2026-07-18T20:57:25.650+0000] {dag.py:4180} INFO - Setting next_dagrun for example_trigger_controller_dag to 2021-01-01 00:00:00+00:00, run_after=2021-01-01 00:00:00+00:00
[2026-07-18T20:57:25.669+0000] {processor.py:208} INFO - Processing /home/airflow/.local/lib/python3.12/site-packages/airflow/example_dags/example_trigger_controller_dag.py took 0.070 seconds
[2026-07-18T20:57:56.859+0000] {processor.py:186} INFO - Started process (PID=1061) to work on /home/airflow/.local/lib/python3.12/site-packages/airflow/example_dags/example_trigger_controller_dag.py
[2026-07-18T20:57:56.860+0000] {processor.py:914} INFO - Processing file /home/airflow/.local/lib/python3.12/site-packages/airflow/example_dags/example_trigger_controller_dag.py for tasks to queue
[2026-07-18T20:57:56.864+0000] {logging_mixin.py:190} INFO - [2026-07-18T20:57:56.863+0000] {dagbag.py:588} INFO - Filling up the DagBag from /home/airflow/.local/lib/python3.12/site-packages/airflow/example_dags/example_trigger_controller_dag.py
[2026-07-18T20:57:56.871+0000] {processor.py:925} INFO - DAG(s) 'example_trigger_controller_dag' retrieved from /home/airflow/.local/lib/python3.12/site-packages/airflow/example_dags/example_trigger_controller_dag.py
[2026-07-18T20:57:56.891+0000] {logging_mixin.py:190} INFO - [2026-07-18T20:57:56.890+0000] {dag.py:3239} INFO - Sync 1 DAGs
[2026-07-18T20:57:56.911+0000] {logging_mixin.py:190} INFO - [2026-07-18T20:57:56.911+0000] {dag.py:4180} INFO - Setting next_dagrun for example_trigger_controller_dag to 2021-01-01 00:00:00+00:00, run_after=2021-01-01 00:00:00+00:00
[2026-07-18T20:57:56.927+0000] {processor.py:208} INFO - Processing /home/airflow/.local/lib/python3.12/site-packages/airflow/example_dags/example_trigger_controller_dag.py took 0.075 seconds
[2026-07-18T20:58:28.264+0000] {processor.py:186} INFO - Started process (PID=1124) to work on /home/airflow/.local/lib/python3.12/site-packages/airflow/example_dags/example_trigger_controller_dag.py
[2026-07-18T20:58:28.265+0000] {processor.py:914} INFO - Processing file /home/airflow/.local/lib/python3.12/site-packages/airflow/example_dags/example_trigger_controller_dag.py for tasks to queue
[2026-07-18T20:58:28.267+0000] {logging_mixin.py:190} INFO - [2026-07-18T20:58:28.267+0000] {dagbag.py:588} INFO - Filling up the DagBag from /home/airflow/.local/lib/python3.12/site-packages/airflow/example_dags/example_trigger_controller_dag.py
[2026-07-18T20:58:28.273+0000] {processor.py:925} INFO - DAG(s) 'example_trigger_controller_dag' retrieved from /home/airflow/.local/lib/python3.12/site-packages/airflow/example_dags/example_trigger_controller_dag.py
[2026-07-18T20:58:28.289+0000] {logging_mixin.py:190} INFO - [2026-07-18T20:58:28.289+0000] {dag.py:3239} INFO - Sync 1 DAGs
[2026-07-18T20:58:28.311+0000] {logging_mixin.py:190} INFO - [2026-07-18T20:58:28.310+0000] {dag.py:4180} INFO - Setting next_dagrun for example_trigger_controller_dag to 2021-01-01 00:00:00+00:00, run_after=2021-01-01 00:00:00+00:00
[2026-07-18T20:58:28.326+0000] {processor.py:208} INFO - Processing /home/airflow/.local/lib/python3.12/site-packages/airflow/example_dags/example_trigger_controller_dag.py took 0.068 seconds
[2026-07-18T20:58:58.836+0000] {processor.py:186} INFO - Started process (PID=1187) to work on /home/airflow/.local/lib/python3.12/site-packages/airflow/example_dags/example_trigger_controller_dag.py
[2026-07-18T20:58:58.838+0000] {processor.py:914} INFO - Processing file /home/airflow/.local/lib/python3.12/site-packages/airflow/example_dags/example_trigger_controller_dag.py for tasks to queue
[2026-07-18T20:58:58.841+0000] {logging_mixin.py:190} INFO - [2026-07-18T20:58:58.841+0000] {dagbag.py:588} INFO - Filling up the DagBag from /home/airflow/.local/lib/python3.12/site-packages/airflow/example_dags/example_trigger_controller_dag.py
[2026-07-18T20:58:58.849+0000] {processor.py:925} INFO - DAG(s) 'example_trigger_controller_dag' retrieved from /home/airflow/.local/lib/python3.12/site-packages/airflow/example_dags/example_trigger_controller_dag.py
[2026-07-18T20:58:58.869+0000] {logging_mixin.py:190} INFO - [2026-07-18T20:58:58.869+0000] {dag.py:3239} INFO - Sync 1 DAGs
[2026-07-18T20:58:58.892+0000] {logging_mixin.py:190} INFO - [2026-07-18T20:58:58.891+0000] {dag.py:4180} INFO - Setting next_dagrun for example_trigger_controller_dag to 2021-01-01 00:00:00+00:00, run_after=2021-01-01 00:00:00+00:00
[2026-07-18T20:58:58.913+0000] {processor.py:208} INFO - Processing /home/airflow/.local/lib/python3.12/site-packages/airflow/example_dags/example_trigger_controller_dag.py took 0.085 seconds
[2026-07-18T20:59:30.526+0000] {processor.py:186} INFO - Started process (PID=1250) to work on /home/airflow/.local/lib/python3.12/site-packages/airflow/example_dags/example_trigger_controller_dag.py
[2026-07-18T20:59:30.527+0000] {processor.py:914} INFO - Processing file /home/airflow/.local/lib/python3.12/site-packages/airflow/example_dags/example_trigger_controller_dag.py for tasks to queue
[2026-07-18T20:59:30.530+0000] {logging_mixin.py:190} INFO - [2026-07-18T20:59:30.530+0000] {dagbag.py:588} INFO - Filling up the DagBag from /home/airflow/.local/lib/python3.12/site-packages/airflow/example_dags/example_trigger_controller_dag.py
[2026-07-18T20:59:30.537+0000] {processor.py:925} INFO - DAG(s) 'example_trigger_controller_dag' retrieved from /home/airflow/.local/lib/python3.12/site-packages/airflow/example_dags/example_trigger_controller_dag.py
[2026-07-18T20:59:30.555+0000] {logging_mixin.py:190} INFO - [2026-07-18T20:59:30.555+0000] {dag.py:3239} INFO - Sync 1 DAGs
[2026-07-18T20:59:30.574+0000] {logging_mixin.py:190} INFO - [2026-07-18T20:59:30.574+0000] {dag.py:4180} INFO - Setting next_dagrun for example_trigger_controller_dag to 2021-01-01 00:00:00+00:00, run_after=2021-01-01 00:00:00+00:00
[2026-07-18T20:59:30.589+0000] {processor.py:208} INFO - Processing /home/airflow/.local/lib/python3.12/site-packages/airflow/example_dags/example_trigger_controller_dag.py took 0.068 seconds
[2026-07-18T21:00:01.079+0000] {processor.py:186} INFO - Started process (PID=1313) to work on /home/airflow/.local/lib/python3.12/site-packages/airflow/example_dags/example_trigger_controller_dag.py
[2026-07-18T21:00:01.080+0000] {processor.py:914} INFO - Processing file /home/airflow/.local/lib/python3.12/site-packages/airflow/example_dags/example_trigger_controller_dag.py for tasks to queue
[2026-07-18T21:00:01.083+0000] {logging_mixin.py:190} INFO - [2026-07-18T21:00:01.083+0000] {dagbag.py:588} INFO - Filling up the DagBag from /home/airflow/.local/lib/python3.12/site-packages/airflow/example_dags/example_trigger_controller_dag.py
[2026-07-18T21:00:01.089+0000] {processor.py:925} INFO - DAG(s) 'example_trigger_controller_dag' retrieved from /home/airflow/.local/lib/python3.12/site-packages/airflow/example_dags/example_trigger_controller_dag.py
[2026-07-18T21:00:01.106+0000] {logging_mixin.py:190} INFO - [2026-07-18T21:00:01.105+0000] {dag.py:3239} INFO - Sync 1 DAGs
[2026-07-18T21:00:01.122+0000] {logging_mixin.py:190} INFO - [2026-07-18T21:00:01.122+0000] {dag.py:4180} INFO - Setting next_dagrun for example_trigger_controller_dag to 2021-01-01 00:00:00+00:00, run_after=2021-01-01 00:00:00+00:00
[2026-07-18T21:00:01.145+0000] {processor.py:208} INFO - Processing /home/airflow/.local/lib/python3.12/site-packages/airflow/example_dags/example_trigger_controller_dag.py took 0.071 seconds
[2026-07-18T21:00:32.218+0000] {processor.py:186} INFO - Started process (PID=1376) to work on /home/airflow/.local/lib/python3.12/site-packages/airflow/example_dags/example_trigger_controller_dag.py
[2026-07-18T21:00:32.219+0000] {processor.py:914} INFO - Processing file /home/airflow/.local/lib/python3.12/site-packages/airflow/example_dags/example_trigger_controller_dag.py for tasks to queue
[2026-07-18T21:00:32.222+0000] {logging_mixin.py:190} INFO - [2026-07-18T21:00:32.221+0000] {dagbag.py:588} INFO - Filling up the DagBag from /home/airflow/.local/lib/python3.12/site-packages/airflow/example_dags/example_trigger_controller_dag.py
[2026-07-18T21:00:32.228+0000] {processor.py:925} INFO - DAG(s) 'example_trigger_controller_dag' retrieved from /home/airflow/.local/lib/python3.12/site-packages/airflow/example_dags/example_trigger_controller_dag.py
[2026-07-18T21:00:32.246+0000] {logging_mixin.py:190} INFO - [2026-07-18T21:00:32.246+0000] {dag.py:3239} INFO - Sync 1 DAGs
[2026-07-18T21:00:32.265+0000] {logging_mixin.py:190} INFO - [2026-07-18T21:00:32.265+0000] {dag.py:4180} INFO - Setting next_dagrun for example_trigger_controller_dag to 2021-01-01 00:00:00+00:00, run_after=2021-01-01 00:00:00+00:00
[2026-07-18T21:00:32.283+0000] {processor.py:208} INFO - Processing /home/airflow/.local/lib/python3.12/site-packages/airflow/example_dags/example_trigger_controller_dag.py took 0.071 seconds
[2026-07-18T21:01:06.581+0000] {processor.py:186} INFO - Started process (PID=1445) to work on /home/airflow/.local/lib/python3.12/site-packages/airflow/example_dags/example_trigger_controller_dag.py
[2026-07-18T21:01:06.584+0000] {processor.py:914} INFO - Processing file /home/airflow/.local/lib/python3.12/site-packages/airflow/example_dags/example_trigger_controller_dag.py for tasks to queue
[2026-07-18T21:01:06.593+0000] {logging_mixin.py:190} INFO - [2026-07-18T21:01:06.592+0000] {dagbag.py:588} INFO - Filling up the DagBag from /home/airflow/.local/lib/python3.12/site-packages/airflow/example_dags/example_trigger_controller_dag.py
[2026-07-18T21:01:06.613+0000] {processor.py:925} INFO - DAG(s) 'example_trigger_controller_dag' retrieved from /home/airflow/.local/lib/python3.12/site-packages/airflow/example_dags/example_trigger_controller_dag.py
[2026-07-18T21:01:06.666+0000] {logging_mixin.py:190} INFO - [2026-07-18T21:01:06.665+0000] {dag.py:3239} INFO - Sync 1 DAGs
[2026-07-18T21:01:06.733+0000] {logging_mixin.py:190} INFO - [2026-07-18T21:01:06.732+0000] {dag.py:4180} INFO - Setting next_dagrun for example_trigger_controller_dag to 2021-01-01 00:00:00+00:00, run_after=2021-01-01 00:00:00+00:00
[2026-07-18T21:01:06.787+0000] {processor.py:208} INFO - Processing /home/airflow/.local/lib/python3.12/site-packages/airflow/example_dags/example_trigger_controller_dag.py took 0.222 seconds
[2026-07-18T21:01:38.168+0000] {processor.py:186} INFO - Started process (PID=1508) to work on /home/airflow/.local/lib/python3.12/site-packages/airflow/example_dags/example_trigger_controller_dag.py
[2026-07-18T21:01:38.171+0000] {processor.py:914} INFO - Processing file /home/airflow/.local/lib/python3.12/site-packages/airflow/example_dags/example_trigger_controller_dag.py for tasks to queue
[2026-07-18T21:01:38.179+0000] {logging_mixin.py:190} INFO - [2026-07-18T21:01:38.179+0000] {dagbag.py:588} INFO - Filling up the DagBag from /home/airflow/.local/lib/python3.12/site-packages/airflow/example_dags/example_trigger_controller_dag.py
[2026-07-18T21:01:38.192+0000] {processor.py:925} INFO - DAG(s) 'example_trigger_controller_dag' retrieved from /home/airflow/.local/lib/python3.12/site-packages/airflow/example_dags/example_trigger_controller_dag.py
[2026-07-18T21:01:38.219+0000] {logging_mixin.py:190} INFO - [2026-07-18T21:01:38.219+0000] {dag.py:3239} INFO - Sync 1 DAGs
[2026-07-18T21:01:38.252+0000] {logging_mixin.py:190} INFO - [2026-07-18T21:01:38.252+0000] {dag.py:4180} INFO - Setting next_dagrun for example_trigger_controller_dag to 2021-01-01 00:00:00+00:00, run_after=2021-01-01 00:00:00+00:00
[2026-07-18T21:01:38.279+0000] {processor.py:208} INFO - Processing /home/airflow/.local/lib/python3.12/site-packages/airflow/example_dags/example_trigger_controller_dag.py took 0.122 seconds
[2026-07-18T21:02:08.863+0000] {processor.py:186} INFO - Started process (PID=1571) to work on /home/airflow/.local/lib/python3.12/site-packages/airflow/example_dags/example_trigger_controller_dag.py
[2026-07-18T21:02:08.866+0000] {processor.py:914} INFO - Processing file /home/airflow/.local/lib/python3.12/site-packages/airflow/example_dags/example_trigger_controller_dag.py for tasks to queue
[2026-07-18T21:02:08.873+0000] {logging_mixin.py:190} INFO - [2026-07-18T21:02:08.873+0000] {dagbag.py:588} INFO - Filling up the DagBag from /home/airflow/.local/lib/python3.12/site-packages/airflow/example_dags/example_trigger_controller_dag.py
[2026-07-18T21:02:08.893+0000] {processor.py:925} INFO - DAG(s) 'example_trigger_controller_dag' retrieved from /home/airflow/.local/lib/python3.12/site-packages/airflow/example_dags/example_trigger_controller_dag.py
[2026-07-18T21:02:08.938+0000] {logging_mixin.py:190} INFO - [2026-07-18T21:02:08.938+0000] {dag.py:3239} INFO - Sync 1 DAGs
[2026-07-18T21:02:08.979+0000] {logging_mixin.py:190} INFO - [2026-07-18T21:02:08.978+0000] {dag.py:4180} INFO - Setting next_dagrun for example_trigger_controller_dag to 2021-01-01 00:00:00+00:00, run_after=2021-01-01 00:00:00+00:00
[2026-07-18T21:02:09.084+0000] {processor.py:208} INFO - Processing /home/airflow/.local/lib/python3.12/site-packages/airflow/example_dags/example_trigger_controller_dag.py took 0.234 seconds
[2026-07-18T21:02:39.146+0000] {processor.py:186} INFO - Started process (PID=1633) to work on /home/airflow/.local/lib/python3.12/site-packages/airflow/example_dags/example_trigger_controller_dag.py
[2026-07-18T21:02:39.148+0000] {processor.py:914} INFO - Processing file /home/airflow/.local/lib/python3.12/site-packages/airflow/example_dags/example_trigger_controller_dag.py for tasks to queue
[2026-07-18T21:02:39.156+0000] {logging_mixin.py:190} INFO - [2026-07-18T21:02:39.156+0000] {dagbag.py:588} INFO - Filling up the DagBag from /home/airflow/.local/lib/python3.12/site-packages/airflow/example_dags/example_trigger_controller_dag.py
[2026-07-18T21:02:39.170+0000] {processor.py:925} INFO - DAG(s) 'example_trigger_controller_dag' retrieved from /home/airflow/.local/lib/python3.12/site-packages/airflow/example_dags/example_trigger_controller_dag.py
[2026-07-18T21:02:39.211+0000] {logging_mixin.py:190} INFO - [2026-07-18T21:02:39.211+0000] {dag.py:3239} INFO - Sync 1 DAGs
[2026-07-18T21:02:39.269+0000] {logging_mixin.py:190} INFO - [2026-07-18T21:02:39.268+0000] {dag.py:4180} INFO - Setting next_dagrun for example_trigger_controller_dag to 2021-01-01 00:00:00+00:00, run_after=2021-01-01 00:00:00+00:00
[2026-07-18T21:02:39.374+0000] {processor.py:208} INFO - Processing /home/airflow/.local/lib/python3.12/site-packages/airflow/example_dags/example_trigger_controller_dag.py took 0.238 seconds
[2026-07-18T21:03:11.814+0000] {processor.py:186} INFO - Started process (PID=1696) to work on /home/airflow/.local/lib/python3.12/site-packages/airflow/example_dags/example_trigger_controller_dag.py
[2026-07-18T21:03:11.819+0000] {processor.py:914} INFO - Processing file /home/airflow/.local/lib/python3.12/site-packages/airflow/example_dags/example_trigger_controller_dag.py for tasks to queue
[2026-07-18T21:03:11.824+0000] {logging_mixin.py:190} INFO - [2026-07-18T21:03:11.824+0000] {dagbag.py:588} INFO - Filling up the DagBag from /home/airflow/.local/lib/python3.12/site-packages/airflow/example_dags/example_trigger_controller_dag.py
[2026-07-18T21:03:11.834+0000] {processor.py:925} INFO - DAG(s) 'example_trigger_controller_dag' retrieved from /home/airflow/.local/lib/python3.12/site-packages/airflow/example_dags/example_trigger_controller_dag.py
[2026-07-18T21:03:11.863+0000] {logging_mixin.py:190} INFO - [2026-07-18T21:03:11.862+0000] {dag.py:3239} INFO - Sync 1 DAGs
[2026-07-18T21:03:11.897+0000] {logging_mixin.py:190} INFO - [2026-07-18T21:03:11.897+0000] {dag.py:4180} INFO - Setting next_dagrun for example_trigger_controller_dag to 2021-01-01 00:00:00+00:00, run_after=2021-01-01 00:00:00+00:00
[2026-07-18T21:03:11.970+0000] {processor.py:208} INFO - Processing /home/airflow/.local/lib/python3.12/site-packages/airflow/example_dags/example_trigger_controller_dag.py took 0.166 seconds
[2026-07-18T21:03:43.196+0000] {processor.py:186} INFO - Started process (PID=1759) to work on /home/airflow/.local/lib/python3.12/site-packages/airflow/example_dags/example_trigger_controller_dag.py
[2026-07-18T21:03:43.198+0000] {processor.py:914} INFO - Processing file /home/airflow/.local/lib/python3.12/site-packages/airflow/example_dags/example_trigger_controller_dag.py for tasks to queue
[2026-07-18T21:03:43.203+0000] {logging_mixin.py:190} INFO - [2026-07-18T21:03:43.203+0000] {dagbag.py:588} INFO - Filling up the DagBag from /home/airflow/.local/lib/python3.12/site-packages/airflow/example_dags/example_trigger_controller_dag.py
[2026-07-18T21:03:43.214+0000] {processor.py:925} INFO - DAG(s) 'example_trigger_controller_dag' retrieved from /home/airflow/.local/lib/python3.12/site-packages/airflow/example_dags/example_trigger_controller_dag.py
[2026-07-18T21:03:43.240+0000] {logging_mixin.py:190} INFO - [2026-07-18T21:03:43.239+0000] {dag.py:3239} INFO - Sync 1 DAGs
[2026-07-18T21:03:43.269+0000] {logging_mixin.py:190} INFO - [2026-07-18T21:03:43.269+0000] {dag.py:4180} INFO - Setting next_dagrun for example_trigger_controller_dag to 2021-01-01 00:00:00+00:00, run_after=2021-01-01 00:00:00+00:00
[2026-07-18T21:03:43.353+0000] {processor.py:208} INFO - Processing /home/airflow/.local/lib/python3.12/site-packages/airflow/example_dags/example_trigger_controller_dag.py took 0.165 seconds
[2026-07-18T21:04:15.193+0000] {processor.py:186} INFO - Started process (PID=1826) to work on /home/airflow/.local/lib/python3.12/site-packages/airflow/example_dags/example_trigger_controller_dag.py
[2026-07-18T21:04:15.196+0000] {processor.py:914} INFO - Processing file /home/airflow/.local/lib/python3.12/site-packages/airflow/example_dags/example_trigger_controller_dag.py for tasks to queue
[2026-07-18T21:04:15.202+0000] {logging_mixin.py:190} INFO - [2026-07-18T21:04:15.201+0000] {dagbag.py:588} INFO - Filling up the DagBag from /home/airflow/.local/lib/python3.12/site-packages/airflow/example_dags/example_trigger_controller_dag.py
[2026-07-18T21:04:15.214+0000] {processor.py:925} INFO - DAG(s) 'example_trigger_controller_dag' retrieved from /home/airflow/.local/lib/python3.12/site-packages/airflow/example_dags/example_trigger_controller_dag.py
[2026-07-18T21:04:15.245+0000] {logging_mixin.py:190} INFO - [2026-07-18T21:04:15.244+0000] {dag.py:3239} INFO - Sync 1 DAGs
[2026-07-18T21:04:15.282+0000] {logging_mixin.py:190} INFO - [2026-07-18T21:04:15.281+0000] {dag.py:4180} INFO - Setting next_dagrun for example_trigger_controller_dag to 2021-01-01 00:00:00+00:00, run_after=2021-01-01 00:00:00+00:00
[2026-07-18T21:04:15.326+0000] {processor.py:208} INFO - Processing /home/airflow/.local/lib/python3.12/site-packages/airflow/example_dags/example_trigger_controller_dag.py took 0.142 seconds
[2026-07-18T21:04:46.466+0000] {processor.py:186} INFO - Started process (PID=1889) to work on /home/airflow/.local/lib/python3.12/site-packages/airflow/example_dags/example_trigger_controller_dag.py
[2026-07-18T21:04:46.470+0000] {processor.py:914} INFO - Processing file /home/airflow/.local/lib/python3.12/site-packages/airflow/example_dags/example_trigger_controller_dag.py for tasks to queue
[2026-07-18T21:04:46.475+0000] {logging_mixin.py:190} INFO - [2026-07-18T21:04:46.475+0000] {dagbag.py:588} INFO - Filling up the DagBag from /home/airflow/.local/lib/python3.12/site-packages/airflow/example_dags/example_trigger_controller_dag.py
[2026-07-18T21:04:46.491+0000] {processor.py:925} INFO - DAG(s) 'example_trigger_controller_dag' retrieved from /home/airflow/.local/lib/python3.12/site-packages/airflow/example_dags/example_trigger_controller_dag.py
[2026-07-18T21:04:46.518+0000] {logging_mixin.py:190} INFO - [2026-07-18T21:04:46.518+0000] {dag.py:3239} INFO - Sync 1 DAGs
[2026-07-18T21:04:46.553+0000] {logging_mixin.py:190} INFO - [2026-07-18T21:04:46.552+0000] {dag.py:4180} INFO - Setting next_dagrun for example_trigger_controller_dag to 2021-01-01 00:00:00+00:00, run_after=2021-01-01 00:00:00+00:00
[2026-07-18T21:04:46.583+0000] {processor.py:208} INFO - Processing /home/airflow/.local/lib/python3.12/site-packages/airflow/example_dags/example_trigger_controller_dag.py took 0.128 seconds
[2026-07-18T21:05:16.877+0000] {processor.py:186} INFO - Started process (PID=1952) to work on /home/airflow/.local/lib/python3.12/site-packages/airflow/example_dags/example_trigger_controller_dag.py
[2026-07-18T21:05:16.879+0000] {processor.py:914} INFO - Processing file /home/airflow/.local/lib/python3.12/site-packages/airflow/example_dags/example_trigger_controller_dag.py for tasks to queue
[2026-07-18T21:05:16.883+0000] {logging_mixin.py:190} INFO - [2026-07-18T21:05:16.882+0000] {dagbag.py:588} INFO - Filling up the DagBag from /home/airflow/.local/lib/python3.12/site-packages/airflow/example_dags/example_trigger_controller_dag.py
[2026-07-18T21:05:16.891+0000] {processor.py:925} INFO - DAG(s) 'example_trigger_controller_dag' retrieved from /home/airflow/.local/lib/python3.12/site-packages/airflow/example_dags/example_trigger_controller_dag.py
[2026-07-18T21:05:16.911+0000] {logging_mixin.py:190} INFO - [2026-07-18T21:05:16.911+0000] {dag.py:3239} INFO - Sync 1 DAGs
[2026-07-18T21:05:16.934+0000] {logging_mixin.py:190} INFO - [2026-07-18T21:05:16.934+0000] {dag.py:4180} INFO - Setting next_dagrun for example_trigger_controller_dag to 2021-01-01 00:00:00+00:00, run_after=2021-01-01 00:00:00+00:00
[2026-07-18T21:05:16.955+0000] {processor.py:208} INFO - Processing /home/airflow/.local/lib/python3.12/site-packages/airflow/example_dags/example_trigger_controller_dag.py took 0.084 seconds
[2026-07-18T21:05:49.921+0000] {processor.py:186} INFO - Started process (PID=2019) to work on /home/airflow/.local/lib/python3.12/site-packages/airflow/example_dags/example_trigger_controller_dag.py
[2026-07-18T21:05:49.923+0000] {processor.py:914} INFO - Processing file /home/airflow/.local/lib/python3.12/site-packages/airflow/example_dags/example_trigger_controller_dag.py for tasks to queue
[2026-07-18T21:05:49.928+0000] {logging_mixin.py:190} INFO - [2026-07-18T21:05:49.927+0000] {dagbag.py:588} INFO - Filling up the DagBag from /home/airflow/.local/lib/python3.12/site-packages/airflow/example_dags/example_trigger_controller_dag.py
[2026-07-18T21:05:49.942+0000] {processor.py:925} INFO - DAG(s) 'example_trigger_controller_dag' retrieved from /home/airflow/.local/lib/python3.12/site-packages/airflow/example_dags/example_trigger_controller_dag.py
[2026-07-18T21:05:49.972+0000] {logging_mixin.py:190} INFO - [2026-07-18T21:05:49.972+0000] {dag.py:3239} INFO - Sync 1 DAGs
[2026-07-18T21:05:50.006+0000] {logging_mixin.py:190} INFO - [2026-07-18T21:05:50.005+0000] {dag.py:4180} INFO - Setting next_dagrun for example_trigger_controller_dag to 2021-01-01 00:00:00+00:00, run_after=2021-01-01 00:00:00+00:00
[2026-07-18T21:05:50.079+0000] {processor.py:208} INFO - Processing /home/airflow/.local/lib/python3.12/site-packages/airflow/example_dags/example_trigger_controller_dag.py took 0.165 seconds
[2026-07-18T21:06:21.407+0000] {processor.py:186} INFO - Started process (PID=2082) to work on /home/airflow/.local/lib/python3.12/site-packages/airflow/example_dags/example_trigger_controller_dag.py
[2026-07-18T21:06:21.409+0000] {processor.py:914} INFO - Processing file /home/airflow/.local/lib/python3.12/site-packages/airflow/example_dags/example_trigger_controller_dag.py for tasks to queue
[2026-07-18T21:06:21.414+0000] {logging_mixin.py:190} INFO - [2026-07-18T21:06:21.413+0000] {dagbag.py:588} INFO - Filling up the DagBag from /home/airflow/.local/lib/python3.12/site-packages/airflow/example_dags/example_trigger_controller_dag.py
[2026-07-18T21:06:21.423+0000] {processor.py:925} INFO - DAG(s) 'example_trigger_controller_dag' retrieved from /home/airflow/.local/lib/python3.12/site-packages/airflow/example_dags/example_trigger_controller_dag.py
[2026-07-18T21:06:21.450+0000] {logging_mixin.py:190} INFO - [2026-07-18T21:06:21.449+0000] {dag.py:3239} INFO - Sync 1 DAGs
[2026-07-18T21:06:21.481+0000] {logging_mixin.py:190} INFO - [2026-07-18T21:06:21.481+0000] {dag.py:4180} INFO - Setting next_dagrun for example_trigger_controller_dag to 2021-01-01 00:00:00+00:00, run_after=2021-01-01 00:00:00+00:00
[2026-07-18T21:06:21.514+0000] {processor.py:208} INFO - Processing /home/airflow/.local/lib/python3.12/site-packages/airflow/example_dags/example_trigger_controller_dag.py took 0.114 seconds
[2026-07-18T21:06:54.215+0000] {processor.py:186} INFO - Started process (PID=2146) to work on /home/airflow/.local/lib/python3.12/site-packages/airflow/example_dags/example_trigger_controller_dag.py
[2026-07-18T21:06:54.218+0000] {processor.py:914} INFO - Processing file /home/airflow/.local/lib/python3.12/site-packages/airflow/example_dags/example_trigger_controller_dag.py for tasks to queue
[2026-07-18T21:06:54.223+0000] {logging_mixin.py:190} INFO - [2026-07-18T21:06:54.222+0000] {dagbag.py:588} INFO - Filling up the DagBag from /home/airflow/.local/lib/python3.12/site-packages/airflow/example_dags/example_trigger_controller_dag.py
[2026-07-18T21:06:54.234+0000] {processor.py:925} INFO - DAG(s) 'example_trigger_controller_dag' retrieved from /home/airflow/.local/lib/python3.12/site-packages/airflow/example_dags/example_trigger_controller_dag.py
[2026-07-18T21:06:54.262+0000] {logging_mixin.py:190} INFO - [2026-07-18T21:06:54.262+0000] {dag.py:3239} INFO - Sync 1 DAGs
[2026-07-18T21:06:54.291+0000] {logging_mixin.py:190} INFO - [2026-07-18T21:06:54.291+0000] {dag.py:4180} INFO - Setting next_dagrun for example_trigger_controller_dag to 2021-01-01 00:00:00+00:00, run_after=2021-01-01 00:00:00+00:00
[2026-07-18T21:06:54.315+0000] {processor.py:208} INFO - Processing /home/airflow/.local/lib/python3.12/site-packages/airflow/example_dags/example_trigger_controller_dag.py took 0.113 seconds
[2026-07-18T21:07:25.416+0000] {processor.py:186} INFO - Started process (PID=2211) to work on /home/airflow/.local/lib/python3.12/site-packages/airflow/example_dags/example_trigger_controller_dag.py
[2026-07-18T21:07:25.418+0000] {processor.py:914} INFO - Processing file /home/airflow/.local/lib/python3.12/site-packages/airflow/example_dags/example_trigger_controller_dag.py for tasks to queue
[2026-07-18T21:07:25.422+0000] {logging_mixin.py:190} INFO - [2026-07-18T21:07:25.422+0000] {dagbag.py:588} INFO - Filling up the DagBag from /home/airflow/.local/lib/python3.12/site-packages/airflow/example_dags/example_trigger_controller_dag.py
[2026-07-18T21:07:25.433+0000] {processor.py:925} INFO - DAG(s) 'example_trigger_controller_dag' retrieved from /home/airflow/.local/lib/python3.12/site-packages/airflow/example_dags/example_trigger_controller_dag.py
[2026-07-18T21:07:25.461+0000] {logging_mixin.py:190} INFO - [2026-07-18T21:07:25.460+0000] {dag.py:3239} INFO - Sync 1 DAGs
[2026-07-18T21:07:25.494+0000] {logging_mixin.py:190} INFO - [2026-07-18T21:07:25.494+0000] {dag.py:4180} INFO - Setting next_dagrun for example_trigger_controller_dag to 2021-01-01 00:00:00+00:00, run_after=2021-01-01 00:00:00+00:00
[2026-07-18T21:07:25.575+0000] {processor.py:208} INFO - Processing /home/airflow/.local/lib/python3.12/site-packages/airflow/example_dags/example_trigger_controller_dag.py took 0.168 seconds
[2026-07-18T21:07:55.912+0000] {processor.py:186} INFO - Started process (PID=2274) to work on /home/airflow/.local/lib/python3.12/site-packages/airflow/example_dags/example_trigger_controller_dag.py
[2026-07-18T21:07:55.914+0000] {processor.py:914} INFO - Processing file /home/airflow/.local/lib/python3.12/site-packages/airflow/example_dags/example_trigger_controller_dag.py for tasks to queue
[2026-07-18T21:07:55.920+0000] {logging_mixin.py:190} INFO - [2026-07-18T21:07:55.919+0000] {dagbag.py:588} INFO - Filling up the DagBag from /home/airflow/.local/lib/python3.12/site-packages/airflow/example_dags/example_trigger_controller_dag.py
[2026-07-18T21:07:55.935+0000] {processor.py:925} INFO - DAG(s) 'example_trigger_controller_dag' retrieved from /home/airflow/.local/lib/python3.12/site-packages/airflow/example_dags/example_trigger_controller_dag.py
[2026-07-18T21:07:55.965+0000] {logging_mixin.py:190} INFO - [2026-07-18T21:07:55.964+0000] {dag.py:3239} INFO - Sync 1 DAGs
[2026-07-18T21:07:55.995+0000] {logging_mixin.py:190} INFO - [2026-07-18T21:07:55.995+0000] {dag.py:4180} INFO - Setting next_dagrun for example_trigger_controller_dag to 2021-01-01 00:00:00+00:00, run_after=2021-01-01 00:00:00+00:00
[2026-07-18T21:07:56.066+0000] {processor.py:208} INFO - Processing /home/airflow/.local/lib/python3.12/site-packages/airflow/example_dags/example_trigger_controller_dag.py took 0.164 seconds
[2026-07-18T21:08:26.313+0000] {processor.py:186} INFO - Started process (PID=2337) to work on /home/airflow/.local/lib/python3.12/site-packages/airflow/example_dags/example_trigger_controller_dag.py
[2026-07-18T21:08:26.316+0000] {processor.py:914} INFO - Processing file /home/airflow/.local/lib/python3.12/site-packages/airflow/example_dags/example_trigger_controller_dag.py for tasks to queue
[2026-07-18T21:08:26.321+0000] {logging_mixin.py:190} INFO - [2026-07-18T21:08:26.320+0000] {dagbag.py:588} INFO - Filling up the DagBag from /home/airflow/.local/lib/python3.12/site-packages/airflow/example_dags/example_trigger_controller_dag.py
[2026-07-18T21:08:26.333+0000] {processor.py:925} INFO - DAG(s) 'example_trigger_controller_dag' retrieved from /home/airflow/.local/lib/python3.12/site-packages/airflow/example_dags/example_trigger_controller_dag.py
[2026-07-18T21:08:26.360+0000] {logging_mixin.py:190} INFO - [2026-07-18T21:08:26.360+0000] {dag.py:3239} INFO - Sync 1 DAGs
[2026-07-18T21:08:26.396+0000] {logging_mixin.py:190} INFO - [2026-07-18T21:08:26.396+0000] {dag.py:4180} INFO - Setting next_dagrun for example_trigger_controller_dag to 2021-01-01 00:00:00+00:00, run_after=2021-01-01 00:00:00+00:00
[2026-07-18T21:08:26.435+0000] {processor.py:208} INFO - Processing /home/airflow/.local/lib/python3.12/site-packages/airflow/example_dags/example_trigger_controller_dag.py took 0.131 seconds
[2026-07-18T21:16:35.451+0000] {processor.py:186} INFO - Started process (PID=2400) to work on /home/airflow/.local/lib/python3.12/site-packages/airflow/example_dags/example_trigger_controller_dag.py
[2026-07-18T21:16:35.454+0000] {processor.py:914} INFO - Processing file /home/airflow/.local/lib/python3.12/site-packages/airflow/example_dags/example_trigger_controller_dag.py for tasks to queue
[2026-07-18T21:16:35.461+0000] {logging_mixin.py:190} INFO - [2026-07-18T21:16:35.459+0000] {dagbag.py:588} INFO - Filling up the DagBag from /home/airflow/.local/lib/python3.12/site-packages/airflow/example_dags/example_trigger_controller_dag.py
[2026-07-18T21:16:35.477+0000] {processor.py:925} INFO - DAG(s) 'example_trigger_controller_dag' retrieved from /home/airflow/.local/lib/python3.12/site-packages/airflow/example_dags/example_trigger_controller_dag.py
[2026-07-18T21:16:35.513+0000] {logging_mixin.py:190} INFO - [2026-07-18T21:16:35.513+0000] {dag.py:3239} INFO - Sync 1 DAGs
[2026-07-18T21:16:35.552+0000] {logging_mixin.py:190} INFO - [2026-07-18T21:16:35.551+0000] {dag.py:4180} INFO - Setting next_dagrun for example_trigger_controller_dag to 2021-01-01 00:00:00+00:00, run_after=2021-01-01 00:00:00+00:00
[2026-07-18T21:16:35.589+0000] {processor.py:208} INFO - Processing /home/airflow/.local/lib/python3.12/site-packages/airflow/example_dags/example_trigger_controller_dag.py took 0.151 seconds
[2026-07-18T21:17:05.839+0000] {processor.py:186} INFO - Started process (PID=2463) to work on /home/airflow/.local/lib/python3.12/site-packages/airflow/example_dags/example_trigger_controller_dag.py
[2026-07-18T21:17:05.842+0000] {processor.py:914} INFO - Processing file /home/airflow/.local/lib/python3.12/site-packages/airflow/example_dags/example_trigger_controller_dag.py for tasks to queue
[2026-07-18T21:17:05.847+0000] {logging_mixin.py:190} INFO - [2026-07-18T21:17:05.846+0000] {dagbag.py:588} INFO - Filling up the DagBag from /home/airflow/.local/lib/python3.12/site-packages/airflow/example_dags/example_trigger_controller_dag.py
[2026-07-18T21:17:05.864+0000] {processor.py:925} INFO - DAG(s) 'example_trigger_controller_dag' retrieved from /home/airflow/.local/lib/python3.12/site-packages/airflow/example_dags/example_trigger_controller_dag.py
[2026-07-18T21:17:05.900+0000] {logging_mixin.py:190} INFO - [2026-07-18T21:17:05.899+0000] {dag.py:3239} INFO - Sync 1 DAGs
[2026-07-18T21:17:05.940+0000] {logging_mixin.py:190} INFO - [2026-07-18T21:17:05.940+0000] {dag.py:4180} INFO - Setting next_dagrun for example_trigger_controller_dag to 2021-01-01 00:00:00+00:00, run_after=2021-01-01 00:00:00+00:00
[2026-07-18T21:17:05.982+0000] {processor.py:208} INFO - Processing /home/airflow/.local/lib/python3.12/site-packages/airflow/example_dags/example_trigger_controller_dag.py took 0.153 seconds
[2026-07-18T21:17:36.116+0000] {processor.py:186} INFO - Started process (PID=2526) to work on /home/airflow/.local/lib/python3.12/site-packages/airflow/example_dags/example_trigger_controller_dag.py
[2026-07-18T21:17:36.120+0000] {processor.py:914} INFO - Processing file /home/airflow/.local/lib/python3.12/site-packages/airflow/example_dags/example_trigger_controller_dag.py for tasks to queue
[2026-07-18T21:17:36.127+0000] {logging_mixin.py:190} INFO - [2026-07-18T21:17:36.127+0000] {dagbag.py:588} INFO - Filling up the DagBag from /home/airflow/.local/lib/python3.12/site-packages/airflow/example_dags/example_trigger_controller_dag.py
[2026-07-18T21:17:36.151+0000] {processor.py:925} INFO - DAG(s) 'example_trigger_controller_dag' retrieved from /home/airflow/.local/lib/python3.12/site-packages/airflow/example_dags/example_trigger_controller_dag.py
[2026-07-18T21:17:36.205+0000] {logging_mixin.py:190} INFO - [2026-07-18T21:17:36.205+0000] {dag.py:3239} INFO - Sync 1 DAGs
[2026-07-18T21:17:36.273+0000] {logging_mixin.py:190} INFO - [2026-07-18T21:17:36.272+0000] {dag.py:4180} INFO - Setting next_dagrun for example_trigger_controller_dag to 2021-01-01 00:00:00+00:00, run_after=2021-01-01 00:00:00+00:00
[2026-07-18T21:17:36.322+0000] {processor.py:208} INFO - Processing /home/airflow/.local/lib/python3.12/site-packages/airflow/example_dags/example_trigger_controller_dag.py took 0.224 seconds
[2026-07-18T21:18:07.387+0000] {processor.py:186} INFO - Started process (PID=2589) to work on /home/airflow/.local/lib/python3.12/site-packages/airflow/example_dags/example_trigger_controller_dag.py
[2026-07-18T21:18:07.390+0000] {processor.py:914} INFO - Processing file /home/airflow/.local/lib/python3.12/site-packages/airflow/example_dags/example_trigger_controller_dag.py for tasks to queue
[2026-07-18T21:18:07.397+0000] {logging_mixin.py:190} INFO - [2026-07-18T21:18:07.396+0000] {dagbag.py:588} INFO - Filling up the DagBag from /home/airflow/.local/lib/python3.12/site-packages/airflow/example_dags/example_trigger_controller_dag.py
[2026-07-18T21:18:07.407+0000] {processor.py:925} INFO - DAG(s) 'example_trigger_controller_dag' retrieved from /home/airflow/.local/lib/python3.12/site-packages/airflow/example_dags/example_trigger_controller_dag.py
[2026-07-18T21:18:07.453+0000] {logging_mixin.py:190} INFO - [2026-07-18T21:18:07.453+0000] {dag.py:3239} INFO - Sync 1 DAGs
[2026-07-18T21:18:07.499+0000] {logging_mixin.py:190} INFO - [2026-07-18T21:18:07.498+0000] {dag.py:4180} INFO - Setting next_dagrun for example_trigger_controller_dag to 2021-01-01 00:00:00+00:00, run_after=2021-01-01 00:00:00+00:00
[2026-07-18T21:18:07.528+0000] {processor.py:208} INFO - Processing /home/airflow/.local/lib/python3.12/site-packages/airflow/example_dags/example_trigger_controller_dag.py took 0.152 seconds
[2026-07-18T21:18:38.057+0000] {processor.py:186} INFO - Started process (PID=2652) to work on /home/airflow/.local/lib/python3.12/site-packages/airflow/example_dags/example_trigger_controller_dag.py
[2026-07-18T21:18:38.060+0000] {processor.py:914} INFO - Processing file /home/airflow/.local/lib/python3.12/site-packages/airflow/example_dags/example_trigger_controller_dag.py for tasks to queue
[2026-07-18T21:18:38.066+0000] {logging_mixin.py:190} INFO - [2026-07-18T21:18:38.065+0000] {dagbag.py:588} INFO - Filling up the DagBag from /home/airflow/.local/lib/python3.12/site-packages/airflow/example_dags/example_trigger_controller_dag.py
[2026-07-18T21:18:38.076+0000] {processor.py:925} INFO - DAG(s) 'example_trigger_controller_dag' retrieved from /home/airflow/.local/lib/python3.12/site-packages/airflow/example_dags/example_trigger_controller_dag.py
[2026-07-18T21:18:38.109+0000] {logging_mixin.py:190} INFO - [2026-07-18T21:18:38.109+0000] {dag.py:3239} INFO - Sync 1 DAGs
[2026-07-18T21:18:38.146+0000] {logging_mixin.py:190} INFO - [2026-07-18T21:18:38.146+0000] {dag.py:4180} INFO - Setting next_dagrun for example_trigger_controller_dag to 2021-01-01 00:00:00+00:00, run_after=2021-01-01 00:00:00+00:00
[2026-07-18T21:18:38.192+0000] {processor.py:208} INFO - Processing /home/airflow/.local/lib/python3.12/site-packages/airflow/example_dags/example_trigger_controller_dag.py took 0.144 seconds
[2026-07-18T21:19:08.983+0000] {processor.py:186} INFO - Started process (PID=2715) to work on /home/airflow/.local/lib/python3.12/site-packages/airflow/example_dags/example_trigger_controller_dag.py
[2026-07-18T21:19:08.985+0000] {processor.py:914} INFO - Processing file /home/airflow/.local/lib/python3.12/site-packages/airflow/example_dags/example_trigger_controller_dag.py for tasks to queue
[2026-07-18T21:19:08.991+0000] {logging_mixin.py:190} INFO - [2026-07-18T21:19:08.990+0000] {dagbag.py:588} INFO - Filling up the DagBag from /home/airflow/.local/lib/python3.12/site-packages/airflow/example_dags/example_trigger_controller_dag.py
[2026-07-18T21:19:09.007+0000] {processor.py:925} INFO - DAG(s) 'example_trigger_controller_dag' retrieved from /home/airflow/.local/lib/python3.12/site-packages/airflow/example_dags/example_trigger_controller_dag.py
[2026-07-18T21:19:09.034+0000] {logging_mixin.py:190} INFO - [2026-07-18T21:19:09.034+0000] {dag.py:3239} INFO - Sync 1 DAGs
[2026-07-18T21:19:09.065+0000] {logging_mixin.py:190} INFO - [2026-07-18T21:19:09.065+0000] {dag.py:4180} INFO - Setting next_dagrun for example_trigger_controller_dag to 2021-01-01 00:00:00+00:00, run_after=2021-01-01 00:00:00+00:00
[2026-07-18T21:19:09.093+0000] {processor.py:208} INFO - Processing /home/airflow/.local/lib/python3.12/site-packages/airflow/example_dags/example_trigger_controller_dag.py took 0.121 seconds
[2026-07-18T21:19:39.343+0000] {processor.py:186} INFO - Started process (PID=2778) to work on /home/airflow/.local/lib/python3.12/site-packages/airflow/example_dags/example_trigger_controller_dag.py
[2026-07-18T21:19:39.345+0000] {processor.py:914} INFO - Processing file /home/airflow/.local/lib/python3.12/site-packages/airflow/example_dags/example_trigger_controller_dag.py for tasks to queue
[2026-07-18T21:19:39.351+0000] {logging_mixin.py:190} INFO - [2026-07-18T21:19:39.351+0000] {dagbag.py:588} INFO - Filling up the DagBag from /home/airflow/.local/lib/python3.12/site-packages/airflow/example_dags/example_trigger_controller_dag.py
[2026-07-18T21:19:39.362+0000] {processor.py:925} INFO - DAG(s) 'example_trigger_controller_dag' retrieved from /home/airflow/.local/lib/python3.12/site-packages/airflow/example_dags/example_trigger_controller_dag.py
[2026-07-18T21:19:39.393+0000] {logging_mixin.py:190} INFO - [2026-07-18T21:19:39.392+0000] {dag.py:3239} INFO - Sync 1 DAGs
[2026-07-18T21:19:39.422+0000] {logging_mixin.py:190} INFO - [2026-07-18T21:19:39.421+0000] {dag.py:4180} INFO - Setting next_dagrun for example_trigger_controller_dag to 2021-01-01 00:00:00+00:00, run_after=2021-01-01 00:00:00+00:00
[2026-07-18T21:19:39.445+0000] {processor.py:208} INFO - Processing /home/airflow/.local/lib/python3.12/site-packages/airflow/example_dags/example_trigger_controller_dag.py took 0.114 seconds
[2026-07-18T21:20:10.191+0000] {processor.py:186} INFO - Started process (PID=2840) to work on /home/airflow/.local/lib/python3.12/site-packages/airflow/example_dags/example_trigger_controller_dag.py
[2026-07-18T21:20:10.193+0000] {processor.py:914} INFO - Processing file /home/airflow/.local/lib/python3.12/site-packages/airflow/example_dags/example_trigger_controller_dag.py for tasks to queue
[2026-07-18T21:20:10.201+0000] {logging_mixin.py:190} INFO - [2026-07-18T21:20:10.200+0000] {dagbag.py:588} INFO - Filling up the DagBag from /home/airflow/.local/lib/python3.12/site-packages/airflow/example_dags/example_trigger_controller_dag.py
[2026-07-18T21:20:10.215+0000] {processor.py:925} INFO - DAG(s) 'example_trigger_controller_dag' retrieved from /home/airflow/.local/lib/python3.12/site-packages/airflow/example_dags/example_trigger_controller_dag.py
[2026-07-18T21:20:10.247+0000] {logging_mixin.py:190} INFO - [2026-07-18T21:20:10.246+0000] {dag.py:3239} INFO - Sync 1 DAGs
[2026-07-18T21:20:10.291+0000] {logging_mixin.py:190} INFO - [2026-07-18T21:20:10.291+0000] {dag.py:4180} INFO - Setting next_dagrun for example_trigger_controller_dag to 2021-01-01 00:00:00+00:00, run_after=2021-01-01 00:00:00+00:00
[2026-07-18T21:20:10.321+0000] {processor.py:208} INFO - Processing /home/airflow/.local/lib/python3.12/site-packages/airflow/example_dags/example_trigger_controller_dag.py took 0.139 seconds
[2026-07-18T21:20:40.724+0000] {processor.py:186} INFO - Started process (PID=2903) to work on /home/airflow/.local/lib/python3.12/site-packages/airflow/example_dags/example_trigger_controller_dag.py
[2026-07-18T21:20:40.729+0000] {processor.py:914} INFO - Processing file /home/airflow/.local/lib/python3.12/site-packages/airflow/example_dags/example_trigger_controller_dag.py for tasks to queue
[2026-07-18T21:20:40.737+0000] {logging_mixin.py:190} INFO - [2026-07-18T21:20:40.736+0000] {dagbag.py:588} INFO - Filling up the DagBag from /home/airflow/.local/lib/python3.12/site-packages/airflow/example_dags/example_trigger_controller_dag.py
[2026-07-18T21:20:40.758+0000] {processor.py:925} INFO - DAG(s) 'example_trigger_controller_dag' retrieved from /home/airflow/.local/lib/python3.12/site-packages/airflow/example_dags/example_trigger_controller_dag.py
[2026-07-18T21:20:40.794+0000] {logging_mixin.py:190} INFO - [2026-07-18T21:20:40.794+0000] {dag.py:3239} INFO - Sync 1 DAGs
[2026-07-18T21:20:40.839+0000] {logging_mixin.py:190} INFO - [2026-07-18T21:20:40.838+0000] {dag.py:4180} INFO - Setting next_dagrun for example_trigger_controller_dag to 2021-01-01 00:00:00+00:00, run_after=2021-01-01 00:00:00+00:00
[2026-07-18T21:20:40.873+0000] {processor.py:208} INFO - Processing /home/airflow/.local/lib/python3.12/site-packages/airflow/example_dags/example_trigger_controller_dag.py took 0.160 seconds
[2026-07-18T21:21:11.726+0000] {processor.py:186} INFO - Started process (PID=2966) to work on /home/airflow/.local/lib/python3.12/site-packages/airflow/example_dags/example_trigger_controller_dag.py
[2026-07-18T21:21:11.729+0000] {processor.py:914} INFO - Processing file /home/airflow/.local/lib/python3.12/site-packages/airflow/example_dags/example_trigger_controller_dag.py for tasks to queue
[2026-07-18T21:21:11.735+0000] {logging_mixin.py:190} INFO - [2026-07-18T21:21:11.735+0000] {dagbag.py:588} INFO - Filling up the DagBag from /home/airflow/.local/lib/python3.12/site-packages/airflow/example_dags/example_trigger_controller_dag.py
[2026-07-18T21:21:11.746+0000] {processor.py:925} INFO - DAG(s) 'example_trigger_controller_dag' retrieved from /home/airflow/.local/lib/python3.12/site-packages/airflow/example_dags/example_trigger_controller_dag.py
[2026-07-18T21:21:11.782+0000] {logging_mixin.py:190} INFO - [2026-07-18T21:21:11.782+0000] {dag.py:3239} INFO - Sync 1 DAGs
[2026-07-18T21:21:11.823+0000] {logging_mixin.py:190} INFO - [2026-07-18T21:21:11.822+0000] {dag.py:4180} INFO - Setting next_dagrun for example_trigger_controller_dag to 2021-01-01 00:00:00+00:00, run_after=2021-01-01 00:00:00+00:00
[2026-07-18T21:21:11.870+0000] {processor.py:208} INFO - Processing /home/airflow/.local/lib/python3.12/site-packages/airflow/example_dags/example_trigger_controller_dag.py took 0.152 seconds
[2026-07-18T21:21:42.769+0000] {processor.py:186} INFO - Started process (PID=3029) to work on /home/airflow/.local/lib/python3.12/site-packages/airflow/example_dags/example_trigger_controller_dag.py
[2026-07-18T21:21:42.775+0000] {processor.py:914} INFO - Processing file /home/airflow/.local/lib/python3.12/site-packages/airflow/example_dags/example_trigger_controller_dag.py for tasks to queue
[2026-07-18T21:21:42.781+0000] {logging_mixin.py:190} INFO - [2026-07-18T21:21:42.780+0000] {dagbag.py:588} INFO - Filling up the DagBag from /home/airflow/.local/lib/python3.12/site-packages/airflow/example_dags/example_trigger_controller_dag.py
[2026-07-18T21:21:42.796+0000] {processor.py:925} INFO - DAG(s) 'example_trigger_controller_dag' retrieved from /home/airflow/.local/lib/python3.12/site-packages/airflow/example_dags/example_trigger_controller_dag.py
[2026-07-18T21:21:42.831+0000] {logging_mixin.py:190} INFO - [2026-07-18T21:21:42.830+0000] {dag.py:3239} INFO - Sync 1 DAGs
[2026-07-18T21:21:42.874+0000] {logging_mixin.py:190} INFO - [2026-07-18T21:21:42.874+0000] {dag.py:4180} INFO - Setting next_dagrun for example_trigger_controller_dag to 2021-01-01 00:00:00+00:00, run_after=2021-01-01 00:00:00+00:00
[2026-07-18T21:21:42.954+0000] {processor.py:208} INFO - Processing /home/airflow/.local/lib/python3.12/site-packages/airflow/example_dags/example_trigger_controller_dag.py took 0.197 seconds
[2026-07-18T21:22:13.148+0000] {processor.py:186} INFO - Started process (PID=3091) to work on /home/airflow/.local/lib/python3.12/site-packages/airflow/example_dags/example_trigger_controller_dag.py
[2026-07-18T21:22:13.155+0000] {processor.py:914} INFO - Processing file /home/airflow/.local/lib/python3.12/site-packages/airflow/example_dags/example_trigger_controller_dag.py for tasks to queue
[2026-07-18T21:22:13.163+0000] {logging_mixin.py:190} INFO - [2026-07-18T21:22:13.162+0000] {dagbag.py:588} INFO - Filling up the DagBag from /home/airflow/.local/lib/python3.12/site-packages/airflow/example_dags/example_trigger_controller_dag.py
[2026-07-18T21:22:13.177+0000] {processor.py:925} INFO - DAG(s) 'example_trigger_controller_dag' retrieved from /home/airflow/.local/lib/python3.12/site-packages/airflow/example_dags/example_trigger_controller_dag.py
[2026-07-18T21:22:13.217+0000] {logging_mixin.py:190} INFO - [2026-07-18T21:22:13.216+0000] {dag.py:3239} INFO - Sync 1 DAGs
[2026-07-18T21:22:13.261+0000] {logging_mixin.py:190} INFO - [2026-07-18T21:22:13.260+0000] {dag.py:4180} INFO - Setting next_dagrun for example_trigger_controller_dag to 2021-01-01 00:00:00+00:00, run_after=2021-01-01 00:00:00+00:00
[2026-07-18T21:22:13.288+0000] {processor.py:208} INFO - Processing /home/airflow/.local/lib/python3.12/site-packages/airflow/example_dags/example_trigger_controller_dag.py took 0.153 seconds
[2026-07-18T21:26:02.917+0000] {processor.py:186} INFO - Started process (PID=152) to work on /home/airflow/.local/lib/python3.12/site-packages/airflow/example_dags/example_trigger_controller_dag.py
[2026-07-18T21:26:02.920+0000] {processor.py:914} INFO - Processing file /home/airflow/.local/lib/python3.12/site-packages/airflow/example_dags/example_trigger_controller_dag.py for tasks to queue
[2026-07-18T21:26:02.926+0000] {logging_mixin.py:190} INFO - [2026-07-18T21:26:02.925+0000] {dagbag.py:588} INFO - Filling up the DagBag from /home/airflow/.local/lib/python3.12/site-packages/airflow/example_dags/example_trigger_controller_dag.py
[2026-07-18T21:26:02.938+0000] {processor.py:925} INFO - DAG(s) 'example_trigger_controller_dag' retrieved from /home/airflow/.local/lib/python3.12/site-packages/airflow/example_dags/example_trigger_controller_dag.py
[2026-07-18T21:26:02.969+0000] {logging_mixin.py:190} INFO - [2026-07-18T21:26:02.969+0000] {dag.py:3239} INFO - Sync 1 DAGs
[2026-07-18T21:26:03.005+0000] {logging_mixin.py:190} INFO - [2026-07-18T21:26:03.004+0000] {dag.py:4180} INFO - Setting next_dagrun for example_trigger_controller_dag to 2021-01-01 00:00:00+00:00, run_after=2021-01-01 00:00:00+00:00
[2026-07-18T21:26:03.036+0000] {processor.py:208} INFO - Processing /home/airflow/.local/lib/python3.12/site-packages/airflow/example_dags/example_trigger_controller_dag.py took 0.127 seconds
[2026-07-18T21:26:34.067+0000] {processor.py:186} INFO - Started process (PID=215) to work on /home/airflow/.local/lib/python3.12/site-packages/airflow/example_dags/example_trigger_controller_dag.py
[2026-07-18T21:26:34.070+0000] {processor.py:914} INFO - Processing file /home/airflow/.local/lib/python3.12/site-packages/airflow/example_dags/example_trigger_controller_dag.py for tasks to queue
[2026-07-18T21:26:34.075+0000] {logging_mixin.py:190} INFO - [2026-07-18T21:26:34.075+0000] {dagbag.py:588} INFO - Filling up the DagBag from /home/airflow/.local/lib/python3.12/site-packages/airflow/example_dags/example_trigger_controller_dag.py
[2026-07-18T21:26:34.088+0000] {processor.py:925} INFO - DAG(s) 'example_trigger_controller_dag' retrieved from /home/airflow/.local/lib/python3.12/site-packages/airflow/example_dags/example_trigger_controller_dag.py
[2026-07-18T21:26:34.120+0000] {logging_mixin.py:190} INFO - [2026-07-18T21:26:34.120+0000] {dag.py:3239} INFO - Sync 1 DAGs
[2026-07-18T21:26:34.159+0000] {logging_mixin.py:190} INFO - [2026-07-18T21:26:34.159+0000] {dag.py:4180} INFO - Setting next_dagrun for example_trigger_controller_dag to 2021-01-01 00:00:00+00:00, run_after=2021-01-01 00:00:00+00:00
[2026-07-18T21:26:34.191+0000] {processor.py:208} INFO - Processing /home/airflow/.local/lib/python3.12/site-packages/airflow/example_dags/example_trigger_controller_dag.py took 0.133 seconds
[2026-07-18T21:27:06.746+0000] {processor.py:186} INFO - Started process (PID=278) to work on /home/airflow/.local/lib/python3.12/site-packages/airflow/example_dags/example_trigger_controller_dag.py
[2026-07-18T21:27:06.749+0000] {processor.py:914} INFO - Processing file /home/airflow/.local/lib/python3.12/site-packages/airflow/example_dags/example_trigger_controller_dag.py for tasks to queue
[2026-07-18T21:27:06.755+0000] {logging_mixin.py:190} INFO - [2026-07-18T21:27:06.754+0000] {dagbag.py:588} INFO - Filling up the DagBag from /home/airflow/.local/lib/python3.12/site-packages/airflow/example_dags/example_trigger_controller_dag.py
[2026-07-18T21:27:06.768+0000] {processor.py:925} INFO - DAG(s) 'example_trigger_controller_dag' retrieved from /home/airflow/.local/lib/python3.12/site-packages/airflow/example_dags/example_trigger_controller_dag.py
[2026-07-18T21:27:06.796+0000] {logging_mixin.py:190} INFO - [2026-07-18T21:27:06.796+0000] {dag.py:3239} INFO - Sync 1 DAGs
[2026-07-18T21:27:06.829+0000] {logging_mixin.py:190} INFO - [2026-07-18T21:27:06.828+0000] {dag.py:4180} INFO - Setting next_dagrun for example_trigger_controller_dag to 2021-01-01 00:00:00+00:00, run_after=2021-01-01 00:00:00+00:00
[2026-07-18T21:27:06.864+0000] {processor.py:208} INFO - Processing /home/airflow/.local/lib/python3.12/site-packages/airflow/example_dags/example_trigger_controller_dag.py took 0.129 seconds
[2026-07-18T21:27:38.686+0000] {processor.py:186} INFO - Started process (PID=341) to work on /home/airflow/.local/lib/python3.12/site-packages/airflow/example_dags/example_trigger_controller_dag.py
[2026-07-18T21:27:38.689+0000] {processor.py:914} INFO - Processing file /home/airflow/.local/lib/python3.12/site-packages/airflow/example_dags/example_trigger_controller_dag.py for tasks to queue
[2026-07-18T21:27:38.703+0000] {logging_mixin.py:190} INFO - [2026-07-18T21:27:38.703+0000] {dagbag.py:588} INFO - Filling up the DagBag from /home/airflow/.local/lib/python3.12/site-packages/airflow/example_dags/example_trigger_controller_dag.py
[2026-07-18T21:27:38.719+0000] {processor.py:925} INFO - DAG(s) 'example_trigger_controller_dag' retrieved from /home/airflow/.local/lib/python3.12/site-packages/airflow/example_dags/example_trigger_controller_dag.py
[2026-07-18T21:27:38.755+0000] {logging_mixin.py:190} INFO - [2026-07-18T21:27:38.754+0000] {dag.py:3239} INFO - Sync 1 DAGs
[2026-07-18T21:27:38.800+0000] {logging_mixin.py:190} INFO - [2026-07-18T21:27:38.800+0000] {dag.py:4180} INFO - Setting next_dagrun for example_trigger_controller_dag to 2021-01-01 00:00:00+00:00, run_after=2021-01-01 00:00:00+00:00
[2026-07-18T21:27:38.838+0000] {processor.py:208} INFO - Processing /home/airflow/.local/lib/python3.12/site-packages/airflow/example_dags/example_trigger_controller_dag.py took 0.172 seconds
[2026-07-18T21:28:10.144+0000] {processor.py:186} INFO - Started process (PID=404) to work on /home/airflow/.local/lib/python3.12/site-packages/airflow/example_dags/example_trigger_controller_dag.py
[2026-07-18T21:28:10.147+0000] {processor.py:914} INFO - Processing file /home/airflow/.local/lib/python3.12/site-packages/airflow/example_dags/example_trigger_controller_dag.py for tasks to queue
[2026-07-18T21:28:10.153+0000] {logging_mixin.py:190} INFO - [2026-07-18T21:28:10.152+0000] {dagbag.py:588} INFO - Filling up the DagBag from /home/airflow/.local/lib/python3.12/site-packages/airflow/example_dags/example_trigger_controller_dag.py
[2026-07-18T21:28:10.168+0000] {processor.py:925} INFO - DAG(s) 'example_trigger_controller_dag' retrieved from /home/airflow/.local/lib/python3.12/site-packages/airflow/example_dags/example_trigger_controller_dag.py
[2026-07-18T21:28:10.204+0000] {logging_mixin.py:190} INFO - [2026-07-18T21:28:10.204+0000] {dag.py:3239} INFO - Sync 1 DAGs
[2026-07-18T21:28:10.240+0000] {logging_mixin.py:190} INFO - [2026-07-18T21:28:10.240+0000] {dag.py:4180} INFO - Setting next_dagrun for example_trigger_controller_dag to 2021-01-01 00:00:00+00:00, run_after=2021-01-01 00:00:00+00:00
[2026-07-18T21:28:10.271+0000] {processor.py:208} INFO - Processing /home/airflow/.local/lib/python3.12/site-packages/airflow/example_dags/example_trigger_controller_dag.py took 0.139 seconds
[2026-07-18T21:28:41.986+0000] {processor.py:186} INFO - Started process (PID=467) to work on /home/airflow/.local/lib/python3.12/site-packages/airflow/example_dags/example_trigger_controller_dag.py
[2026-07-18T21:28:41.989+0000] {processor.py:914} INFO - Processing file /home/airflow/.local/lib/python3.12/site-packages/airflow/example_dags/example_trigger_controller_dag.py for tasks to queue
[2026-07-18T21:28:41.994+0000] {logging_mixin.py:190} INFO - [2026-07-18T21:28:41.994+0000] {dagbag.py:588} INFO - Filling up the DagBag from /home/airflow/.local/lib/python3.12/site-packages/airflow/example_dags/example_trigger_controller_dag.py
[2026-07-18T21:28:42.009+0000] {processor.py:925} INFO - DAG(s) 'example_trigger_controller_dag' retrieved from /home/airflow/.local/lib/python3.12/site-packages/airflow/example_dags/example_trigger_controller_dag.py
[2026-07-18T21:28:42.041+0000] {logging_mixin.py:190} INFO - [2026-07-18T21:28:42.041+0000] {dag.py:3239} INFO - Sync 1 DAGs
[2026-07-18T21:28:42.075+0000] {logging_mixin.py:190} INFO - [2026-07-18T21:28:42.075+0000] {dag.py:4180} INFO - Setting next_dagrun for example_trigger_controller_dag to 2021-01-01 00:00:00+00:00, run_after=2021-01-01 00:00:00+00:00
[2026-07-18T21:28:42.168+0000] {processor.py:208} INFO - Processing /home/airflow/.local/lib/python3.12/site-packages/airflow/example_dags/example_trigger_controller_dag.py took 0.197 seconds
[2026-07-18T21:29:13.478+0000] {processor.py:186} INFO - Started process (PID=530) to work on /home/airflow/.local/lib/python3.12/site-packages/airflow/example_dags/example_trigger_controller_dag.py
[2026-07-18T21:29:13.481+0000] {processor.py:914} INFO - Processing file /home/airflow/.local/lib/python3.12/site-packages/airflow/example_dags/example_trigger_controller_dag.py for tasks to queue
[2026-07-18T21:29:13.485+0000] {logging_mixin.py:190} INFO - [2026-07-18T21:29:13.485+0000] {dagbag.py:588} INFO - Filling up the DagBag from /home/airflow/.local/lib/python3.12/site-packages/airflow/example_dags/example_trigger_controller_dag.py
[2026-07-18T21:29:13.498+0000] {processor.py:925} INFO - DAG(s) 'example_trigger_controller_dag' retrieved from /home/airflow/.local/lib/python3.12/site-packages/airflow/example_dags/example_trigger_controller_dag.py
[2026-07-18T21:29:13.525+0000] {logging_mixin.py:190} INFO - [2026-07-18T21:29:13.525+0000] {dag.py:3239} INFO - Sync 1 DAGs
[2026-07-18T21:29:13.567+0000] {logging_mixin.py:190} INFO - [2026-07-18T21:29:13.567+0000] {dag.py:4180} INFO - Setting next_dagrun for example_trigger_controller_dag to 2021-01-01 00:00:00+00:00, run_after=2021-01-01 00:00:00+00:00
[2026-07-18T21:29:13.593+0000] {processor.py:208} INFO - Processing /home/airflow/.local/lib/python3.12/site-packages/airflow/example_dags/example_trigger_controller_dag.py took 0.125 seconds
[2026-07-18T21:29:45.426+0000] {processor.py:186} INFO - Started process (PID=594) to work on /home/airflow/.local/lib/python3.12/site-packages/airflow/example_dags/example_trigger_controller_dag.py
[2026-07-18T21:29:45.430+0000] {processor.py:914} INFO - Processing file /home/airflow/.local/lib/python3.12/site-packages/airflow/example_dags/example_trigger_controller_dag.py for tasks to queue
[2026-07-18T21:29:45.437+0000] {logging_mixin.py:190} INFO - [2026-07-18T21:29:45.436+0000] {dagbag.py:588} INFO - Filling up the DagBag from /home/airflow/.local/lib/python3.12/site-packages/airflow/example_dags/example_trigger_controller_dag.py
[2026-07-18T21:29:45.455+0000] {processor.py:925} INFO - DAG(s) 'example_trigger_controller_dag' retrieved from /home/airflow/.local/lib/python3.12/site-packages/airflow/example_dags/example_trigger_controller_dag.py
[2026-07-18T21:29:45.496+0000] {logging_mixin.py:190} INFO - [2026-07-18T21:29:45.495+0000] {dag.py:3239} INFO - Sync 1 DAGs
[2026-07-18T21:29:45.559+0000] {logging_mixin.py:190} INFO - [2026-07-18T21:29:45.559+0000] {dag.py:4180} INFO - Setting next_dagrun for example_trigger_controller_dag to 2021-01-01 00:00:00+00:00, run_after=2021-01-01 00:00:00+00:00
[2026-07-18T21:29:45.650+0000] {processor.py:208} INFO - Processing /home/airflow/.local/lib/python3.12/site-packages/airflow/example_dags/example_trigger_controller_dag.py took 0.235 seconds
[2026-07-18T21:30:16.946+0000] {processor.py:186} INFO - Started process (PID=657) to work on /home/airflow/.local/lib/python3.12/site-packages/airflow/example_dags/example_trigger_controller_dag.py
[2026-07-18T21:30:16.948+0000] {processor.py:914} INFO - Processing file /home/airflow/.local/lib/python3.12/site-packages/airflow/example_dags/example_trigger_controller_dag.py for tasks to queue
[2026-07-18T21:30:16.954+0000] {logging_mixin.py:190} INFO - [2026-07-18T21:30:16.954+0000] {dagbag.py:588} INFO - Filling up the DagBag from /home/airflow/.local/lib/python3.12/site-packages/airflow/example_dags/example_trigger_controller_dag.py
[2026-07-18T21:30:16.965+0000] {processor.py:925} INFO - DAG(s) 'example_trigger_controller_dag' retrieved from /home/airflow/.local/lib/python3.12/site-packages/airflow/example_dags/example_trigger_controller_dag.py
[2026-07-18T21:30:16.997+0000] {logging_mixin.py:190} INFO - [2026-07-18T21:30:16.997+0000] {dag.py:3239} INFO - Sync 1 DAGs
[2026-07-18T21:30:17.034+0000] {logging_mixin.py:190} INFO - [2026-07-18T21:30:17.034+0000] {dag.py:4180} INFO - Setting next_dagrun for example_trigger_controller_dag to 2021-01-01 00:00:00+00:00, run_after=2021-01-01 00:00:00+00:00
[2026-07-18T21:30:17.099+0000] {processor.py:208} INFO - Processing /home/airflow/.local/lib/python3.12/site-packages/airflow/example_dags/example_trigger_controller_dag.py took 0.161 seconds
[2026-07-18T21:30:48.710+0000] {processor.py:186} INFO - Started process (PID=720) to work on /home/airflow/.local/lib/python3.12/site-packages/airflow/example_dags/example_trigger_controller_dag.py
[2026-07-18T21:30:48.712+0000] {processor.py:914} INFO - Processing file /home/airflow/.local/lib/python3.12/site-packages/airflow/example_dags/example_trigger_controller_dag.py for tasks to queue
[2026-07-18T21:30:48.717+0000] {logging_mixin.py:190} INFO - [2026-07-18T21:30:48.716+0000] {dagbag.py:588} INFO - Filling up the DagBag from /home/airflow/.local/lib/python3.12/site-packages/airflow/example_dags/example_trigger_controller_dag.py
[2026-07-18T21:30:48.729+0000] {processor.py:925} INFO - DAG(s) 'example_trigger_controller_dag' retrieved from /home/airflow/.local/lib/python3.12/site-packages/airflow/example_dags/example_trigger_controller_dag.py
[2026-07-18T21:30:48.767+0000] {logging_mixin.py:190} INFO - [2026-07-18T21:30:48.767+0000] {dag.py:3239} INFO - Sync 1 DAGs
[2026-07-18T21:30:48.804+0000] {logging_mixin.py:190} INFO - [2026-07-18T21:30:48.804+0000] {dag.py:4180} INFO - Setting next_dagrun for example_trigger_controller_dag to 2021-01-01 00:00:00+00:00, run_after=2021-01-01 00:00:00+00:00
[2026-07-18T21:30:48.832+0000] {processor.py:208} INFO - Processing /home/airflow/.local/lib/python3.12/site-packages/airflow/example_dags/example_trigger_controller_dag.py took 0.132 seconds
[2026-07-18T21:31:20.012+0000] {processor.py:186} INFO - Started process (PID=784) to work on /home/airflow/.local/lib/python3.12/site-packages/airflow/example_dags/example_trigger_controller_dag.py
[2026-07-18T21:31:20.014+0000] {processor.py:914} INFO - Processing file /home/airflow/.local/lib/python3.12/site-packages/airflow/example_dags/example_trigger_controller_dag.py for tasks to queue
[2026-07-18T21:31:20.020+0000] {logging_mixin.py:190} INFO - [2026-07-18T21:31:20.020+0000] {dagbag.py:588} INFO - Filling up the DagBag from /home/airflow/.local/lib/python3.12/site-packages/airflow/example_dags/example_trigger_controller_dag.py
[2026-07-18T21:31:20.035+0000] {processor.py:925} INFO - DAG(s) 'example_trigger_controller_dag' retrieved from /home/airflow/.local/lib/python3.12/site-packages/airflow/example_dags/example_trigger_controller_dag.py
[2026-07-18T21:31:20.062+0000] {logging_mixin.py:190} INFO - [2026-07-18T21:31:20.062+0000] {dag.py:3239} INFO - Sync 1 DAGs
[2026-07-18T21:31:20.093+0000] {logging_mixin.py:190} INFO - [2026-07-18T21:31:20.093+0000] {dag.py:4180} INFO - Setting next_dagrun for example_trigger_controller_dag to 2021-01-01 00:00:00+00:00, run_after=2021-01-01 00:00:00+00:00
[2026-07-18T21:31:20.185+0000] {processor.py:208} INFO - Processing /home/airflow/.local/lib/python3.12/site-packages/airflow/example_dags/example_trigger_controller_dag.py took 0.182 seconds
[2026-07-18T21:31:52.315+0000] {processor.py:186} INFO - Started process (PID=848) to work on /home/airflow/.local/lib/python3.12/site-packages/airflow/example_dags/example_trigger_controller_dag.py
[2026-07-18T21:31:52.320+0000] {processor.py:914} INFO - Processing file /home/airflow/.local/lib/python3.12/site-packages/airflow/example_dags/example_trigger_controller_dag.py for tasks to queue
[2026-07-18T21:31:52.330+0000] {logging_mixin.py:190} INFO - [2026-07-18T21:31:52.329+0000] {dagbag.py:588} INFO - Filling up the DagBag from /home/airflow/.local/lib/python3.12/site-packages/airflow/example_dags/example_trigger_controller_dag.py
[2026-07-18T21:31:52.349+0000] {processor.py:925} INFO - DAG(s) 'example_trigger_controller_dag' retrieved from /home/airflow/.local/lib/python3.12/site-packages/airflow/example_dags/example_trigger_controller_dag.py
[2026-07-18T21:31:52.406+0000] {logging_mixin.py:190} INFO - [2026-07-18T21:31:52.405+0000] {dag.py:3239} INFO - Sync 1 DAGs
[2026-07-18T21:31:52.514+0000] {logging_mixin.py:190} INFO - [2026-07-18T21:31:52.513+0000] {dag.py:4180} INFO - Setting next_dagrun for example_trigger_controller_dag to 2021-01-01 00:00:00+00:00, run_after=2021-01-01 00:00:00+00:00
[2026-07-18T21:31:52.597+0000] {processor.py:208} INFO - Processing /home/airflow/.local/lib/python3.12/site-packages/airflow/example_dags/example_trigger_controller_dag.py took 0.302 seconds
[2026-07-18T21:32:23.503+0000] {processor.py:186} INFO - Started process (PID=912) to work on /home/airflow/.local/lib/python3.12/site-packages/airflow/example_dags/example_trigger_controller_dag.py
[2026-07-18T21:32:23.505+0000] {processor.py:914} INFO - Processing file /home/airflow/.local/lib/python3.12/site-packages/airflow/example_dags/example_trigger_controller_dag.py for tasks to queue
[2026-07-18T21:32:23.509+0000] {logging_mixin.py:190} INFO - [2026-07-18T21:32:23.509+0000] {dagbag.py:588} INFO - Filling up the DagBag from /home/airflow/.local/lib/python3.12/site-packages/airflow/example_dags/example_trigger_controller_dag.py
[2026-07-18T21:32:23.519+0000] {processor.py:925} INFO - DAG(s) 'example_trigger_controller_dag' retrieved from /home/airflow/.local/lib/python3.12/site-packages/airflow/example_dags/example_trigger_controller_dag.py
[2026-07-18T21:32:23.549+0000] {logging_mixin.py:190} INFO - [2026-07-18T21:32:23.548+0000] {dag.py:3239} INFO - Sync 1 DAGs
[2026-07-18T21:32:23.613+0000] {logging_mixin.py:190} INFO - [2026-07-18T21:32:23.613+0000] {dag.py:4180} INFO - Setting next_dagrun for example_trigger_controller_dag to 2021-01-01 00:00:00+00:00, run_after=2021-01-01 00:00:00+00:00
[2026-07-18T21:32:23.656+0000] {processor.py:208} INFO - Processing /home/airflow/.local/lib/python3.12/site-packages/airflow/example_dags/example_trigger_controller_dag.py took 0.160 seconds
[2026-07-18T21:32:55.070+0000] {processor.py:186} INFO - Started process (PID=983) to work on /home/airflow/.local/lib/python3.12/site-packages/airflow/example_dags/example_trigger_controller_dag.py
[2026-07-18T21:32:55.072+0000] {processor.py:914} INFO - Processing file /home/airflow/.local/lib/python3.12/site-packages/airflow/example_dags/example_trigger_controller_dag.py for tasks to queue
[2026-07-18T21:32:55.077+0000] {logging_mixin.py:190} INFO - [2026-07-18T21:32:55.077+0000] {dagbag.py:588} INFO - Filling up the DagBag from /home/airflow/.local/lib/python3.12/site-packages/airflow/example_dags/example_trigger_controller_dag.py
[2026-07-18T21:32:55.090+0000] {processor.py:925} INFO - DAG(s) 'example_trigger_controller_dag' retrieved from /home/airflow/.local/lib/python3.12/site-packages/airflow/example_dags/example_trigger_controller_dag.py
[2026-07-18T21:32:55.118+0000] {logging_mixin.py:190} INFO - [2026-07-18T21:32:55.117+0000] {dag.py:3239} INFO - Sync 1 DAGs
[2026-07-18T21:32:55.158+0000] {logging_mixin.py:190} INFO - [2026-07-18T21:32:55.158+0000] {dag.py:4180} INFO - Setting next_dagrun for example_trigger_controller_dag to 2021-01-01 00:00:00+00:00, run_after=2021-01-01 00:00:00+00:00
[2026-07-18T21:32:55.195+0000] {processor.py:208} INFO - Processing /home/airflow/.local/lib/python3.12/site-packages/airflow/example_dags/example_trigger_controller_dag.py took 0.133 seconds
[2026-07-18T21:33:26.797+0000] {processor.py:186} INFO - Started process (PID=1048) to work on /home/airflow/.local/lib/python3.12/site-packages/airflow/example_dags/example_trigger_controller_dag.py
[2026-07-18T21:33:26.799+0000] {processor.py:914} INFO - Processing file /home/airflow/.local/lib/python3.12/site-packages/airflow/example_dags/example_trigger_controller_dag.py for tasks to queue
[2026-07-18T21:33:26.804+0000] {logging_mixin.py:190} INFO - [2026-07-18T21:33:26.803+0000] {dagbag.py:588} INFO - Filling up the DagBag from /home/airflow/.local/lib/python3.12/site-packages/airflow/example_dags/example_trigger_controller_dag.py
[2026-07-18T21:33:26.817+0000] {processor.py:925} INFO - DAG(s) 'example_trigger_controller_dag' retrieved from /home/airflow/.local/lib/python3.12/site-packages/airflow/example_dags/example_trigger_controller_dag.py
[2026-07-18T21:33:26.847+0000] {logging_mixin.py:190} INFO - [2026-07-18T21:33:26.847+0000] {dag.py:3239} INFO - Sync 1 DAGs
[2026-07-18T21:33:26.892+0000] {logging_mixin.py:190} INFO - [2026-07-18T21:33:26.892+0000] {dag.py:4180} INFO - Setting next_dagrun for example_trigger_controller_dag to 2021-01-01 00:00:00+00:00, run_after=2021-01-01 00:00:00+00:00
[2026-07-18T21:33:26.923+0000] {processor.py:208} INFO - Processing /home/airflow/.local/lib/python3.12/site-packages/airflow/example_dags/example_trigger_controller_dag.py took 0.134 seconds
[2026-07-18T21:33:58.429+0000] {processor.py:186} INFO - Started process (PID=1112) to work on /home/airflow/.local/lib/python3.12/site-packages/airflow/example_dags/example_trigger_controller_dag.py
[2026-07-18T21:33:58.432+0000] {processor.py:914} INFO - Processing file /home/airflow/.local/lib/python3.12/site-packages/airflow/example_dags/example_trigger_controller_dag.py for tasks to queue
[2026-07-18T21:33:58.437+0000] {logging_mixin.py:190} INFO - [2026-07-18T21:33:58.437+0000] {dagbag.py:588} INFO - Filling up the DagBag from /home/airflow/.local/lib/python3.12/site-packages/airflow/example_dags/example_trigger_controller_dag.py
[2026-07-18T21:33:58.454+0000] {processor.py:925} INFO - DAG(s) 'example_trigger_controller_dag' retrieved from /home/airflow/.local/lib/python3.12/site-packages/airflow/example_dags/example_trigger_controller_dag.py
[2026-07-18T21:33:58.486+0000] {logging_mixin.py:190} INFO - [2026-07-18T21:33:58.486+0000] {dag.py:3239} INFO - Sync 1 DAGs
[2026-07-18T21:33:58.523+0000] {logging_mixin.py:190} INFO - [2026-07-18T21:33:58.522+0000] {dag.py:4180} INFO - Setting next_dagrun for example_trigger_controller_dag to 2021-01-01 00:00:00+00:00, run_after=2021-01-01 00:00:00+00:00
[2026-07-18T21:33:58.549+0000] {processor.py:208} INFO - Processing /home/airflow/.local/lib/python3.12/site-packages/airflow/example_dags/example_trigger_controller_dag.py took 0.133 seconds
[2026-07-18T21:34:30.192+0000] {processor.py:186} INFO - Started process (PID=1176) to work on /home/airflow/.local/lib/python3.12/site-packages/airflow/example_dags/example_trigger_controller_dag.py
[2026-07-18T21:34:30.194+0000] {processor.py:914} INFO - Processing file /home/airflow/.local/lib/python3.12/site-packages/airflow/example_dags/example_trigger_controller_dag.py for tasks to queue
[2026-07-18T21:34:30.200+0000] {logging_mixin.py:190} INFO - [2026-07-18T21:34:30.199+0000] {dagbag.py:588} INFO - Filling up the DagBag from /home/airflow/.local/lib/python3.12/site-packages/airflow/example_dags/example_trigger_controller_dag.py
[2026-07-18T21:34:30.214+0000] {processor.py:925} INFO - DAG(s) 'example_trigger_controller_dag' retrieved from /home/airflow/.local/lib/python3.12/site-packages/airflow/example_dags/example_trigger_controller_dag.py
[2026-07-18T21:34:30.263+0000] {logging_mixin.py:190} INFO - [2026-07-18T21:34:30.262+0000] {dag.py:3239} INFO - Sync 1 DAGs
[2026-07-18T21:34:30.312+0000] {logging_mixin.py:190} INFO - [2026-07-18T21:34:30.312+0000] {dag.py:4180} INFO - Setting next_dagrun for example_trigger_controller_dag to 2021-01-01 00:00:00+00:00, run_after=2021-01-01 00:00:00+00:00
[2026-07-18T21:34:30.351+0000] {processor.py:208} INFO - Processing /home/airflow/.local/lib/python3.12/site-packages/airflow/example_dags/example_trigger_controller_dag.py took 0.168 seconds
[2026-07-18T21:35:02.017+0000] {processor.py:186} INFO - Started process (PID=1240) to work on /home/airflow/.local/lib/python3.12/site-packages/airflow/example_dags/example_trigger_controller_dag.py
[2026-07-18T21:35:02.019+0000] {processor.py:914} INFO - Processing file /home/airflow/.local/lib/python3.12/site-packages/airflow/example_dags/example_trigger_controller_dag.py for tasks to queue
[2026-07-18T21:35:02.025+0000] {logging_mixin.py:190} INFO - [2026-07-18T21:35:02.024+0000] {dagbag.py:588} INFO - Filling up the DagBag from /home/airflow/.local/lib/python3.12/site-packages/airflow/example_dags/example_trigger_controller_dag.py
[2026-07-18T21:35:02.039+0000] {processor.py:925} INFO - DAG(s) 'example_trigger_controller_dag' retrieved from /home/airflow/.local/lib/python3.12/site-packages/airflow/example_dags/example_trigger_controller_dag.py
[2026-07-18T21:35:02.070+0000] {logging_mixin.py:190} INFO - [2026-07-18T21:35:02.070+0000] {dag.py:3239} INFO - Sync 1 DAGs
[2026-07-18T21:35:02.103+0000] {logging_mixin.py:190} INFO - [2026-07-18T21:35:02.102+0000] {dag.py:4180} INFO - Setting next_dagrun for example_trigger_controller_dag to 2021-01-01 00:00:00+00:00, run_after=2021-01-01 00:00:00+00:00
[2026-07-18T21:35:02.129+0000] {processor.py:208} INFO - Processing /home/airflow/.local/lib/python3.12/site-packages/airflow/example_dags/example_trigger_controller_dag.py took 0.122 seconds
[2026-07-18T21:35:33.042+0000] {processor.py:186} INFO - Started process (PID=1304) to work on /home/airflow/.local/lib/python3.12/site-packages/airflow/example_dags/example_trigger_controller_dag.py
[2026-07-18T21:35:33.045+0000] {processor.py:914} INFO - Processing file /home/airflow/.local/lib/python3.12/site-packages/airflow/example_dags/example_trigger_controller_dag.py for tasks to queue
[2026-07-18T21:35:33.051+0000] {logging_mixin.py:190} INFO - [2026-07-18T21:35:33.051+0000] {dagbag.py:588} INFO - Filling up the DagBag from /home/airflow/.local/lib/python3.12/site-packages/airflow/example_dags/example_trigger_controller_dag.py
[2026-07-18T21:35:33.064+0000] {processor.py:925} INFO - DAG(s) 'example_trigger_controller_dag' retrieved from /home/airflow/.local/lib/python3.12/site-packages/airflow/example_dags/example_trigger_controller_dag.py
[2026-07-18T21:35:33.109+0000] {logging_mixin.py:190} INFO - [2026-07-18T21:35:33.109+0000] {dag.py:3239} INFO - Sync 1 DAGs
[2026-07-18T21:35:33.154+0000] {logging_mixin.py:190} INFO - [2026-07-18T21:35:33.154+0000] {dag.py:4180} INFO - Setting next_dagrun for example_trigger_controller_dag to 2021-01-01 00:00:00+00:00, run_after=2021-01-01 00:00:00+00:00
[2026-07-18T21:35:33.212+0000] {processor.py:208} INFO - Processing /home/airflow/.local/lib/python3.12/site-packages/airflow/example_dags/example_trigger_controller_dag.py took 0.181 seconds
[2026-07-18T21:36:03.693+0000] {processor.py:186} INFO - Started process (PID=1367) to work on /home/airflow/.local/lib/python3.12/site-packages/airflow/example_dags/example_trigger_controller_dag.py
[2026-07-18T21:36:03.696+0000] {processor.py:914} INFO - Processing file /home/airflow/.local/lib/python3.12/site-packages/airflow/example_dags/example_trigger_controller_dag.py for tasks to queue
[2026-07-18T21:36:03.703+0000] {logging_mixin.py:190} INFO - [2026-07-18T21:36:03.702+0000] {dagbag.py:588} INFO - Filling up the DagBag from /home/airflow/.local/lib/python3.12/site-packages/airflow/example_dags/example_trigger_controller_dag.py
[2026-07-18T21:36:03.718+0000] {processor.py:925} INFO - DAG(s) 'example_trigger_controller_dag' retrieved from /home/airflow/.local/lib/python3.12/site-packages/airflow/example_dags/example_trigger_controller_dag.py
[2026-07-18T21:36:03.749+0000] {logging_mixin.py:190} INFO - [2026-07-18T21:36:03.749+0000] {dag.py:3239} INFO - Sync 1 DAGs
[2026-07-18T21:36:03.784+0000] {logging_mixin.py:190} INFO - [2026-07-18T21:36:03.784+0000] {dag.py:4180} INFO - Setting next_dagrun for example_trigger_controller_dag to 2021-01-01 00:00:00+00:00, run_after=2021-01-01 00:00:00+00:00
[2026-07-18T21:36:03.852+0000] {processor.py:208} INFO - Processing /home/airflow/.local/lib/python3.12/site-packages/airflow/example_dags/example_trigger_controller_dag.py took 0.171 seconds
[2026-07-18T21:36:35.003+0000] {processor.py:186} INFO - Started process (PID=1432) to work on /home/airflow/.local/lib/python3.12/site-packages/airflow/example_dags/example_trigger_controller_dag.py
[2026-07-18T21:36:35.006+0000] {processor.py:914} INFO - Processing file /home/airflow/.local/lib/python3.12/site-packages/airflow/example_dags/example_trigger_controller_dag.py for tasks to queue
[2026-07-18T21:36:35.011+0000] {logging_mixin.py:190} INFO - [2026-07-18T21:36:35.011+0000] {dagbag.py:588} INFO - Filling up the DagBag from /home/airflow/.local/lib/python3.12/site-packages/airflow/example_dags/example_trigger_controller_dag.py
[2026-07-18T21:36:35.023+0000] {processor.py:925} INFO - DAG(s) 'example_trigger_controller_dag' retrieved from /home/airflow/.local/lib/python3.12/site-packages/airflow/example_dags/example_trigger_controller_dag.py
[2026-07-18T21:36:35.068+0000] {logging_mixin.py:190} INFO - [2026-07-18T21:36:35.067+0000] {dag.py:3239} INFO - Sync 1 DAGs
[2026-07-18T21:36:35.133+0000] {logging_mixin.py:190} INFO - [2026-07-18T21:36:35.132+0000] {dag.py:4180} INFO - Setting next_dagrun for example_trigger_controller_dag to 2021-01-01 00:00:00+00:00, run_after=2021-01-01 00:00:00+00:00
[2026-07-18T21:36:35.225+0000] {processor.py:208} INFO - Processing /home/airflow/.local/lib/python3.12/site-packages/airflow/example_dags/example_trigger_controller_dag.py took 0.231 seconds
[2026-07-18T21:37:06.186+0000] {processor.py:186} INFO - Started process (PID=1495) to work on /home/airflow/.local/lib/python3.12/site-packages/airflow/example_dags/example_trigger_controller_dag.py
[2026-07-18T21:37:06.191+0000] {processor.py:914} INFO - Processing file /home/airflow/.local/lib/python3.12/site-packages/airflow/example_dags/example_trigger_controller_dag.py for tasks to queue
[2026-07-18T21:37:06.203+0000] {logging_mixin.py:190} INFO - [2026-07-18T21:37:06.202+0000] {dagbag.py:588} INFO - Filling up the DagBag from /home/airflow/.local/lib/python3.12/site-packages/airflow/example_dags/example_trigger_controller_dag.py
[2026-07-18T21:37:06.227+0000] {processor.py:925} INFO - DAG(s) 'example_trigger_controller_dag' retrieved from /home/airflow/.local/lib/python3.12/site-packages/airflow/example_dags/example_trigger_controller_dag.py
[2026-07-18T21:37:06.262+0000] {logging_mixin.py:190} INFO - [2026-07-18T21:37:06.261+0000] {dag.py:3239} INFO - Sync 1 DAGs
[2026-07-18T21:37:06.290+0000] {logging_mixin.py:190} INFO - [2026-07-18T21:37:06.290+0000] {dag.py:4180} INFO - Setting next_dagrun for example_trigger_controller_dag to 2021-01-01 00:00:00+00:00, run_after=2021-01-01 00:00:00+00:00
[2026-07-18T21:37:06.362+0000] {processor.py:208} INFO - Processing /home/airflow/.local/lib/python3.12/site-packages/airflow/example_dags/example_trigger_controller_dag.py took 0.196 seconds
[2026-07-18T21:37:38.024+0000] {processor.py:186} INFO - Started process (PID=1559) to work on /home/airflow/.local/lib/python3.12/site-packages/airflow/example_dags/example_trigger_controller_dag.py
[2026-07-18T21:37:38.026+0000] {processor.py:914} INFO - Processing file /home/airflow/.local/lib/python3.12/site-packages/airflow/example_dags/example_trigger_controller_dag.py for tasks to queue
[2026-07-18T21:37:38.030+0000] {logging_mixin.py:190} INFO - [2026-07-18T21:37:38.029+0000] {dagbag.py:588} INFO - Filling up the DagBag from /home/airflow/.local/lib/python3.12/site-packages/airflow/example_dags/example_trigger_controller_dag.py
[2026-07-18T21:37:38.038+0000] {processor.py:925} INFO - DAG(s) 'example_trigger_controller_dag' retrieved from /home/airflow/.local/lib/python3.12/site-packages/airflow/example_dags/example_trigger_controller_dag.py
[2026-07-18T21:37:38.063+0000] {logging_mixin.py:190} INFO - [2026-07-18T21:37:38.062+0000] {dag.py:3239} INFO - Sync 1 DAGs
[2026-07-18T21:37:38.089+0000] {logging_mixin.py:190} INFO - [2026-07-18T21:37:38.089+0000] {dag.py:4180} INFO - Setting next_dagrun for example_trigger_controller_dag to 2021-01-01 00:00:00+00:00, run_after=2021-01-01 00:00:00+00:00
[2026-07-18T21:37:38.116+0000] {processor.py:208} INFO - Processing /home/airflow/.local/lib/python3.12/site-packages/airflow/example_dags/example_trigger_controller_dag.py took 0.100 seconds
[2026-07-18T21:38:10.656+0000] {processor.py:186} INFO - Started process (PID=1623) to work on /home/airflow/.local/lib/python3.12/site-packages/airflow/example_dags/example_trigger_controller_dag.py
[2026-07-18T21:38:10.659+0000] {processor.py:914} INFO - Processing file /home/airflow/.local/lib/python3.12/site-packages/airflow/example_dags/example_trigger_controller_dag.py for tasks to queue
[2026-07-18T21:38:10.665+0000] {logging_mixin.py:190} INFO - [2026-07-18T21:38:10.664+0000] {dagbag.py:588} INFO - Filling up the DagBag from /home/airflow/.local/lib/python3.12/site-packages/airflow/example_dags/example_trigger_controller_dag.py
[2026-07-18T21:38:10.677+0000] {processor.py:925} INFO - DAG(s) 'example_trigger_controller_dag' retrieved from /home/airflow/.local/lib/python3.12/site-packages/airflow/example_dags/example_trigger_controller_dag.py
[2026-07-18T21:38:10.720+0000] {logging_mixin.py:190} INFO - [2026-07-18T21:38:10.720+0000] {dag.py:3239} INFO - Sync 1 DAGs
[2026-07-18T21:38:10.779+0000] {logging_mixin.py:190} INFO - [2026-07-18T21:38:10.778+0000] {dag.py:4180} INFO - Setting next_dagrun for example_trigger_controller_dag to 2021-01-01 00:00:00+00:00, run_after=2021-01-01 00:00:00+00:00
[2026-07-18T21:38:10.868+0000] {processor.py:208} INFO - Processing /home/airflow/.local/lib/python3.12/site-packages/airflow/example_dags/example_trigger_controller_dag.py took 0.223 seconds
[2026-07-18T21:38:41.539+0000] {processor.py:186} INFO - Started process (PID=1687) to work on /home/airflow/.local/lib/python3.12/site-packages/airflow/example_dags/example_trigger_controller_dag.py
[2026-07-18T21:38:41.542+0000] {processor.py:914} INFO - Processing file /home/airflow/.local/lib/python3.12/site-packages/airflow/example_dags/example_trigger_controller_dag.py for tasks to queue
[2026-07-18T21:38:41.547+0000] {logging_mixin.py:190} INFO - [2026-07-18T21:38:41.547+0000] {dagbag.py:588} INFO - Filling up the DagBag from /home/airflow/.local/lib/python3.12/site-packages/airflow/example_dags/example_trigger_controller_dag.py
[2026-07-18T21:38:41.558+0000] {processor.py:925} INFO - DAG(s) 'example_trigger_controller_dag' retrieved from /home/airflow/.local/lib/python3.12/site-packages/airflow/example_dags/example_trigger_controller_dag.py
[2026-07-18T21:38:41.589+0000] {logging_mixin.py:190} INFO - [2026-07-18T21:38:41.588+0000] {dag.py:3239} INFO - Sync 1 DAGs
[2026-07-18T21:38:41.619+0000] {logging_mixin.py:190} INFO - [2026-07-18T21:38:41.619+0000] {dag.py:4180} INFO - Setting next_dagrun for example_trigger_controller_dag to 2021-01-01 00:00:00+00:00, run_after=2021-01-01 00:00:00+00:00
[2026-07-18T21:38:41.704+0000] {processor.py:208} INFO - Processing /home/airflow/.local/lib/python3.12/site-packages/airflow/example_dags/example_trigger_controller_dag.py took 0.173 seconds
[2026-07-18T21:39:12.703+0000] {processor.py:186} INFO - Started process (PID=1751) to work on /home/airflow/.local/lib/python3.12/site-packages/airflow/example_dags/example_trigger_controller_dag.py
[2026-07-18T21:39:12.706+0000] {processor.py:914} INFO - Processing file /home/airflow/.local/lib/python3.12/site-packages/airflow/example_dags/example_trigger_controller_dag.py for tasks to queue
[2026-07-18T21:39:12.711+0000] {logging_mixin.py:190} INFO - [2026-07-18T21:39:12.710+0000] {dagbag.py:588} INFO - Filling up the DagBag from /home/airflow/.local/lib/python3.12/site-packages/airflow/example_dags/example_trigger_controller_dag.py
[2026-07-18T21:39:12.721+0000] {processor.py:925} INFO - DAG(s) 'example_trigger_controller_dag' retrieved from /home/airflow/.local/lib/python3.12/site-packages/airflow/example_dags/example_trigger_controller_dag.py
[2026-07-18T21:39:12.750+0000] {logging_mixin.py:190} INFO - [2026-07-18T21:39:12.750+0000] {dag.py:3239} INFO - Sync 1 DAGs
[2026-07-18T21:39:12.779+0000] {logging_mixin.py:190} INFO - [2026-07-18T21:39:12.778+0000] {dag.py:4180} INFO - Setting next_dagrun for example_trigger_controller_dag to 2021-01-01 00:00:00+00:00, run_after=2021-01-01 00:00:00+00:00
[2026-07-18T21:39:12.807+0000] {processor.py:208} INFO - Processing /home/airflow/.local/lib/python3.12/site-packages/airflow/example_dags/example_trigger_controller_dag.py took 0.112 seconds
[2026-07-18T21:39:49.680+0000] {processor.py:186} INFO - Started process (PID=1822) to work on /home/airflow/.local/lib/python3.12/site-packages/airflow/example_dags/example_trigger_controller_dag.py
[2026-07-18T21:39:49.682+0000] {processor.py:914} INFO - Processing file /home/airflow/.local/lib/python3.12/site-packages/airflow/example_dags/example_trigger_controller_dag.py for tasks to queue
[2026-07-18T21:39:49.686+0000] {logging_mixin.py:190} INFO - [2026-07-18T21:39:49.686+0000] {dagbag.py:588} INFO - Filling up the DagBag from /home/airflow/.local/lib/python3.12/site-packages/airflow/example_dags/example_trigger_controller_dag.py
[2026-07-18T21:39:49.701+0000] {processor.py:925} INFO - DAG(s) 'example_trigger_controller_dag' retrieved from /home/airflow/.local/lib/python3.12/site-packages/airflow/example_dags/example_trigger_controller_dag.py
[2026-07-18T21:39:49.734+0000] {logging_mixin.py:190} INFO - [2026-07-18T21:39:49.733+0000] {dag.py:3239} INFO - Sync 1 DAGs
[2026-07-18T21:39:49.786+0000] {logging_mixin.py:190} INFO - [2026-07-18T21:39:49.785+0000] {dag.py:4180} INFO - Setting next_dagrun for example_trigger_controller_dag to 2021-01-01 00:00:00+00:00, run_after=2021-01-01 00:00:00+00:00
[2026-07-18T21:39:49.823+0000] {processor.py:208} INFO - Processing /home/airflow/.local/lib/python3.12/site-packages/airflow/example_dags/example_trigger_controller_dag.py took 0.151 seconds
[2026-07-18T21:40:21.170+0000] {processor.py:186} INFO - Started process (PID=1886) to work on /home/airflow/.local/lib/python3.12/site-packages/airflow/example_dags/example_trigger_controller_dag.py
[2026-07-18T21:40:21.172+0000] {processor.py:914} INFO - Processing file /home/airflow/.local/lib/python3.12/site-packages/airflow/example_dags/example_trigger_controller_dag.py for tasks to queue
[2026-07-18T21:40:21.179+0000] {logging_mixin.py:190} INFO - [2026-07-18T21:40:21.178+0000] {dagbag.py:588} INFO - Filling up the DagBag from /home/airflow/.local/lib/python3.12/site-packages/airflow/example_dags/example_trigger_controller_dag.py
[2026-07-18T21:40:21.199+0000] {processor.py:925} INFO - DAG(s) 'example_trigger_controller_dag' retrieved from /home/airflow/.local/lib/python3.12/site-packages/airflow/example_dags/example_trigger_controller_dag.py
[2026-07-18T21:40:21.246+0000] {logging_mixin.py:190} INFO - [2026-07-18T21:40:21.245+0000] {dag.py:3239} INFO - Sync 1 DAGs
[2026-07-18T21:40:21.283+0000] {logging_mixin.py:190} INFO - [2026-07-18T21:40:21.282+0000] {dag.py:4180} INFO - Setting next_dagrun for example_trigger_controller_dag to 2021-01-01 00:00:00+00:00, run_after=2021-01-01 00:00:00+00:00
[2026-07-18T21:40:21.364+0000] {processor.py:208} INFO - Processing /home/airflow/.local/lib/python3.12/site-packages/airflow/example_dags/example_trigger_controller_dag.py took 0.204 seconds
[2026-07-18T21:40:51.707+0000] {processor.py:186} INFO - Started process (PID=1949) to work on /home/airflow/.local/lib/python3.12/site-packages/airflow/example_dags/example_trigger_controller_dag.py
[2026-07-18T21:40:51.709+0000] {processor.py:914} INFO - Processing file /home/airflow/.local/lib/python3.12/site-packages/airflow/example_dags/example_trigger_controller_dag.py for tasks to queue
[2026-07-18T21:40:51.713+0000] {logging_mixin.py:190} INFO - [2026-07-18T21:40:51.713+0000] {dagbag.py:588} INFO - Filling up the DagBag from /home/airflow/.local/lib/python3.12/site-packages/airflow/example_dags/example_trigger_controller_dag.py
[2026-07-18T21:40:51.725+0000] {processor.py:925} INFO - DAG(s) 'example_trigger_controller_dag' retrieved from /home/airflow/.local/lib/python3.12/site-packages/airflow/example_dags/example_trigger_controller_dag.py
[2026-07-18T21:40:51.753+0000] {logging_mixin.py:190} INFO - [2026-07-18T21:40:51.753+0000] {dag.py:3239} INFO - Sync 1 DAGs
[2026-07-18T21:40:51.781+0000] {logging_mixin.py:190} INFO - [2026-07-18T21:40:51.781+0000] {dag.py:4180} INFO - Setting next_dagrun for example_trigger_controller_dag to 2021-01-01 00:00:00+00:00, run_after=2021-01-01 00:00:00+00:00
[2026-07-18T21:40:51.813+0000] {processor.py:208} INFO - Processing /home/airflow/.local/lib/python3.12/site-packages/airflow/example_dags/example_trigger_controller_dag.py took 0.113 seconds
[2026-07-18T21:41:22.300+0000] {processor.py:186} INFO - Started process (PID=2013) to work on /home/airflow/.local/lib/python3.12/site-packages/airflow/example_dags/example_trigger_controller_dag.py
[2026-07-18T21:41:22.302+0000] {processor.py:914} INFO - Processing file /home/airflow/.local/lib/python3.12/site-packages/airflow/example_dags/example_trigger_controller_dag.py for tasks to queue
[2026-07-18T21:41:22.306+0000] {logging_mixin.py:190} INFO - [2026-07-18T21:41:22.306+0000] {dagbag.py:588} INFO - Filling up the DagBag from /home/airflow/.local/lib/python3.12/site-packages/airflow/example_dags/example_trigger_controller_dag.py
[2026-07-18T21:41:22.316+0000] {processor.py:925} INFO - DAG(s) 'example_trigger_controller_dag' retrieved from /home/airflow/.local/lib/python3.12/site-packages/airflow/example_dags/example_trigger_controller_dag.py
[2026-07-18T21:41:22.345+0000] {logging_mixin.py:190} INFO - [2026-07-18T21:41:22.344+0000] {dag.py:3239} INFO - Sync 1 DAGs
[2026-07-18T21:41:22.382+0000] {logging_mixin.py:190} INFO - [2026-07-18T21:41:22.382+0000] {dag.py:4180} INFO - Setting next_dagrun for example_trigger_controller_dag to 2021-01-01 00:00:00+00:00, run_after=2021-01-01 00:00:00+00:00
[2026-07-18T21:41:22.409+0000] {processor.py:208} INFO - Processing /home/airflow/.local/lib/python3.12/site-packages/airflow/example_dags/example_trigger_controller_dag.py took 0.116 seconds
[2026-07-18T21:41:52.820+0000] {processor.py:186} INFO - Started process (PID=2076) to work on /home/airflow/.local/lib/python3.12/site-packages/airflow/example_dags/example_trigger_controller_dag.py
[2026-07-18T21:41:52.822+0000] {processor.py:914} INFO - Processing file /home/airflow/.local/lib/python3.12/site-packages/airflow/example_dags/example_trigger_controller_dag.py for tasks to queue
[2026-07-18T21:41:52.827+0000] {logging_mixin.py:190} INFO - [2026-07-18T21:41:52.826+0000] {dagbag.py:588} INFO - Filling up the DagBag from /home/airflow/.local/lib/python3.12/site-packages/airflow/example_dags/example_trigger_controller_dag.py
[2026-07-18T21:41:52.836+0000] {processor.py:925} INFO - DAG(s) 'example_trigger_controller_dag' retrieved from /home/airflow/.local/lib/python3.12/site-packages/airflow/example_dags/example_trigger_controller_dag.py
[2026-07-18T21:41:52.883+0000] {logging_mixin.py:190} INFO - [2026-07-18T21:41:52.882+0000] {dag.py:3239} INFO - Sync 1 DAGs
[2026-07-18T21:41:52.948+0000] {logging_mixin.py:190} INFO - [2026-07-18T21:41:52.947+0000] {dag.py:4180} INFO - Setting next_dagrun for example_trigger_controller_dag to 2021-01-01 00:00:00+00:00, run_after=2021-01-01 00:00:00+00:00
[2026-07-18T21:41:52.978+0000] {processor.py:208} INFO - Processing /home/airflow/.local/lib/python3.12/site-packages/airflow/example_dags/example_trigger_controller_dag.py took 0.165 seconds
[2026-07-18T21:42:23.489+0000] {processor.py:186} INFO - Started process (PID=2141) to work on /home/airflow/.local/lib/python3.12/site-packages/airflow/example_dags/example_trigger_controller_dag.py
[2026-07-18T21:42:23.492+0000] {processor.py:914} INFO - Processing file /home/airflow/.local/lib/python3.12/site-packages/airflow/example_dags/example_trigger_controller_dag.py for tasks to queue
[2026-07-18T21:42:23.497+0000] {logging_mixin.py:190} INFO - [2026-07-18T21:42:23.496+0000] {dagbag.py:588} INFO - Filling up the DagBag from /home/airflow/.local/lib/python3.12/site-packages/airflow/example_dags/example_trigger_controller_dag.py
[2026-07-18T21:42:23.510+0000] {processor.py:925} INFO - DAG(s) 'example_trigger_controller_dag' retrieved from /home/airflow/.local/lib/python3.12/site-packages/airflow/example_dags/example_trigger_controller_dag.py
[2026-07-18T21:42:23.541+0000] {logging_mixin.py:190} INFO - [2026-07-18T21:42:23.540+0000] {dag.py:3239} INFO - Sync 1 DAGs
[2026-07-18T21:42:23.575+0000] {logging_mixin.py:190} INFO - [2026-07-18T21:42:23.575+0000] {dag.py:4180} INFO - Setting next_dagrun for example_trigger_controller_dag to 2021-01-01 00:00:00+00:00, run_after=2021-01-01 00:00:00+00:00
[2026-07-18T21:42:23.679+0000] {processor.py:208} INFO - Processing /home/airflow/.local/lib/python3.12/site-packages/airflow/example_dags/example_trigger_controller_dag.py took 0.199 seconds
[2026-07-18T21:42:53.960+0000] {processor.py:186} INFO - Started process (PID=2205) to work on /home/airflow/.local/lib/python3.12/site-packages/airflow/example_dags/example_trigger_controller_dag.py
[2026-07-18T21:42:53.963+0000] {processor.py:914} INFO - Processing file /home/airflow/.local/lib/python3.12/site-packages/airflow/example_dags/example_trigger_controller_dag.py for tasks to queue
[2026-07-18T21:42:53.968+0000] {logging_mixin.py:190} INFO - [2026-07-18T21:42:53.967+0000] {dagbag.py:588} INFO - Filling up the DagBag from /home/airflow/.local/lib/python3.12/site-packages/airflow/example_dags/example_trigger_controller_dag.py
[2026-07-18T21:42:53.981+0000] {processor.py:925} INFO - DAG(s) 'example_trigger_controller_dag' retrieved from /home/airflow/.local/lib/python3.12/site-packages/airflow/example_dags/example_trigger_controller_dag.py
[2026-07-18T21:42:54.012+0000] {logging_mixin.py:190} INFO - [2026-07-18T21:42:54.012+0000] {dag.py:3239} INFO - Sync 1 DAGs
[2026-07-18T21:42:54.048+0000] {logging_mixin.py:190} INFO - [2026-07-18T21:42:54.047+0000] {dag.py:4180} INFO - Setting next_dagrun for example_trigger_controller_dag to 2021-01-01 00:00:00+00:00, run_after=2021-01-01 00:00:00+00:00
[2026-07-18T21:42:54.074+0000] {processor.py:208} INFO - Processing /home/airflow/.local/lib/python3.12/site-packages/airflow/example_dags/example_trigger_controller_dag.py took 0.124 seconds
[2026-07-18T21:43:28.692+0000] {processor.py:186} INFO - Started process (PID=2280) to work on /home/airflow/.local/lib/python3.12/site-packages/airflow/example_dags/example_trigger_controller_dag.py
[2026-07-18T21:43:28.696+0000] {processor.py:914} INFO - Processing file /home/airflow/.local/lib/python3.12/site-packages/airflow/example_dags/example_trigger_controller_dag.py for tasks to queue
[2026-07-18T21:43:28.701+0000] {logging_mixin.py:190} INFO - [2026-07-18T21:43:28.701+0000] {dagbag.py:588} INFO - Filling up the DagBag from /home/airflow/.local/lib/python3.12/site-packages/airflow/example_dags/example_trigger_controller_dag.py
[2026-07-18T21:43:28.715+0000] {processor.py:925} INFO - DAG(s) 'example_trigger_controller_dag' retrieved from /home/airflow/.local/lib/python3.12/site-packages/airflow/example_dags/example_trigger_controller_dag.py
[2026-07-18T21:43:28.768+0000] {logging_mixin.py:190} INFO - [2026-07-18T21:43:28.767+0000] {dag.py:3239} INFO - Sync 1 DAGs
[2026-07-18T21:43:28.836+0000] {logging_mixin.py:190} INFO - [2026-07-18T21:43:28.835+0000] {dag.py:4180} INFO - Setting next_dagrun for example_trigger_controller_dag to 2021-01-01 00:00:00+00:00, run_after=2021-01-01 00:00:00+00:00
[2026-07-18T21:43:28.886+0000] {processor.py:208} INFO - Processing /home/airflow/.local/lib/python3.12/site-packages/airflow/example_dags/example_trigger_controller_dag.py took 0.208 seconds
[2026-07-18T21:43:59.434+0000] {processor.py:186} INFO - Started process (PID=2344) to work on /home/airflow/.local/lib/python3.12/site-packages/airflow/example_dags/example_trigger_controller_dag.py
[2026-07-18T21:43:59.436+0000] {processor.py:914} INFO - Processing file /home/airflow/.local/lib/python3.12/site-packages/airflow/example_dags/example_trigger_controller_dag.py for tasks to queue
[2026-07-18T21:43:59.442+0000] {logging_mixin.py:190} INFO - [2026-07-18T21:43:59.442+0000] {dagbag.py:588} INFO - Filling up the DagBag from /home/airflow/.local/lib/python3.12/site-packages/airflow/example_dags/example_trigger_controller_dag.py
[2026-07-18T21:43:59.456+0000] {processor.py:925} INFO - DAG(s) 'example_trigger_controller_dag' retrieved from /home/airflow/.local/lib/python3.12/site-packages/airflow/example_dags/example_trigger_controller_dag.py
[2026-07-18T21:43:59.491+0000] {logging_mixin.py:190} INFO - [2026-07-18T21:43:59.491+0000] {dag.py:3239} INFO - Sync 1 DAGs
[2026-07-18T21:43:59.532+0000] {logging_mixin.py:190} INFO - [2026-07-18T21:43:59.532+0000] {dag.py:4180} INFO - Setting next_dagrun for example_trigger_controller_dag to 2021-01-01 00:00:00+00:00, run_after=2021-01-01 00:00:00+00:00
[2026-07-18T21:43:59.563+0000] {processor.py:208} INFO - Processing /home/airflow/.local/lib/python3.12/site-packages/airflow/example_dags/example_trigger_controller_dag.py took 0.139 seconds
[2026-07-18T21:44:30.482+0000] {processor.py:186} INFO - Started process (PID=2408) to work on /home/airflow/.local/lib/python3.12/site-packages/airflow/example_dags/example_trigger_controller_dag.py
[2026-07-18T21:44:30.486+0000] {processor.py:914} INFO - Processing file /home/airflow/.local/lib/python3.12/site-packages/airflow/example_dags/example_trigger_controller_dag.py for tasks to queue
[2026-07-18T21:44:30.492+0000] {logging_mixin.py:190} INFO - [2026-07-18T21:44:30.491+0000] {dagbag.py:588} INFO - Filling up the DagBag from /home/airflow/.local/lib/python3.12/site-packages/airflow/example_dags/example_trigger_controller_dag.py
[2026-07-18T21:44:30.506+0000] {processor.py:925} INFO - DAG(s) 'example_trigger_controller_dag' retrieved from /home/airflow/.local/lib/python3.12/site-packages/airflow/example_dags/example_trigger_controller_dag.py
[2026-07-18T21:44:30.538+0000] {logging_mixin.py:190} INFO - [2026-07-18T21:44:30.538+0000] {dag.py:3239} INFO - Sync 1 DAGs
[2026-07-18T21:44:30.585+0000] {logging_mixin.py:190} INFO - [2026-07-18T21:44:30.584+0000] {dag.py:4180} INFO - Setting next_dagrun for example_trigger_controller_dag to 2021-01-01 00:00:00+00:00, run_after=2021-01-01 00:00:00+00:00
[2026-07-18T21:44:30.621+0000] {processor.py:208} INFO - Processing /home/airflow/.local/lib/python3.12/site-packages/airflow/example_dags/example_trigger_controller_dag.py took 0.147 seconds
[2026-07-18T21:45:01.956+0000] {processor.py:186} INFO - Started process (PID=2472) to work on /home/airflow/.local/lib/python3.12/site-packages/airflow/example_dags/example_trigger_controller_dag.py
[2026-07-18T21:45:01.959+0000] {processor.py:914} INFO - Processing file /home/airflow/.local/lib/python3.12/site-packages/airflow/example_dags/example_trigger_controller_dag.py for tasks to queue
[2026-07-18T21:45:01.969+0000] {logging_mixin.py:190} INFO - [2026-07-18T21:45:01.969+0000] {dagbag.py:588} INFO - Filling up the DagBag from /home/airflow/.local/lib/python3.12/site-packages/airflow/example_dags/example_trigger_controller_dag.py
[2026-07-18T21:45:01.985+0000] {processor.py:925} INFO - DAG(s) 'example_trigger_controller_dag' retrieved from /home/airflow/.local/lib/python3.12/site-packages/airflow/example_dags/example_trigger_controller_dag.py
[2026-07-18T21:45:02.021+0000] {logging_mixin.py:190} INFO - [2026-07-18T21:45:02.021+0000] {dag.py:3239} INFO - Sync 1 DAGs
[2026-07-18T21:45:02.072+0000] {logging_mixin.py:190} INFO - [2026-07-18T21:45:02.071+0000] {dag.py:4180} INFO - Setting next_dagrun for example_trigger_controller_dag to 2021-01-01 00:00:00+00:00, run_after=2021-01-01 00:00:00+00:00
[2026-07-18T21:45:02.108+0000] {processor.py:208} INFO - Processing /home/airflow/.local/lib/python3.12/site-packages/airflow/example_dags/example_trigger_controller_dag.py took 0.170 seconds
[2026-07-18T21:45:34.996+0000] {processor.py:186} INFO - Started process (PID=2536) to work on /home/airflow/.local/lib/python3.12/site-packages/airflow/example_dags/example_trigger_controller_dag.py
[2026-07-18T21:45:34.998+0000] {processor.py:914} INFO - Processing file /home/airflow/.local/lib/python3.12/site-packages/airflow/example_dags/example_trigger_controller_dag.py for tasks to queue
[2026-07-18T21:45:35.006+0000] {logging_mixin.py:190} INFO - [2026-07-18T21:45:35.004+0000] {dagbag.py:588} INFO - Filling up the DagBag from /home/airflow/.local/lib/python3.12/site-packages/airflow/example_dags/example_trigger_controller_dag.py
[2026-07-18T21:45:35.027+0000] {processor.py:925} INFO - DAG(s) 'example_trigger_controller_dag' retrieved from /home/airflow/.local/lib/python3.12/site-packages/airflow/example_dags/example_trigger_controller_dag.py
[2026-07-18T21:45:35.087+0000] {logging_mixin.py:190} INFO - [2026-07-18T21:45:35.086+0000] {dag.py:3239} INFO - Sync 1 DAGs
[2026-07-18T21:45:35.152+0000] {logging_mixin.py:190} INFO - [2026-07-18T21:45:35.152+0000] {dag.py:4180} INFO - Setting next_dagrun for example_trigger_controller_dag to 2021-01-01 00:00:00+00:00, run_after=2021-01-01 00:00:00+00:00
[2026-07-18T21:45:35.260+0000] {processor.py:208} INFO - Processing /home/airflow/.local/lib/python3.12/site-packages/airflow/example_dags/example_trigger_controller_dag.py took 0.273 seconds
[2026-07-18T21:46:05.940+0000] {processor.py:186} INFO - Started process (PID=2600) to work on /home/airflow/.local/lib/python3.12/site-packages/airflow/example_dags/example_trigger_controller_dag.py
[2026-07-18T21:46:05.944+0000] {processor.py:914} INFO - Processing file /home/airflow/.local/lib/python3.12/site-packages/airflow/example_dags/example_trigger_controller_dag.py for tasks to queue
[2026-07-18T21:46:05.957+0000] {logging_mixin.py:190} INFO - [2026-07-18T21:46:05.956+0000] {dagbag.py:588} INFO - Filling up the DagBag from /home/airflow/.local/lib/python3.12/site-packages/airflow/example_dags/example_trigger_controller_dag.py
[2026-07-18T21:46:05.978+0000] {processor.py:925} INFO - DAG(s) 'example_trigger_controller_dag' retrieved from /home/airflow/.local/lib/python3.12/site-packages/airflow/example_dags/example_trigger_controller_dag.py
[2026-07-18T21:46:06.034+0000] {logging_mixin.py:190} INFO - [2026-07-18T21:46:06.033+0000] {dag.py:3239} INFO - Sync 1 DAGs
[2026-07-18T21:46:06.103+0000] {logging_mixin.py:190} INFO - [2026-07-18T21:46:06.102+0000] {dag.py:4180} INFO - Setting next_dagrun for example_trigger_controller_dag to 2021-01-01 00:00:00+00:00, run_after=2021-01-01 00:00:00+00:00
[2026-07-18T21:46:06.179+0000] {processor.py:208} INFO - Processing /home/airflow/.local/lib/python3.12/site-packages/airflow/example_dags/example_trigger_controller_dag.py took 0.257 seconds
[2026-07-18T21:46:36.780+0000] {processor.py:186} INFO - Started process (PID=2664) to work on /home/airflow/.local/lib/python3.12/site-packages/airflow/example_dags/example_trigger_controller_dag.py
[2026-07-18T21:46:36.783+0000] {processor.py:914} INFO - Processing file /home/airflow/.local/lib/python3.12/site-packages/airflow/example_dags/example_trigger_controller_dag.py for tasks to queue
[2026-07-18T21:46:36.788+0000] {logging_mixin.py:190} INFO - [2026-07-18T21:46:36.788+0000] {dagbag.py:588} INFO - Filling up the DagBag from /home/airflow/.local/lib/python3.12/site-packages/airflow/example_dags/example_trigger_controller_dag.py
[2026-07-18T21:46:36.799+0000] {processor.py:925} INFO - DAG(s) 'example_trigger_controller_dag' retrieved from /home/airflow/.local/lib/python3.12/site-packages/airflow/example_dags/example_trigger_controller_dag.py
[2026-07-18T21:46:36.827+0000] {logging_mixin.py:190} INFO - [2026-07-18T21:46:36.827+0000] {dag.py:3239} INFO - Sync 1 DAGs
[2026-07-18T21:46:36.860+0000] {logging_mixin.py:190} INFO - [2026-07-18T21:46:36.860+0000] {dag.py:4180} INFO - Setting next_dagrun for example_trigger_controller_dag to 2021-01-01 00:00:00+00:00, run_after=2021-01-01 00:00:00+00:00
[2026-07-18T21:46:36.885+0000] {processor.py:208} INFO - Processing /home/airflow/.local/lib/python3.12/site-packages/airflow/example_dags/example_trigger_controller_dag.py took 0.112 seconds
[2026-07-18T21:47:07.467+0000] {processor.py:186} INFO - Started process (PID=2728) to work on /home/airflow/.local/lib/python3.12/site-packages/airflow/example_dags/example_trigger_controller_dag.py
[2026-07-18T21:47:07.472+0000] {processor.py:914} INFO - Processing file /home/airflow/.local/lib/python3.12/site-packages/airflow/example_dags/example_trigger_controller_dag.py for tasks to queue
[2026-07-18T21:47:07.482+0000] {logging_mixin.py:190} INFO - [2026-07-18T21:47:07.481+0000] {dagbag.py:588} INFO - Filling up the DagBag from /home/airflow/.local/lib/python3.12/site-packages/airflow/example_dags/example_trigger_controller_dag.py
[2026-07-18T21:47:07.504+0000] {processor.py:925} INFO - DAG(s) 'example_trigger_controller_dag' retrieved from /home/airflow/.local/lib/python3.12/site-packages/airflow/example_dags/example_trigger_controller_dag.py
[2026-07-18T21:47:07.568+0000] {logging_mixin.py:190} INFO - [2026-07-18T21:47:07.567+0000] {dag.py:3239} INFO - Sync 1 DAGs
[2026-07-18T21:47:07.632+0000] {logging_mixin.py:190} INFO - [2026-07-18T21:47:07.632+0000] {dag.py:4180} INFO - Setting next_dagrun for example_trigger_controller_dag to 2021-01-01 00:00:00+00:00, run_after=2021-01-01 00:00:00+00:00
[2026-07-18T21:47:07.687+0000] {processor.py:208} INFO - Processing /home/airflow/.local/lib/python3.12/site-packages/airflow/example_dags/example_trigger_controller_dag.py took 0.236 seconds
[2026-07-18T21:47:39.088+0000] {processor.py:186} INFO - Started process (PID=2792) to work on /home/airflow/.local/lib/python3.12/site-packages/airflow/example_dags/example_trigger_controller_dag.py
[2026-07-18T21:47:39.093+0000] {processor.py:914} INFO - Processing file /home/airflow/.local/lib/python3.12/site-packages/airflow/example_dags/example_trigger_controller_dag.py for tasks to queue
[2026-07-18T21:47:39.104+0000] {logging_mixin.py:190} INFO - [2026-07-18T21:47:39.102+0000] {dagbag.py:588} INFO - Filling up the DagBag from /home/airflow/.local/lib/python3.12/site-packages/airflow/example_dags/example_trigger_controller_dag.py
[2026-07-18T21:47:39.123+0000] {processor.py:925} INFO - DAG(s) 'example_trigger_controller_dag' retrieved from /home/airflow/.local/lib/python3.12/site-packages/airflow/example_dags/example_trigger_controller_dag.py
[2026-07-18T21:47:39.163+0000] {logging_mixin.py:190} INFO - [2026-07-18T21:47:39.163+0000] {dag.py:3239} INFO - Sync 1 DAGs
[2026-07-18T21:47:39.196+0000] {logging_mixin.py:190} INFO - [2026-07-18T21:47:39.196+0000] {dag.py:4180} INFO - Setting next_dagrun for example_trigger_controller_dag to 2021-01-01 00:00:00+00:00, run_after=2021-01-01 00:00:00+00:00
[2026-07-18T21:47:39.305+0000] {processor.py:208} INFO - Processing /home/airflow/.local/lib/python3.12/site-packages/airflow/example_dags/example_trigger_controller_dag.py took 0.241 seconds
[2026-07-18T21:48:10.186+0000] {processor.py:186} INFO - Started process (PID=2856) to work on /home/airflow/.local/lib/python3.12/site-packages/airflow/example_dags/example_trigger_controller_dag.py
[2026-07-18T21:48:10.188+0000] {processor.py:914} INFO - Processing file /home/airflow/.local/lib/python3.12/site-packages/airflow/example_dags/example_trigger_controller_dag.py for tasks to queue
[2026-07-18T21:48:10.193+0000] {logging_mixin.py:190} INFO - [2026-07-18T21:48:10.192+0000] {dagbag.py:588} INFO - Filling up the DagBag from /home/airflow/.local/lib/python3.12/site-packages/airflow/example_dags/example_trigger_controller_dag.py
[2026-07-18T21:48:10.203+0000] {processor.py:925} INFO - DAG(s) 'example_trigger_controller_dag' retrieved from /home/airflow/.local/lib/python3.12/site-packages/airflow/example_dags/example_trigger_controller_dag.py
[2026-07-18T21:48:10.238+0000] {logging_mixin.py:190} INFO - [2026-07-18T21:48:10.237+0000] {dag.py:3239} INFO - Sync 1 DAGs
[2026-07-18T21:48:10.321+0000] {logging_mixin.py:190} INFO - [2026-07-18T21:48:10.320+0000] {dag.py:4180} INFO - Setting next_dagrun for example_trigger_controller_dag to 2021-01-01 00:00:00+00:00, run_after=2021-01-01 00:00:00+00:00
[2026-07-18T21:48:10.468+0000] {processor.py:208} INFO - Processing /home/airflow/.local/lib/python3.12/site-packages/airflow/example_dags/example_trigger_controller_dag.py took 0.290 seconds
[2026-07-18T21:48:41.742+0000] {processor.py:186} INFO - Started process (PID=2920) to work on /home/airflow/.local/lib/python3.12/site-packages/airflow/example_dags/example_trigger_controller_dag.py
[2026-07-18T21:48:41.746+0000] {processor.py:914} INFO - Processing file /home/airflow/.local/lib/python3.12/site-packages/airflow/example_dags/example_trigger_controller_dag.py for tasks to queue
[2026-07-18T21:48:41.755+0000] {logging_mixin.py:190} INFO - [2026-07-18T21:48:41.754+0000] {dagbag.py:588} INFO - Filling up the DagBag from /home/airflow/.local/lib/python3.12/site-packages/airflow/example_dags/example_trigger_controller_dag.py
[2026-07-18T21:48:41.778+0000] {processor.py:925} INFO - DAG(s) 'example_trigger_controller_dag' retrieved from /home/airflow/.local/lib/python3.12/site-packages/airflow/example_dags/example_trigger_controller_dag.py
[2026-07-18T21:48:41.831+0000] {logging_mixin.py:190} INFO - [2026-07-18T21:48:41.831+0000] {dag.py:3239} INFO - Sync 1 DAGs
[2026-07-18T21:48:41.868+0000] {logging_mixin.py:190} INFO - [2026-07-18T21:48:41.867+0000] {dag.py:4180} INFO - Setting next_dagrun for example_trigger_controller_dag to 2021-01-01 00:00:00+00:00, run_after=2021-01-01 00:00:00+00:00
[2026-07-18T21:48:41.918+0000] {processor.py:208} INFO - Processing /home/airflow/.local/lib/python3.12/site-packages/airflow/example_dags/example_trigger_controller_dag.py took 0.197 seconds
[2026-07-18T21:49:13.179+0000] {processor.py:186} INFO - Started process (PID=2984) to work on /home/airflow/.local/lib/python3.12/site-packages/airflow/example_dags/example_trigger_controller_dag.py
[2026-07-18T21:49:13.182+0000] {processor.py:914} INFO - Processing file /home/airflow/.local/lib/python3.12/site-packages/airflow/example_dags/example_trigger_controller_dag.py for tasks to queue
[2026-07-18T21:49:13.187+0000] {logging_mixin.py:190} INFO - [2026-07-18T21:49:13.186+0000] {dagbag.py:588} INFO - Filling up the DagBag from /home/airflow/.local/lib/python3.12/site-packages/airflow/example_dags/example_trigger_controller_dag.py
[2026-07-18T21:49:13.198+0000] {processor.py:925} INFO - DAG(s) 'example_trigger_controller_dag' retrieved from /home/airflow/.local/lib/python3.12/site-packages/airflow/example_dags/example_trigger_controller_dag.py
[2026-07-18T21:49:13.232+0000] {logging_mixin.py:190} INFO - [2026-07-18T21:49:13.232+0000] {dag.py:3239} INFO - Sync 1 DAGs
[2026-07-18T21:49:13.278+0000] {logging_mixin.py:190} INFO - [2026-07-18T21:49:13.278+0000] {dag.py:4180} INFO - Setting next_dagrun for example_trigger_controller_dag to 2021-01-01 00:00:00+00:00, run_after=2021-01-01 00:00:00+00:00
[2026-07-18T21:49:13.309+0000] {processor.py:208} INFO - Processing /home/airflow/.local/lib/python3.12/site-packages/airflow/example_dags/example_trigger_controller_dag.py took 0.138 seconds
[2026-07-18T22:00:46.063+0000] {processor.py:186} INFO - Started process (PID=3055) to work on /home/airflow/.local/lib/python3.12/site-packages/airflow/example_dags/example_trigger_controller_dag.py
[2026-07-18T22:00:46.066+0000] {processor.py:914} INFO - Processing file /home/airflow/.local/lib/python3.12/site-packages/airflow/example_dags/example_trigger_controller_dag.py for tasks to queue
[2026-07-18T22:00:46.070+0000] {logging_mixin.py:190} INFO - [2026-07-18T22:00:46.069+0000] {dagbag.py:588} INFO - Filling up the DagBag from /home/airflow/.local/lib/python3.12/site-packages/airflow/example_dags/example_trigger_controller_dag.py
[2026-07-18T22:00:46.107+0000] {processor.py:925} INFO - DAG(s) 'example_trigger_controller_dag' retrieved from /home/airflow/.local/lib/python3.12/site-packages/airflow/example_dags/example_trigger_controller_dag.py
[2026-07-18T22:00:46.185+0000] {logging_mixin.py:190} INFO - [2026-07-18T22:00:46.184+0000] {dag.py:3239} INFO - Sync 1 DAGs
[2026-07-18T22:00:46.278+0000] {logging_mixin.py:190} INFO - [2026-07-18T22:00:46.277+0000] {dag.py:4180} INFO - Setting next_dagrun for example_trigger_controller_dag to 2021-01-01 00:00:00+00:00, run_after=2021-01-01 00:00:00+00:00
[2026-07-18T22:00:46.323+0000] {processor.py:208} INFO - Processing /home/airflow/.local/lib/python3.12/site-packages/airflow/example_dags/example_trigger_controller_dag.py took 0.275 seconds
[2026-07-18T22:01:16.997+0000] {processor.py:186} INFO - Started process (PID=3119) to work on /home/airflow/.local/lib/python3.12/site-packages/airflow/example_dags/example_trigger_controller_dag.py
[2026-07-18T22:01:16.999+0000] {processor.py:914} INFO - Processing file /home/airflow/.local/lib/python3.12/site-packages/airflow/example_dags/example_trigger_controller_dag.py for tasks to queue
[2026-07-18T22:01:17.002+0000] {logging_mixin.py:190} INFO - [2026-07-18T22:01:17.002+0000] {dagbag.py:588} INFO - Filling up the DagBag from /home/airflow/.local/lib/python3.12/site-packages/airflow/example_dags/example_trigger_controller_dag.py
[2026-07-18T22:01:17.015+0000] {processor.py:925} INFO - DAG(s) 'example_trigger_controller_dag' retrieved from /home/airflow/.local/lib/python3.12/site-packages/airflow/example_dags/example_trigger_controller_dag.py
[2026-07-18T22:01:17.052+0000] {logging_mixin.py:190} INFO - [2026-07-18T22:01:17.052+0000] {dag.py:3239} INFO - Sync 1 DAGs
[2026-07-18T22:01:17.097+0000] {logging_mixin.py:190} INFO - [2026-07-18T22:01:17.097+0000] {dag.py:4180} INFO - Setting next_dagrun for example_trigger_controller_dag to 2021-01-01 00:00:00+00:00, run_after=2021-01-01 00:00:00+00:00
[2026-07-18T22:01:17.130+0000] {processor.py:208} INFO - Processing /home/airflow/.local/lib/python3.12/site-packages/airflow/example_dags/example_trigger_controller_dag.py took 0.142 seconds
[2026-07-18T22:01:48.329+0000] {processor.py:186} INFO - Started process (PID=3183) to work on /home/airflow/.local/lib/python3.12/site-packages/airflow/example_dags/example_trigger_controller_dag.py
[2026-07-18T22:01:48.331+0000] {processor.py:914} INFO - Processing file /home/airflow/.local/lib/python3.12/site-packages/airflow/example_dags/example_trigger_controller_dag.py for tasks to queue
[2026-07-18T22:01:48.335+0000] {logging_mixin.py:190} INFO - [2026-07-18T22:01:48.334+0000] {dagbag.py:588} INFO - Filling up the DagBag from /home/airflow/.local/lib/python3.12/site-packages/airflow/example_dags/example_trigger_controller_dag.py
[2026-07-18T22:01:48.346+0000] {processor.py:925} INFO - DAG(s) 'example_trigger_controller_dag' retrieved from /home/airflow/.local/lib/python3.12/site-packages/airflow/example_dags/example_trigger_controller_dag.py
[2026-07-18T22:01:48.388+0000] {logging_mixin.py:190} INFO - [2026-07-18T22:01:48.387+0000] {dag.py:3239} INFO - Sync 1 DAGs
[2026-07-18T22:01:48.453+0000] {logging_mixin.py:190} INFO - [2026-07-18T22:01:48.453+0000] {dag.py:4180} INFO - Setting next_dagrun for example_trigger_controller_dag to 2021-01-01 00:00:00+00:00, run_after=2021-01-01 00:00:00+00:00
[2026-07-18T22:01:48.523+0000] {processor.py:208} INFO - Processing /home/airflow/.local/lib/python3.12/site-packages/airflow/example_dags/example_trigger_controller_dag.py took 0.205 seconds
[2026-07-18T22:02:20.354+0000] {processor.py:186} INFO - Started process (PID=3247) to work on /home/airflow/.local/lib/python3.12/site-packages/airflow/example_dags/example_trigger_controller_dag.py
[2026-07-18T22:02:20.359+0000] {processor.py:914} INFO - Processing file /home/airflow/.local/lib/python3.12/site-packages/airflow/example_dags/example_trigger_controller_dag.py for tasks to queue
[2026-07-18T22:02:20.365+0000] {logging_mixin.py:190} INFO - [2026-07-18T22:02:20.364+0000] {dagbag.py:588} INFO - Filling up the DagBag from /home/airflow/.local/lib/python3.12/site-packages/airflow/example_dags/example_trigger_controller_dag.py
[2026-07-18T22:02:20.382+0000] {processor.py:925} INFO - DAG(s) 'example_trigger_controller_dag' retrieved from /home/airflow/.local/lib/python3.12/site-packages/airflow/example_dags/example_trigger_controller_dag.py
[2026-07-18T22:02:20.426+0000] {logging_mixin.py:190} INFO - [2026-07-18T22:02:20.425+0000] {dag.py:3239} INFO - Sync 1 DAGs
[2026-07-18T22:02:20.485+0000] {logging_mixin.py:190} INFO - [2026-07-18T22:02:20.484+0000] {dag.py:4180} INFO - Setting next_dagrun for example_trigger_controller_dag to 2021-01-01 00:00:00+00:00, run_after=2021-01-01 00:00:00+00:00
[2026-07-18T22:02:20.523+0000] {processor.py:208} INFO - Processing /home/airflow/.local/lib/python3.12/site-packages/airflow/example_dags/example_trigger_controller_dag.py took 0.193 seconds
[2026-07-18T22:02:51.566+0000] {processor.py:186} INFO - Started process (PID=3311) to work on /home/airflow/.local/lib/python3.12/site-packages/airflow/example_dags/example_trigger_controller_dag.py
[2026-07-18T22:02:51.569+0000] {processor.py:914} INFO - Processing file /home/airflow/.local/lib/python3.12/site-packages/airflow/example_dags/example_trigger_controller_dag.py for tasks to queue
[2026-07-18T22:02:51.572+0000] {logging_mixin.py:190} INFO - [2026-07-18T22:02:51.571+0000] {dagbag.py:588} INFO - Filling up the DagBag from /home/airflow/.local/lib/python3.12/site-packages/airflow/example_dags/example_trigger_controller_dag.py
[2026-07-18T22:02:51.582+0000] {processor.py:925} INFO - DAG(s) 'example_trigger_controller_dag' retrieved from /home/airflow/.local/lib/python3.12/site-packages/airflow/example_dags/example_trigger_controller_dag.py
[2026-07-18T22:02:51.614+0000] {logging_mixin.py:190} INFO - [2026-07-18T22:02:51.614+0000] {dag.py:3239} INFO - Sync 1 DAGs
[2026-07-18T22:02:51.657+0000] {logging_mixin.py:190} INFO - [2026-07-18T22:02:51.656+0000] {dag.py:4180} INFO - Setting next_dagrun for example_trigger_controller_dag to 2021-01-01 00:00:00+00:00, run_after=2021-01-01 00:00:00+00:00
[2026-07-18T22:02:51.790+0000] {processor.py:208} INFO - Processing /home/airflow/.local/lib/python3.12/site-packages/airflow/example_dags/example_trigger_controller_dag.py took 0.233 seconds
[2026-07-18T22:03:22.696+0000] {processor.py:186} INFO - Started process (PID=3375) to work on /home/airflow/.local/lib/python3.12/site-packages/airflow/example_dags/example_trigger_controller_dag.py
[2026-07-18T22:03:22.698+0000] {processor.py:914} INFO - Processing file /home/airflow/.local/lib/python3.12/site-packages/airflow/example_dags/example_trigger_controller_dag.py for tasks to queue
[2026-07-18T22:03:22.701+0000] {logging_mixin.py:190} INFO - [2026-07-18T22:03:22.700+0000] {dagbag.py:588} INFO - Filling up the DagBag from /home/airflow/.local/lib/python3.12/site-packages/airflow/example_dags/example_trigger_controller_dag.py
[2026-07-18T22:03:22.713+0000] {processor.py:925} INFO - DAG(s) 'example_trigger_controller_dag' retrieved from /home/airflow/.local/lib/python3.12/site-packages/airflow/example_dags/example_trigger_controller_dag.py
[2026-07-18T22:03:22.742+0000] {logging_mixin.py:190} INFO - [2026-07-18T22:03:22.741+0000] {dag.py:3239} INFO - Sync 1 DAGs
[2026-07-18T22:03:22.771+0000] {logging_mixin.py:190} INFO - [2026-07-18T22:03:22.770+0000] {dag.py:4180} INFO - Setting next_dagrun for example_trigger_controller_dag to 2021-01-01 00:00:00+00:00, run_after=2021-01-01 00:00:00+00:00
[2026-07-18T22:03:22.835+0000] {processor.py:208} INFO - Processing /home/airflow/.local/lib/python3.12/site-packages/airflow/example_dags/example_trigger_controller_dag.py took 0.146 seconds
[2026-07-18T22:03:55.717+0000] {processor.py:186} INFO - Started process (PID=3445) to work on /home/airflow/.local/lib/python3.12/site-packages/airflow/example_dags/example_trigger_controller_dag.py
[2026-07-18T22:03:55.720+0000] {processor.py:914} INFO - Processing file /home/airflow/.local/lib/python3.12/site-packages/airflow/example_dags/example_trigger_controller_dag.py for tasks to queue
[2026-07-18T22:03:55.723+0000] {logging_mixin.py:190} INFO - [2026-07-18T22:03:55.723+0000] {dagbag.py:588} INFO - Filling up the DagBag from /home/airflow/.local/lib/python3.12/site-packages/airflow/example_dags/example_trigger_controller_dag.py
[2026-07-18T22:03:55.736+0000] {processor.py:925} INFO - DAG(s) 'example_trigger_controller_dag' retrieved from /home/airflow/.local/lib/python3.12/site-packages/airflow/example_dags/example_trigger_controller_dag.py
[2026-07-18T22:03:55.768+0000] {logging_mixin.py:190} INFO - [2026-07-18T22:03:55.768+0000] {dag.py:3239} INFO - Sync 1 DAGs
[2026-07-18T22:03:55.805+0000] {logging_mixin.py:190} INFO - [2026-07-18T22:03:55.805+0000] {dag.py:4180} INFO - Setting next_dagrun for example_trigger_controller_dag to 2021-01-01 00:00:00+00:00, run_after=2021-01-01 00:00:00+00:00
[2026-07-18T22:03:55.831+0000] {processor.py:208} INFO - Processing /home/airflow/.local/lib/python3.12/site-packages/airflow/example_dags/example_trigger_controller_dag.py took 0.128 seconds
[2026-07-18T22:04:26.724+0000] {processor.py:186} INFO - Started process (PID=3509) to work on /home/airflow/.local/lib/python3.12/site-packages/airflow/example_dags/example_trigger_controller_dag.py
[2026-07-18T22:04:26.726+0000] {processor.py:914} INFO - Processing file /home/airflow/.local/lib/python3.12/site-packages/airflow/example_dags/example_trigger_controller_dag.py for tasks to queue
[2026-07-18T22:04:26.730+0000] {logging_mixin.py:190} INFO - [2026-07-18T22:04:26.729+0000] {dagbag.py:588} INFO - Filling up the DagBag from /home/airflow/.local/lib/python3.12/site-packages/airflow/example_dags/example_trigger_controller_dag.py
[2026-07-18T22:04:26.743+0000] {processor.py:925} INFO - DAG(s) 'example_trigger_controller_dag' retrieved from /home/airflow/.local/lib/python3.12/site-packages/airflow/example_dags/example_trigger_controller_dag.py
[2026-07-18T22:04:26.785+0000] {logging_mixin.py:190} INFO - [2026-07-18T22:04:26.784+0000] {dag.py:3239} INFO - Sync 1 DAGs
[2026-07-18T22:04:26.826+0000] {logging_mixin.py:190} INFO - [2026-07-18T22:04:26.826+0000] {dag.py:4180} INFO - Setting next_dagrun for example_trigger_controller_dag to 2021-01-01 00:00:00+00:00, run_after=2021-01-01 00:00:00+00:00
[2026-07-18T22:04:26.868+0000] {processor.py:208} INFO - Processing /home/airflow/.local/lib/python3.12/site-packages/airflow/example_dags/example_trigger_controller_dag.py took 0.154 seconds
[2026-07-18T22:04:57.082+0000] {processor.py:186} INFO - Started process (PID=3572) to work on /home/airflow/.local/lib/python3.12/site-packages/airflow/example_dags/example_trigger_controller_dag.py
[2026-07-18T22:04:57.085+0000] {processor.py:914} INFO - Processing file /home/airflow/.local/lib/python3.12/site-packages/airflow/example_dags/example_trigger_controller_dag.py for tasks to queue
[2026-07-18T22:04:57.088+0000] {logging_mixin.py:190} INFO - [2026-07-18T22:04:57.088+0000] {dagbag.py:588} INFO - Filling up the DagBag from /home/airflow/.local/lib/python3.12/site-packages/airflow/example_dags/example_trigger_controller_dag.py
[2026-07-18T22:04:57.111+0000] {processor.py:925} INFO - DAG(s) 'example_trigger_controller_dag' retrieved from /home/airflow/.local/lib/python3.12/site-packages/airflow/example_dags/example_trigger_controller_dag.py
[2026-07-18T22:04:57.141+0000] {logging_mixin.py:190} INFO - [2026-07-18T22:04:57.140+0000] {dag.py:3239} INFO - Sync 1 DAGs
[2026-07-18T22:04:57.173+0000] {logging_mixin.py:190} INFO - [2026-07-18T22:04:57.173+0000] {dag.py:4180} INFO - Setting next_dagrun for example_trigger_controller_dag to 2021-01-01 00:00:00+00:00, run_after=2021-01-01 00:00:00+00:00
[2026-07-18T22:04:57.204+0000] {processor.py:208} INFO - Processing /home/airflow/.local/lib/python3.12/site-packages/airflow/example_dags/example_trigger_controller_dag.py took 0.136 seconds
[2026-07-18T22:05:28.208+0000] {processor.py:186} INFO - Started process (PID=3635) to work on /home/airflow/.local/lib/python3.12/site-packages/airflow/example_dags/example_trigger_controller_dag.py
[2026-07-18T22:05:28.210+0000] {processor.py:914} INFO - Processing file /home/airflow/.local/lib/python3.12/site-packages/airflow/example_dags/example_trigger_controller_dag.py for tasks to queue
[2026-07-18T22:05:28.213+0000] {logging_mixin.py:190} INFO - [2026-07-18T22:05:28.212+0000] {dagbag.py:588} INFO - Filling up the DagBag from /home/airflow/.local/lib/python3.12/site-packages/airflow/example_dags/example_trigger_controller_dag.py
[2026-07-18T22:05:28.224+0000] {processor.py:925} INFO - DAG(s) 'example_trigger_controller_dag' retrieved from /home/airflow/.local/lib/python3.12/site-packages/airflow/example_dags/example_trigger_controller_dag.py
[2026-07-18T22:05:28.259+0000] {logging_mixin.py:190} INFO - [2026-07-18T22:05:28.258+0000] {dag.py:3239} INFO - Sync 1 DAGs
[2026-07-18T22:05:28.601+0000] {logging_mixin.py:190} INFO - [2026-07-18T22:05:28.601+0000] {dag.py:4180} INFO - Setting next_dagrun for example_trigger_controller_dag to 2021-01-01 00:00:00+00:00, run_after=2021-01-01 00:00:00+00:00
[2026-07-18T22:05:28.630+0000] {processor.py:208} INFO - Processing /home/airflow/.local/lib/python3.12/site-packages/airflow/example_dags/example_trigger_controller_dag.py took 0.430 seconds
