[2026-07-18T20:50:04.074+0000] {processor.py:186} INFO - Started process (PID=92) to work on /home/airflow/.local/lib/python3.12/site-packages/airflow/example_dags/example_sensors.py
[2026-07-18T20:50:04.076+0000] {processor.py:914} INFO - Processing file /home/airflow/.local/lib/python3.12/site-packages/airflow/example_dags/example_sensors.py for tasks to queue
[2026-07-18T20:50:04.081+0000] {logging_mixin.py:190} INFO - [2026-07-18T20:50:04.080+0000] {dagbag.py:588} INFO - Filling up the DagBag from /home/airflow/.local/lib/python3.12/site-packages/airflow/example_dags/example_sensors.py
[2026-07-18T20:50:04.108+0000] {processor.py:925} INFO - DAG(s) 'example_sensors' retrieved from /home/airflow/.local/lib/python3.12/site-packages/airflow/example_dags/example_sensors.py
[2026-07-18T20:50:04.480+0000] {logging_mixin.py:190} INFO - [2026-07-18T20:50:04.479+0000] {override.py:1911} INFO - Created Permission View: can edit on DAG:example_sensors
[2026-07-18T20:50:04.496+0000] {logging_mixin.py:190} INFO - [2026-07-18T20:50:04.496+0000] {override.py:1911} INFO - Created Permission View: can read on DAG:example_sensors
[2026-07-18T20:50:04.509+0000] {logging_mixin.py:190} INFO - [2026-07-18T20:50:04.508+0000] {override.py:1911} INFO - Created Permission View: can delete on DAG:example_sensors
[2026-07-18T20:50:04.522+0000] {logging_mixin.py:190} INFO - [2026-07-18T20:50:04.522+0000] {override.py:1911} INFO - Created Permission View: can create on DAG Run:example_sensors
[2026-07-18T20:50:04.532+0000] {logging_mixin.py:190} INFO - [2026-07-18T20:50:04.532+0000] {override.py:1911} INFO - Created Permission View: can read on DAG Run:example_sensors
[2026-07-18T20:50:04.544+0000] {logging_mixin.py:190} INFO - [2026-07-18T20:50:04.544+0000] {override.py:1911} INFO - Created Permission View: menu access on DAG Run:example_sensors
[2026-07-18T20:50:04.555+0000] {logging_mixin.py:190} INFO - [2026-07-18T20:50:04.554+0000] {override.py:1911} INFO - Created Permission View: can delete on DAG Run:example_sensors
[2026-07-18T20:50:04.556+0000] {logging_mixin.py:190} INFO - [2026-07-18T20:50:04.556+0000] {dag.py:3239} INFO - Sync 1 DAGs
[2026-07-18T20:50:04.574+0000] {logging_mixin.py:190} INFO - [2026-07-18T20:50:04.574+0000] {dag.py:3262} INFO - Creating ORM DAG for example_sensors
[2026-07-18T20:50:04.577+0000] {logging_mixin.py:190} INFO - [2026-07-18T20:50:04.576+0000] {dag.py:4180} INFO - Setting next_dagrun for example_sensors to None, run_after=None
[2026-07-18T20:50:04.605+0000] {processor.py:208} INFO - Processing /home/airflow/.local/lib/python3.12/site-packages/airflow/example_dags/example_sensors.py took 0.543 seconds
[2026-07-18T20:50:34.654+0000] {processor.py:186} INFO - Started process (PID=155) to work on /home/airflow/.local/lib/python3.12/site-packages/airflow/example_dags/example_sensors.py
[2026-07-18T20:50:34.655+0000] {processor.py:914} INFO - Processing file /home/airflow/.local/lib/python3.12/site-packages/airflow/example_dags/example_sensors.py for tasks to queue
[2026-07-18T20:50:34.657+0000] {logging_mixin.py:190} INFO - [2026-07-18T20:50:34.657+0000] {dagbag.py:588} INFO - Filling up the DagBag from /home/airflow/.local/lib/python3.12/site-packages/airflow/example_dags/example_sensors.py
[2026-07-18T20:50:34.667+0000] {processor.py:925} INFO - DAG(s) 'example_sensors' retrieved from /home/airflow/.local/lib/python3.12/site-packages/airflow/example_dags/example_sensors.py
[2026-07-18T20:50:34.687+0000] {logging_mixin.py:190} INFO - [2026-07-18T20:50:34.687+0000] {dag.py:3239} INFO - Sync 1 DAGs
[2026-07-18T20:50:34.698+0000] {logging_mixin.py:190} INFO - [2026-07-18T20:50:34.698+0000] {dag.py:4180} INFO - Setting next_dagrun for example_sensors to None, run_after=None
[2026-07-18T20:50:34.716+0000] {processor.py:208} INFO - Processing /home/airflow/.local/lib/python3.12/site-packages/airflow/example_dags/example_sensors.py took 0.067 seconds
[2026-07-18T20:51:07.770+0000] {processor.py:186} INFO - Started process (PID=218) to work on /home/airflow/.local/lib/python3.12/site-packages/airflow/example_dags/example_sensors.py
[2026-07-18T20:51:07.772+0000] {processor.py:914} INFO - Processing file /home/airflow/.local/lib/python3.12/site-packages/airflow/example_dags/example_sensors.py for tasks to queue
[2026-07-18T20:51:07.778+0000] {logging_mixin.py:190} INFO - [2026-07-18T20:51:07.777+0000] {dagbag.py:588} INFO - Filling up the DagBag from /home/airflow/.local/lib/python3.12/site-packages/airflow/example_dags/example_sensors.py
[2026-07-18T20:51:07.804+0000] {processor.py:925} INFO - DAG(s) 'example_sensors' retrieved from /home/airflow/.local/lib/python3.12/site-packages/airflow/example_dags/example_sensors.py
[2026-07-18T20:51:07.850+0000] {logging_mixin.py:190} INFO - [2026-07-18T20:51:07.849+0000] {dag.py:3239} INFO - Sync 1 DAGs
[2026-07-18T20:51:07.884+0000] {logging_mixin.py:190} INFO - [2026-07-18T20:51:07.884+0000] {dag.py:4180} INFO - Setting next_dagrun for example_sensors to None, run_after=None
[2026-07-18T20:51:07.927+0000] {processor.py:208} INFO - Processing /home/airflow/.local/lib/python3.12/site-packages/airflow/example_dags/example_sensors.py took 0.165 seconds
[2026-07-18T20:51:39.323+0000] {processor.py:186} INFO - Started process (PID=282) to work on /home/airflow/.local/lib/python3.12/site-packages/airflow/example_dags/example_sensors.py
[2026-07-18T20:51:39.324+0000] {processor.py:914} INFO - Processing file /home/airflow/.local/lib/python3.12/site-packages/airflow/example_dags/example_sensors.py for tasks to queue
[2026-07-18T20:51:39.326+0000] {logging_mixin.py:190} INFO - [2026-07-18T20:51:39.326+0000] {dagbag.py:588} INFO - Filling up the DagBag from /home/airflow/.local/lib/python3.12/site-packages/airflow/example_dags/example_sensors.py
[2026-07-18T20:51:39.336+0000] {processor.py:925} INFO - DAG(s) 'example_sensors' retrieved from /home/airflow/.local/lib/python3.12/site-packages/airflow/example_dags/example_sensors.py
[2026-07-18T20:51:39.358+0000] {logging_mixin.py:190} INFO - [2026-07-18T20:51:39.358+0000] {dag.py:3239} INFO - Sync 1 DAGs
[2026-07-18T20:51:39.370+0000] {logging_mixin.py:190} INFO - [2026-07-18T20:51:39.370+0000] {dag.py:4180} INFO - Setting next_dagrun for example_sensors to None, run_after=None
[2026-07-18T20:51:39.387+0000] {processor.py:208} INFO - Processing /home/airflow/.local/lib/python3.12/site-packages/airflow/example_dags/example_sensors.py took 0.069 seconds
[2026-07-18T20:52:11.153+0000] {processor.py:186} INFO - Started process (PID=345) to work on /home/airflow/.local/lib/python3.12/site-packages/airflow/example_dags/example_sensors.py
[2026-07-18T20:52:11.155+0000] {processor.py:914} INFO - Processing file /home/airflow/.local/lib/python3.12/site-packages/airflow/example_dags/example_sensors.py for tasks to queue
[2026-07-18T20:52:11.160+0000] {logging_mixin.py:190} INFO - [2026-07-18T20:52:11.159+0000] {dagbag.py:588} INFO - Filling up the DagBag from /home/airflow/.local/lib/python3.12/site-packages/airflow/example_dags/example_sensors.py
[2026-07-18T20:52:11.176+0000] {processor.py:925} INFO - DAG(s) 'example_sensors' retrieved from /home/airflow/.local/lib/python3.12/site-packages/airflow/example_dags/example_sensors.py
[2026-07-18T20:52:11.210+0000] {logging_mixin.py:190} INFO - [2026-07-18T20:52:11.210+0000] {dag.py:3239} INFO - Sync 1 DAGs
[2026-07-18T20:52:11.234+0000] {logging_mixin.py:190} INFO - [2026-07-18T20:52:11.234+0000] {dag.py:4180} INFO - Setting next_dagrun for example_sensors to None, run_after=None
[2026-07-18T20:52:11.268+0000] {processor.py:208} INFO - Processing /home/airflow/.local/lib/python3.12/site-packages/airflow/example_dags/example_sensors.py took 0.123 seconds
[2026-07-18T20:52:42.364+0000] {processor.py:186} INFO - Started process (PID=408) to work on /home/airflow/.local/lib/python3.12/site-packages/airflow/example_dags/example_sensors.py
[2026-07-18T20:52:42.367+0000] {processor.py:914} INFO - Processing file /home/airflow/.local/lib/python3.12/site-packages/airflow/example_dags/example_sensors.py for tasks to queue
[2026-07-18T20:52:42.370+0000] {logging_mixin.py:190} INFO - [2026-07-18T20:52:42.370+0000] {dagbag.py:588} INFO - Filling up the DagBag from /home/airflow/.local/lib/python3.12/site-packages/airflow/example_dags/example_sensors.py
[2026-07-18T20:52:42.388+0000] {processor.py:925} INFO - DAG(s) 'example_sensors' retrieved from /home/airflow/.local/lib/python3.12/site-packages/airflow/example_dags/example_sensors.py
[2026-07-18T20:52:42.435+0000] {logging_mixin.py:190} INFO - [2026-07-18T20:52:42.435+0000] {dag.py:3239} INFO - Sync 1 DAGs
[2026-07-18T20:52:42.461+0000] {logging_mixin.py:190} INFO - [2026-07-18T20:52:42.461+0000] {dag.py:4180} INFO - Setting next_dagrun for example_sensors to None, run_after=None
[2026-07-18T20:52:42.496+0000] {processor.py:208} INFO - Processing /home/airflow/.local/lib/python3.12/site-packages/airflow/example_dags/example_sensors.py took 0.142 seconds
[2026-07-18T20:53:14.018+0000] {processor.py:186} INFO - Started process (PID=471) to work on /home/airflow/.local/lib/python3.12/site-packages/airflow/example_dags/example_sensors.py
[2026-07-18T20:53:14.020+0000] {processor.py:914} INFO - Processing file /home/airflow/.local/lib/python3.12/site-packages/airflow/example_dags/example_sensors.py for tasks to queue
[2026-07-18T20:53:14.026+0000] {logging_mixin.py:190} INFO - [2026-07-18T20:53:14.025+0000] {dagbag.py:588} INFO - Filling up the DagBag from /home/airflow/.local/lib/python3.12/site-packages/airflow/example_dags/example_sensors.py
[2026-07-18T20:53:14.048+0000] {processor.py:925} INFO - DAG(s) 'example_sensors' retrieved from /home/airflow/.local/lib/python3.12/site-packages/airflow/example_dags/example_sensors.py
[2026-07-18T20:53:14.093+0000] {logging_mixin.py:190} INFO - [2026-07-18T20:53:14.093+0000] {dag.py:3239} INFO - Sync 1 DAGs
[2026-07-18T20:53:14.114+0000] {logging_mixin.py:190} INFO - [2026-07-18T20:53:14.114+0000] {dag.py:4180} INFO - Setting next_dagrun for example_sensors to None, run_after=None
[2026-07-18T20:53:14.142+0000] {processor.py:208} INFO - Processing /home/airflow/.local/lib/python3.12/site-packages/airflow/example_dags/example_sensors.py took 0.135 seconds
[2026-07-18T20:53:44.831+0000] {processor.py:186} INFO - Started process (PID=534) to work on /home/airflow/.local/lib/python3.12/site-packages/airflow/example_dags/example_sensors.py
[2026-07-18T20:53:44.833+0000] {processor.py:914} INFO - Processing file /home/airflow/.local/lib/python3.12/site-packages/airflow/example_dags/example_sensors.py for tasks to queue
[2026-07-18T20:53:44.835+0000] {logging_mixin.py:190} INFO - [2026-07-18T20:53:44.835+0000] {dagbag.py:588} INFO - Filling up the DagBag from /home/airflow/.local/lib/python3.12/site-packages/airflow/example_dags/example_sensors.py
[2026-07-18T20:53:44.845+0000] {processor.py:925} INFO - DAG(s) 'example_sensors' retrieved from /home/airflow/.local/lib/python3.12/site-packages/airflow/example_dags/example_sensors.py
[2026-07-18T20:53:44.869+0000] {logging_mixin.py:190} INFO - [2026-07-18T20:53:44.868+0000] {dag.py:3239} INFO - Sync 1 DAGs
[2026-07-18T20:53:44.882+0000] {logging_mixin.py:190} INFO - [2026-07-18T20:53:44.881+0000] {dag.py:4180} INFO - Setting next_dagrun for example_sensors to None, run_after=None
[2026-07-18T20:53:44.898+0000] {processor.py:208} INFO - Processing /home/airflow/.local/lib/python3.12/site-packages/airflow/example_dags/example_sensors.py took 0.072 seconds
[2026-07-18T20:54:15.882+0000] {processor.py:186} INFO - Started process (PID=597) to work on /home/airflow/.local/lib/python3.12/site-packages/airflow/example_dags/example_sensors.py
[2026-07-18T20:54:15.883+0000] {processor.py:914} INFO - Processing file /home/airflow/.local/lib/python3.12/site-packages/airflow/example_dags/example_sensors.py for tasks to queue
[2026-07-18T20:54:15.886+0000] {logging_mixin.py:190} INFO - [2026-07-18T20:54:15.885+0000] {dagbag.py:588} INFO - Filling up the DagBag from /home/airflow/.local/lib/python3.12/site-packages/airflow/example_dags/example_sensors.py
[2026-07-18T20:54:15.895+0000] {processor.py:925} INFO - DAG(s) 'example_sensors' retrieved from /home/airflow/.local/lib/python3.12/site-packages/airflow/example_dags/example_sensors.py
[2026-07-18T20:54:15.915+0000] {logging_mixin.py:190} INFO - [2026-07-18T20:54:15.915+0000] {dag.py:3239} INFO - Sync 1 DAGs
[2026-07-18T20:54:15.928+0000] {logging_mixin.py:190} INFO - [2026-07-18T20:54:15.927+0000] {dag.py:4180} INFO - Setting next_dagrun for example_sensors to None, run_after=None
[2026-07-18T20:54:15.944+0000] {processor.py:208} INFO - Processing /home/airflow/.local/lib/python3.12/site-packages/airflow/example_dags/example_sensors.py took 0.067 seconds
[2026-07-18T20:54:47.216+0000] {processor.py:186} INFO - Started process (PID=660) to work on /home/airflow/.local/lib/python3.12/site-packages/airflow/example_dags/example_sensors.py
[2026-07-18T20:54:47.217+0000] {processor.py:914} INFO - Processing file /home/airflow/.local/lib/python3.12/site-packages/airflow/example_dags/example_sensors.py for tasks to queue
[2026-07-18T20:54:47.220+0000] {logging_mixin.py:190} INFO - [2026-07-18T20:54:47.219+0000] {dagbag.py:588} INFO - Filling up the DagBag from /home/airflow/.local/lib/python3.12/site-packages/airflow/example_dags/example_sensors.py
[2026-07-18T20:54:47.228+0000] {processor.py:925} INFO - DAG(s) 'example_sensors' retrieved from /home/airflow/.local/lib/python3.12/site-packages/airflow/example_dags/example_sensors.py
[2026-07-18T20:54:47.248+0000] {logging_mixin.py:190} INFO - [2026-07-18T20:54:47.248+0000] {dag.py:3239} INFO - Sync 1 DAGs
[2026-07-18T20:54:47.259+0000] {logging_mixin.py:190} INFO - [2026-07-18T20:54:47.259+0000] {dag.py:4180} INFO - Setting next_dagrun for example_sensors to None, run_after=None
[2026-07-18T20:54:47.275+0000] {processor.py:208} INFO - Processing /home/airflow/.local/lib/python3.12/site-packages/airflow/example_dags/example_sensors.py took 0.064 seconds
[2026-07-18T20:55:17.866+0000] {processor.py:186} INFO - Started process (PID=723) to work on /home/airflow/.local/lib/python3.12/site-packages/airflow/example_dags/example_sensors.py
[2026-07-18T20:55:17.867+0000] {processor.py:914} INFO - Processing file /home/airflow/.local/lib/python3.12/site-packages/airflow/example_dags/example_sensors.py for tasks to queue
[2026-07-18T20:55:17.869+0000] {logging_mixin.py:190} INFO - [2026-07-18T20:55:17.869+0000] {dagbag.py:588} INFO - Filling up the DagBag from /home/airflow/.local/lib/python3.12/site-packages/airflow/example_dags/example_sensors.py
[2026-07-18T20:55:17.879+0000] {processor.py:925} INFO - DAG(s) 'example_sensors' retrieved from /home/airflow/.local/lib/python3.12/site-packages/airflow/example_dags/example_sensors.py
[2026-07-18T20:55:17.901+0000] {logging_mixin.py:190} INFO - [2026-07-18T20:55:17.901+0000] {dag.py:3239} INFO - Sync 1 DAGs
[2026-07-18T20:55:17.913+0000] {logging_mixin.py:190} INFO - [2026-07-18T20:55:17.913+0000] {dag.py:4180} INFO - Setting next_dagrun for example_sensors to None, run_after=None
[2026-07-18T20:55:17.929+0000] {processor.py:208} INFO - Processing /home/airflow/.local/lib/python3.12/site-packages/airflow/example_dags/example_sensors.py took 0.068 seconds
[2026-07-18T20:55:49.488+0000] {processor.py:186} INFO - Started process (PID=786) to work on /home/airflow/.local/lib/python3.12/site-packages/airflow/example_dags/example_sensors.py
[2026-07-18T20:55:49.489+0000] {processor.py:914} INFO - Processing file /home/airflow/.local/lib/python3.12/site-packages/airflow/example_dags/example_sensors.py for tasks to queue
[2026-07-18T20:55:49.492+0000] {logging_mixin.py:190} INFO - [2026-07-18T20:55:49.492+0000] {dagbag.py:588} INFO - Filling up the DagBag from /home/airflow/.local/lib/python3.12/site-packages/airflow/example_dags/example_sensors.py
[2026-07-18T20:55:49.502+0000] {processor.py:925} INFO - DAG(s) 'example_sensors' retrieved from /home/airflow/.local/lib/python3.12/site-packages/airflow/example_dags/example_sensors.py
[2026-07-18T20:55:49.526+0000] {logging_mixin.py:190} INFO - [2026-07-18T20:55:49.525+0000] {dag.py:3239} INFO - Sync 1 DAGs
[2026-07-18T20:55:49.542+0000] {logging_mixin.py:190} INFO - [2026-07-18T20:55:49.542+0000] {dag.py:4180} INFO - Setting next_dagrun for example_sensors to None, run_after=None
[2026-07-18T20:55:49.570+0000] {processor.py:208} INFO - Processing /home/airflow/.local/lib/python3.12/site-packages/airflow/example_dags/example_sensors.py took 0.087 seconds
[2026-07-18T20:56:21.206+0000] {processor.py:186} INFO - Started process (PID=849) to work on /home/airflow/.local/lib/python3.12/site-packages/airflow/example_dags/example_sensors.py
[2026-07-18T20:56:21.208+0000] {processor.py:914} INFO - Processing file /home/airflow/.local/lib/python3.12/site-packages/airflow/example_dags/example_sensors.py for tasks to queue
[2026-07-18T20:56:21.210+0000] {logging_mixin.py:190} INFO - [2026-07-18T20:56:21.210+0000] {dagbag.py:588} INFO - Filling up the DagBag from /home/airflow/.local/lib/python3.12/site-packages/airflow/example_dags/example_sensors.py
[2026-07-18T20:56:21.222+0000] {processor.py:925} INFO - DAG(s) 'example_sensors' retrieved from /home/airflow/.local/lib/python3.12/site-packages/airflow/example_dags/example_sensors.py
[2026-07-18T20:56:21.248+0000] {logging_mixin.py:190} INFO - [2026-07-18T20:56:21.248+0000] {dag.py:3239} INFO - Sync 1 DAGs
[2026-07-18T20:56:21.266+0000] {logging_mixin.py:190} INFO - [2026-07-18T20:56:21.266+0000] {dag.py:4180} INFO - Setting next_dagrun for example_sensors to None, run_after=None
[2026-07-18T20:56:21.282+0000] {processor.py:208} INFO - Processing /home/airflow/.local/lib/python3.12/site-packages/airflow/example_dags/example_sensors.py took 0.085 seconds
[2026-07-18T20:56:52.493+0000] {processor.py:186} INFO - Started process (PID=912) to work on /home/airflow/.local/lib/python3.12/site-packages/airflow/example_dags/example_sensors.py
[2026-07-18T20:56:52.495+0000] {processor.py:914} INFO - Processing file /home/airflow/.local/lib/python3.12/site-packages/airflow/example_dags/example_sensors.py for tasks to queue
[2026-07-18T20:56:52.498+0000] {logging_mixin.py:190} INFO - [2026-07-18T20:56:52.497+0000] {dagbag.py:588} INFO - Filling up the DagBag from /home/airflow/.local/lib/python3.12/site-packages/airflow/example_dags/example_sensors.py
[2026-07-18T20:56:52.514+0000] {processor.py:925} INFO - DAG(s) 'example_sensors' retrieved from /home/airflow/.local/lib/python3.12/site-packages/airflow/example_dags/example_sensors.py
[2026-07-18T20:56:52.536+0000] {logging_mixin.py:190} INFO - [2026-07-18T20:56:52.536+0000] {dag.py:3239} INFO - Sync 1 DAGs
[2026-07-18T20:56:52.550+0000] {logging_mixin.py:190} INFO - [2026-07-18T20:56:52.550+0000] {dag.py:4180} INFO - Setting next_dagrun for example_sensors to None, run_after=None
[2026-07-18T20:56:52.568+0000] {processor.py:208} INFO - Processing /home/airflow/.local/lib/python3.12/site-packages/airflow/example_dags/example_sensors.py took 0.081 seconds
[2026-07-18T20:57:23.964+0000] {processor.py:186} INFO - Started process (PID=975) to work on /home/airflow/.local/lib/python3.12/site-packages/airflow/example_dags/example_sensors.py
[2026-07-18T20:57:23.966+0000] {processor.py:914} INFO - Processing file /home/airflow/.local/lib/python3.12/site-packages/airflow/example_dags/example_sensors.py for tasks to queue
[2026-07-18T20:57:23.969+0000] {logging_mixin.py:190} INFO - [2026-07-18T20:57:23.968+0000] {dagbag.py:588} INFO - Filling up the DagBag from /home/airflow/.local/lib/python3.12/site-packages/airflow/example_dags/example_sensors.py
[2026-07-18T20:57:23.979+0000] {processor.py:925} INFO - DAG(s) 'example_sensors' retrieved from /home/airflow/.local/lib/python3.12/site-packages/airflow/example_dags/example_sensors.py
[2026-07-18T20:57:23.999+0000] {logging_mixin.py:190} INFO - [2026-07-18T20:57:23.998+0000] {dag.py:3239} INFO - Sync 1 DAGs
[2026-07-18T20:57:24.011+0000] {logging_mixin.py:190} INFO - [2026-07-18T20:57:24.011+0000] {dag.py:4180} INFO - Setting next_dagrun for example_sensors to None, run_after=None
[2026-07-18T20:57:24.029+0000] {processor.py:208} INFO - Processing /home/airflow/.local/lib/python3.12/site-packages/airflow/example_dags/example_sensors.py took 0.070 seconds
[2026-07-18T20:57:55.244+0000] {processor.py:186} INFO - Started process (PID=1038) to work on /home/airflow/.local/lib/python3.12/site-packages/airflow/example_dags/example_sensors.py
[2026-07-18T20:57:55.245+0000] {processor.py:914} INFO - Processing file /home/airflow/.local/lib/python3.12/site-packages/airflow/example_dags/example_sensors.py for tasks to queue
[2026-07-18T20:57:55.247+0000] {logging_mixin.py:190} INFO - [2026-07-18T20:57:55.247+0000] {dagbag.py:588} INFO - Filling up the DagBag from /home/airflow/.local/lib/python3.12/site-packages/airflow/example_dags/example_sensors.py
[2026-07-18T20:57:55.256+0000] {processor.py:925} INFO - DAG(s) 'example_sensors' retrieved from /home/airflow/.local/lib/python3.12/site-packages/airflow/example_dags/example_sensors.py
[2026-07-18T20:57:55.277+0000] {logging_mixin.py:190} INFO - [2026-07-18T20:57:55.276+0000] {dag.py:3239} INFO - Sync 1 DAGs
[2026-07-18T20:57:55.289+0000] {logging_mixin.py:190} INFO - [2026-07-18T20:57:55.288+0000] {dag.py:4180} INFO - Setting next_dagrun for example_sensors to None, run_after=None
[2026-07-18T20:57:55.304+0000] {processor.py:208} INFO - Processing /home/airflow/.local/lib/python3.12/site-packages/airflow/example_dags/example_sensors.py took 0.065 seconds
[2026-07-18T20:58:26.656+0000] {processor.py:186} INFO - Started process (PID=1101) to work on /home/airflow/.local/lib/python3.12/site-packages/airflow/example_dags/example_sensors.py
[2026-07-18T20:58:26.657+0000] {processor.py:914} INFO - Processing file /home/airflow/.local/lib/python3.12/site-packages/airflow/example_dags/example_sensors.py for tasks to queue
[2026-07-18T20:58:26.659+0000] {logging_mixin.py:190} INFO - [2026-07-18T20:58:26.659+0000] {dagbag.py:588} INFO - Filling up the DagBag from /home/airflow/.local/lib/python3.12/site-packages/airflow/example_dags/example_sensors.py
[2026-07-18T20:58:26.668+0000] {processor.py:925} INFO - DAG(s) 'example_sensors' retrieved from /home/airflow/.local/lib/python3.12/site-packages/airflow/example_dags/example_sensors.py
[2026-07-18T20:58:26.689+0000] {logging_mixin.py:190} INFO - [2026-07-18T20:58:26.689+0000] {dag.py:3239} INFO - Sync 1 DAGs
[2026-07-18T20:58:26.701+0000] {logging_mixin.py:190} INFO - [2026-07-18T20:58:26.701+0000] {dag.py:4180} INFO - Setting next_dagrun for example_sensors to None, run_after=None
[2026-07-18T20:58:26.717+0000] {processor.py:208} INFO - Processing /home/airflow/.local/lib/python3.12/site-packages/airflow/example_dags/example_sensors.py took 0.067 seconds
[2026-07-18T20:58:57.307+0000] {processor.py:186} INFO - Started process (PID=1164) to work on /home/airflow/.local/lib/python3.12/site-packages/airflow/example_dags/example_sensors.py
[2026-07-18T20:58:57.308+0000] {processor.py:914} INFO - Processing file /home/airflow/.local/lib/python3.12/site-packages/airflow/example_dags/example_sensors.py for tasks to queue
[2026-07-18T20:58:57.311+0000] {logging_mixin.py:190} INFO - [2026-07-18T20:58:57.310+0000] {dagbag.py:588} INFO - Filling up the DagBag from /home/airflow/.local/lib/python3.12/site-packages/airflow/example_dags/example_sensors.py
[2026-07-18T20:58:57.321+0000] {processor.py:925} INFO - DAG(s) 'example_sensors' retrieved from /home/airflow/.local/lib/python3.12/site-packages/airflow/example_dags/example_sensors.py
[2026-07-18T20:58:57.349+0000] {logging_mixin.py:190} INFO - [2026-07-18T20:58:57.348+0000] {dag.py:3239} INFO - Sync 1 DAGs
[2026-07-18T20:58:57.364+0000] {logging_mixin.py:190} INFO - [2026-07-18T20:58:57.363+0000] {dag.py:4180} INFO - Setting next_dagrun for example_sensors to None, run_after=None
[2026-07-18T20:58:57.382+0000] {processor.py:208} INFO - Processing /home/airflow/.local/lib/python3.12/site-packages/airflow/example_dags/example_sensors.py took 0.081 seconds
[2026-07-18T20:59:28.591+0000] {processor.py:186} INFO - Started process (PID=1227) to work on /home/airflow/.local/lib/python3.12/site-packages/airflow/example_dags/example_sensors.py
[2026-07-18T20:59:28.592+0000] {processor.py:914} INFO - Processing file /home/airflow/.local/lib/python3.12/site-packages/airflow/example_dags/example_sensors.py for tasks to queue
[2026-07-18T20:59:28.594+0000] {logging_mixin.py:190} INFO - [2026-07-18T20:59:28.594+0000] {dagbag.py:588} INFO - Filling up the DagBag from /home/airflow/.local/lib/python3.12/site-packages/airflow/example_dags/example_sensors.py
[2026-07-18T20:59:28.603+0000] {processor.py:925} INFO - DAG(s) 'example_sensors' retrieved from /home/airflow/.local/lib/python3.12/site-packages/airflow/example_dags/example_sensors.py
[2026-07-18T20:59:28.625+0000] {logging_mixin.py:190} INFO - [2026-07-18T20:59:28.625+0000] {dag.py:3239} INFO - Sync 1 DAGs
[2026-07-18T20:59:28.638+0000] {logging_mixin.py:190} INFO - [2026-07-18T20:59:28.638+0000] {dag.py:4180} INFO - Setting next_dagrun for example_sensors to None, run_after=None
[2026-07-18T20:59:28.655+0000] {processor.py:208} INFO - Processing /home/airflow/.local/lib/python3.12/site-packages/airflow/example_dags/example_sensors.py took 0.070 seconds
[2026-07-18T20:59:59.350+0000] {processor.py:186} INFO - Started process (PID=1290) to work on /home/airflow/.local/lib/python3.12/site-packages/airflow/example_dags/example_sensors.py
[2026-07-18T20:59:59.353+0000] {processor.py:914} INFO - Processing file /home/airflow/.local/lib/python3.12/site-packages/airflow/example_dags/example_sensors.py for tasks to queue
[2026-07-18T20:59:59.356+0000] {logging_mixin.py:190} INFO - [2026-07-18T20:59:59.356+0000] {dagbag.py:588} INFO - Filling up the DagBag from /home/airflow/.local/lib/python3.12/site-packages/airflow/example_dags/example_sensors.py
[2026-07-18T20:59:59.369+0000] {processor.py:925} INFO - DAG(s) 'example_sensors' retrieved from /home/airflow/.local/lib/python3.12/site-packages/airflow/example_dags/example_sensors.py
[2026-07-18T20:59:59.403+0000] {logging_mixin.py:190} INFO - [2026-07-18T20:59:59.403+0000] {dag.py:3239} INFO - Sync 1 DAGs
[2026-07-18T20:59:59.419+0000] {logging_mixin.py:190} INFO - [2026-07-18T20:59:59.419+0000] {dag.py:4180} INFO - Setting next_dagrun for example_sensors to None, run_after=None
[2026-07-18T20:59:59.440+0000] {processor.py:208} INFO - Processing /home/airflow/.local/lib/python3.12/site-packages/airflow/example_dags/example_sensors.py took 0.096 seconds
[2026-07-18T21:00:30.692+0000] {processor.py:186} INFO - Started process (PID=1353) to work on /home/airflow/.local/lib/python3.12/site-packages/airflow/example_dags/example_sensors.py
[2026-07-18T21:00:30.693+0000] {processor.py:914} INFO - Processing file /home/airflow/.local/lib/python3.12/site-packages/airflow/example_dags/example_sensors.py for tasks to queue
[2026-07-18T21:00:30.696+0000] {logging_mixin.py:190} INFO - [2026-07-18T21:00:30.696+0000] {dagbag.py:588} INFO - Filling up the DagBag from /home/airflow/.local/lib/python3.12/site-packages/airflow/example_dags/example_sensors.py
[2026-07-18T21:00:30.705+0000] {processor.py:925} INFO - DAG(s) 'example_sensors' retrieved from /home/airflow/.local/lib/python3.12/site-packages/airflow/example_dags/example_sensors.py
[2026-07-18T21:00:30.725+0000] {logging_mixin.py:190} INFO - [2026-07-18T21:00:30.725+0000] {dag.py:3239} INFO - Sync 1 DAGs
[2026-07-18T21:00:30.736+0000] {logging_mixin.py:190} INFO - [2026-07-18T21:00:30.736+0000] {dag.py:4180} INFO - Setting next_dagrun for example_sensors to None, run_after=None
[2026-07-18T21:00:30.751+0000] {processor.py:208} INFO - Processing /home/airflow/.local/lib/python3.12/site-packages/airflow/example_dags/example_sensors.py took 0.064 seconds
[2026-07-18T21:01:02.353+0000] {processor.py:186} INFO - Started process (PID=1416) to work on /home/airflow/.local/lib/python3.12/site-packages/airflow/example_dags/example_sensors.py
[2026-07-18T21:01:02.355+0000] {processor.py:914} INFO - Processing file /home/airflow/.local/lib/python3.12/site-packages/airflow/example_dags/example_sensors.py for tasks to queue
[2026-07-18T21:01:02.360+0000] {logging_mixin.py:190} INFO - [2026-07-18T21:01:02.359+0000] {dagbag.py:588} INFO - Filling up the DagBag from /home/airflow/.local/lib/python3.12/site-packages/airflow/example_dags/example_sensors.py
[2026-07-18T21:01:02.374+0000] {processor.py:925} INFO - DAG(s) 'example_sensors' retrieved from /home/airflow/.local/lib/python3.12/site-packages/airflow/example_dags/example_sensors.py
[2026-07-18T21:01:02.419+0000] {logging_mixin.py:190} INFO - [2026-07-18T21:01:02.419+0000] {dag.py:3239} INFO - Sync 1 DAGs
[2026-07-18T21:01:02.444+0000] {logging_mixin.py:190} INFO - [2026-07-18T21:01:02.444+0000] {dag.py:4180} INFO - Setting next_dagrun for example_sensors to None, run_after=None
[2026-07-18T21:01:02.525+0000] {processor.py:208} INFO - Processing /home/airflow/.local/lib/python3.12/site-packages/airflow/example_dags/example_sensors.py took 0.182 seconds
[2026-07-18T21:01:33.657+0000] {processor.py:186} INFO - Started process (PID=1479) to work on /home/airflow/.local/lib/python3.12/site-packages/airflow/example_dags/example_sensors.py
[2026-07-18T21:01:33.659+0000] {processor.py:914} INFO - Processing file /home/airflow/.local/lib/python3.12/site-packages/airflow/example_dags/example_sensors.py for tasks to queue
[2026-07-18T21:01:33.665+0000] {logging_mixin.py:190} INFO - [2026-07-18T21:01:33.664+0000] {dagbag.py:588} INFO - Filling up the DagBag from /home/airflow/.local/lib/python3.12/site-packages/airflow/example_dags/example_sensors.py
[2026-07-18T21:01:33.689+0000] {processor.py:925} INFO - DAG(s) 'example_sensors' retrieved from /home/airflow/.local/lib/python3.12/site-packages/airflow/example_dags/example_sensors.py
[2026-07-18T21:01:33.731+0000] {logging_mixin.py:190} INFO - [2026-07-18T21:01:33.730+0000] {dag.py:3239} INFO - Sync 1 DAGs
[2026-07-18T21:01:33.748+0000] {logging_mixin.py:190} INFO - [2026-07-18T21:01:33.748+0000] {dag.py:4180} INFO - Setting next_dagrun for example_sensors to None, run_after=None
[2026-07-18T21:01:33.811+0000] {processor.py:208} INFO - Processing /home/airflow/.local/lib/python3.12/site-packages/airflow/example_dags/example_sensors.py took 0.163 seconds
[2026-07-18T21:02:05.543+0000] {processor.py:186} INFO - Started process (PID=1548) to work on /home/airflow/.local/lib/python3.12/site-packages/airflow/example_dags/example_sensors.py
[2026-07-18T21:02:05.546+0000] {processor.py:914} INFO - Processing file /home/airflow/.local/lib/python3.12/site-packages/airflow/example_dags/example_sensors.py for tasks to queue
[2026-07-18T21:02:05.552+0000] {logging_mixin.py:190} INFO - [2026-07-18T21:02:05.551+0000] {dagbag.py:588} INFO - Filling up the DagBag from /home/airflow/.local/lib/python3.12/site-packages/airflow/example_dags/example_sensors.py
[2026-07-18T21:02:05.575+0000] {processor.py:925} INFO - DAG(s) 'example_sensors' retrieved from /home/airflow/.local/lib/python3.12/site-packages/airflow/example_dags/example_sensors.py
[2026-07-18T21:02:05.622+0000] {logging_mixin.py:190} INFO - [2026-07-18T21:02:05.621+0000] {dag.py:3239} INFO - Sync 1 DAGs
[2026-07-18T21:02:05.644+0000] {logging_mixin.py:190} INFO - [2026-07-18T21:02:05.644+0000] {dag.py:4180} INFO - Setting next_dagrun for example_sensors to None, run_after=None
[2026-07-18T21:02:05.677+0000] {processor.py:208} INFO - Processing /home/airflow/.local/lib/python3.12/site-packages/airflow/example_dags/example_sensors.py took 0.151 seconds
[2026-07-18T21:02:37.057+0000] {processor.py:186} INFO - Started process (PID=1611) to work on /home/airflow/.local/lib/python3.12/site-packages/airflow/example_dags/example_sensors.py
[2026-07-18T21:02:37.059+0000] {processor.py:914} INFO - Processing file /home/airflow/.local/lib/python3.12/site-packages/airflow/example_dags/example_sensors.py for tasks to queue
[2026-07-18T21:02:37.064+0000] {logging_mixin.py:190} INFO - [2026-07-18T21:02:37.064+0000] {dagbag.py:588} INFO - Filling up the DagBag from /home/airflow/.local/lib/python3.12/site-packages/airflow/example_dags/example_sensors.py
[2026-07-18T21:02:37.083+0000] {processor.py:925} INFO - DAG(s) 'example_sensors' retrieved from /home/airflow/.local/lib/python3.12/site-packages/airflow/example_dags/example_sensors.py
[2026-07-18T21:02:37.118+0000] {logging_mixin.py:190} INFO - [2026-07-18T21:02:37.117+0000] {dag.py:3239} INFO - Sync 1 DAGs
[2026-07-18T21:02:37.139+0000] {logging_mixin.py:190} INFO - [2026-07-18T21:02:37.138+0000] {dag.py:4180} INFO - Setting next_dagrun for example_sensors to None, run_after=None
[2026-07-18T21:02:37.164+0000] {processor.py:208} INFO - Processing /home/airflow/.local/lib/python3.12/site-packages/airflow/example_dags/example_sensors.py took 0.115 seconds
[2026-07-18T21:03:08.453+0000] {processor.py:186} INFO - Started process (PID=1674) to work on /home/airflow/.local/lib/python3.12/site-packages/airflow/example_dags/example_sensors.py
[2026-07-18T21:03:08.456+0000] {processor.py:914} INFO - Processing file /home/airflow/.local/lib/python3.12/site-packages/airflow/example_dags/example_sensors.py for tasks to queue
[2026-07-18T21:03:08.461+0000] {logging_mixin.py:190} INFO - [2026-07-18T21:03:08.461+0000] {dagbag.py:588} INFO - Filling up the DagBag from /home/airflow/.local/lib/python3.12/site-packages/airflow/example_dags/example_sensors.py
[2026-07-18T21:03:08.483+0000] {processor.py:925} INFO - DAG(s) 'example_sensors' retrieved from /home/airflow/.local/lib/python3.12/site-packages/airflow/example_dags/example_sensors.py
[2026-07-18T21:03:08.523+0000] {logging_mixin.py:190} INFO - [2026-07-18T21:03:08.523+0000] {dag.py:3239} INFO - Sync 1 DAGs
[2026-07-18T21:03:08.580+0000] {logging_mixin.py:190} INFO - [2026-07-18T21:03:08.580+0000] {dag.py:4180} INFO - Setting next_dagrun for example_sensors to None, run_after=None
[2026-07-18T21:03:08.615+0000] {processor.py:208} INFO - Processing /home/airflow/.local/lib/python3.12/site-packages/airflow/example_dags/example_sensors.py took 0.174 seconds
[2026-07-18T21:03:39.687+0000] {processor.py:186} INFO - Started process (PID=1737) to work on /home/airflow/.local/lib/python3.12/site-packages/airflow/example_dags/example_sensors.py
[2026-07-18T21:03:39.690+0000] {processor.py:914} INFO - Processing file /home/airflow/.local/lib/python3.12/site-packages/airflow/example_dags/example_sensors.py for tasks to queue
[2026-07-18T21:03:39.697+0000] {logging_mixin.py:190} INFO - [2026-07-18T21:03:39.696+0000] {dagbag.py:588} INFO - Filling up the DagBag from /home/airflow/.local/lib/python3.12/site-packages/airflow/example_dags/example_sensors.py
[2026-07-18T21:03:39.721+0000] {processor.py:925} INFO - DAG(s) 'example_sensors' retrieved from /home/airflow/.local/lib/python3.12/site-packages/airflow/example_dags/example_sensors.py
[2026-07-18T21:03:39.794+0000] {logging_mixin.py:190} INFO - [2026-07-18T21:03:39.793+0000] {dag.py:3239} INFO - Sync 1 DAGs
[2026-07-18T21:03:39.830+0000] {logging_mixin.py:190} INFO - [2026-07-18T21:03:39.829+0000] {dag.py:4180} INFO - Setting next_dagrun for example_sensors to None, run_after=None
[2026-07-18T21:03:39.889+0000] {processor.py:208} INFO - Processing /home/airflow/.local/lib/python3.12/site-packages/airflow/example_dags/example_sensors.py took 0.216 seconds
[2026-07-18T21:04:11.777+0000] {processor.py:186} INFO - Started process (PID=1801) to work on /home/airflow/.local/lib/python3.12/site-packages/airflow/example_dags/example_sensors.py
[2026-07-18T21:04:11.780+0000] {processor.py:914} INFO - Processing file /home/airflow/.local/lib/python3.12/site-packages/airflow/example_dags/example_sensors.py for tasks to queue
[2026-07-18T21:04:11.786+0000] {logging_mixin.py:190} INFO - [2026-07-18T21:04:11.785+0000] {dagbag.py:588} INFO - Filling up the DagBag from /home/airflow/.local/lib/python3.12/site-packages/airflow/example_dags/example_sensors.py
[2026-07-18T21:04:11.808+0000] {processor.py:925} INFO - DAG(s) 'example_sensors' retrieved from /home/airflow/.local/lib/python3.12/site-packages/airflow/example_dags/example_sensors.py
[2026-07-18T21:04:11.890+0000] {logging_mixin.py:190} INFO - [2026-07-18T21:04:11.890+0000] {dag.py:3239} INFO - Sync 1 DAGs
[2026-07-18T21:04:11.915+0000] {logging_mixin.py:190} INFO - [2026-07-18T21:04:11.915+0000] {dag.py:4180} INFO - Setting next_dagrun for example_sensors to None, run_after=None
[2026-07-18T21:04:11.948+0000] {processor.py:208} INFO - Processing /home/airflow/.local/lib/python3.12/site-packages/airflow/example_dags/example_sensors.py took 0.180 seconds
[2026-07-18T21:04:42.917+0000] {processor.py:186} INFO - Started process (PID=1864) to work on /home/airflow/.local/lib/python3.12/site-packages/airflow/example_dags/example_sensors.py
[2026-07-18T21:04:42.920+0000] {processor.py:914} INFO - Processing file /home/airflow/.local/lib/python3.12/site-packages/airflow/example_dags/example_sensors.py for tasks to queue
[2026-07-18T21:04:42.924+0000] {logging_mixin.py:190} INFO - [2026-07-18T21:04:42.924+0000] {dagbag.py:588} INFO - Filling up the DagBag from /home/airflow/.local/lib/python3.12/site-packages/airflow/example_dags/example_sensors.py
[2026-07-18T21:04:42.941+0000] {processor.py:925} INFO - DAG(s) 'example_sensors' retrieved from /home/airflow/.local/lib/python3.12/site-packages/airflow/example_dags/example_sensors.py
[2026-07-18T21:04:42.984+0000] {logging_mixin.py:190} INFO - [2026-07-18T21:04:42.984+0000] {dag.py:3239} INFO - Sync 1 DAGs
[2026-07-18T21:04:43.007+0000] {logging_mixin.py:190} INFO - [2026-07-18T21:04:43.007+0000] {dag.py:4180} INFO - Setting next_dagrun for example_sensors to None, run_after=None
[2026-07-18T21:04:43.035+0000] {processor.py:208} INFO - Processing /home/airflow/.local/lib/python3.12/site-packages/airflow/example_dags/example_sensors.py took 0.128 seconds
[2026-07-18T21:05:13.899+0000] {processor.py:186} INFO - Started process (PID=1927) to work on /home/airflow/.local/lib/python3.12/site-packages/airflow/example_dags/example_sensors.py
[2026-07-18T21:05:13.900+0000] {processor.py:914} INFO - Processing file /home/airflow/.local/lib/python3.12/site-packages/airflow/example_dags/example_sensors.py for tasks to queue
[2026-07-18T21:05:13.902+0000] {logging_mixin.py:190} INFO - [2026-07-18T21:05:13.902+0000] {dagbag.py:588} INFO - Filling up the DagBag from /home/airflow/.local/lib/python3.12/site-packages/airflow/example_dags/example_sensors.py
[2026-07-18T21:05:13.911+0000] {processor.py:925} INFO - DAG(s) 'example_sensors' retrieved from /home/airflow/.local/lib/python3.12/site-packages/airflow/example_dags/example_sensors.py
[2026-07-18T21:05:13.932+0000] {logging_mixin.py:190} INFO - [2026-07-18T21:05:13.932+0000] {dag.py:3239} INFO - Sync 1 DAGs
[2026-07-18T21:05:13.943+0000] {logging_mixin.py:190} INFO - [2026-07-18T21:05:13.943+0000] {dag.py:4180} INFO - Setting next_dagrun for example_sensors to None, run_after=None
[2026-07-18T21:05:13.961+0000] {processor.py:208} INFO - Processing /home/airflow/.local/lib/python3.12/site-packages/airflow/example_dags/example_sensors.py took 0.067 seconds
[2026-07-18T21:05:45.837+0000] {processor.py:186} INFO - Started process (PID=1990) to work on /home/airflow/.local/lib/python3.12/site-packages/airflow/example_dags/example_sensors.py
[2026-07-18T21:05:45.839+0000] {processor.py:914} INFO - Processing file /home/airflow/.local/lib/python3.12/site-packages/airflow/example_dags/example_sensors.py for tasks to queue
[2026-07-18T21:05:45.843+0000] {logging_mixin.py:190} INFO - [2026-07-18T21:05:45.843+0000] {dagbag.py:588} INFO - Filling up the DagBag from /home/airflow/.local/lib/python3.12/site-packages/airflow/example_dags/example_sensors.py
[2026-07-18T21:05:45.861+0000] {processor.py:925} INFO - DAG(s) 'example_sensors' retrieved from /home/airflow/.local/lib/python3.12/site-packages/airflow/example_dags/example_sensors.py
[2026-07-18T21:05:45.899+0000] {logging_mixin.py:190} INFO - [2026-07-18T21:05:45.899+0000] {dag.py:3239} INFO - Sync 1 DAGs
[2026-07-18T21:05:45.919+0000] {logging_mixin.py:190} INFO - [2026-07-18T21:05:45.918+0000] {dag.py:4180} INFO - Setting next_dagrun for example_sensors to None, run_after=None
[2026-07-18T21:05:45.944+0000] {processor.py:208} INFO - Processing /home/airflow/.local/lib/python3.12/site-packages/airflow/example_dags/example_sensors.py took 0.114 seconds
[2026-07-18T21:06:17.360+0000] {processor.py:186} INFO - Started process (PID=2053) to work on /home/airflow/.local/lib/python3.12/site-packages/airflow/example_dags/example_sensors.py
[2026-07-18T21:06:17.362+0000] {processor.py:914} INFO - Processing file /home/airflow/.local/lib/python3.12/site-packages/airflow/example_dags/example_sensors.py for tasks to queue
[2026-07-18T21:06:17.370+0000] {logging_mixin.py:190} INFO - [2026-07-18T21:06:17.369+0000] {dagbag.py:588} INFO - Filling up the DagBag from /home/airflow/.local/lib/python3.12/site-packages/airflow/example_dags/example_sensors.py
[2026-07-18T21:06:17.396+0000] {processor.py:925} INFO - DAG(s) 'example_sensors' retrieved from /home/airflow/.local/lib/python3.12/site-packages/airflow/example_dags/example_sensors.py
[2026-07-18T21:06:17.455+0000] {logging_mixin.py:190} INFO - [2026-07-18T21:06:17.454+0000] {dag.py:3239} INFO - Sync 1 DAGs
[2026-07-18T21:06:17.486+0000] {logging_mixin.py:190} INFO - [2026-07-18T21:06:17.486+0000] {dag.py:4180} INFO - Setting next_dagrun for example_sensors to None, run_after=None
[2026-07-18T21:06:17.533+0000] {processor.py:208} INFO - Processing /home/airflow/.local/lib/python3.12/site-packages/airflow/example_dags/example_sensors.py took 0.189 seconds
[2026-07-18T21:06:49.250+0000] {processor.py:186} INFO - Started process (PID=2119) to work on /home/airflow/.local/lib/python3.12/site-packages/airflow/example_dags/example_sensors.py
[2026-07-18T21:06:49.252+0000] {processor.py:914} INFO - Processing file /home/airflow/.local/lib/python3.12/site-packages/airflow/example_dags/example_sensors.py for tasks to queue
[2026-07-18T21:06:49.257+0000] {logging_mixin.py:190} INFO - [2026-07-18T21:06:49.256+0000] {dagbag.py:588} INFO - Filling up the DagBag from /home/airflow/.local/lib/python3.12/site-packages/airflow/example_dags/example_sensors.py
[2026-07-18T21:06:49.272+0000] {processor.py:925} INFO - DAG(s) 'example_sensors' retrieved from /home/airflow/.local/lib/python3.12/site-packages/airflow/example_dags/example_sensors.py
[2026-07-18T21:06:49.307+0000] {logging_mixin.py:190} INFO - [2026-07-18T21:06:49.306+0000] {dag.py:3239} INFO - Sync 1 DAGs
[2026-07-18T21:06:49.327+0000] {logging_mixin.py:190} INFO - [2026-07-18T21:06:49.326+0000] {dag.py:4180} INFO - Setting next_dagrun for example_sensors to None, run_after=None
[2026-07-18T21:06:49.414+0000] {processor.py:208} INFO - Processing /home/airflow/.local/lib/python3.12/site-packages/airflow/example_dags/example_sensors.py took 0.173 seconds
[2026-07-18T21:07:20.250+0000] {processor.py:186} INFO - Started process (PID=2182) to work on /home/airflow/.local/lib/python3.12/site-packages/airflow/example_dags/example_sensors.py
[2026-07-18T21:07:20.253+0000] {processor.py:914} INFO - Processing file /home/airflow/.local/lib/python3.12/site-packages/airflow/example_dags/example_sensors.py for tasks to queue
[2026-07-18T21:07:20.260+0000] {logging_mixin.py:190} INFO - [2026-07-18T21:07:20.259+0000] {dagbag.py:588} INFO - Filling up the DagBag from /home/airflow/.local/lib/python3.12/site-packages/airflow/example_dags/example_sensors.py
[2026-07-18T21:07:20.292+0000] {processor.py:925} INFO - DAG(s) 'example_sensors' retrieved from /home/airflow/.local/lib/python3.12/site-packages/airflow/example_dags/example_sensors.py
[2026-07-18T21:07:20.351+0000] {logging_mixin.py:190} INFO - [2026-07-18T21:07:20.350+0000] {dag.py:3239} INFO - Sync 1 DAGs
[2026-07-18T21:07:20.382+0000] {logging_mixin.py:190} INFO - [2026-07-18T21:07:20.381+0000] {dag.py:4180} INFO - Setting next_dagrun for example_sensors to None, run_after=None
[2026-07-18T21:07:20.428+0000] {processor.py:208} INFO - Processing /home/airflow/.local/lib/python3.12/site-packages/airflow/example_dags/example_sensors.py took 0.196 seconds
[2026-07-18T21:07:51.678+0000] {processor.py:186} INFO - Started process (PID=2245) to work on /home/airflow/.local/lib/python3.12/site-packages/airflow/example_dags/example_sensors.py
[2026-07-18T21:07:51.680+0000] {processor.py:914} INFO - Processing file /home/airflow/.local/lib/python3.12/site-packages/airflow/example_dags/example_sensors.py for tasks to queue
[2026-07-18T21:07:51.686+0000] {logging_mixin.py:190} INFO - [2026-07-18T21:07:51.685+0000] {dagbag.py:588} INFO - Filling up the DagBag from /home/airflow/.local/lib/python3.12/site-packages/airflow/example_dags/example_sensors.py
[2026-07-18T21:07:51.700+0000] {processor.py:925} INFO - DAG(s) 'example_sensors' retrieved from /home/airflow/.local/lib/python3.12/site-packages/airflow/example_dags/example_sensors.py
[2026-07-18T21:07:51.755+0000] {logging_mixin.py:190} INFO - [2026-07-18T21:07:51.755+0000] {dag.py:3239} INFO - Sync 1 DAGs
[2026-07-18T21:07:51.778+0000] {logging_mixin.py:190} INFO - [2026-07-18T21:07:51.778+0000] {dag.py:4180} INFO - Setting next_dagrun for example_sensors to None, run_after=None
[2026-07-18T21:07:51.810+0000] {processor.py:208} INFO - Processing /home/airflow/.local/lib/python3.12/site-packages/airflow/example_dags/example_sensors.py took 0.140 seconds
[2026-07-18T21:08:22.838+0000] {processor.py:186} INFO - Started process (PID=2308) to work on /home/airflow/.local/lib/python3.12/site-packages/airflow/example_dags/example_sensors.py
[2026-07-18T21:08:22.841+0000] {processor.py:914} INFO - Processing file /home/airflow/.local/lib/python3.12/site-packages/airflow/example_dags/example_sensors.py for tasks to queue
[2026-07-18T21:08:22.847+0000] {logging_mixin.py:190} INFO - [2026-07-18T21:08:22.846+0000] {dagbag.py:588} INFO - Filling up the DagBag from /home/airflow/.local/lib/python3.12/site-packages/airflow/example_dags/example_sensors.py
[2026-07-18T21:08:22.864+0000] {processor.py:925} INFO - DAG(s) 'example_sensors' retrieved from /home/airflow/.local/lib/python3.12/site-packages/airflow/example_dags/example_sensors.py
[2026-07-18T21:08:22.900+0000] {logging_mixin.py:190} INFO - [2026-07-18T21:08:22.900+0000] {dag.py:3239} INFO - Sync 1 DAGs
[2026-07-18T21:08:22.922+0000] {logging_mixin.py:190} INFO - [2026-07-18T21:08:22.922+0000] {dag.py:4180} INFO - Setting next_dagrun for example_sensors to None, run_after=None
[2026-07-18T21:08:22.955+0000] {processor.py:208} INFO - Processing /home/airflow/.local/lib/python3.12/site-packages/airflow/example_dags/example_sensors.py took 0.128 seconds
[2026-07-18T21:16:31.088+0000] {processor.py:186} INFO - Started process (PID=2377) to work on /home/airflow/.local/lib/python3.12/site-packages/airflow/example_dags/example_sensors.py
[2026-07-18T21:16:31.092+0000] {processor.py:914} INFO - Processing file /home/airflow/.local/lib/python3.12/site-packages/airflow/example_dags/example_sensors.py for tasks to queue
[2026-07-18T21:16:31.116+0000] {logging_mixin.py:190} INFO - [2026-07-18T21:16:31.115+0000] {dagbag.py:588} INFO - Filling up the DagBag from /home/airflow/.local/lib/python3.12/site-packages/airflow/example_dags/example_sensors.py
[2026-07-18T21:16:31.224+0000] {processor.py:925} INFO - DAG(s) 'example_sensors' retrieved from /home/airflow/.local/lib/python3.12/site-packages/airflow/example_dags/example_sensors.py
[2026-07-18T21:16:31.310+0000] {logging_mixin.py:190} INFO - [2026-07-18T21:16:31.309+0000] {dag.py:3239} INFO - Sync 1 DAGs
[2026-07-18T21:16:31.344+0000] {logging_mixin.py:190} INFO - [2026-07-18T21:16:31.343+0000] {dag.py:4180} INFO - Setting next_dagrun for example_sensors to None, run_after=None
[2026-07-18T21:16:31.383+0000] {processor.py:208} INFO - Processing /home/airflow/.local/lib/python3.12/site-packages/airflow/example_dags/example_sensors.py took 0.332 seconds
[2026-07-18T21:17:02.149+0000] {processor.py:186} INFO - Started process (PID=2440) to work on /home/airflow/.local/lib/python3.12/site-packages/airflow/example_dags/example_sensors.py
[2026-07-18T21:17:02.153+0000] {processor.py:914} INFO - Processing file /home/airflow/.local/lib/python3.12/site-packages/airflow/example_dags/example_sensors.py for tasks to queue
[2026-07-18T21:17:02.158+0000] {logging_mixin.py:190} INFO - [2026-07-18T21:17:02.157+0000] {dagbag.py:588} INFO - Filling up the DagBag from /home/airflow/.local/lib/python3.12/site-packages/airflow/example_dags/example_sensors.py
[2026-07-18T21:17:02.183+0000] {processor.py:925} INFO - DAG(s) 'example_sensors' retrieved from /home/airflow/.local/lib/python3.12/site-packages/airflow/example_dags/example_sensors.py
[2026-07-18T21:17:02.230+0000] {logging_mixin.py:190} INFO - [2026-07-18T21:17:02.229+0000] {dag.py:3239} INFO - Sync 1 DAGs
[2026-07-18T21:17:02.259+0000] {logging_mixin.py:190} INFO - [2026-07-18T21:17:02.258+0000] {dag.py:4180} INFO - Setting next_dagrun for example_sensors to None, run_after=None
[2026-07-18T21:17:02.296+0000] {processor.py:208} INFO - Processing /home/airflow/.local/lib/python3.12/site-packages/airflow/example_dags/example_sensors.py took 0.160 seconds
[2026-07-18T21:17:32.498+0000] {processor.py:186} INFO - Started process (PID=2503) to work on /home/airflow/.local/lib/python3.12/site-packages/airflow/example_dags/example_sensors.py
[2026-07-18T21:17:32.501+0000] {processor.py:914} INFO - Processing file /home/airflow/.local/lib/python3.12/site-packages/airflow/example_dags/example_sensors.py for tasks to queue
[2026-07-18T21:17:32.508+0000] {logging_mixin.py:190} INFO - [2026-07-18T21:17:32.507+0000] {dagbag.py:588} INFO - Filling up the DagBag from /home/airflow/.local/lib/python3.12/site-packages/airflow/example_dags/example_sensors.py
[2026-07-18T21:17:32.537+0000] {processor.py:925} INFO - DAG(s) 'example_sensors' retrieved from /home/airflow/.local/lib/python3.12/site-packages/airflow/example_dags/example_sensors.py
[2026-07-18T21:17:32.609+0000] {logging_mixin.py:190} INFO - [2026-07-18T21:17:32.609+0000] {dag.py:3239} INFO - Sync 1 DAGs
[2026-07-18T21:17:32.642+0000] {logging_mixin.py:190} INFO - [2026-07-18T21:17:32.642+0000] {dag.py:4180} INFO - Setting next_dagrun for example_sensors to None, run_after=None
[2026-07-18T21:17:32.684+0000] {processor.py:208} INFO - Processing /home/airflow/.local/lib/python3.12/site-packages/airflow/example_dags/example_sensors.py took 0.199 seconds
[2026-07-18T21:18:03.561+0000] {processor.py:186} INFO - Started process (PID=2566) to work on /home/airflow/.local/lib/python3.12/site-packages/airflow/example_dags/example_sensors.py
[2026-07-18T21:18:03.566+0000] {processor.py:914} INFO - Processing file /home/airflow/.local/lib/python3.12/site-packages/airflow/example_dags/example_sensors.py for tasks to queue
[2026-07-18T21:18:03.578+0000] {logging_mixin.py:190} INFO - [2026-07-18T21:18:03.576+0000] {dagbag.py:588} INFO - Filling up the DagBag from /home/airflow/.local/lib/python3.12/site-packages/airflow/example_dags/example_sensors.py
[2026-07-18T21:18:03.610+0000] {processor.py:925} INFO - DAG(s) 'example_sensors' retrieved from /home/airflow/.local/lib/python3.12/site-packages/airflow/example_dags/example_sensors.py
[2026-07-18T21:18:03.683+0000] {logging_mixin.py:190} INFO - [2026-07-18T21:18:03.682+0000] {dag.py:3239} INFO - Sync 1 DAGs
[2026-07-18T21:18:03.710+0000] {logging_mixin.py:190} INFO - [2026-07-18T21:18:03.709+0000] {dag.py:4180} INFO - Setting next_dagrun for example_sensors to None, run_after=None
[2026-07-18T21:18:03.742+0000] {processor.py:208} INFO - Processing /home/airflow/.local/lib/python3.12/site-packages/airflow/example_dags/example_sensors.py took 0.203 seconds
[2026-07-18T21:18:33.892+0000] {processor.py:186} INFO - Started process (PID=2629) to work on /home/airflow/.local/lib/python3.12/site-packages/airflow/example_dags/example_sensors.py
[2026-07-18T21:18:33.894+0000] {processor.py:914} INFO - Processing file /home/airflow/.local/lib/python3.12/site-packages/airflow/example_dags/example_sensors.py for tasks to queue
[2026-07-18T21:18:33.898+0000] {logging_mixin.py:190} INFO - [2026-07-18T21:18:33.898+0000] {dagbag.py:588} INFO - Filling up the DagBag from /home/airflow/.local/lib/python3.12/site-packages/airflow/example_dags/example_sensors.py
[2026-07-18T21:18:33.915+0000] {processor.py:925} INFO - DAG(s) 'example_sensors' retrieved from /home/airflow/.local/lib/python3.12/site-packages/airflow/example_dags/example_sensors.py
[2026-07-18T21:18:33.954+0000] {logging_mixin.py:190} INFO - [2026-07-18T21:18:33.954+0000] {dag.py:3239} INFO - Sync 1 DAGs
[2026-07-18T21:18:33.976+0000] {logging_mixin.py:190} INFO - [2026-07-18T21:18:33.976+0000] {dag.py:4180} INFO - Setting next_dagrun for example_sensors to None, run_after=None
[2026-07-18T21:18:34.004+0000] {processor.py:208} INFO - Processing /home/airflow/.local/lib/python3.12/site-packages/airflow/example_dags/example_sensors.py took 0.123 seconds
[2026-07-18T21:19:04.435+0000] {processor.py:186} INFO - Started process (PID=2691) to work on /home/airflow/.local/lib/python3.12/site-packages/airflow/example_dags/example_sensors.py
[2026-07-18T21:19:04.438+0000] {processor.py:914} INFO - Processing file /home/airflow/.local/lib/python3.12/site-packages/airflow/example_dags/example_sensors.py for tasks to queue
[2026-07-18T21:19:04.442+0000] {logging_mixin.py:190} INFO - [2026-07-18T21:19:04.442+0000] {dagbag.py:588} INFO - Filling up the DagBag from /home/airflow/.local/lib/python3.12/site-packages/airflow/example_dags/example_sensors.py
[2026-07-18T21:19:04.456+0000] {processor.py:925} INFO - DAG(s) 'example_sensors' retrieved from /home/airflow/.local/lib/python3.12/site-packages/airflow/example_dags/example_sensors.py
[2026-07-18T21:19:04.488+0000] {logging_mixin.py:190} INFO - [2026-07-18T21:19:04.487+0000] {dag.py:3239} INFO - Sync 1 DAGs
[2026-07-18T21:19:04.507+0000] {logging_mixin.py:190} INFO - [2026-07-18T21:19:04.507+0000] {dag.py:4180} INFO - Setting next_dagrun for example_sensors to None, run_after=None
[2026-07-18T21:19:04.534+0000] {processor.py:208} INFO - Processing /home/airflow/.local/lib/python3.12/site-packages/airflow/example_dags/example_sensors.py took 0.107 seconds
[2026-07-18T21:19:35.061+0000] {processor.py:186} INFO - Started process (PID=2754) to work on /home/airflow/.local/lib/python3.12/site-packages/airflow/example_dags/example_sensors.py
[2026-07-18T21:19:35.063+0000] {processor.py:914} INFO - Processing file /home/airflow/.local/lib/python3.12/site-packages/airflow/example_dags/example_sensors.py for tasks to queue
[2026-07-18T21:19:35.071+0000] {logging_mixin.py:190} INFO - [2026-07-18T21:19:35.070+0000] {dagbag.py:588} INFO - Filling up the DagBag from /home/airflow/.local/lib/python3.12/site-packages/airflow/example_dags/example_sensors.py
[2026-07-18T21:19:35.091+0000] {processor.py:925} INFO - DAG(s) 'example_sensors' retrieved from /home/airflow/.local/lib/python3.12/site-packages/airflow/example_dags/example_sensors.py
[2026-07-18T21:19:35.131+0000] {logging_mixin.py:190} INFO - [2026-07-18T21:19:35.131+0000] {dag.py:3239} INFO - Sync 1 DAGs
[2026-07-18T21:19:35.156+0000] {logging_mixin.py:190} INFO - [2026-07-18T21:19:35.156+0000] {dag.py:4180} INFO - Setting next_dagrun for example_sensors to None, run_after=None
[2026-07-18T21:19:35.187+0000] {processor.py:208} INFO - Processing /home/airflow/.local/lib/python3.12/site-packages/airflow/example_dags/example_sensors.py took 0.138 seconds
[2026-07-18T21:20:05.467+0000] {processor.py:186} INFO - Started process (PID=2817) to work on /home/airflow/.local/lib/python3.12/site-packages/airflow/example_dags/example_sensors.py
[2026-07-18T21:20:05.470+0000] {processor.py:914} INFO - Processing file /home/airflow/.local/lib/python3.12/site-packages/airflow/example_dags/example_sensors.py for tasks to queue
[2026-07-18T21:20:05.478+0000] {logging_mixin.py:190} INFO - [2026-07-18T21:20:05.477+0000] {dagbag.py:588} INFO - Filling up the DagBag from /home/airflow/.local/lib/python3.12/site-packages/airflow/example_dags/example_sensors.py
[2026-07-18T21:20:05.500+0000] {processor.py:925} INFO - DAG(s) 'example_sensors' retrieved from /home/airflow/.local/lib/python3.12/site-packages/airflow/example_dags/example_sensors.py
[2026-07-18T21:20:05.546+0000] {logging_mixin.py:190} INFO - [2026-07-18T21:20:05.545+0000] {dag.py:3239} INFO - Sync 1 DAGs
[2026-07-18T21:20:05.578+0000] {logging_mixin.py:190} INFO - [2026-07-18T21:20:05.577+0000] {dag.py:4180} INFO - Setting next_dagrun for example_sensors to None, run_after=None
[2026-07-18T21:20:05.613+0000] {processor.py:208} INFO - Processing /home/airflow/.local/lib/python3.12/site-packages/airflow/example_dags/example_sensors.py took 0.174 seconds
[2026-07-18T21:20:35.740+0000] {processor.py:186} INFO - Started process (PID=2880) to work on /home/airflow/.local/lib/python3.12/site-packages/airflow/example_dags/example_sensors.py
[2026-07-18T21:20:35.743+0000] {processor.py:914} INFO - Processing file /home/airflow/.local/lib/python3.12/site-packages/airflow/example_dags/example_sensors.py for tasks to queue
[2026-07-18T21:20:35.748+0000] {logging_mixin.py:190} INFO - [2026-07-18T21:20:35.747+0000] {dagbag.py:588} INFO - Filling up the DagBag from /home/airflow/.local/lib/python3.12/site-packages/airflow/example_dags/example_sensors.py
[2026-07-18T21:20:35.770+0000] {processor.py:925} INFO - DAG(s) 'example_sensors' retrieved from /home/airflow/.local/lib/python3.12/site-packages/airflow/example_dags/example_sensors.py
[2026-07-18T21:20:35.839+0000] {logging_mixin.py:190} INFO - [2026-07-18T21:20:35.838+0000] {dag.py:3239} INFO - Sync 1 DAGs
[2026-07-18T21:20:35.859+0000] {logging_mixin.py:190} INFO - [2026-07-18T21:20:35.859+0000] {dag.py:4180} INFO - Setting next_dagrun for example_sensors to None, run_after=None
[2026-07-18T21:20:35.928+0000] {processor.py:208} INFO - Processing /home/airflow/.local/lib/python3.12/site-packages/airflow/example_dags/example_sensors.py took 0.197 seconds
[2026-07-18T21:21:06.263+0000] {processor.py:186} INFO - Started process (PID=2942) to work on /home/airflow/.local/lib/python3.12/site-packages/airflow/example_dags/example_sensors.py
[2026-07-18T21:21:06.265+0000] {processor.py:914} INFO - Processing file /home/airflow/.local/lib/python3.12/site-packages/airflow/example_dags/example_sensors.py for tasks to queue
[2026-07-18T21:21:06.270+0000] {logging_mixin.py:190} INFO - [2026-07-18T21:21:06.269+0000] {dagbag.py:588} INFO - Filling up the DagBag from /home/airflow/.local/lib/python3.12/site-packages/airflow/example_dags/example_sensors.py
[2026-07-18T21:21:06.291+0000] {processor.py:925} INFO - DAG(s) 'example_sensors' retrieved from /home/airflow/.local/lib/python3.12/site-packages/airflow/example_dags/example_sensors.py
[2026-07-18T21:21:06.334+0000] {logging_mixin.py:190} INFO - [2026-07-18T21:21:06.333+0000] {dag.py:3239} INFO - Sync 1 DAGs
[2026-07-18T21:21:06.355+0000] {logging_mixin.py:190} INFO - [2026-07-18T21:21:06.355+0000] {dag.py:4180} INFO - Setting next_dagrun for example_sensors to None, run_after=None
[2026-07-18T21:21:06.430+0000] {processor.py:208} INFO - Processing /home/airflow/.local/lib/python3.12/site-packages/airflow/example_dags/example_sensors.py took 0.175 seconds
[2026-07-18T21:21:36.589+0000] {processor.py:186} INFO - Started process (PID=3004) to work on /home/airflow/.local/lib/python3.12/site-packages/airflow/example_dags/example_sensors.py
[2026-07-18T21:21:36.592+0000] {processor.py:914} INFO - Processing file /home/airflow/.local/lib/python3.12/site-packages/airflow/example_dags/example_sensors.py for tasks to queue
[2026-07-18T21:21:36.597+0000] {logging_mixin.py:190} INFO - [2026-07-18T21:21:36.596+0000] {dagbag.py:588} INFO - Filling up the DagBag from /home/airflow/.local/lib/python3.12/site-packages/airflow/example_dags/example_sensors.py
[2026-07-18T21:21:36.617+0000] {processor.py:925} INFO - DAG(s) 'example_sensors' retrieved from /home/airflow/.local/lib/python3.12/site-packages/airflow/example_dags/example_sensors.py
[2026-07-18T21:21:36.666+0000] {logging_mixin.py:190} INFO - [2026-07-18T21:21:36.666+0000] {dag.py:3239} INFO - Sync 1 DAGs
[2026-07-18T21:21:36.696+0000] {logging_mixin.py:190} INFO - [2026-07-18T21:21:36.695+0000] {dag.py:4180} INFO - Setting next_dagrun for example_sensors to None, run_after=None
[2026-07-18T21:21:36.769+0000] {processor.py:208} INFO - Processing /home/airflow/.local/lib/python3.12/site-packages/airflow/example_dags/example_sensors.py took 0.191 seconds
[2026-07-18T21:22:07.075+0000] {processor.py:186} INFO - Started process (PID=3067) to work on /home/airflow/.local/lib/python3.12/site-packages/airflow/example_dags/example_sensors.py
[2026-07-18T21:22:07.079+0000] {processor.py:914} INFO - Processing file /home/airflow/.local/lib/python3.12/site-packages/airflow/example_dags/example_sensors.py for tasks to queue
[2026-07-18T21:22:07.085+0000] {logging_mixin.py:190} INFO - [2026-07-18T21:22:07.084+0000] {dagbag.py:588} INFO - Filling up the DagBag from /home/airflow/.local/lib/python3.12/site-packages/airflow/example_dags/example_sensors.py
[2026-07-18T21:22:07.109+0000] {processor.py:925} INFO - DAG(s) 'example_sensors' retrieved from /home/airflow/.local/lib/python3.12/site-packages/airflow/example_dags/example_sensors.py
[2026-07-18T21:22:07.163+0000] {logging_mixin.py:190} INFO - [2026-07-18T21:22:07.162+0000] {dag.py:3239} INFO - Sync 1 DAGs
[2026-07-18T21:22:07.188+0000] {logging_mixin.py:190} INFO - [2026-07-18T21:22:07.188+0000] {dag.py:4180} INFO - Setting next_dagrun for example_sensors to None, run_after=None
[2026-07-18T21:22:07.229+0000] {processor.py:208} INFO - Processing /home/airflow/.local/lib/python3.12/site-packages/airflow/example_dags/example_sensors.py took 0.165 seconds
[2026-07-18T21:22:38.579+0000] {processor.py:186} INFO - Started process (PID=3130) to work on /home/airflow/.local/lib/python3.12/site-packages/airflow/example_dags/example_sensors.py
[2026-07-18T21:22:38.586+0000] {processor.py:914} INFO - Processing file /home/airflow/.local/lib/python3.12/site-packages/airflow/example_dags/example_sensors.py for tasks to queue
[2026-07-18T21:22:38.602+0000] {logging_mixin.py:190} INFO - [2026-07-18T21:22:38.600+0000] {dagbag.py:588} INFO - Filling up the DagBag from /home/airflow/.local/lib/python3.12/site-packages/airflow/example_dags/example_sensors.py
[2026-07-18T21:22:38.637+0000] {processor.py:925} INFO - DAG(s) 'example_sensors' retrieved from /home/airflow/.local/lib/python3.12/site-packages/airflow/example_dags/example_sensors.py
[2026-07-18T21:22:38.689+0000] {logging_mixin.py:190} INFO - [2026-07-18T21:22:38.689+0000] {dag.py:3239} INFO - Sync 1 DAGs
[2026-07-18T21:22:38.719+0000] {logging_mixin.py:190} INFO - [2026-07-18T21:22:38.719+0000] {dag.py:4180} INFO - Setting next_dagrun for example_sensors to None, run_after=None
[2026-07-18T21:25:59.105+0000] {processor.py:186} INFO - Started process (PID=128) to work on /home/airflow/.local/lib/python3.12/site-packages/airflow/example_dags/example_sensors.py
[2026-07-18T21:25:59.108+0000] {processor.py:914} INFO - Processing file /home/airflow/.local/lib/python3.12/site-packages/airflow/example_dags/example_sensors.py for tasks to queue
[2026-07-18T21:25:59.113+0000] {logging_mixin.py:190} INFO - [2026-07-18T21:25:59.112+0000] {dagbag.py:588} INFO - Filling up the DagBag from /home/airflow/.local/lib/python3.12/site-packages/airflow/example_dags/example_sensors.py
[2026-07-18T21:25:59.139+0000] {processor.py:925} INFO - DAG(s) 'example_sensors' retrieved from /home/airflow/.local/lib/python3.12/site-packages/airflow/example_dags/example_sensors.py
[2026-07-18T21:25:59.195+0000] {logging_mixin.py:190} INFO - [2026-07-18T21:25:59.195+0000] {dag.py:3239} INFO - Sync 1 DAGs
[2026-07-18T21:25:59.222+0000] {logging_mixin.py:190} INFO - [2026-07-18T21:25:59.222+0000] {dag.py:4180} INFO - Setting next_dagrun for example_sensors to None, run_after=None
[2026-07-18T21:25:59.252+0000] {processor.py:208} INFO - Processing /home/airflow/.local/lib/python3.12/site-packages/airflow/example_dags/example_sensors.py took 0.160 seconds
[2026-07-18T21:26:30.303+0000] {processor.py:186} INFO - Started process (PID=191) to work on /home/airflow/.local/lib/python3.12/site-packages/airflow/example_dags/example_sensors.py
[2026-07-18T21:26:30.307+0000] {processor.py:914} INFO - Processing file /home/airflow/.local/lib/python3.12/site-packages/airflow/example_dags/example_sensors.py for tasks to queue
[2026-07-18T21:26:30.314+0000] {logging_mixin.py:190} INFO - [2026-07-18T21:26:30.313+0000] {dagbag.py:588} INFO - Filling up the DagBag from /home/airflow/.local/lib/python3.12/site-packages/airflow/example_dags/example_sensors.py
[2026-07-18T21:26:30.339+0000] {processor.py:925} INFO - DAG(s) 'example_sensors' retrieved from /home/airflow/.local/lib/python3.12/site-packages/airflow/example_dags/example_sensors.py
[2026-07-18T21:26:30.401+0000] {logging_mixin.py:190} INFO - [2026-07-18T21:26:30.400+0000] {dag.py:3239} INFO - Sync 1 DAGs
[2026-07-18T21:26:30.426+0000] {logging_mixin.py:190} INFO - [2026-07-18T21:26:30.425+0000] {dag.py:4180} INFO - Setting next_dagrun for example_sensors to None, run_after=None
[2026-07-18T21:26:30.459+0000] {processor.py:208} INFO - Processing /home/airflow/.local/lib/python3.12/site-packages/airflow/example_dags/example_sensors.py took 0.169 seconds
[2026-07-18T21:27:02.315+0000] {processor.py:186} INFO - Started process (PID=254) to work on /home/airflow/.local/lib/python3.12/site-packages/airflow/example_dags/example_sensors.py
[2026-07-18T21:27:02.317+0000] {processor.py:914} INFO - Processing file /home/airflow/.local/lib/python3.12/site-packages/airflow/example_dags/example_sensors.py for tasks to queue
[2026-07-18T21:27:02.322+0000] {logging_mixin.py:190} INFO - [2026-07-18T21:27:02.321+0000] {dagbag.py:588} INFO - Filling up the DagBag from /home/airflow/.local/lib/python3.12/site-packages/airflow/example_dags/example_sensors.py
[2026-07-18T21:27:02.340+0000] {processor.py:925} INFO - DAG(s) 'example_sensors' retrieved from /home/airflow/.local/lib/python3.12/site-packages/airflow/example_dags/example_sensors.py
[2026-07-18T21:27:02.394+0000] {logging_mixin.py:190} INFO - [2026-07-18T21:27:02.394+0000] {dag.py:3239} INFO - Sync 1 DAGs
[2026-07-18T21:27:02.425+0000] {logging_mixin.py:190} INFO - [2026-07-18T21:27:02.425+0000] {dag.py:4180} INFO - Setting next_dagrun for example_sensors to None, run_after=None
[2026-07-18T21:27:02.459+0000] {processor.py:208} INFO - Processing /home/airflow/.local/lib/python3.12/site-packages/airflow/example_dags/example_sensors.py took 0.154 seconds
[2026-07-18T21:27:33.961+0000] {processor.py:186} INFO - Started process (PID=317) to work on /home/airflow/.local/lib/python3.12/site-packages/airflow/example_dags/example_sensors.py
[2026-07-18T21:27:33.966+0000] {processor.py:914} INFO - Processing file /home/airflow/.local/lib/python3.12/site-packages/airflow/example_dags/example_sensors.py for tasks to queue
[2026-07-18T21:27:33.973+0000] {logging_mixin.py:190} INFO - [2026-07-18T21:27:33.972+0000] {dagbag.py:588} INFO - Filling up the DagBag from /home/airflow/.local/lib/python3.12/site-packages/airflow/example_dags/example_sensors.py
[2026-07-18T21:27:33.999+0000] {processor.py:925} INFO - DAG(s) 'example_sensors' retrieved from /home/airflow/.local/lib/python3.12/site-packages/airflow/example_dags/example_sensors.py
[2026-07-18T21:27:34.048+0000] {logging_mixin.py:190} INFO - [2026-07-18T21:27:34.048+0000] {dag.py:3239} INFO - Sync 1 DAGs
[2026-07-18T21:27:34.071+0000] {logging_mixin.py:190} INFO - [2026-07-18T21:27:34.071+0000] {dag.py:4180} INFO - Setting next_dagrun for example_sensors to None, run_after=None
[2026-07-18T21:27:34.106+0000] {processor.py:208} INFO - Processing /home/airflow/.local/lib/python3.12/site-packages/airflow/example_dags/example_sensors.py took 0.165 seconds
[2026-07-18T21:28:05.316+0000] {processor.py:186} INFO - Started process (PID=380) to work on /home/airflow/.local/lib/python3.12/site-packages/airflow/example_dags/example_sensors.py
[2026-07-18T21:28:05.319+0000] {processor.py:914} INFO - Processing file /home/airflow/.local/lib/python3.12/site-packages/airflow/example_dags/example_sensors.py for tasks to queue
[2026-07-18T21:28:05.325+0000] {logging_mixin.py:190} INFO - [2026-07-18T21:28:05.325+0000] {dagbag.py:588} INFO - Filling up the DagBag from /home/airflow/.local/lib/python3.12/site-packages/airflow/example_dags/example_sensors.py
[2026-07-18T21:28:05.346+0000] {processor.py:925} INFO - DAG(s) 'example_sensors' retrieved from /home/airflow/.local/lib/python3.12/site-packages/airflow/example_dags/example_sensors.py
[2026-07-18T21:28:05.391+0000] {logging_mixin.py:190} INFO - [2026-07-18T21:28:05.390+0000] {dag.py:3239} INFO - Sync 1 DAGs
[2026-07-18T21:28:05.431+0000] {logging_mixin.py:190} INFO - [2026-07-18T21:28:05.431+0000] {dag.py:4180} INFO - Setting next_dagrun for example_sensors to None, run_after=None
[2026-07-18T21:28:05.475+0000] {processor.py:208} INFO - Processing /home/airflow/.local/lib/python3.12/site-packages/airflow/example_dags/example_sensors.py took 0.170 seconds
[2026-07-18T21:28:37.309+0000] {processor.py:186} INFO - Started process (PID=443) to work on /home/airflow/.local/lib/python3.12/site-packages/airflow/example_dags/example_sensors.py
[2026-07-18T21:28:37.312+0000] {processor.py:914} INFO - Processing file /home/airflow/.local/lib/python3.12/site-packages/airflow/example_dags/example_sensors.py for tasks to queue
[2026-07-18T21:28:37.317+0000] {logging_mixin.py:190} INFO - [2026-07-18T21:28:37.316+0000] {dagbag.py:588} INFO - Filling up the DagBag from /home/airflow/.local/lib/python3.12/site-packages/airflow/example_dags/example_sensors.py
[2026-07-18T21:28:37.339+0000] {processor.py:925} INFO - DAG(s) 'example_sensors' retrieved from /home/airflow/.local/lib/python3.12/site-packages/airflow/example_dags/example_sensors.py
[2026-07-18T21:28:37.408+0000] {logging_mixin.py:190} INFO - [2026-07-18T21:28:37.408+0000] {dag.py:3239} INFO - Sync 1 DAGs
[2026-07-18T21:28:37.466+0000] {logging_mixin.py:190} INFO - [2026-07-18T21:28:37.465+0000] {dag.py:4180} INFO - Setting next_dagrun for example_sensors to None, run_after=None
[2026-07-18T21:28:37.504+0000] {processor.py:208} INFO - Processing /home/airflow/.local/lib/python3.12/site-packages/airflow/example_dags/example_sensors.py took 0.213 seconds
[2026-07-18T21:29:08.864+0000] {processor.py:186} INFO - Started process (PID=506) to work on /home/airflow/.local/lib/python3.12/site-packages/airflow/example_dags/example_sensors.py
[2026-07-18T21:29:08.866+0000] {processor.py:914} INFO - Processing file /home/airflow/.local/lib/python3.12/site-packages/airflow/example_dags/example_sensors.py for tasks to queue
[2026-07-18T21:29:08.871+0000] {logging_mixin.py:190} INFO - [2026-07-18T21:29:08.871+0000] {dagbag.py:588} INFO - Filling up the DagBag from /home/airflow/.local/lib/python3.12/site-packages/airflow/example_dags/example_sensors.py
[2026-07-18T21:29:08.889+0000] {processor.py:925} INFO - DAG(s) 'example_sensors' retrieved from /home/airflow/.local/lib/python3.12/site-packages/airflow/example_dags/example_sensors.py
[2026-07-18T21:29:08.934+0000] {logging_mixin.py:190} INFO - [2026-07-18T21:29:08.933+0000] {dag.py:3239} INFO - Sync 1 DAGs
[2026-07-18T21:29:08.957+0000] {logging_mixin.py:190} INFO - [2026-07-18T21:29:08.957+0000] {dag.py:4180} INFO - Setting next_dagrun for example_sensors to None, run_after=None
[2026-07-18T21:29:08.988+0000] {processor.py:208} INFO - Processing /home/airflow/.local/lib/python3.12/site-packages/airflow/example_dags/example_sensors.py took 0.133 seconds
[2026-07-18T21:29:40.899+0000] {processor.py:186} INFO - Started process (PID=570) to work on /home/airflow/.local/lib/python3.12/site-packages/airflow/example_dags/example_sensors.py
[2026-07-18T21:29:40.901+0000] {processor.py:914} INFO - Processing file /home/airflow/.local/lib/python3.12/site-packages/airflow/example_dags/example_sensors.py for tasks to queue
[2026-07-18T21:29:40.908+0000] {logging_mixin.py:190} INFO - [2026-07-18T21:29:40.907+0000] {dagbag.py:588} INFO - Filling up the DagBag from /home/airflow/.local/lib/python3.12/site-packages/airflow/example_dags/example_sensors.py
[2026-07-18T21:29:40.929+0000] {processor.py:925} INFO - DAG(s) 'example_sensors' retrieved from /home/airflow/.local/lib/python3.12/site-packages/airflow/example_dags/example_sensors.py
[2026-07-18T21:29:40.973+0000] {logging_mixin.py:190} INFO - [2026-07-18T21:29:40.972+0000] {dag.py:3239} INFO - Sync 1 DAGs
[2026-07-18T21:29:40.998+0000] {logging_mixin.py:190} INFO - [2026-07-18T21:29:40.998+0000] {dag.py:4180} INFO - Setting next_dagrun for example_sensors to None, run_after=None
[2026-07-18T21:29:41.028+0000] {processor.py:208} INFO - Processing /home/airflow/.local/lib/python3.12/site-packages/airflow/example_dags/example_sensors.py took 0.139 seconds
[2026-07-18T21:30:11.934+0000] {processor.py:186} INFO - Started process (PID=633) to work on /home/airflow/.local/lib/python3.12/site-packages/airflow/example_dags/example_sensors.py
[2026-07-18T21:30:11.937+0000] {processor.py:914} INFO - Processing file /home/airflow/.local/lib/python3.12/site-packages/airflow/example_dags/example_sensors.py for tasks to queue
[2026-07-18T21:30:11.943+0000] {logging_mixin.py:190} INFO - [2026-07-18T21:30:11.942+0000] {dagbag.py:588} INFO - Filling up the DagBag from /home/airflow/.local/lib/python3.12/site-packages/airflow/example_dags/example_sensors.py
[2026-07-18T21:30:11.960+0000] {processor.py:925} INFO - DAG(s) 'example_sensors' retrieved from /home/airflow/.local/lib/python3.12/site-packages/airflow/example_dags/example_sensors.py
[2026-07-18T21:30:11.993+0000] {logging_mixin.py:190} INFO - [2026-07-18T21:30:11.992+0000] {dag.py:3239} INFO - Sync 1 DAGs
[2026-07-18T21:30:12.014+0000] {logging_mixin.py:190} INFO - [2026-07-18T21:30:12.014+0000] {dag.py:4180} INFO - Setting next_dagrun for example_sensors to None, run_after=None
[2026-07-18T21:30:12.042+0000] {processor.py:208} INFO - Processing /home/airflow/.local/lib/python3.12/site-packages/airflow/example_dags/example_sensors.py took 0.125 seconds
[2026-07-18T21:30:43.370+0000] {processor.py:186} INFO - Started process (PID=696) to work on /home/airflow/.local/lib/python3.12/site-packages/airflow/example_dags/example_sensors.py
[2026-07-18T21:30:43.372+0000] {processor.py:914} INFO - Processing file /home/airflow/.local/lib/python3.12/site-packages/airflow/example_dags/example_sensors.py for tasks to queue
[2026-07-18T21:30:43.380+0000] {logging_mixin.py:190} INFO - [2026-07-18T21:30:43.379+0000] {dagbag.py:588} INFO - Filling up the DagBag from /home/airflow/.local/lib/python3.12/site-packages/airflow/example_dags/example_sensors.py
[2026-07-18T21:30:43.406+0000] {processor.py:925} INFO - DAG(s) 'example_sensors' retrieved from /home/airflow/.local/lib/python3.12/site-packages/airflow/example_dags/example_sensors.py
[2026-07-18T21:30:43.457+0000] {logging_mixin.py:190} INFO - [2026-07-18T21:30:43.457+0000] {dag.py:3239} INFO - Sync 1 DAGs
[2026-07-18T21:30:43.482+0000] {logging_mixin.py:190} INFO - [2026-07-18T21:30:43.482+0000] {dag.py:4180} INFO - Setting next_dagrun for example_sensors to None, run_after=None
[2026-07-18T21:30:43.577+0000] {processor.py:208} INFO - Processing /home/airflow/.local/lib/python3.12/site-packages/airflow/example_dags/example_sensors.py took 0.221 seconds
[2026-07-18T21:31:15.110+0000] {processor.py:186} INFO - Started process (PID=760) to work on /home/airflow/.local/lib/python3.12/site-packages/airflow/example_dags/example_sensors.py
[2026-07-18T21:31:15.113+0000] {processor.py:914} INFO - Processing file /home/airflow/.local/lib/python3.12/site-packages/airflow/example_dags/example_sensors.py for tasks to queue
[2026-07-18T21:31:15.118+0000] {logging_mixin.py:190} INFO - [2026-07-18T21:31:15.118+0000] {dagbag.py:588} INFO - Filling up the DagBag from /home/airflow/.local/lib/python3.12/site-packages/airflow/example_dags/example_sensors.py
[2026-07-18T21:31:15.158+0000] {processor.py:925} INFO - DAG(s) 'example_sensors' retrieved from /home/airflow/.local/lib/python3.12/site-packages/airflow/example_dags/example_sensors.py
[2026-07-18T21:31:15.219+0000] {logging_mixin.py:190} INFO - [2026-07-18T21:31:15.219+0000] {dag.py:3239} INFO - Sync 1 DAGs
[2026-07-18T21:31:15.268+0000] {logging_mixin.py:190} INFO - [2026-07-18T21:31:15.268+0000] {dag.py:4180} INFO - Setting next_dagrun for example_sensors to None, run_after=None
[2026-07-18T21:31:15.317+0000] {processor.py:208} INFO - Processing /home/airflow/.local/lib/python3.12/site-packages/airflow/example_dags/example_sensors.py took 0.219 seconds
[2026-07-18T21:31:46.717+0000] {processor.py:186} INFO - Started process (PID=824) to work on /home/airflow/.local/lib/python3.12/site-packages/airflow/example_dags/example_sensors.py
[2026-07-18T21:31:46.720+0000] {processor.py:914} INFO - Processing file /home/airflow/.local/lib/python3.12/site-packages/airflow/example_dags/example_sensors.py for tasks to queue
[2026-07-18T21:31:46.727+0000] {logging_mixin.py:190} INFO - [2026-07-18T21:31:46.727+0000] {dagbag.py:588} INFO - Filling up the DagBag from /home/airflow/.local/lib/python3.12/site-packages/airflow/example_dags/example_sensors.py
[2026-07-18T21:31:46.750+0000] {processor.py:925} INFO - DAG(s) 'example_sensors' retrieved from /home/airflow/.local/lib/python3.12/site-packages/airflow/example_dags/example_sensors.py
[2026-07-18T21:31:46.806+0000] {logging_mixin.py:190} INFO - [2026-07-18T21:31:46.806+0000] {dag.py:3239} INFO - Sync 1 DAGs
[2026-07-18T21:31:46.842+0000] {logging_mixin.py:190} INFO - [2026-07-18T21:31:46.842+0000] {dag.py:4180} INFO - Setting next_dagrun for example_sensors to None, run_after=None
[2026-07-18T21:31:46.887+0000] {processor.py:208} INFO - Processing /home/airflow/.local/lib/python3.12/site-packages/airflow/example_dags/example_sensors.py took 0.181 seconds
[2026-07-18T21:32:18.528+0000] {processor.py:186} INFO - Started process (PID=888) to work on /home/airflow/.local/lib/python3.12/site-packages/airflow/example_dags/example_sensors.py
[2026-07-18T21:32:18.532+0000] {processor.py:914} INFO - Processing file /home/airflow/.local/lib/python3.12/site-packages/airflow/example_dags/example_sensors.py for tasks to queue
[2026-07-18T21:32:18.537+0000] {logging_mixin.py:190} INFO - [2026-07-18T21:32:18.536+0000] {dagbag.py:588} INFO - Filling up the DagBag from /home/airflow/.local/lib/python3.12/site-packages/airflow/example_dags/example_sensors.py
[2026-07-18T21:32:18.555+0000] {processor.py:925} INFO - DAG(s) 'example_sensors' retrieved from /home/airflow/.local/lib/python3.12/site-packages/airflow/example_dags/example_sensors.py
[2026-07-18T21:32:18.592+0000] {logging_mixin.py:190} INFO - [2026-07-18T21:32:18.592+0000] {dag.py:3239} INFO - Sync 1 DAGs
[2026-07-18T21:32:18.615+0000] {logging_mixin.py:190} INFO - [2026-07-18T21:32:18.615+0000] {dag.py:4180} INFO - Setting next_dagrun for example_sensors to None, run_after=None
[2026-07-18T21:32:18.645+0000] {processor.py:208} INFO - Processing /home/airflow/.local/lib/python3.12/site-packages/airflow/example_dags/example_sensors.py took 0.126 seconds
[2026-07-18T21:32:49.357+0000] {processor.py:186} INFO - Started process (PID=953) to work on /home/airflow/.local/lib/python3.12/site-packages/airflow/example_dags/example_sensors.py
[2026-07-18T21:32:49.360+0000] {processor.py:914} INFO - Processing file /home/airflow/.local/lib/python3.12/site-packages/airflow/example_dags/example_sensors.py for tasks to queue
[2026-07-18T21:32:49.372+0000] {logging_mixin.py:190} INFO - [2026-07-18T21:32:49.371+0000] {dagbag.py:588} INFO - Filling up the DagBag from /home/airflow/.local/lib/python3.12/site-packages/airflow/example_dags/example_sensors.py
[2026-07-18T21:32:49.386+0000] {processor.py:925} INFO - DAG(s) 'example_sensors' retrieved from /home/airflow/.local/lib/python3.12/site-packages/airflow/example_dags/example_sensors.py
[2026-07-18T21:32:49.428+0000] {logging_mixin.py:190} INFO - [2026-07-18T21:32:49.427+0000] {dag.py:3239} INFO - Sync 1 DAGs
[2026-07-18T21:32:49.461+0000] {logging_mixin.py:190} INFO - [2026-07-18T21:32:49.461+0000] {dag.py:4180} INFO - Setting next_dagrun for example_sensors to None, run_after=None
[2026-07-18T21:32:49.499+0000] {processor.py:208} INFO - Processing /home/airflow/.local/lib/python3.12/site-packages/airflow/example_dags/example_sensors.py took 0.153 seconds
[2026-07-18T21:33:21.830+0000] {processor.py:186} INFO - Started process (PID=1017) to work on /home/airflow/.local/lib/python3.12/site-packages/airflow/example_dags/example_sensors.py
[2026-07-18T21:33:21.834+0000] {processor.py:914} INFO - Processing file /home/airflow/.local/lib/python3.12/site-packages/airflow/example_dags/example_sensors.py for tasks to queue
[2026-07-18T21:33:21.842+0000] {logging_mixin.py:190} INFO - [2026-07-18T21:33:21.841+0000] {dagbag.py:588} INFO - Filling up the DagBag from /home/airflow/.local/lib/python3.12/site-packages/airflow/example_dags/example_sensors.py
[2026-07-18T21:33:21.882+0000] {processor.py:925} INFO - DAG(s) 'example_sensors' retrieved from /home/airflow/.local/lib/python3.12/site-packages/airflow/example_dags/example_sensors.py
[2026-07-18T21:33:21.967+0000] {logging_mixin.py:190} INFO - [2026-07-18T21:33:21.967+0000] {dag.py:3239} INFO - Sync 1 DAGs
[2026-07-18T21:33:22.022+0000] {logging_mixin.py:190} INFO - [2026-07-18T21:33:22.022+0000] {dag.py:4180} INFO - Setting next_dagrun for example_sensors to None, run_after=None
[2026-07-18T21:33:22.115+0000] {processor.py:208} INFO - Processing /home/airflow/.local/lib/python3.12/site-packages/airflow/example_dags/example_sensors.py took 0.306 seconds
[2026-07-18T21:33:53.395+0000] {processor.py:186} INFO - Started process (PID=1082) to work on /home/airflow/.local/lib/python3.12/site-packages/airflow/example_dags/example_sensors.py
[2026-07-18T21:33:53.397+0000] {processor.py:914} INFO - Processing file /home/airflow/.local/lib/python3.12/site-packages/airflow/example_dags/example_sensors.py for tasks to queue
[2026-07-18T21:33:53.403+0000] {logging_mixin.py:190} INFO - [2026-07-18T21:33:53.402+0000] {dagbag.py:588} INFO - Filling up the DagBag from /home/airflow/.local/lib/python3.12/site-packages/airflow/example_dags/example_sensors.py
[2026-07-18T21:33:53.422+0000] {processor.py:925} INFO - DAG(s) 'example_sensors' retrieved from /home/airflow/.local/lib/python3.12/site-packages/airflow/example_dags/example_sensors.py
[2026-07-18T21:33:53.467+0000] {logging_mixin.py:190} INFO - [2026-07-18T21:33:53.467+0000] {dag.py:3239} INFO - Sync 1 DAGs
[2026-07-18T21:33:53.491+0000] {logging_mixin.py:190} INFO - [2026-07-18T21:33:53.491+0000] {dag.py:4180} INFO - Setting next_dagrun for example_sensors to None, run_after=None
[2026-07-18T21:33:53.529+0000] {processor.py:208} INFO - Processing /home/airflow/.local/lib/python3.12/site-packages/airflow/example_dags/example_sensors.py took 0.164 seconds
[2026-07-18T21:34:24.465+0000] {processor.py:186} INFO - Started process (PID=1146) to work on /home/airflow/.local/lib/python3.12/site-packages/airflow/example_dags/example_sensors.py
[2026-07-18T21:34:24.468+0000] {processor.py:914} INFO - Processing file /home/airflow/.local/lib/python3.12/site-packages/airflow/example_dags/example_sensors.py for tasks to queue
[2026-07-18T21:34:24.473+0000] {logging_mixin.py:190} INFO - [2026-07-18T21:34:24.473+0000] {dagbag.py:588} INFO - Filling up the DagBag from /home/airflow/.local/lib/python3.12/site-packages/airflow/example_dags/example_sensors.py
[2026-07-18T21:34:24.493+0000] {processor.py:925} INFO - DAG(s) 'example_sensors' retrieved from /home/airflow/.local/lib/python3.12/site-packages/airflow/example_dags/example_sensors.py
[2026-07-18T21:34:24.540+0000] {logging_mixin.py:190} INFO - [2026-07-18T21:34:24.539+0000] {dag.py:3239} INFO - Sync 1 DAGs
[2026-07-18T21:34:24.563+0000] {logging_mixin.py:190} INFO - [2026-07-18T21:34:24.563+0000] {dag.py:4180} INFO - Setting next_dagrun for example_sensors to None, run_after=None
[2026-07-18T21:34:24.601+0000] {processor.py:208} INFO - Processing /home/airflow/.local/lib/python3.12/site-packages/airflow/example_dags/example_sensors.py took 0.146 seconds
[2026-07-18T21:34:56.636+0000] {processor.py:186} INFO - Started process (PID=1216) to work on /home/airflow/.local/lib/python3.12/site-packages/airflow/example_dags/example_sensors.py
[2026-07-18T21:34:56.640+0000] {processor.py:914} INFO - Processing file /home/airflow/.local/lib/python3.12/site-packages/airflow/example_dags/example_sensors.py for tasks to queue
[2026-07-18T21:34:56.647+0000] {logging_mixin.py:190} INFO - [2026-07-18T21:34:56.646+0000] {dagbag.py:588} INFO - Filling up the DagBag from /home/airflow/.local/lib/python3.12/site-packages/airflow/example_dags/example_sensors.py
[2026-07-18T21:34:56.678+0000] {processor.py:925} INFO - DAG(s) 'example_sensors' retrieved from /home/airflow/.local/lib/python3.12/site-packages/airflow/example_dags/example_sensors.py
[2026-07-18T21:34:56.748+0000] {logging_mixin.py:190} INFO - [2026-07-18T21:34:56.748+0000] {dag.py:3239} INFO - Sync 1 DAGs
[2026-07-18T21:34:56.785+0000] {logging_mixin.py:190} INFO - [2026-07-18T21:34:56.784+0000] {dag.py:4180} INFO - Setting next_dagrun for example_sensors to None, run_after=None
[2026-07-18T21:34:56.830+0000] {processor.py:208} INFO - Processing /home/airflow/.local/lib/python3.12/site-packages/airflow/example_dags/example_sensors.py took 0.209 seconds
[2026-07-18T21:35:28.118+0000] {processor.py:186} INFO - Started process (PID=1280) to work on /home/airflow/.local/lib/python3.12/site-packages/airflow/example_dags/example_sensors.py
[2026-07-18T21:35:28.121+0000] {processor.py:914} INFO - Processing file /home/airflow/.local/lib/python3.12/site-packages/airflow/example_dags/example_sensors.py for tasks to queue
[2026-07-18T21:35:28.127+0000] {logging_mixin.py:190} INFO - [2026-07-18T21:35:28.127+0000] {dagbag.py:588} INFO - Filling up the DagBag from /home/airflow/.local/lib/python3.12/site-packages/airflow/example_dags/example_sensors.py
[2026-07-18T21:35:28.147+0000] {processor.py:925} INFO - DAG(s) 'example_sensors' retrieved from /home/airflow/.local/lib/python3.12/site-packages/airflow/example_dags/example_sensors.py
[2026-07-18T21:35:28.189+0000] {logging_mixin.py:190} INFO - [2026-07-18T21:35:28.189+0000] {dag.py:3239} INFO - Sync 1 DAGs
[2026-07-18T21:35:28.215+0000] {logging_mixin.py:190} INFO - [2026-07-18T21:35:28.214+0000] {dag.py:4180} INFO - Setting next_dagrun for example_sensors to None, run_after=None
[2026-07-18T21:35:28.243+0000] {processor.py:208} INFO - Processing /home/airflow/.local/lib/python3.12/site-packages/airflow/example_dags/example_sensors.py took 0.136 seconds
[2026-07-18T21:35:59.686+0000] {processor.py:186} INFO - Started process (PID=1344) to work on /home/airflow/.local/lib/python3.12/site-packages/airflow/example_dags/example_sensors.py
[2026-07-18T21:35:59.690+0000] {processor.py:914} INFO - Processing file /home/airflow/.local/lib/python3.12/site-packages/airflow/example_dags/example_sensors.py for tasks to queue
[2026-07-18T21:35:59.699+0000] {logging_mixin.py:190} INFO - [2026-07-18T21:35:59.698+0000] {dagbag.py:588} INFO - Filling up the DagBag from /home/airflow/.local/lib/python3.12/site-packages/airflow/example_dags/example_sensors.py
[2026-07-18T21:35:59.732+0000] {processor.py:925} INFO - DAG(s) 'example_sensors' retrieved from /home/airflow/.local/lib/python3.12/site-packages/airflow/example_dags/example_sensors.py
[2026-07-18T21:35:59.789+0000] {logging_mixin.py:190} INFO - [2026-07-18T21:35:59.789+0000] {dag.py:3239} INFO - Sync 1 DAGs
[2026-07-18T21:35:59.809+0000] {logging_mixin.py:190} INFO - [2026-07-18T21:35:59.808+0000] {dag.py:4180} INFO - Setting next_dagrun for example_sensors to None, run_after=None
[2026-07-18T21:35:59.840+0000] {processor.py:208} INFO - Processing /home/airflow/.local/lib/python3.12/site-packages/airflow/example_dags/example_sensors.py took 0.170 seconds
[2026-07-18T21:36:31.301+0000] {processor.py:186} INFO - Started process (PID=1408) to work on /home/airflow/.local/lib/python3.12/site-packages/airflow/example_dags/example_sensors.py
[2026-07-18T21:36:31.303+0000] {processor.py:914} INFO - Processing file /home/airflow/.local/lib/python3.12/site-packages/airflow/example_dags/example_sensors.py for tasks to queue
[2026-07-18T21:36:31.309+0000] {logging_mixin.py:190} INFO - [2026-07-18T21:36:31.308+0000] {dagbag.py:588} INFO - Filling up the DagBag from /home/airflow/.local/lib/python3.12/site-packages/airflow/example_dags/example_sensors.py
[2026-07-18T21:36:31.327+0000] {processor.py:925} INFO - DAG(s) 'example_sensors' retrieved from /home/airflow/.local/lib/python3.12/site-packages/airflow/example_dags/example_sensors.py
[2026-07-18T21:36:31.362+0000] {logging_mixin.py:190} INFO - [2026-07-18T21:36:31.362+0000] {dag.py:3239} INFO - Sync 1 DAGs
[2026-07-18T21:36:31.382+0000] {logging_mixin.py:190} INFO - [2026-07-18T21:36:31.381+0000] {dag.py:4180} INFO - Setting next_dagrun for example_sensors to None, run_after=None
[2026-07-18T21:36:31.408+0000] {processor.py:208} INFO - Processing /home/airflow/.local/lib/python3.12/site-packages/airflow/example_dags/example_sensors.py took 0.119 seconds
[2026-07-18T21:37:02.722+0000] {processor.py:186} INFO - Started process (PID=1472) to work on /home/airflow/.local/lib/python3.12/site-packages/airflow/example_dags/example_sensors.py
[2026-07-18T21:37:02.725+0000] {processor.py:914} INFO - Processing file /home/airflow/.local/lib/python3.12/site-packages/airflow/example_dags/example_sensors.py for tasks to queue
[2026-07-18T21:37:02.731+0000] {logging_mixin.py:190} INFO - [2026-07-18T21:37:02.730+0000] {dagbag.py:588} INFO - Filling up the DagBag from /home/airflow/.local/lib/python3.12/site-packages/airflow/example_dags/example_sensors.py
[2026-07-18T21:37:02.757+0000] {processor.py:925} INFO - DAG(s) 'example_sensors' retrieved from /home/airflow/.local/lib/python3.12/site-packages/airflow/example_dags/example_sensors.py
[2026-07-18T21:37:02.794+0000] {logging_mixin.py:190} INFO - [2026-07-18T21:37:02.793+0000] {dag.py:3239} INFO - Sync 1 DAGs
[2026-07-18T21:37:02.813+0000] {logging_mixin.py:190} INFO - [2026-07-18T21:37:02.813+0000] {dag.py:4180} INFO - Setting next_dagrun for example_sensors to None, run_after=None
[2026-07-18T21:37:02.839+0000] {processor.py:208} INFO - Processing /home/airflow/.local/lib/python3.12/site-packages/airflow/example_dags/example_sensors.py took 0.128 seconds
[2026-07-18T21:37:35.245+0000] {processor.py:186} INFO - Started process (PID=1536) to work on /home/airflow/.local/lib/python3.12/site-packages/airflow/example_dags/example_sensors.py
[2026-07-18T21:37:35.248+0000] {processor.py:914} INFO - Processing file /home/airflow/.local/lib/python3.12/site-packages/airflow/example_dags/example_sensors.py for tasks to queue
[2026-07-18T21:37:35.258+0000] {logging_mixin.py:190} INFO - [2026-07-18T21:37:35.257+0000] {dagbag.py:588} INFO - Filling up the DagBag from /home/airflow/.local/lib/python3.12/site-packages/airflow/example_dags/example_sensors.py
[2026-07-18T21:37:35.288+0000] {processor.py:925} INFO - DAG(s) 'example_sensors' retrieved from /home/airflow/.local/lib/python3.12/site-packages/airflow/example_dags/example_sensors.py
[2026-07-18T21:37:35.336+0000] {logging_mixin.py:190} INFO - [2026-07-18T21:37:35.335+0000] {dag.py:3239} INFO - Sync 1 DAGs
[2026-07-18T21:37:35.380+0000] {logging_mixin.py:190} INFO - [2026-07-18T21:37:35.379+0000] {dag.py:4180} INFO - Setting next_dagrun for example_sensors to None, run_after=None
[2026-07-18T21:37:35.438+0000] {processor.py:208} INFO - Processing /home/airflow/.local/lib/python3.12/site-packages/airflow/example_dags/example_sensors.py took 0.213 seconds
[2026-07-18T21:38:07.145+0000] {processor.py:186} INFO - Started process (PID=1600) to work on /home/airflow/.local/lib/python3.12/site-packages/airflow/example_dags/example_sensors.py
[2026-07-18T21:38:07.148+0000] {processor.py:914} INFO - Processing file /home/airflow/.local/lib/python3.12/site-packages/airflow/example_dags/example_sensors.py for tasks to queue
[2026-07-18T21:38:07.153+0000] {logging_mixin.py:190} INFO - [2026-07-18T21:38:07.153+0000] {dagbag.py:588} INFO - Filling up the DagBag from /home/airflow/.local/lib/python3.12/site-packages/airflow/example_dags/example_sensors.py
[2026-07-18T21:38:07.180+0000] {processor.py:925} INFO - DAG(s) 'example_sensors' retrieved from /home/airflow/.local/lib/python3.12/site-packages/airflow/example_dags/example_sensors.py
[2026-07-18T21:38:07.225+0000] {logging_mixin.py:190} INFO - [2026-07-18T21:38:07.225+0000] {dag.py:3239} INFO - Sync 1 DAGs
[2026-07-18T21:38:07.246+0000] {logging_mixin.py:190} INFO - [2026-07-18T21:38:07.246+0000] {dag.py:4180} INFO - Setting next_dagrun for example_sensors to None, run_after=None
[2026-07-18T21:38:07.274+0000] {processor.py:208} INFO - Processing /home/airflow/.local/lib/python3.12/site-packages/airflow/example_dags/example_sensors.py took 0.142 seconds
[2026-07-18T21:38:38.367+0000] {processor.py:186} INFO - Started process (PID=1664) to work on /home/airflow/.local/lib/python3.12/site-packages/airflow/example_dags/example_sensors.py
[2026-07-18T21:38:38.370+0000] {processor.py:914} INFO - Processing file /home/airflow/.local/lib/python3.12/site-packages/airflow/example_dags/example_sensors.py for tasks to queue
[2026-07-18T21:38:38.376+0000] {logging_mixin.py:190} INFO - [2026-07-18T21:38:38.375+0000] {dagbag.py:588} INFO - Filling up the DagBag from /home/airflow/.local/lib/python3.12/site-packages/airflow/example_dags/example_sensors.py
[2026-07-18T21:38:38.401+0000] {processor.py:925} INFO - DAG(s) 'example_sensors' retrieved from /home/airflow/.local/lib/python3.12/site-packages/airflow/example_dags/example_sensors.py
[2026-07-18T21:38:38.449+0000] {logging_mixin.py:190} INFO - [2026-07-18T21:38:38.449+0000] {dag.py:3239} INFO - Sync 1 DAGs
[2026-07-18T21:38:38.492+0000] {logging_mixin.py:190} INFO - [2026-07-18T21:38:38.492+0000] {dag.py:4180} INFO - Setting next_dagrun for example_sensors to None, run_after=None
[2026-07-18T21:38:38.549+0000] {processor.py:208} INFO - Processing /home/airflow/.local/lib/python3.12/site-packages/airflow/example_dags/example_sensors.py took 0.191 seconds
[2026-07-18T21:39:09.372+0000] {processor.py:186} INFO - Started process (PID=1728) to work on /home/airflow/.local/lib/python3.12/site-packages/airflow/example_dags/example_sensors.py
[2026-07-18T21:39:09.375+0000] {processor.py:914} INFO - Processing file /home/airflow/.local/lib/python3.12/site-packages/airflow/example_dags/example_sensors.py for tasks to queue
[2026-07-18T21:39:09.380+0000] {logging_mixin.py:190} INFO - [2026-07-18T21:39:09.379+0000] {dagbag.py:588} INFO - Filling up the DagBag from /home/airflow/.local/lib/python3.12/site-packages/airflow/example_dags/example_sensors.py
[2026-07-18T21:39:09.409+0000] {processor.py:925} INFO - DAG(s) 'example_sensors' retrieved from /home/airflow/.local/lib/python3.12/site-packages/airflow/example_dags/example_sensors.py
[2026-07-18T21:39:09.455+0000] {logging_mixin.py:190} INFO - [2026-07-18T21:39:09.455+0000] {dag.py:3239} INFO - Sync 1 DAGs
[2026-07-18T21:39:09.482+0000] {logging_mixin.py:190} INFO - [2026-07-18T21:39:09.481+0000] {dag.py:4180} INFO - Setting next_dagrun for example_sensors to None, run_after=None
[2026-07-18T21:39:09.514+0000] {processor.py:208} INFO - Processing /home/airflow/.local/lib/python3.12/site-packages/airflow/example_dags/example_sensors.py took 0.152 seconds
[2026-07-18T21:39:42.029+0000] {processor.py:186} INFO - Started process (PID=1792) to work on /home/airflow/.local/lib/python3.12/site-packages/airflow/example_dags/example_sensors.py
[2026-07-18T21:39:42.034+0000] {processor.py:914} INFO - Processing file /home/airflow/.local/lib/python3.12/site-packages/airflow/example_dags/example_sensors.py for tasks to queue
[2026-07-18T21:39:42.044+0000] {logging_mixin.py:190} INFO - [2026-07-18T21:39:42.043+0000] {dagbag.py:588} INFO - Filling up the DagBag from /home/airflow/.local/lib/python3.12/site-packages/airflow/example_dags/example_sensors.py
[2026-07-18T21:39:42.081+0000] {processor.py:925} INFO - DAG(s) 'example_sensors' retrieved from /home/airflow/.local/lib/python3.12/site-packages/airflow/example_dags/example_sensors.py
[2026-07-18T21:39:42.143+0000] {logging_mixin.py:190} INFO - [2026-07-18T21:39:42.143+0000] {dag.py:3239} INFO - Sync 1 DAGs
[2026-07-18T21:39:42.165+0000] {logging_mixin.py:190} INFO - [2026-07-18T21:39:42.164+0000] {dag.py:4180} INFO - Setting next_dagrun for example_sensors to None, run_after=None
[2026-07-18T21:39:42.219+0000] {processor.py:208} INFO - Processing /home/airflow/.local/lib/python3.12/site-packages/airflow/example_dags/example_sensors.py took 0.211 seconds
[2026-07-18T21:40:13.912+0000] {processor.py:186} INFO - Started process (PID=1857) to work on /home/airflow/.local/lib/python3.12/site-packages/airflow/example_dags/example_sensors.py
[2026-07-18T21:40:13.914+0000] {processor.py:914} INFO - Processing file /home/airflow/.local/lib/python3.12/site-packages/airflow/example_dags/example_sensors.py for tasks to queue
[2026-07-18T21:40:13.920+0000] {logging_mixin.py:190} INFO - [2026-07-18T21:40:13.919+0000] {dagbag.py:588} INFO - Filling up the DagBag from /home/airflow/.local/lib/python3.12/site-packages/airflow/example_dags/example_sensors.py
[2026-07-18T21:40:13.945+0000] {processor.py:925} INFO - DAG(s) 'example_sensors' retrieved from /home/airflow/.local/lib/python3.12/site-packages/airflow/example_dags/example_sensors.py
[2026-07-18T21:40:14.002+0000] {logging_mixin.py:190} INFO - [2026-07-18T21:40:14.002+0000] {dag.py:3239} INFO - Sync 1 DAGs
[2026-07-18T21:40:14.048+0000] {logging_mixin.py:190} INFO - [2026-07-18T21:40:14.047+0000] {dag.py:4180} INFO - Setting next_dagrun for example_sensors to None, run_after=None
[2026-07-18T21:40:14.116+0000] {processor.py:208} INFO - Processing /home/airflow/.local/lib/python3.12/site-packages/airflow/example_dags/example_sensors.py took 0.213 seconds
[2026-07-18T21:40:45.464+0000] {processor.py:186} INFO - Started process (PID=1921) to work on /home/airflow/.local/lib/python3.12/site-packages/airflow/example_dags/example_sensors.py
[2026-07-18T21:40:45.467+0000] {processor.py:914} INFO - Processing file /home/airflow/.local/lib/python3.12/site-packages/airflow/example_dags/example_sensors.py for tasks to queue
[2026-07-18T21:40:45.473+0000] {logging_mixin.py:190} INFO - [2026-07-18T21:40:45.472+0000] {dagbag.py:588} INFO - Filling up the DagBag from /home/airflow/.local/lib/python3.12/site-packages/airflow/example_dags/example_sensors.py
[2026-07-18T21:40:45.497+0000] {processor.py:925} INFO - DAG(s) 'example_sensors' retrieved from /home/airflow/.local/lib/python3.12/site-packages/airflow/example_dags/example_sensors.py
[2026-07-18T21:40:45.559+0000] {logging_mixin.py:190} INFO - [2026-07-18T21:40:45.557+0000] {dag.py:3239} INFO - Sync 1 DAGs
[2026-07-18T21:40:45.593+0000] {logging_mixin.py:190} INFO - [2026-07-18T21:40:45.593+0000] {dag.py:4180} INFO - Setting next_dagrun for example_sensors to None, run_after=None
[2026-07-18T21:40:45.639+0000] {processor.py:208} INFO - Processing /home/airflow/.local/lib/python3.12/site-packages/airflow/example_dags/example_sensors.py took 0.185 seconds
[2026-07-18T21:41:16.516+0000] {processor.py:186} INFO - Started process (PID=1985) to work on /home/airflow/.local/lib/python3.12/site-packages/airflow/example_dags/example_sensors.py
[2026-07-18T21:41:16.518+0000] {processor.py:914} INFO - Processing file /home/airflow/.local/lib/python3.12/site-packages/airflow/example_dags/example_sensors.py for tasks to queue
[2026-07-18T21:41:16.522+0000] {logging_mixin.py:190} INFO - [2026-07-18T21:41:16.522+0000] {dagbag.py:588} INFO - Filling up the DagBag from /home/airflow/.local/lib/python3.12/site-packages/airflow/example_dags/example_sensors.py
[2026-07-18T21:41:16.537+0000] {processor.py:925} INFO - DAG(s) 'example_sensors' retrieved from /home/airflow/.local/lib/python3.12/site-packages/airflow/example_dags/example_sensors.py
[2026-07-18T21:41:16.576+0000] {logging_mixin.py:190} INFO - [2026-07-18T21:41:16.575+0000] {dag.py:3239} INFO - Sync 1 DAGs
[2026-07-18T21:41:16.602+0000] {logging_mixin.py:190} INFO - [2026-07-18T21:41:16.601+0000] {dag.py:4180} INFO - Setting next_dagrun for example_sensors to None, run_after=None
[2026-07-18T21:41:16.631+0000] {processor.py:208} INFO - Processing /home/airflow/.local/lib/python3.12/site-packages/airflow/example_dags/example_sensors.py took 0.122 seconds
[2026-07-18T21:41:48.100+0000] {processor.py:186} INFO - Started process (PID=2049) to work on /home/airflow/.local/lib/python3.12/site-packages/airflow/example_dags/example_sensors.py
[2026-07-18T21:41:48.103+0000] {processor.py:914} INFO - Processing file /home/airflow/.local/lib/python3.12/site-packages/airflow/example_dags/example_sensors.py for tasks to queue
[2026-07-18T21:41:48.107+0000] {logging_mixin.py:190} INFO - [2026-07-18T21:41:48.107+0000] {dagbag.py:588} INFO - Filling up the DagBag from /home/airflow/.local/lib/python3.12/site-packages/airflow/example_dags/example_sensors.py
[2026-07-18T21:41:48.124+0000] {processor.py:925} INFO - DAG(s) 'example_sensors' retrieved from /home/airflow/.local/lib/python3.12/site-packages/airflow/example_dags/example_sensors.py
[2026-07-18T21:41:48.166+0000] {logging_mixin.py:190} INFO - [2026-07-18T21:41:48.165+0000] {dag.py:3239} INFO - Sync 1 DAGs
[2026-07-18T21:41:48.194+0000] {logging_mixin.py:190} INFO - [2026-07-18T21:41:48.194+0000] {dag.py:4180} INFO - Setting next_dagrun for example_sensors to None, run_after=None
[2026-07-18T21:41:48.241+0000] {processor.py:208} INFO - Processing /home/airflow/.local/lib/python3.12/site-packages/airflow/example_dags/example_sensors.py took 0.151 seconds
[2026-07-18T21:42:19.789+0000] {processor.py:186} INFO - Started process (PID=2114) to work on /home/airflow/.local/lib/python3.12/site-packages/airflow/example_dags/example_sensors.py
[2026-07-18T21:42:19.792+0000] {processor.py:914} INFO - Processing file /home/airflow/.local/lib/python3.12/site-packages/airflow/example_dags/example_sensors.py for tasks to queue
[2026-07-18T21:42:19.799+0000] {logging_mixin.py:190} INFO - [2026-07-18T21:42:19.798+0000] {dagbag.py:588} INFO - Filling up the DagBag from /home/airflow/.local/lib/python3.12/site-packages/airflow/example_dags/example_sensors.py
[2026-07-18T21:42:19.820+0000] {processor.py:925} INFO - DAG(s) 'example_sensors' retrieved from /home/airflow/.local/lib/python3.12/site-packages/airflow/example_dags/example_sensors.py
[2026-07-18T21:42:19.856+0000] {logging_mixin.py:190} INFO - [2026-07-18T21:42:19.854+0000] {dag.py:3239} INFO - Sync 1 DAGs
[2026-07-18T21:42:19.875+0000] {logging_mixin.py:190} INFO - [2026-07-18T21:42:19.875+0000] {dag.py:4180} INFO - Setting next_dagrun for example_sensors to None, run_after=None
[2026-07-18T21:42:19.950+0000] {processor.py:208} INFO - Processing /home/airflow/.local/lib/python3.12/site-packages/airflow/example_dags/example_sensors.py took 0.171 seconds
[2026-07-18T21:42:51.385+0000] {processor.py:186} INFO - Started process (PID=2179) to work on /home/airflow/.local/lib/python3.12/site-packages/airflow/example_dags/example_sensors.py
[2026-07-18T21:42:51.389+0000] {processor.py:914} INFO - Processing file /home/airflow/.local/lib/python3.12/site-packages/airflow/example_dags/example_sensors.py for tasks to queue
[2026-07-18T21:42:51.397+0000] {logging_mixin.py:190} INFO - [2026-07-18T21:42:51.396+0000] {dagbag.py:588} INFO - Filling up the DagBag from /home/airflow/.local/lib/python3.12/site-packages/airflow/example_dags/example_sensors.py
[2026-07-18T21:42:51.431+0000] {processor.py:925} INFO - DAG(s) 'example_sensors' retrieved from /home/airflow/.local/lib/python3.12/site-packages/airflow/example_dags/example_sensors.py
[2026-07-18T21:42:51.503+0000] {logging_mixin.py:190} INFO - [2026-07-18T21:42:51.502+0000] {dag.py:3239} INFO - Sync 1 DAGs
[2026-07-18T21:42:51.522+0000] {logging_mixin.py:190} INFO - [2026-07-18T21:42:51.522+0000] {dag.py:4180} INFO - Setting next_dagrun for example_sensors to None, run_after=None
[2026-07-18T21:42:51.560+0000] {processor.py:208} INFO - Processing /home/airflow/.local/lib/python3.12/site-packages/airflow/example_dags/example_sensors.py took 0.191 seconds
[2026-07-18T21:43:24.271+0000] {processor.py:186} INFO - Started process (PID=2247) to work on /home/airflow/.local/lib/python3.12/site-packages/airflow/example_dags/example_sensors.py
[2026-07-18T21:43:24.276+0000] {processor.py:914} INFO - Processing file /home/airflow/.local/lib/python3.12/site-packages/airflow/example_dags/example_sensors.py for tasks to queue
[2026-07-18T21:43:24.289+0000] {logging_mixin.py:190} INFO - [2026-07-18T21:43:24.287+0000] {dagbag.py:588} INFO - Filling up the DagBag from /home/airflow/.local/lib/python3.12/site-packages/airflow/example_dags/example_sensors.py
[2026-07-18T21:43:24.328+0000] {processor.py:925} INFO - DAG(s) 'example_sensors' retrieved from /home/airflow/.local/lib/python3.12/site-packages/airflow/example_dags/example_sensors.py
[2026-07-18T21:43:24.393+0000] {logging_mixin.py:190} INFO - [2026-07-18T21:43:24.392+0000] {dag.py:3239} INFO - Sync 1 DAGs
[2026-07-18T21:43:24.437+0000] {logging_mixin.py:190} INFO - [2026-07-18T21:43:24.436+0000] {dag.py:4180} INFO - Setting next_dagrun for example_sensors to None, run_after=None
[2026-07-18T21:43:24.527+0000] {processor.py:208} INFO - Processing /home/airflow/.local/lib/python3.12/site-packages/airflow/example_dags/example_sensors.py took 0.279 seconds
[2026-07-18T21:43:55.679+0000] {processor.py:186} INFO - Started process (PID=2312) to work on /home/airflow/.local/lib/python3.12/site-packages/airflow/example_dags/example_sensors.py
[2026-07-18T21:43:55.685+0000] {processor.py:914} INFO - Processing file /home/airflow/.local/lib/python3.12/site-packages/airflow/example_dags/example_sensors.py for tasks to queue
[2026-07-18T21:43:55.696+0000] {logging_mixin.py:190} INFO - [2026-07-18T21:43:55.695+0000] {dagbag.py:588} INFO - Filling up the DagBag from /home/airflow/.local/lib/python3.12/site-packages/airflow/example_dags/example_sensors.py
[2026-07-18T21:43:55.729+0000] {processor.py:925} INFO - DAG(s) 'example_sensors' retrieved from /home/airflow/.local/lib/python3.12/site-packages/airflow/example_dags/example_sensors.py
[2026-07-18T21:43:55.788+0000] {logging_mixin.py:190} INFO - [2026-07-18T21:43:55.787+0000] {dag.py:3239} INFO - Sync 1 DAGs
[2026-07-18T21:43:55.820+0000] {logging_mixin.py:190} INFO - [2026-07-18T21:43:55.819+0000] {dag.py:4180} INFO - Setting next_dagrun for example_sensors to None, run_after=None
[2026-07-18T21:43:55.869+0000] {processor.py:208} INFO - Processing /home/airflow/.local/lib/python3.12/site-packages/airflow/example_dags/example_sensors.py took 0.202 seconds
[2026-07-18T21:44:27.000+0000] {processor.py:186} INFO - Started process (PID=2382) to work on /home/airflow/.local/lib/python3.12/site-packages/airflow/example_dags/example_sensors.py
[2026-07-18T21:44:27.003+0000] {processor.py:914} INFO - Processing file /home/airflow/.local/lib/python3.12/site-packages/airflow/example_dags/example_sensors.py for tasks to queue
[2026-07-18T21:44:27.009+0000] {logging_mixin.py:190} INFO - [2026-07-18T21:44:27.009+0000] {dagbag.py:588} INFO - Filling up the DagBag from /home/airflow/.local/lib/python3.12/site-packages/airflow/example_dags/example_sensors.py
[2026-07-18T21:44:27.031+0000] {processor.py:925} INFO - DAG(s) 'example_sensors' retrieved from /home/airflow/.local/lib/python3.12/site-packages/airflow/example_dags/example_sensors.py
[2026-07-18T21:44:27.111+0000] {logging_mixin.py:190} INFO - [2026-07-18T21:44:27.111+0000] {dag.py:3239} INFO - Sync 1 DAGs
[2026-07-18T21:44:27.147+0000] {logging_mixin.py:190} INFO - [2026-07-18T21:44:27.147+0000] {dag.py:4180} INFO - Setting next_dagrun for example_sensors to None, run_after=None
[2026-07-18T21:44:27.179+0000] {processor.py:208} INFO - Processing /home/airflow/.local/lib/python3.12/site-packages/airflow/example_dags/example_sensors.py took 0.194 seconds
[2026-07-18T21:44:58.120+0000] {processor.py:186} INFO - Started process (PID=2446) to work on /home/airflow/.local/lib/python3.12/site-packages/airflow/example_dags/example_sensors.py
[2026-07-18T21:44:58.122+0000] {processor.py:914} INFO - Processing file /home/airflow/.local/lib/python3.12/site-packages/airflow/example_dags/example_sensors.py for tasks to queue
[2026-07-18T21:44:58.128+0000] {logging_mixin.py:190} INFO - [2026-07-18T21:44:58.127+0000] {dagbag.py:588} INFO - Filling up the DagBag from /home/airflow/.local/lib/python3.12/site-packages/airflow/example_dags/example_sensors.py
[2026-07-18T21:44:58.151+0000] {processor.py:925} INFO - DAG(s) 'example_sensors' retrieved from /home/airflow/.local/lib/python3.12/site-packages/airflow/example_dags/example_sensors.py
[2026-07-18T21:44:58.202+0000] {logging_mixin.py:190} INFO - [2026-07-18T21:44:58.201+0000] {dag.py:3239} INFO - Sync 1 DAGs
[2026-07-18T21:44:58.230+0000] {logging_mixin.py:190} INFO - [2026-07-18T21:44:58.229+0000] {dag.py:4180} INFO - Setting next_dagrun for example_sensors to None, run_after=None
[2026-07-18T21:44:58.260+0000] {processor.py:208} INFO - Processing /home/airflow/.local/lib/python3.12/site-packages/airflow/example_dags/example_sensors.py took 0.153 seconds
[2026-07-18T21:45:30.075+0000] {processor.py:186} INFO - Started process (PID=2510) to work on /home/airflow/.local/lib/python3.12/site-packages/airflow/example_dags/example_sensors.py
[2026-07-18T21:45:30.080+0000] {processor.py:914} INFO - Processing file /home/airflow/.local/lib/python3.12/site-packages/airflow/example_dags/example_sensors.py for tasks to queue
[2026-07-18T21:45:30.089+0000] {logging_mixin.py:190} INFO - [2026-07-18T21:45:30.088+0000] {dagbag.py:588} INFO - Filling up the DagBag from /home/airflow/.local/lib/python3.12/site-packages/airflow/example_dags/example_sensors.py
[2026-07-18T21:45:30.120+0000] {processor.py:925} INFO - DAG(s) 'example_sensors' retrieved from /home/airflow/.local/lib/python3.12/site-packages/airflow/example_dags/example_sensors.py
[2026-07-18T21:45:30.191+0000] {logging_mixin.py:190} INFO - [2026-07-18T21:45:30.190+0000] {dag.py:3239} INFO - Sync 1 DAGs
[2026-07-18T21:45:30.232+0000] {logging_mixin.py:190} INFO - [2026-07-18T21:45:30.231+0000] {dag.py:4180} INFO - Setting next_dagrun for example_sensors to None, run_after=None
[2026-07-18T21:45:30.307+0000] {processor.py:208} INFO - Processing /home/airflow/.local/lib/python3.12/site-packages/airflow/example_dags/example_sensors.py took 0.258 seconds
[2026-07-18T21:46:01.261+0000] {processor.py:186} INFO - Started process (PID=2574) to work on /home/airflow/.local/lib/python3.12/site-packages/airflow/example_dags/example_sensors.py
[2026-07-18T21:46:01.266+0000] {processor.py:914} INFO - Processing file /home/airflow/.local/lib/python3.12/site-packages/airflow/example_dags/example_sensors.py for tasks to queue
[2026-07-18T21:46:01.272+0000] {logging_mixin.py:190} INFO - [2026-07-18T21:46:01.271+0000] {dagbag.py:588} INFO - Filling up the DagBag from /home/airflow/.local/lib/python3.12/site-packages/airflow/example_dags/example_sensors.py
[2026-07-18T21:46:01.303+0000] {processor.py:925} INFO - DAG(s) 'example_sensors' retrieved from /home/airflow/.local/lib/python3.12/site-packages/airflow/example_dags/example_sensors.py
[2026-07-18T21:46:01.374+0000] {logging_mixin.py:190} INFO - [2026-07-18T21:46:01.373+0000] {dag.py:3239} INFO - Sync 1 DAGs
[2026-07-18T21:46:01.400+0000] {logging_mixin.py:190} INFO - [2026-07-18T21:46:01.400+0000] {dag.py:4180} INFO - Setting next_dagrun for example_sensors to None, run_after=None
[2026-07-18T21:46:01.447+0000] {processor.py:208} INFO - Processing /home/airflow/.local/lib/python3.12/site-packages/airflow/example_dags/example_sensors.py took 0.204 seconds
[2026-07-18T21:46:32.424+0000] {processor.py:186} INFO - Started process (PID=2638) to work on /home/airflow/.local/lib/python3.12/site-packages/airflow/example_dags/example_sensors.py
[2026-07-18T21:46:32.427+0000] {processor.py:914} INFO - Processing file /home/airflow/.local/lib/python3.12/site-packages/airflow/example_dags/example_sensors.py for tasks to queue
[2026-07-18T21:46:32.436+0000] {logging_mixin.py:190} INFO - [2026-07-18T21:46:32.435+0000] {dagbag.py:588} INFO - Filling up the DagBag from /home/airflow/.local/lib/python3.12/site-packages/airflow/example_dags/example_sensors.py
[2026-07-18T21:46:32.467+0000] {processor.py:925} INFO - DAG(s) 'example_sensors' retrieved from /home/airflow/.local/lib/python3.12/site-packages/airflow/example_dags/example_sensors.py
[2026-07-18T21:46:32.529+0000] {logging_mixin.py:190} INFO - [2026-07-18T21:46:32.529+0000] {dag.py:3239} INFO - Sync 1 DAGs
[2026-07-18T21:46:32.561+0000] {logging_mixin.py:190} INFO - [2026-07-18T21:46:32.560+0000] {dag.py:4180} INFO - Setting next_dagrun for example_sensors to None, run_after=None
[2026-07-18T21:46:32.605+0000] {processor.py:208} INFO - Processing /home/airflow/.local/lib/python3.12/site-packages/airflow/example_dags/example_sensors.py took 0.197 seconds
[2026-07-18T21:47:03.977+0000] {processor.py:186} INFO - Started process (PID=2706) to work on /home/airflow/.local/lib/python3.12/site-packages/airflow/example_dags/example_sensors.py
[2026-07-18T21:47:03.980+0000] {processor.py:914} INFO - Processing file /home/airflow/.local/lib/python3.12/site-packages/airflow/example_dags/example_sensors.py for tasks to queue
[2026-07-18T21:47:03.984+0000] {logging_mixin.py:190} INFO - [2026-07-18T21:47:03.984+0000] {dagbag.py:588} INFO - Filling up the DagBag from /home/airflow/.local/lib/python3.12/site-packages/airflow/example_dags/example_sensors.py
[2026-07-18T21:47:04.004+0000] {processor.py:925} INFO - DAG(s) 'example_sensors' retrieved from /home/airflow/.local/lib/python3.12/site-packages/airflow/example_dags/example_sensors.py
[2026-07-18T21:47:04.041+0000] {logging_mixin.py:190} INFO - [2026-07-18T21:47:04.040+0000] {dag.py:3239} INFO - Sync 1 DAGs
[2026-07-18T21:47:04.068+0000] {logging_mixin.py:190} INFO - [2026-07-18T21:47:04.067+0000] {dag.py:4180} INFO - Setting next_dagrun for example_sensors to None, run_after=None
[2026-07-18T21:47:04.096+0000] {processor.py:208} INFO - Processing /home/airflow/.local/lib/python3.12/site-packages/airflow/example_dags/example_sensors.py took 0.127 seconds
[2026-07-18T21:47:35.698+0000] {processor.py:186} INFO - Started process (PID=2770) to work on /home/airflow/.local/lib/python3.12/site-packages/airflow/example_dags/example_sensors.py
[2026-07-18T21:47:35.702+0000] {processor.py:914} INFO - Processing file /home/airflow/.local/lib/python3.12/site-packages/airflow/example_dags/example_sensors.py for tasks to queue
[2026-07-18T21:47:35.710+0000] {logging_mixin.py:190} INFO - [2026-07-18T21:47:35.709+0000] {dagbag.py:588} INFO - Filling up the DagBag from /home/airflow/.local/lib/python3.12/site-packages/airflow/example_dags/example_sensors.py
[2026-07-18T21:47:35.738+0000] {processor.py:925} INFO - DAG(s) 'example_sensors' retrieved from /home/airflow/.local/lib/python3.12/site-packages/airflow/example_dags/example_sensors.py
[2026-07-18T21:47:35.799+0000] {logging_mixin.py:190} INFO - [2026-07-18T21:47:35.798+0000] {dag.py:3239} INFO - Sync 1 DAGs
[2026-07-18T21:47:35.831+0000] {logging_mixin.py:190} INFO - [2026-07-18T21:47:35.831+0000] {dag.py:4180} INFO - Setting next_dagrun for example_sensors to None, run_after=None
[2026-07-18T21:47:35.872+0000] {processor.py:208} INFO - Processing /home/airflow/.local/lib/python3.12/site-packages/airflow/example_dags/example_sensors.py took 0.195 seconds
[2026-07-18T21:48:07.058+0000] {processor.py:186} INFO - Started process (PID=2834) to work on /home/airflow/.local/lib/python3.12/site-packages/airflow/example_dags/example_sensors.py
[2026-07-18T21:48:07.061+0000] {processor.py:914} INFO - Processing file /home/airflow/.local/lib/python3.12/site-packages/airflow/example_dags/example_sensors.py for tasks to queue
[2026-07-18T21:48:07.066+0000] {logging_mixin.py:190} INFO - [2026-07-18T21:48:07.065+0000] {dagbag.py:588} INFO - Filling up the DagBag from /home/airflow/.local/lib/python3.12/site-packages/airflow/example_dags/example_sensors.py
[2026-07-18T21:48:07.082+0000] {processor.py:925} INFO - DAG(s) 'example_sensors' retrieved from /home/airflow/.local/lib/python3.12/site-packages/airflow/example_dags/example_sensors.py
[2026-07-18T21:48:07.119+0000] {logging_mixin.py:190} INFO - [2026-07-18T21:48:07.119+0000] {dag.py:3239} INFO - Sync 1 DAGs
[2026-07-18T21:48:07.138+0000] {logging_mixin.py:190} INFO - [2026-07-18T21:48:07.138+0000] {dag.py:4180} INFO - Setting next_dagrun for example_sensors to None, run_after=None
[2026-07-18T21:48:07.174+0000] {processor.py:208} INFO - Processing /home/airflow/.local/lib/python3.12/site-packages/airflow/example_dags/example_sensors.py took 0.123 seconds
[2026-07-18T21:48:38.196+0000] {processor.py:186} INFO - Started process (PID=2898) to work on /home/airflow/.local/lib/python3.12/site-packages/airflow/example_dags/example_sensors.py
[2026-07-18T21:48:38.198+0000] {processor.py:914} INFO - Processing file /home/airflow/.local/lib/python3.12/site-packages/airflow/example_dags/example_sensors.py for tasks to queue
[2026-07-18T21:48:38.203+0000] {logging_mixin.py:190} INFO - [2026-07-18T21:48:38.202+0000] {dagbag.py:588} INFO - Filling up the DagBag from /home/airflow/.local/lib/python3.12/site-packages/airflow/example_dags/example_sensors.py
[2026-07-18T21:48:38.220+0000] {processor.py:925} INFO - DAG(s) 'example_sensors' retrieved from /home/airflow/.local/lib/python3.12/site-packages/airflow/example_dags/example_sensors.py
[2026-07-18T21:48:38.261+0000] {logging_mixin.py:190} INFO - [2026-07-18T21:48:38.260+0000] {dag.py:3239} INFO - Sync 1 DAGs
[2026-07-18T21:48:38.280+0000] {logging_mixin.py:190} INFO - [2026-07-18T21:48:38.280+0000] {dag.py:4180} INFO - Setting next_dagrun for example_sensors to None, run_after=None
[2026-07-18T21:48:38.363+0000] {processor.py:208} INFO - Processing /home/airflow/.local/lib/python3.12/site-packages/airflow/example_dags/example_sensors.py took 0.175 seconds
[2026-07-18T21:49:10.115+0000] {processor.py:186} INFO - Started process (PID=2962) to work on /home/airflow/.local/lib/python3.12/site-packages/airflow/example_dags/example_sensors.py
[2026-07-18T21:49:10.118+0000] {processor.py:914} INFO - Processing file /home/airflow/.local/lib/python3.12/site-packages/airflow/example_dags/example_sensors.py for tasks to queue
[2026-07-18T21:49:10.123+0000] {logging_mixin.py:190} INFO - [2026-07-18T21:49:10.123+0000] {dagbag.py:588} INFO - Filling up the DagBag from /home/airflow/.local/lib/python3.12/site-packages/airflow/example_dags/example_sensors.py
[2026-07-18T21:49:10.145+0000] {processor.py:925} INFO - DAG(s) 'example_sensors' retrieved from /home/airflow/.local/lib/python3.12/site-packages/airflow/example_dags/example_sensors.py
[2026-07-18T21:49:10.198+0000] {logging_mixin.py:190} INFO - [2026-07-18T21:49:10.198+0000] {dag.py:3239} INFO - Sync 1 DAGs
[2026-07-18T21:49:10.225+0000] {logging_mixin.py:190} INFO - [2026-07-18T21:49:10.224+0000] {dag.py:4180} INFO - Setting next_dagrun for example_sensors to None, run_after=None
[2026-07-18T21:49:10.258+0000] {processor.py:208} INFO - Processing /home/airflow/.local/lib/python3.12/site-packages/airflow/example_dags/example_sensors.py took 0.151 seconds
[2026-07-18T22:00:40.501+0000] {processor.py:186} INFO - Started process (PID=3031) to work on /home/airflow/.local/lib/python3.12/site-packages/airflow/example_dags/example_sensors.py
[2026-07-18T22:00:40.503+0000] {processor.py:914} INFO - Processing file /home/airflow/.local/lib/python3.12/site-packages/airflow/example_dags/example_sensors.py for tasks to queue
[2026-07-18T22:00:40.509+0000] {logging_mixin.py:190} INFO - [2026-07-18T22:00:40.508+0000] {dagbag.py:588} INFO - Filling up the DagBag from /home/airflow/.local/lib/python3.12/site-packages/airflow/example_dags/example_sensors.py
[2026-07-18T22:00:40.539+0000] {processor.py:925} INFO - DAG(s) 'example_sensors' retrieved from /home/airflow/.local/lib/python3.12/site-packages/airflow/example_dags/example_sensors.py
[2026-07-18T22:00:40.610+0000] {logging_mixin.py:190} INFO - [2026-07-18T22:00:40.610+0000] {dag.py:3239} INFO - Sync 1 DAGs
[2026-07-18T22:00:40.645+0000] {logging_mixin.py:190} INFO - [2026-07-18T22:00:40.645+0000] {dag.py:4180} INFO - Setting next_dagrun for example_sensors to None, run_after=None
[2026-07-18T22:00:40.716+0000] {processor.py:208} INFO - Processing /home/airflow/.local/lib/python3.12/site-packages/airflow/example_dags/example_sensors.py took 0.228 seconds
[2026-07-18T22:01:11.968+0000] {processor.py:186} INFO - Started process (PID=3095) to work on /home/airflow/.local/lib/python3.12/site-packages/airflow/example_dags/example_sensors.py
[2026-07-18T22:01:11.971+0000] {processor.py:914} INFO - Processing file /home/airflow/.local/lib/python3.12/site-packages/airflow/example_dags/example_sensors.py for tasks to queue
[2026-07-18T22:01:11.974+0000] {logging_mixin.py:190} INFO - [2026-07-18T22:01:11.973+0000] {dagbag.py:588} INFO - Filling up the DagBag from /home/airflow/.local/lib/python3.12/site-packages/airflow/example_dags/example_sensors.py
[2026-07-18T22:01:11.993+0000] {processor.py:925} INFO - DAG(s) 'example_sensors' retrieved from /home/airflow/.local/lib/python3.12/site-packages/airflow/example_dags/example_sensors.py
[2026-07-18T22:01:12.049+0000] {logging_mixin.py:190} INFO - [2026-07-18T22:01:12.049+0000] {dag.py:3239} INFO - Sync 1 DAGs
[2026-07-18T22:01:12.075+0000] {logging_mixin.py:190} INFO - [2026-07-18T22:01:12.075+0000] {dag.py:4180} INFO - Setting next_dagrun for example_sensors to None, run_after=None
[2026-07-18T22:01:12.111+0000] {processor.py:208} INFO - Processing /home/airflow/.local/lib/python3.12/site-packages/airflow/example_dags/example_sensors.py took 0.157 seconds
[2026-07-18T22:01:43.346+0000] {processor.py:186} INFO - Started process (PID=3159) to work on /home/airflow/.local/lib/python3.12/site-packages/airflow/example_dags/example_sensors.py
[2026-07-18T22:01:43.348+0000] {processor.py:914} INFO - Processing file /home/airflow/.local/lib/python3.12/site-packages/airflow/example_dags/example_sensors.py for tasks to queue
[2026-07-18T22:01:43.352+0000] {logging_mixin.py:190} INFO - [2026-07-18T22:01:43.351+0000] {dagbag.py:588} INFO - Filling up the DagBag from /home/airflow/.local/lib/python3.12/site-packages/airflow/example_dags/example_sensors.py
[2026-07-18T22:01:43.380+0000] {processor.py:925} INFO - DAG(s) 'example_sensors' retrieved from /home/airflow/.local/lib/python3.12/site-packages/airflow/example_dags/example_sensors.py
[2026-07-18T22:01:43.461+0000] {logging_mixin.py:190} INFO - [2026-07-18T22:01:43.461+0000] {dag.py:3239} INFO - Sync 1 DAGs
[2026-07-18T22:01:43.497+0000] {logging_mixin.py:190} INFO - [2026-07-18T22:01:43.497+0000] {dag.py:4180} INFO - Setting next_dagrun for example_sensors to None, run_after=None
[2026-07-18T22:01:43.530+0000] {processor.py:208} INFO - Processing /home/airflow/.local/lib/python3.12/site-packages/airflow/example_dags/example_sensors.py took 0.198 seconds
[2026-07-18T22:02:15.069+0000] {processor.py:186} INFO - Started process (PID=3223) to work on /home/airflow/.local/lib/python3.12/site-packages/airflow/example_dags/example_sensors.py
[2026-07-18T22:02:15.072+0000] {processor.py:914} INFO - Processing file /home/airflow/.local/lib/python3.12/site-packages/airflow/example_dags/example_sensors.py for tasks to queue
[2026-07-18T22:02:15.074+0000] {logging_mixin.py:190} INFO - [2026-07-18T22:02:15.074+0000] {dagbag.py:588} INFO - Filling up the DagBag from /home/airflow/.local/lib/python3.12/site-packages/airflow/example_dags/example_sensors.py
[2026-07-18T22:02:15.090+0000] {processor.py:925} INFO - DAG(s) 'example_sensors' retrieved from /home/airflow/.local/lib/python3.12/site-packages/airflow/example_dags/example_sensors.py
[2026-07-18T22:02:15.131+0000] {logging_mixin.py:190} INFO - [2026-07-18T22:02:15.131+0000] {dag.py:3239} INFO - Sync 1 DAGs
[2026-07-18T22:02:15.152+0000] {logging_mixin.py:190} INFO - [2026-07-18T22:02:15.152+0000] {dag.py:4180} INFO - Setting next_dagrun for example_sensors to None, run_after=None
[2026-07-18T22:02:15.176+0000] {processor.py:208} INFO - Processing /home/airflow/.local/lib/python3.12/site-packages/airflow/example_dags/example_sensors.py took 0.115 seconds
[2026-07-18T22:02:46.407+0000] {processor.py:186} INFO - Started process (PID=3287) to work on /home/airflow/.local/lib/python3.12/site-packages/airflow/example_dags/example_sensors.py
[2026-07-18T22:02:46.410+0000] {processor.py:914} INFO - Processing file /home/airflow/.local/lib/python3.12/site-packages/airflow/example_dags/example_sensors.py for tasks to queue
[2026-07-18T22:02:46.412+0000] {logging_mixin.py:190} INFO - [2026-07-18T22:02:46.412+0000] {dagbag.py:588} INFO - Filling up the DagBag from /home/airflow/.local/lib/python3.12/site-packages/airflow/example_dags/example_sensors.py
[2026-07-18T22:02:46.427+0000] {processor.py:925} INFO - DAG(s) 'example_sensors' retrieved from /home/airflow/.local/lib/python3.12/site-packages/airflow/example_dags/example_sensors.py
[2026-07-18T22:02:46.460+0000] {logging_mixin.py:190} INFO - [2026-07-18T22:02:46.459+0000] {dag.py:3239} INFO - Sync 1 DAGs
[2026-07-18T22:02:46.478+0000] {logging_mixin.py:190} INFO - [2026-07-18T22:02:46.478+0000] {dag.py:4180} INFO - Setting next_dagrun for example_sensors to None, run_after=None
[2026-07-18T22:02:46.586+0000] {processor.py:208} INFO - Processing /home/airflow/.local/lib/python3.12/site-packages/airflow/example_dags/example_sensors.py took 0.186 seconds
[2026-07-18T22:03:17.365+0000] {processor.py:186} INFO - Started process (PID=3351) to work on /home/airflow/.local/lib/python3.12/site-packages/airflow/example_dags/example_sensors.py
[2026-07-18T22:03:17.369+0000] {processor.py:914} INFO - Processing file /home/airflow/.local/lib/python3.12/site-packages/airflow/example_dags/example_sensors.py for tasks to queue
[2026-07-18T22:03:17.373+0000] {logging_mixin.py:190} INFO - [2026-07-18T22:03:17.372+0000] {dagbag.py:588} INFO - Filling up the DagBag from /home/airflow/.local/lib/python3.12/site-packages/airflow/example_dags/example_sensors.py
[2026-07-18T22:03:17.398+0000] {processor.py:925} INFO - DAG(s) 'example_sensors' retrieved from /home/airflow/.local/lib/python3.12/site-packages/airflow/example_dags/example_sensors.py
[2026-07-18T22:03:17.443+0000] {logging_mixin.py:190} INFO - [2026-07-18T22:03:17.443+0000] {dag.py:3239} INFO - Sync 1 DAGs
[2026-07-18T22:03:17.470+0000] {logging_mixin.py:190} INFO - [2026-07-18T22:03:17.469+0000] {dag.py:4180} INFO - Setting next_dagrun for example_sensors to None, run_after=None
[2026-07-18T22:03:17.507+0000] {processor.py:208} INFO - Processing /home/airflow/.local/lib/python3.12/site-packages/airflow/example_dags/example_sensors.py took 0.156 seconds
[2026-07-18T22:03:49.336+0000] {processor.py:186} INFO - Started process (PID=3415) to work on /home/airflow/.local/lib/python3.12/site-packages/airflow/example_dags/example_sensors.py
[2026-07-18T22:03:49.339+0000] {processor.py:914} INFO - Processing file /home/airflow/.local/lib/python3.12/site-packages/airflow/example_dags/example_sensors.py for tasks to queue
[2026-07-18T22:03:49.342+0000] {logging_mixin.py:190} INFO - [2026-07-18T22:03:49.341+0000] {dagbag.py:588} INFO - Filling up the DagBag from /home/airflow/.local/lib/python3.12/site-packages/airflow/example_dags/example_sensors.py
[2026-07-18T22:03:49.358+0000] {processor.py:925} INFO - DAG(s) 'example_sensors' retrieved from /home/airflow/.local/lib/python3.12/site-packages/airflow/example_dags/example_sensors.py
[2026-07-18T22:03:49.397+0000] {logging_mixin.py:190} INFO - [2026-07-18T22:03:49.397+0000] {dag.py:3239} INFO - Sync 1 DAGs
[2026-07-18T22:03:49.420+0000] {logging_mixin.py:190} INFO - [2026-07-18T22:03:49.419+0000] {dag.py:4180} INFO - Setting next_dagrun for example_sensors to None, run_after=None
[2026-07-18T22:03:49.470+0000] {processor.py:208} INFO - Processing /home/airflow/.local/lib/python3.12/site-packages/airflow/example_dags/example_sensors.py took 0.144 seconds
[2026-07-18T22:04:20.217+0000] {processor.py:186} INFO - Started process (PID=3479) to work on /home/airflow/.local/lib/python3.12/site-packages/airflow/example_dags/example_sensors.py
[2026-07-18T22:04:20.220+0000] {processor.py:914} INFO - Processing file /home/airflow/.local/lib/python3.12/site-packages/airflow/example_dags/example_sensors.py for tasks to queue
[2026-07-18T22:04:20.223+0000] {logging_mixin.py:190} INFO - [2026-07-18T22:04:20.222+0000] {dagbag.py:588} INFO - Filling up the DagBag from /home/airflow/.local/lib/python3.12/site-packages/airflow/example_dags/example_sensors.py
[2026-07-18T22:04:20.249+0000] {processor.py:925} INFO - DAG(s) 'example_sensors' retrieved from /home/airflow/.local/lib/python3.12/site-packages/airflow/example_dags/example_sensors.py
[2026-07-18T22:04:20.290+0000] {logging_mixin.py:190} INFO - [2026-07-18T22:04:20.290+0000] {dag.py:3239} INFO - Sync 1 DAGs
[2026-07-18T22:04:20.311+0000] {logging_mixin.py:190} INFO - [2026-07-18T22:04:20.311+0000] {dag.py:4180} INFO - Setting next_dagrun for example_sensors to None, run_after=None
[2026-07-18T22:04:20.337+0000] {processor.py:208} INFO - Processing /home/airflow/.local/lib/python3.12/site-packages/airflow/example_dags/example_sensors.py took 0.131 seconds
[2026-07-18T22:04:52.136+0000] {processor.py:186} INFO - Started process (PID=3543) to work on /home/airflow/.local/lib/python3.12/site-packages/airflow/example_dags/example_sensors.py
[2026-07-18T22:04:52.139+0000] {processor.py:914} INFO - Processing file /home/airflow/.local/lib/python3.12/site-packages/airflow/example_dags/example_sensors.py for tasks to queue
[2026-07-18T22:04:52.144+0000] {logging_mixin.py:190} INFO - [2026-07-18T22:04:52.143+0000] {dagbag.py:588} INFO - Filling up the DagBag from /home/airflow/.local/lib/python3.12/site-packages/airflow/example_dags/example_sensors.py
[2026-07-18T22:04:52.168+0000] {processor.py:925} INFO - DAG(s) 'example_sensors' retrieved from /home/airflow/.local/lib/python3.12/site-packages/airflow/example_dags/example_sensors.py
[2026-07-18T22:04:52.498+0000] {logging_mixin.py:190} INFO - [2026-07-18T22:04:52.497+0000] {dag.py:3239} INFO - Sync 1 DAGs
[2026-07-18T22:04:52.515+0000] {logging_mixin.py:190} INFO - [2026-07-18T22:04:52.514+0000] {dag.py:4180} INFO - Setting next_dagrun for example_sensors to None, run_after=None
[2026-07-18T22:04:52.576+0000] {processor.py:208} INFO - Processing /home/airflow/.local/lib/python3.12/site-packages/airflow/example_dags/example_sensors.py took 0.449 seconds
[2026-07-18T22:05:23.034+0000] {processor.py:186} INFO - Started process (PID=3607) to work on /home/airflow/.local/lib/python3.12/site-packages/airflow/example_dags/example_sensors.py
[2026-07-18T22:05:23.037+0000] {processor.py:914} INFO - Processing file /home/airflow/.local/lib/python3.12/site-packages/airflow/example_dags/example_sensors.py for tasks to queue
[2026-07-18T22:05:23.042+0000] {logging_mixin.py:190} INFO - [2026-07-18T22:05:23.041+0000] {dagbag.py:588} INFO - Filling up the DagBag from /home/airflow/.local/lib/python3.12/site-packages/airflow/example_dags/example_sensors.py
[2026-07-18T22:05:23.068+0000] {processor.py:925} INFO - DAG(s) 'example_sensors' retrieved from /home/airflow/.local/lib/python3.12/site-packages/airflow/example_dags/example_sensors.py
[2026-07-18T22:05:23.112+0000] {logging_mixin.py:190} INFO - [2026-07-18T22:05:23.112+0000] {dag.py:3239} INFO - Sync 1 DAGs
[2026-07-18T22:05:23.140+0000] {logging_mixin.py:190} INFO - [2026-07-18T22:05:23.140+0000] {dag.py:4180} INFO - Setting next_dagrun for example_sensors to None, run_after=None
[2026-07-18T22:05:23.195+0000] {processor.py:208} INFO - Processing /home/airflow/.local/lib/python3.12/site-packages/airflow/example_dags/example_sensors.py took 0.171 seconds
[2026-07-18T23:18:18.417+0000] {processor.py:186} INFO - Started process (PID=3687) to work on /home/airflow/.local/lib/python3.12/site-packages/airflow/example_dags/example_sensors.py
[2026-07-18T23:18:18.436+0000] {processor.py:914} INFO - Processing file /home/airflow/.local/lib/python3.12/site-packages/airflow/example_dags/example_sensors.py for tasks to queue
[2026-07-18T23:18:18.444+0000] {logging_mixin.py:190} INFO - [2026-07-18T23:18:18.443+0000] {dagbag.py:588} INFO - Filling up the DagBag from /home/airflow/.local/lib/python3.12/site-packages/airflow/example_dags/example_sensors.py
[2026-07-18T23:18:18.527+0000] {processor.py:925} INFO - DAG(s) 'example_sensors' retrieved from /home/airflow/.local/lib/python3.12/site-packages/airflow/example_dags/example_sensors.py
[2026-07-18T23:18:18.686+0000] {logging_mixin.py:190} INFO - [2026-07-18T23:18:18.685+0000] {dag.py:3239} INFO - Sync 1 DAGs
[2026-07-18T23:18:19.753+0000] {logging_mixin.py:190} INFO - [2026-07-18T23:18:19.752+0000] {dag.py:4180} INFO - Setting next_dagrun for example_sensors to None, run_after=None
[2026-07-18T23:18:19.822+0000] {processor.py:208} INFO - Processing /home/airflow/.local/lib/python3.12/site-packages/airflow/example_dags/example_sensors.py took 1.442 seconds
