[2026-07-18T20:50:11.847+0000] {processor.py:186} INFO - Started process (PID=114) to work on /home/airflow/.local/lib/python3.12/site-packages/airflow/example_dags/example_sensor_decorator.py
[2026-07-18T20:50:11.850+0000] {processor.py:914} INFO - Processing file /home/airflow/.local/lib/python3.12/site-packages/airflow/example_dags/example_sensor_decorator.py for tasks to queue
[2026-07-18T20:50:11.859+0000] {logging_mixin.py:190} INFO - [2026-07-18T20:50:11.858+0000] {dagbag.py:588} INFO - Filling up the DagBag from /home/airflow/.local/lib/python3.12/site-packages/airflow/example_dags/example_sensor_decorator.py
[2026-07-18T20:50:11.883+0000] {processor.py:925} INFO - DAG(s) 'example_sensor_decorator' retrieved from /home/airflow/.local/lib/python3.12/site-packages/airflow/example_dags/example_sensor_decorator.py
[2026-07-18T20:50:12.052+0000] {logging_mixin.py:190} INFO - [2026-07-18T20:50:12.051+0000] {override.py:1911} INFO - Created Permission View: can edit on DAG:example_sensor_decorator
[2026-07-18T20:50:12.065+0000] {logging_mixin.py:190} INFO - [2026-07-18T20:50:12.064+0000] {override.py:1911} INFO - Created Permission View: can read on DAG:example_sensor_decorator
[2026-07-18T20:50:12.073+0000] {logging_mixin.py:190} INFO - [2026-07-18T20:50:12.073+0000] {override.py:1911} INFO - Created Permission View: can delete on DAG:example_sensor_decorator
[2026-07-18T20:50:12.083+0000] {logging_mixin.py:190} INFO - [2026-07-18T20:50:12.083+0000] {override.py:1911} INFO - Created Permission View: can create on DAG Run:example_sensor_decorator
[2026-07-18T20:50:12.092+0000] {logging_mixin.py:190} INFO - [2026-07-18T20:50:12.092+0000] {override.py:1911} INFO - Created Permission View: can read on DAG Run:example_sensor_decorator
[2026-07-18T20:50:12.101+0000] {logging_mixin.py:190} INFO - [2026-07-18T20:50:12.101+0000] {override.py:1911} INFO - Created Permission View: menu access on DAG Run:example_sensor_decorator
[2026-07-18T20:50:12.112+0000] {logging_mixin.py:190} INFO - [2026-07-18T20:50:12.111+0000] {override.py:1911} INFO - Created Permission View: can delete on DAG Run:example_sensor_decorator
[2026-07-18T20:50:12.113+0000] {logging_mixin.py:190} INFO - [2026-07-18T20:50:12.113+0000] {dag.py:3239} INFO - Sync 1 DAGs
[2026-07-18T20:50:12.134+0000] {logging_mixin.py:190} INFO - [2026-07-18T20:50:12.134+0000] {dag.py:3262} INFO - Creating ORM DAG for example_sensor_decorator
[2026-07-18T20:50:12.136+0000] {logging_mixin.py:190} INFO - [2026-07-18T20:50:12.136+0000] {dag.py:4180} INFO - Setting next_dagrun for example_sensor_decorator to None, run_after=None
[2026-07-18T20:50:12.166+0000] {processor.py:208} INFO - Processing /home/airflow/.local/lib/python3.12/site-packages/airflow/example_dags/example_sensor_decorator.py took 0.333 seconds
[2026-07-18T20:50:42.324+0000] {processor.py:186} INFO - Started process (PID=177) to work on /home/airflow/.local/lib/python3.12/site-packages/airflow/example_dags/example_sensor_decorator.py
[2026-07-18T20:50:42.325+0000] {processor.py:914} INFO - Processing file /home/airflow/.local/lib/python3.12/site-packages/airflow/example_dags/example_sensor_decorator.py for tasks to queue
[2026-07-18T20:50:42.328+0000] {logging_mixin.py:190} INFO - [2026-07-18T20:50:42.328+0000] {dagbag.py:588} INFO - Filling up the DagBag from /home/airflow/.local/lib/python3.12/site-packages/airflow/example_dags/example_sensor_decorator.py
[2026-07-18T20:50:42.338+0000] {processor.py:925} INFO - DAG(s) 'example_sensor_decorator' retrieved from /home/airflow/.local/lib/python3.12/site-packages/airflow/example_dags/example_sensor_decorator.py
[2026-07-18T20:50:42.358+0000] {logging_mixin.py:190} INFO - [2026-07-18T20:50:42.358+0000] {dag.py:3239} INFO - Sync 1 DAGs
[2026-07-18T20:50:42.372+0000] {logging_mixin.py:190} INFO - [2026-07-18T20:50:42.372+0000] {dag.py:4180} INFO - Setting next_dagrun for example_sensor_decorator to None, run_after=None
[2026-07-18T20:50:42.389+0000] {processor.py:208} INFO - Processing /home/airflow/.local/lib/python3.12/site-packages/airflow/example_dags/example_sensor_decorator.py took 0.073 seconds
[2026-07-18T20:51:13.079+0000] {processor.py:186} INFO - Started process (PID=240) to work on /home/airflow/.local/lib/python3.12/site-packages/airflow/example_dags/example_sensor_decorator.py
[2026-07-18T20:51:13.081+0000] {processor.py:914} INFO - Processing file /home/airflow/.local/lib/python3.12/site-packages/airflow/example_dags/example_sensor_decorator.py for tasks to queue
[2026-07-18T20:51:13.085+0000] {logging_mixin.py:190} INFO - [2026-07-18T20:51:13.084+0000] {dagbag.py:588} INFO - Filling up the DagBag from /home/airflow/.local/lib/python3.12/site-packages/airflow/example_dags/example_sensor_decorator.py
[2026-07-18T20:51:13.096+0000] {processor.py:925} INFO - DAG(s) 'example_sensor_decorator' retrieved from /home/airflow/.local/lib/python3.12/site-packages/airflow/example_dags/example_sensor_decorator.py
[2026-07-18T20:51:13.118+0000] {logging_mixin.py:190} INFO - [2026-07-18T20:51:13.118+0000] {dag.py:3239} INFO - Sync 1 DAGs
[2026-07-18T20:51:13.134+0000] {logging_mixin.py:190} INFO - [2026-07-18T20:51:13.134+0000] {dag.py:4180} INFO - Setting next_dagrun for example_sensor_decorator to None, run_after=None
[2026-07-18T20:51:13.154+0000] {processor.py:208} INFO - Processing /home/airflow/.local/lib/python3.12/site-packages/airflow/example_dags/example_sensor_decorator.py took 0.083 seconds
[2026-07-18T20:51:43.635+0000] {processor.py:186} INFO - Started process (PID=303) to work on /home/airflow/.local/lib/python3.12/site-packages/airflow/example_dags/example_sensor_decorator.py
[2026-07-18T20:51:43.637+0000] {processor.py:914} INFO - Processing file /home/airflow/.local/lib/python3.12/site-packages/airflow/example_dags/example_sensor_decorator.py for tasks to queue
[2026-07-18T20:51:43.639+0000] {logging_mixin.py:190} INFO - [2026-07-18T20:51:43.639+0000] {dagbag.py:588} INFO - Filling up the DagBag from /home/airflow/.local/lib/python3.12/site-packages/airflow/example_dags/example_sensor_decorator.py
[2026-07-18T20:51:43.647+0000] {processor.py:925} INFO - DAG(s) 'example_sensor_decorator' retrieved from /home/airflow/.local/lib/python3.12/site-packages/airflow/example_dags/example_sensor_decorator.py
[2026-07-18T20:51:43.665+0000] {logging_mixin.py:190} INFO - [2026-07-18T20:51:43.665+0000] {dag.py:3239} INFO - Sync 1 DAGs
[2026-07-18T20:51:43.677+0000] {logging_mixin.py:190} INFO - [2026-07-18T20:51:43.677+0000] {dag.py:4180} INFO - Setting next_dagrun for example_sensor_decorator to None, run_after=None
[2026-07-18T20:51:43.696+0000] {processor.py:208} INFO - Processing /home/airflow/.local/lib/python3.12/site-packages/airflow/example_dags/example_sensor_decorator.py took 0.065 seconds
[2026-07-18T20:52:14.048+0000] {processor.py:186} INFO - Started process (PID=366) to work on /home/airflow/.local/lib/python3.12/site-packages/airflow/example_dags/example_sensor_decorator.py
[2026-07-18T20:52:14.049+0000] {processor.py:914} INFO - Processing file /home/airflow/.local/lib/python3.12/site-packages/airflow/example_dags/example_sensor_decorator.py for tasks to queue
[2026-07-18T20:52:14.053+0000] {logging_mixin.py:190} INFO - [2026-07-18T20:52:14.053+0000] {dagbag.py:588} INFO - Filling up the DagBag from /home/airflow/.local/lib/python3.12/site-packages/airflow/example_dags/example_sensor_decorator.py
[2026-07-18T20:52:14.062+0000] {processor.py:925} INFO - DAG(s) 'example_sensor_decorator' retrieved from /home/airflow/.local/lib/python3.12/site-packages/airflow/example_dags/example_sensor_decorator.py
[2026-07-18T20:52:14.084+0000] {logging_mixin.py:190} INFO - [2026-07-18T20:52:14.083+0000] {dag.py:3239} INFO - Sync 1 DAGs
[2026-07-18T20:52:14.106+0000] {logging_mixin.py:190} INFO - [2026-07-18T20:52:14.106+0000] {dag.py:4180} INFO - Setting next_dagrun for example_sensor_decorator to None, run_after=None
[2026-07-18T20:52:14.132+0000] {processor.py:208} INFO - Processing /home/airflow/.local/lib/python3.12/site-packages/airflow/example_dags/example_sensor_decorator.py took 0.090 seconds
[2026-07-18T20:52:44.458+0000] {processor.py:186} INFO - Started process (PID=428) to work on /home/airflow/.local/lib/python3.12/site-packages/airflow/example_dags/example_sensor_decorator.py
[2026-07-18T20:52:44.461+0000] {processor.py:914} INFO - Processing file /home/airflow/.local/lib/python3.12/site-packages/airflow/example_dags/example_sensor_decorator.py for tasks to queue
[2026-07-18T20:52:44.466+0000] {logging_mixin.py:190} INFO - [2026-07-18T20:52:44.466+0000] {dagbag.py:588} INFO - Filling up the DagBag from /home/airflow/.local/lib/python3.12/site-packages/airflow/example_dags/example_sensor_decorator.py
[2026-07-18T20:52:44.483+0000] {processor.py:925} INFO - DAG(s) 'example_sensor_decorator' retrieved from /home/airflow/.local/lib/python3.12/site-packages/airflow/example_dags/example_sensor_decorator.py
[2026-07-18T20:52:44.515+0000] {logging_mixin.py:190} INFO - [2026-07-18T20:52:44.514+0000] {dag.py:3239} INFO - Sync 1 DAGs
[2026-07-18T20:52:44.536+0000] {logging_mixin.py:190} INFO - [2026-07-18T20:52:44.535+0000] {dag.py:4180} INFO - Setting next_dagrun for example_sensor_decorator to None, run_after=None
[2026-07-18T20:52:44.563+0000] {processor.py:208} INFO - Processing /home/airflow/.local/lib/python3.12/site-packages/airflow/example_dags/example_sensor_decorator.py took 0.115 seconds
[2026-07-18T20:53:15.255+0000] {processor.py:186} INFO - Started process (PID=491) to work on /home/airflow/.local/lib/python3.12/site-packages/airflow/example_dags/example_sensor_decorator.py
[2026-07-18T20:53:15.257+0000] {processor.py:914} INFO - Processing file /home/airflow/.local/lib/python3.12/site-packages/airflow/example_dags/example_sensor_decorator.py for tasks to queue
[2026-07-18T20:53:15.260+0000] {logging_mixin.py:190} INFO - [2026-07-18T20:53:15.260+0000] {dagbag.py:588} INFO - Filling up the DagBag from /home/airflow/.local/lib/python3.12/site-packages/airflow/example_dags/example_sensor_decorator.py
[2026-07-18T20:53:15.269+0000] {processor.py:925} INFO - DAG(s) 'example_sensor_decorator' retrieved from /home/airflow/.local/lib/python3.12/site-packages/airflow/example_dags/example_sensor_decorator.py
[2026-07-18T20:53:15.289+0000] {logging_mixin.py:190} INFO - [2026-07-18T20:53:15.289+0000] {dag.py:3239} INFO - Sync 1 DAGs
[2026-07-18T20:53:15.303+0000] {logging_mixin.py:190} INFO - [2026-07-18T20:53:15.302+0000] {dag.py:4180} INFO - Setting next_dagrun for example_sensor_decorator to None, run_after=None
[2026-07-18T20:53:15.320+0000] {processor.py:208} INFO - Processing /home/airflow/.local/lib/python3.12/site-packages/airflow/example_dags/example_sensor_decorator.py took 0.071 seconds
[2026-07-18T20:53:46.130+0000] {processor.py:186} INFO - Started process (PID=554) to work on /home/airflow/.local/lib/python3.12/site-packages/airflow/example_dags/example_sensor_decorator.py
[2026-07-18T20:53:46.131+0000] {processor.py:914} INFO - Processing file /home/airflow/.local/lib/python3.12/site-packages/airflow/example_dags/example_sensor_decorator.py for tasks to queue
[2026-07-18T20:53:46.134+0000] {logging_mixin.py:190} INFO - [2026-07-18T20:53:46.134+0000] {dagbag.py:588} INFO - Filling up the DagBag from /home/airflow/.local/lib/python3.12/site-packages/airflow/example_dags/example_sensor_decorator.py
[2026-07-18T20:53:46.141+0000] {processor.py:925} INFO - DAG(s) 'example_sensor_decorator' retrieved from /home/airflow/.local/lib/python3.12/site-packages/airflow/example_dags/example_sensor_decorator.py
[2026-07-18T20:53:46.158+0000] {logging_mixin.py:190} INFO - [2026-07-18T20:53:46.158+0000] {dag.py:3239} INFO - Sync 1 DAGs
[2026-07-18T20:53:46.170+0000] {logging_mixin.py:190} INFO - [2026-07-18T20:53:46.170+0000] {dag.py:4180} INFO - Setting next_dagrun for example_sensor_decorator to None, run_after=None
[2026-07-18T20:53:46.189+0000] {processor.py:208} INFO - Processing /home/airflow/.local/lib/python3.12/site-packages/airflow/example_dags/example_sensor_decorator.py took 0.065 seconds
[2026-07-18T20:54:16.895+0000] {processor.py:186} INFO - Started process (PID=617) to work on /home/airflow/.local/lib/python3.12/site-packages/airflow/example_dags/example_sensor_decorator.py
[2026-07-18T20:54:16.896+0000] {processor.py:914} INFO - Processing file /home/airflow/.local/lib/python3.12/site-packages/airflow/example_dags/example_sensor_decorator.py for tasks to queue
[2026-07-18T20:54:16.900+0000] {logging_mixin.py:190} INFO - [2026-07-18T20:54:16.899+0000] {dagbag.py:588} INFO - Filling up the DagBag from /home/airflow/.local/lib/python3.12/site-packages/airflow/example_dags/example_sensor_decorator.py
[2026-07-18T20:54:16.909+0000] {processor.py:925} INFO - DAG(s) 'example_sensor_decorator' retrieved from /home/airflow/.local/lib/python3.12/site-packages/airflow/example_dags/example_sensor_decorator.py
[2026-07-18T20:54:16.927+0000] {logging_mixin.py:190} INFO - [2026-07-18T20:54:16.926+0000] {dag.py:3239} INFO - Sync 1 DAGs
[2026-07-18T20:54:16.939+0000] {logging_mixin.py:190} INFO - [2026-07-18T20:54:16.939+0000] {dag.py:4180} INFO - Setting next_dagrun for example_sensor_decorator to None, run_after=None
[2026-07-18T20:54:16.960+0000] {processor.py:208} INFO - Processing /home/airflow/.local/lib/python3.12/site-packages/airflow/example_dags/example_sensor_decorator.py took 0.070 seconds
[2026-07-18T20:54:48.468+0000] {processor.py:186} INFO - Started process (PID=680) to work on /home/airflow/.local/lib/python3.12/site-packages/airflow/example_dags/example_sensor_decorator.py
[2026-07-18T20:54:48.469+0000] {processor.py:914} INFO - Processing file /home/airflow/.local/lib/python3.12/site-packages/airflow/example_dags/example_sensor_decorator.py for tasks to queue
[2026-07-18T20:54:48.472+0000] {logging_mixin.py:190} INFO - [2026-07-18T20:54:48.472+0000] {dagbag.py:588} INFO - Filling up the DagBag from /home/airflow/.local/lib/python3.12/site-packages/airflow/example_dags/example_sensor_decorator.py
[2026-07-18T20:54:48.481+0000] {processor.py:925} INFO - DAG(s) 'example_sensor_decorator' retrieved from /home/airflow/.local/lib/python3.12/site-packages/airflow/example_dags/example_sensor_decorator.py
[2026-07-18T20:54:48.510+0000] {logging_mixin.py:190} INFO - [2026-07-18T20:54:48.510+0000] {dag.py:3239} INFO - Sync 1 DAGs
[2026-07-18T20:54:48.535+0000] {logging_mixin.py:190} INFO - [2026-07-18T20:54:48.534+0000] {dag.py:4180} INFO - Setting next_dagrun for example_sensor_decorator to None, run_after=None
[2026-07-18T20:54:48.562+0000] {processor.py:208} INFO - Processing /home/airflow/.local/lib/python3.12/site-packages/airflow/example_dags/example_sensor_decorator.py took 0.100 seconds
[2026-07-18T20:55:19.066+0000] {processor.py:186} INFO - Started process (PID=743) to work on /home/airflow/.local/lib/python3.12/site-packages/airflow/example_dags/example_sensor_decorator.py
[2026-07-18T20:55:19.067+0000] {processor.py:914} INFO - Processing file /home/airflow/.local/lib/python3.12/site-packages/airflow/example_dags/example_sensor_decorator.py for tasks to queue
[2026-07-18T20:55:19.070+0000] {logging_mixin.py:190} INFO - [2026-07-18T20:55:19.069+0000] {dagbag.py:588} INFO - Filling up the DagBag from /home/airflow/.local/lib/python3.12/site-packages/airflow/example_dags/example_sensor_decorator.py
[2026-07-18T20:55:19.077+0000] {processor.py:925} INFO - DAG(s) 'example_sensor_decorator' retrieved from /home/airflow/.local/lib/python3.12/site-packages/airflow/example_dags/example_sensor_decorator.py
[2026-07-18T20:55:19.095+0000] {logging_mixin.py:190} INFO - [2026-07-18T20:55:19.094+0000] {dag.py:3239} INFO - Sync 1 DAGs
[2026-07-18T20:55:19.108+0000] {logging_mixin.py:190} INFO - [2026-07-18T20:55:19.108+0000] {dag.py:4180} INFO - Setting next_dagrun for example_sensor_decorator to None, run_after=None
[2026-07-18T20:55:19.125+0000] {processor.py:208} INFO - Processing /home/airflow/.local/lib/python3.12/site-packages/airflow/example_dags/example_sensor_decorator.py took 0.064 seconds
[2026-07-18T20:55:50.709+0000] {processor.py:186} INFO - Started process (PID=806) to work on /home/airflow/.local/lib/python3.12/site-packages/airflow/example_dags/example_sensor_decorator.py
[2026-07-18T20:55:50.711+0000] {processor.py:914} INFO - Processing file /home/airflow/.local/lib/python3.12/site-packages/airflow/example_dags/example_sensor_decorator.py for tasks to queue
[2026-07-18T20:55:50.714+0000] {logging_mixin.py:190} INFO - [2026-07-18T20:55:50.713+0000] {dagbag.py:588} INFO - Filling up the DagBag from /home/airflow/.local/lib/python3.12/site-packages/airflow/example_dags/example_sensor_decorator.py
[2026-07-18T20:55:50.721+0000] {processor.py:925} INFO - DAG(s) 'example_sensor_decorator' retrieved from /home/airflow/.local/lib/python3.12/site-packages/airflow/example_dags/example_sensor_decorator.py
[2026-07-18T20:55:50.739+0000] {logging_mixin.py:190} INFO - [2026-07-18T20:55:50.739+0000] {dag.py:3239} INFO - Sync 1 DAGs
[2026-07-18T20:55:50.753+0000] {logging_mixin.py:190} INFO - [2026-07-18T20:55:50.752+0000] {dag.py:4180} INFO - Setting next_dagrun for example_sensor_decorator to None, run_after=None
[2026-07-18T20:55:50.770+0000] {processor.py:208} INFO - Processing /home/airflow/.local/lib/python3.12/site-packages/airflow/example_dags/example_sensor_decorator.py took 0.066 seconds
[2026-07-18T20:56:22.863+0000] {processor.py:186} INFO - Started process (PID=870) to work on /home/airflow/.local/lib/python3.12/site-packages/airflow/example_dags/example_sensor_decorator.py
[2026-07-18T20:56:22.864+0000] {processor.py:914} INFO - Processing file /home/airflow/.local/lib/python3.12/site-packages/airflow/example_dags/example_sensor_decorator.py for tasks to queue
[2026-07-18T20:56:22.866+0000] {logging_mixin.py:190} INFO - [2026-07-18T20:56:22.866+0000] {dagbag.py:588} INFO - Filling up the DagBag from /home/airflow/.local/lib/python3.12/site-packages/airflow/example_dags/example_sensor_decorator.py
[2026-07-18T20:56:22.873+0000] {processor.py:925} INFO - DAG(s) 'example_sensor_decorator' retrieved from /home/airflow/.local/lib/python3.12/site-packages/airflow/example_dags/example_sensor_decorator.py
[2026-07-18T20:56:22.891+0000] {logging_mixin.py:190} INFO - [2026-07-18T20:56:22.890+0000] {dag.py:3239} INFO - Sync 1 DAGs
[2026-07-18T20:56:22.903+0000] {logging_mixin.py:190} INFO - [2026-07-18T20:56:22.903+0000] {dag.py:4180} INFO - Setting next_dagrun for example_sensor_decorator to None, run_after=None
[2026-07-18T20:56:22.921+0000] {processor.py:208} INFO - Processing /home/airflow/.local/lib/python3.12/site-packages/airflow/example_dags/example_sensor_decorator.py took 0.063 seconds
[2026-07-18T20:56:53.740+0000] {processor.py:186} INFO - Started process (PID=933) to work on /home/airflow/.local/lib/python3.12/site-packages/airflow/example_dags/example_sensor_decorator.py
[2026-07-18T20:56:53.741+0000] {processor.py:914} INFO - Processing file /home/airflow/.local/lib/python3.12/site-packages/airflow/example_dags/example_sensor_decorator.py for tasks to queue
[2026-07-18T20:56:53.744+0000] {logging_mixin.py:190} INFO - [2026-07-18T20:56:53.743+0000] {dagbag.py:588} INFO - Filling up the DagBag from /home/airflow/.local/lib/python3.12/site-packages/airflow/example_dags/example_sensor_decorator.py
[2026-07-18T20:56:53.751+0000] {processor.py:925} INFO - DAG(s) 'example_sensor_decorator' retrieved from /home/airflow/.local/lib/python3.12/site-packages/airflow/example_dags/example_sensor_decorator.py
[2026-07-18T20:56:53.779+0000] {logging_mixin.py:190} INFO - [2026-07-18T20:56:53.778+0000] {dag.py:3239} INFO - Sync 1 DAGs
[2026-07-18T20:56:53.813+0000] {logging_mixin.py:190} INFO - [2026-07-18T20:56:53.813+0000] {dag.py:4180} INFO - Setting next_dagrun for example_sensor_decorator to None, run_after=None
[2026-07-18T20:56:53.904+0000] {processor.py:208} INFO - Processing /home/airflow/.local/lib/python3.12/site-packages/airflow/example_dags/example_sensor_decorator.py took 0.170 seconds
[2026-07-18T20:57:25.504+0000] {processor.py:186} INFO - Started process (PID=996) to work on /home/airflow/.local/lib/python3.12/site-packages/airflow/example_dags/example_sensor_decorator.py
[2026-07-18T20:57:25.506+0000] {processor.py:914} INFO - Processing file /home/airflow/.local/lib/python3.12/site-packages/airflow/example_dags/example_sensor_decorator.py for tasks to queue
[2026-07-18T20:57:25.508+0000] {logging_mixin.py:190} INFO - [2026-07-18T20:57:25.508+0000] {dagbag.py:588} INFO - Filling up the DagBag from /home/airflow/.local/lib/python3.12/site-packages/airflow/example_dags/example_sensor_decorator.py
[2026-07-18T20:57:25.516+0000] {processor.py:925} INFO - DAG(s) 'example_sensor_decorator' retrieved from /home/airflow/.local/lib/python3.12/site-packages/airflow/example_dags/example_sensor_decorator.py
[2026-07-18T20:57:25.533+0000] {logging_mixin.py:190} INFO - [2026-07-18T20:57:25.533+0000] {dag.py:3239} INFO - Sync 1 DAGs
[2026-07-18T20:57:25.545+0000] {logging_mixin.py:190} INFO - [2026-07-18T20:57:25.545+0000] {dag.py:4180} INFO - Setting next_dagrun for example_sensor_decorator to None, run_after=None
[2026-07-18T20:57:25.567+0000] {processor.py:208} INFO - Processing /home/airflow/.local/lib/python3.12/site-packages/airflow/example_dags/example_sensor_decorator.py took 0.068 seconds
[2026-07-18T20:57:56.764+0000] {processor.py:186} INFO - Started process (PID=1059) to work on /home/airflow/.local/lib/python3.12/site-packages/airflow/example_dags/example_sensor_decorator.py
[2026-07-18T20:57:56.766+0000] {processor.py:914} INFO - Processing file /home/airflow/.local/lib/python3.12/site-packages/airflow/example_dags/example_sensor_decorator.py for tasks to queue
[2026-07-18T20:57:56.769+0000] {logging_mixin.py:190} INFO - [2026-07-18T20:57:56.769+0000] {dagbag.py:588} INFO - Filling up the DagBag from /home/airflow/.local/lib/python3.12/site-packages/airflow/example_dags/example_sensor_decorator.py
[2026-07-18T20:57:56.777+0000] {processor.py:925} INFO - DAG(s) 'example_sensor_decorator' retrieved from /home/airflow/.local/lib/python3.12/site-packages/airflow/example_dags/example_sensor_decorator.py
[2026-07-18T20:57:56.796+0000] {logging_mixin.py:190} INFO - [2026-07-18T20:57:56.796+0000] {dag.py:3239} INFO - Sync 1 DAGs
[2026-07-18T20:57:56.809+0000] {logging_mixin.py:190} INFO - [2026-07-18T20:57:56.809+0000] {dag.py:4180} INFO - Setting next_dagrun for example_sensor_decorator to None, run_after=None
[2026-07-18T20:57:56.825+0000] {processor.py:208} INFO - Processing /home/airflow/.local/lib/python3.12/site-packages/airflow/example_dags/example_sensor_decorator.py took 0.071 seconds
[2026-07-18T20:58:28.173+0000] {processor.py:186} INFO - Started process (PID=1122) to work on /home/airflow/.local/lib/python3.12/site-packages/airflow/example_dags/example_sensor_decorator.py
[2026-07-18T20:58:28.174+0000] {processor.py:914} INFO - Processing file /home/airflow/.local/lib/python3.12/site-packages/airflow/example_dags/example_sensor_decorator.py for tasks to queue
[2026-07-18T20:58:28.177+0000] {logging_mixin.py:190} INFO - [2026-07-18T20:58:28.177+0000] {dagbag.py:588} INFO - Filling up the DagBag from /home/airflow/.local/lib/python3.12/site-packages/airflow/example_dags/example_sensor_decorator.py
[2026-07-18T20:58:28.185+0000] {processor.py:925} INFO - DAG(s) 'example_sensor_decorator' retrieved from /home/airflow/.local/lib/python3.12/site-packages/airflow/example_dags/example_sensor_decorator.py
[2026-07-18T20:58:28.203+0000] {logging_mixin.py:190} INFO - [2026-07-18T20:58:28.203+0000] {dag.py:3239} INFO - Sync 1 DAGs
[2026-07-18T20:58:28.217+0000] {logging_mixin.py:190} INFO - [2026-07-18T20:58:28.217+0000] {dag.py:4180} INFO - Setting next_dagrun for example_sensor_decorator to None, run_after=None
[2026-07-18T20:58:28.235+0000] {processor.py:208} INFO - Processing /home/airflow/.local/lib/python3.12/site-packages/airflow/example_dags/example_sensor_decorator.py took 0.069 seconds
[2026-07-18T20:58:58.628+0000] {processor.py:186} INFO - Started process (PID=1185) to work on /home/airflow/.local/lib/python3.12/site-packages/airflow/example_dags/example_sensor_decorator.py
[2026-07-18T20:58:58.630+0000] {processor.py:914} INFO - Processing file /home/airflow/.local/lib/python3.12/site-packages/airflow/example_dags/example_sensor_decorator.py for tasks to queue
[2026-07-18T20:58:58.633+0000] {logging_mixin.py:190} INFO - [2026-07-18T20:58:58.633+0000] {dagbag.py:588} INFO - Filling up the DagBag from /home/airflow/.local/lib/python3.12/site-packages/airflow/example_dags/example_sensor_decorator.py
[2026-07-18T20:58:58.642+0000] {processor.py:925} INFO - DAG(s) 'example_sensor_decorator' retrieved from /home/airflow/.local/lib/python3.12/site-packages/airflow/example_dags/example_sensor_decorator.py
[2026-07-18T20:58:58.663+0000] {logging_mixin.py:190} INFO - [2026-07-18T20:58:58.663+0000] {dag.py:3239} INFO - Sync 1 DAGs
[2026-07-18T20:58:58.676+0000] {logging_mixin.py:190} INFO - [2026-07-18T20:58:58.676+0000] {dag.py:4180} INFO - Setting next_dagrun for example_sensor_decorator to None, run_after=None
[2026-07-18T20:58:58.696+0000] {processor.py:208} INFO - Processing /home/airflow/.local/lib/python3.12/site-packages/airflow/example_dags/example_sensor_decorator.py took 0.074 seconds
[2026-07-18T20:59:30.444+0000] {processor.py:186} INFO - Started process (PID=1248) to work on /home/airflow/.local/lib/python3.12/site-packages/airflow/example_dags/example_sensor_decorator.py
[2026-07-18T20:59:30.445+0000] {processor.py:914} INFO - Processing file /home/airflow/.local/lib/python3.12/site-packages/airflow/example_dags/example_sensor_decorator.py for tasks to queue
[2026-07-18T20:59:30.448+0000] {logging_mixin.py:190} INFO - [2026-07-18T20:59:30.448+0000] {dagbag.py:588} INFO - Filling up the DagBag from /home/airflow/.local/lib/python3.12/site-packages/airflow/example_dags/example_sensor_decorator.py
[2026-07-18T20:59:30.456+0000] {processor.py:925} INFO - DAG(s) 'example_sensor_decorator' retrieved from /home/airflow/.local/lib/python3.12/site-packages/airflow/example_dags/example_sensor_decorator.py
[2026-07-18T20:59:30.472+0000] {logging_mixin.py:190} INFO - [2026-07-18T20:59:30.472+0000] {dag.py:3239} INFO - Sync 1 DAGs
[2026-07-18T20:59:30.484+0000] {logging_mixin.py:190} INFO - [2026-07-18T20:59:30.483+0000] {dag.py:4180} INFO - Setting next_dagrun for example_sensor_decorator to None, run_after=None
[2026-07-18T20:59:30.498+0000] {processor.py:208} INFO - Processing /home/airflow/.local/lib/python3.12/site-packages/airflow/example_dags/example_sensor_decorator.py took 0.059 seconds
[2026-07-18T21:00:00.908+0000] {processor.py:186} INFO - Started process (PID=1311) to work on /home/airflow/.local/lib/python3.12/site-packages/airflow/example_dags/example_sensor_decorator.py
[2026-07-18T21:00:00.909+0000] {processor.py:914} INFO - Processing file /home/airflow/.local/lib/python3.12/site-packages/airflow/example_dags/example_sensor_decorator.py for tasks to queue
[2026-07-18T21:00:00.912+0000] {logging_mixin.py:190} INFO - [2026-07-18T21:00:00.912+0000] {dagbag.py:588} INFO - Filling up the DagBag from /home/airflow/.local/lib/python3.12/site-packages/airflow/example_dags/example_sensor_decorator.py
[2026-07-18T21:00:00.919+0000] {processor.py:925} INFO - DAG(s) 'example_sensor_decorator' retrieved from /home/airflow/.local/lib/python3.12/site-packages/airflow/example_dags/example_sensor_decorator.py
[2026-07-18T21:00:00.936+0000] {logging_mixin.py:190} INFO - [2026-07-18T21:00:00.936+0000] {dag.py:3239} INFO - Sync 1 DAGs
[2026-07-18T21:00:00.948+0000] {logging_mixin.py:190} INFO - [2026-07-18T21:00:00.948+0000] {dag.py:4180} INFO - Setting next_dagrun for example_sensor_decorator to None, run_after=None
[2026-07-18T21:00:00.964+0000] {processor.py:208} INFO - Processing /home/airflow/.local/lib/python3.12/site-packages/airflow/example_dags/example_sensor_decorator.py took 0.061 seconds
[2026-07-18T21:00:32.033+0000] {processor.py:186} INFO - Started process (PID=1374) to work on /home/airflow/.local/lib/python3.12/site-packages/airflow/example_dags/example_sensor_decorator.py
[2026-07-18T21:00:32.035+0000] {processor.py:914} INFO - Processing file /home/airflow/.local/lib/python3.12/site-packages/airflow/example_dags/example_sensor_decorator.py for tasks to queue
[2026-07-18T21:00:32.038+0000] {logging_mixin.py:190} INFO - [2026-07-18T21:00:32.038+0000] {dagbag.py:588} INFO - Filling up the DagBag from /home/airflow/.local/lib/python3.12/site-packages/airflow/example_dags/example_sensor_decorator.py
[2026-07-18T21:00:32.046+0000] {processor.py:925} INFO - DAG(s) 'example_sensor_decorator' retrieved from /home/airflow/.local/lib/python3.12/site-packages/airflow/example_dags/example_sensor_decorator.py
[2026-07-18T21:00:32.065+0000] {logging_mixin.py:190} INFO - [2026-07-18T21:00:32.065+0000] {dag.py:3239} INFO - Sync 1 DAGs
[2026-07-18T21:00:32.078+0000] {logging_mixin.py:190} INFO - [2026-07-18T21:00:32.078+0000] {dag.py:4180} INFO - Setting next_dagrun for example_sensor_decorator to None, run_after=None
[2026-07-18T21:00:32.096+0000] {processor.py:208} INFO - Processing /home/airflow/.local/lib/python3.12/site-packages/airflow/example_dags/example_sensor_decorator.py took 0.068 seconds
[2026-07-18T21:01:06.299+0000] {processor.py:186} INFO - Started process (PID=1443) to work on /home/airflow/.local/lib/python3.12/site-packages/airflow/example_dags/example_sensor_decorator.py
[2026-07-18T21:01:06.302+0000] {processor.py:914} INFO - Processing file /home/airflow/.local/lib/python3.12/site-packages/airflow/example_dags/example_sensor_decorator.py for tasks to queue
[2026-07-18T21:01:06.315+0000] {logging_mixin.py:190} INFO - [2026-07-18T21:01:06.314+0000] {dagbag.py:588} INFO - Filling up the DagBag from /home/airflow/.local/lib/python3.12/site-packages/airflow/example_dags/example_sensor_decorator.py
[2026-07-18T21:01:06.341+0000] {processor.py:925} INFO - DAG(s) 'example_sensor_decorator' retrieved from /home/airflow/.local/lib/python3.12/site-packages/airflow/example_dags/example_sensor_decorator.py
[2026-07-18T21:01:06.403+0000] {logging_mixin.py:190} INFO - [2026-07-18T21:01:06.402+0000] {dag.py:3239} INFO - Sync 1 DAGs
[2026-07-18T21:01:06.445+0000] {logging_mixin.py:190} INFO - [2026-07-18T21:01:06.445+0000] {dag.py:4180} INFO - Setting next_dagrun for example_sensor_decorator to None, run_after=None
[2026-07-18T21:01:06.490+0000] {processor.py:208} INFO - Processing /home/airflow/.local/lib/python3.12/site-packages/airflow/example_dags/example_sensor_decorator.py took 0.212 seconds
[2026-07-18T21:01:37.973+0000] {processor.py:186} INFO - Started process (PID=1506) to work on /home/airflow/.local/lib/python3.12/site-packages/airflow/example_dags/example_sensor_decorator.py
[2026-07-18T21:01:37.975+0000] {processor.py:914} INFO - Processing file /home/airflow/.local/lib/python3.12/site-packages/airflow/example_dags/example_sensor_decorator.py for tasks to queue
[2026-07-18T21:01:37.981+0000] {logging_mixin.py:190} INFO - [2026-07-18T21:01:37.980+0000] {dagbag.py:588} INFO - Filling up the DagBag from /home/airflow/.local/lib/python3.12/site-packages/airflow/example_dags/example_sensor_decorator.py
[2026-07-18T21:01:37.997+0000] {processor.py:925} INFO - DAG(s) 'example_sensor_decorator' retrieved from /home/airflow/.local/lib/python3.12/site-packages/airflow/example_dags/example_sensor_decorator.py
[2026-07-18T21:01:38.036+0000] {logging_mixin.py:190} INFO - [2026-07-18T21:01:38.035+0000] {dag.py:3239} INFO - Sync 1 DAGs
[2026-07-18T21:01:38.059+0000] {logging_mixin.py:190} INFO - [2026-07-18T21:01:38.058+0000] {dag.py:4180} INFO - Setting next_dagrun for example_sensor_decorator to None, run_after=None
[2026-07-18T21:01:38.094+0000] {processor.py:208} INFO - Processing /home/airflow/.local/lib/python3.12/site-packages/airflow/example_dags/example_sensor_decorator.py took 0.132 seconds
[2026-07-18T21:02:08.438+0000] {processor.py:186} INFO - Started process (PID=1569) to work on /home/airflow/.local/lib/python3.12/site-packages/airflow/example_dags/example_sensor_decorator.py
[2026-07-18T21:02:08.441+0000] {processor.py:914} INFO - Processing file /home/airflow/.local/lib/python3.12/site-packages/airflow/example_dags/example_sensor_decorator.py for tasks to queue
[2026-07-18T21:02:08.451+0000] {logging_mixin.py:190} INFO - [2026-07-18T21:02:08.450+0000] {dagbag.py:588} INFO - Filling up the DagBag from /home/airflow/.local/lib/python3.12/site-packages/airflow/example_dags/example_sensor_decorator.py
[2026-07-18T21:02:08.476+0000] {processor.py:925} INFO - DAG(s) 'example_sensor_decorator' retrieved from /home/airflow/.local/lib/python3.12/site-packages/airflow/example_dags/example_sensor_decorator.py
[2026-07-18T21:02:08.515+0000] {logging_mixin.py:190} INFO - [2026-07-18T21:02:08.515+0000] {dag.py:3239} INFO - Sync 1 DAGs
[2026-07-18T21:02:08.554+0000] {logging_mixin.py:190} INFO - [2026-07-18T21:02:08.554+0000] {dag.py:4180} INFO - Setting next_dagrun for example_sensor_decorator to None, run_after=None
[2026-07-18T21:02:08.597+0000] {processor.py:208} INFO - Processing /home/airflow/.local/lib/python3.12/site-packages/airflow/example_dags/example_sensor_decorator.py took 0.177 seconds
[2026-07-18T21:02:38.969+0000] {processor.py:186} INFO - Started process (PID=1631) to work on /home/airflow/.local/lib/python3.12/site-packages/airflow/example_dags/example_sensor_decorator.py
[2026-07-18T21:02:38.972+0000] {processor.py:914} INFO - Processing file /home/airflow/.local/lib/python3.12/site-packages/airflow/example_dags/example_sensor_decorator.py for tasks to queue
[2026-07-18T21:02:38.978+0000] {logging_mixin.py:190} INFO - [2026-07-18T21:02:38.978+0000] {dagbag.py:588} INFO - Filling up the DagBag from /home/airflow/.local/lib/python3.12/site-packages/airflow/example_dags/example_sensor_decorator.py
[2026-07-18T21:02:38.990+0000] {processor.py:925} INFO - DAG(s) 'example_sensor_decorator' retrieved from /home/airflow/.local/lib/python3.12/site-packages/airflow/example_dags/example_sensor_decorator.py
[2026-07-18T21:02:39.029+0000] {logging_mixin.py:190} INFO - [2026-07-18T21:02:39.029+0000] {dag.py:3239} INFO - Sync 1 DAGs
[2026-07-18T21:02:39.058+0000] {logging_mixin.py:190} INFO - [2026-07-18T21:02:39.058+0000] {dag.py:4180} INFO - Setting next_dagrun for example_sensor_decorator to None, run_after=None
[2026-07-18T21:02:39.089+0000] {processor.py:208} INFO - Processing /home/airflow/.local/lib/python3.12/site-packages/airflow/example_dags/example_sensor_decorator.py took 0.128 seconds
[2026-07-18T21:03:11.649+0000] {processor.py:186} INFO - Started process (PID=1694) to work on /home/airflow/.local/lib/python3.12/site-packages/airflow/example_dags/example_sensor_decorator.py
[2026-07-18T21:03:11.653+0000] {processor.py:914} INFO - Processing file /home/airflow/.local/lib/python3.12/site-packages/airflow/example_dags/example_sensor_decorator.py for tasks to queue
[2026-07-18T21:03:11.658+0000] {logging_mixin.py:190} INFO - [2026-07-18T21:03:11.658+0000] {dagbag.py:588} INFO - Filling up the DagBag from /home/airflow/.local/lib/python3.12/site-packages/airflow/example_dags/example_sensor_decorator.py
[2026-07-18T21:03:11.674+0000] {processor.py:925} INFO - DAG(s) 'example_sensor_decorator' retrieved from /home/airflow/.local/lib/python3.12/site-packages/airflow/example_dags/example_sensor_decorator.py
[2026-07-18T21:03:11.709+0000] {logging_mixin.py:190} INFO - [2026-07-18T21:03:11.708+0000] {dag.py:3239} INFO - Sync 1 DAGs
[2026-07-18T21:03:11.729+0000] {logging_mixin.py:190} INFO - [2026-07-18T21:03:11.729+0000] {dag.py:4180} INFO - Setting next_dagrun for example_sensor_decorator to None, run_after=None
[2026-07-18T21:03:11.753+0000] {processor.py:208} INFO - Processing /home/airflow/.local/lib/python3.12/site-packages/airflow/example_dags/example_sensor_decorator.py took 0.111 seconds
[2026-07-18T21:03:42.811+0000] {processor.py:186} INFO - Started process (PID=1757) to work on /home/airflow/.local/lib/python3.12/site-packages/airflow/example_dags/example_sensor_decorator.py
[2026-07-18T21:03:42.812+0000] {processor.py:914} INFO - Processing file /home/airflow/.local/lib/python3.12/site-packages/airflow/example_dags/example_sensor_decorator.py for tasks to queue
[2026-07-18T21:03:42.817+0000] {logging_mixin.py:190} INFO - [2026-07-18T21:03:42.816+0000] {dagbag.py:588} INFO - Filling up the DagBag from /home/airflow/.local/lib/python3.12/site-packages/airflow/example_dags/example_sensor_decorator.py
[2026-07-18T21:03:42.829+0000] {processor.py:925} INFO - DAG(s) 'example_sensor_decorator' retrieved from /home/airflow/.local/lib/python3.12/site-packages/airflow/example_dags/example_sensor_decorator.py
[2026-07-18T21:03:42.861+0000] {logging_mixin.py:190} INFO - [2026-07-18T21:03:42.860+0000] {dag.py:3239} INFO - Sync 1 DAGs
[2026-07-18T21:03:42.879+0000] {logging_mixin.py:190} INFO - [2026-07-18T21:03:42.878+0000] {dag.py:4180} INFO - Setting next_dagrun for example_sensor_decorator to None, run_after=None
[2026-07-18T21:03:42.953+0000] {processor.py:208} INFO - Processing /home/airflow/.local/lib/python3.12/site-packages/airflow/example_dags/example_sensor_decorator.py took 0.149 seconds
[2026-07-18T21:04:14.703+0000] {processor.py:186} INFO - Started process (PID=1821) to work on /home/airflow/.local/lib/python3.12/site-packages/airflow/example_dags/example_sensor_decorator.py
[2026-07-18T21:04:14.707+0000] {processor.py:914} INFO - Processing file /home/airflow/.local/lib/python3.12/site-packages/airflow/example_dags/example_sensor_decorator.py for tasks to queue
[2026-07-18T21:04:14.718+0000] {logging_mixin.py:190} INFO - [2026-07-18T21:04:14.717+0000] {dagbag.py:588} INFO - Filling up the DagBag from /home/airflow/.local/lib/python3.12/site-packages/airflow/example_dags/example_sensor_decorator.py
[2026-07-18T21:04:14.742+0000] {processor.py:925} INFO - DAG(s) 'example_sensor_decorator' retrieved from /home/airflow/.local/lib/python3.12/site-packages/airflow/example_dags/example_sensor_decorator.py
[2026-07-18T21:04:14.785+0000] {logging_mixin.py:190} INFO - [2026-07-18T21:04:14.785+0000] {dag.py:3239} INFO - Sync 1 DAGs
[2026-07-18T21:04:14.811+0000] {logging_mixin.py:190} INFO - [2026-07-18T21:04:14.811+0000] {dag.py:4180} INFO - Setting next_dagrun for example_sensor_decorator to None, run_after=None
[2026-07-18T21:04:14.841+0000] {processor.py:208} INFO - Processing /home/airflow/.local/lib/python3.12/site-packages/airflow/example_dags/example_sensor_decorator.py took 0.164 seconds
[2026-07-18T21:04:46.305+0000] {processor.py:186} INFO - Started process (PID=1887) to work on /home/airflow/.local/lib/python3.12/site-packages/airflow/example_dags/example_sensor_decorator.py
[2026-07-18T21:04:46.308+0000] {processor.py:914} INFO - Processing file /home/airflow/.local/lib/python3.12/site-packages/airflow/example_dags/example_sensor_decorator.py for tasks to queue
[2026-07-18T21:04:46.313+0000] {logging_mixin.py:190} INFO - [2026-07-18T21:04:46.312+0000] {dagbag.py:588} INFO - Filling up the DagBag from /home/airflow/.local/lib/python3.12/site-packages/airflow/example_dags/example_sensor_decorator.py
[2026-07-18T21:04:46.328+0000] {processor.py:925} INFO - DAG(s) 'example_sensor_decorator' retrieved from /home/airflow/.local/lib/python3.12/site-packages/airflow/example_dags/example_sensor_decorator.py
[2026-07-18T21:04:46.361+0000] {logging_mixin.py:190} INFO - [2026-07-18T21:04:46.360+0000] {dag.py:3239} INFO - Sync 1 DAGs
[2026-07-18T21:04:46.389+0000] {logging_mixin.py:190} INFO - [2026-07-18T21:04:46.389+0000] {dag.py:4180} INFO - Setting next_dagrun for example_sensor_decorator to None, run_after=None
[2026-07-18T21:04:46.413+0000] {processor.py:208} INFO - Processing /home/airflow/.local/lib/python3.12/site-packages/airflow/example_dags/example_sensor_decorator.py took 0.120 seconds
[2026-07-18T21:05:16.683+0000] {processor.py:186} INFO - Started process (PID=1950) to work on /home/airflow/.local/lib/python3.12/site-packages/airflow/example_dags/example_sensor_decorator.py
[2026-07-18T21:05:16.684+0000] {processor.py:914} INFO - Processing file /home/airflow/.local/lib/python3.12/site-packages/airflow/example_dags/example_sensor_decorator.py for tasks to queue
[2026-07-18T21:05:16.687+0000] {logging_mixin.py:190} INFO - [2026-07-18T21:05:16.686+0000] {dagbag.py:588} INFO - Filling up the DagBag from /home/airflow/.local/lib/python3.12/site-packages/airflow/example_dags/example_sensor_decorator.py
[2026-07-18T21:05:16.694+0000] {processor.py:925} INFO - DAG(s) 'example_sensor_decorator' retrieved from /home/airflow/.local/lib/python3.12/site-packages/airflow/example_dags/example_sensor_decorator.py
[2026-07-18T21:05:16.711+0000] {logging_mixin.py:190} INFO - [2026-07-18T21:05:16.711+0000] {dag.py:3239} INFO - Sync 1 DAGs
[2026-07-18T21:05:16.723+0000] {logging_mixin.py:190} INFO - [2026-07-18T21:05:16.723+0000] {dag.py:4180} INFO - Setting next_dagrun for example_sensor_decorator to None, run_after=None
[2026-07-18T21:05:16.743+0000] {processor.py:208} INFO - Processing /home/airflow/.local/lib/python3.12/site-packages/airflow/example_dags/example_sensor_decorator.py took 0.065 seconds
[2026-07-18T21:05:49.242+0000] {processor.py:186} INFO - Started process (PID=2013) to work on /home/airflow/.local/lib/python3.12/site-packages/airflow/example_dags/example_sensor_decorator.py
[2026-07-18T21:05:49.244+0000] {processor.py:914} INFO - Processing file /home/airflow/.local/lib/python3.12/site-packages/airflow/example_dags/example_sensor_decorator.py for tasks to queue
[2026-07-18T21:05:49.250+0000] {logging_mixin.py:190} INFO - [2026-07-18T21:05:49.249+0000] {dagbag.py:588} INFO - Filling up the DagBag from /home/airflow/.local/lib/python3.12/site-packages/airflow/example_dags/example_sensor_decorator.py
[2026-07-18T21:05:49.264+0000] {processor.py:925} INFO - DAG(s) 'example_sensor_decorator' retrieved from /home/airflow/.local/lib/python3.12/site-packages/airflow/example_dags/example_sensor_decorator.py
[2026-07-18T21:05:49.292+0000] {logging_mixin.py:190} INFO - [2026-07-18T21:05:49.292+0000] {dag.py:3239} INFO - Sync 1 DAGs
[2026-07-18T21:05:49.312+0000] {logging_mixin.py:190} INFO - [2026-07-18T21:05:49.312+0000] {dag.py:4180} INFO - Setting next_dagrun for example_sensor_decorator to None, run_after=None
[2026-07-18T21:05:49.341+0000] {processor.py:208} INFO - Processing /home/airflow/.local/lib/python3.12/site-packages/airflow/example_dags/example_sensor_decorator.py took 0.107 seconds
[2026-07-18T21:06:21.245+0000] {processor.py:186} INFO - Started process (PID=2080) to work on /home/airflow/.local/lib/python3.12/site-packages/airflow/example_dags/example_sensor_decorator.py
[2026-07-18T21:06:21.248+0000] {processor.py:914} INFO - Processing file /home/airflow/.local/lib/python3.12/site-packages/airflow/example_dags/example_sensor_decorator.py for tasks to queue
[2026-07-18T21:06:21.253+0000] {logging_mixin.py:190} INFO - [2026-07-18T21:06:21.252+0000] {dagbag.py:588} INFO - Filling up the DagBag from /home/airflow/.local/lib/python3.12/site-packages/airflow/example_dags/example_sensor_decorator.py
[2026-07-18T21:06:21.266+0000] {processor.py:925} INFO - DAG(s) 'example_sensor_decorator' retrieved from /home/airflow/.local/lib/python3.12/site-packages/airflow/example_dags/example_sensor_decorator.py
[2026-07-18T21:06:21.301+0000] {logging_mixin.py:190} INFO - [2026-07-18T21:06:21.300+0000] {dag.py:3239} INFO - Sync 1 DAGs
[2026-07-18T21:06:21.322+0000] {logging_mixin.py:190} INFO - [2026-07-18T21:06:21.321+0000] {dag.py:4180} INFO - Setting next_dagrun for example_sensor_decorator to None, run_after=None
[2026-07-18T21:06:21.350+0000] {processor.py:208} INFO - Processing /home/airflow/.local/lib/python3.12/site-packages/airflow/example_dags/example_sensor_decorator.py took 0.116 seconds
[2026-07-18T21:06:53.614+0000] {processor.py:186} INFO - Started process (PID=2144) to work on /home/airflow/.local/lib/python3.12/site-packages/airflow/example_dags/example_sensor_decorator.py
[2026-07-18T21:06:53.617+0000] {processor.py:914} INFO - Processing file /home/airflow/.local/lib/python3.12/site-packages/airflow/example_dags/example_sensor_decorator.py for tasks to queue
[2026-07-18T21:06:53.624+0000] {logging_mixin.py:190} INFO - [2026-07-18T21:06:53.623+0000] {dagbag.py:588} INFO - Filling up the DagBag from /home/airflow/.local/lib/python3.12/site-packages/airflow/example_dags/example_sensor_decorator.py
[2026-07-18T21:06:53.650+0000] {processor.py:925} INFO - DAG(s) 'example_sensor_decorator' retrieved from /home/airflow/.local/lib/python3.12/site-packages/airflow/example_dags/example_sensor_decorator.py
[2026-07-18T21:06:53.689+0000] {logging_mixin.py:190} INFO - [2026-07-18T21:06:53.689+0000] {dag.py:3239} INFO - Sync 1 DAGs
[2026-07-18T21:06:53.718+0000] {logging_mixin.py:190} INFO - [2026-07-18T21:06:53.718+0000] {dag.py:4180} INFO - Setting next_dagrun for example_sensor_decorator to None, run_after=None
[2026-07-18T21:06:53.801+0000] {processor.py:208} INFO - Processing /home/airflow/.local/lib/python3.12/site-packages/airflow/example_dags/example_sensor_decorator.py took 0.199 seconds
[2026-07-18T21:07:23.925+0000] {processor.py:186} INFO - Started process (PID=2207) to work on /home/airflow/.local/lib/python3.12/site-packages/airflow/example_dags/example_sensor_decorator.py
[2026-07-18T21:07:23.927+0000] {processor.py:914} INFO - Processing file /home/airflow/.local/lib/python3.12/site-packages/airflow/example_dags/example_sensor_decorator.py for tasks to queue
[2026-07-18T21:07:23.932+0000] {logging_mixin.py:190} INFO - [2026-07-18T21:07:23.931+0000] {dagbag.py:588} INFO - Filling up the DagBag from /home/airflow/.local/lib/python3.12/site-packages/airflow/example_dags/example_sensor_decorator.py
[2026-07-18T21:07:23.947+0000] {processor.py:925} INFO - DAG(s) 'example_sensor_decorator' retrieved from /home/airflow/.local/lib/python3.12/site-packages/airflow/example_dags/example_sensor_decorator.py
[2026-07-18T21:07:23.977+0000] {logging_mixin.py:190} INFO - [2026-07-18T21:07:23.977+0000] {dag.py:3239} INFO - Sync 1 DAGs
[2026-07-18T21:07:24.000+0000] {logging_mixin.py:190} INFO - [2026-07-18T21:07:24.000+0000] {dag.py:4180} INFO - Setting next_dagrun for example_sensor_decorator to None, run_after=None
[2026-07-18T21:07:24.026+0000] {processor.py:208} INFO - Processing /home/airflow/.local/lib/python3.12/site-packages/airflow/example_dags/example_sensor_decorator.py took 0.111 seconds
[2026-07-18T21:07:55.310+0000] {processor.py:186} INFO - Started process (PID=2270) to work on /home/airflow/.local/lib/python3.12/site-packages/airflow/example_dags/example_sensor_decorator.py
[2026-07-18T21:07:55.312+0000] {processor.py:914} INFO - Processing file /home/airflow/.local/lib/python3.12/site-packages/airflow/example_dags/example_sensor_decorator.py for tasks to queue
[2026-07-18T21:07:55.318+0000] {logging_mixin.py:190} INFO - [2026-07-18T21:07:55.317+0000] {dagbag.py:588} INFO - Filling up the DagBag from /home/airflow/.local/lib/python3.12/site-packages/airflow/example_dags/example_sensor_decorator.py
[2026-07-18T21:07:55.333+0000] {processor.py:925} INFO - DAG(s) 'example_sensor_decorator' retrieved from /home/airflow/.local/lib/python3.12/site-packages/airflow/example_dags/example_sensor_decorator.py
[2026-07-18T21:07:55.368+0000] {logging_mixin.py:190} INFO - [2026-07-18T21:07:55.368+0000] {dag.py:3239} INFO - Sync 1 DAGs
[2026-07-18T21:07:55.397+0000] {logging_mixin.py:190} INFO - [2026-07-18T21:07:55.396+0000] {dag.py:4180} INFO - Setting next_dagrun for example_sensor_decorator to None, run_after=None
[2026-07-18T21:07:55.430+0000] {processor.py:208} INFO - Processing /home/airflow/.local/lib/python3.12/site-packages/airflow/example_dags/example_sensor_decorator.py took 0.129 seconds
[2026-07-18T21:08:26.116+0000] {processor.py:186} INFO - Started process (PID=2335) to work on /home/airflow/.local/lib/python3.12/site-packages/airflow/example_dags/example_sensor_decorator.py
[2026-07-18T21:08:26.118+0000] {processor.py:914} INFO - Processing file /home/airflow/.local/lib/python3.12/site-packages/airflow/example_dags/example_sensor_decorator.py for tasks to queue
[2026-07-18T21:08:26.125+0000] {logging_mixin.py:190} INFO - [2026-07-18T21:08:26.124+0000] {dagbag.py:588} INFO - Filling up the DagBag from /home/airflow/.local/lib/python3.12/site-packages/airflow/example_dags/example_sensor_decorator.py
[2026-07-18T21:08:26.142+0000] {processor.py:925} INFO - DAG(s) 'example_sensor_decorator' retrieved from /home/airflow/.local/lib/python3.12/site-packages/airflow/example_dags/example_sensor_decorator.py
[2026-07-18T21:08:26.176+0000] {logging_mixin.py:190} INFO - [2026-07-18T21:08:26.175+0000] {dag.py:3239} INFO - Sync 1 DAGs
[2026-07-18T21:08:26.209+0000] {logging_mixin.py:190} INFO - [2026-07-18T21:08:26.208+0000] {dag.py:4180} INFO - Setting next_dagrun for example_sensor_decorator to None, run_after=None
[2026-07-18T21:08:26.251+0000] {processor.py:208} INFO - Processing /home/airflow/.local/lib/python3.12/site-packages/airflow/example_dags/example_sensor_decorator.py took 0.146 seconds
[2026-07-18T21:16:35.023+0000] {processor.py:186} INFO - Started process (PID=2398) to work on /home/airflow/.local/lib/python3.12/site-packages/airflow/example_dags/example_sensor_decorator.py
[2026-07-18T21:16:35.027+0000] {processor.py:914} INFO - Processing file /home/airflow/.local/lib/python3.12/site-packages/airflow/example_dags/example_sensor_decorator.py for tasks to queue
[2026-07-18T21:16:35.039+0000] {logging_mixin.py:190} INFO - [2026-07-18T21:16:35.038+0000] {dagbag.py:588} INFO - Filling up the DagBag from /home/airflow/.local/lib/python3.12/site-packages/airflow/example_dags/example_sensor_decorator.py
[2026-07-18T21:16:35.054+0000] {processor.py:925} INFO - DAG(s) 'example_sensor_decorator' retrieved from /home/airflow/.local/lib/python3.12/site-packages/airflow/example_dags/example_sensor_decorator.py
[2026-07-18T21:16:35.092+0000] {logging_mixin.py:190} INFO - [2026-07-18T21:16:35.092+0000] {dag.py:3239} INFO - Sync 1 DAGs
[2026-07-18T21:16:35.126+0000] {logging_mixin.py:190} INFO - [2026-07-18T21:16:35.125+0000] {dag.py:4180} INFO - Setting next_dagrun for example_sensor_decorator to None, run_after=None
[2026-07-18T21:16:35.163+0000] {processor.py:208} INFO - Processing /home/airflow/.local/lib/python3.12/site-packages/airflow/example_dags/example_sensor_decorator.py took 0.162 seconds
[2026-07-18T21:17:05.416+0000] {processor.py:186} INFO - Started process (PID=2460) to work on /home/airflow/.local/lib/python3.12/site-packages/airflow/example_dags/example_sensor_decorator.py
[2026-07-18T21:17:05.418+0000] {processor.py:914} INFO - Processing file /home/airflow/.local/lib/python3.12/site-packages/airflow/example_dags/example_sensor_decorator.py for tasks to queue
[2026-07-18T21:17:05.424+0000] {logging_mixin.py:190} INFO - [2026-07-18T21:17:05.423+0000] {dagbag.py:588} INFO - Filling up the DagBag from /home/airflow/.local/lib/python3.12/site-packages/airflow/example_dags/example_sensor_decorator.py
[2026-07-18T21:17:05.442+0000] {processor.py:925} INFO - DAG(s) 'example_sensor_decorator' retrieved from /home/airflow/.local/lib/python3.12/site-packages/airflow/example_dags/example_sensor_decorator.py
[2026-07-18T21:17:05.484+0000] {logging_mixin.py:190} INFO - [2026-07-18T21:17:05.484+0000] {dag.py:3239} INFO - Sync 1 DAGs
[2026-07-18T21:17:05.515+0000] {logging_mixin.py:190} INFO - [2026-07-18T21:17:05.514+0000] {dag.py:4180} INFO - Setting next_dagrun for example_sensor_decorator to None, run_after=None
[2026-07-18T21:17:05.557+0000] {processor.py:208} INFO - Processing /home/airflow/.local/lib/python3.12/site-packages/airflow/example_dags/example_sensor_decorator.py took 0.157 seconds
[2026-07-18T21:17:35.707+0000] {processor.py:186} INFO - Started process (PID=2524) to work on /home/airflow/.local/lib/python3.12/site-packages/airflow/example_dags/example_sensor_decorator.py
[2026-07-18T21:17:35.710+0000] {processor.py:914} INFO - Processing file /home/airflow/.local/lib/python3.12/site-packages/airflow/example_dags/example_sensor_decorator.py for tasks to queue
[2026-07-18T21:17:35.716+0000] {logging_mixin.py:190} INFO - [2026-07-18T21:17:35.715+0000] {dagbag.py:588} INFO - Filling up the DagBag from /home/airflow/.local/lib/python3.12/site-packages/airflow/example_dags/example_sensor_decorator.py
[2026-07-18T21:17:35.731+0000] {processor.py:925} INFO - DAG(s) 'example_sensor_decorator' retrieved from /home/airflow/.local/lib/python3.12/site-packages/airflow/example_dags/example_sensor_decorator.py
[2026-07-18T21:17:35.761+0000] {logging_mixin.py:190} INFO - [2026-07-18T21:17:35.761+0000] {dag.py:3239} INFO - Sync 1 DAGs
[2026-07-18T21:17:35.779+0000] {logging_mixin.py:190} INFO - [2026-07-18T21:17:35.779+0000] {dag.py:4180} INFO - Setting next_dagrun for example_sensor_decorator to None, run_after=None
[2026-07-18T21:17:35.802+0000] {processor.py:208} INFO - Processing /home/airflow/.local/lib/python3.12/site-packages/airflow/example_dags/example_sensor_decorator.py took 0.105 seconds
[2026-07-18T21:18:07.216+0000] {processor.py:186} INFO - Started process (PID=2587) to work on /home/airflow/.local/lib/python3.12/site-packages/airflow/example_dags/example_sensor_decorator.py
[2026-07-18T21:18:07.219+0000] {processor.py:914} INFO - Processing file /home/airflow/.local/lib/python3.12/site-packages/airflow/example_dags/example_sensor_decorator.py for tasks to queue
[2026-07-18T21:18:07.226+0000] {logging_mixin.py:190} INFO - [2026-07-18T21:18:07.225+0000] {dagbag.py:588} INFO - Filling up the DagBag from /home/airflow/.local/lib/python3.12/site-packages/airflow/example_dags/example_sensor_decorator.py
[2026-07-18T21:18:07.243+0000] {processor.py:925} INFO - DAG(s) 'example_sensor_decorator' retrieved from /home/airflow/.local/lib/python3.12/site-packages/airflow/example_dags/example_sensor_decorator.py
[2026-07-18T21:18:07.273+0000] {logging_mixin.py:190} INFO - [2026-07-18T21:18:07.272+0000] {dag.py:3239} INFO - Sync 1 DAGs
[2026-07-18T21:18:07.292+0000] {logging_mixin.py:190} INFO - [2026-07-18T21:18:07.292+0000] {dag.py:4180} INFO - Setting next_dagrun for example_sensor_decorator to None, run_after=None
[2026-07-18T21:18:07.325+0000] {processor.py:208} INFO - Processing /home/airflow/.local/lib/python3.12/site-packages/airflow/example_dags/example_sensor_decorator.py took 0.123 seconds
[2026-07-18T21:18:37.875+0000] {processor.py:186} INFO - Started process (PID=2650) to work on /home/airflow/.local/lib/python3.12/site-packages/airflow/example_dags/example_sensor_decorator.py
[2026-07-18T21:18:37.877+0000] {processor.py:914} INFO - Processing file /home/airflow/.local/lib/python3.12/site-packages/airflow/example_dags/example_sensor_decorator.py for tasks to queue
[2026-07-18T21:18:37.882+0000] {logging_mixin.py:190} INFO - [2026-07-18T21:18:37.882+0000] {dagbag.py:588} INFO - Filling up the DagBag from /home/airflow/.local/lib/python3.12/site-packages/airflow/example_dags/example_sensor_decorator.py
[2026-07-18T21:18:37.894+0000] {processor.py:925} INFO - DAG(s) 'example_sensor_decorator' retrieved from /home/airflow/.local/lib/python3.12/site-packages/airflow/example_dags/example_sensor_decorator.py
[2026-07-18T21:18:37.922+0000] {logging_mixin.py:190} INFO - [2026-07-18T21:18:37.922+0000] {dag.py:3239} INFO - Sync 1 DAGs
[2026-07-18T21:18:37.947+0000] {logging_mixin.py:190} INFO - [2026-07-18T21:18:37.946+0000] {dag.py:4180} INFO - Setting next_dagrun for example_sensor_decorator to None, run_after=None
[2026-07-18T21:18:37.983+0000] {processor.py:208} INFO - Processing /home/airflow/.local/lib/python3.12/site-packages/airflow/example_dags/example_sensor_decorator.py took 0.116 seconds
[2026-07-18T21:19:08.641+0000] {processor.py:186} INFO - Started process (PID=2713) to work on /home/airflow/.local/lib/python3.12/site-packages/airflow/example_dags/example_sensor_decorator.py
[2026-07-18T21:19:08.644+0000] {processor.py:914} INFO - Processing file /home/airflow/.local/lib/python3.12/site-packages/airflow/example_dags/example_sensor_decorator.py for tasks to queue
[2026-07-18T21:19:08.649+0000] {logging_mixin.py:190} INFO - [2026-07-18T21:19:08.649+0000] {dagbag.py:588} INFO - Filling up the DagBag from /home/airflow/.local/lib/python3.12/site-packages/airflow/example_dags/example_sensor_decorator.py
[2026-07-18T21:19:08.664+0000] {processor.py:925} INFO - DAG(s) 'example_sensor_decorator' retrieved from /home/airflow/.local/lib/python3.12/site-packages/airflow/example_dags/example_sensor_decorator.py
[2026-07-18T21:19:08.697+0000] {logging_mixin.py:190} INFO - [2026-07-18T21:19:08.697+0000] {dag.py:3239} INFO - Sync 1 DAGs
[2026-07-18T21:19:08.727+0000] {logging_mixin.py:190} INFO - [2026-07-18T21:19:08.726+0000] {dag.py:4180} INFO - Setting next_dagrun for example_sensor_decorator to None, run_after=None
[2026-07-18T21:19:08.757+0000] {processor.py:208} INFO - Processing /home/airflow/.local/lib/python3.12/site-packages/airflow/example_dags/example_sensor_decorator.py took 0.125 seconds
[2026-07-18T21:19:38.963+0000] {processor.py:186} INFO - Started process (PID=2775) to work on /home/airflow/.local/lib/python3.12/site-packages/airflow/example_dags/example_sensor_decorator.py
[2026-07-18T21:19:38.966+0000] {processor.py:914} INFO - Processing file /home/airflow/.local/lib/python3.12/site-packages/airflow/example_dags/example_sensor_decorator.py for tasks to queue
[2026-07-18T21:19:39.039+0000] {logging_mixin.py:190} INFO - [2026-07-18T21:19:39.038+0000] {dagbag.py:588} INFO - Filling up the DagBag from /home/airflow/.local/lib/python3.12/site-packages/airflow/example_dags/example_sensor_decorator.py
[2026-07-18T21:19:39.058+0000] {processor.py:925} INFO - DAG(s) 'example_sensor_decorator' retrieved from /home/airflow/.local/lib/python3.12/site-packages/airflow/example_dags/example_sensor_decorator.py
[2026-07-18T21:19:39.091+0000] {logging_mixin.py:190} INFO - [2026-07-18T21:19:39.091+0000] {dag.py:3239} INFO - Sync 1 DAGs
[2026-07-18T21:19:39.110+0000] {logging_mixin.py:190} INFO - [2026-07-18T21:19:39.110+0000] {dag.py:4180} INFO - Setting next_dagrun for example_sensor_decorator to None, run_after=None
[2026-07-18T21:19:39.134+0000] {processor.py:208} INFO - Processing /home/airflow/.local/lib/python3.12/site-packages/airflow/example_dags/example_sensor_decorator.py took 0.178 seconds
[2026-07-18T21:20:09.966+0000] {processor.py:186} INFO - Started process (PID=2838) to work on /home/airflow/.local/lib/python3.12/site-packages/airflow/example_dags/example_sensor_decorator.py
[2026-07-18T21:20:09.969+0000] {processor.py:914} INFO - Processing file /home/airflow/.local/lib/python3.12/site-packages/airflow/example_dags/example_sensor_decorator.py for tasks to queue
[2026-07-18T21:20:09.977+0000] {logging_mixin.py:190} INFO - [2026-07-18T21:20:09.976+0000] {dagbag.py:588} INFO - Filling up the DagBag from /home/airflow/.local/lib/python3.12/site-packages/airflow/example_dags/example_sensor_decorator.py
[2026-07-18T21:20:09.998+0000] {processor.py:925} INFO - DAG(s) 'example_sensor_decorator' retrieved from /home/airflow/.local/lib/python3.12/site-packages/airflow/example_dags/example_sensor_decorator.py
[2026-07-18T21:20:10.045+0000] {logging_mixin.py:190} INFO - [2026-07-18T21:20:10.045+0000] {dag.py:3239} INFO - Sync 1 DAGs
[2026-07-18T21:20:10.087+0000] {logging_mixin.py:190} INFO - [2026-07-18T21:20:10.087+0000] {dag.py:4180} INFO - Setting next_dagrun for example_sensor_decorator to None, run_after=None
[2026-07-18T21:20:10.129+0000] {processor.py:208} INFO - Processing /home/airflow/.local/lib/python3.12/site-packages/airflow/example_dags/example_sensor_decorator.py took 0.179 seconds
[2026-07-18T21:20:40.512+0000] {processor.py:186} INFO - Started process (PID=2901) to work on /home/airflow/.local/lib/python3.12/site-packages/airflow/example_dags/example_sensor_decorator.py
[2026-07-18T21:20:40.514+0000] {processor.py:914} INFO - Processing file /home/airflow/.local/lib/python3.12/site-packages/airflow/example_dags/example_sensor_decorator.py for tasks to queue
[2026-07-18T21:20:40.520+0000] {logging_mixin.py:190} INFO - [2026-07-18T21:20:40.520+0000] {dagbag.py:588} INFO - Filling up the DagBag from /home/airflow/.local/lib/python3.12/site-packages/airflow/example_dags/example_sensor_decorator.py
[2026-07-18T21:20:40.535+0000] {processor.py:925} INFO - DAG(s) 'example_sensor_decorator' retrieved from /home/airflow/.local/lib/python3.12/site-packages/airflow/example_dags/example_sensor_decorator.py
[2026-07-18T21:20:40.566+0000] {logging_mixin.py:190} INFO - [2026-07-18T21:20:40.566+0000] {dag.py:3239} INFO - Sync 1 DAGs
[2026-07-18T21:20:40.586+0000] {logging_mixin.py:190} INFO - [2026-07-18T21:20:40.585+0000] {dag.py:4180} INFO - Setting next_dagrun for example_sensor_decorator to None, run_after=None
[2026-07-18T21:20:40.655+0000] {processor.py:208} INFO - Processing /home/airflow/.local/lib/python3.12/site-packages/airflow/example_dags/example_sensor_decorator.py took 0.153 seconds
[2026-07-18T21:21:11.359+0000] {processor.py:186} INFO - Started process (PID=2964) to work on /home/airflow/.local/lib/python3.12/site-packages/airflow/example_dags/example_sensor_decorator.py
[2026-07-18T21:21:11.364+0000] {processor.py:914} INFO - Processing file /home/airflow/.local/lib/python3.12/site-packages/airflow/example_dags/example_sensor_decorator.py for tasks to queue
[2026-07-18T21:21:11.374+0000] {logging_mixin.py:190} INFO - [2026-07-18T21:21:11.373+0000] {dagbag.py:588} INFO - Filling up the DagBag from /home/airflow/.local/lib/python3.12/site-packages/airflow/example_dags/example_sensor_decorator.py
[2026-07-18T21:21:11.406+0000] {processor.py:925} INFO - DAG(s) 'example_sensor_decorator' retrieved from /home/airflow/.local/lib/python3.12/site-packages/airflow/example_dags/example_sensor_decorator.py
[2026-07-18T21:21:11.444+0000] {logging_mixin.py:190} INFO - [2026-07-18T21:21:11.443+0000] {dag.py:3239} INFO - Sync 1 DAGs
[2026-07-18T21:21:11.469+0000] {logging_mixin.py:190} INFO - [2026-07-18T21:21:11.469+0000] {dag.py:4180} INFO - Setting next_dagrun for example_sensor_decorator to None, run_after=None
[2026-07-18T21:21:11.507+0000] {processor.py:208} INFO - Processing /home/airflow/.local/lib/python3.12/site-packages/airflow/example_dags/example_sensor_decorator.py took 0.163 seconds
[2026-07-18T21:21:42.296+0000] {processor.py:186} INFO - Started process (PID=3026) to work on /home/airflow/.local/lib/python3.12/site-packages/airflow/example_dags/example_sensor_decorator.py
[2026-07-18T21:21:42.300+0000] {processor.py:914} INFO - Processing file /home/airflow/.local/lib/python3.12/site-packages/airflow/example_dags/example_sensor_decorator.py for tasks to queue
[2026-07-18T21:21:42.305+0000] {logging_mixin.py:190} INFO - [2026-07-18T21:21:42.305+0000] {dagbag.py:588} INFO - Filling up the DagBag from /home/airflow/.local/lib/python3.12/site-packages/airflow/example_dags/example_sensor_decorator.py
[2026-07-18T21:21:42.320+0000] {processor.py:925} INFO - DAG(s) 'example_sensor_decorator' retrieved from /home/airflow/.local/lib/python3.12/site-packages/airflow/example_dags/example_sensor_decorator.py
[2026-07-18T21:21:42.360+0000] {logging_mixin.py:190} INFO - [2026-07-18T21:21:42.359+0000] {dag.py:3239} INFO - Sync 1 DAGs
[2026-07-18T21:21:42.402+0000] {logging_mixin.py:190} INFO - [2026-07-18T21:21:42.402+0000] {dag.py:4180} INFO - Setting next_dagrun for example_sensor_decorator to None, run_after=None
[2026-07-18T21:21:42.465+0000] {processor.py:208} INFO - Processing /home/airflow/.local/lib/python3.12/site-packages/airflow/example_dags/example_sensor_decorator.py took 0.182 seconds
[2026-07-18T21:22:12.842+0000] {processor.py:186} INFO - Started process (PID=3089) to work on /home/airflow/.local/lib/python3.12/site-packages/airflow/example_dags/example_sensor_decorator.py
[2026-07-18T21:22:12.853+0000] {processor.py:914} INFO - Processing file /home/airflow/.local/lib/python3.12/site-packages/airflow/example_dags/example_sensor_decorator.py for tasks to queue
[2026-07-18T21:22:12.861+0000] {logging_mixin.py:190} INFO - [2026-07-18T21:22:12.860+0000] {dagbag.py:588} INFO - Filling up the DagBag from /home/airflow/.local/lib/python3.12/site-packages/airflow/example_dags/example_sensor_decorator.py
[2026-07-18T21:22:12.898+0000] {processor.py:925} INFO - DAG(s) 'example_sensor_decorator' retrieved from /home/airflow/.local/lib/python3.12/site-packages/airflow/example_dags/example_sensor_decorator.py
[2026-07-18T21:22:12.971+0000] {logging_mixin.py:190} INFO - [2026-07-18T21:22:12.962+0000] {dag.py:3239} INFO - Sync 1 DAGs
[2026-07-18T21:22:13.024+0000] {logging_mixin.py:190} INFO - [2026-07-18T21:22:13.024+0000] {dag.py:4180} INFO - Setting next_dagrun for example_sensor_decorator to None, run_after=None
[2026-07-18T21:22:13.073+0000] {processor.py:208} INFO - Processing /home/airflow/.local/lib/python3.12/site-packages/airflow/example_dags/example_sensor_decorator.py took 0.256 seconds
[2026-07-18T21:26:02.746+0000] {processor.py:186} INFO - Started process (PID=150) to work on /home/airflow/.local/lib/python3.12/site-packages/airflow/example_dags/example_sensor_decorator.py
[2026-07-18T21:26:02.749+0000] {processor.py:914} INFO - Processing file /home/airflow/.local/lib/python3.12/site-packages/airflow/example_dags/example_sensor_decorator.py for tasks to queue
[2026-07-18T21:26:02.754+0000] {logging_mixin.py:190} INFO - [2026-07-18T21:26:02.753+0000] {dagbag.py:588} INFO - Filling up the DagBag from /home/airflow/.local/lib/python3.12/site-packages/airflow/example_dags/example_sensor_decorator.py
[2026-07-18T21:26:02.771+0000] {processor.py:925} INFO - DAG(s) 'example_sensor_decorator' retrieved from /home/airflow/.local/lib/python3.12/site-packages/airflow/example_dags/example_sensor_decorator.py
[2026-07-18T21:26:02.803+0000] {logging_mixin.py:190} INFO - [2026-07-18T21:26:02.802+0000] {dag.py:3239} INFO - Sync 1 DAGs
[2026-07-18T21:26:02.830+0000] {logging_mixin.py:190} INFO - [2026-07-18T21:26:02.830+0000] {dag.py:4180} INFO - Setting next_dagrun for example_sensor_decorator to None, run_after=None
[2026-07-18T21:26:02.861+0000] {processor.py:208} INFO - Processing /home/airflow/.local/lib/python3.12/site-packages/airflow/example_dags/example_sensor_decorator.py took 0.123 seconds
[2026-07-18T21:26:33.914+0000] {processor.py:186} INFO - Started process (PID=213) to work on /home/airflow/.local/lib/python3.12/site-packages/airflow/example_dags/example_sensor_decorator.py
[2026-07-18T21:26:33.916+0000] {processor.py:914} INFO - Processing file /home/airflow/.local/lib/python3.12/site-packages/airflow/example_dags/example_sensor_decorator.py for tasks to queue
[2026-07-18T21:26:33.920+0000] {logging_mixin.py:190} INFO - [2026-07-18T21:26:33.920+0000] {dagbag.py:588} INFO - Filling up the DagBag from /home/airflow/.local/lib/python3.12/site-packages/airflow/example_dags/example_sensor_decorator.py
[2026-07-18T21:26:33.933+0000] {processor.py:925} INFO - DAG(s) 'example_sensor_decorator' retrieved from /home/airflow/.local/lib/python3.12/site-packages/airflow/example_dags/example_sensor_decorator.py
[2026-07-18T21:26:33.963+0000] {logging_mixin.py:190} INFO - [2026-07-18T21:26:33.962+0000] {dag.py:3239} INFO - Sync 1 DAGs
[2026-07-18T21:26:33.982+0000] {logging_mixin.py:190} INFO - [2026-07-18T21:26:33.981+0000] {dag.py:4180} INFO - Setting next_dagrun for example_sensor_decorator to None, run_after=None
[2026-07-18T21:26:34.013+0000] {processor.py:208} INFO - Processing /home/airflow/.local/lib/python3.12/site-packages/airflow/example_dags/example_sensor_decorator.py took 0.107 seconds
[2026-07-18T21:27:06.547+0000] {processor.py:186} INFO - Started process (PID=276) to work on /home/airflow/.local/lib/python3.12/site-packages/airflow/example_dags/example_sensor_decorator.py
[2026-07-18T21:27:06.550+0000] {processor.py:914} INFO - Processing file /home/airflow/.local/lib/python3.12/site-packages/airflow/example_dags/example_sensor_decorator.py for tasks to queue
[2026-07-18T21:27:06.556+0000] {logging_mixin.py:190} INFO - [2026-07-18T21:27:06.555+0000] {dagbag.py:588} INFO - Filling up the DagBag from /home/airflow/.local/lib/python3.12/site-packages/airflow/example_dags/example_sensor_decorator.py
[2026-07-18T21:27:06.571+0000] {processor.py:925} INFO - DAG(s) 'example_sensor_decorator' retrieved from /home/airflow/.local/lib/python3.12/site-packages/airflow/example_dags/example_sensor_decorator.py
[2026-07-18T21:27:06.607+0000] {logging_mixin.py:190} INFO - [2026-07-18T21:27:06.606+0000] {dag.py:3239} INFO - Sync 1 DAGs
[2026-07-18T21:27:06.639+0000] {logging_mixin.py:190} INFO - [2026-07-18T21:27:06.638+0000] {dag.py:4180} INFO - Setting next_dagrun for example_sensor_decorator to None, run_after=None
[2026-07-18T21:27:06.681+0000] {processor.py:208} INFO - Processing /home/airflow/.local/lib/python3.12/site-packages/airflow/example_dags/example_sensor_decorator.py took 0.141 seconds
[2026-07-18T21:27:38.499+0000] {processor.py:186} INFO - Started process (PID=339) to work on /home/airflow/.local/lib/python3.12/site-packages/airflow/example_dags/example_sensor_decorator.py
[2026-07-18T21:27:38.502+0000] {processor.py:914} INFO - Processing file /home/airflow/.local/lib/python3.12/site-packages/airflow/example_dags/example_sensor_decorator.py for tasks to queue
[2026-07-18T21:27:38.510+0000] {logging_mixin.py:190} INFO - [2026-07-18T21:27:38.509+0000] {dagbag.py:588} INFO - Filling up the DagBag from /home/airflow/.local/lib/python3.12/site-packages/airflow/example_dags/example_sensor_decorator.py
[2026-07-18T21:27:38.529+0000] {processor.py:925} INFO - DAG(s) 'example_sensor_decorator' retrieved from /home/airflow/.local/lib/python3.12/site-packages/airflow/example_dags/example_sensor_decorator.py
[2026-07-18T21:27:38.563+0000] {logging_mixin.py:190} INFO - [2026-07-18T21:27:38.562+0000] {dag.py:3239} INFO - Sync 1 DAGs
[2026-07-18T21:27:38.587+0000] {logging_mixin.py:190} INFO - [2026-07-18T21:27:38.587+0000] {dag.py:4180} INFO - Setting next_dagrun for example_sensor_decorator to None, run_after=None
[2026-07-18T21:27:38.618+0000] {processor.py:208} INFO - Processing /home/airflow/.local/lib/python3.12/site-packages/airflow/example_dags/example_sensor_decorator.py took 0.131 seconds
[2026-07-18T21:28:09.954+0000] {processor.py:186} INFO - Started process (PID=402) to work on /home/airflow/.local/lib/python3.12/site-packages/airflow/example_dags/example_sensor_decorator.py
[2026-07-18T21:28:09.957+0000] {processor.py:914} INFO - Processing file /home/airflow/.local/lib/python3.12/site-packages/airflow/example_dags/example_sensor_decorator.py for tasks to queue
[2026-07-18T21:28:09.963+0000] {logging_mixin.py:190} INFO - [2026-07-18T21:28:09.962+0000] {dagbag.py:588} INFO - Filling up the DagBag from /home/airflow/.local/lib/python3.12/site-packages/airflow/example_dags/example_sensor_decorator.py
[2026-07-18T21:28:09.982+0000] {processor.py:925} INFO - DAG(s) 'example_sensor_decorator' retrieved from /home/airflow/.local/lib/python3.12/site-packages/airflow/example_dags/example_sensor_decorator.py
[2026-07-18T21:28:10.025+0000] {logging_mixin.py:190} INFO - [2026-07-18T21:28:10.024+0000] {dag.py:3239} INFO - Sync 1 DAGs
[2026-07-18T21:28:10.049+0000] {logging_mixin.py:190} INFO - [2026-07-18T21:28:10.048+0000] {dag.py:4180} INFO - Setting next_dagrun for example_sensor_decorator to None, run_after=None
[2026-07-18T21:28:10.081+0000] {processor.py:208} INFO - Processing /home/airflow/.local/lib/python3.12/site-packages/airflow/example_dags/example_sensor_decorator.py took 0.136 seconds
[2026-07-18T21:28:41.712+0000] {processor.py:186} INFO - Started process (PID=465) to work on /home/airflow/.local/lib/python3.12/site-packages/airflow/example_dags/example_sensor_decorator.py
[2026-07-18T21:28:41.715+0000] {processor.py:914} INFO - Processing file /home/airflow/.local/lib/python3.12/site-packages/airflow/example_dags/example_sensor_decorator.py for tasks to queue
[2026-07-18T21:28:41.722+0000] {logging_mixin.py:190} INFO - [2026-07-18T21:28:41.721+0000] {dagbag.py:588} INFO - Filling up the DagBag from /home/airflow/.local/lib/python3.12/site-packages/airflow/example_dags/example_sensor_decorator.py
[2026-07-18T21:28:41.750+0000] {processor.py:925} INFO - DAG(s) 'example_sensor_decorator' retrieved from /home/airflow/.local/lib/python3.12/site-packages/airflow/example_dags/example_sensor_decorator.py
[2026-07-18T21:28:41.806+0000] {logging_mixin.py:190} INFO - [2026-07-18T21:28:41.805+0000] {dag.py:3239} INFO - Sync 1 DAGs
[2026-07-18T21:28:41.841+0000] {logging_mixin.py:190} INFO - [2026-07-18T21:28:41.840+0000] {dag.py:4180} INFO - Setting next_dagrun for example_sensor_decorator to None, run_after=None
[2026-07-18T21:28:41.891+0000] {processor.py:208} INFO - Processing /home/airflow/.local/lib/python3.12/site-packages/airflow/example_dags/example_sensor_decorator.py took 0.192 seconds
[2026-07-18T21:29:13.311+0000] {processor.py:186} INFO - Started process (PID=528) to work on /home/airflow/.local/lib/python3.12/site-packages/airflow/example_dags/example_sensor_decorator.py
[2026-07-18T21:29:13.314+0000] {processor.py:914} INFO - Processing file /home/airflow/.local/lib/python3.12/site-packages/airflow/example_dags/example_sensor_decorator.py for tasks to queue
[2026-07-18T21:29:13.318+0000] {logging_mixin.py:190} INFO - [2026-07-18T21:29:13.318+0000] {dagbag.py:588} INFO - Filling up the DagBag from /home/airflow/.local/lib/python3.12/site-packages/airflow/example_dags/example_sensor_decorator.py
[2026-07-18T21:29:13.332+0000] {processor.py:925} INFO - DAG(s) 'example_sensor_decorator' retrieved from /home/airflow/.local/lib/python3.12/site-packages/airflow/example_dags/example_sensor_decorator.py
[2026-07-18T21:29:13.360+0000] {logging_mixin.py:190} INFO - [2026-07-18T21:29:13.359+0000] {dag.py:3239} INFO - Sync 1 DAGs
[2026-07-18T21:29:13.386+0000] {logging_mixin.py:190} INFO - [2026-07-18T21:29:13.385+0000] {dag.py:4180} INFO - Setting next_dagrun for example_sensor_decorator to None, run_after=None
[2026-07-18T21:29:13.418+0000] {processor.py:208} INFO - Processing /home/airflow/.local/lib/python3.12/site-packages/airflow/example_dags/example_sensor_decorator.py took 0.118 seconds
[2026-07-18T21:29:45.188+0000] {processor.py:186} INFO - Started process (PID=592) to work on /home/airflow/.local/lib/python3.12/site-packages/airflow/example_dags/example_sensor_decorator.py
[2026-07-18T21:29:45.192+0000] {processor.py:914} INFO - Processing file /home/airflow/.local/lib/python3.12/site-packages/airflow/example_dags/example_sensor_decorator.py for tasks to queue
[2026-07-18T21:29:45.201+0000] {logging_mixin.py:190} INFO - [2026-07-18T21:29:45.200+0000] {dagbag.py:588} INFO - Filling up the DagBag from /home/airflow/.local/lib/python3.12/site-packages/airflow/example_dags/example_sensor_decorator.py
[2026-07-18T21:29:45.230+0000] {processor.py:925} INFO - DAG(s) 'example_sensor_decorator' retrieved from /home/airflow/.local/lib/python3.12/site-packages/airflow/example_dags/example_sensor_decorator.py
[2026-07-18T21:29:45.273+0000] {logging_mixin.py:190} INFO - [2026-07-18T21:29:45.272+0000] {dag.py:3239} INFO - Sync 1 DAGs
[2026-07-18T21:29:45.302+0000] {logging_mixin.py:190} INFO - [2026-07-18T21:29:45.302+0000] {dag.py:4180} INFO - Setting next_dagrun for example_sensor_decorator to None, run_after=None
[2026-07-18T21:29:45.359+0000] {processor.py:208} INFO - Processing /home/airflow/.local/lib/python3.12/site-packages/airflow/example_dags/example_sensor_decorator.py took 0.190 seconds
[2026-07-18T21:30:16.790+0000] {processor.py:186} INFO - Started process (PID=655) to work on /home/airflow/.local/lib/python3.12/site-packages/airflow/example_dags/example_sensor_decorator.py
[2026-07-18T21:30:16.792+0000] {processor.py:914} INFO - Processing file /home/airflow/.local/lib/python3.12/site-packages/airflow/example_dags/example_sensor_decorator.py for tasks to queue
[2026-07-18T21:30:16.796+0000] {logging_mixin.py:190} INFO - [2026-07-18T21:30:16.796+0000] {dagbag.py:588} INFO - Filling up the DagBag from /home/airflow/.local/lib/python3.12/site-packages/airflow/example_dags/example_sensor_decorator.py
[2026-07-18T21:30:16.814+0000] {processor.py:925} INFO - DAG(s) 'example_sensor_decorator' retrieved from /home/airflow/.local/lib/python3.12/site-packages/airflow/example_dags/example_sensor_decorator.py
[2026-07-18T21:30:16.842+0000] {logging_mixin.py:190} INFO - [2026-07-18T21:30:16.842+0000] {dag.py:3239} INFO - Sync 1 DAGs
[2026-07-18T21:30:16.860+0000] {logging_mixin.py:190} INFO - [2026-07-18T21:30:16.860+0000] {dag.py:4180} INFO - Setting next_dagrun for example_sensor_decorator to None, run_after=None
[2026-07-18T21:30:16.885+0000] {processor.py:208} INFO - Processing /home/airflow/.local/lib/python3.12/site-packages/airflow/example_dags/example_sensor_decorator.py took 0.103 seconds
[2026-07-18T21:30:48.501+0000] {processor.py:186} INFO - Started process (PID=718) to work on /home/airflow/.local/lib/python3.12/site-packages/airflow/example_dags/example_sensor_decorator.py
[2026-07-18T21:30:48.503+0000] {processor.py:914} INFO - Processing file /home/airflow/.local/lib/python3.12/site-packages/airflow/example_dags/example_sensor_decorator.py for tasks to queue
[2026-07-18T21:30:48.508+0000] {logging_mixin.py:190} INFO - [2026-07-18T21:30:48.508+0000] {dagbag.py:588} INFO - Filling up the DagBag from /home/airflow/.local/lib/python3.12/site-packages/airflow/example_dags/example_sensor_decorator.py
[2026-07-18T21:30:48.520+0000] {processor.py:925} INFO - DAG(s) 'example_sensor_decorator' retrieved from /home/airflow/.local/lib/python3.12/site-packages/airflow/example_dags/example_sensor_decorator.py
[2026-07-18T21:30:48.552+0000] {logging_mixin.py:190} INFO - [2026-07-18T21:30:48.552+0000] {dag.py:3239} INFO - Sync 1 DAGs
[2026-07-18T21:30:48.569+0000] {logging_mixin.py:190} INFO - [2026-07-18T21:30:48.569+0000] {dag.py:4180} INFO - Setting next_dagrun for example_sensor_decorator to None, run_after=None
[2026-07-18T21:30:48.652+0000] {processor.py:208} INFO - Processing /home/airflow/.local/lib/python3.12/site-packages/airflow/example_dags/example_sensor_decorator.py took 0.160 seconds
[2026-07-18T21:31:19.762+0000] {processor.py:186} INFO - Started process (PID=782) to work on /home/airflow/.local/lib/python3.12/site-packages/airflow/example_dags/example_sensor_decorator.py
[2026-07-18T21:31:19.765+0000] {processor.py:914} INFO - Processing file /home/airflow/.local/lib/python3.12/site-packages/airflow/example_dags/example_sensor_decorator.py for tasks to queue
[2026-07-18T21:31:19.769+0000] {logging_mixin.py:190} INFO - [2026-07-18T21:31:19.769+0000] {dagbag.py:588} INFO - Filling up the DagBag from /home/airflow/.local/lib/python3.12/site-packages/airflow/example_dags/example_sensor_decorator.py
[2026-07-18T21:31:19.780+0000] {processor.py:925} INFO - DAG(s) 'example_sensor_decorator' retrieved from /home/airflow/.local/lib/python3.12/site-packages/airflow/example_dags/example_sensor_decorator.py
[2026-07-18T21:31:19.805+0000] {logging_mixin.py:190} INFO - [2026-07-18T21:31:19.805+0000] {dag.py:3239} INFO - Sync 1 DAGs
[2026-07-18T21:31:19.822+0000] {logging_mixin.py:190} INFO - [2026-07-18T21:31:19.822+0000] {dag.py:4180} INFO - Setting next_dagrun for example_sensor_decorator to None, run_after=None
[2026-07-18T21:31:19.933+0000] {processor.py:208} INFO - Processing /home/airflow/.local/lib/python3.12/site-packages/airflow/example_dags/example_sensor_decorator.py took 0.179 seconds
[2026-07-18T21:31:51.900+0000] {processor.py:186} INFO - Started process (PID=846) to work on /home/airflow/.local/lib/python3.12/site-packages/airflow/example_dags/example_sensor_decorator.py
[2026-07-18T21:31:51.913+0000] {processor.py:914} INFO - Processing file /home/airflow/.local/lib/python3.12/site-packages/airflow/example_dags/example_sensor_decorator.py for tasks to queue
[2026-07-18T21:31:51.927+0000] {logging_mixin.py:190} INFO - [2026-07-18T21:31:51.926+0000] {dagbag.py:588} INFO - Filling up the DagBag from /home/airflow/.local/lib/python3.12/site-packages/airflow/example_dags/example_sensor_decorator.py
[2026-07-18T21:31:51.967+0000] {processor.py:925} INFO - DAG(s) 'example_sensor_decorator' retrieved from /home/airflow/.local/lib/python3.12/site-packages/airflow/example_dags/example_sensor_decorator.py
[2026-07-18T21:31:52.046+0000] {logging_mixin.py:190} INFO - [2026-07-18T21:31:52.045+0000] {dag.py:3239} INFO - Sync 1 DAGs
[2026-07-18T21:31:52.105+0000] {logging_mixin.py:190} INFO - [2026-07-18T21:31:52.105+0000] {dag.py:4180} INFO - Setting next_dagrun for example_sensor_decorator to None, run_after=None
[2026-07-18T21:31:52.199+0000] {processor.py:208} INFO - Processing /home/airflow/.local/lib/python3.12/site-packages/airflow/example_dags/example_sensor_decorator.py took 0.326 seconds
[2026-07-18T21:32:23.289+0000] {processor.py:186} INFO - Started process (PID=910) to work on /home/airflow/.local/lib/python3.12/site-packages/airflow/example_dags/example_sensor_decorator.py
[2026-07-18T21:32:23.292+0000] {processor.py:914} INFO - Processing file /home/airflow/.local/lib/python3.12/site-packages/airflow/example_dags/example_sensor_decorator.py for tasks to queue
[2026-07-18T21:32:23.297+0000] {logging_mixin.py:190} INFO - [2026-07-18T21:32:23.297+0000] {dagbag.py:588} INFO - Filling up the DagBag from /home/airflow/.local/lib/python3.12/site-packages/airflow/example_dags/example_sensor_decorator.py
[2026-07-18T21:32:23.314+0000] {processor.py:925} INFO - DAG(s) 'example_sensor_decorator' retrieved from /home/airflow/.local/lib/python3.12/site-packages/airflow/example_dags/example_sensor_decorator.py
[2026-07-18T21:32:23.367+0000] {logging_mixin.py:190} INFO - [2026-07-18T21:32:23.366+0000] {dag.py:3239} INFO - Sync 1 DAGs
[2026-07-18T21:32:23.400+0000] {logging_mixin.py:190} INFO - [2026-07-18T21:32:23.400+0000] {dag.py:4180} INFO - Setting next_dagrun for example_sensor_decorator to None, run_after=None
[2026-07-18T21:32:23.443+0000] {processor.py:208} INFO - Processing /home/airflow/.local/lib/python3.12/site-packages/airflow/example_dags/example_sensor_decorator.py took 0.164 seconds
[2026-07-18T21:32:54.906+0000] {processor.py:186} INFO - Started process (PID=981) to work on /home/airflow/.local/lib/python3.12/site-packages/airflow/example_dags/example_sensor_decorator.py
[2026-07-18T21:32:54.909+0000] {processor.py:914} INFO - Processing file /home/airflow/.local/lib/python3.12/site-packages/airflow/example_dags/example_sensor_decorator.py for tasks to queue
[2026-07-18T21:32:54.914+0000] {logging_mixin.py:190} INFO - [2026-07-18T21:32:54.914+0000] {dagbag.py:588} INFO - Filling up the DagBag from /home/airflow/.local/lib/python3.12/site-packages/airflow/example_dags/example_sensor_decorator.py
[2026-07-18T21:32:54.926+0000] {processor.py:925} INFO - DAG(s) 'example_sensor_decorator' retrieved from /home/airflow/.local/lib/python3.12/site-packages/airflow/example_dags/example_sensor_decorator.py
[2026-07-18T21:32:54.957+0000] {logging_mixin.py:190} INFO - [2026-07-18T21:32:54.956+0000] {dag.py:3239} INFO - Sync 1 DAGs
[2026-07-18T21:32:54.979+0000] {logging_mixin.py:190} INFO - [2026-07-18T21:32:54.978+0000] {dag.py:4180} INFO - Setting next_dagrun for example_sensor_decorator to None, run_after=None
[2026-07-18T21:32:55.016+0000] {processor.py:208} INFO - Processing /home/airflow/.local/lib/python3.12/site-packages/airflow/example_dags/example_sensor_decorator.py took 0.119 seconds
[2026-07-18T21:33:26.591+0000] {processor.py:186} INFO - Started process (PID=1046) to work on /home/airflow/.local/lib/python3.12/site-packages/airflow/example_dags/example_sensor_decorator.py
[2026-07-18T21:33:26.594+0000] {processor.py:914} INFO - Processing file /home/airflow/.local/lib/python3.12/site-packages/airflow/example_dags/example_sensor_decorator.py for tasks to queue
[2026-07-18T21:33:26.599+0000] {logging_mixin.py:190} INFO - [2026-07-18T21:33:26.599+0000] {dagbag.py:588} INFO - Filling up the DagBag from /home/airflow/.local/lib/python3.12/site-packages/airflow/example_dags/example_sensor_decorator.py
[2026-07-18T21:33:26.619+0000] {processor.py:925} INFO - DAG(s) 'example_sensor_decorator' retrieved from /home/airflow/.local/lib/python3.12/site-packages/airflow/example_dags/example_sensor_decorator.py
[2026-07-18T21:33:26.659+0000] {logging_mixin.py:190} INFO - [2026-07-18T21:33:26.659+0000] {dag.py:3239} INFO - Sync 1 DAGs
[2026-07-18T21:33:26.692+0000] {logging_mixin.py:190} INFO - [2026-07-18T21:33:26.691+0000] {dag.py:4180} INFO - Setting next_dagrun for example_sensor_decorator to None, run_after=None
[2026-07-18T21:33:26.732+0000] {processor.py:208} INFO - Processing /home/airflow/.local/lib/python3.12/site-packages/airflow/example_dags/example_sensor_decorator.py took 0.152 seconds
[2026-07-18T21:33:58.254+0000] {processor.py:186} INFO - Started process (PID=1110) to work on /home/airflow/.local/lib/python3.12/site-packages/airflow/example_dags/example_sensor_decorator.py
[2026-07-18T21:33:58.258+0000] {processor.py:914} INFO - Processing file /home/airflow/.local/lib/python3.12/site-packages/airflow/example_dags/example_sensor_decorator.py for tasks to queue
[2026-07-18T21:33:58.264+0000] {logging_mixin.py:190} INFO - [2026-07-18T21:33:58.263+0000] {dagbag.py:588} INFO - Filling up the DagBag from /home/airflow/.local/lib/python3.12/site-packages/airflow/example_dags/example_sensor_decorator.py
[2026-07-18T21:33:58.287+0000] {processor.py:925} INFO - DAG(s) 'example_sensor_decorator' retrieved from /home/airflow/.local/lib/python3.12/site-packages/airflow/example_dags/example_sensor_decorator.py
[2026-07-18T21:33:58.324+0000] {logging_mixin.py:190} INFO - [2026-07-18T21:33:58.324+0000] {dag.py:3239} INFO - Sync 1 DAGs
[2026-07-18T21:33:58.349+0000] {logging_mixin.py:190} INFO - [2026-07-18T21:33:58.349+0000] {dag.py:4180} INFO - Setting next_dagrun for example_sensor_decorator to None, run_after=None
[2026-07-18T21:33:58.375+0000] {processor.py:208} INFO - Processing /home/airflow/.local/lib/python3.12/site-packages/airflow/example_dags/example_sensor_decorator.py took 0.131 seconds
[2026-07-18T21:34:30.030+0000] {processor.py:186} INFO - Started process (PID=1174) to work on /home/airflow/.local/lib/python3.12/site-packages/airflow/example_dags/example_sensor_decorator.py
[2026-07-18T21:34:30.032+0000] {processor.py:914} INFO - Processing file /home/airflow/.local/lib/python3.12/site-packages/airflow/example_dags/example_sensor_decorator.py for tasks to queue
[2026-07-18T21:34:30.037+0000] {logging_mixin.py:190} INFO - [2026-07-18T21:34:30.036+0000] {dagbag.py:588} INFO - Filling up the DagBag from /home/airflow/.local/lib/python3.12/site-packages/airflow/example_dags/example_sensor_decorator.py
[2026-07-18T21:34:30.051+0000] {processor.py:925} INFO - DAG(s) 'example_sensor_decorator' retrieved from /home/airflow/.local/lib/python3.12/site-packages/airflow/example_dags/example_sensor_decorator.py
[2026-07-18T21:34:30.080+0000] {logging_mixin.py:190} INFO - [2026-07-18T21:34:30.080+0000] {dag.py:3239} INFO - Sync 1 DAGs
[2026-07-18T21:34:30.098+0000] {logging_mixin.py:190} INFO - [2026-07-18T21:34:30.098+0000] {dag.py:4180} INFO - Setting next_dagrun for example_sensor_decorator to None, run_after=None
[2026-07-18T21:34:30.133+0000] {processor.py:208} INFO - Processing /home/airflow/.local/lib/python3.12/site-packages/airflow/example_dags/example_sensor_decorator.py took 0.113 seconds
[2026-07-18T21:35:01.646+0000] {processor.py:186} INFO - Started process (PID=1238) to work on /home/airflow/.local/lib/python3.12/site-packages/airflow/example_dags/example_sensor_decorator.py
[2026-07-18T21:35:01.649+0000] {processor.py:914} INFO - Processing file /home/airflow/.local/lib/python3.12/site-packages/airflow/example_dags/example_sensor_decorator.py for tasks to queue
[2026-07-18T21:35:01.655+0000] {logging_mixin.py:190} INFO - [2026-07-18T21:35:01.654+0000] {dagbag.py:588} INFO - Filling up the DagBag from /home/airflow/.local/lib/python3.12/site-packages/airflow/example_dags/example_sensor_decorator.py
[2026-07-18T21:35:01.679+0000] {processor.py:925} INFO - DAG(s) 'example_sensor_decorator' retrieved from /home/airflow/.local/lib/python3.12/site-packages/airflow/example_dags/example_sensor_decorator.py
[2026-07-18T21:35:01.735+0000] {logging_mixin.py:190} INFO - [2026-07-18T21:35:01.735+0000] {dag.py:3239} INFO - Sync 1 DAGs
[2026-07-18T21:35:01.777+0000] {logging_mixin.py:190} INFO - [2026-07-18T21:35:01.777+0000] {dag.py:4180} INFO - Setting next_dagrun for example_sensor_decorator to None, run_after=None
[2026-07-18T21:35:01.828+0000] {processor.py:208} INFO - Processing /home/airflow/.local/lib/python3.12/site-packages/airflow/example_dags/example_sensor_decorator.py took 0.195 seconds
[2026-07-18T21:35:32.193+0000] {processor.py:186} INFO - Started process (PID=1301) to work on /home/airflow/.local/lib/python3.12/site-packages/airflow/example_dags/example_sensor_decorator.py
[2026-07-18T21:35:32.196+0000] {processor.py:914} INFO - Processing file /home/airflow/.local/lib/python3.12/site-packages/airflow/example_dags/example_sensor_decorator.py for tasks to queue
[2026-07-18T21:35:32.202+0000] {logging_mixin.py:190} INFO - [2026-07-18T21:35:32.201+0000] {dagbag.py:588} INFO - Filling up the DagBag from /home/airflow/.local/lib/python3.12/site-packages/airflow/example_dags/example_sensor_decorator.py
[2026-07-18T21:35:32.216+0000] {processor.py:925} INFO - DAG(s) 'example_sensor_decorator' retrieved from /home/airflow/.local/lib/python3.12/site-packages/airflow/example_dags/example_sensor_decorator.py
[2026-07-18T21:35:32.259+0000] {logging_mixin.py:190} INFO - [2026-07-18T21:35:32.259+0000] {dag.py:3239} INFO - Sync 1 DAGs
[2026-07-18T21:35:32.281+0000] {logging_mixin.py:190} INFO - [2026-07-18T21:35:32.281+0000] {dag.py:4180} INFO - Setting next_dagrun for example_sensor_decorator to None, run_after=None
[2026-07-18T21:35:32.314+0000] {processor.py:208} INFO - Processing /home/airflow/.local/lib/python3.12/site-packages/airflow/example_dags/example_sensor_decorator.py took 0.128 seconds
[2026-07-18T21:36:02.601+0000] {processor.py:186} INFO - Started process (PID=1364) to work on /home/airflow/.local/lib/python3.12/site-packages/airflow/example_dags/example_sensor_decorator.py
[2026-07-18T21:36:02.603+0000] {processor.py:914} INFO - Processing file /home/airflow/.local/lib/python3.12/site-packages/airflow/example_dags/example_sensor_decorator.py for tasks to queue
[2026-07-18T21:36:02.609+0000] {logging_mixin.py:190} INFO - [2026-07-18T21:36:02.608+0000] {dagbag.py:588} INFO - Filling up the DagBag from /home/airflow/.local/lib/python3.12/site-packages/airflow/example_dags/example_sensor_decorator.py
[2026-07-18T21:36:02.629+0000] {processor.py:925} INFO - DAG(s) 'example_sensor_decorator' retrieved from /home/airflow/.local/lib/python3.12/site-packages/airflow/example_dags/example_sensor_decorator.py
[2026-07-18T21:36:02.664+0000] {logging_mixin.py:190} INFO - [2026-07-18T21:36:02.664+0000] {dag.py:3239} INFO - Sync 1 DAGs
[2026-07-18T21:36:02.689+0000] {logging_mixin.py:190} INFO - [2026-07-18T21:36:02.689+0000] {dag.py:4180} INFO - Setting next_dagrun for example_sensor_decorator to None, run_after=None
[2026-07-18T21:36:02.722+0000] {processor.py:208} INFO - Processing /home/airflow/.local/lib/python3.12/site-packages/airflow/example_dags/example_sensor_decorator.py took 0.134 seconds
[2026-07-18T21:36:34.417+0000] {processor.py:186} INFO - Started process (PID=1428) to work on /home/airflow/.local/lib/python3.12/site-packages/airflow/example_dags/example_sensor_decorator.py
[2026-07-18T21:36:34.420+0000] {processor.py:914} INFO - Processing file /home/airflow/.local/lib/python3.12/site-packages/airflow/example_dags/example_sensor_decorator.py for tasks to queue
[2026-07-18T21:36:34.424+0000] {logging_mixin.py:190} INFO - [2026-07-18T21:36:34.424+0000] {dagbag.py:588} INFO - Filling up the DagBag from /home/airflow/.local/lib/python3.12/site-packages/airflow/example_dags/example_sensor_decorator.py
[2026-07-18T21:36:34.436+0000] {processor.py:925} INFO - DAG(s) 'example_sensor_decorator' retrieved from /home/airflow/.local/lib/python3.12/site-packages/airflow/example_dags/example_sensor_decorator.py
[2026-07-18T21:36:34.464+0000] {logging_mixin.py:190} INFO - [2026-07-18T21:36:34.463+0000] {dag.py:3239} INFO - Sync 1 DAGs
[2026-07-18T21:36:34.482+0000] {logging_mixin.py:190} INFO - [2026-07-18T21:36:34.482+0000] {dag.py:4180} INFO - Setting next_dagrun for example_sensor_decorator to None, run_after=None
[2026-07-18T21:36:34.566+0000] {processor.py:208} INFO - Processing /home/airflow/.local/lib/python3.12/site-packages/airflow/example_dags/example_sensor_decorator.py took 0.156 seconds
[2026-07-18T21:37:05.914+0000] {processor.py:186} INFO - Started process (PID=1493) to work on /home/airflow/.local/lib/python3.12/site-packages/airflow/example_dags/example_sensor_decorator.py
[2026-07-18T21:37:05.919+0000] {processor.py:914} INFO - Processing file /home/airflow/.local/lib/python3.12/site-packages/airflow/example_dags/example_sensor_decorator.py for tasks to queue
[2026-07-18T21:37:05.932+0000] {logging_mixin.py:190} INFO - [2026-07-18T21:37:05.930+0000] {dagbag.py:588} INFO - Filling up the DagBag from /home/airflow/.local/lib/python3.12/site-packages/airflow/example_dags/example_sensor_decorator.py
[2026-07-18T21:37:05.963+0000] {processor.py:925} INFO - DAG(s) 'example_sensor_decorator' retrieved from /home/airflow/.local/lib/python3.12/site-packages/airflow/example_dags/example_sensor_decorator.py
[2026-07-18T21:37:06.003+0000] {logging_mixin.py:190} INFO - [2026-07-18T21:37:06.003+0000] {dag.py:3239} INFO - Sync 1 DAGs
[2026-07-18T21:37:06.037+0000] {logging_mixin.py:190} INFO - [2026-07-18T21:37:06.037+0000] {dag.py:4180} INFO - Setting next_dagrun for example_sensor_decorator to None, run_after=None
[2026-07-18T21:37:06.099+0000] {processor.py:208} INFO - Processing /home/airflow/.local/lib/python3.12/site-packages/airflow/example_dags/example_sensor_decorator.py took 0.211 seconds
[2026-07-18T21:37:37.873+0000] {processor.py:186} INFO - Started process (PID=1557) to work on /home/airflow/.local/lib/python3.12/site-packages/airflow/example_dags/example_sensor_decorator.py
[2026-07-18T21:37:37.875+0000] {processor.py:914} INFO - Processing file /home/airflow/.local/lib/python3.12/site-packages/airflow/example_dags/example_sensor_decorator.py for tasks to queue
[2026-07-18T21:37:37.881+0000] {logging_mixin.py:190} INFO - [2026-07-18T21:37:37.880+0000] {dagbag.py:588} INFO - Filling up the DagBag from /home/airflow/.local/lib/python3.12/site-packages/airflow/example_dags/example_sensor_decorator.py
[2026-07-18T21:37:37.897+0000] {processor.py:925} INFO - DAG(s) 'example_sensor_decorator' retrieved from /home/airflow/.local/lib/python3.12/site-packages/airflow/example_dags/example_sensor_decorator.py
[2026-07-18T21:37:37.925+0000] {logging_mixin.py:190} INFO - [2026-07-18T21:37:37.924+0000] {dag.py:3239} INFO - Sync 1 DAGs
[2026-07-18T21:37:37.942+0000] {logging_mixin.py:190} INFO - [2026-07-18T21:37:37.942+0000] {dag.py:4180} INFO - Setting next_dagrun for example_sensor_decorator to None, run_after=None
[2026-07-18T21:37:37.971+0000] {processor.py:208} INFO - Processing /home/airflow/.local/lib/python3.12/site-packages/airflow/example_dags/example_sensor_decorator.py took 0.107 seconds
[2026-07-18T21:38:10.348+0000] {processor.py:186} INFO - Started process (PID=1621) to work on /home/airflow/.local/lib/python3.12/site-packages/airflow/example_dags/example_sensor_decorator.py
[2026-07-18T21:38:10.352+0000] {processor.py:914} INFO - Processing file /home/airflow/.local/lib/python3.12/site-packages/airflow/example_dags/example_sensor_decorator.py for tasks to queue
[2026-07-18T21:38:10.362+0000] {logging_mixin.py:190} INFO - [2026-07-18T21:38:10.360+0000] {dagbag.py:588} INFO - Filling up the DagBag from /home/airflow/.local/lib/python3.12/site-packages/airflow/example_dags/example_sensor_decorator.py
[2026-07-18T21:38:10.392+0000] {processor.py:925} INFO - DAG(s) 'example_sensor_decorator' retrieved from /home/airflow/.local/lib/python3.12/site-packages/airflow/example_dags/example_sensor_decorator.py
[2026-07-18T21:38:10.471+0000] {logging_mixin.py:190} INFO - [2026-07-18T21:38:10.470+0000] {dag.py:3239} INFO - Sync 1 DAGs
[2026-07-18T21:38:10.506+0000] {logging_mixin.py:190} INFO - [2026-07-18T21:38:10.505+0000] {dag.py:4180} INFO - Setting next_dagrun for example_sensor_decorator to None, run_after=None
[2026-07-18T21:38:10.564+0000] {processor.py:208} INFO - Processing /home/airflow/.local/lib/python3.12/site-packages/airflow/example_dags/example_sensor_decorator.py took 0.231 seconds
[2026-07-18T21:38:41.369+0000] {processor.py:186} INFO - Started process (PID=1685) to work on /home/airflow/.local/lib/python3.12/site-packages/airflow/example_dags/example_sensor_decorator.py
[2026-07-18T21:38:41.372+0000] {processor.py:914} INFO - Processing file /home/airflow/.local/lib/python3.12/site-packages/airflow/example_dags/example_sensor_decorator.py for tasks to queue
[2026-07-18T21:38:41.379+0000] {logging_mixin.py:190} INFO - [2026-07-18T21:38:41.378+0000] {dagbag.py:588} INFO - Filling up the DagBag from /home/airflow/.local/lib/python3.12/site-packages/airflow/example_dags/example_sensor_decorator.py
[2026-07-18T21:38:41.394+0000] {processor.py:925} INFO - DAG(s) 'example_sensor_decorator' retrieved from /home/airflow/.local/lib/python3.12/site-packages/airflow/example_dags/example_sensor_decorator.py
[2026-07-18T21:38:41.423+0000] {logging_mixin.py:190} INFO - [2026-07-18T21:38:41.423+0000] {dag.py:3239} INFO - Sync 1 DAGs
[2026-07-18T21:38:41.444+0000] {logging_mixin.py:190} INFO - [2026-07-18T21:38:41.444+0000] {dag.py:4180} INFO - Setting next_dagrun for example_sensor_decorator to None, run_after=None
[2026-07-18T21:38:41.477+0000] {processor.py:208} INFO - Processing /home/airflow/.local/lib/python3.12/site-packages/airflow/example_dags/example_sensor_decorator.py took 0.115 seconds
[2026-07-18T21:39:12.175+0000] {processor.py:186} INFO - Started process (PID=1749) to work on /home/airflow/.local/lib/python3.12/site-packages/airflow/example_dags/example_sensor_decorator.py
[2026-07-18T21:39:12.178+0000] {processor.py:914} INFO - Processing file /home/airflow/.local/lib/python3.12/site-packages/airflow/example_dags/example_sensor_decorator.py for tasks to queue
[2026-07-18T21:39:12.183+0000] {logging_mixin.py:190} INFO - [2026-07-18T21:39:12.182+0000] {dagbag.py:588} INFO - Filling up the DagBag from /home/airflow/.local/lib/python3.12/site-packages/airflow/example_dags/example_sensor_decorator.py
[2026-07-18T21:39:12.200+0000] {processor.py:925} INFO - DAG(s) 'example_sensor_decorator' retrieved from /home/airflow/.local/lib/python3.12/site-packages/airflow/example_dags/example_sensor_decorator.py
[2026-07-18T21:39:12.236+0000] {logging_mixin.py:190} INFO - [2026-07-18T21:39:12.236+0000] {dag.py:3239} INFO - Sync 1 DAGs
[2026-07-18T21:39:12.255+0000] {logging_mixin.py:190} INFO - [2026-07-18T21:39:12.255+0000] {dag.py:4180} INFO - Setting next_dagrun for example_sensor_decorator to None, run_after=None
[2026-07-18T21:39:12.315+0000] {processor.py:208} INFO - Processing /home/airflow/.local/lib/python3.12/site-packages/airflow/example_dags/example_sensor_decorator.py took 0.149 seconds
[2026-07-18T21:39:49.405+0000] {processor.py:186} INFO - Started process (PID=1820) to work on /home/airflow/.local/lib/python3.12/site-packages/airflow/example_dags/example_sensor_decorator.py
[2026-07-18T21:39:49.408+0000] {processor.py:914} INFO - Processing file /home/airflow/.local/lib/python3.12/site-packages/airflow/example_dags/example_sensor_decorator.py for tasks to queue
[2026-07-18T21:39:49.414+0000] {logging_mixin.py:190} INFO - [2026-07-18T21:39:49.413+0000] {dagbag.py:588} INFO - Filling up the DagBag from /home/airflow/.local/lib/python3.12/site-packages/airflow/example_dags/example_sensor_decorator.py
[2026-07-18T21:39:49.434+0000] {processor.py:925} INFO - DAG(s) 'example_sensor_decorator' retrieved from /home/airflow/.local/lib/python3.12/site-packages/airflow/example_dags/example_sensor_decorator.py
[2026-07-18T21:39:49.475+0000] {logging_mixin.py:190} INFO - [2026-07-18T21:39:49.475+0000] {dag.py:3239} INFO - Sync 1 DAGs
[2026-07-18T21:39:49.516+0000] {logging_mixin.py:190} INFO - [2026-07-18T21:39:49.515+0000] {dag.py:4180} INFO - Setting next_dagrun for example_sensor_decorator to None, run_after=None
[2026-07-18T21:39:49.561+0000] {processor.py:208} INFO - Processing /home/airflow/.local/lib/python3.12/site-packages/airflow/example_dags/example_sensor_decorator.py took 0.164 seconds
[2026-07-18T21:40:20.566+0000] {processor.py:186} INFO - Started process (PID=1884) to work on /home/airflow/.local/lib/python3.12/site-packages/airflow/example_dags/example_sensor_decorator.py
[2026-07-18T21:40:20.569+0000] {processor.py:914} INFO - Processing file /home/airflow/.local/lib/python3.12/site-packages/airflow/example_dags/example_sensor_decorator.py for tasks to queue
[2026-07-18T21:40:20.578+0000] {logging_mixin.py:190} INFO - [2026-07-18T21:40:20.578+0000] {dagbag.py:588} INFO - Filling up the DagBag from /home/airflow/.local/lib/python3.12/site-packages/airflow/example_dags/example_sensor_decorator.py
[2026-07-18T21:40:20.608+0000] {processor.py:925} INFO - DAG(s) 'example_sensor_decorator' retrieved from /home/airflow/.local/lib/python3.12/site-packages/airflow/example_dags/example_sensor_decorator.py
[2026-07-18T21:40:20.682+0000] {logging_mixin.py:190} INFO - [2026-07-18T21:40:20.681+0000] {dag.py:3239} INFO - Sync 1 DAGs
[2026-07-18T21:40:20.740+0000] {logging_mixin.py:190} INFO - [2026-07-18T21:40:20.739+0000] {dag.py:4180} INFO - Setting next_dagrun for example_sensor_decorator to None, run_after=None
[2026-07-18T21:40:20.852+0000] {processor.py:208} INFO - Processing /home/airflow/.local/lib/python3.12/site-packages/airflow/example_dags/example_sensor_decorator.py took 0.299 seconds
[2026-07-18T21:40:51.557+0000] {processor.py:186} INFO - Started process (PID=1947) to work on /home/airflow/.local/lib/python3.12/site-packages/airflow/example_dags/example_sensor_decorator.py
[2026-07-18T21:40:51.559+0000] {processor.py:914} INFO - Processing file /home/airflow/.local/lib/python3.12/site-packages/airflow/example_dags/example_sensor_decorator.py for tasks to queue
[2026-07-18T21:40:51.564+0000] {logging_mixin.py:190} INFO - [2026-07-18T21:40:51.563+0000] {dagbag.py:588} INFO - Filling up the DagBag from /home/airflow/.local/lib/python3.12/site-packages/airflow/example_dags/example_sensor_decorator.py
[2026-07-18T21:40:51.576+0000] {processor.py:925} INFO - DAG(s) 'example_sensor_decorator' retrieved from /home/airflow/.local/lib/python3.12/site-packages/airflow/example_dags/example_sensor_decorator.py
[2026-07-18T21:40:51.601+0000] {logging_mixin.py:190} INFO - [2026-07-18T21:40:51.600+0000] {dag.py:3239} INFO - Sync 1 DAGs
[2026-07-18T21:40:51.618+0000] {logging_mixin.py:190} INFO - [2026-07-18T21:40:51.618+0000] {dag.py:4180} INFO - Setting next_dagrun for example_sensor_decorator to None, run_after=None
[2026-07-18T21:40:51.649+0000] {processor.py:208} INFO - Processing /home/airflow/.local/lib/python3.12/site-packages/airflow/example_dags/example_sensor_decorator.py took 0.100 seconds
[2026-07-18T21:41:22.015+0000] {processor.py:186} INFO - Started process (PID=2011) to work on /home/airflow/.local/lib/python3.12/site-packages/airflow/example_dags/example_sensor_decorator.py
[2026-07-18T21:41:22.018+0000] {processor.py:914} INFO - Processing file /home/airflow/.local/lib/python3.12/site-packages/airflow/example_dags/example_sensor_decorator.py for tasks to queue
[2026-07-18T21:41:22.024+0000] {logging_mixin.py:190} INFO - [2026-07-18T21:41:22.024+0000] {dagbag.py:588} INFO - Filling up the DagBag from /home/airflow/.local/lib/python3.12/site-packages/airflow/example_dags/example_sensor_decorator.py
[2026-07-18T21:41:22.039+0000] {processor.py:925} INFO - DAG(s) 'example_sensor_decorator' retrieved from /home/airflow/.local/lib/python3.12/site-packages/airflow/example_dags/example_sensor_decorator.py
[2026-07-18T21:41:22.071+0000] {logging_mixin.py:190} INFO - [2026-07-18T21:41:22.070+0000] {dag.py:3239} INFO - Sync 1 DAGs
[2026-07-18T21:41:22.090+0000] {logging_mixin.py:190} INFO - [2026-07-18T21:41:22.089+0000] {dag.py:4180} INFO - Setting next_dagrun for example_sensor_decorator to None, run_after=None
[2026-07-18T21:41:22.114+0000] {processor.py:208} INFO - Processing /home/airflow/.local/lib/python3.12/site-packages/airflow/example_dags/example_sensor_decorator.py took 0.107 seconds
[2026-07-18T21:41:52.663+0000] {processor.py:186} INFO - Started process (PID=2074) to work on /home/airflow/.local/lib/python3.12/site-packages/airflow/example_dags/example_sensor_decorator.py
[2026-07-18T21:41:52.665+0000] {processor.py:914} INFO - Processing file /home/airflow/.local/lib/python3.12/site-packages/airflow/example_dags/example_sensor_decorator.py for tasks to queue
[2026-07-18T21:41:52.671+0000] {logging_mixin.py:190} INFO - [2026-07-18T21:41:52.670+0000] {dagbag.py:588} INFO - Filling up the DagBag from /home/airflow/.local/lib/python3.12/site-packages/airflow/example_dags/example_sensor_decorator.py
[2026-07-18T21:41:52.685+0000] {processor.py:925} INFO - DAG(s) 'example_sensor_decorator' retrieved from /home/airflow/.local/lib/python3.12/site-packages/airflow/example_dags/example_sensor_decorator.py
[2026-07-18T21:41:52.715+0000] {logging_mixin.py:190} INFO - [2026-07-18T21:41:52.714+0000] {dag.py:3239} INFO - Sync 1 DAGs
[2026-07-18T21:41:52.734+0000] {logging_mixin.py:190} INFO - [2026-07-18T21:41:52.733+0000] {dag.py:4180} INFO - Setting next_dagrun for example_sensor_decorator to None, run_after=None
[2026-07-18T21:41:52.761+0000] {processor.py:208} INFO - Processing /home/airflow/.local/lib/python3.12/site-packages/airflow/example_dags/example_sensor_decorator.py took 0.109 seconds
[2026-07-18T21:42:23.325+0000] {processor.py:186} INFO - Started process (PID=2139) to work on /home/airflow/.local/lib/python3.12/site-packages/airflow/example_dags/example_sensor_decorator.py
[2026-07-18T21:42:23.328+0000] {processor.py:914} INFO - Processing file /home/airflow/.local/lib/python3.12/site-packages/airflow/example_dags/example_sensor_decorator.py for tasks to queue
[2026-07-18T21:42:23.335+0000] {logging_mixin.py:190} INFO - [2026-07-18T21:42:23.334+0000] {dagbag.py:588} INFO - Filling up the DagBag from /home/airflow/.local/lib/python3.12/site-packages/airflow/example_dags/example_sensor_decorator.py
[2026-07-18T21:42:23.353+0000] {processor.py:925} INFO - DAG(s) 'example_sensor_decorator' retrieved from /home/airflow/.local/lib/python3.12/site-packages/airflow/example_dags/example_sensor_decorator.py
[2026-07-18T21:42:23.388+0000] {logging_mixin.py:190} INFO - [2026-07-18T21:42:23.388+0000] {dag.py:3239} INFO - Sync 1 DAGs
[2026-07-18T21:42:23.408+0000] {logging_mixin.py:190} INFO - [2026-07-18T21:42:23.407+0000] {dag.py:4180} INFO - Setting next_dagrun for example_sensor_decorator to None, run_after=None
[2026-07-18T21:42:23.439+0000] {processor.py:208} INFO - Processing /home/airflow/.local/lib/python3.12/site-packages/airflow/example_dags/example_sensor_decorator.py took 0.126 seconds
[2026-07-18T21:42:53.778+0000] {processor.py:186} INFO - Started process (PID=2203) to work on /home/airflow/.local/lib/python3.12/site-packages/airflow/example_dags/example_sensor_decorator.py
[2026-07-18T21:42:53.781+0000] {processor.py:914} INFO - Processing file /home/airflow/.local/lib/python3.12/site-packages/airflow/example_dags/example_sensor_decorator.py for tasks to queue
[2026-07-18T21:42:53.786+0000] {logging_mixin.py:190} INFO - [2026-07-18T21:42:53.786+0000] {dagbag.py:588} INFO - Filling up the DagBag from /home/airflow/.local/lib/python3.12/site-packages/airflow/example_dags/example_sensor_decorator.py
[2026-07-18T21:42:53.805+0000] {processor.py:925} INFO - DAG(s) 'example_sensor_decorator' retrieved from /home/airflow/.local/lib/python3.12/site-packages/airflow/example_dags/example_sensor_decorator.py
[2026-07-18T21:42:53.836+0000] {logging_mixin.py:190} INFO - [2026-07-18T21:42:53.836+0000] {dag.py:3239} INFO - Sync 1 DAGs
[2026-07-18T21:42:53.859+0000] {logging_mixin.py:190} INFO - [2026-07-18T21:42:53.859+0000] {dag.py:4180} INFO - Setting next_dagrun for example_sensor_decorator to None, run_after=None
[2026-07-18T21:42:53.888+0000] {processor.py:208} INFO - Processing /home/airflow/.local/lib/python3.12/site-packages/airflow/example_dags/example_sensor_decorator.py took 0.118 seconds
[2026-07-18T21:43:28.523+0000] {processor.py:186} INFO - Started process (PID=2278) to work on /home/airflow/.local/lib/python3.12/site-packages/airflow/example_dags/example_sensor_decorator.py
[2026-07-18T21:43:28.526+0000] {processor.py:914} INFO - Processing file /home/airflow/.local/lib/python3.12/site-packages/airflow/example_dags/example_sensor_decorator.py for tasks to queue
[2026-07-18T21:43:28.530+0000] {logging_mixin.py:190} INFO - [2026-07-18T21:43:28.529+0000] {dagbag.py:588} INFO - Filling up the DagBag from /home/airflow/.local/lib/python3.12/site-packages/airflow/example_dags/example_sensor_decorator.py
[2026-07-18T21:43:28.541+0000] {processor.py:925} INFO - DAG(s) 'example_sensor_decorator' retrieved from /home/airflow/.local/lib/python3.12/site-packages/airflow/example_dags/example_sensor_decorator.py
[2026-07-18T21:43:28.571+0000] {logging_mixin.py:190} INFO - [2026-07-18T21:43:28.570+0000] {dag.py:3239} INFO - Sync 1 DAGs
[2026-07-18T21:43:28.592+0000] {logging_mixin.py:190} INFO - [2026-07-18T21:43:28.592+0000] {dag.py:4180} INFO - Setting next_dagrun for example_sensor_decorator to None, run_after=None
[2026-07-18T21:43:28.629+0000] {processor.py:208} INFO - Processing /home/airflow/.local/lib/python3.12/site-packages/airflow/example_dags/example_sensor_decorator.py took 0.115 seconds
[2026-07-18T21:43:59.242+0000] {processor.py:186} INFO - Started process (PID=2342) to work on /home/airflow/.local/lib/python3.12/site-packages/airflow/example_dags/example_sensor_decorator.py
[2026-07-18T21:43:59.247+0000] {processor.py:914} INFO - Processing file /home/airflow/.local/lib/python3.12/site-packages/airflow/example_dags/example_sensor_decorator.py for tasks to queue
[2026-07-18T21:43:59.253+0000] {logging_mixin.py:190} INFO - [2026-07-18T21:43:59.252+0000] {dagbag.py:588} INFO - Filling up the DagBag from /home/airflow/.local/lib/python3.12/site-packages/airflow/example_dags/example_sensor_decorator.py
[2026-07-18T21:43:59.272+0000] {processor.py:925} INFO - DAG(s) 'example_sensor_decorator' retrieved from /home/airflow/.local/lib/python3.12/site-packages/airflow/example_dags/example_sensor_decorator.py
[2026-07-18T21:43:59.306+0000] {logging_mixin.py:190} INFO - [2026-07-18T21:43:59.305+0000] {dag.py:3239} INFO - Sync 1 DAGs
[2026-07-18T21:43:59.332+0000] {logging_mixin.py:190} INFO - [2026-07-18T21:43:59.332+0000] {dag.py:4180} INFO - Setting next_dagrun for example_sensor_decorator to None, run_after=None
[2026-07-18T21:43:59.369+0000] {processor.py:208} INFO - Processing /home/airflow/.local/lib/python3.12/site-packages/airflow/example_dags/example_sensor_decorator.py took 0.137 seconds
[2026-07-18T21:44:30.306+0000] {processor.py:186} INFO - Started process (PID=2406) to work on /home/airflow/.local/lib/python3.12/site-packages/airflow/example_dags/example_sensor_decorator.py
[2026-07-18T21:44:30.308+0000] {processor.py:914} INFO - Processing file /home/airflow/.local/lib/python3.12/site-packages/airflow/example_dags/example_sensor_decorator.py for tasks to queue
[2026-07-18T21:44:30.314+0000] {logging_mixin.py:190} INFO - [2026-07-18T21:44:30.313+0000] {dagbag.py:588} INFO - Filling up the DagBag from /home/airflow/.local/lib/python3.12/site-packages/airflow/example_dags/example_sensor_decorator.py
[2026-07-18T21:44:30.329+0000] {processor.py:925} INFO - DAG(s) 'example_sensor_decorator' retrieved from /home/airflow/.local/lib/python3.12/site-packages/airflow/example_dags/example_sensor_decorator.py
[2026-07-18T21:44:30.367+0000] {logging_mixin.py:190} INFO - [2026-07-18T21:44:30.366+0000] {dag.py:3239} INFO - Sync 1 DAGs
[2026-07-18T21:44:30.399+0000] {logging_mixin.py:190} INFO - [2026-07-18T21:44:30.398+0000] {dag.py:4180} INFO - Setting next_dagrun for example_sensor_decorator to None, run_after=None
[2026-07-18T21:44:30.428+0000] {processor.py:208} INFO - Processing /home/airflow/.local/lib/python3.12/site-packages/airflow/example_dags/example_sensor_decorator.py took 0.132 seconds
[2026-07-18T21:45:01.623+0000] {processor.py:186} INFO - Started process (PID=2470) to work on /home/airflow/.local/lib/python3.12/site-packages/airflow/example_dags/example_sensor_decorator.py
[2026-07-18T21:45:01.627+0000] {processor.py:914} INFO - Processing file /home/airflow/.local/lib/python3.12/site-packages/airflow/example_dags/example_sensor_decorator.py for tasks to queue
[2026-07-18T21:45:01.635+0000] {logging_mixin.py:190} INFO - [2026-07-18T21:45:01.634+0000] {dagbag.py:588} INFO - Filling up the DagBag from /home/airflow/.local/lib/python3.12/site-packages/airflow/example_dags/example_sensor_decorator.py
[2026-07-18T21:45:01.657+0000] {processor.py:925} INFO - DAG(s) 'example_sensor_decorator' retrieved from /home/airflow/.local/lib/python3.12/site-packages/airflow/example_dags/example_sensor_decorator.py
[2026-07-18T21:45:01.710+0000] {logging_mixin.py:190} INFO - [2026-07-18T21:45:01.710+0000] {dag.py:3239} INFO - Sync 1 DAGs
[2026-07-18T21:45:01.756+0000] {logging_mixin.py:190} INFO - [2026-07-18T21:45:01.756+0000] {dag.py:4180} INFO - Setting next_dagrun for example_sensor_decorator to None, run_after=None
[2026-07-18T21:45:01.844+0000] {processor.py:208} INFO - Processing /home/airflow/.local/lib/python3.12/site-packages/airflow/example_dags/example_sensor_decorator.py took 0.235 seconds
[2026-07-18T21:45:34.828+0000] {processor.py:186} INFO - Started process (PID=2534) to work on /home/airflow/.local/lib/python3.12/site-packages/airflow/example_dags/example_sensor_decorator.py
[2026-07-18T21:45:34.829+0000] {processor.py:914} INFO - Processing file /home/airflow/.local/lib/python3.12/site-packages/airflow/example_dags/example_sensor_decorator.py for tasks to queue
[2026-07-18T21:45:34.834+0000] {logging_mixin.py:190} INFO - [2026-07-18T21:45:34.833+0000] {dagbag.py:588} INFO - Filling up the DagBag from /home/airflow/.local/lib/python3.12/site-packages/airflow/example_dags/example_sensor_decorator.py
[2026-07-18T21:45:34.846+0000] {processor.py:925} INFO - DAG(s) 'example_sensor_decorator' retrieved from /home/airflow/.local/lib/python3.12/site-packages/airflow/example_dags/example_sensor_decorator.py
[2026-07-18T21:45:34.875+0000] {logging_mixin.py:190} INFO - [2026-07-18T21:45:34.875+0000] {dag.py:3239} INFO - Sync 1 DAGs
[2026-07-18T21:45:34.902+0000] {logging_mixin.py:190} INFO - [2026-07-18T21:45:34.902+0000] {dag.py:4180} INFO - Setting next_dagrun for example_sensor_decorator to None, run_after=None
[2026-07-18T21:45:34.934+0000] {processor.py:208} INFO - Processing /home/airflow/.local/lib/python3.12/site-packages/airflow/example_dags/example_sensor_decorator.py took 0.117 seconds
[2026-07-18T21:46:05.343+0000] {processor.py:186} INFO - Started process (PID=2598) to work on /home/airflow/.local/lib/python3.12/site-packages/airflow/example_dags/example_sensor_decorator.py
[2026-07-18T21:46:05.346+0000] {processor.py:914} INFO - Processing file /home/airflow/.local/lib/python3.12/site-packages/airflow/example_dags/example_sensor_decorator.py for tasks to queue
[2026-07-18T21:46:05.351+0000] {logging_mixin.py:190} INFO - [2026-07-18T21:46:05.351+0000] {dagbag.py:588} INFO - Filling up the DagBag from /home/airflow/.local/lib/python3.12/site-packages/airflow/example_dags/example_sensor_decorator.py
[2026-07-18T21:46:05.365+0000] {processor.py:925} INFO - DAG(s) 'example_sensor_decorator' retrieved from /home/airflow/.local/lib/python3.12/site-packages/airflow/example_dags/example_sensor_decorator.py
[2026-07-18T21:46:05.404+0000] {logging_mixin.py:190} INFO - [2026-07-18T21:46:05.404+0000] {dag.py:3239} INFO - Sync 1 DAGs
[2026-07-18T21:46:05.441+0000] {logging_mixin.py:190} INFO - [2026-07-18T21:46:05.441+0000] {dag.py:4180} INFO - Setting next_dagrun for example_sensor_decorator to None, run_after=None
[2026-07-18T21:46:05.483+0000] {processor.py:208} INFO - Processing /home/airflow/.local/lib/python3.12/site-packages/airflow/example_dags/example_sensor_decorator.py took 0.147 seconds
[2026-07-18T21:46:36.625+0000] {processor.py:186} INFO - Started process (PID=2662) to work on /home/airflow/.local/lib/python3.12/site-packages/airflow/example_dags/example_sensor_decorator.py
[2026-07-18T21:46:36.627+0000] {processor.py:914} INFO - Processing file /home/airflow/.local/lib/python3.12/site-packages/airflow/example_dags/example_sensor_decorator.py for tasks to queue
[2026-07-18T21:46:36.633+0000] {logging_mixin.py:190} INFO - [2026-07-18T21:46:36.633+0000] {dagbag.py:588} INFO - Filling up the DagBag from /home/airflow/.local/lib/python3.12/site-packages/airflow/example_dags/example_sensor_decorator.py
[2026-07-18T21:46:36.647+0000] {processor.py:925} INFO - DAG(s) 'example_sensor_decorator' retrieved from /home/airflow/.local/lib/python3.12/site-packages/airflow/example_dags/example_sensor_decorator.py
[2026-07-18T21:46:36.677+0000] {logging_mixin.py:190} INFO - [2026-07-18T21:46:36.676+0000] {dag.py:3239} INFO - Sync 1 DAGs
[2026-07-18T21:46:36.697+0000] {logging_mixin.py:190} INFO - [2026-07-18T21:46:36.696+0000] {dag.py:4180} INFO - Setting next_dagrun for example_sensor_decorator to None, run_after=None
[2026-07-18T21:46:36.724+0000] {processor.py:208} INFO - Processing /home/airflow/.local/lib/python3.12/site-packages/airflow/example_dags/example_sensor_decorator.py took 0.107 seconds
[2026-07-18T21:47:07.166+0000] {processor.py:186} INFO - Started process (PID=2726) to work on /home/airflow/.local/lib/python3.12/site-packages/airflow/example_dags/example_sensor_decorator.py
[2026-07-18T21:47:07.168+0000] {processor.py:914} INFO - Processing file /home/airflow/.local/lib/python3.12/site-packages/airflow/example_dags/example_sensor_decorator.py for tasks to queue
[2026-07-18T21:47:07.174+0000] {logging_mixin.py:190} INFO - [2026-07-18T21:47:07.173+0000] {dagbag.py:588} INFO - Filling up the DagBag from /home/airflow/.local/lib/python3.12/site-packages/airflow/example_dags/example_sensor_decorator.py
[2026-07-18T21:47:07.189+0000] {processor.py:925} INFO - DAG(s) 'example_sensor_decorator' retrieved from /home/airflow/.local/lib/python3.12/site-packages/airflow/example_dags/example_sensor_decorator.py
[2026-07-18T21:47:07.225+0000] {logging_mixin.py:190} INFO - [2026-07-18T21:47:07.225+0000] {dag.py:3239} INFO - Sync 1 DAGs
[2026-07-18T21:47:07.246+0000] {logging_mixin.py:190} INFO - [2026-07-18T21:47:07.245+0000] {dag.py:4180} INFO - Setting next_dagrun for example_sensor_decorator to None, run_after=None
[2026-07-18T21:47:07.342+0000] {processor.py:208} INFO - Processing /home/airflow/.local/lib/python3.12/site-packages/airflow/example_dags/example_sensor_decorator.py took 0.185 seconds
[2026-07-18T21:47:38.781+0000] {processor.py:186} INFO - Started process (PID=2790) to work on /home/airflow/.local/lib/python3.12/site-packages/airflow/example_dags/example_sensor_decorator.py
[2026-07-18T21:47:38.784+0000] {processor.py:914} INFO - Processing file /home/airflow/.local/lib/python3.12/site-packages/airflow/example_dags/example_sensor_decorator.py for tasks to queue
[2026-07-18T21:47:38.793+0000] {logging_mixin.py:190} INFO - [2026-07-18T21:47:38.792+0000] {dagbag.py:588} INFO - Filling up the DagBag from /home/airflow/.local/lib/python3.12/site-packages/airflow/example_dags/example_sensor_decorator.py
[2026-07-18T21:47:38.811+0000] {processor.py:925} INFO - DAG(s) 'example_sensor_decorator' retrieved from /home/airflow/.local/lib/python3.12/site-packages/airflow/example_dags/example_sensor_decorator.py
[2026-07-18T21:47:38.846+0000] {logging_mixin.py:190} INFO - [2026-07-18T21:47:38.846+0000] {dag.py:3239} INFO - Sync 1 DAGs
[2026-07-18T21:47:38.876+0000] {logging_mixin.py:190} INFO - [2026-07-18T21:47:38.875+0000] {dag.py:4180} INFO - Setting next_dagrun for example_sensor_decorator to None, run_after=None
[2026-07-18T21:47:38.958+0000] {processor.py:208} INFO - Processing /home/airflow/.local/lib/python3.12/site-packages/airflow/example_dags/example_sensor_decorator.py took 0.195 seconds
[2026-07-18T21:48:09.784+0000] {processor.py:186} INFO - Started process (PID=2854) to work on /home/airflow/.local/lib/python3.12/site-packages/airflow/example_dags/example_sensor_decorator.py
[2026-07-18T21:48:09.786+0000] {processor.py:914} INFO - Processing file /home/airflow/.local/lib/python3.12/site-packages/airflow/example_dags/example_sensor_decorator.py for tasks to queue
[2026-07-18T21:48:09.791+0000] {logging_mixin.py:190} INFO - [2026-07-18T21:48:09.790+0000] {dagbag.py:588} INFO - Filling up the DagBag from /home/airflow/.local/lib/python3.12/site-packages/airflow/example_dags/example_sensor_decorator.py
[2026-07-18T21:48:09.804+0000] {processor.py:925} INFO - DAG(s) 'example_sensor_decorator' retrieved from /home/airflow/.local/lib/python3.12/site-packages/airflow/example_dags/example_sensor_decorator.py
[2026-07-18T21:48:09.840+0000] {logging_mixin.py:190} INFO - [2026-07-18T21:48:09.840+0000] {dag.py:3239} INFO - Sync 1 DAGs
[2026-07-18T21:48:09.868+0000] {logging_mixin.py:190} INFO - [2026-07-18T21:48:09.868+0000] {dag.py:4180} INFO - Setting next_dagrun for example_sensor_decorator to None, run_after=None
[2026-07-18T21:48:09.955+0000] {processor.py:208} INFO - Processing /home/airflow/.local/lib/python3.12/site-packages/airflow/example_dags/example_sensor_decorator.py took 0.179 seconds
[2026-07-18T21:48:41.467+0000] {processor.py:186} INFO - Started process (PID=2918) to work on /home/airflow/.local/lib/python3.12/site-packages/airflow/example_dags/example_sensor_decorator.py
[2026-07-18T21:48:41.470+0000] {processor.py:914} INFO - Processing file /home/airflow/.local/lib/python3.12/site-packages/airflow/example_dags/example_sensor_decorator.py for tasks to queue
[2026-07-18T21:48:41.475+0000] {logging_mixin.py:190} INFO - [2026-07-18T21:48:41.474+0000] {dagbag.py:588} INFO - Filling up the DagBag from /home/airflow/.local/lib/python3.12/site-packages/airflow/example_dags/example_sensor_decorator.py
[2026-07-18T21:48:41.488+0000] {processor.py:925} INFO - DAG(s) 'example_sensor_decorator' retrieved from /home/airflow/.local/lib/python3.12/site-packages/airflow/example_dags/example_sensor_decorator.py
[2026-07-18T21:48:41.519+0000] {logging_mixin.py:190} INFO - [2026-07-18T21:48:41.519+0000] {dag.py:3239} INFO - Sync 1 DAGs
[2026-07-18T21:48:41.545+0000] {logging_mixin.py:190} INFO - [2026-07-18T21:48:41.545+0000] {dag.py:4180} INFO - Setting next_dagrun for example_sensor_decorator to None, run_after=None
[2026-07-18T21:48:41.629+0000] {processor.py:208} INFO - Processing /home/airflow/.local/lib/python3.12/site-packages/airflow/example_dags/example_sensor_decorator.py took 0.171 seconds
[2026-07-18T21:49:13.008+0000] {processor.py:186} INFO - Started process (PID=2982) to work on /home/airflow/.local/lib/python3.12/site-packages/airflow/example_dags/example_sensor_decorator.py
[2026-07-18T21:49:13.011+0000] {processor.py:914} INFO - Processing file /home/airflow/.local/lib/python3.12/site-packages/airflow/example_dags/example_sensor_decorator.py for tasks to queue
[2026-07-18T21:49:13.016+0000] {logging_mixin.py:190} INFO - [2026-07-18T21:49:13.015+0000] {dagbag.py:588} INFO - Filling up the DagBag from /home/airflow/.local/lib/python3.12/site-packages/airflow/example_dags/example_sensor_decorator.py
[2026-07-18T21:49:13.033+0000] {processor.py:925} INFO - DAG(s) 'example_sensor_decorator' retrieved from /home/airflow/.local/lib/python3.12/site-packages/airflow/example_dags/example_sensor_decorator.py
[2026-07-18T21:49:13.066+0000] {logging_mixin.py:190} INFO - [2026-07-18T21:49:13.065+0000] {dag.py:3239} INFO - Sync 1 DAGs
[2026-07-18T21:49:13.087+0000] {logging_mixin.py:190} INFO - [2026-07-18T21:49:13.086+0000] {dag.py:4180} INFO - Setting next_dagrun for example_sensor_decorator to None, run_after=None
[2026-07-18T21:49:13.115+0000] {processor.py:208} INFO - Processing /home/airflow/.local/lib/python3.12/site-packages/airflow/example_dags/example_sensor_decorator.py took 0.119 seconds
[2026-07-18T22:00:45.802+0000] {processor.py:186} INFO - Started process (PID=3053) to work on /home/airflow/.local/lib/python3.12/site-packages/airflow/example_dags/example_sensor_decorator.py
[2026-07-18T22:00:45.805+0000] {processor.py:914} INFO - Processing file /home/airflow/.local/lib/python3.12/site-packages/airflow/example_dags/example_sensor_decorator.py for tasks to queue
[2026-07-18T22:00:45.809+0000] {logging_mixin.py:190} INFO - [2026-07-18T22:00:45.808+0000] {dagbag.py:588} INFO - Filling up the DagBag from /home/airflow/.local/lib/python3.12/site-packages/airflow/example_dags/example_sensor_decorator.py
[2026-07-18T22:00:45.829+0000] {processor.py:925} INFO - DAG(s) 'example_sensor_decorator' retrieved from /home/airflow/.local/lib/python3.12/site-packages/airflow/example_dags/example_sensor_decorator.py
[2026-07-18T22:00:45.876+0000] {logging_mixin.py:190} INFO - [2026-07-18T22:00:45.876+0000] {dag.py:3239} INFO - Sync 1 DAGs
[2026-07-18T22:00:45.918+0000] {logging_mixin.py:190} INFO - [2026-07-18T22:00:45.917+0000] {dag.py:4180} INFO - Setting next_dagrun for example_sensor_decorator to None, run_after=None
[2026-07-18T22:00:45.969+0000] {processor.py:208} INFO - Processing /home/airflow/.local/lib/python3.12/site-packages/airflow/example_dags/example_sensor_decorator.py took 0.185 seconds
[2026-07-18T22:01:16.803+0000] {processor.py:186} INFO - Started process (PID=3117) to work on /home/airflow/.local/lib/python3.12/site-packages/airflow/example_dags/example_sensor_decorator.py
[2026-07-18T22:01:16.808+0000] {processor.py:914} INFO - Processing file /home/airflow/.local/lib/python3.12/site-packages/airflow/example_dags/example_sensor_decorator.py for tasks to queue
[2026-07-18T22:01:16.812+0000] {logging_mixin.py:190} INFO - [2026-07-18T22:01:16.811+0000] {dagbag.py:588} INFO - Filling up the DagBag from /home/airflow/.local/lib/python3.12/site-packages/airflow/example_dags/example_sensor_decorator.py
[2026-07-18T22:01:16.833+0000] {processor.py:925} INFO - DAG(s) 'example_sensor_decorator' retrieved from /home/airflow/.local/lib/python3.12/site-packages/airflow/example_dags/example_sensor_decorator.py
[2026-07-18T22:01:16.886+0000] {logging_mixin.py:190} INFO - [2026-07-18T22:01:16.885+0000] {dag.py:3239} INFO - Sync 1 DAGs
[2026-07-18T22:01:16.909+0000] {logging_mixin.py:190} INFO - [2026-07-18T22:01:16.909+0000] {dag.py:4180} INFO - Setting next_dagrun for example_sensor_decorator to None, run_after=None
[2026-07-18T22:01:16.937+0000] {processor.py:208} INFO - Processing /home/airflow/.local/lib/python3.12/site-packages/airflow/example_dags/example_sensor_decorator.py took 0.148 seconds
[2026-07-18T22:01:47.907+0000] {processor.py:186} INFO - Started process (PID=3181) to work on /home/airflow/.local/lib/python3.12/site-packages/airflow/example_dags/example_sensor_decorator.py
[2026-07-18T22:01:47.910+0000] {processor.py:914} INFO - Processing file /home/airflow/.local/lib/python3.12/site-packages/airflow/example_dags/example_sensor_decorator.py for tasks to queue
[2026-07-18T22:01:47.963+0000] {logging_mixin.py:190} INFO - [2026-07-18T22:01:47.963+0000] {dagbag.py:588} INFO - Filling up the DagBag from /home/airflow/.local/lib/python3.12/site-packages/airflow/example_dags/example_sensor_decorator.py
[2026-07-18T22:01:48.023+0000] {processor.py:925} INFO - DAG(s) 'example_sensor_decorator' retrieved from /home/airflow/.local/lib/python3.12/site-packages/airflow/example_dags/example_sensor_decorator.py
[2026-07-18T22:01:48.064+0000] {logging_mixin.py:190} INFO - [2026-07-18T22:01:48.063+0000] {dag.py:3239} INFO - Sync 1 DAGs
[2026-07-18T22:01:48.087+0000] {logging_mixin.py:190} INFO - [2026-07-18T22:01:48.087+0000] {dag.py:4180} INFO - Setting next_dagrun for example_sensor_decorator to None, run_after=None
[2026-07-18T22:01:48.118+0000] {processor.py:208} INFO - Processing /home/airflow/.local/lib/python3.12/site-packages/airflow/example_dags/example_sensor_decorator.py took 0.227 seconds
[2026-07-18T22:02:20.012+0000] {processor.py:186} INFO - Started process (PID=3245) to work on /home/airflow/.local/lib/python3.12/site-packages/airflow/example_dags/example_sensor_decorator.py
[2026-07-18T22:02:20.016+0000] {processor.py:914} INFO - Processing file /home/airflow/.local/lib/python3.12/site-packages/airflow/example_dags/example_sensor_decorator.py for tasks to queue
[2026-07-18T22:02:20.020+0000] {logging_mixin.py:190} INFO - [2026-07-18T22:02:20.020+0000] {dagbag.py:588} INFO - Filling up the DagBag from /home/airflow/.local/lib/python3.12/site-packages/airflow/example_dags/example_sensor_decorator.py
[2026-07-18T22:02:20.043+0000] {processor.py:925} INFO - DAG(s) 'example_sensor_decorator' retrieved from /home/airflow/.local/lib/python3.12/site-packages/airflow/example_dags/example_sensor_decorator.py
[2026-07-18T22:02:20.093+0000] {logging_mixin.py:190} INFO - [2026-07-18T22:02:20.092+0000] {dag.py:3239} INFO - Sync 1 DAGs
[2026-07-18T22:02:20.144+0000] {logging_mixin.py:190} INFO - [2026-07-18T22:02:20.143+0000] {dag.py:4180} INFO - Setting next_dagrun for example_sensor_decorator to None, run_after=None
[2026-07-18T22:02:20.236+0000] {processor.py:208} INFO - Processing /home/airflow/.local/lib/python3.12/site-packages/airflow/example_dags/example_sensor_decorator.py took 0.240 seconds
[2026-07-18T22:02:51.411+0000] {processor.py:186} INFO - Started process (PID=3309) to work on /home/airflow/.local/lib/python3.12/site-packages/airflow/example_dags/example_sensor_decorator.py
[2026-07-18T22:02:51.413+0000] {processor.py:914} INFO - Processing file /home/airflow/.local/lib/python3.12/site-packages/airflow/example_dags/example_sensor_decorator.py for tasks to queue
[2026-07-18T22:02:51.418+0000] {logging_mixin.py:190} INFO - [2026-07-18T22:02:51.417+0000] {dagbag.py:588} INFO - Filling up the DagBag from /home/airflow/.local/lib/python3.12/site-packages/airflow/example_dags/example_sensor_decorator.py
[2026-07-18T22:02:51.433+0000] {processor.py:925} INFO - DAG(s) 'example_sensor_decorator' retrieved from /home/airflow/.local/lib/python3.12/site-packages/airflow/example_dags/example_sensor_decorator.py
[2026-07-18T22:02:51.464+0000] {logging_mixin.py:190} INFO - [2026-07-18T22:02:51.463+0000] {dag.py:3239} INFO - Sync 1 DAGs
[2026-07-18T22:02:51.488+0000] {logging_mixin.py:190} INFO - [2026-07-18T22:02:51.488+0000] {dag.py:4180} INFO - Setting next_dagrun for example_sensor_decorator to None, run_after=None
[2026-07-18T22:02:51.515+0000] {processor.py:208} INFO - Processing /home/airflow/.local/lib/python3.12/site-packages/airflow/example_dags/example_sensor_decorator.py took 0.117 seconds
[2026-07-18T22:03:22.507+0000] {processor.py:186} INFO - Started process (PID=3373) to work on /home/airflow/.local/lib/python3.12/site-packages/airflow/example_dags/example_sensor_decorator.py
[2026-07-18T22:03:22.510+0000] {processor.py:914} INFO - Processing file /home/airflow/.local/lib/python3.12/site-packages/airflow/example_dags/example_sensor_decorator.py for tasks to queue
[2026-07-18T22:03:22.513+0000] {logging_mixin.py:190} INFO - [2026-07-18T22:03:22.512+0000] {dagbag.py:588} INFO - Filling up the DagBag from /home/airflow/.local/lib/python3.12/site-packages/airflow/example_dags/example_sensor_decorator.py
[2026-07-18T22:03:22.527+0000] {processor.py:925} INFO - DAG(s) 'example_sensor_decorator' retrieved from /home/airflow/.local/lib/python3.12/site-packages/airflow/example_dags/example_sensor_decorator.py
[2026-07-18T22:03:22.558+0000] {logging_mixin.py:190} INFO - [2026-07-18T22:03:22.558+0000] {dag.py:3239} INFO - Sync 1 DAGs
[2026-07-18T22:03:22.590+0000] {logging_mixin.py:190} INFO - [2026-07-18T22:03:22.590+0000] {dag.py:4180} INFO - Setting next_dagrun for example_sensor_decorator to None, run_after=None
[2026-07-18T22:03:22.621+0000] {processor.py:208} INFO - Processing /home/airflow/.local/lib/python3.12/site-packages/airflow/example_dags/example_sensor_decorator.py took 0.122 seconds
[2026-07-18T22:03:55.369+0000] {processor.py:186} INFO - Started process (PID=3437) to work on /home/airflow/.local/lib/python3.12/site-packages/airflow/example_dags/example_sensor_decorator.py
[2026-07-18T22:03:55.372+0000] {processor.py:914} INFO - Processing file /home/airflow/.local/lib/python3.12/site-packages/airflow/example_dags/example_sensor_decorator.py for tasks to queue
[2026-07-18T22:03:55.374+0000] {logging_mixin.py:190} INFO - [2026-07-18T22:03:55.373+0000] {dagbag.py:588} INFO - Filling up the DagBag from /home/airflow/.local/lib/python3.12/site-packages/airflow/example_dags/example_sensor_decorator.py
[2026-07-18T22:03:55.386+0000] {processor.py:925} INFO - DAG(s) 'example_sensor_decorator' retrieved from /home/airflow/.local/lib/python3.12/site-packages/airflow/example_dags/example_sensor_decorator.py
[2026-07-18T22:03:55.420+0000] {logging_mixin.py:190} INFO - [2026-07-18T22:03:55.419+0000] {dag.py:3239} INFO - Sync 1 DAGs
[2026-07-18T22:03:55.442+0000] {logging_mixin.py:190} INFO - [2026-07-18T22:03:55.441+0000] {dag.py:4180} INFO - Setting next_dagrun for example_sensor_decorator to None, run_after=None
[2026-07-18T22:03:55.470+0000] {processor.py:208} INFO - Processing /home/airflow/.local/lib/python3.12/site-packages/airflow/example_dags/example_sensor_decorator.py took 0.108 seconds
[2026-07-18T22:04:26.367+0000] {processor.py:186} INFO - Started process (PID=3507) to work on /home/airflow/.local/lib/python3.12/site-packages/airflow/example_dags/example_sensor_decorator.py
[2026-07-18T22:04:26.369+0000] {processor.py:914} INFO - Processing file /home/airflow/.local/lib/python3.12/site-packages/airflow/example_dags/example_sensor_decorator.py for tasks to queue
[2026-07-18T22:04:26.374+0000] {logging_mixin.py:190} INFO - [2026-07-18T22:04:26.373+0000] {dagbag.py:588} INFO - Filling up the DagBag from /home/airflow/.local/lib/python3.12/site-packages/airflow/example_dags/example_sensor_decorator.py
[2026-07-18T22:04:26.396+0000] {processor.py:925} INFO - DAG(s) 'example_sensor_decorator' retrieved from /home/airflow/.local/lib/python3.12/site-packages/airflow/example_dags/example_sensor_decorator.py
[2026-07-18T22:04:26.454+0000] {logging_mixin.py:190} INFO - [2026-07-18T22:04:26.453+0000] {dag.py:3239} INFO - Sync 1 DAGs
[2026-07-18T22:04:26.496+0000] {logging_mixin.py:190} INFO - [2026-07-18T22:04:26.496+0000] {dag.py:4180} INFO - Setting next_dagrun for example_sensor_decorator to None, run_after=None
[2026-07-18T22:04:26.531+0000] {processor.py:208} INFO - Processing /home/airflow/.local/lib/python3.12/site-packages/airflow/example_dags/example_sensor_decorator.py took 0.173 seconds
[2026-07-18T22:04:56.715+0000] {processor.py:186} INFO - Started process (PID=3570) to work on /home/airflow/.local/lib/python3.12/site-packages/airflow/example_dags/example_sensor_decorator.py
[2026-07-18T22:04:56.719+0000] {processor.py:914} INFO - Processing file /home/airflow/.local/lib/python3.12/site-packages/airflow/example_dags/example_sensor_decorator.py for tasks to queue
[2026-07-18T22:04:56.724+0000] {logging_mixin.py:190} INFO - [2026-07-18T22:04:56.723+0000] {dagbag.py:588} INFO - Filling up the DagBag from /home/airflow/.local/lib/python3.12/site-packages/airflow/example_dags/example_sensor_decorator.py
[2026-07-18T22:04:56.744+0000] {processor.py:925} INFO - DAG(s) 'example_sensor_decorator' retrieved from /home/airflow/.local/lib/python3.12/site-packages/airflow/example_dags/example_sensor_decorator.py
[2026-07-18T22:04:56.781+0000] {logging_mixin.py:190} INFO - [2026-07-18T22:04:56.781+0000] {dag.py:3239} INFO - Sync 1 DAGs
[2026-07-18T22:04:56.801+0000] {logging_mixin.py:190} INFO - [2026-07-18T22:04:56.801+0000] {dag.py:4180} INFO - Setting next_dagrun for example_sensor_decorator to None, run_after=None
[2026-07-18T22:04:56.829+0000] {processor.py:208} INFO - Processing /home/airflow/.local/lib/python3.12/site-packages/airflow/example_dags/example_sensor_decorator.py took 0.128 seconds
[2026-07-18T22:05:27.811+0000] {processor.py:186} INFO - Started process (PID=3633) to work on /home/airflow/.local/lib/python3.12/site-packages/airflow/example_dags/example_sensor_decorator.py
[2026-07-18T22:05:27.813+0000] {processor.py:914} INFO - Processing file /home/airflow/.local/lib/python3.12/site-packages/airflow/example_dags/example_sensor_decorator.py for tasks to queue
[2026-07-18T22:05:27.815+0000] {logging_mixin.py:190} INFO - [2026-07-18T22:05:27.815+0000] {dagbag.py:588} INFO - Filling up the DagBag from /home/airflow/.local/lib/python3.12/site-packages/airflow/example_dags/example_sensor_decorator.py
[2026-07-18T22:05:27.828+0000] {processor.py:925} INFO - DAG(s) 'example_sensor_decorator' retrieved from /home/airflow/.local/lib/python3.12/site-packages/airflow/example_dags/example_sensor_decorator.py
[2026-07-18T22:05:27.858+0000] {logging_mixin.py:190} INFO - [2026-07-18T22:05:27.858+0000] {dag.py:3239} INFO - Sync 1 DAGs
[2026-07-18T22:05:27.881+0000] {logging_mixin.py:190} INFO - [2026-07-18T22:05:27.880+0000] {dag.py:4180} INFO - Setting next_dagrun for example_sensor_decorator to None, run_after=None
[2026-07-18T22:05:28.145+0000] {processor.py:208} INFO - Processing /home/airflow/.local/lib/python3.12/site-packages/airflow/example_dags/example_sensor_decorator.py took 0.341 seconds
