[2026-07-18T20:50:06.067+0000] {processor.py:186} INFO - Started process (PID=99) to work on /home/airflow/.local/lib/python3.12/site-packages/airflow/example_dags/example_branch_operator_decorator.py
[2026-07-18T20:50:06.071+0000] {processor.py:914} INFO - Processing file /home/airflow/.local/lib/python3.12/site-packages/airflow/example_dags/example_branch_operator_decorator.py for tasks to queue
[2026-07-18T20:50:06.078+0000] {logging_mixin.py:190} INFO - [2026-07-18T20:50:06.078+0000] {dagbag.py:588} INFO - Filling up the DagBag from /home/airflow/.local/lib/python3.12/site-packages/airflow/example_dags/example_branch_operator_decorator.py
[2026-07-18T20:50:06.121+0000] {processor.py:925} INFO - DAG(s) 'example_branch_python_operator_decorator' retrieved from /home/airflow/.local/lib/python3.12/site-packages/airflow/example_dags/example_branch_operator_decorator.py
[2026-07-18T20:50:06.355+0000] {logging_mixin.py:190} INFO - [2026-07-18T20:50:06.354+0000] {override.py:1911} INFO - Created Permission View: can edit on DAG:example_branch_python_operator_decorator
[2026-07-18T20:50:06.371+0000] {logging_mixin.py:190} INFO - [2026-07-18T20:50:06.370+0000] {override.py:1911} INFO - Created Permission View: can read on DAG:example_branch_python_operator_decorator
[2026-07-18T20:50:06.385+0000] {logging_mixin.py:190} INFO - [2026-07-18T20:50:06.384+0000] {override.py:1911} INFO - Created Permission View: can delete on DAG:example_branch_python_operator_decorator
[2026-07-18T20:50:06.399+0000] {logging_mixin.py:190} INFO - [2026-07-18T20:50:06.398+0000] {override.py:1911} INFO - Created Permission View: can create on DAG Run:example_branch_python_operator_decorator
[2026-07-18T20:50:06.410+0000] {logging_mixin.py:190} INFO - [2026-07-18T20:50:06.410+0000] {override.py:1911} INFO - Created Permission View: can read on DAG Run:example_branch_python_operator_decorator
[2026-07-18T20:50:06.421+0000] {logging_mixin.py:190} INFO - [2026-07-18T20:50:06.421+0000] {override.py:1911} INFO - Created Permission View: menu access on DAG Run:example_branch_python_operator_decorator
[2026-07-18T20:50:06.432+0000] {logging_mixin.py:190} INFO - [2026-07-18T20:50:06.431+0000] {override.py:1911} INFO - Created Permission View: can delete on DAG Run:example_branch_python_operator_decorator
[2026-07-18T20:50:06.433+0000] {logging_mixin.py:190} INFO - [2026-07-18T20:50:06.433+0000] {dag.py:3239} INFO - Sync 1 DAGs
[2026-07-18T20:50:06.461+0000] {logging_mixin.py:190} INFO - [2026-07-18T20:50:06.461+0000] {dag.py:3262} INFO - Creating ORM DAG for example_branch_python_operator_decorator
[2026-07-18T20:50:06.488+0000] {logging_mixin.py:190} INFO - [2026-07-18T20:50:06.487+0000] {dag.py:4180} INFO - Setting next_dagrun for example_branch_python_operator_decorator to 2026-07-17 00:00:00+00:00, run_after=2026-07-18 00:00:00+00:00
[2026-07-18T20:50:06.518+0000] {processor.py:208} INFO - Processing /home/airflow/.local/lib/python3.12/site-packages/airflow/example_dags/example_branch_operator_decorator.py took 0.462 seconds
[2026-07-18T20:50:37.237+0000] {processor.py:186} INFO - Started process (PID=162) to work on /home/airflow/.local/lib/python3.12/site-packages/airflow/example_dags/example_branch_operator_decorator.py
[2026-07-18T20:50:37.244+0000] {processor.py:914} INFO - Processing file /home/airflow/.local/lib/python3.12/site-packages/airflow/example_dags/example_branch_operator_decorator.py for tasks to queue
[2026-07-18T20:50:37.258+0000] {logging_mixin.py:190} INFO - [2026-07-18T20:50:37.257+0000] {dagbag.py:588} INFO - Filling up the DagBag from /home/airflow/.local/lib/python3.12/site-packages/airflow/example_dags/example_branch_operator_decorator.py
[2026-07-18T20:50:37.283+0000] {processor.py:925} INFO - DAG(s) 'example_branch_python_operator_decorator' retrieved from /home/airflow/.local/lib/python3.12/site-packages/airflow/example_dags/example_branch_operator_decorator.py
[2026-07-18T20:50:37.316+0000] {logging_mixin.py:190} INFO - [2026-07-18T20:50:37.315+0000] {dag.py:3239} INFO - Sync 1 DAGs
[2026-07-18T20:50:37.337+0000] {logging_mixin.py:190} INFO - [2026-07-18T20:50:37.337+0000] {dag.py:4180} INFO - Setting next_dagrun for example_branch_python_operator_decorator to 2026-07-17 00:00:00+00:00, run_after=2026-07-18 00:00:00+00:00
[2026-07-18T20:50:37.356+0000] {processor.py:208} INFO - Processing /home/airflow/.local/lib/python3.12/site-packages/airflow/example_dags/example_branch_operator_decorator.py took 0.152 seconds
[2026-07-18T20:51:08.749+0000] {processor.py:186} INFO - Started process (PID=225) to work on /home/airflow/.local/lib/python3.12/site-packages/airflow/example_dags/example_branch_operator_decorator.py
[2026-07-18T20:51:08.752+0000] {processor.py:914} INFO - Processing file /home/airflow/.local/lib/python3.12/site-packages/airflow/example_dags/example_branch_operator_decorator.py for tasks to queue
[2026-07-18T20:51:08.758+0000] {logging_mixin.py:190} INFO - [2026-07-18T20:51:08.757+0000] {dagbag.py:588} INFO - Filling up the DagBag from /home/airflow/.local/lib/python3.12/site-packages/airflow/example_dags/example_branch_operator_decorator.py
[2026-07-18T20:51:08.797+0000] {processor.py:925} INFO - DAG(s) 'example_branch_python_operator_decorator' retrieved from /home/airflow/.local/lib/python3.12/site-packages/airflow/example_dags/example_branch_operator_decorator.py
[2026-07-18T20:51:08.843+0000] {logging_mixin.py:190} INFO - [2026-07-18T20:51:08.843+0000] {dag.py:3239} INFO - Sync 1 DAGs
[2026-07-18T20:51:08.886+0000] {logging_mixin.py:190} INFO - [2026-07-18T20:51:08.886+0000] {dag.py:4180} INFO - Setting next_dagrun for example_branch_python_operator_decorator to 2026-07-17 00:00:00+00:00, run_after=2026-07-18 00:00:00+00:00
[2026-07-18T20:51:08.917+0000] {processor.py:208} INFO - Processing /home/airflow/.local/lib/python3.12/site-packages/airflow/example_dags/example_branch_operator_decorator.py took 0.180 seconds
[2026-07-18T20:51:39.838+0000] {processor.py:186} INFO - Started process (PID=289) to work on /home/airflow/.local/lib/python3.12/site-packages/airflow/example_dags/example_branch_operator_decorator.py
[2026-07-18T20:51:39.840+0000] {processor.py:914} INFO - Processing file /home/airflow/.local/lib/python3.12/site-packages/airflow/example_dags/example_branch_operator_decorator.py for tasks to queue
[2026-07-18T20:51:39.842+0000] {logging_mixin.py:190} INFO - [2026-07-18T20:51:39.842+0000] {dagbag.py:588} INFO - Filling up the DagBag from /home/airflow/.local/lib/python3.12/site-packages/airflow/example_dags/example_branch_operator_decorator.py
[2026-07-18T20:51:39.865+0000] {processor.py:925} INFO - DAG(s) 'example_branch_python_operator_decorator' retrieved from /home/airflow/.local/lib/python3.12/site-packages/airflow/example_dags/example_branch_operator_decorator.py
[2026-07-18T20:51:39.894+0000] {logging_mixin.py:190} INFO - [2026-07-18T20:51:39.894+0000] {dag.py:3239} INFO - Sync 1 DAGs
[2026-07-18T20:51:39.916+0000] {logging_mixin.py:190} INFO - [2026-07-18T20:51:39.916+0000] {dag.py:4180} INFO - Setting next_dagrun for example_branch_python_operator_decorator to 2026-07-17 00:00:00+00:00, run_after=2026-07-18 00:00:00+00:00
[2026-07-18T20:51:39.933+0000] {processor.py:208} INFO - Processing /home/airflow/.local/lib/python3.12/site-packages/airflow/example_dags/example_branch_operator_decorator.py took 0.101 seconds
[2026-07-18T20:52:11.827+0000] {processor.py:186} INFO - Started process (PID=352) to work on /home/airflow/.local/lib/python3.12/site-packages/airflow/example_dags/example_branch_operator_decorator.py
[2026-07-18T20:52:11.829+0000] {processor.py:914} INFO - Processing file /home/airflow/.local/lib/python3.12/site-packages/airflow/example_dags/example_branch_operator_decorator.py for tasks to queue
[2026-07-18T20:52:11.834+0000] {logging_mixin.py:190} INFO - [2026-07-18T20:52:11.833+0000] {dagbag.py:588} INFO - Filling up the DagBag from /home/airflow/.local/lib/python3.12/site-packages/airflow/example_dags/example_branch_operator_decorator.py
[2026-07-18T20:52:11.877+0000] {processor.py:925} INFO - DAG(s) 'example_branch_python_operator_decorator' retrieved from /home/airflow/.local/lib/python3.12/site-packages/airflow/example_dags/example_branch_operator_decorator.py
[2026-07-18T20:52:11.919+0000] {logging_mixin.py:190} INFO - [2026-07-18T20:52:11.919+0000] {dag.py:3239} INFO - Sync 1 DAGs
[2026-07-18T20:52:11.955+0000] {logging_mixin.py:190} INFO - [2026-07-18T20:52:11.954+0000] {dag.py:4180} INFO - Setting next_dagrun for example_branch_python_operator_decorator to 2026-07-17 00:00:00+00:00, run_after=2026-07-18 00:00:00+00:00
[2026-07-18T20:52:11.982+0000] {processor.py:208} INFO - Processing /home/airflow/.local/lib/python3.12/site-packages/airflow/example_dags/example_branch_operator_decorator.py took 0.166 seconds
[2026-07-18T20:52:43.033+0000] {processor.py:186} INFO - Started process (PID=415) to work on /home/airflow/.local/lib/python3.12/site-packages/airflow/example_dags/example_branch_operator_decorator.py
[2026-07-18T20:52:43.036+0000] {processor.py:914} INFO - Processing file /home/airflow/.local/lib/python3.12/site-packages/airflow/example_dags/example_branch_operator_decorator.py for tasks to queue
[2026-07-18T20:52:43.040+0000] {logging_mixin.py:190} INFO - [2026-07-18T20:52:43.040+0000] {dagbag.py:588} INFO - Filling up the DagBag from /home/airflow/.local/lib/python3.12/site-packages/airflow/example_dags/example_branch_operator_decorator.py
[2026-07-18T20:52:43.080+0000] {processor.py:925} INFO - DAG(s) 'example_branch_python_operator_decorator' retrieved from /home/airflow/.local/lib/python3.12/site-packages/airflow/example_dags/example_branch_operator_decorator.py
[2026-07-18T20:52:43.136+0000] {logging_mixin.py:190} INFO - [2026-07-18T20:52:43.136+0000] {dag.py:3239} INFO - Sync 1 DAGs
[2026-07-18T20:52:43.180+0000] {logging_mixin.py:190} INFO - [2026-07-18T20:52:43.180+0000] {dag.py:4180} INFO - Setting next_dagrun for example_branch_python_operator_decorator to 2026-07-17 00:00:00+00:00, run_after=2026-07-18 00:00:00+00:00
[2026-07-18T20:52:43.211+0000] {processor.py:208} INFO - Processing /home/airflow/.local/lib/python3.12/site-packages/airflow/example_dags/example_branch_operator_decorator.py took 0.189 seconds
[2026-07-18T20:53:14.520+0000] {processor.py:186} INFO - Started process (PID=478) to work on /home/airflow/.local/lib/python3.12/site-packages/airflow/example_dags/example_branch_operator_decorator.py
[2026-07-18T20:53:14.521+0000] {processor.py:914} INFO - Processing file /home/airflow/.local/lib/python3.12/site-packages/airflow/example_dags/example_branch_operator_decorator.py for tasks to queue
[2026-07-18T20:53:14.523+0000] {logging_mixin.py:190} INFO - [2026-07-18T20:53:14.523+0000] {dagbag.py:588} INFO - Filling up the DagBag from /home/airflow/.local/lib/python3.12/site-packages/airflow/example_dags/example_branch_operator_decorator.py
[2026-07-18T20:53:14.541+0000] {processor.py:925} INFO - DAG(s) 'example_branch_python_operator_decorator' retrieved from /home/airflow/.local/lib/python3.12/site-packages/airflow/example_dags/example_branch_operator_decorator.py
[2026-07-18T20:53:14.566+0000] {logging_mixin.py:190} INFO - [2026-07-18T20:53:14.565+0000] {dag.py:3239} INFO - Sync 1 DAGs
[2026-07-18T20:53:14.589+0000] {logging_mixin.py:190} INFO - [2026-07-18T20:53:14.589+0000] {dag.py:4180} INFO - Setting next_dagrun for example_branch_python_operator_decorator to 2026-07-17 00:00:00+00:00, run_after=2026-07-18 00:00:00+00:00
[2026-07-18T20:53:14.611+0000] {processor.py:208} INFO - Processing /home/airflow/.local/lib/python3.12/site-packages/airflow/example_dags/example_branch_operator_decorator.py took 0.096 seconds
[2026-07-18T20:53:45.248+0000] {processor.py:186} INFO - Started process (PID=541) to work on /home/airflow/.local/lib/python3.12/site-packages/airflow/example_dags/example_branch_operator_decorator.py
[2026-07-18T20:53:45.250+0000] {processor.py:914} INFO - Processing file /home/airflow/.local/lib/python3.12/site-packages/airflow/example_dags/example_branch_operator_decorator.py for tasks to queue
[2026-07-18T20:53:45.255+0000] {logging_mixin.py:190} INFO - [2026-07-18T20:53:45.254+0000] {dagbag.py:588} INFO - Filling up the DagBag from /home/airflow/.local/lib/python3.12/site-packages/airflow/example_dags/example_branch_operator_decorator.py
[2026-07-18T20:53:45.273+0000] {processor.py:925} INFO - DAG(s) 'example_branch_python_operator_decorator' retrieved from /home/airflow/.local/lib/python3.12/site-packages/airflow/example_dags/example_branch_operator_decorator.py
[2026-07-18T20:53:45.296+0000] {logging_mixin.py:190} INFO - [2026-07-18T20:53:45.296+0000] {dag.py:3239} INFO - Sync 1 DAGs
[2026-07-18T20:53:45.316+0000] {logging_mixin.py:190} INFO - [2026-07-18T20:53:45.316+0000] {dag.py:4180} INFO - Setting next_dagrun for example_branch_python_operator_decorator to 2026-07-17 00:00:00+00:00, run_after=2026-07-18 00:00:00+00:00
[2026-07-18T20:53:45.331+0000] {processor.py:208} INFO - Processing /home/airflow/.local/lib/python3.12/site-packages/airflow/example_dags/example_branch_operator_decorator.py took 0.092 seconds
[2026-07-18T20:54:16.232+0000] {processor.py:186} INFO - Started process (PID=604) to work on /home/airflow/.local/lib/python3.12/site-packages/airflow/example_dags/example_branch_operator_decorator.py
[2026-07-18T20:54:16.233+0000] {processor.py:914} INFO - Processing file /home/airflow/.local/lib/python3.12/site-packages/airflow/example_dags/example_branch_operator_decorator.py for tasks to queue
[2026-07-18T20:54:16.236+0000] {logging_mixin.py:190} INFO - [2026-07-18T20:54:16.236+0000] {dagbag.py:588} INFO - Filling up the DagBag from /home/airflow/.local/lib/python3.12/site-packages/airflow/example_dags/example_branch_operator_decorator.py
[2026-07-18T20:54:16.254+0000] {processor.py:925} INFO - DAG(s) 'example_branch_python_operator_decorator' retrieved from /home/airflow/.local/lib/python3.12/site-packages/airflow/example_dags/example_branch_operator_decorator.py
[2026-07-18T20:54:16.277+0000] {logging_mixin.py:190} INFO - [2026-07-18T20:54:16.277+0000] {dag.py:3239} INFO - Sync 1 DAGs
[2026-07-18T20:54:16.297+0000] {logging_mixin.py:190} INFO - [2026-07-18T20:54:16.296+0000] {dag.py:4180} INFO - Setting next_dagrun for example_branch_python_operator_decorator to 2026-07-17 00:00:00+00:00, run_after=2026-07-18 00:00:00+00:00
[2026-07-18T20:54:16.313+0000] {processor.py:208} INFO - Processing /home/airflow/.local/lib/python3.12/site-packages/airflow/example_dags/example_branch_operator_decorator.py took 0.086 seconds
[2026-07-18T20:54:47.697+0000] {processor.py:186} INFO - Started process (PID=667) to work on /home/airflow/.local/lib/python3.12/site-packages/airflow/example_dags/example_branch_operator_decorator.py
[2026-07-18T20:54:47.698+0000] {processor.py:914} INFO - Processing file /home/airflow/.local/lib/python3.12/site-packages/airflow/example_dags/example_branch_operator_decorator.py for tasks to queue
[2026-07-18T20:54:47.700+0000] {logging_mixin.py:190} INFO - [2026-07-18T20:54:47.700+0000] {dagbag.py:588} INFO - Filling up the DagBag from /home/airflow/.local/lib/python3.12/site-packages/airflow/example_dags/example_branch_operator_decorator.py
[2026-07-18T20:54:47.716+0000] {processor.py:925} INFO - DAG(s) 'example_branch_python_operator_decorator' retrieved from /home/airflow/.local/lib/python3.12/site-packages/airflow/example_dags/example_branch_operator_decorator.py
[2026-07-18T20:54:47.737+0000] {logging_mixin.py:190} INFO - [2026-07-18T20:54:47.737+0000] {dag.py:3239} INFO - Sync 1 DAGs
[2026-07-18T20:54:47.755+0000] {logging_mixin.py:190} INFO - [2026-07-18T20:54:47.755+0000] {dag.py:4180} INFO - Setting next_dagrun for example_branch_python_operator_decorator to 2026-07-17 00:00:00+00:00, run_after=2026-07-18 00:00:00+00:00
[2026-07-18T20:54:47.770+0000] {processor.py:208} INFO - Processing /home/airflow/.local/lib/python3.12/site-packages/airflow/example_dags/example_branch_operator_decorator.py took 0.078 seconds
[2026-07-18T20:55:18.356+0000] {processor.py:186} INFO - Started process (PID=730) to work on /home/airflow/.local/lib/python3.12/site-packages/airflow/example_dags/example_branch_operator_decorator.py
[2026-07-18T20:55:18.357+0000] {processor.py:914} INFO - Processing file /home/airflow/.local/lib/python3.12/site-packages/airflow/example_dags/example_branch_operator_decorator.py for tasks to queue
[2026-07-18T20:55:18.360+0000] {logging_mixin.py:190} INFO - [2026-07-18T20:55:18.360+0000] {dagbag.py:588} INFO - Filling up the DagBag from /home/airflow/.local/lib/python3.12/site-packages/airflow/example_dags/example_branch_operator_decorator.py
[2026-07-18T20:55:18.377+0000] {processor.py:925} INFO - DAG(s) 'example_branch_python_operator_decorator' retrieved from /home/airflow/.local/lib/python3.12/site-packages/airflow/example_dags/example_branch_operator_decorator.py
[2026-07-18T20:55:18.400+0000] {logging_mixin.py:190} INFO - [2026-07-18T20:55:18.400+0000] {dag.py:3239} INFO - Sync 1 DAGs
[2026-07-18T20:55:18.420+0000] {logging_mixin.py:190} INFO - [2026-07-18T20:55:18.420+0000] {dag.py:4180} INFO - Setting next_dagrun for example_branch_python_operator_decorator to 2026-07-17 00:00:00+00:00, run_after=2026-07-18 00:00:00+00:00
[2026-07-18T20:55:18.437+0000] {processor.py:208} INFO - Processing /home/airflow/.local/lib/python3.12/site-packages/airflow/example_dags/example_branch_operator_decorator.py took 0.086 seconds
[2026-07-18T20:55:50.053+0000] {processor.py:186} INFO - Started process (PID=793) to work on /home/airflow/.local/lib/python3.12/site-packages/airflow/example_dags/example_branch_operator_decorator.py
[2026-07-18T20:55:50.054+0000] {processor.py:914} INFO - Processing file /home/airflow/.local/lib/python3.12/site-packages/airflow/example_dags/example_branch_operator_decorator.py for tasks to queue
[2026-07-18T20:55:50.056+0000] {logging_mixin.py:190} INFO - [2026-07-18T20:55:50.056+0000] {dagbag.py:588} INFO - Filling up the DagBag from /home/airflow/.local/lib/python3.12/site-packages/airflow/example_dags/example_branch_operator_decorator.py
[2026-07-18T20:55:50.074+0000] {processor.py:925} INFO - DAG(s) 'example_branch_python_operator_decorator' retrieved from /home/airflow/.local/lib/python3.12/site-packages/airflow/example_dags/example_branch_operator_decorator.py
[2026-07-18T20:55:50.095+0000] {logging_mixin.py:190} INFO - [2026-07-18T20:55:50.095+0000] {dag.py:3239} INFO - Sync 1 DAGs
[2026-07-18T20:55:50.114+0000] {logging_mixin.py:190} INFO - [2026-07-18T20:55:50.114+0000] {dag.py:4180} INFO - Setting next_dagrun for example_branch_python_operator_decorator to 2026-07-17 00:00:00+00:00, run_after=2026-07-18 00:00:00+00:00
[2026-07-18T20:55:50.130+0000] {processor.py:208} INFO - Processing /home/airflow/.local/lib/python3.12/site-packages/airflow/example_dags/example_branch_operator_decorator.py took 0.083 seconds
[2026-07-18T20:56:21.735+0000] {processor.py:186} INFO - Started process (PID=856) to work on /home/airflow/.local/lib/python3.12/site-packages/airflow/example_dags/example_branch_operator_decorator.py
[2026-07-18T20:56:21.737+0000] {processor.py:914} INFO - Processing file /home/airflow/.local/lib/python3.12/site-packages/airflow/example_dags/example_branch_operator_decorator.py for tasks to queue
[2026-07-18T20:56:21.739+0000] {logging_mixin.py:190} INFO - [2026-07-18T20:56:21.739+0000] {dagbag.py:588} INFO - Filling up the DagBag from /home/airflow/.local/lib/python3.12/site-packages/airflow/example_dags/example_branch_operator_decorator.py
[2026-07-18T20:56:21.761+0000] {processor.py:925} INFO - DAG(s) 'example_branch_python_operator_decorator' retrieved from /home/airflow/.local/lib/python3.12/site-packages/airflow/example_dags/example_branch_operator_decorator.py
[2026-07-18T20:56:21.788+0000] {logging_mixin.py:190} INFO - [2026-07-18T20:56:21.787+0000] {dag.py:3239} INFO - Sync 1 DAGs
[2026-07-18T20:56:21.811+0000] {logging_mixin.py:190} INFO - [2026-07-18T20:56:21.810+0000] {dag.py:4180} INFO - Setting next_dagrun for example_branch_python_operator_decorator to 2026-07-17 00:00:00+00:00, run_after=2026-07-18 00:00:00+00:00
[2026-07-18T20:56:21.832+0000] {processor.py:208} INFO - Processing /home/airflow/.local/lib/python3.12/site-packages/airflow/example_dags/example_branch_operator_decorator.py took 0.104 seconds
[2026-07-18T20:56:52.864+0000] {processor.py:186} INFO - Started process (PID=919) to work on /home/airflow/.local/lib/python3.12/site-packages/airflow/example_dags/example_branch_operator_decorator.py
[2026-07-18T20:56:52.865+0000] {processor.py:914} INFO - Processing file /home/airflow/.local/lib/python3.12/site-packages/airflow/example_dags/example_branch_operator_decorator.py for tasks to queue
[2026-07-18T20:56:52.868+0000] {logging_mixin.py:190} INFO - [2026-07-18T20:56:52.868+0000] {dagbag.py:588} INFO - Filling up the DagBag from /home/airflow/.local/lib/python3.12/site-packages/airflow/example_dags/example_branch_operator_decorator.py
[2026-07-18T20:56:52.886+0000] {processor.py:925} INFO - DAG(s) 'example_branch_python_operator_decorator' retrieved from /home/airflow/.local/lib/python3.12/site-packages/airflow/example_dags/example_branch_operator_decorator.py
[2026-07-18T20:56:52.911+0000] {logging_mixin.py:190} INFO - [2026-07-18T20:56:52.911+0000] {dag.py:3239} INFO - Sync 1 DAGs
[2026-07-18T20:56:52.932+0000] {logging_mixin.py:190} INFO - [2026-07-18T20:56:52.932+0000] {dag.py:4180} INFO - Setting next_dagrun for example_branch_python_operator_decorator to 2026-07-17 00:00:00+00:00, run_after=2026-07-18 00:00:00+00:00
[2026-07-18T20:56:52.949+0000] {processor.py:208} INFO - Processing /home/airflow/.local/lib/python3.12/site-packages/airflow/example_dags/example_branch_operator_decorator.py took 0.091 seconds
[2026-07-18T20:57:24.308+0000] {processor.py:186} INFO - Started process (PID=982) to work on /home/airflow/.local/lib/python3.12/site-packages/airflow/example_dags/example_branch_operator_decorator.py
[2026-07-18T20:57:24.309+0000] {processor.py:914} INFO - Processing file /home/airflow/.local/lib/python3.12/site-packages/airflow/example_dags/example_branch_operator_decorator.py for tasks to queue
[2026-07-18T20:57:24.311+0000] {logging_mixin.py:190} INFO - [2026-07-18T20:57:24.311+0000] {dagbag.py:588} INFO - Filling up the DagBag from /home/airflow/.local/lib/python3.12/site-packages/airflow/example_dags/example_branch_operator_decorator.py
[2026-07-18T20:57:24.329+0000] {processor.py:925} INFO - DAG(s) 'example_branch_python_operator_decorator' retrieved from /home/airflow/.local/lib/python3.12/site-packages/airflow/example_dags/example_branch_operator_decorator.py
[2026-07-18T20:57:24.353+0000] {logging_mixin.py:190} INFO - [2026-07-18T20:57:24.352+0000] {dag.py:3239} INFO - Sync 1 DAGs
[2026-07-18T20:57:24.378+0000] {logging_mixin.py:190} INFO - [2026-07-18T20:57:24.378+0000] {dag.py:4180} INFO - Setting next_dagrun for example_branch_python_operator_decorator to 2026-07-17 00:00:00+00:00, run_after=2026-07-18 00:00:00+00:00
[2026-07-18T20:57:24.396+0000] {processor.py:208} INFO - Processing /home/airflow/.local/lib/python3.12/site-packages/airflow/example_dags/example_branch_operator_decorator.py took 0.093 seconds
[2026-07-18T20:57:55.741+0000] {processor.py:186} INFO - Started process (PID=1045) to work on /home/airflow/.local/lib/python3.12/site-packages/airflow/example_dags/example_branch_operator_decorator.py
[2026-07-18T20:57:55.743+0000] {processor.py:914} INFO - Processing file /home/airflow/.local/lib/python3.12/site-packages/airflow/example_dags/example_branch_operator_decorator.py for tasks to queue
[2026-07-18T20:57:55.746+0000] {logging_mixin.py:190} INFO - [2026-07-18T20:57:55.746+0000] {dagbag.py:588} INFO - Filling up the DagBag from /home/airflow/.local/lib/python3.12/site-packages/airflow/example_dags/example_branch_operator_decorator.py
[2026-07-18T20:57:55.763+0000] {processor.py:925} INFO - DAG(s) 'example_branch_python_operator_decorator' retrieved from /home/airflow/.local/lib/python3.12/site-packages/airflow/example_dags/example_branch_operator_decorator.py
[2026-07-18T20:57:55.784+0000] {logging_mixin.py:190} INFO - [2026-07-18T20:57:55.784+0000] {dag.py:3239} INFO - Sync 1 DAGs
[2026-07-18T20:57:55.804+0000] {logging_mixin.py:190} INFO - [2026-07-18T20:57:55.804+0000] {dag.py:4180} INFO - Setting next_dagrun for example_branch_python_operator_decorator to 2026-07-17 00:00:00+00:00, run_after=2026-07-18 00:00:00+00:00
[2026-07-18T20:57:55.820+0000] {processor.py:208} INFO - Processing /home/airflow/.local/lib/python3.12/site-packages/airflow/example_dags/example_branch_operator_decorator.py took 0.087 seconds
[2026-07-18T20:58:27.114+0000] {processor.py:186} INFO - Started process (PID=1108) to work on /home/airflow/.local/lib/python3.12/site-packages/airflow/example_dags/example_branch_operator_decorator.py
[2026-07-18T20:58:27.115+0000] {processor.py:914} INFO - Processing file /home/airflow/.local/lib/python3.12/site-packages/airflow/example_dags/example_branch_operator_decorator.py for tasks to queue
[2026-07-18T20:58:27.118+0000] {logging_mixin.py:190} INFO - [2026-07-18T20:58:27.117+0000] {dagbag.py:588} INFO - Filling up the DagBag from /home/airflow/.local/lib/python3.12/site-packages/airflow/example_dags/example_branch_operator_decorator.py
[2026-07-18T20:58:27.133+0000] {processor.py:925} INFO - DAG(s) 'example_branch_python_operator_decorator' retrieved from /home/airflow/.local/lib/python3.12/site-packages/airflow/example_dags/example_branch_operator_decorator.py
[2026-07-18T20:58:27.155+0000] {logging_mixin.py:190} INFO - [2026-07-18T20:58:27.155+0000] {dag.py:3239} INFO - Sync 1 DAGs
[2026-07-18T20:58:27.174+0000] {logging_mixin.py:190} INFO - [2026-07-18T20:58:27.173+0000] {dag.py:4180} INFO - Setting next_dagrun for example_branch_python_operator_decorator to 2026-07-17 00:00:00+00:00, run_after=2026-07-18 00:00:00+00:00
[2026-07-18T20:58:27.188+0000] {processor.py:208} INFO - Processing /home/airflow/.local/lib/python3.12/site-packages/airflow/example_dags/example_branch_operator_decorator.py took 0.079 seconds
[2026-07-18T20:58:57.695+0000] {processor.py:186} INFO - Started process (PID=1171) to work on /home/airflow/.local/lib/python3.12/site-packages/airflow/example_dags/example_branch_operator_decorator.py
[2026-07-18T20:58:57.697+0000] {processor.py:914} INFO - Processing file /home/airflow/.local/lib/python3.12/site-packages/airflow/example_dags/example_branch_operator_decorator.py for tasks to queue
[2026-07-18T20:58:57.699+0000] {logging_mixin.py:190} INFO - [2026-07-18T20:58:57.699+0000] {dagbag.py:588} INFO - Filling up the DagBag from /home/airflow/.local/lib/python3.12/site-packages/airflow/example_dags/example_branch_operator_decorator.py
[2026-07-18T20:58:57.718+0000] {processor.py:925} INFO - DAG(s) 'example_branch_python_operator_decorator' retrieved from /home/airflow/.local/lib/python3.12/site-packages/airflow/example_dags/example_branch_operator_decorator.py
[2026-07-18T20:58:57.743+0000] {logging_mixin.py:190} INFO - [2026-07-18T20:58:57.742+0000] {dag.py:3239} INFO - Sync 1 DAGs
[2026-07-18T20:58:57.766+0000] {logging_mixin.py:190} INFO - [2026-07-18T20:58:57.765+0000] {dag.py:4180} INFO - Setting next_dagrun for example_branch_python_operator_decorator to 2026-07-17 00:00:00+00:00, run_after=2026-07-18 00:00:00+00:00
[2026-07-18T20:58:57.783+0000] {processor.py:208} INFO - Processing /home/airflow/.local/lib/python3.12/site-packages/airflow/example_dags/example_branch_operator_decorator.py took 0.093 seconds
[2026-07-18T20:59:29.120+0000] {processor.py:186} INFO - Started process (PID=1234) to work on /home/airflow/.local/lib/python3.12/site-packages/airflow/example_dags/example_branch_operator_decorator.py
[2026-07-18T20:59:29.121+0000] {processor.py:914} INFO - Processing file /home/airflow/.local/lib/python3.12/site-packages/airflow/example_dags/example_branch_operator_decorator.py for tasks to queue
[2026-07-18T20:59:29.124+0000] {logging_mixin.py:190} INFO - [2026-07-18T20:59:29.123+0000] {dagbag.py:588} INFO - Filling up the DagBag from /home/airflow/.local/lib/python3.12/site-packages/airflow/example_dags/example_branch_operator_decorator.py
[2026-07-18T20:59:29.144+0000] {processor.py:925} INFO - DAG(s) 'example_branch_python_operator_decorator' retrieved from /home/airflow/.local/lib/python3.12/site-packages/airflow/example_dags/example_branch_operator_decorator.py
[2026-07-18T20:59:29.166+0000] {logging_mixin.py:190} INFO - [2026-07-18T20:59:29.166+0000] {dag.py:3239} INFO - Sync 1 DAGs
[2026-07-18T20:59:29.187+0000] {logging_mixin.py:190} INFO - [2026-07-18T20:59:29.187+0000] {dag.py:4180} INFO - Setting next_dagrun for example_branch_python_operator_decorator to 2026-07-17 00:00:00+00:00, run_after=2026-07-18 00:00:00+00:00
[2026-07-18T20:59:29.204+0000] {processor.py:208} INFO - Processing /home/airflow/.local/lib/python3.12/site-packages/airflow/example_dags/example_branch_operator_decorator.py took 0.091 seconds
[2026-07-18T20:59:59.979+0000] {processor.py:186} INFO - Started process (PID=1297) to work on /home/airflow/.local/lib/python3.12/site-packages/airflow/example_dags/example_branch_operator_decorator.py
[2026-07-18T20:59:59.980+0000] {processor.py:914} INFO - Processing file /home/airflow/.local/lib/python3.12/site-packages/airflow/example_dags/example_branch_operator_decorator.py for tasks to queue
[2026-07-18T20:59:59.984+0000] {logging_mixin.py:190} INFO - [2026-07-18T20:59:59.983+0000] {dagbag.py:588} INFO - Filling up the DagBag from /home/airflow/.local/lib/python3.12/site-packages/airflow/example_dags/example_branch_operator_decorator.py
[2026-07-18T21:00:00.005+0000] {processor.py:925} INFO - DAG(s) 'example_branch_python_operator_decorator' retrieved from /home/airflow/.local/lib/python3.12/site-packages/airflow/example_dags/example_branch_operator_decorator.py
[2026-07-18T21:00:00.034+0000] {logging_mixin.py:190} INFO - [2026-07-18T21:00:00.034+0000] {dag.py:3239} INFO - Sync 1 DAGs
[2026-07-18T21:00:00.056+0000] {logging_mixin.py:190} INFO - [2026-07-18T21:00:00.055+0000] {dag.py:4180} INFO - Setting next_dagrun for example_branch_python_operator_decorator to 2026-07-17 00:00:00+00:00, run_after=2026-07-18 00:00:00+00:00
[2026-07-18T21:00:00.072+0000] {processor.py:208} INFO - Processing /home/airflow/.local/lib/python3.12/site-packages/airflow/example_dags/example_branch_operator_decorator.py took 0.101 seconds
[2026-07-18T21:00:31.225+0000] {processor.py:186} INFO - Started process (PID=1360) to work on /home/airflow/.local/lib/python3.12/site-packages/airflow/example_dags/example_branch_operator_decorator.py
[2026-07-18T21:00:31.227+0000] {processor.py:914} INFO - Processing file /home/airflow/.local/lib/python3.12/site-packages/airflow/example_dags/example_branch_operator_decorator.py for tasks to queue
[2026-07-18T21:00:31.230+0000] {logging_mixin.py:190} INFO - [2026-07-18T21:00:31.230+0000] {dagbag.py:588} INFO - Filling up the DagBag from /home/airflow/.local/lib/python3.12/site-packages/airflow/example_dags/example_branch_operator_decorator.py
[2026-07-18T21:00:31.254+0000] {processor.py:925} INFO - DAG(s) 'example_branch_python_operator_decorator' retrieved from /home/airflow/.local/lib/python3.12/site-packages/airflow/example_dags/example_branch_operator_decorator.py
[2026-07-18T21:00:31.286+0000] {logging_mixin.py:190} INFO - [2026-07-18T21:00:31.286+0000] {dag.py:3239} INFO - Sync 1 DAGs
[2026-07-18T21:00:31.307+0000] {logging_mixin.py:190} INFO - [2026-07-18T21:00:31.307+0000] {dag.py:4180} INFO - Setting next_dagrun for example_branch_python_operator_decorator to 2026-07-17 00:00:00+00:00, run_after=2026-07-18 00:00:00+00:00
[2026-07-18T21:00:31.326+0000] {processor.py:208} INFO - Processing /home/airflow/.local/lib/python3.12/site-packages/airflow/example_dags/example_branch_operator_decorator.py took 0.107 seconds
[2026-07-18T21:01:03.591+0000] {processor.py:186} INFO - Started process (PID=1423) to work on /home/airflow/.local/lib/python3.12/site-packages/airflow/example_dags/example_branch_operator_decorator.py
[2026-07-18T21:01:03.595+0000] {processor.py:914} INFO - Processing file /home/airflow/.local/lib/python3.12/site-packages/airflow/example_dags/example_branch_operator_decorator.py for tasks to queue
[2026-07-18T21:01:03.605+0000] {logging_mixin.py:190} INFO - [2026-07-18T21:01:03.604+0000] {dagbag.py:588} INFO - Filling up the DagBag from /home/airflow/.local/lib/python3.12/site-packages/airflow/example_dags/example_branch_operator_decorator.py
[2026-07-18T21:01:03.659+0000] {processor.py:925} INFO - DAG(s) 'example_branch_python_operator_decorator' retrieved from /home/airflow/.local/lib/python3.12/site-packages/airflow/example_dags/example_branch_operator_decorator.py
[2026-07-18T21:01:03.703+0000] {logging_mixin.py:190} INFO - [2026-07-18T21:01:03.703+0000] {dag.py:3239} INFO - Sync 1 DAGs
[2026-07-18T21:01:03.740+0000] {logging_mixin.py:190} INFO - [2026-07-18T21:01:03.739+0000] {dag.py:4180} INFO - Setting next_dagrun for example_branch_python_operator_decorator to 2026-07-17 00:00:00+00:00, run_after=2026-07-18 00:00:00+00:00
[2026-07-18T21:01:03.853+0000] {processor.py:208} INFO - Processing /home/airflow/.local/lib/python3.12/site-packages/airflow/example_dags/example_branch_operator_decorator.py took 0.280 seconds
[2026-07-18T21:01:35.230+0000] {processor.py:186} INFO - Started process (PID=1492) to work on /home/airflow/.local/lib/python3.12/site-packages/airflow/example_dags/example_branch_operator_decorator.py
[2026-07-18T21:01:35.234+0000] {processor.py:914} INFO - Processing file /home/airflow/.local/lib/python3.12/site-packages/airflow/example_dags/example_branch_operator_decorator.py for tasks to queue
[2026-07-18T21:01:35.243+0000] {logging_mixin.py:190} INFO - [2026-07-18T21:01:35.242+0000] {dagbag.py:588} INFO - Filling up the DagBag from /home/airflow/.local/lib/python3.12/site-packages/airflow/example_dags/example_branch_operator_decorator.py
[2026-07-18T21:01:35.285+0000] {processor.py:925} INFO - DAG(s) 'example_branch_python_operator_decorator' retrieved from /home/airflow/.local/lib/python3.12/site-packages/airflow/example_dags/example_branch_operator_decorator.py
[2026-07-18T21:01:35.336+0000] {logging_mixin.py:190} INFO - [2026-07-18T21:01:35.336+0000] {dag.py:3239} INFO - Sync 1 DAGs
[2026-07-18T21:01:35.388+0000] {logging_mixin.py:190} INFO - [2026-07-18T21:01:35.387+0000] {dag.py:4180} INFO - Setting next_dagrun for example_branch_python_operator_decorator to 2026-07-17 00:00:00+00:00, run_after=2026-07-18 00:00:00+00:00
[2026-07-18T21:01:35.476+0000] {processor.py:208} INFO - Processing /home/airflow/.local/lib/python3.12/site-packages/airflow/example_dags/example_branch_operator_decorator.py took 0.267 seconds
[2026-07-18T21:02:06.438+0000] {processor.py:186} INFO - Started process (PID=1555) to work on /home/airflow/.local/lib/python3.12/site-packages/airflow/example_dags/example_branch_operator_decorator.py
[2026-07-18T21:02:06.441+0000] {processor.py:914} INFO - Processing file /home/airflow/.local/lib/python3.12/site-packages/airflow/example_dags/example_branch_operator_decorator.py for tasks to queue
[2026-07-18T21:02:06.449+0000] {logging_mixin.py:190} INFO - [2026-07-18T21:02:06.449+0000] {dagbag.py:588} INFO - Filling up the DagBag from /home/airflow/.local/lib/python3.12/site-packages/airflow/example_dags/example_branch_operator_decorator.py
[2026-07-18T21:02:06.502+0000] {processor.py:925} INFO - DAG(s) 'example_branch_python_operator_decorator' retrieved from /home/airflow/.local/lib/python3.12/site-packages/airflow/example_dags/example_branch_operator_decorator.py
[2026-07-18T21:02:06.556+0000] {logging_mixin.py:190} INFO - [2026-07-18T21:02:06.556+0000] {dag.py:3239} INFO - Sync 1 DAGs
[2026-07-18T21:02:06.590+0000] {logging_mixin.py:190} INFO - [2026-07-18T21:02:06.590+0000] {dag.py:4180} INFO - Setting next_dagrun for example_branch_python_operator_decorator to 2026-07-17 00:00:00+00:00, run_after=2026-07-18 00:00:00+00:00
[2026-07-18T21:02:06.618+0000] {processor.py:208} INFO - Processing /home/airflow/.local/lib/python3.12/site-packages/airflow/example_dags/example_branch_operator_decorator.py took 0.191 seconds
[2026-07-18T21:02:37.683+0000] {processor.py:186} INFO - Started process (PID=1618) to work on /home/airflow/.local/lib/python3.12/site-packages/airflow/example_dags/example_branch_operator_decorator.py
[2026-07-18T21:02:37.685+0000] {processor.py:914} INFO - Processing file /home/airflow/.local/lib/python3.12/site-packages/airflow/example_dags/example_branch_operator_decorator.py for tasks to queue
[2026-07-18T21:02:37.690+0000] {logging_mixin.py:190} INFO - [2026-07-18T21:02:37.690+0000] {dagbag.py:588} INFO - Filling up the DagBag from /home/airflow/.local/lib/python3.12/site-packages/airflow/example_dags/example_branch_operator_decorator.py
[2026-07-18T21:02:37.722+0000] {processor.py:925} INFO - DAG(s) 'example_branch_python_operator_decorator' retrieved from /home/airflow/.local/lib/python3.12/site-packages/airflow/example_dags/example_branch_operator_decorator.py
[2026-07-18T21:02:37.777+0000] {logging_mixin.py:190} INFO - [2026-07-18T21:02:37.776+0000] {dag.py:3239} INFO - Sync 1 DAGs
[2026-07-18T21:02:37.817+0000] {logging_mixin.py:190} INFO - [2026-07-18T21:02:37.816+0000] {dag.py:4180} INFO - Setting next_dagrun for example_branch_python_operator_decorator to 2026-07-17 00:00:00+00:00, run_after=2026-07-18 00:00:00+00:00
[2026-07-18T21:02:37.847+0000] {processor.py:208} INFO - Processing /home/airflow/.local/lib/python3.12/site-packages/airflow/example_dags/example_branch_operator_decorator.py took 0.174 seconds
[2026-07-18T21:03:09.413+0000] {processor.py:186} INFO - Started process (PID=1681) to work on /home/airflow/.local/lib/python3.12/site-packages/airflow/example_dags/example_branch_operator_decorator.py
[2026-07-18T21:03:09.416+0000] {processor.py:914} INFO - Processing file /home/airflow/.local/lib/python3.12/site-packages/airflow/example_dags/example_branch_operator_decorator.py for tasks to queue
[2026-07-18T21:03:09.423+0000] {logging_mixin.py:190} INFO - [2026-07-18T21:03:09.422+0000] {dagbag.py:588} INFO - Filling up the DagBag from /home/airflow/.local/lib/python3.12/site-packages/airflow/example_dags/example_branch_operator_decorator.py
[2026-07-18T21:03:09.471+0000] {processor.py:925} INFO - DAG(s) 'example_branch_python_operator_decorator' retrieved from /home/airflow/.local/lib/python3.12/site-packages/airflow/example_dags/example_branch_operator_decorator.py
[2026-07-18T21:03:09.550+0000] {logging_mixin.py:190} INFO - [2026-07-18T21:03:09.550+0000] {dag.py:3239} INFO - Sync 1 DAGs
[2026-07-18T21:03:09.595+0000] {logging_mixin.py:190} INFO - [2026-07-18T21:03:09.595+0000] {dag.py:4180} INFO - Setting next_dagrun for example_branch_python_operator_decorator to 2026-07-17 00:00:00+00:00, run_after=2026-07-18 00:00:00+00:00
[2026-07-18T21:03:09.629+0000] {processor.py:208} INFO - Processing /home/airflow/.local/lib/python3.12/site-packages/airflow/example_dags/example_branch_operator_decorator.py took 0.227 seconds
[2026-07-18T21:03:41.207+0000] {processor.py:186} INFO - Started process (PID=1744) to work on /home/airflow/.local/lib/python3.12/site-packages/airflow/example_dags/example_branch_operator_decorator.py
[2026-07-18T21:03:41.210+0000] {processor.py:914} INFO - Processing file /home/airflow/.local/lib/python3.12/site-packages/airflow/example_dags/example_branch_operator_decorator.py for tasks to queue
[2026-07-18T21:03:41.219+0000] {logging_mixin.py:190} INFO - [2026-07-18T21:03:41.218+0000] {dagbag.py:588} INFO - Filling up the DagBag from /home/airflow/.local/lib/python3.12/site-packages/airflow/example_dags/example_branch_operator_decorator.py
[2026-07-18T21:03:41.278+0000] {processor.py:925} INFO - DAG(s) 'example_branch_python_operator_decorator' retrieved from /home/airflow/.local/lib/python3.12/site-packages/airflow/example_dags/example_branch_operator_decorator.py
[2026-07-18T21:03:41.348+0000] {logging_mixin.py:190} INFO - [2026-07-18T21:03:41.347+0000] {dag.py:3239} INFO - Sync 1 DAGs
[2026-07-18T21:03:41.425+0000] {logging_mixin.py:190} INFO - [2026-07-18T21:03:41.424+0000] {dag.py:4180} INFO - Setting next_dagrun for example_branch_python_operator_decorator to 2026-07-17 00:00:00+00:00, run_after=2026-07-18 00:00:00+00:00
[2026-07-18T21:03:41.474+0000] {processor.py:208} INFO - Processing /home/airflow/.local/lib/python3.12/site-packages/airflow/example_dags/example_branch_operator_decorator.py took 0.284 seconds
[2026-07-18T21:04:12.530+0000] {processor.py:186} INFO - Started process (PID=1808) to work on /home/airflow/.local/lib/python3.12/site-packages/airflow/example_dags/example_branch_operator_decorator.py
[2026-07-18T21:04:12.534+0000] {processor.py:914} INFO - Processing file /home/airflow/.local/lib/python3.12/site-packages/airflow/example_dags/example_branch_operator_decorator.py for tasks to queue
[2026-07-18T21:04:12.547+0000] {logging_mixin.py:190} INFO - [2026-07-18T21:04:12.542+0000] {dagbag.py:588} INFO - Filling up the DagBag from /home/airflow/.local/lib/python3.12/site-packages/airflow/example_dags/example_branch_operator_decorator.py
[2026-07-18T21:04:12.636+0000] {processor.py:925} INFO - DAG(s) 'example_branch_python_operator_decorator' retrieved from /home/airflow/.local/lib/python3.12/site-packages/airflow/example_dags/example_branch_operator_decorator.py
[2026-07-18T21:04:12.732+0000] {logging_mixin.py:190} INFO - [2026-07-18T21:04:12.731+0000] {dag.py:3239} INFO - Sync 1 DAGs
[2026-07-18T21:04:12.902+0000] {logging_mixin.py:190} INFO - [2026-07-18T21:04:12.901+0000] {dag.py:4180} INFO - Setting next_dagrun for example_branch_python_operator_decorator to 2026-07-17 00:00:00+00:00, run_after=2026-07-18 00:00:00+00:00
[2026-07-18T21:04:12.962+0000] {processor.py:208} INFO - Processing /home/airflow/.local/lib/python3.12/site-packages/airflow/example_dags/example_branch_operator_decorator.py took 0.453 seconds
[2026-07-18T21:04:43.946+0000] {processor.py:186} INFO - Started process (PID=1871) to work on /home/airflow/.local/lib/python3.12/site-packages/airflow/example_dags/example_branch_operator_decorator.py
[2026-07-18T21:04:43.948+0000] {processor.py:914} INFO - Processing file /home/airflow/.local/lib/python3.12/site-packages/airflow/example_dags/example_branch_operator_decorator.py for tasks to queue
[2026-07-18T21:04:43.952+0000] {logging_mixin.py:190} INFO - [2026-07-18T21:04:43.952+0000] {dagbag.py:588} INFO - Filling up the DagBag from /home/airflow/.local/lib/python3.12/site-packages/airflow/example_dags/example_branch_operator_decorator.py
[2026-07-18T21:04:43.981+0000] {processor.py:925} INFO - DAG(s) 'example_branch_python_operator_decorator' retrieved from /home/airflow/.local/lib/python3.12/site-packages/airflow/example_dags/example_branch_operator_decorator.py
[2026-07-18T21:04:44.048+0000] {logging_mixin.py:190} INFO - [2026-07-18T21:04:44.048+0000] {dag.py:3239} INFO - Sync 1 DAGs
[2026-07-18T21:04:44.142+0000] {logging_mixin.py:190} INFO - [2026-07-18T21:04:44.141+0000] {dag.py:4180} INFO - Setting next_dagrun for example_branch_python_operator_decorator to 2026-07-17 00:00:00+00:00, run_after=2026-07-18 00:00:00+00:00
[2026-07-18T21:04:44.176+0000] {processor.py:208} INFO - Processing /home/airflow/.local/lib/python3.12/site-packages/airflow/example_dags/example_branch_operator_decorator.py took 0.240 seconds
[2026-07-18T21:05:14.390+0000] {processor.py:186} INFO - Started process (PID=1934) to work on /home/airflow/.local/lib/python3.12/site-packages/airflow/example_dags/example_branch_operator_decorator.py
[2026-07-18T21:05:14.391+0000] {processor.py:914} INFO - Processing file /home/airflow/.local/lib/python3.12/site-packages/airflow/example_dags/example_branch_operator_decorator.py for tasks to queue
[2026-07-18T21:05:14.393+0000] {logging_mixin.py:190} INFO - [2026-07-18T21:05:14.393+0000] {dagbag.py:588} INFO - Filling up the DagBag from /home/airflow/.local/lib/python3.12/site-packages/airflow/example_dags/example_branch_operator_decorator.py
[2026-07-18T21:05:14.409+0000] {processor.py:925} INFO - DAG(s) 'example_branch_python_operator_decorator' retrieved from /home/airflow/.local/lib/python3.12/site-packages/airflow/example_dags/example_branch_operator_decorator.py
[2026-07-18T21:05:14.430+0000] {logging_mixin.py:190} INFO - [2026-07-18T21:05:14.430+0000] {dag.py:3239} INFO - Sync 1 DAGs
[2026-07-18T21:05:14.452+0000] {logging_mixin.py:190} INFO - [2026-07-18T21:05:14.452+0000] {dag.py:4180} INFO - Setting next_dagrun for example_branch_python_operator_decorator to 2026-07-17 00:00:00+00:00, run_after=2026-07-18 00:00:00+00:00
[2026-07-18T21:05:14.467+0000] {processor.py:208} INFO - Processing /home/airflow/.local/lib/python3.12/site-packages/airflow/example_dags/example_branch_operator_decorator.py took 0.082 seconds
[2026-07-18T21:05:47.885+0000] {processor.py:186} INFO - Started process (PID=2000) to work on /home/airflow/.local/lib/python3.12/site-packages/airflow/example_dags/example_branch_operator_decorator.py
[2026-07-18T21:05:47.889+0000] {processor.py:914} INFO - Processing file /home/airflow/.local/lib/python3.12/site-packages/airflow/example_dags/example_branch_operator_decorator.py for tasks to queue
[2026-07-18T21:05:47.900+0000] {logging_mixin.py:190} INFO - [2026-07-18T21:05:47.899+0000] {dagbag.py:588} INFO - Filling up the DagBag from /home/airflow/.local/lib/python3.12/site-packages/airflow/example_dags/example_branch_operator_decorator.py
[2026-07-18T21:05:47.954+0000] {processor.py:925} INFO - DAG(s) 'example_branch_python_operator_decorator' retrieved from /home/airflow/.local/lib/python3.12/site-packages/airflow/example_dags/example_branch_operator_decorator.py
[2026-07-18T21:05:48.017+0000] {logging_mixin.py:190} INFO - [2026-07-18T21:05:48.016+0000] {dag.py:3239} INFO - Sync 1 DAGs
[2026-07-18T21:05:48.056+0000] {logging_mixin.py:190} INFO - [2026-07-18T21:05:48.055+0000] {dag.py:4180} INFO - Setting next_dagrun for example_branch_python_operator_decorator to 2026-07-17 00:00:00+00:00, run_after=2026-07-18 00:00:00+00:00
[2026-07-18T21:05:48.085+0000] {processor.py:208} INFO - Processing /home/airflow/.local/lib/python3.12/site-packages/airflow/example_dags/example_branch_operator_decorator.py took 0.220 seconds
[2026-07-18T21:06:18.916+0000] {processor.py:186} INFO - Started process (PID=2063) to work on /home/airflow/.local/lib/python3.12/site-packages/airflow/example_dags/example_branch_operator_decorator.py
[2026-07-18T21:06:18.919+0000] {processor.py:914} INFO - Processing file /home/airflow/.local/lib/python3.12/site-packages/airflow/example_dags/example_branch_operator_decorator.py for tasks to queue
[2026-07-18T21:06:18.923+0000] {logging_mixin.py:190} INFO - [2026-07-18T21:06:18.923+0000] {dagbag.py:588} INFO - Filling up the DagBag from /home/airflow/.local/lib/python3.12/site-packages/airflow/example_dags/example_branch_operator_decorator.py
[2026-07-18T21:06:18.948+0000] {processor.py:925} INFO - DAG(s) 'example_branch_python_operator_decorator' retrieved from /home/airflow/.local/lib/python3.12/site-packages/airflow/example_dags/example_branch_operator_decorator.py
[2026-07-18T21:06:19.017+0000] {logging_mixin.py:190} INFO - [2026-07-18T21:06:19.016+0000] {dag.py:3239} INFO - Sync 1 DAGs
[2026-07-18T21:06:19.066+0000] {logging_mixin.py:190} INFO - [2026-07-18T21:06:19.065+0000] {dag.py:4180} INFO - Setting next_dagrun for example_branch_python_operator_decorator to 2026-07-17 00:00:00+00:00, run_after=2026-07-18 00:00:00+00:00
[2026-07-18T21:06:19.101+0000] {processor.py:208} INFO - Processing /home/airflow/.local/lib/python3.12/site-packages/airflow/example_dags/example_branch_operator_decorator.py took 0.192 seconds
[2026-07-18T21:06:50.516+0000] {processor.py:186} INFO - Started process (PID=2126) to work on /home/airflow/.local/lib/python3.12/site-packages/airflow/example_dags/example_branch_operator_decorator.py
[2026-07-18T21:06:50.523+0000] {processor.py:914} INFO - Processing file /home/airflow/.local/lib/python3.12/site-packages/airflow/example_dags/example_branch_operator_decorator.py for tasks to queue
[2026-07-18T21:06:50.531+0000] {logging_mixin.py:190} INFO - [2026-07-18T21:06:50.530+0000] {dagbag.py:588} INFO - Filling up the DagBag from /home/airflow/.local/lib/python3.12/site-packages/airflow/example_dags/example_branch_operator_decorator.py
[2026-07-18T21:06:50.598+0000] {processor.py:925} INFO - DAG(s) 'example_branch_python_operator_decorator' retrieved from /home/airflow/.local/lib/python3.12/site-packages/airflow/example_dags/example_branch_operator_decorator.py
[2026-07-18T21:06:50.664+0000] {logging_mixin.py:190} INFO - [2026-07-18T21:06:50.664+0000] {dag.py:3239} INFO - Sync 1 DAGs
[2026-07-18T21:06:50.695+0000] {logging_mixin.py:190} INFO - [2026-07-18T21:06:50.695+0000] {dag.py:4180} INFO - Setting next_dagrun for example_branch_python_operator_decorator to 2026-07-17 00:00:00+00:00, run_after=2026-07-18 00:00:00+00:00
[2026-07-18T21:06:50.774+0000] {processor.py:208} INFO - Processing /home/airflow/.local/lib/python3.12/site-packages/airflow/example_dags/example_branch_operator_decorator.py took 0.275 seconds
[2026-07-18T21:07:21.139+0000] {processor.py:186} INFO - Started process (PID=2189) to work on /home/airflow/.local/lib/python3.12/site-packages/airflow/example_dags/example_branch_operator_decorator.py
[2026-07-18T21:07:21.141+0000] {processor.py:914} INFO - Processing file /home/airflow/.local/lib/python3.12/site-packages/airflow/example_dags/example_branch_operator_decorator.py for tasks to queue
[2026-07-18T21:07:21.146+0000] {logging_mixin.py:190} INFO - [2026-07-18T21:07:21.145+0000] {dagbag.py:588} INFO - Filling up the DagBag from /home/airflow/.local/lib/python3.12/site-packages/airflow/example_dags/example_branch_operator_decorator.py
[2026-07-18T21:07:21.174+0000] {processor.py:925} INFO - DAG(s) 'example_branch_python_operator_decorator' retrieved from /home/airflow/.local/lib/python3.12/site-packages/airflow/example_dags/example_branch_operator_decorator.py
[2026-07-18T21:07:21.211+0000] {logging_mixin.py:190} INFO - [2026-07-18T21:07:21.210+0000] {dag.py:3239} INFO - Sync 1 DAGs
[2026-07-18T21:07:21.246+0000] {logging_mixin.py:190} INFO - [2026-07-18T21:07:21.246+0000] {dag.py:4180} INFO - Setting next_dagrun for example_branch_python_operator_decorator to 2026-07-17 00:00:00+00:00, run_after=2026-07-18 00:00:00+00:00
[2026-07-18T21:07:21.271+0000] {processor.py:208} INFO - Processing /home/airflow/.local/lib/python3.12/site-packages/airflow/example_dags/example_branch_operator_decorator.py took 0.139 seconds
[2026-07-18T21:07:52.824+0000] {processor.py:186} INFO - Started process (PID=2252) to work on /home/airflow/.local/lib/python3.12/site-packages/airflow/example_dags/example_branch_operator_decorator.py
[2026-07-18T21:07:52.827+0000] {processor.py:914} INFO - Processing file /home/airflow/.local/lib/python3.12/site-packages/airflow/example_dags/example_branch_operator_decorator.py for tasks to queue
[2026-07-18T21:07:52.836+0000] {logging_mixin.py:190} INFO - [2026-07-18T21:07:52.835+0000] {dagbag.py:588} INFO - Filling up the DagBag from /home/airflow/.local/lib/python3.12/site-packages/airflow/example_dags/example_branch_operator_decorator.py
[2026-07-18T21:07:52.883+0000] {processor.py:925} INFO - DAG(s) 'example_branch_python_operator_decorator' retrieved from /home/airflow/.local/lib/python3.12/site-packages/airflow/example_dags/example_branch_operator_decorator.py
[2026-07-18T21:07:52.928+0000] {logging_mixin.py:190} INFO - [2026-07-18T21:07:52.928+0000] {dag.py:3239} INFO - Sync 1 DAGs
[2026-07-18T21:07:52.969+0000] {logging_mixin.py:190} INFO - [2026-07-18T21:07:52.969+0000] {dag.py:4180} INFO - Setting next_dagrun for example_branch_python_operator_decorator to 2026-07-17 00:00:00+00:00, run_after=2026-07-18 00:00:00+00:00
[2026-07-18T21:07:52.998+0000] {processor.py:208} INFO - Processing /home/airflow/.local/lib/python3.12/site-packages/airflow/example_dags/example_branch_operator_decorator.py took 0.191 seconds
[2026-07-18T21:08:23.758+0000] {processor.py:186} INFO - Started process (PID=2315) to work on /home/airflow/.local/lib/python3.12/site-packages/airflow/example_dags/example_branch_operator_decorator.py
[2026-07-18T21:08:23.760+0000] {processor.py:914} INFO - Processing file /home/airflow/.local/lib/python3.12/site-packages/airflow/example_dags/example_branch_operator_decorator.py for tasks to queue
[2026-07-18T21:08:23.764+0000] {logging_mixin.py:190} INFO - [2026-07-18T21:08:23.764+0000] {dagbag.py:588} INFO - Filling up the DagBag from /home/airflow/.local/lib/python3.12/site-packages/airflow/example_dags/example_branch_operator_decorator.py
[2026-07-18T21:08:23.792+0000] {processor.py:925} INFO - DAG(s) 'example_branch_python_operator_decorator' retrieved from /home/airflow/.local/lib/python3.12/site-packages/airflow/example_dags/example_branch_operator_decorator.py
[2026-07-18T21:08:23.849+0000] {logging_mixin.py:190} INFO - [2026-07-18T21:08:23.848+0000] {dag.py:3239} INFO - Sync 1 DAGs
[2026-07-18T21:08:23.893+0000] {logging_mixin.py:190} INFO - [2026-07-18T21:08:23.893+0000] {dag.py:4180} INFO - Setting next_dagrun for example_branch_python_operator_decorator to 2026-07-17 00:00:00+00:00, run_after=2026-07-18 00:00:00+00:00
[2026-07-18T21:08:23.925+0000] {processor.py:208} INFO - Processing /home/airflow/.local/lib/python3.12/site-packages/airflow/example_dags/example_branch_operator_decorator.py took 0.174 seconds
[2026-07-18T21:16:32.317+0000] {processor.py:186} INFO - Started process (PID=2384) to work on /home/airflow/.local/lib/python3.12/site-packages/airflow/example_dags/example_branch_operator_decorator.py
[2026-07-18T21:16:32.321+0000] {processor.py:914} INFO - Processing file /home/airflow/.local/lib/python3.12/site-packages/airflow/example_dags/example_branch_operator_decorator.py for tasks to queue
[2026-07-18T21:16:32.328+0000] {logging_mixin.py:190} INFO - [2026-07-18T21:16:32.327+0000] {dagbag.py:588} INFO - Filling up the DagBag from /home/airflow/.local/lib/python3.12/site-packages/airflow/example_dags/example_branch_operator_decorator.py
[2026-07-18T21:16:32.390+0000] {processor.py:925} INFO - DAG(s) 'example_branch_python_operator_decorator' retrieved from /home/airflow/.local/lib/python3.12/site-packages/airflow/example_dags/example_branch_operator_decorator.py
[2026-07-18T21:16:32.448+0000] {logging_mixin.py:190} INFO - [2026-07-18T21:16:32.448+0000] {dag.py:3239} INFO - Sync 1 DAGs
[2026-07-18T21:16:32.510+0000] {logging_mixin.py:190} INFO - [2026-07-18T21:16:32.510+0000] {dag.py:4180} INFO - Setting next_dagrun for example_branch_python_operator_decorator to 2026-07-17 00:00:00+00:00, run_after=2026-07-18 00:00:00+00:00
[2026-07-18T21:16:32.558+0000] {processor.py:208} INFO - Processing /home/airflow/.local/lib/python3.12/site-packages/airflow/example_dags/example_branch_operator_decorator.py took 0.260 seconds
[2026-07-18T21:17:03.422+0000] {processor.py:186} INFO - Started process (PID=2447) to work on /home/airflow/.local/lib/python3.12/site-packages/airflow/example_dags/example_branch_operator_decorator.py
[2026-07-18T21:17:03.425+0000] {processor.py:914} INFO - Processing file /home/airflow/.local/lib/python3.12/site-packages/airflow/example_dags/example_branch_operator_decorator.py for tasks to queue
[2026-07-18T21:17:03.433+0000] {logging_mixin.py:190} INFO - [2026-07-18T21:17:03.432+0000] {dagbag.py:588} INFO - Filling up the DagBag from /home/airflow/.local/lib/python3.12/site-packages/airflow/example_dags/example_branch_operator_decorator.py
[2026-07-18T21:17:03.473+0000] {processor.py:925} INFO - DAG(s) 'example_branch_python_operator_decorator' retrieved from /home/airflow/.local/lib/python3.12/site-packages/airflow/example_dags/example_branch_operator_decorator.py
[2026-07-18T21:17:03.518+0000] {logging_mixin.py:190} INFO - [2026-07-18T21:17:03.517+0000] {dag.py:3239} INFO - Sync 1 DAGs
[2026-07-18T21:17:03.561+0000] {logging_mixin.py:190} INFO - [2026-07-18T21:17:03.561+0000] {dag.py:4180} INFO - Setting next_dagrun for example_branch_python_operator_decorator to 2026-07-17 00:00:00+00:00, run_after=2026-07-18 00:00:00+00:00
[2026-07-18T21:17:03.592+0000] {processor.py:208} INFO - Processing /home/airflow/.local/lib/python3.12/site-packages/airflow/example_dags/example_branch_operator_decorator.py took 0.184 seconds
[2026-07-18T21:17:34.101+0000] {processor.py:186} INFO - Started process (PID=2511) to work on /home/airflow/.local/lib/python3.12/site-packages/airflow/example_dags/example_branch_operator_decorator.py
[2026-07-18T21:17:34.103+0000] {processor.py:914} INFO - Processing file /home/airflow/.local/lib/python3.12/site-packages/airflow/example_dags/example_branch_operator_decorator.py for tasks to queue
[2026-07-18T21:17:34.108+0000] {logging_mixin.py:190} INFO - [2026-07-18T21:17:34.108+0000] {dagbag.py:588} INFO - Filling up the DagBag from /home/airflow/.local/lib/python3.12/site-packages/airflow/example_dags/example_branch_operator_decorator.py
[2026-07-18T21:17:34.158+0000] {processor.py:925} INFO - DAG(s) 'example_branch_python_operator_decorator' retrieved from /home/airflow/.local/lib/python3.12/site-packages/airflow/example_dags/example_branch_operator_decorator.py
[2026-07-18T21:17:34.205+0000] {logging_mixin.py:190} INFO - [2026-07-18T21:17:34.205+0000] {dag.py:3239} INFO - Sync 1 DAGs
[2026-07-18T21:17:34.249+0000] {logging_mixin.py:190} INFO - [2026-07-18T21:17:34.249+0000] {dag.py:4180} INFO - Setting next_dagrun for example_branch_python_operator_decorator to 2026-07-17 00:00:00+00:00, run_after=2026-07-18 00:00:00+00:00
[2026-07-18T21:17:34.302+0000] {processor.py:208} INFO - Processing /home/airflow/.local/lib/python3.12/site-packages/airflow/example_dags/example_branch_operator_decorator.py took 0.208 seconds
[2026-07-18T21:18:04.791+0000] {processor.py:186} INFO - Started process (PID=2573) to work on /home/airflow/.local/lib/python3.12/site-packages/airflow/example_dags/example_branch_operator_decorator.py
[2026-07-18T21:18:04.794+0000] {processor.py:914} INFO - Processing file /home/airflow/.local/lib/python3.12/site-packages/airflow/example_dags/example_branch_operator_decorator.py for tasks to queue
[2026-07-18T21:18:04.799+0000] {logging_mixin.py:190} INFO - [2026-07-18T21:18:04.798+0000] {dagbag.py:588} INFO - Filling up the DagBag from /home/airflow/.local/lib/python3.12/site-packages/airflow/example_dags/example_branch_operator_decorator.py
[2026-07-18T21:18:04.844+0000] {processor.py:925} INFO - DAG(s) 'example_branch_python_operator_decorator' retrieved from /home/airflow/.local/lib/python3.12/site-packages/airflow/example_dags/example_branch_operator_decorator.py
[2026-07-18T21:18:04.898+0000] {logging_mixin.py:190} INFO - [2026-07-18T21:18:04.897+0000] {dag.py:3239} INFO - Sync 1 DAGs
[2026-07-18T21:18:04.944+0000] {logging_mixin.py:190} INFO - [2026-07-18T21:18:04.944+0000] {dag.py:4180} INFO - Setting next_dagrun for example_branch_python_operator_decorator to 2026-07-17 00:00:00+00:00, run_after=2026-07-18 00:00:00+00:00
[2026-07-18T21:18:04.982+0000] {processor.py:208} INFO - Processing /home/airflow/.local/lib/python3.12/site-packages/airflow/example_dags/example_branch_operator_decorator.py took 0.200 seconds
[2026-07-18T21:18:35.099+0000] {processor.py:186} INFO - Started process (PID=2636) to work on /home/airflow/.local/lib/python3.12/site-packages/airflow/example_dags/example_branch_operator_decorator.py
[2026-07-18T21:18:35.102+0000] {processor.py:914} INFO - Processing file /home/airflow/.local/lib/python3.12/site-packages/airflow/example_dags/example_branch_operator_decorator.py for tasks to queue
[2026-07-18T21:18:35.110+0000] {logging_mixin.py:190} INFO - [2026-07-18T21:18:35.109+0000] {dagbag.py:588} INFO - Filling up the DagBag from /home/airflow/.local/lib/python3.12/site-packages/airflow/example_dags/example_branch_operator_decorator.py
[2026-07-18T21:18:35.166+0000] {processor.py:925} INFO - DAG(s) 'example_branch_python_operator_decorator' retrieved from /home/airflow/.local/lib/python3.12/site-packages/airflow/example_dags/example_branch_operator_decorator.py
[2026-07-18T21:18:35.201+0000] {logging_mixin.py:190} INFO - [2026-07-18T21:18:35.201+0000] {dag.py:3239} INFO - Sync 1 DAGs
[2026-07-18T21:18:35.239+0000] {logging_mixin.py:190} INFO - [2026-07-18T21:18:35.238+0000] {dag.py:4180} INFO - Setting next_dagrun for example_branch_python_operator_decorator to 2026-07-17 00:00:00+00:00, run_after=2026-07-18 00:00:00+00:00
[2026-07-18T21:18:35.272+0000] {processor.py:208} INFO - Processing /home/airflow/.local/lib/python3.12/site-packages/airflow/example_dags/example_branch_operator_decorator.py took 0.187 seconds
[2026-07-18T21:19:05.945+0000] {processor.py:186} INFO - Started process (PID=2699) to work on /home/airflow/.local/lib/python3.12/site-packages/airflow/example_dags/example_branch_operator_decorator.py
[2026-07-18T21:19:05.947+0000] {processor.py:914} INFO - Processing file /home/airflow/.local/lib/python3.12/site-packages/airflow/example_dags/example_branch_operator_decorator.py for tasks to queue
[2026-07-18T21:19:05.951+0000] {logging_mixin.py:190} INFO - [2026-07-18T21:19:05.950+0000] {dagbag.py:588} INFO - Filling up the DagBag from /home/airflow/.local/lib/python3.12/site-packages/airflow/example_dags/example_branch_operator_decorator.py
[2026-07-18T21:19:05.983+0000] {processor.py:925} INFO - DAG(s) 'example_branch_python_operator_decorator' retrieved from /home/airflow/.local/lib/python3.12/site-packages/airflow/example_dags/example_branch_operator_decorator.py
[2026-07-18T21:19:06.031+0000] {logging_mixin.py:190} INFO - [2026-07-18T21:19:06.031+0000] {dag.py:3239} INFO - Sync 1 DAGs
[2026-07-18T21:19:06.077+0000] {logging_mixin.py:190} INFO - [2026-07-18T21:19:06.077+0000] {dag.py:4180} INFO - Setting next_dagrun for example_branch_python_operator_decorator to 2026-07-17 00:00:00+00:00, run_after=2026-07-18 00:00:00+00:00
[2026-07-18T21:19:06.106+0000] {processor.py:208} INFO - Processing /home/airflow/.local/lib/python3.12/site-packages/airflow/example_dags/example_branch_operator_decorator.py took 0.169 seconds
[2026-07-18T21:19:36.325+0000] {processor.py:186} INFO - Started process (PID=2762) to work on /home/airflow/.local/lib/python3.12/site-packages/airflow/example_dags/example_branch_operator_decorator.py
[2026-07-18T21:19:36.327+0000] {processor.py:914} INFO - Processing file /home/airflow/.local/lib/python3.12/site-packages/airflow/example_dags/example_branch_operator_decorator.py for tasks to queue
[2026-07-18T21:19:36.332+0000] {logging_mixin.py:190} INFO - [2026-07-18T21:19:36.331+0000] {dagbag.py:588} INFO - Filling up the DagBag from /home/airflow/.local/lib/python3.12/site-packages/airflow/example_dags/example_branch_operator_decorator.py
[2026-07-18T21:19:36.361+0000] {processor.py:925} INFO - DAG(s) 'example_branch_python_operator_decorator' retrieved from /home/airflow/.local/lib/python3.12/site-packages/airflow/example_dags/example_branch_operator_decorator.py
[2026-07-18T21:19:36.406+0000] {logging_mixin.py:190} INFO - [2026-07-18T21:19:36.406+0000] {dag.py:3239} INFO - Sync 1 DAGs
[2026-07-18T21:19:36.441+0000] {logging_mixin.py:190} INFO - [2026-07-18T21:19:36.440+0000] {dag.py:4180} INFO - Setting next_dagrun for example_branch_python_operator_decorator to 2026-07-17 00:00:00+00:00, run_after=2026-07-18 00:00:00+00:00
[2026-07-18T21:19:36.467+0000] {processor.py:208} INFO - Processing /home/airflow/.local/lib/python3.12/site-packages/airflow/example_dags/example_branch_operator_decorator.py took 0.151 seconds
[2026-07-18T21:20:06.660+0000] {processor.py:186} INFO - Started process (PID=2824) to work on /home/airflow/.local/lib/python3.12/site-packages/airflow/example_dags/example_branch_operator_decorator.py
[2026-07-18T21:20:06.662+0000] {processor.py:914} INFO - Processing file /home/airflow/.local/lib/python3.12/site-packages/airflow/example_dags/example_branch_operator_decorator.py for tasks to queue
[2026-07-18T21:20:06.667+0000] {logging_mixin.py:190} INFO - [2026-07-18T21:20:06.666+0000] {dagbag.py:588} INFO - Filling up the DagBag from /home/airflow/.local/lib/python3.12/site-packages/airflow/example_dags/example_branch_operator_decorator.py
[2026-07-18T21:20:06.697+0000] {processor.py:925} INFO - DAG(s) 'example_branch_python_operator_decorator' retrieved from /home/airflow/.local/lib/python3.12/site-packages/airflow/example_dags/example_branch_operator_decorator.py
[2026-07-18T21:20:06.744+0000] {logging_mixin.py:190} INFO - [2026-07-18T21:20:06.743+0000] {dag.py:3239} INFO - Sync 1 DAGs
[2026-07-18T21:20:06.783+0000] {logging_mixin.py:190} INFO - [2026-07-18T21:20:06.782+0000] {dag.py:4180} INFO - Setting next_dagrun for example_branch_python_operator_decorator to 2026-07-17 00:00:00+00:00, run_after=2026-07-18 00:00:00+00:00
[2026-07-18T21:20:06.810+0000] {processor.py:208} INFO - Processing /home/airflow/.local/lib/python3.12/site-packages/airflow/example_dags/example_branch_operator_decorator.py took 0.157 seconds
[2026-07-18T21:20:37.025+0000] {processor.py:186} INFO - Started process (PID=2887) to work on /home/airflow/.local/lib/python3.12/site-packages/airflow/example_dags/example_branch_operator_decorator.py
[2026-07-18T21:20:37.028+0000] {processor.py:914} INFO - Processing file /home/airflow/.local/lib/python3.12/site-packages/airflow/example_dags/example_branch_operator_decorator.py for tasks to queue
[2026-07-18T21:20:37.032+0000] {logging_mixin.py:190} INFO - [2026-07-18T21:20:37.031+0000] {dagbag.py:588} INFO - Filling up the DagBag from /home/airflow/.local/lib/python3.12/site-packages/airflow/example_dags/example_branch_operator_decorator.py
[2026-07-18T21:20:37.060+0000] {processor.py:925} INFO - DAG(s) 'example_branch_python_operator_decorator' retrieved from /home/airflow/.local/lib/python3.12/site-packages/airflow/example_dags/example_branch_operator_decorator.py
[2026-07-18T21:20:37.113+0000] {logging_mixin.py:190} INFO - [2026-07-18T21:20:37.113+0000] {dag.py:3239} INFO - Sync 1 DAGs
[2026-07-18T21:20:37.157+0000] {logging_mixin.py:190} INFO - [2026-07-18T21:20:37.156+0000] {dag.py:4180} INFO - Setting next_dagrun for example_branch_python_operator_decorator to 2026-07-17 00:00:00+00:00, run_after=2026-07-18 00:00:00+00:00
[2026-07-18T21:20:37.185+0000] {processor.py:208} INFO - Processing /home/airflow/.local/lib/python3.12/site-packages/airflow/example_dags/example_branch_operator_decorator.py took 0.167 seconds
[2026-07-18T21:21:07.880+0000] {processor.py:186} INFO - Started process (PID=2950) to work on /home/airflow/.local/lib/python3.12/site-packages/airflow/example_dags/example_branch_operator_decorator.py
[2026-07-18T21:21:07.883+0000] {processor.py:914} INFO - Processing file /home/airflow/.local/lib/python3.12/site-packages/airflow/example_dags/example_branch_operator_decorator.py for tasks to queue
[2026-07-18T21:21:07.889+0000] {logging_mixin.py:190} INFO - [2026-07-18T21:21:07.889+0000] {dagbag.py:588} INFO - Filling up the DagBag from /home/airflow/.local/lib/python3.12/site-packages/airflow/example_dags/example_branch_operator_decorator.py
[2026-07-18T21:21:07.930+0000] {processor.py:925} INFO - DAG(s) 'example_branch_python_operator_decorator' retrieved from /home/airflow/.local/lib/python3.12/site-packages/airflow/example_dags/example_branch_operator_decorator.py
[2026-07-18T21:21:07.969+0000] {logging_mixin.py:190} INFO - [2026-07-18T21:21:07.968+0000] {dag.py:3239} INFO - Sync 1 DAGs
[2026-07-18T21:21:08.028+0000] {logging_mixin.py:190} INFO - [2026-07-18T21:21:08.027+0000] {dag.py:4180} INFO - Setting next_dagrun for example_branch_python_operator_decorator to 2026-07-17 00:00:00+00:00, run_after=2026-07-18 00:00:00+00:00
[2026-07-18T21:21:08.120+0000] {processor.py:208} INFO - Processing /home/airflow/.local/lib/python3.12/site-packages/airflow/example_dags/example_branch_operator_decorator.py took 0.249 seconds
[2026-07-18T21:21:39.389+0000] {processor.py:186} INFO - Started process (PID=3013) to work on /home/airflow/.local/lib/python3.12/site-packages/airflow/example_dags/example_branch_operator_decorator.py
[2026-07-18T21:21:39.392+0000] {processor.py:914} INFO - Processing file /home/airflow/.local/lib/python3.12/site-packages/airflow/example_dags/example_branch_operator_decorator.py for tasks to queue
[2026-07-18T21:21:39.399+0000] {logging_mixin.py:190} INFO - [2026-07-18T21:21:39.398+0000] {dagbag.py:588} INFO - Filling up the DagBag from /home/airflow/.local/lib/python3.12/site-packages/airflow/example_dags/example_branch_operator_decorator.py
[2026-07-18T21:21:39.440+0000] {processor.py:925} INFO - DAG(s) 'example_branch_python_operator_decorator' retrieved from /home/airflow/.local/lib/python3.12/site-packages/airflow/example_dags/example_branch_operator_decorator.py
[2026-07-18T21:21:39.485+0000] {logging_mixin.py:190} INFO - [2026-07-18T21:21:39.484+0000] {dag.py:3239} INFO - Sync 1 DAGs
[2026-07-18T21:21:39.519+0000] {logging_mixin.py:190} INFO - [2026-07-18T21:21:39.519+0000] {dag.py:4180} INFO - Setting next_dagrun for example_branch_python_operator_decorator to 2026-07-17 00:00:00+00:00, run_after=2026-07-18 00:00:00+00:00
[2026-07-18T21:21:39.567+0000] {processor.py:208} INFO - Processing /home/airflow/.local/lib/python3.12/site-packages/airflow/example_dags/example_branch_operator_decorator.py took 0.194 seconds
[2026-07-18T21:22:10.739+0000] {processor.py:186} INFO - Started process (PID=3076) to work on /home/airflow/.local/lib/python3.12/site-packages/airflow/example_dags/example_branch_operator_decorator.py
[2026-07-18T21:22:10.742+0000] {processor.py:914} INFO - Processing file /home/airflow/.local/lib/python3.12/site-packages/airflow/example_dags/example_branch_operator_decorator.py for tasks to queue
[2026-07-18T21:22:10.749+0000] {logging_mixin.py:190} INFO - [2026-07-18T21:22:10.748+0000] {dagbag.py:588} INFO - Filling up the DagBag from /home/airflow/.local/lib/python3.12/site-packages/airflow/example_dags/example_branch_operator_decorator.py
[2026-07-18T21:22:10.802+0000] {processor.py:925} INFO - DAG(s) 'example_branch_python_operator_decorator' retrieved from /home/airflow/.local/lib/python3.12/site-packages/airflow/example_dags/example_branch_operator_decorator.py
[2026-07-18T21:22:10.876+0000] {logging_mixin.py:190} INFO - [2026-07-18T21:22:10.876+0000] {dag.py:3239} INFO - Sync 1 DAGs
[2026-07-18T21:22:10.928+0000] {logging_mixin.py:190} INFO - [2026-07-18T21:22:10.927+0000] {dag.py:4180} INFO - Setting next_dagrun for example_branch_python_operator_decorator to 2026-07-17 00:00:00+00:00, run_after=2026-07-18 00:00:00+00:00
[2026-07-18T21:22:10.973+0000] {processor.py:208} INFO - Processing /home/airflow/.local/lib/python3.12/site-packages/airflow/example_dags/example_branch_operator_decorator.py took 0.253 seconds
[2026-07-18T21:25:59.952+0000] {processor.py:186} INFO - Started process (PID=135) to work on /home/airflow/.local/lib/python3.12/site-packages/airflow/example_dags/example_branch_operator_decorator.py
[2026-07-18T21:25:59.955+0000] {processor.py:914} INFO - Processing file /home/airflow/.local/lib/python3.12/site-packages/airflow/example_dags/example_branch_operator_decorator.py for tasks to queue
[2026-07-18T21:25:59.960+0000] {logging_mixin.py:190} INFO - [2026-07-18T21:25:59.959+0000] {dagbag.py:588} INFO - Filling up the DagBag from /home/airflow/.local/lib/python3.12/site-packages/airflow/example_dags/example_branch_operator_decorator.py
[2026-07-18T21:25:59.992+0000] {processor.py:925} INFO - DAG(s) 'example_branch_python_operator_decorator' retrieved from /home/airflow/.local/lib/python3.12/site-packages/airflow/example_dags/example_branch_operator_decorator.py
[2026-07-18T21:26:00.198+0000] {logging_mixin.py:190} INFO - [2026-07-18T21:26:00.198+0000] {dag.py:3239} INFO - Sync 1 DAGs
[2026-07-18T21:26:00.240+0000] {logging_mixin.py:190} INFO - [2026-07-18T21:26:00.239+0000] {dag.py:4180} INFO - Setting next_dagrun for example_branch_python_operator_decorator to 2026-07-17 00:00:00+00:00, run_after=2026-07-18 00:00:00+00:00
[2026-07-18T21:26:00.271+0000] {processor.py:208} INFO - Processing /home/airflow/.local/lib/python3.12/site-packages/airflow/example_dags/example_branch_operator_decorator.py took 0.327 seconds
[2026-07-18T21:26:31.065+0000] {processor.py:186} INFO - Started process (PID=198) to work on /home/airflow/.local/lib/python3.12/site-packages/airflow/example_dags/example_branch_operator_decorator.py
[2026-07-18T21:26:31.069+0000] {processor.py:914} INFO - Processing file /home/airflow/.local/lib/python3.12/site-packages/airflow/example_dags/example_branch_operator_decorator.py for tasks to queue
[2026-07-18T21:26:31.078+0000] {logging_mixin.py:190} INFO - [2026-07-18T21:26:31.077+0000] {dagbag.py:588} INFO - Filling up the DagBag from /home/airflow/.local/lib/python3.12/site-packages/airflow/example_dags/example_branch_operator_decorator.py
[2026-07-18T21:26:31.121+0000] {processor.py:925} INFO - DAG(s) 'example_branch_python_operator_decorator' retrieved from /home/airflow/.local/lib/python3.12/site-packages/airflow/example_dags/example_branch_operator_decorator.py
[2026-07-18T21:26:31.203+0000] {logging_mixin.py:190} INFO - [2026-07-18T21:26:31.203+0000] {dag.py:3239} INFO - Sync 1 DAGs
[2026-07-18T21:26:31.244+0000] {logging_mixin.py:190} INFO - [2026-07-18T21:26:31.244+0000] {dag.py:4180} INFO - Setting next_dagrun for example_branch_python_operator_decorator to 2026-07-17 00:00:00+00:00, run_after=2026-07-18 00:00:00+00:00
[2026-07-18T21:26:31.271+0000] {processor.py:208} INFO - Processing /home/airflow/.local/lib/python3.12/site-packages/airflow/example_dags/example_branch_operator_decorator.py took 0.229 seconds
[2026-07-18T21:27:03.036+0000] {processor.py:186} INFO - Started process (PID=261) to work on /home/airflow/.local/lib/python3.12/site-packages/airflow/example_dags/example_branch_operator_decorator.py
[2026-07-18T21:27:03.038+0000] {processor.py:914} INFO - Processing file /home/airflow/.local/lib/python3.12/site-packages/airflow/example_dags/example_branch_operator_decorator.py for tasks to queue
[2026-07-18T21:27:03.042+0000] {logging_mixin.py:190} INFO - [2026-07-18T21:27:03.042+0000] {dagbag.py:588} INFO - Filling up the DagBag from /home/airflow/.local/lib/python3.12/site-packages/airflow/example_dags/example_branch_operator_decorator.py
[2026-07-18T21:27:03.088+0000] {processor.py:925} INFO - DAG(s) 'example_branch_python_operator_decorator' retrieved from /home/airflow/.local/lib/python3.12/site-packages/airflow/example_dags/example_branch_operator_decorator.py
[2026-07-18T21:27:03.139+0000] {logging_mixin.py:190} INFO - [2026-07-18T21:27:03.139+0000] {dag.py:3239} INFO - Sync 1 DAGs
[2026-07-18T21:27:03.174+0000] {logging_mixin.py:190} INFO - [2026-07-18T21:27:03.173+0000] {dag.py:4180} INFO - Setting next_dagrun for example_branch_python_operator_decorator to 2026-07-17 00:00:00+00:00, run_after=2026-07-18 00:00:00+00:00
[2026-07-18T21:27:03.202+0000] {processor.py:208} INFO - Processing /home/airflow/.local/lib/python3.12/site-packages/airflow/example_dags/example_branch_operator_decorator.py took 0.173 seconds
[2026-07-18T21:27:34.763+0000] {processor.py:186} INFO - Started process (PID=324) to work on /home/airflow/.local/lib/python3.12/site-packages/airflow/example_dags/example_branch_operator_decorator.py
[2026-07-18T21:27:34.766+0000] {processor.py:914} INFO - Processing file /home/airflow/.local/lib/python3.12/site-packages/airflow/example_dags/example_branch_operator_decorator.py for tasks to queue
[2026-07-18T21:27:34.771+0000] {logging_mixin.py:190} INFO - [2026-07-18T21:27:34.771+0000] {dagbag.py:588} INFO - Filling up the DagBag from /home/airflow/.local/lib/python3.12/site-packages/airflow/example_dags/example_branch_operator_decorator.py
[2026-07-18T21:27:34.805+0000] {processor.py:925} INFO - DAG(s) 'example_branch_python_operator_decorator' retrieved from /home/airflow/.local/lib/python3.12/site-packages/airflow/example_dags/example_branch_operator_decorator.py
[2026-07-18T21:27:34.852+0000] {logging_mixin.py:190} INFO - [2026-07-18T21:27:34.851+0000] {dag.py:3239} INFO - Sync 1 DAGs
[2026-07-18T21:27:34.886+0000] {logging_mixin.py:190} INFO - [2026-07-18T21:27:34.885+0000] {dag.py:4180} INFO - Setting next_dagrun for example_branch_python_operator_decorator to 2026-07-17 00:00:00+00:00, run_after=2026-07-18 00:00:00+00:00
[2026-07-18T21:27:34.914+0000] {processor.py:208} INFO - Processing /home/airflow/.local/lib/python3.12/site-packages/airflow/example_dags/example_branch_operator_decorator.py took 0.159 seconds
[2026-07-18T21:28:06.135+0000] {processor.py:186} INFO - Started process (PID=387) to work on /home/airflow/.local/lib/python3.12/site-packages/airflow/example_dags/example_branch_operator_decorator.py
[2026-07-18T21:28:06.138+0000] {processor.py:914} INFO - Processing file /home/airflow/.local/lib/python3.12/site-packages/airflow/example_dags/example_branch_operator_decorator.py for tasks to queue
[2026-07-18T21:28:06.142+0000] {logging_mixin.py:190} INFO - [2026-07-18T21:28:06.142+0000] {dagbag.py:588} INFO - Filling up the DagBag from /home/airflow/.local/lib/python3.12/site-packages/airflow/example_dags/example_branch_operator_decorator.py
[2026-07-18T21:28:06.177+0000] {processor.py:925} INFO - DAG(s) 'example_branch_python_operator_decorator' retrieved from /home/airflow/.local/lib/python3.12/site-packages/airflow/example_dags/example_branch_operator_decorator.py
[2026-07-18T21:28:06.222+0000] {logging_mixin.py:190} INFO - [2026-07-18T21:28:06.221+0000] {dag.py:3239} INFO - Sync 1 DAGs
[2026-07-18T21:28:06.255+0000] {logging_mixin.py:190} INFO - [2026-07-18T21:28:06.255+0000] {dag.py:4180} INFO - Setting next_dagrun for example_branch_python_operator_decorator to 2026-07-17 00:00:00+00:00, run_after=2026-07-18 00:00:00+00:00
[2026-07-18T21:28:06.289+0000] {processor.py:208} INFO - Processing /home/airflow/.local/lib/python3.12/site-packages/airflow/example_dags/example_branch_operator_decorator.py took 0.160 seconds
[2026-07-18T21:28:38.460+0000] {processor.py:186} INFO - Started process (PID=450) to work on /home/airflow/.local/lib/python3.12/site-packages/airflow/example_dags/example_branch_operator_decorator.py
[2026-07-18T21:28:38.463+0000] {processor.py:914} INFO - Processing file /home/airflow/.local/lib/python3.12/site-packages/airflow/example_dags/example_branch_operator_decorator.py for tasks to queue
[2026-07-18T21:28:38.468+0000] {logging_mixin.py:190} INFO - [2026-07-18T21:28:38.467+0000] {dagbag.py:588} INFO - Filling up the DagBag from /home/airflow/.local/lib/python3.12/site-packages/airflow/example_dags/example_branch_operator_decorator.py
[2026-07-18T21:28:38.504+0000] {processor.py:925} INFO - DAG(s) 'example_branch_python_operator_decorator' retrieved from /home/airflow/.local/lib/python3.12/site-packages/airflow/example_dags/example_branch_operator_decorator.py
[2026-07-18T21:28:38.543+0000] {logging_mixin.py:190} INFO - [2026-07-18T21:28:38.542+0000] {dag.py:3239} INFO - Sync 1 DAGs
[2026-07-18T21:28:38.583+0000] {logging_mixin.py:190} INFO - [2026-07-18T21:28:38.582+0000] {dag.py:4180} INFO - Setting next_dagrun for example_branch_python_operator_decorator to 2026-07-17 00:00:00+00:00, run_after=2026-07-18 00:00:00+00:00
[2026-07-18T21:28:38.617+0000] {processor.py:208} INFO - Processing /home/airflow/.local/lib/python3.12/site-packages/airflow/example_dags/example_branch_operator_decorator.py took 0.165 seconds
[2026-07-18T21:29:09.556+0000] {processor.py:186} INFO - Started process (PID=513) to work on /home/airflow/.local/lib/python3.12/site-packages/airflow/example_dags/example_branch_operator_decorator.py
[2026-07-18T21:29:09.559+0000] {processor.py:914} INFO - Processing file /home/airflow/.local/lib/python3.12/site-packages/airflow/example_dags/example_branch_operator_decorator.py for tasks to queue
[2026-07-18T21:29:09.564+0000] {logging_mixin.py:190} INFO - [2026-07-18T21:29:09.563+0000] {dagbag.py:588} INFO - Filling up the DagBag from /home/airflow/.local/lib/python3.12/site-packages/airflow/example_dags/example_branch_operator_decorator.py
[2026-07-18T21:29:09.602+0000] {processor.py:925} INFO - DAG(s) 'example_branch_python_operator_decorator' retrieved from /home/airflow/.local/lib/python3.12/site-packages/airflow/example_dags/example_branch_operator_decorator.py
[2026-07-18T21:29:09.657+0000] {logging_mixin.py:190} INFO - [2026-07-18T21:29:09.657+0000] {dag.py:3239} INFO - Sync 1 DAGs
[2026-07-18T21:29:09.722+0000] {logging_mixin.py:190} INFO - [2026-07-18T21:29:09.722+0000] {dag.py:4180} INFO - Setting next_dagrun for example_branch_python_operator_decorator to 2026-07-17 00:00:00+00:00, run_after=2026-07-18 00:00:00+00:00
[2026-07-18T21:29:09.764+0000] {processor.py:208} INFO - Processing /home/airflow/.local/lib/python3.12/site-packages/airflow/example_dags/example_branch_operator_decorator.py took 0.215 seconds
[2026-07-18T21:29:41.912+0000] {processor.py:186} INFO - Started process (PID=577) to work on /home/airflow/.local/lib/python3.12/site-packages/airflow/example_dags/example_branch_operator_decorator.py
[2026-07-18T21:29:41.914+0000] {processor.py:914} INFO - Processing file /home/airflow/.local/lib/python3.12/site-packages/airflow/example_dags/example_branch_operator_decorator.py for tasks to queue
[2026-07-18T21:29:41.919+0000] {logging_mixin.py:190} INFO - [2026-07-18T21:29:41.919+0000] {dagbag.py:588} INFO - Filling up the DagBag from /home/airflow/.local/lib/python3.12/site-packages/airflow/example_dags/example_branch_operator_decorator.py
[2026-07-18T21:29:41.956+0000] {processor.py:925} INFO - DAG(s) 'example_branch_python_operator_decorator' retrieved from /home/airflow/.local/lib/python3.12/site-packages/airflow/example_dags/example_branch_operator_decorator.py
[2026-07-18T21:29:41.998+0000] {logging_mixin.py:190} INFO - [2026-07-18T21:29:41.998+0000] {dag.py:3239} INFO - Sync 1 DAGs
[2026-07-18T21:29:42.036+0000] {logging_mixin.py:190} INFO - [2026-07-18T21:29:42.036+0000] {dag.py:4180} INFO - Setting next_dagrun for example_branch_python_operator_decorator to 2026-07-17 00:00:00+00:00, run_after=2026-07-18 00:00:00+00:00
[2026-07-18T21:29:42.065+0000] {processor.py:208} INFO - Processing /home/airflow/.local/lib/python3.12/site-packages/airflow/example_dags/example_branch_operator_decorator.py took 0.164 seconds
[2026-07-18T21:30:12.754+0000] {processor.py:186} INFO - Started process (PID=640) to work on /home/airflow/.local/lib/python3.12/site-packages/airflow/example_dags/example_branch_operator_decorator.py
[2026-07-18T21:30:12.759+0000] {processor.py:914} INFO - Processing file /home/airflow/.local/lib/python3.12/site-packages/airflow/example_dags/example_branch_operator_decorator.py for tasks to queue
[2026-07-18T21:30:12.767+0000] {logging_mixin.py:190} INFO - [2026-07-18T21:30:12.766+0000] {dagbag.py:588} INFO - Filling up the DagBag from /home/airflow/.local/lib/python3.12/site-packages/airflow/example_dags/example_branch_operator_decorator.py
[2026-07-18T21:30:12.823+0000] {processor.py:925} INFO - DAG(s) 'example_branch_python_operator_decorator' retrieved from /home/airflow/.local/lib/python3.12/site-packages/airflow/example_dags/example_branch_operator_decorator.py
[2026-07-18T21:30:12.869+0000] {logging_mixin.py:190} INFO - [2026-07-18T21:30:12.869+0000] {dag.py:3239} INFO - Sync 1 DAGs
[2026-07-18T21:30:12.905+0000] {logging_mixin.py:190} INFO - [2026-07-18T21:30:12.905+0000] {dag.py:4180} INFO - Setting next_dagrun for example_branch_python_operator_decorator to 2026-07-17 00:00:00+00:00, run_after=2026-07-18 00:00:00+00:00
[2026-07-18T21:30:12.940+0000] {processor.py:208} INFO - Processing /home/airflow/.local/lib/python3.12/site-packages/airflow/example_dags/example_branch_operator_decorator.py took 0.207 seconds
[2026-07-18T21:30:44.876+0000] {processor.py:186} INFO - Started process (PID=703) to work on /home/airflow/.local/lib/python3.12/site-packages/airflow/example_dags/example_branch_operator_decorator.py
[2026-07-18T21:30:44.879+0000] {processor.py:914} INFO - Processing file /home/airflow/.local/lib/python3.12/site-packages/airflow/example_dags/example_branch_operator_decorator.py for tasks to queue
[2026-07-18T21:30:44.885+0000] {logging_mixin.py:190} INFO - [2026-07-18T21:30:44.885+0000] {dagbag.py:588} INFO - Filling up the DagBag from /home/airflow/.local/lib/python3.12/site-packages/airflow/example_dags/example_branch_operator_decorator.py
[2026-07-18T21:30:44.925+0000] {processor.py:925} INFO - DAG(s) 'example_branch_python_operator_decorator' retrieved from /home/airflow/.local/lib/python3.12/site-packages/airflow/example_dags/example_branch_operator_decorator.py
[2026-07-18T21:30:44.973+0000] {logging_mixin.py:190} INFO - [2026-07-18T21:30:44.973+0000] {dag.py:3239} INFO - Sync 1 DAGs
[2026-07-18T21:30:45.009+0000] {logging_mixin.py:190} INFO - [2026-07-18T21:30:45.008+0000] {dag.py:4180} INFO - Setting next_dagrun for example_branch_python_operator_decorator to 2026-07-17 00:00:00+00:00, run_after=2026-07-18 00:00:00+00:00
[2026-07-18T21:30:45.047+0000] {processor.py:208} INFO - Processing /home/airflow/.local/lib/python3.12/site-packages/airflow/example_dags/example_branch_operator_decorator.py took 0.183 seconds
[2026-07-18T21:31:15.934+0000] {processor.py:186} INFO - Started process (PID=767) to work on /home/airflow/.local/lib/python3.12/site-packages/airflow/example_dags/example_branch_operator_decorator.py
[2026-07-18T21:31:15.937+0000] {processor.py:914} INFO - Processing file /home/airflow/.local/lib/python3.12/site-packages/airflow/example_dags/example_branch_operator_decorator.py for tasks to queue
[2026-07-18T21:31:15.946+0000] {logging_mixin.py:190} INFO - [2026-07-18T21:31:15.945+0000] {dagbag.py:588} INFO - Filling up the DagBag from /home/airflow/.local/lib/python3.12/site-packages/airflow/example_dags/example_branch_operator_decorator.py
[2026-07-18T21:31:15.999+0000] {processor.py:925} INFO - DAG(s) 'example_branch_python_operator_decorator' retrieved from /home/airflow/.local/lib/python3.12/site-packages/airflow/example_dags/example_branch_operator_decorator.py
[2026-07-18T21:31:16.085+0000] {logging_mixin.py:190} INFO - [2026-07-18T21:31:16.084+0000] {dag.py:3239} INFO - Sync 1 DAGs
[2026-07-18T21:31:16.169+0000] {logging_mixin.py:190} INFO - [2026-07-18T21:31:16.168+0000] {dag.py:4180} INFO - Setting next_dagrun for example_branch_python_operator_decorator to 2026-07-17 00:00:00+00:00, run_after=2026-07-18 00:00:00+00:00
[2026-07-18T21:31:16.222+0000] {processor.py:208} INFO - Processing /home/airflow/.local/lib/python3.12/site-packages/airflow/example_dags/example_branch_operator_decorator.py took 0.303 seconds
[2026-07-18T21:31:47.431+0000] {processor.py:186} INFO - Started process (PID=831) to work on /home/airflow/.local/lib/python3.12/site-packages/airflow/example_dags/example_branch_operator_decorator.py
[2026-07-18T21:31:47.433+0000] {processor.py:914} INFO - Processing file /home/airflow/.local/lib/python3.12/site-packages/airflow/example_dags/example_branch_operator_decorator.py for tasks to queue
[2026-07-18T21:31:47.438+0000] {logging_mixin.py:190} INFO - [2026-07-18T21:31:47.438+0000] {dagbag.py:588} INFO - Filling up the DagBag from /home/airflow/.local/lib/python3.12/site-packages/airflow/example_dags/example_branch_operator_decorator.py
[2026-07-18T21:31:47.474+0000] {processor.py:925} INFO - DAG(s) 'example_branch_python_operator_decorator' retrieved from /home/airflow/.local/lib/python3.12/site-packages/airflow/example_dags/example_branch_operator_decorator.py
[2026-07-18T21:31:47.526+0000] {logging_mixin.py:190} INFO - [2026-07-18T21:31:47.525+0000] {dag.py:3239} INFO - Sync 1 DAGs
[2026-07-18T21:31:47.572+0000] {logging_mixin.py:190} INFO - [2026-07-18T21:31:47.572+0000] {dag.py:4180} INFO - Setting next_dagrun for example_branch_python_operator_decorator to 2026-07-17 00:00:00+00:00, run_after=2026-07-18 00:00:00+00:00
[2026-07-18T21:31:47.601+0000] {processor.py:208} INFO - Processing /home/airflow/.local/lib/python3.12/site-packages/airflow/example_dags/example_branch_operator_decorator.py took 0.180 seconds
[2026-07-18T21:32:19.510+0000] {processor.py:186} INFO - Started process (PID=895) to work on /home/airflow/.local/lib/python3.12/site-packages/airflow/example_dags/example_branch_operator_decorator.py
[2026-07-18T21:32:19.513+0000] {processor.py:914} INFO - Processing file /home/airflow/.local/lib/python3.12/site-packages/airflow/example_dags/example_branch_operator_decorator.py for tasks to queue
[2026-07-18T21:32:19.520+0000] {logging_mixin.py:190} INFO - [2026-07-18T21:32:19.519+0000] {dagbag.py:588} INFO - Filling up the DagBag from /home/airflow/.local/lib/python3.12/site-packages/airflow/example_dags/example_branch_operator_decorator.py
[2026-07-18T21:32:19.555+0000] {processor.py:925} INFO - DAG(s) 'example_branch_python_operator_decorator' retrieved from /home/airflow/.local/lib/python3.12/site-packages/airflow/example_dags/example_branch_operator_decorator.py
[2026-07-18T21:32:19.598+0000] {logging_mixin.py:190} INFO - [2026-07-18T21:32:19.598+0000] {dag.py:3239} INFO - Sync 1 DAGs
[2026-07-18T21:32:19.628+0000] {logging_mixin.py:190} INFO - [2026-07-18T21:32:19.627+0000] {dag.py:4180} INFO - Setting next_dagrun for example_branch_python_operator_decorator to 2026-07-17 00:00:00+00:00, run_after=2026-07-18 00:00:00+00:00
[2026-07-18T21:32:19.659+0000] {processor.py:208} INFO - Processing /home/airflow/.local/lib/python3.12/site-packages/airflow/example_dags/example_branch_operator_decorator.py took 0.160 seconds
[2026-07-18T21:32:50.102+0000] {processor.py:186} INFO - Started process (PID=960) to work on /home/airflow/.local/lib/python3.12/site-packages/airflow/example_dags/example_branch_operator_decorator.py
[2026-07-18T21:32:50.105+0000] {processor.py:914} INFO - Processing file /home/airflow/.local/lib/python3.12/site-packages/airflow/example_dags/example_branch_operator_decorator.py for tasks to queue
[2026-07-18T21:32:50.110+0000] {logging_mixin.py:190} INFO - [2026-07-18T21:32:50.109+0000] {dagbag.py:588} INFO - Filling up the DagBag from /home/airflow/.local/lib/python3.12/site-packages/airflow/example_dags/example_branch_operator_decorator.py
[2026-07-18T21:32:50.144+0000] {processor.py:925} INFO - DAG(s) 'example_branch_python_operator_decorator' retrieved from /home/airflow/.local/lib/python3.12/site-packages/airflow/example_dags/example_branch_operator_decorator.py
[2026-07-18T21:32:50.194+0000] {logging_mixin.py:190} INFO - [2026-07-18T21:32:50.194+0000] {dag.py:3239} INFO - Sync 1 DAGs
[2026-07-18T21:32:50.240+0000] {logging_mixin.py:190} INFO - [2026-07-18T21:32:50.240+0000] {dag.py:4180} INFO - Setting next_dagrun for example_branch_python_operator_decorator to 2026-07-17 00:00:00+00:00, run_after=2026-07-18 00:00:00+00:00
[2026-07-18T21:32:50.274+0000] {processor.py:208} INFO - Processing /home/airflow/.local/lib/python3.12/site-packages/airflow/example_dags/example_branch_operator_decorator.py took 0.182 seconds
[2026-07-18T21:33:23.363+0000] {processor.py:186} INFO - Started process (PID=1024) to work on /home/airflow/.local/lib/python3.12/site-packages/airflow/example_dags/example_branch_operator_decorator.py
[2026-07-18T21:33:23.366+0000] {processor.py:914} INFO - Processing file /home/airflow/.local/lib/python3.12/site-packages/airflow/example_dags/example_branch_operator_decorator.py for tasks to queue
[2026-07-18T21:33:23.373+0000] {logging_mixin.py:190} INFO - [2026-07-18T21:33:23.372+0000] {dagbag.py:588} INFO - Filling up the DagBag from /home/airflow/.local/lib/python3.12/site-packages/airflow/example_dags/example_branch_operator_decorator.py
[2026-07-18T21:33:23.434+0000] {processor.py:925} INFO - DAG(s) 'example_branch_python_operator_decorator' retrieved from /home/airflow/.local/lib/python3.12/site-packages/airflow/example_dags/example_branch_operator_decorator.py
[2026-07-18T21:33:23.481+0000] {logging_mixin.py:190} INFO - [2026-07-18T21:33:23.480+0000] {dag.py:3239} INFO - Sync 1 DAGs
[2026-07-18T21:33:23.516+0000] {logging_mixin.py:190} INFO - [2026-07-18T21:33:23.515+0000] {dag.py:4180} INFO - Setting next_dagrun for example_branch_python_operator_decorator to 2026-07-17 00:00:00+00:00, run_after=2026-07-18 00:00:00+00:00
[2026-07-18T21:33:23.553+0000] {processor.py:208} INFO - Processing /home/airflow/.local/lib/python3.12/site-packages/airflow/example_dags/example_branch_operator_decorator.py took 0.203 seconds
[2026-07-18T21:33:54.380+0000] {processor.py:186} INFO - Started process (PID=1089) to work on /home/airflow/.local/lib/python3.12/site-packages/airflow/example_dags/example_branch_operator_decorator.py
[2026-07-18T21:33:54.382+0000] {processor.py:914} INFO - Processing file /home/airflow/.local/lib/python3.12/site-packages/airflow/example_dags/example_branch_operator_decorator.py for tasks to queue
[2026-07-18T21:33:54.388+0000] {logging_mixin.py:190} INFO - [2026-07-18T21:33:54.387+0000] {dagbag.py:588} INFO - Filling up the DagBag from /home/airflow/.local/lib/python3.12/site-packages/airflow/example_dags/example_branch_operator_decorator.py
[2026-07-18T21:33:54.424+0000] {processor.py:925} INFO - DAG(s) 'example_branch_python_operator_decorator' retrieved from /home/airflow/.local/lib/python3.12/site-packages/airflow/example_dags/example_branch_operator_decorator.py
[2026-07-18T21:33:54.469+0000] {logging_mixin.py:190} INFO - [2026-07-18T21:33:54.468+0000] {dag.py:3239} INFO - Sync 1 DAGs
[2026-07-18T21:33:54.511+0000] {logging_mixin.py:190} INFO - [2026-07-18T21:33:54.510+0000] {dag.py:4180} INFO - Setting next_dagrun for example_branch_python_operator_decorator to 2026-07-17 00:00:00+00:00, run_after=2026-07-18 00:00:00+00:00
[2026-07-18T21:33:54.543+0000] {processor.py:208} INFO - Processing /home/airflow/.local/lib/python3.12/site-packages/airflow/example_dags/example_branch_operator_decorator.py took 0.173 seconds
[2026-07-18T21:34:25.167+0000] {processor.py:186} INFO - Started process (PID=1159) to work on /home/airflow/.local/lib/python3.12/site-packages/airflow/example_dags/example_branch_operator_decorator.py
[2026-07-18T21:34:25.169+0000] {processor.py:914} INFO - Processing file /home/airflow/.local/lib/python3.12/site-packages/airflow/example_dags/example_branch_operator_decorator.py for tasks to queue
[2026-07-18T21:34:25.174+0000] {logging_mixin.py:190} INFO - [2026-07-18T21:34:25.174+0000] {dagbag.py:588} INFO - Filling up the DagBag from /home/airflow/.local/lib/python3.12/site-packages/airflow/example_dags/example_branch_operator_decorator.py
[2026-07-18T21:34:25.209+0000] {processor.py:925} INFO - DAG(s) 'example_branch_python_operator_decorator' retrieved from /home/airflow/.local/lib/python3.12/site-packages/airflow/example_dags/example_branch_operator_decorator.py
[2026-07-18T21:34:25.255+0000] {logging_mixin.py:190} INFO - [2026-07-18T21:34:25.254+0000] {dag.py:3239} INFO - Sync 1 DAGs
[2026-07-18T21:34:25.312+0000] {logging_mixin.py:190} INFO - [2026-07-18T21:34:25.310+0000] {dag.py:4180} INFO - Setting next_dagrun for example_branch_python_operator_decorator to 2026-07-17 00:00:00+00:00, run_after=2026-07-18 00:00:00+00:00
[2026-07-18T21:34:25.366+0000] {processor.py:208} INFO - Processing /home/airflow/.local/lib/python3.12/site-packages/airflow/example_dags/example_branch_operator_decorator.py took 0.209 seconds
[2026-07-18T21:34:57.522+0000] {processor.py:186} INFO - Started process (PID=1223) to work on /home/airflow/.local/lib/python3.12/site-packages/airflow/example_dags/example_branch_operator_decorator.py
[2026-07-18T21:34:57.525+0000] {processor.py:914} INFO - Processing file /home/airflow/.local/lib/python3.12/site-packages/airflow/example_dags/example_branch_operator_decorator.py for tasks to queue
[2026-07-18T21:34:57.531+0000] {logging_mixin.py:190} INFO - [2026-07-18T21:34:57.530+0000] {dagbag.py:588} INFO - Filling up the DagBag from /home/airflow/.local/lib/python3.12/site-packages/airflow/example_dags/example_branch_operator_decorator.py
[2026-07-18T21:34:57.566+0000] {processor.py:925} INFO - DAG(s) 'example_branch_python_operator_decorator' retrieved from /home/airflow/.local/lib/python3.12/site-packages/airflow/example_dags/example_branch_operator_decorator.py
[2026-07-18T21:34:57.618+0000] {logging_mixin.py:190} INFO - [2026-07-18T21:34:57.618+0000] {dag.py:3239} INFO - Sync 1 DAGs
[2026-07-18T21:34:57.661+0000] {logging_mixin.py:190} INFO - [2026-07-18T21:34:57.660+0000] {dag.py:4180} INFO - Setting next_dagrun for example_branch_python_operator_decorator to 2026-07-17 00:00:00+00:00, run_after=2026-07-18 00:00:00+00:00
[2026-07-18T21:34:57.707+0000] {processor.py:208} INFO - Processing /home/airflow/.local/lib/python3.12/site-packages/airflow/example_dags/example_branch_operator_decorator.py took 0.194 seconds
[2026-07-18T21:35:29.177+0000] {processor.py:186} INFO - Started process (PID=1287) to work on /home/airflow/.local/lib/python3.12/site-packages/airflow/example_dags/example_branch_operator_decorator.py
[2026-07-18T21:35:29.179+0000] {processor.py:914} INFO - Processing file /home/airflow/.local/lib/python3.12/site-packages/airflow/example_dags/example_branch_operator_decorator.py for tasks to queue
[2026-07-18T21:35:29.183+0000] {logging_mixin.py:190} INFO - [2026-07-18T21:35:29.183+0000] {dagbag.py:588} INFO - Filling up the DagBag from /home/airflow/.local/lib/python3.12/site-packages/airflow/example_dags/example_branch_operator_decorator.py
[2026-07-18T21:35:29.210+0000] {processor.py:925} INFO - DAG(s) 'example_branch_python_operator_decorator' retrieved from /home/airflow/.local/lib/python3.12/site-packages/airflow/example_dags/example_branch_operator_decorator.py
[2026-07-18T21:35:29.257+0000] {logging_mixin.py:190} INFO - [2026-07-18T21:35:29.257+0000] {dag.py:3239} INFO - Sync 1 DAGs
[2026-07-18T21:35:29.291+0000] {logging_mixin.py:190} INFO - [2026-07-18T21:35:29.291+0000] {dag.py:4180} INFO - Setting next_dagrun for example_branch_python_operator_decorator to 2026-07-17 00:00:00+00:00, run_after=2026-07-18 00:00:00+00:00
[2026-07-18T21:35:29.320+0000] {processor.py:208} INFO - Processing /home/airflow/.local/lib/python3.12/site-packages/airflow/example_dags/example_branch_operator_decorator.py took 0.152 seconds
[2026-07-18T21:36:00.685+0000] {processor.py:186} INFO - Started process (PID=1351) to work on /home/airflow/.local/lib/python3.12/site-packages/airflow/example_dags/example_branch_operator_decorator.py
[2026-07-18T21:36:00.687+0000] {processor.py:914} INFO - Processing file /home/airflow/.local/lib/python3.12/site-packages/airflow/example_dags/example_branch_operator_decorator.py for tasks to queue
[2026-07-18T21:36:00.693+0000] {logging_mixin.py:190} INFO - [2026-07-18T21:36:00.692+0000] {dagbag.py:588} INFO - Filling up the DagBag from /home/airflow/.local/lib/python3.12/site-packages/airflow/example_dags/example_branch_operator_decorator.py
[2026-07-18T21:36:00.726+0000] {processor.py:925} INFO - DAG(s) 'example_branch_python_operator_decorator' retrieved from /home/airflow/.local/lib/python3.12/site-packages/airflow/example_dags/example_branch_operator_decorator.py
[2026-07-18T21:36:00.783+0000] {logging_mixin.py:190} INFO - [2026-07-18T21:36:00.782+0000] {dag.py:3239} INFO - Sync 1 DAGs
[2026-07-18T21:36:00.831+0000] {logging_mixin.py:190} INFO - [2026-07-18T21:36:00.830+0000] {dag.py:4180} INFO - Setting next_dagrun for example_branch_python_operator_decorator to 2026-07-17 00:00:00+00:00, run_after=2026-07-18 00:00:00+00:00
[2026-07-18T21:36:00.879+0000] {processor.py:208} INFO - Processing /home/airflow/.local/lib/python3.12/site-packages/airflow/example_dags/example_branch_operator_decorator.py took 0.203 seconds
[2026-07-18T21:36:32.370+0000] {processor.py:186} INFO - Started process (PID=1415) to work on /home/airflow/.local/lib/python3.12/site-packages/airflow/example_dags/example_branch_operator_decorator.py
[2026-07-18T21:36:32.375+0000] {processor.py:914} INFO - Processing file /home/airflow/.local/lib/python3.12/site-packages/airflow/example_dags/example_branch_operator_decorator.py for tasks to queue
[2026-07-18T21:36:32.384+0000] {logging_mixin.py:190} INFO - [2026-07-18T21:36:32.384+0000] {dagbag.py:588} INFO - Filling up the DagBag from /home/airflow/.local/lib/python3.12/site-packages/airflow/example_dags/example_branch_operator_decorator.py
[2026-07-18T21:36:32.457+0000] {processor.py:925} INFO - DAG(s) 'example_branch_python_operator_decorator' retrieved from /home/airflow/.local/lib/python3.12/site-packages/airflow/example_dags/example_branch_operator_decorator.py
[2026-07-18T21:36:32.501+0000] {logging_mixin.py:190} INFO - [2026-07-18T21:36:32.501+0000] {dag.py:3239} INFO - Sync 1 DAGs
[2026-07-18T21:36:32.535+0000] {logging_mixin.py:190} INFO - [2026-07-18T21:36:32.535+0000] {dag.py:4180} INFO - Setting next_dagrun for example_branch_python_operator_decorator to 2026-07-17 00:00:00+00:00, run_after=2026-07-18 00:00:00+00:00
[2026-07-18T21:36:32.621+0000] {processor.py:208} INFO - Processing /home/airflow/.local/lib/python3.12/site-packages/airflow/example_dags/example_branch_operator_decorator.py took 0.269 seconds
[2026-07-18T21:37:03.648+0000] {processor.py:186} INFO - Started process (PID=1479) to work on /home/airflow/.local/lib/python3.12/site-packages/airflow/example_dags/example_branch_operator_decorator.py
[2026-07-18T21:37:03.650+0000] {processor.py:914} INFO - Processing file /home/airflow/.local/lib/python3.12/site-packages/airflow/example_dags/example_branch_operator_decorator.py for tasks to queue
[2026-07-18T21:37:03.657+0000] {logging_mixin.py:190} INFO - [2026-07-18T21:37:03.656+0000] {dagbag.py:588} INFO - Filling up the DagBag from /home/airflow/.local/lib/python3.12/site-packages/airflow/example_dags/example_branch_operator_decorator.py
[2026-07-18T21:37:03.686+0000] {processor.py:925} INFO - DAG(s) 'example_branch_python_operator_decorator' retrieved from /home/airflow/.local/lib/python3.12/site-packages/airflow/example_dags/example_branch_operator_decorator.py
[2026-07-18T21:37:03.729+0000] {logging_mixin.py:190} INFO - [2026-07-18T21:37:03.728+0000] {dag.py:3239} INFO - Sync 1 DAGs
[2026-07-18T21:37:03.771+0000] {logging_mixin.py:190} INFO - [2026-07-18T21:37:03.771+0000] {dag.py:4180} INFO - Setting next_dagrun for example_branch_python_operator_decorator to 2026-07-17 00:00:00+00:00, run_after=2026-07-18 00:00:00+00:00
[2026-07-18T21:37:03.821+0000] {processor.py:208} INFO - Processing /home/airflow/.local/lib/python3.12/site-packages/airflow/example_dags/example_branch_operator_decorator.py took 0.186 seconds
[2026-07-18T21:37:36.289+0000] {processor.py:186} INFO - Started process (PID=1543) to work on /home/airflow/.local/lib/python3.12/site-packages/airflow/example_dags/example_branch_operator_decorator.py
[2026-07-18T21:37:36.292+0000] {processor.py:914} INFO - Processing file /home/airflow/.local/lib/python3.12/site-packages/airflow/example_dags/example_branch_operator_decorator.py for tasks to queue
[2026-07-18T21:37:36.299+0000] {logging_mixin.py:190} INFO - [2026-07-18T21:37:36.298+0000] {dagbag.py:588} INFO - Filling up the DagBag from /home/airflow/.local/lib/python3.12/site-packages/airflow/example_dags/example_branch_operator_decorator.py
[2026-07-18T21:37:36.353+0000] {processor.py:925} INFO - DAG(s) 'example_branch_python_operator_decorator' retrieved from /home/airflow/.local/lib/python3.12/site-packages/airflow/example_dags/example_branch_operator_decorator.py
[2026-07-18T21:37:36.428+0000] {logging_mixin.py:190} INFO - [2026-07-18T21:37:36.427+0000] {dag.py:3239} INFO - Sync 1 DAGs
[2026-07-18T21:37:36.487+0000] {logging_mixin.py:190} INFO - [2026-07-18T21:37:36.487+0000] {dag.py:4180} INFO - Setting next_dagrun for example_branch_python_operator_decorator to 2026-07-17 00:00:00+00:00, run_after=2026-07-18 00:00:00+00:00
[2026-07-18T21:37:36.527+0000] {processor.py:208} INFO - Processing /home/airflow/.local/lib/python3.12/site-packages/airflow/example_dags/example_branch_operator_decorator.py took 0.253 seconds
[2026-07-18T21:38:07.984+0000] {processor.py:186} INFO - Started process (PID=1607) to work on /home/airflow/.local/lib/python3.12/site-packages/airflow/example_dags/example_branch_operator_decorator.py
[2026-07-18T21:38:07.988+0000] {processor.py:914} INFO - Processing file /home/airflow/.local/lib/python3.12/site-packages/airflow/example_dags/example_branch_operator_decorator.py for tasks to queue
[2026-07-18T21:38:07.994+0000] {logging_mixin.py:190} INFO - [2026-07-18T21:38:07.994+0000] {dagbag.py:588} INFO - Filling up the DagBag from /home/airflow/.local/lib/python3.12/site-packages/airflow/example_dags/example_branch_operator_decorator.py
[2026-07-18T21:38:08.033+0000] {processor.py:925} INFO - DAG(s) 'example_branch_python_operator_decorator' retrieved from /home/airflow/.local/lib/python3.12/site-packages/airflow/example_dags/example_branch_operator_decorator.py
[2026-07-18T21:38:08.092+0000] {logging_mixin.py:190} INFO - [2026-07-18T21:38:08.092+0000] {dag.py:3239} INFO - Sync 1 DAGs
[2026-07-18T21:38:08.170+0000] {logging_mixin.py:190} INFO - [2026-07-18T21:38:08.169+0000] {dag.py:4180} INFO - Setting next_dagrun for example_branch_python_operator_decorator to 2026-07-17 00:00:00+00:00, run_after=2026-07-18 00:00:00+00:00
[2026-07-18T21:38:08.240+0000] {processor.py:208} INFO - Processing /home/airflow/.local/lib/python3.12/site-packages/airflow/example_dags/example_branch_operator_decorator.py took 0.268 seconds
[2026-07-18T21:38:39.585+0000] {processor.py:186} INFO - Started process (PID=1672) to work on /home/airflow/.local/lib/python3.12/site-packages/airflow/example_dags/example_branch_operator_decorator.py
[2026-07-18T21:38:39.587+0000] {processor.py:914} INFO - Processing file /home/airflow/.local/lib/python3.12/site-packages/airflow/example_dags/example_branch_operator_decorator.py for tasks to queue
[2026-07-18T21:38:39.592+0000] {logging_mixin.py:190} INFO - [2026-07-18T21:38:39.591+0000] {dagbag.py:588} INFO - Filling up the DagBag from /home/airflow/.local/lib/python3.12/site-packages/airflow/example_dags/example_branch_operator_decorator.py
[2026-07-18T21:38:39.626+0000] {processor.py:925} INFO - DAG(s) 'example_branch_python_operator_decorator' retrieved from /home/airflow/.local/lib/python3.12/site-packages/airflow/example_dags/example_branch_operator_decorator.py
[2026-07-18T21:38:39.659+0000] {logging_mixin.py:190} INFO - [2026-07-18T21:38:39.658+0000] {dag.py:3239} INFO - Sync 1 DAGs
[2026-07-18T21:38:39.688+0000] {logging_mixin.py:190} INFO - [2026-07-18T21:38:39.688+0000] {dag.py:4180} INFO - Setting next_dagrun for example_branch_python_operator_decorator to 2026-07-17 00:00:00+00:00, run_after=2026-07-18 00:00:00+00:00
[2026-07-18T21:38:39.723+0000] {processor.py:208} INFO - Processing /home/airflow/.local/lib/python3.12/site-packages/airflow/example_dags/example_branch_operator_decorator.py took 0.149 seconds
[2026-07-18T21:39:10.549+0000] {processor.py:186} INFO - Started process (PID=1736) to work on /home/airflow/.local/lib/python3.12/site-packages/airflow/example_dags/example_branch_operator_decorator.py
[2026-07-18T21:39:10.551+0000] {processor.py:914} INFO - Processing file /home/airflow/.local/lib/python3.12/site-packages/airflow/example_dags/example_branch_operator_decorator.py for tasks to queue
[2026-07-18T21:39:10.556+0000] {logging_mixin.py:190} INFO - [2026-07-18T21:39:10.555+0000] {dagbag.py:588} INFO - Filling up the DagBag from /home/airflow/.local/lib/python3.12/site-packages/airflow/example_dags/example_branch_operator_decorator.py
[2026-07-18T21:39:10.581+0000] {processor.py:925} INFO - DAG(s) 'example_branch_python_operator_decorator' retrieved from /home/airflow/.local/lib/python3.12/site-packages/airflow/example_dags/example_branch_operator_decorator.py
[2026-07-18T21:39:10.637+0000] {logging_mixin.py:190} INFO - [2026-07-18T21:39:10.637+0000] {dag.py:3239} INFO - Sync 1 DAGs
[2026-07-18T21:39:10.672+0000] {logging_mixin.py:190} INFO - [2026-07-18T21:39:10.672+0000] {dag.py:4180} INFO - Setting next_dagrun for example_branch_python_operator_decorator to 2026-07-17 00:00:00+00:00, run_after=2026-07-18 00:00:00+00:00
[2026-07-18T21:39:10.705+0000] {processor.py:208} INFO - Processing /home/airflow/.local/lib/python3.12/site-packages/airflow/example_dags/example_branch_operator_decorator.py took 0.163 seconds
[2026-07-18T21:39:43.847+0000] {processor.py:186} INFO - Started process (PID=1800) to work on /home/airflow/.local/lib/python3.12/site-packages/airflow/example_dags/example_branch_operator_decorator.py
[2026-07-18T21:39:43.851+0000] {processor.py:914} INFO - Processing file /home/airflow/.local/lib/python3.12/site-packages/airflow/example_dags/example_branch_operator_decorator.py for tasks to queue
[2026-07-18T21:39:43.859+0000] {logging_mixin.py:190} INFO - [2026-07-18T21:39:43.858+0000] {dagbag.py:588} INFO - Filling up the DagBag from /home/airflow/.local/lib/python3.12/site-packages/airflow/example_dags/example_branch_operator_decorator.py
[2026-07-18T21:39:43.919+0000] {processor.py:925} INFO - DAG(s) 'example_branch_python_operator_decorator' retrieved from /home/airflow/.local/lib/python3.12/site-packages/airflow/example_dags/example_branch_operator_decorator.py
[2026-07-18T21:39:43.981+0000] {logging_mixin.py:190} INFO - [2026-07-18T21:39:43.981+0000] {dag.py:3239} INFO - Sync 1 DAGs
[2026-07-18T21:39:44.028+0000] {logging_mixin.py:190} INFO - [2026-07-18T21:39:44.027+0000] {dag.py:4180} INFO - Setting next_dagrun for example_branch_python_operator_decorator to 2026-07-17 00:00:00+00:00, run_after=2026-07-18 00:00:00+00:00
[2026-07-18T21:39:44.065+0000] {processor.py:208} INFO - Processing /home/airflow/.local/lib/python3.12/site-packages/airflow/example_dags/example_branch_operator_decorator.py took 0.234 seconds
[2026-07-18T21:40:15.477+0000] {processor.py:186} INFO - Started process (PID=1864) to work on /home/airflow/.local/lib/python3.12/site-packages/airflow/example_dags/example_branch_operator_decorator.py
[2026-07-18T21:40:15.480+0000] {processor.py:914} INFO - Processing file /home/airflow/.local/lib/python3.12/site-packages/airflow/example_dags/example_branch_operator_decorator.py for tasks to queue
[2026-07-18T21:40:15.486+0000] {logging_mixin.py:190} INFO - [2026-07-18T21:40:15.485+0000] {dagbag.py:588} INFO - Filling up the DagBag from /home/airflow/.local/lib/python3.12/site-packages/airflow/example_dags/example_branch_operator_decorator.py
[2026-07-18T21:40:15.522+0000] {processor.py:925} INFO - DAG(s) 'example_branch_python_operator_decorator' retrieved from /home/airflow/.local/lib/python3.12/site-packages/airflow/example_dags/example_branch_operator_decorator.py
[2026-07-18T21:40:15.577+0000] {logging_mixin.py:190} INFO - [2026-07-18T21:40:15.577+0000] {dag.py:3239} INFO - Sync 1 DAGs
[2026-07-18T21:40:15.640+0000] {logging_mixin.py:190} INFO - [2026-07-18T21:40:15.639+0000] {dag.py:4180} INFO - Setting next_dagrun for example_branch_python_operator_decorator to 2026-07-17 00:00:00+00:00, run_after=2026-07-18 00:00:00+00:00
[2026-07-18T21:40:15.686+0000] {processor.py:208} INFO - Processing /home/airflow/.local/lib/python3.12/site-packages/airflow/example_dags/example_branch_operator_decorator.py took 0.222 seconds
[2026-07-18T21:40:46.506+0000] {processor.py:186} INFO - Started process (PID=1928) to work on /home/airflow/.local/lib/python3.12/site-packages/airflow/example_dags/example_branch_operator_decorator.py
[2026-07-18T21:40:46.511+0000] {processor.py:914} INFO - Processing file /home/airflow/.local/lib/python3.12/site-packages/airflow/example_dags/example_branch_operator_decorator.py for tasks to queue
[2026-07-18T21:40:46.522+0000] {logging_mixin.py:190} INFO - [2026-07-18T21:40:46.521+0000] {dagbag.py:588} INFO - Filling up the DagBag from /home/airflow/.local/lib/python3.12/site-packages/airflow/example_dags/example_branch_operator_decorator.py
[2026-07-18T21:40:46.586+0000] {processor.py:925} INFO - DAG(s) 'example_branch_python_operator_decorator' retrieved from /home/airflow/.local/lib/python3.12/site-packages/airflow/example_dags/example_branch_operator_decorator.py
[2026-07-18T21:40:46.629+0000] {logging_mixin.py:190} INFO - [2026-07-18T21:40:46.628+0000] {dag.py:3239} INFO - Sync 1 DAGs
[2026-07-18T21:40:46.676+0000] {logging_mixin.py:190} INFO - [2026-07-18T21:40:46.676+0000] {dag.py:4180} INFO - Setting next_dagrun for example_branch_python_operator_decorator to 2026-07-17 00:00:00+00:00, run_after=2026-07-18 00:00:00+00:00
[2026-07-18T21:40:46.809+0000] {processor.py:208} INFO - Processing /home/airflow/.local/lib/python3.12/site-packages/airflow/example_dags/example_branch_operator_decorator.py took 0.320 seconds
[2026-07-18T21:41:17.416+0000] {processor.py:186} INFO - Started process (PID=1992) to work on /home/airflow/.local/lib/python3.12/site-packages/airflow/example_dags/example_branch_operator_decorator.py
[2026-07-18T21:41:17.418+0000] {processor.py:914} INFO - Processing file /home/airflow/.local/lib/python3.12/site-packages/airflow/example_dags/example_branch_operator_decorator.py for tasks to queue
[2026-07-18T21:41:17.423+0000] {logging_mixin.py:190} INFO - [2026-07-18T21:41:17.423+0000] {dagbag.py:588} INFO - Filling up the DagBag from /home/airflow/.local/lib/python3.12/site-packages/airflow/example_dags/example_branch_operator_decorator.py
[2026-07-18T21:41:17.458+0000] {processor.py:925} INFO - DAG(s) 'example_branch_python_operator_decorator' retrieved from /home/airflow/.local/lib/python3.12/site-packages/airflow/example_dags/example_branch_operator_decorator.py
[2026-07-18T21:41:17.500+0000] {logging_mixin.py:190} INFO - [2026-07-18T21:41:17.500+0000] {dag.py:3239} INFO - Sync 1 DAGs
[2026-07-18T21:41:17.540+0000] {logging_mixin.py:190} INFO - [2026-07-18T21:41:17.540+0000] {dag.py:4180} INFO - Setting next_dagrun for example_branch_python_operator_decorator to 2026-07-17 00:00:00+00:00, run_after=2026-07-18 00:00:00+00:00
[2026-07-18T21:41:17.572+0000] {processor.py:208} INFO - Processing /home/airflow/.local/lib/python3.12/site-packages/airflow/example_dags/example_branch_operator_decorator.py took 0.165 seconds
[2026-07-18T21:41:48.919+0000] {processor.py:186} INFO - Started process (PID=2056) to work on /home/airflow/.local/lib/python3.12/site-packages/airflow/example_dags/example_branch_operator_decorator.py
[2026-07-18T21:41:48.922+0000] {processor.py:914} INFO - Processing file /home/airflow/.local/lib/python3.12/site-packages/airflow/example_dags/example_branch_operator_decorator.py for tasks to queue
[2026-07-18T21:41:48.929+0000] {logging_mixin.py:190} INFO - [2026-07-18T21:41:48.928+0000] {dagbag.py:588} INFO - Filling up the DagBag from /home/airflow/.local/lib/python3.12/site-packages/airflow/example_dags/example_branch_operator_decorator.py
[2026-07-18T21:41:48.982+0000] {processor.py:925} INFO - DAG(s) 'example_branch_python_operator_decorator' retrieved from /home/airflow/.local/lib/python3.12/site-packages/airflow/example_dags/example_branch_operator_decorator.py
[2026-07-18T21:41:49.030+0000] {logging_mixin.py:190} INFO - [2026-07-18T21:41:49.030+0000] {dag.py:3239} INFO - Sync 1 DAGs
[2026-07-18T21:41:49.063+0000] {logging_mixin.py:190} INFO - [2026-07-18T21:41:49.063+0000] {dag.py:4180} INFO - Setting next_dagrun for example_branch_python_operator_decorator to 2026-07-17 00:00:00+00:00, run_after=2026-07-18 00:00:00+00:00
[2026-07-18T21:41:49.093+0000] {processor.py:208} INFO - Processing /home/airflow/.local/lib/python3.12/site-packages/airflow/example_dags/example_branch_operator_decorator.py took 0.183 seconds
[2026-07-18T21:42:21.146+0000] {processor.py:186} INFO - Started process (PID=2122) to work on /home/airflow/.local/lib/python3.12/site-packages/airflow/example_dags/example_branch_operator_decorator.py
[2026-07-18T21:42:21.148+0000] {processor.py:914} INFO - Processing file /home/airflow/.local/lib/python3.12/site-packages/airflow/example_dags/example_branch_operator_decorator.py for tasks to queue
[2026-07-18T21:42:21.154+0000] {logging_mixin.py:190} INFO - [2026-07-18T21:42:21.154+0000] {dagbag.py:588} INFO - Filling up the DagBag from /home/airflow/.local/lib/python3.12/site-packages/airflow/example_dags/example_branch_operator_decorator.py
[2026-07-18T21:42:21.189+0000] {processor.py:925} INFO - DAG(s) 'example_branch_python_operator_decorator' retrieved from /home/airflow/.local/lib/python3.12/site-packages/airflow/example_dags/example_branch_operator_decorator.py
[2026-07-18T21:42:21.243+0000] {logging_mixin.py:190} INFO - [2026-07-18T21:42:21.243+0000] {dag.py:3239} INFO - Sync 1 DAGs
[2026-07-18T21:42:21.293+0000] {logging_mixin.py:190} INFO - [2026-07-18T21:42:21.293+0000] {dag.py:4180} INFO - Setting next_dagrun for example_branch_python_operator_decorator to 2026-07-17 00:00:00+00:00, run_after=2026-07-18 00:00:00+00:00
[2026-07-18T21:42:21.331+0000] {processor.py:208} INFO - Processing /home/airflow/.local/lib/python3.12/site-packages/airflow/example_dags/example_branch_operator_decorator.py took 0.195 seconds
[2026-07-18T21:42:52.158+0000] {processor.py:186} INFO - Started process (PID=2186) to work on /home/airflow/.local/lib/python3.12/site-packages/airflow/example_dags/example_branch_operator_decorator.py
[2026-07-18T21:42:52.161+0000] {processor.py:914} INFO - Processing file /home/airflow/.local/lib/python3.12/site-packages/airflow/example_dags/example_branch_operator_decorator.py for tasks to queue
[2026-07-18T21:42:52.165+0000] {logging_mixin.py:190} INFO - [2026-07-18T21:42:52.165+0000] {dagbag.py:588} INFO - Filling up the DagBag from /home/airflow/.local/lib/python3.12/site-packages/airflow/example_dags/example_branch_operator_decorator.py
[2026-07-18T21:42:52.205+0000] {processor.py:925} INFO - DAG(s) 'example_branch_python_operator_decorator' retrieved from /home/airflow/.local/lib/python3.12/site-packages/airflow/example_dags/example_branch_operator_decorator.py
[2026-07-18T21:42:52.244+0000] {logging_mixin.py:190} INFO - [2026-07-18T21:42:52.244+0000] {dag.py:3239} INFO - Sync 1 DAGs
[2026-07-18T21:42:52.275+0000] {logging_mixin.py:190} INFO - [2026-07-18T21:42:52.275+0000] {dag.py:4180} INFO - Setting next_dagrun for example_branch_python_operator_decorator to 2026-07-17 00:00:00+00:00, run_after=2026-07-18 00:00:00+00:00
[2026-07-18T21:42:52.300+0000] {processor.py:208} INFO - Processing /home/airflow/.local/lib/python3.12/site-packages/airflow/example_dags/example_branch_operator_decorator.py took 0.154 seconds
[2026-07-18T21:43:25.669+0000] {processor.py:186} INFO - Started process (PID=2254) to work on /home/airflow/.local/lib/python3.12/site-packages/airflow/example_dags/example_branch_operator_decorator.py
[2026-07-18T21:43:25.678+0000] {processor.py:914} INFO - Processing file /home/airflow/.local/lib/python3.12/site-packages/airflow/example_dags/example_branch_operator_decorator.py for tasks to queue
[2026-07-18T21:43:25.688+0000] {logging_mixin.py:190} INFO - [2026-07-18T21:43:25.687+0000] {dagbag.py:588} INFO - Filling up the DagBag from /home/airflow/.local/lib/python3.12/site-packages/airflow/example_dags/example_branch_operator_decorator.py
[2026-07-18T21:43:25.752+0000] {processor.py:925} INFO - DAG(s) 'example_branch_python_operator_decorator' retrieved from /home/airflow/.local/lib/python3.12/site-packages/airflow/example_dags/example_branch_operator_decorator.py
[2026-07-18T21:43:25.825+0000] {logging_mixin.py:190} INFO - [2026-07-18T21:43:25.824+0000] {dag.py:3239} INFO - Sync 1 DAGs
[2026-07-18T21:43:25.883+0000] {logging_mixin.py:190} INFO - [2026-07-18T21:43:25.882+0000] {dag.py:4180} INFO - Setting next_dagrun for example_branch_python_operator_decorator to 2026-07-17 00:00:00+00:00, run_after=2026-07-18 00:00:00+00:00
[2026-07-18T21:43:25.928+0000] {processor.py:208} INFO - Processing /home/airflow/.local/lib/python3.12/site-packages/airflow/example_dags/example_branch_operator_decorator.py took 0.276 seconds
[2026-07-18T21:43:56.779+0000] {processor.py:186} INFO - Started process (PID=2319) to work on /home/airflow/.local/lib/python3.12/site-packages/airflow/example_dags/example_branch_operator_decorator.py
[2026-07-18T21:43:56.782+0000] {processor.py:914} INFO - Processing file /home/airflow/.local/lib/python3.12/site-packages/airflow/example_dags/example_branch_operator_decorator.py for tasks to queue
[2026-07-18T21:43:56.792+0000] {logging_mixin.py:190} INFO - [2026-07-18T21:43:56.791+0000] {dagbag.py:588} INFO - Filling up the DagBag from /home/airflow/.local/lib/python3.12/site-packages/airflow/example_dags/example_branch_operator_decorator.py
[2026-07-18T21:43:56.846+0000] {processor.py:925} INFO - DAG(s) 'example_branch_python_operator_decorator' retrieved from /home/airflow/.local/lib/python3.12/site-packages/airflow/example_dags/example_branch_operator_decorator.py
[2026-07-18T21:43:56.899+0000] {logging_mixin.py:190} INFO - [2026-07-18T21:43:56.898+0000] {dag.py:3239} INFO - Sync 1 DAGs
[2026-07-18T21:43:56.941+0000] {logging_mixin.py:190} INFO - [2026-07-18T21:43:56.940+0000] {dag.py:4180} INFO - Setting next_dagrun for example_branch_python_operator_decorator to 2026-07-17 00:00:00+00:00, run_after=2026-07-18 00:00:00+00:00
[2026-07-18T21:43:56.979+0000] {processor.py:208} INFO - Processing /home/airflow/.local/lib/python3.12/site-packages/airflow/example_dags/example_branch_operator_decorator.py took 0.211 seconds
[2026-07-18T21:44:27.919+0000] {processor.py:186} INFO - Started process (PID=2389) to work on /home/airflow/.local/lib/python3.12/site-packages/airflow/example_dags/example_branch_operator_decorator.py
[2026-07-18T21:44:27.923+0000] {processor.py:914} INFO - Processing file /home/airflow/.local/lib/python3.12/site-packages/airflow/example_dags/example_branch_operator_decorator.py for tasks to queue
[2026-07-18T21:44:27.930+0000] {logging_mixin.py:190} INFO - [2026-07-18T21:44:27.930+0000] {dagbag.py:588} INFO - Filling up the DagBag from /home/airflow/.local/lib/python3.12/site-packages/airflow/example_dags/example_branch_operator_decorator.py
[2026-07-18T21:44:27.971+0000] {processor.py:925} INFO - DAG(s) 'example_branch_python_operator_decorator' retrieved from /home/airflow/.local/lib/python3.12/site-packages/airflow/example_dags/example_branch_operator_decorator.py
[2026-07-18T21:44:28.021+0000] {logging_mixin.py:190} INFO - [2026-07-18T21:44:28.020+0000] {dag.py:3239} INFO - Sync 1 DAGs
[2026-07-18T21:44:28.063+0000] {logging_mixin.py:190} INFO - [2026-07-18T21:44:28.063+0000] {dag.py:4180} INFO - Setting next_dagrun for example_branch_python_operator_decorator to 2026-07-17 00:00:00+00:00, run_after=2026-07-18 00:00:00+00:00
[2026-07-18T21:44:28.099+0000] {processor.py:208} INFO - Processing /home/airflow/.local/lib/python3.12/site-packages/airflow/example_dags/example_branch_operator_decorator.py took 0.193 seconds
[2026-07-18T21:44:59.058+0000] {processor.py:186} INFO - Started process (PID=2455) to work on /home/airflow/.local/lib/python3.12/site-packages/airflow/example_dags/example_branch_operator_decorator.py
[2026-07-18T21:44:59.061+0000] {processor.py:914} INFO - Processing file /home/airflow/.local/lib/python3.12/site-packages/airflow/example_dags/example_branch_operator_decorator.py for tasks to queue
[2026-07-18T21:44:59.067+0000] {logging_mixin.py:190} INFO - [2026-07-18T21:44:59.066+0000] {dagbag.py:588} INFO - Filling up the DagBag from /home/airflow/.local/lib/python3.12/site-packages/airflow/example_dags/example_branch_operator_decorator.py
[2026-07-18T21:44:59.103+0000] {processor.py:925} INFO - DAG(s) 'example_branch_python_operator_decorator' retrieved from /home/airflow/.local/lib/python3.12/site-packages/airflow/example_dags/example_branch_operator_decorator.py
[2026-07-18T21:44:59.144+0000] {logging_mixin.py:190} INFO - [2026-07-18T21:44:59.144+0000] {dag.py:3239} INFO - Sync 1 DAGs
[2026-07-18T21:44:59.180+0000] {logging_mixin.py:190} INFO - [2026-07-18T21:44:59.179+0000] {dag.py:4180} INFO - Setting next_dagrun for example_branch_python_operator_decorator to 2026-07-17 00:00:00+00:00, run_after=2026-07-18 00:00:00+00:00
[2026-07-18T21:44:59.278+0000] {processor.py:208} INFO - Processing /home/airflow/.local/lib/python3.12/site-packages/airflow/example_dags/example_branch_operator_decorator.py took 0.229 seconds
[2026-07-18T21:45:32.504+0000] {processor.py:186} INFO - Started process (PID=2521) to work on /home/airflow/.local/lib/python3.12/site-packages/airflow/example_dags/example_branch_operator_decorator.py
[2026-07-18T21:45:32.508+0000] {processor.py:914} INFO - Processing file /home/airflow/.local/lib/python3.12/site-packages/airflow/example_dags/example_branch_operator_decorator.py for tasks to queue
[2026-07-18T21:45:32.518+0000] {logging_mixin.py:190} INFO - [2026-07-18T21:45:32.517+0000] {dagbag.py:588} INFO - Filling up the DagBag from /home/airflow/.local/lib/python3.12/site-packages/airflow/example_dags/example_branch_operator_decorator.py
[2026-07-18T21:45:32.568+0000] {processor.py:925} INFO - DAG(s) 'example_branch_python_operator_decorator' retrieved from /home/airflow/.local/lib/python3.12/site-packages/airflow/example_dags/example_branch_operator_decorator.py
[2026-07-18T21:45:32.608+0000] {logging_mixin.py:190} INFO - [2026-07-18T21:45:32.607+0000] {dag.py:3239} INFO - Sync 1 DAGs
[2026-07-18T21:45:32.643+0000] {logging_mixin.py:190} INFO - [2026-07-18T21:45:32.643+0000] {dag.py:4180} INFO - Setting next_dagrun for example_branch_python_operator_decorator to 2026-07-17 00:00:00+00:00, run_after=2026-07-18 00:00:00+00:00
[2026-07-18T21:45:32.679+0000] {processor.py:208} INFO - Processing /home/airflow/.local/lib/python3.12/site-packages/airflow/example_dags/example_branch_operator_decorator.py took 0.194 seconds
[2026-07-18T21:46:03.352+0000] {processor.py:186} INFO - Started process (PID=2585) to work on /home/airflow/.local/lib/python3.12/site-packages/airflow/example_dags/example_branch_operator_decorator.py
[2026-07-18T21:46:03.355+0000] {processor.py:914} INFO - Processing file /home/airflow/.local/lib/python3.12/site-packages/airflow/example_dags/example_branch_operator_decorator.py for tasks to queue
[2026-07-18T21:46:03.360+0000] {logging_mixin.py:190} INFO - [2026-07-18T21:46:03.360+0000] {dagbag.py:588} INFO - Filling up the DagBag from /home/airflow/.local/lib/python3.12/site-packages/airflow/example_dags/example_branch_operator_decorator.py
[2026-07-18T21:46:03.399+0000] {processor.py:925} INFO - DAG(s) 'example_branch_python_operator_decorator' retrieved from /home/airflow/.local/lib/python3.12/site-packages/airflow/example_dags/example_branch_operator_decorator.py
[2026-07-18T21:46:03.452+0000] {logging_mixin.py:190} INFO - [2026-07-18T21:46:03.451+0000] {dag.py:3239} INFO - Sync 1 DAGs
[2026-07-18T21:46:03.495+0000] {logging_mixin.py:190} INFO - [2026-07-18T21:46:03.495+0000] {dag.py:4180} INFO - Setting next_dagrun for example_branch_python_operator_decorator to 2026-07-17 00:00:00+00:00, run_after=2026-07-18 00:00:00+00:00
[2026-07-18T21:46:03.531+0000] {processor.py:208} INFO - Processing /home/airflow/.local/lib/python3.12/site-packages/airflow/example_dags/example_branch_operator_decorator.py took 0.190 seconds
[2026-07-18T21:46:33.834+0000] {processor.py:186} INFO - Started process (PID=2649) to work on /home/airflow/.local/lib/python3.12/site-packages/airflow/example_dags/example_branch_operator_decorator.py
[2026-07-18T21:46:33.837+0000] {processor.py:914} INFO - Processing file /home/airflow/.local/lib/python3.12/site-packages/airflow/example_dags/example_branch_operator_decorator.py for tasks to queue
[2026-07-18T21:46:33.842+0000] {logging_mixin.py:190} INFO - [2026-07-18T21:46:33.841+0000] {dagbag.py:588} INFO - Filling up the DagBag from /home/airflow/.local/lib/python3.12/site-packages/airflow/example_dags/example_branch_operator_decorator.py
[2026-07-18T21:46:33.876+0000] {processor.py:925} INFO - DAG(s) 'example_branch_python_operator_decorator' retrieved from /home/airflow/.local/lib/python3.12/site-packages/airflow/example_dags/example_branch_operator_decorator.py
[2026-07-18T21:46:33.938+0000] {logging_mixin.py:190} INFO - [2026-07-18T21:46:33.937+0000] {dag.py:3239} INFO - Sync 1 DAGs
[2026-07-18T21:46:34.007+0000] {logging_mixin.py:190} INFO - [2026-07-18T21:46:34.006+0000] {dag.py:4180} INFO - Setting next_dagrun for example_branch_python_operator_decorator to 2026-07-17 00:00:00+00:00, run_after=2026-07-18 00:00:00+00:00
[2026-07-18T21:46:34.059+0000] {processor.py:208} INFO - Processing /home/airflow/.local/lib/python3.12/site-packages/airflow/example_dags/example_branch_operator_decorator.py took 0.235 seconds
[2026-07-18T21:47:04.587+0000] {processor.py:186} INFO - Started process (PID=2713) to work on /home/airflow/.local/lib/python3.12/site-packages/airflow/example_dags/example_branch_operator_decorator.py
[2026-07-18T21:47:04.590+0000] {processor.py:914} INFO - Processing file /home/airflow/.local/lib/python3.12/site-packages/airflow/example_dags/example_branch_operator_decorator.py for tasks to queue
[2026-07-18T21:47:04.596+0000] {logging_mixin.py:190} INFO - [2026-07-18T21:47:04.595+0000] {dagbag.py:588} INFO - Filling up the DagBag from /home/airflow/.local/lib/python3.12/site-packages/airflow/example_dags/example_branch_operator_decorator.py
[2026-07-18T21:47:04.632+0000] {processor.py:925} INFO - DAG(s) 'example_branch_python_operator_decorator' retrieved from /home/airflow/.local/lib/python3.12/site-packages/airflow/example_dags/example_branch_operator_decorator.py
[2026-07-18T21:47:04.682+0000] {logging_mixin.py:190} INFO - [2026-07-18T21:47:04.681+0000] {dag.py:3239} INFO - Sync 1 DAGs
[2026-07-18T21:47:04.715+0000] {logging_mixin.py:190} INFO - [2026-07-18T21:47:04.715+0000] {dag.py:4180} INFO - Setting next_dagrun for example_branch_python_operator_decorator to 2026-07-17 00:00:00+00:00, run_after=2026-07-18 00:00:00+00:00
[2026-07-18T21:47:04.743+0000] {processor.py:208} INFO - Processing /home/airflow/.local/lib/python3.12/site-packages/airflow/example_dags/example_branch_operator_decorator.py took 0.168 seconds
[2026-07-18T21:47:36.580+0000] {processor.py:186} INFO - Started process (PID=2777) to work on /home/airflow/.local/lib/python3.12/site-packages/airflow/example_dags/example_branch_operator_decorator.py
[2026-07-18T21:47:36.583+0000] {processor.py:914} INFO - Processing file /home/airflow/.local/lib/python3.12/site-packages/airflow/example_dags/example_branch_operator_decorator.py for tasks to queue
[2026-07-18T21:47:36.587+0000] {logging_mixin.py:190} INFO - [2026-07-18T21:47:36.586+0000] {dagbag.py:588} INFO - Filling up the DagBag from /home/airflow/.local/lib/python3.12/site-packages/airflow/example_dags/example_branch_operator_decorator.py
[2026-07-18T21:47:36.615+0000] {processor.py:925} INFO - DAG(s) 'example_branch_python_operator_decorator' retrieved from /home/airflow/.local/lib/python3.12/site-packages/airflow/example_dags/example_branch_operator_decorator.py
[2026-07-18T21:47:36.656+0000] {logging_mixin.py:190} INFO - [2026-07-18T21:47:36.656+0000] {dag.py:3239} INFO - Sync 1 DAGs
[2026-07-18T21:47:36.694+0000] {logging_mixin.py:190} INFO - [2026-07-18T21:47:36.694+0000] {dag.py:4180} INFO - Setting next_dagrun for example_branch_python_operator_decorator to 2026-07-17 00:00:00+00:00, run_after=2026-07-18 00:00:00+00:00
[2026-07-18T21:47:36.747+0000] {processor.py:208} INFO - Processing /home/airflow/.local/lib/python3.12/site-packages/airflow/example_dags/example_branch_operator_decorator.py took 0.175 seconds
[2026-07-18T21:48:07.637+0000] {processor.py:186} INFO - Started process (PID=2841) to work on /home/airflow/.local/lib/python3.12/site-packages/airflow/example_dags/example_branch_operator_decorator.py
[2026-07-18T21:48:07.639+0000] {processor.py:914} INFO - Processing file /home/airflow/.local/lib/python3.12/site-packages/airflow/example_dags/example_branch_operator_decorator.py for tasks to queue
[2026-07-18T21:48:07.643+0000] {logging_mixin.py:190} INFO - [2026-07-18T21:48:07.643+0000] {dagbag.py:588} INFO - Filling up the DagBag from /home/airflow/.local/lib/python3.12/site-packages/airflow/example_dags/example_branch_operator_decorator.py
[2026-07-18T21:48:07.670+0000] {processor.py:925} INFO - DAG(s) 'example_branch_python_operator_decorator' retrieved from /home/airflow/.local/lib/python3.12/site-packages/airflow/example_dags/example_branch_operator_decorator.py
[2026-07-18T21:48:07.712+0000] {logging_mixin.py:190} INFO - [2026-07-18T21:48:07.712+0000] {dag.py:3239} INFO - Sync 1 DAGs
[2026-07-18T21:48:07.746+0000] {logging_mixin.py:190} INFO - [2026-07-18T21:48:07.745+0000] {dag.py:4180} INFO - Setting next_dagrun for example_branch_python_operator_decorator to 2026-07-17 00:00:00+00:00, run_after=2026-07-18 00:00:00+00:00
[2026-07-18T21:48:07.773+0000] {processor.py:208} INFO - Processing /home/airflow/.local/lib/python3.12/site-packages/airflow/example_dags/example_branch_operator_decorator.py took 0.144 seconds
[2026-07-18T21:48:39.139+0000] {processor.py:186} INFO - Started process (PID=2905) to work on /home/airflow/.local/lib/python3.12/site-packages/airflow/example_dags/example_branch_operator_decorator.py
[2026-07-18T21:48:39.142+0000] {processor.py:914} INFO - Processing file /home/airflow/.local/lib/python3.12/site-packages/airflow/example_dags/example_branch_operator_decorator.py for tasks to queue
[2026-07-18T21:48:39.148+0000] {logging_mixin.py:190} INFO - [2026-07-18T21:48:39.147+0000] {dagbag.py:588} INFO - Filling up the DagBag from /home/airflow/.local/lib/python3.12/site-packages/airflow/example_dags/example_branch_operator_decorator.py
[2026-07-18T21:48:39.183+0000] {processor.py:925} INFO - DAG(s) 'example_branch_python_operator_decorator' retrieved from /home/airflow/.local/lib/python3.12/site-packages/airflow/example_dags/example_branch_operator_decorator.py
[2026-07-18T21:48:39.225+0000] {logging_mixin.py:190} INFO - [2026-07-18T21:48:39.225+0000] {dag.py:3239} INFO - Sync 1 DAGs
[2026-07-18T21:48:39.258+0000] {logging_mixin.py:190} INFO - [2026-07-18T21:48:39.258+0000] {dag.py:4180} INFO - Setting next_dagrun for example_branch_python_operator_decorator to 2026-07-17 00:00:00+00:00, run_after=2026-07-18 00:00:00+00:00
[2026-07-18T21:48:39.302+0000] {processor.py:208} INFO - Processing /home/airflow/.local/lib/python3.12/site-packages/airflow/example_dags/example_branch_operator_decorator.py took 0.175 seconds
[2026-07-18T21:49:11.242+0000] {processor.py:186} INFO - Started process (PID=2969) to work on /home/airflow/.local/lib/python3.12/site-packages/airflow/example_dags/example_branch_operator_decorator.py
[2026-07-18T21:49:11.245+0000] {processor.py:914} INFO - Processing file /home/airflow/.local/lib/python3.12/site-packages/airflow/example_dags/example_branch_operator_decorator.py for tasks to queue
[2026-07-18T21:49:11.249+0000] {logging_mixin.py:190} INFO - [2026-07-18T21:49:11.248+0000] {dagbag.py:588} INFO - Filling up the DagBag from /home/airflow/.local/lib/python3.12/site-packages/airflow/example_dags/example_branch_operator_decorator.py
[2026-07-18T21:49:11.285+0000] {processor.py:925} INFO - DAG(s) 'example_branch_python_operator_decorator' retrieved from /home/airflow/.local/lib/python3.12/site-packages/airflow/example_dags/example_branch_operator_decorator.py
[2026-07-18T21:49:11.322+0000] {logging_mixin.py:190} INFO - [2026-07-18T21:49:11.321+0000] {dag.py:3239} INFO - Sync 1 DAGs
[2026-07-18T21:49:11.357+0000] {logging_mixin.py:190} INFO - [2026-07-18T21:49:11.357+0000] {dag.py:4180} INFO - Setting next_dagrun for example_branch_python_operator_decorator to 2026-07-17 00:00:00+00:00, run_after=2026-07-18 00:00:00+00:00
[2026-07-18T21:49:11.382+0000] {processor.py:208} INFO - Processing /home/airflow/.local/lib/python3.12/site-packages/airflow/example_dags/example_branch_operator_decorator.py took 0.149 seconds
[2026-07-18T22:00:41.389+0000] {processor.py:186} INFO - Started process (PID=3038) to work on /home/airflow/.local/lib/python3.12/site-packages/airflow/example_dags/example_branch_operator_decorator.py
[2026-07-18T22:00:41.392+0000] {processor.py:914} INFO - Processing file /home/airflow/.local/lib/python3.12/site-packages/airflow/example_dags/example_branch_operator_decorator.py for tasks to queue
[2026-07-18T22:00:41.396+0000] {logging_mixin.py:190} INFO - [2026-07-18T22:00:41.395+0000] {dagbag.py:588} INFO - Filling up the DagBag from /home/airflow/.local/lib/python3.12/site-packages/airflow/example_dags/example_branch_operator_decorator.py
[2026-07-18T22:00:41.445+0000] {processor.py:925} INFO - DAG(s) 'example_branch_python_operator_decorator' retrieved from /home/airflow/.local/lib/python3.12/site-packages/airflow/example_dags/example_branch_operator_decorator.py
[2026-07-18T22:00:41.506+0000] {logging_mixin.py:190} INFO - [2026-07-18T22:00:41.505+0000] {dag.py:3239} INFO - Sync 1 DAGs
[2026-07-18T22:00:41.562+0000] {logging_mixin.py:190} INFO - [2026-07-18T22:00:41.562+0000] {dag.py:4180} INFO - Setting next_dagrun for example_branch_python_operator_decorator to 2026-07-17 00:00:00+00:00, run_after=2026-07-18 00:00:00+00:00
[2026-07-18T22:00:41.609+0000] {processor.py:208} INFO - Processing /home/airflow/.local/lib/python3.12/site-packages/airflow/example_dags/example_branch_operator_decorator.py took 0.241 seconds
[2026-07-18T22:01:13.101+0000] {processor.py:186} INFO - Started process (PID=3102) to work on /home/airflow/.local/lib/python3.12/site-packages/airflow/example_dags/example_branch_operator_decorator.py
[2026-07-18T22:01:13.103+0000] {processor.py:914} INFO - Processing file /home/airflow/.local/lib/python3.12/site-packages/airflow/example_dags/example_branch_operator_decorator.py for tasks to queue
[2026-07-18T22:01:13.106+0000] {logging_mixin.py:190} INFO - [2026-07-18T22:01:13.106+0000] {dagbag.py:588} INFO - Filling up the DagBag from /home/airflow/.local/lib/python3.12/site-packages/airflow/example_dags/example_branch_operator_decorator.py
[2026-07-18T22:01:13.136+0000] {processor.py:925} INFO - DAG(s) 'example_branch_python_operator_decorator' retrieved from /home/airflow/.local/lib/python3.12/site-packages/airflow/example_dags/example_branch_operator_decorator.py
[2026-07-18T22:01:13.173+0000] {logging_mixin.py:190} INFO - [2026-07-18T22:01:13.173+0000] {dag.py:3239} INFO - Sync 1 DAGs
[2026-07-18T22:01:13.222+0000] {logging_mixin.py:190} INFO - [2026-07-18T22:01:13.222+0000] {dag.py:4180} INFO - Setting next_dagrun for example_branch_python_operator_decorator to 2026-07-17 00:00:00+00:00, run_after=2026-07-18 00:00:00+00:00
[2026-07-18T22:01:13.258+0000] {processor.py:208} INFO - Processing /home/airflow/.local/lib/python3.12/site-packages/airflow/example_dags/example_branch_operator_decorator.py took 0.165 seconds
[2026-07-18T22:01:44.300+0000] {processor.py:186} INFO - Started process (PID=3166) to work on /home/airflow/.local/lib/python3.12/site-packages/airflow/example_dags/example_branch_operator_decorator.py
[2026-07-18T22:01:44.303+0000] {processor.py:914} INFO - Processing file /home/airflow/.local/lib/python3.12/site-packages/airflow/example_dags/example_branch_operator_decorator.py for tasks to queue
[2026-07-18T22:01:44.306+0000] {logging_mixin.py:190} INFO - [2026-07-18T22:01:44.305+0000] {dagbag.py:588} INFO - Filling up the DagBag from /home/airflow/.local/lib/python3.12/site-packages/airflow/example_dags/example_branch_operator_decorator.py
[2026-07-18T22:01:44.372+0000] {processor.py:925} INFO - DAG(s) 'example_branch_python_operator_decorator' retrieved from /home/airflow/.local/lib/python3.12/site-packages/airflow/example_dags/example_branch_operator_decorator.py
[2026-07-18T22:01:44.441+0000] {logging_mixin.py:190} INFO - [2026-07-18T22:01:44.441+0000] {dag.py:3239} INFO - Sync 1 DAGs
[2026-07-18T22:01:44.493+0000] {logging_mixin.py:190} INFO - [2026-07-18T22:01:44.493+0000] {dag.py:4180} INFO - Setting next_dagrun for example_branch_python_operator_decorator to 2026-07-17 00:00:00+00:00, run_after=2026-07-18 00:00:00+00:00
[2026-07-18T22:01:44.528+0000] {processor.py:208} INFO - Processing /home/airflow/.local/lib/python3.12/site-packages/airflow/example_dags/example_branch_operator_decorator.py took 0.241 seconds
[2026-07-18T22:02:16.188+0000] {processor.py:186} INFO - Started process (PID=3230) to work on /home/airflow/.local/lib/python3.12/site-packages/airflow/example_dags/example_branch_operator_decorator.py
[2026-07-18T22:02:16.190+0000] {processor.py:914} INFO - Processing file /home/airflow/.local/lib/python3.12/site-packages/airflow/example_dags/example_branch_operator_decorator.py for tasks to queue
[2026-07-18T22:02:16.193+0000] {logging_mixin.py:190} INFO - [2026-07-18T22:02:16.192+0000] {dagbag.py:588} INFO - Filling up the DagBag from /home/airflow/.local/lib/python3.12/site-packages/airflow/example_dags/example_branch_operator_decorator.py
[2026-07-18T22:02:16.224+0000] {processor.py:925} INFO - DAG(s) 'example_branch_python_operator_decorator' retrieved from /home/airflow/.local/lib/python3.12/site-packages/airflow/example_dags/example_branch_operator_decorator.py
[2026-07-18T22:02:16.257+0000] {logging_mixin.py:190} INFO - [2026-07-18T22:02:16.257+0000] {dag.py:3239} INFO - Sync 1 DAGs
[2026-07-18T22:02:16.291+0000] {logging_mixin.py:190} INFO - [2026-07-18T22:02:16.291+0000] {dag.py:4180} INFO - Setting next_dagrun for example_branch_python_operator_decorator to 2026-07-17 00:00:00+00:00, run_after=2026-07-18 00:00:00+00:00
[2026-07-18T22:02:16.555+0000] {processor.py:208} INFO - Processing /home/airflow/.local/lib/python3.12/site-packages/airflow/example_dags/example_branch_operator_decorator.py took 0.379 seconds
[2026-07-18T22:02:47.845+0000] {processor.py:186} INFO - Started process (PID=3294) to work on /home/airflow/.local/lib/python3.12/site-packages/airflow/example_dags/example_branch_operator_decorator.py
[2026-07-18T22:02:47.850+0000] {processor.py:914} INFO - Processing file /home/airflow/.local/lib/python3.12/site-packages/airflow/example_dags/example_branch_operator_decorator.py for tasks to queue
[2026-07-18T22:02:47.856+0000] {logging_mixin.py:190} INFO - [2026-07-18T22:02:47.855+0000] {dagbag.py:588} INFO - Filling up the DagBag from /home/airflow/.local/lib/python3.12/site-packages/airflow/example_dags/example_branch_operator_decorator.py
[2026-07-18T22:02:47.957+0000] {processor.py:925} INFO - DAG(s) 'example_branch_python_operator_decorator' retrieved from /home/airflow/.local/lib/python3.12/site-packages/airflow/example_dags/example_branch_operator_decorator.py
[2026-07-18T22:02:48.061+0000] {logging_mixin.py:190} INFO - [2026-07-18T22:02:48.060+0000] {dag.py:3239} INFO - Sync 1 DAGs
[2026-07-18T22:02:48.112+0000] {logging_mixin.py:190} INFO - [2026-07-18T22:02:48.111+0000] {dag.py:4180} INFO - Setting next_dagrun for example_branch_python_operator_decorator to 2026-07-17 00:00:00+00:00, run_after=2026-07-18 00:00:00+00:00
[2026-07-18T22:02:48.142+0000] {processor.py:208} INFO - Processing /home/airflow/.local/lib/python3.12/site-packages/airflow/example_dags/example_branch_operator_decorator.py took 0.316 seconds
[2026-07-18T22:03:18.468+0000] {processor.py:186} INFO - Started process (PID=3358) to work on /home/airflow/.local/lib/python3.12/site-packages/airflow/example_dags/example_branch_operator_decorator.py
[2026-07-18T22:03:18.471+0000] {processor.py:914} INFO - Processing file /home/airflow/.local/lib/python3.12/site-packages/airflow/example_dags/example_branch_operator_decorator.py for tasks to queue
[2026-07-18T22:03:18.474+0000] {logging_mixin.py:190} INFO - [2026-07-18T22:03:18.474+0000] {dagbag.py:588} INFO - Filling up the DagBag from /home/airflow/.local/lib/python3.12/site-packages/airflow/example_dags/example_branch_operator_decorator.py
[2026-07-18T22:03:18.509+0000] {processor.py:925} INFO - DAG(s) 'example_branch_python_operator_decorator' retrieved from /home/airflow/.local/lib/python3.12/site-packages/airflow/example_dags/example_branch_operator_decorator.py
[2026-07-18T22:03:18.551+0000] {logging_mixin.py:190} INFO - [2026-07-18T22:03:18.551+0000] {dag.py:3239} INFO - Sync 1 DAGs
[2026-07-18T22:03:18.582+0000] {logging_mixin.py:190} INFO - [2026-07-18T22:03:18.582+0000] {dag.py:4180} INFO - Setting next_dagrun for example_branch_python_operator_decorator to 2026-07-17 00:00:00+00:00, run_after=2026-07-18 00:00:00+00:00
[2026-07-18T22:03:18.663+0000] {processor.py:208} INFO - Processing /home/airflow/.local/lib/python3.12/site-packages/airflow/example_dags/example_branch_operator_decorator.py took 0.205 seconds
[2026-07-18T22:03:50.815+0000] {processor.py:186} INFO - Started process (PID=3422) to work on /home/airflow/.local/lib/python3.12/site-packages/airflow/example_dags/example_branch_operator_decorator.py
[2026-07-18T22:03:50.817+0000] {processor.py:914} INFO - Processing file /home/airflow/.local/lib/python3.12/site-packages/airflow/example_dags/example_branch_operator_decorator.py for tasks to queue
[2026-07-18T22:03:50.820+0000] {logging_mixin.py:190} INFO - [2026-07-18T22:03:50.819+0000] {dagbag.py:588} INFO - Filling up the DagBag from /home/airflow/.local/lib/python3.12/site-packages/airflow/example_dags/example_branch_operator_decorator.py
[2026-07-18T22:03:50.849+0000] {processor.py:925} INFO - DAG(s) 'example_branch_python_operator_decorator' retrieved from /home/airflow/.local/lib/python3.12/site-packages/airflow/example_dags/example_branch_operator_decorator.py
[2026-07-18T22:03:50.880+0000] {logging_mixin.py:190} INFO - [2026-07-18T22:03:50.880+0000] {dag.py:3239} INFO - Sync 1 DAGs
[2026-07-18T22:03:51.145+0000] {logging_mixin.py:190} INFO - [2026-07-18T22:03:51.145+0000] {dag.py:4180} INFO - Setting next_dagrun for example_branch_python_operator_decorator to 2026-07-17 00:00:00+00:00, run_after=2026-07-18 00:00:00+00:00
[2026-07-18T22:03:51.174+0000] {processor.py:208} INFO - Processing /home/airflow/.local/lib/python3.12/site-packages/airflow/example_dags/example_branch_operator_decorator.py took 0.365 seconds
[2026-07-18T22:04:21.915+0000] {processor.py:186} INFO - Started process (PID=3486) to work on /home/airflow/.local/lib/python3.12/site-packages/airflow/example_dags/example_branch_operator_decorator.py
[2026-07-18T22:04:21.918+0000] {processor.py:914} INFO - Processing file /home/airflow/.local/lib/python3.12/site-packages/airflow/example_dags/example_branch_operator_decorator.py for tasks to queue
[2026-07-18T22:04:21.921+0000] {logging_mixin.py:190} INFO - [2026-07-18T22:04:21.921+0000] {dagbag.py:588} INFO - Filling up the DagBag from /home/airflow/.local/lib/python3.12/site-packages/airflow/example_dags/example_branch_operator_decorator.py
[2026-07-18T22:04:21.966+0000] {processor.py:925} INFO - DAG(s) 'example_branch_python_operator_decorator' retrieved from /home/airflow/.local/lib/python3.12/site-packages/airflow/example_dags/example_branch_operator_decorator.py
[2026-07-18T22:04:22.030+0000] {logging_mixin.py:190} INFO - [2026-07-18T22:04:22.029+0000] {dag.py:3239} INFO - Sync 1 DAGs
[2026-07-18T22:04:22.104+0000] {logging_mixin.py:190} INFO - [2026-07-18T22:04:22.103+0000] {dag.py:4180} INFO - Setting next_dagrun for example_branch_python_operator_decorator to 2026-07-17 00:00:00+00:00, run_after=2026-07-18 00:00:00+00:00
[2026-07-18T22:04:22.150+0000] {processor.py:208} INFO - Processing /home/airflow/.local/lib/python3.12/site-packages/airflow/example_dags/example_branch_operator_decorator.py took 0.244 seconds
[2026-07-18T22:04:53.342+0000] {processor.py:186} INFO - Started process (PID=3550) to work on /home/airflow/.local/lib/python3.12/site-packages/airflow/example_dags/example_branch_operator_decorator.py
[2026-07-18T22:04:53.345+0000] {processor.py:914} INFO - Processing file /home/airflow/.local/lib/python3.12/site-packages/airflow/example_dags/example_branch_operator_decorator.py for tasks to queue
[2026-07-18T22:04:53.348+0000] {logging_mixin.py:190} INFO - [2026-07-18T22:04:53.348+0000] {dagbag.py:588} INFO - Filling up the DagBag from /home/airflow/.local/lib/python3.12/site-packages/airflow/example_dags/example_branch_operator_decorator.py
[2026-07-18T22:04:53.386+0000] {processor.py:925} INFO - DAG(s) 'example_branch_python_operator_decorator' retrieved from /home/airflow/.local/lib/python3.12/site-packages/airflow/example_dags/example_branch_operator_decorator.py
[2026-07-18T22:04:53.429+0000] {logging_mixin.py:190} INFO - [2026-07-18T22:04:53.428+0000] {dag.py:3239} INFO - Sync 1 DAGs
[2026-07-18T22:04:53.464+0000] {logging_mixin.py:190} INFO - [2026-07-18T22:04:53.463+0000] {dag.py:4180} INFO - Setting next_dagrun for example_branch_python_operator_decorator to 2026-07-17 00:00:00+00:00, run_after=2026-07-18 00:00:00+00:00
[2026-07-18T22:04:53.563+0000] {processor.py:208} INFO - Processing /home/airflow/.local/lib/python3.12/site-packages/airflow/example_dags/example_branch_operator_decorator.py took 0.237 seconds
[2026-07-18T22:05:24.523+0000] {processor.py:186} INFO - Started process (PID=3614) to work on /home/airflow/.local/lib/python3.12/site-packages/airflow/example_dags/example_branch_operator_decorator.py
[2026-07-18T22:05:24.525+0000] {processor.py:914} INFO - Processing file /home/airflow/.local/lib/python3.12/site-packages/airflow/example_dags/example_branch_operator_decorator.py for tasks to queue
[2026-07-18T22:05:24.528+0000] {logging_mixin.py:190} INFO - [2026-07-18T22:05:24.527+0000] {dagbag.py:588} INFO - Filling up the DagBag from /home/airflow/.local/lib/python3.12/site-packages/airflow/example_dags/example_branch_operator_decorator.py
[2026-07-18T22:05:24.554+0000] {processor.py:925} INFO - DAG(s) 'example_branch_python_operator_decorator' retrieved from /home/airflow/.local/lib/python3.12/site-packages/airflow/example_dags/example_branch_operator_decorator.py
[2026-07-18T22:05:24.584+0000] {logging_mixin.py:190} INFO - [2026-07-18T22:05:24.584+0000] {dag.py:3239} INFO - Sync 1 DAGs
[2026-07-18T22:05:24.919+0000] {logging_mixin.py:190} INFO - [2026-07-18T22:05:24.919+0000] {dag.py:4180} INFO - Setting next_dagrun for example_branch_python_operator_decorator to 2026-07-17 00:00:00+00:00, run_after=2026-07-18 00:00:00+00:00
[2026-07-18T22:05:25.007+0000] {processor.py:208} INFO - Processing /home/airflow/.local/lib/python3.12/site-packages/airflow/example_dags/example_branch_operator_decorator.py took 0.491 seconds
[2026-07-18T23:18:23.501+0000] {processor.py:186} INFO - Started process (PID=3694) to work on /home/airflow/.local/lib/python3.12/site-packages/airflow/example_dags/example_branch_operator_decorator.py
[2026-07-18T23:18:23.504+0000] {processor.py:914} INFO - Processing file /home/airflow/.local/lib/python3.12/site-packages/airflow/example_dags/example_branch_operator_decorator.py for tasks to queue
[2026-07-18T23:18:23.512+0000] {logging_mixin.py:190} INFO - [2026-07-18T23:18:23.507+0000] {dagbag.py:588} INFO - Filling up the DagBag from /home/airflow/.local/lib/python3.12/site-packages/airflow/example_dags/example_branch_operator_decorator.py
[2026-07-18T23:18:23.576+0000] {processor.py:925} INFO - DAG(s) 'example_branch_python_operator_decorator' retrieved from /home/airflow/.local/lib/python3.12/site-packages/airflow/example_dags/example_branch_operator_decorator.py
[2026-07-18T23:18:24.116+0000] {logging_mixin.py:190} INFO - [2026-07-18T23:18:24.115+0000] {dag.py:3239} INFO - Sync 1 DAGs
[2026-07-18T23:18:24.174+0000] {logging_mixin.py:190} INFO - [2026-07-18T23:18:24.173+0000] {dag.py:4180} INFO - Setting next_dagrun for example_branch_python_operator_decorator to 2026-07-17 00:00:00+00:00, run_after=2026-07-18 00:00:00+00:00
[2026-07-18T23:18:24.223+0000] {processor.py:208} INFO - Processing /home/airflow/.local/lib/python3.12/site-packages/airflow/example_dags/example_branch_operator_decorator.py took 0.745 seconds
