[2026-07-18T20:50:01.866+0000] {processor.py:186} INFO - Started process (PID=81) to work on /home/airflow/.local/lib/python3.12/site-packages/airflow/example_dags/example_dataset_alias.py
[2026-07-18T20:50:01.869+0000] {processor.py:914} INFO - Processing file /home/airflow/.local/lib/python3.12/site-packages/airflow/example_dags/example_dataset_alias.py for tasks to queue
[2026-07-18T20:50:01.875+0000] {logging_mixin.py:190} INFO - [2026-07-18T20:50:01.875+0000] {dagbag.py:588} INFO - Filling up the DagBag from /home/airflow/.local/lib/python3.12/site-packages/airflow/example_dags/example_dataset_alias.py
[2026-07-18T20:50:03.280+0000] {processor.py:925} INFO - DAG(s) 'dataset_alias_example_alias_consumer', 'dataset_s3_bucket_producer', 'dataset_s3_bucket_consumer', 'dataset_alias_example_alias_producer' retrieved from /home/airflow/.local/lib/python3.12/site-packages/airflow/example_dags/example_dataset_alias.py
[2026-07-18T20:50:03.428+0000] {logging_mixin.py:190} INFO - [2026-07-18T20:50:03.427+0000] {override.py:1911} INFO - Created Permission View: can edit on DAG:dataset_alias_example_alias_consumer
[2026-07-18T20:50:03.444+0000] {logging_mixin.py:190} INFO - [2026-07-18T20:50:03.444+0000] {override.py:1911} INFO - Created Permission View: can read on DAG:dataset_alias_example_alias_consumer
[2026-07-18T20:50:03.459+0000] {logging_mixin.py:190} INFO - [2026-07-18T20:50:03.459+0000] {override.py:1911} INFO - Created Permission View: can delete on DAG:dataset_alias_example_alias_consumer
[2026-07-18T20:50:03.471+0000] {logging_mixin.py:190} INFO - [2026-07-18T20:50:03.471+0000] {override.py:1911} INFO - Created Permission View: can create on DAG Run:dataset_alias_example_alias_consumer
[2026-07-18T20:50:03.482+0000] {logging_mixin.py:190} INFO - [2026-07-18T20:50:03.481+0000] {override.py:1911} INFO - Created Permission View: can read on DAG Run:dataset_alias_example_alias_consumer
[2026-07-18T20:50:03.491+0000] {logging_mixin.py:190} INFO - [2026-07-18T20:50:03.490+0000] {override.py:1911} INFO - Created Permission View: menu access on DAG Run:dataset_alias_example_alias_consumer
[2026-07-18T20:50:03.502+0000] {logging_mixin.py:190} INFO - [2026-07-18T20:50:03.502+0000] {override.py:1911} INFO - Created Permission View: can delete on DAG Run:dataset_alias_example_alias_consumer
[2026-07-18T20:50:03.524+0000] {logging_mixin.py:190} INFO - [2026-07-18T20:50:03.523+0000] {override.py:1911} INFO - Created Permission View: can edit on DAG:dataset_s3_bucket_producer
[2026-07-18T20:50:03.534+0000] {logging_mixin.py:190} INFO - [2026-07-18T20:50:03.534+0000] {override.py:1911} INFO - Created Permission View: can read on DAG:dataset_s3_bucket_producer
[2026-07-18T20:50:03.544+0000] {logging_mixin.py:190} INFO - [2026-07-18T20:50:03.544+0000] {override.py:1911} INFO - Created Permission View: can delete on DAG:dataset_s3_bucket_producer
[2026-07-18T20:50:03.555+0000] {logging_mixin.py:190} INFO - [2026-07-18T20:50:03.555+0000] {override.py:1911} INFO - Created Permission View: can create on DAG Run:dataset_s3_bucket_producer
[2026-07-18T20:50:03.566+0000] {logging_mixin.py:190} INFO - [2026-07-18T20:50:03.565+0000] {override.py:1911} INFO - Created Permission View: can read on DAG Run:dataset_s3_bucket_producer
[2026-07-18T20:50:03.575+0000] {logging_mixin.py:190} INFO - [2026-07-18T20:50:03.575+0000] {override.py:1911} INFO - Created Permission View: menu access on DAG Run:dataset_s3_bucket_producer
[2026-07-18T20:50:03.590+0000] {logging_mixin.py:190} INFO - [2026-07-18T20:50:03.590+0000] {override.py:1911} INFO - Created Permission View: can delete on DAG Run:dataset_s3_bucket_producer
[2026-07-18T20:50:03.614+0000] {logging_mixin.py:190} INFO - [2026-07-18T20:50:03.614+0000] {override.py:1911} INFO - Created Permission View: can edit on DAG:dataset_s3_bucket_consumer
[2026-07-18T20:50:03.625+0000] {logging_mixin.py:190} INFO - [2026-07-18T20:50:03.625+0000] {override.py:1911} INFO - Created Permission View: can read on DAG:dataset_s3_bucket_consumer
[2026-07-18T20:50:03.639+0000] {logging_mixin.py:190} INFO - [2026-07-18T20:50:03.638+0000] {override.py:1911} INFO - Created Permission View: can delete on DAG:dataset_s3_bucket_consumer
[2026-07-18T20:50:03.653+0000] {logging_mixin.py:190} INFO - [2026-07-18T20:50:03.652+0000] {override.py:1911} INFO - Created Permission View: can create on DAG Run:dataset_s3_bucket_consumer
[2026-07-18T20:50:03.664+0000] {logging_mixin.py:190} INFO - [2026-07-18T20:50:03.663+0000] {override.py:1911} INFO - Created Permission View: can read on DAG Run:dataset_s3_bucket_consumer
[2026-07-18T20:50:03.674+0000] {logging_mixin.py:190} INFO - [2026-07-18T20:50:03.674+0000] {override.py:1911} INFO - Created Permission View: menu access on DAG Run:dataset_s3_bucket_consumer
[2026-07-18T20:50:03.684+0000] {logging_mixin.py:190} INFO - [2026-07-18T20:50:03.683+0000] {override.py:1911} INFO - Created Permission View: can delete on DAG Run:dataset_s3_bucket_consumer
[2026-07-18T20:50:03.708+0000] {logging_mixin.py:190} INFO - [2026-07-18T20:50:03.707+0000] {override.py:1911} INFO - Created Permission View: can edit on DAG:dataset_alias_example_alias_producer
[2026-07-18T20:50:03.720+0000] {logging_mixin.py:190} INFO - [2026-07-18T20:50:03.720+0000] {override.py:1911} INFO - Created Permission View: can read on DAG:dataset_alias_example_alias_producer
[2026-07-18T20:50:03.731+0000] {logging_mixin.py:190} INFO - [2026-07-18T20:50:03.731+0000] {override.py:1911} INFO - Created Permission View: can delete on DAG:dataset_alias_example_alias_producer
[2026-07-18T20:50:03.743+0000] {logging_mixin.py:190} INFO - [2026-07-18T20:50:03.742+0000] {override.py:1911} INFO - Created Permission View: can create on DAG Run:dataset_alias_example_alias_producer
[2026-07-18T20:50:03.752+0000] {logging_mixin.py:190} INFO - [2026-07-18T20:50:03.751+0000] {override.py:1911} INFO - Created Permission View: can read on DAG Run:dataset_alias_example_alias_producer
[2026-07-18T20:50:03.763+0000] {logging_mixin.py:190} INFO - [2026-07-18T20:50:03.762+0000] {override.py:1911} INFO - Created Permission View: menu access on DAG Run:dataset_alias_example_alias_producer
[2026-07-18T20:50:03.774+0000] {logging_mixin.py:190} INFO - [2026-07-18T20:50:03.773+0000] {override.py:1911} INFO - Created Permission View: can delete on DAG Run:dataset_alias_example_alias_producer
[2026-07-18T20:50:03.775+0000] {logging_mixin.py:190} INFO - [2026-07-18T20:50:03.775+0000] {dag.py:3239} INFO - Sync 4 DAGs
[2026-07-18T20:50:03.795+0000] {logging_mixin.py:190} INFO - [2026-07-18T20:50:03.794+0000] {dag.py:3262} INFO - Creating ORM DAG for dataset_s3_bucket_producer
[2026-07-18T20:50:03.797+0000] {logging_mixin.py:190} INFO - [2026-07-18T20:50:03.796+0000] {dag.py:3262} INFO - Creating ORM DAG for dataset_s3_bucket_consumer
[2026-07-18T20:50:03.799+0000] {logging_mixin.py:190} INFO - [2026-07-18T20:50:03.799+0000] {dag.py:3262} INFO - Creating ORM DAG for dataset_alias_example_alias_consumer
[2026-07-18T20:50:03.801+0000] {logging_mixin.py:190} INFO - [2026-07-18T20:50:03.800+0000] {dag.py:3262} INFO - Creating ORM DAG for dataset_alias_example_alias_producer
[2026-07-18T20:50:03.846+0000] {logging_mixin.py:190} INFO - [2026-07-18T20:50:03.844+0000] {dag.py:4180} INFO - Setting next_dagrun for dataset_alias_example_alias_consumer to None, run_after=None
[2026-07-18T20:50:03.850+0000] {logging_mixin.py:190} INFO - [2026-07-18T20:50:03.849+0000] {dag.py:4180} INFO - Setting next_dagrun for dataset_alias_example_alias_producer to None, run_after=None
[2026-07-18T20:50:03.853+0000] {logging_mixin.py:190} INFO - [2026-07-18T20:50:03.852+0000] {dag.py:4180} INFO - Setting next_dagrun for dataset_s3_bucket_consumer to None, run_after=None
[2026-07-18T20:50:03.855+0000] {logging_mixin.py:190} INFO - [2026-07-18T20:50:03.855+0000] {dag.py:4180} INFO - Setting next_dagrun for dataset_s3_bucket_producer to None, run_after=None
[2026-07-18T20:50:03.938+0000] {processor.py:208} INFO - Processing /home/airflow/.local/lib/python3.12/site-packages/airflow/example_dags/example_dataset_alias.py took 2.082 seconds
[2026-07-18T20:50:34.096+0000] {processor.py:186} INFO - Started process (PID=152) to work on /home/airflow/.local/lib/python3.12/site-packages/airflow/example_dags/example_dataset_alias.py
[2026-07-18T20:50:34.097+0000] {processor.py:914} INFO - Processing file /home/airflow/.local/lib/python3.12/site-packages/airflow/example_dags/example_dataset_alias.py for tasks to queue
[2026-07-18T20:50:34.099+0000] {logging_mixin.py:190} INFO - [2026-07-18T20:50:34.099+0000] {dagbag.py:588} INFO - Filling up the DagBag from /home/airflow/.local/lib/python3.12/site-packages/airflow/example_dags/example_dataset_alias.py
[2026-07-18T20:50:34.562+0000] {processor.py:925} INFO - DAG(s) 'dataset_s3_bucket_consumer', 'dataset_s3_bucket_producer', 'dataset_alias_example_alias_producer', 'dataset_alias_example_alias_consumer' retrieved from /home/airflow/.local/lib/python3.12/site-packages/airflow/example_dags/example_dataset_alias.py
[2026-07-18T20:50:34.579+0000] {logging_mixin.py:190} INFO - [2026-07-18T20:50:34.578+0000] {dag.py:3239} INFO - Sync 4 DAGs
[2026-07-18T20:50:34.596+0000] {logging_mixin.py:190} INFO - [2026-07-18T20:50:34.596+0000] {dag.py:4180} INFO - Setting next_dagrun for dataset_alias_example_alias_consumer to None, run_after=None
[2026-07-18T20:50:34.599+0000] {logging_mixin.py:190} INFO - [2026-07-18T20:50:34.599+0000] {dag.py:4180} INFO - Setting next_dagrun for dataset_alias_example_alias_producer to None, run_after=None
[2026-07-18T20:50:34.601+0000] {logging_mixin.py:190} INFO - [2026-07-18T20:50:34.601+0000] {dag.py:4180} INFO - Setting next_dagrun for dataset_s3_bucket_consumer to None, run_after=None
[2026-07-18T20:50:34.602+0000] {logging_mixin.py:190} INFO - [2026-07-18T20:50:34.602+0000] {dag.py:4180} INFO - Setting next_dagrun for dataset_s3_bucket_producer to None, run_after=None
[2026-07-18T20:50:34.617+0000] {processor.py:208} INFO - Processing /home/airflow/.local/lib/python3.12/site-packages/airflow/example_dags/example_dataset_alias.py took 0.527 seconds
[2026-07-18T20:51:04.801+0000] {processor.py:186} INFO - Started process (PID=215) to work on /home/airflow/.local/lib/python3.12/site-packages/airflow/example_dags/example_dataset_alias.py
[2026-07-18T20:51:04.807+0000] {processor.py:914} INFO - Processing file /home/airflow/.local/lib/python3.12/site-packages/airflow/example_dags/example_dataset_alias.py for tasks to queue
[2026-07-18T20:51:04.823+0000] {logging_mixin.py:190} INFO - [2026-07-18T20:51:04.822+0000] {dagbag.py:588} INFO - Filling up the DagBag from /home/airflow/.local/lib/python3.12/site-packages/airflow/example_dags/example_dataset_alias.py
[2026-07-18T20:51:07.451+0000] {processor.py:925} INFO - DAG(s) 'dataset_alias_example_alias_producer', 'dataset_s3_bucket_producer', 'dataset_alias_example_alias_consumer', 'dataset_s3_bucket_consumer' retrieved from /home/airflow/.local/lib/python3.12/site-packages/airflow/example_dags/example_dataset_alias.py
[2026-07-18T20:51:07.480+0000] {logging_mixin.py:190} INFO - [2026-07-18T20:51:07.480+0000] {dag.py:3239} INFO - Sync 4 DAGs
[2026-07-18T20:51:07.512+0000] {logging_mixin.py:190} INFO - [2026-07-18T20:51:07.512+0000] {dag.py:4180} INFO - Setting next_dagrun for dataset_alias_example_alias_consumer to None, run_after=None
[2026-07-18T20:51:07.517+0000] {logging_mixin.py:190} INFO - [2026-07-18T20:51:07.516+0000] {dag.py:4180} INFO - Setting next_dagrun for dataset_alias_example_alias_producer to None, run_after=None
[2026-07-18T20:51:07.520+0000] {logging_mixin.py:190} INFO - [2026-07-18T20:51:07.519+0000] {dag.py:4180} INFO - Setting next_dagrun for dataset_s3_bucket_consumer to None, run_after=None
[2026-07-18T20:51:07.523+0000] {logging_mixin.py:190} INFO - [2026-07-18T20:51:07.523+0000] {dag.py:4180} INFO - Setting next_dagrun for dataset_s3_bucket_producer to None, run_after=None
[2026-07-18T20:51:07.552+0000] {processor.py:208} INFO - Processing /home/airflow/.local/lib/python3.12/site-packages/airflow/example_dags/example_dataset_alias.py took 2.822 seconds
[2026-07-18T20:51:38.264+0000] {processor.py:186} INFO - Started process (PID=279) to work on /home/airflow/.local/lib/python3.12/site-packages/airflow/example_dags/example_dataset_alias.py
[2026-07-18T20:51:38.265+0000] {processor.py:914} INFO - Processing file /home/airflow/.local/lib/python3.12/site-packages/airflow/example_dags/example_dataset_alias.py for tasks to queue
[2026-07-18T20:51:38.268+0000] {logging_mixin.py:190} INFO - [2026-07-18T20:51:38.268+0000] {dagbag.py:588} INFO - Filling up the DagBag from /home/airflow/.local/lib/python3.12/site-packages/airflow/example_dags/example_dataset_alias.py
[2026-07-18T20:51:39.417+0000] {processor.py:925} INFO - DAG(s) 'dataset_alias_example_alias_consumer', 'dataset_alias_example_alias_producer', 'dataset_s3_bucket_producer', 'dataset_s3_bucket_consumer' retrieved from /home/airflow/.local/lib/python3.12/site-packages/airflow/example_dags/example_dataset_alias.py
[2026-07-18T20:51:39.442+0000] {logging_mixin.py:190} INFO - [2026-07-18T20:51:39.442+0000] {dag.py:3239} INFO - Sync 4 DAGs
[2026-07-18T20:51:39.498+0000] {logging_mixin.py:190} INFO - [2026-07-18T20:51:39.497+0000] {dag.py:4180} INFO - Setting next_dagrun for dataset_alias_example_alias_consumer to None, run_after=None
[2026-07-18T20:51:39.503+0000] {logging_mixin.py:190} INFO - [2026-07-18T20:51:39.503+0000] {dag.py:4180} INFO - Setting next_dagrun for dataset_alias_example_alias_producer to None, run_after=None
[2026-07-18T20:51:39.506+0000] {logging_mixin.py:190} INFO - [2026-07-18T20:51:39.506+0000] {dag.py:4180} INFO - Setting next_dagrun for dataset_s3_bucket_consumer to None, run_after=None
[2026-07-18T20:51:39.509+0000] {logging_mixin.py:190} INFO - [2026-07-18T20:51:39.509+0000] {dag.py:4180} INFO - Setting next_dagrun for dataset_s3_bucket_producer to None, run_after=None
[2026-07-18T20:51:39.545+0000] {processor.py:208} INFO - Processing /home/airflow/.local/lib/python3.12/site-packages/airflow/example_dags/example_dataset_alias.py took 1.286 seconds
[2026-07-18T20:52:10.131+0000] {processor.py:186} INFO - Started process (PID=342) to work on /home/airflow/.local/lib/python3.12/site-packages/airflow/example_dags/example_dataset_alias.py
[2026-07-18T20:52:10.133+0000] {processor.py:914} INFO - Processing file /home/airflow/.local/lib/python3.12/site-packages/airflow/example_dags/example_dataset_alias.py for tasks to queue
[2026-07-18T20:52:10.136+0000] {logging_mixin.py:190} INFO - [2026-07-18T20:52:10.136+0000] {dagbag.py:588} INFO - Filling up the DagBag from /home/airflow/.local/lib/python3.12/site-packages/airflow/example_dags/example_dataset_alias.py
[2026-07-18T20:52:10.827+0000] {processor.py:925} INFO - DAG(s) 'dataset_alias_example_alias_consumer', 'dataset_s3_bucket_producer', 'dataset_alias_example_alias_producer', 'dataset_s3_bucket_consumer' retrieved from /home/airflow/.local/lib/python3.12/site-packages/airflow/example_dags/example_dataset_alias.py
[2026-07-18T20:52:10.854+0000] {logging_mixin.py:190} INFO - [2026-07-18T20:52:10.854+0000] {dag.py:3239} INFO - Sync 4 DAGs
[2026-07-18T20:52:10.879+0000] {logging_mixin.py:190} INFO - [2026-07-18T20:52:10.879+0000] {dag.py:4180} INFO - Setting next_dagrun for dataset_alias_example_alias_consumer to None, run_after=None
[2026-07-18T20:52:10.883+0000] {logging_mixin.py:190} INFO - [2026-07-18T20:52:10.883+0000] {dag.py:4180} INFO - Setting next_dagrun for dataset_alias_example_alias_producer to None, run_after=None
[2026-07-18T20:52:10.885+0000] {logging_mixin.py:190} INFO - [2026-07-18T20:52:10.885+0000] {dag.py:4180} INFO - Setting next_dagrun for dataset_s3_bucket_consumer to None, run_after=None
[2026-07-18T20:52:10.888+0000] {logging_mixin.py:190} INFO - [2026-07-18T20:52:10.888+0000] {dag.py:4180} INFO - Setting next_dagrun for dataset_s3_bucket_producer to None, run_after=None
[2026-07-18T20:52:10.915+0000] {processor.py:208} INFO - Processing /home/airflow/.local/lib/python3.12/site-packages/airflow/example_dags/example_dataset_alias.py took 0.791 seconds
[2026-07-18T20:52:41.322+0000] {processor.py:186} INFO - Started process (PID=405) to work on /home/airflow/.local/lib/python3.12/site-packages/airflow/example_dags/example_dataset_alias.py
[2026-07-18T20:52:41.323+0000] {processor.py:914} INFO - Processing file /home/airflow/.local/lib/python3.12/site-packages/airflow/example_dags/example_dataset_alias.py for tasks to queue
[2026-07-18T20:52:41.327+0000] {logging_mixin.py:190} INFO - [2026-07-18T20:52:41.326+0000] {dagbag.py:588} INFO - Filling up the DagBag from /home/airflow/.local/lib/python3.12/site-packages/airflow/example_dags/example_dataset_alias.py
[2026-07-18T20:52:42.063+0000] {processor.py:925} INFO - DAG(s) 'dataset_s3_bucket_consumer', 'dataset_alias_example_alias_producer', 'dataset_alias_example_alias_consumer', 'dataset_s3_bucket_producer' retrieved from /home/airflow/.local/lib/python3.12/site-packages/airflow/example_dags/example_dataset_alias.py
[2026-07-18T20:52:42.103+0000] {logging_mixin.py:190} INFO - [2026-07-18T20:52:42.102+0000] {dag.py:3239} INFO - Sync 4 DAGs
[2026-07-18T20:52:42.144+0000] {logging_mixin.py:190} INFO - [2026-07-18T20:52:42.143+0000] {dag.py:4180} INFO - Setting next_dagrun for dataset_alias_example_alias_consumer to None, run_after=None
[2026-07-18T20:52:42.148+0000] {logging_mixin.py:190} INFO - [2026-07-18T20:52:42.147+0000] {dag.py:4180} INFO - Setting next_dagrun for dataset_alias_example_alias_producer to None, run_after=None
[2026-07-18T20:52:42.151+0000] {logging_mixin.py:190} INFO - [2026-07-18T20:52:42.151+0000] {dag.py:4180} INFO - Setting next_dagrun for dataset_s3_bucket_consumer to None, run_after=None
[2026-07-18T20:52:42.153+0000] {logging_mixin.py:190} INFO - [2026-07-18T20:52:42.153+0000] {dag.py:4180} INFO - Setting next_dagrun for dataset_s3_bucket_producer to None, run_after=None
[2026-07-18T20:52:42.193+0000] {processor.py:208} INFO - Processing /home/airflow/.local/lib/python3.12/site-packages/airflow/example_dags/example_dataset_alias.py took 0.878 seconds
[2026-07-18T20:53:12.458+0000] {processor.py:186} INFO - Started process (PID=468) to work on /home/airflow/.local/lib/python3.12/site-packages/airflow/example_dags/example_dataset_alias.py
[2026-07-18T20:53:12.459+0000] {processor.py:914} INFO - Processing file /home/airflow/.local/lib/python3.12/site-packages/airflow/example_dags/example_dataset_alias.py for tasks to queue
[2026-07-18T20:53:12.462+0000] {logging_mixin.py:190} INFO - [2026-07-18T20:53:12.462+0000] {dagbag.py:588} INFO - Filling up the DagBag from /home/airflow/.local/lib/python3.12/site-packages/airflow/example_dags/example_dataset_alias.py
[2026-07-18T20:53:12.970+0000] {processor.py:925} INFO - DAG(s) 'dataset_alias_example_alias_consumer', 'dataset_alias_example_alias_producer', 'dataset_s3_bucket_consumer', 'dataset_s3_bucket_producer' retrieved from /home/airflow/.local/lib/python3.12/site-packages/airflow/example_dags/example_dataset_alias.py
[2026-07-18T20:53:12.988+0000] {logging_mixin.py:190} INFO - [2026-07-18T20:53:12.987+0000] {dag.py:3239} INFO - Sync 4 DAGs
[2026-07-18T20:53:13.010+0000] {logging_mixin.py:190} INFO - [2026-07-18T20:53:13.010+0000] {dag.py:4180} INFO - Setting next_dagrun for dataset_alias_example_alias_consumer to None, run_after=None
[2026-07-18T20:53:13.013+0000] {logging_mixin.py:190} INFO - [2026-07-18T20:53:13.013+0000] {dag.py:4180} INFO - Setting next_dagrun for dataset_alias_example_alias_producer to None, run_after=None
[2026-07-18T20:53:13.016+0000] {logging_mixin.py:190} INFO - [2026-07-18T20:53:13.016+0000] {dag.py:4180} INFO - Setting next_dagrun for dataset_s3_bucket_consumer to None, run_after=None
[2026-07-18T20:53:13.018+0000] {logging_mixin.py:190} INFO - [2026-07-18T20:53:13.018+0000] {dag.py:4180} INFO - Setting next_dagrun for dataset_s3_bucket_producer to None, run_after=None
[2026-07-18T20:53:13.036+0000] {processor.py:208} INFO - Processing /home/airflow/.local/lib/python3.12/site-packages/airflow/example_dags/example_dataset_alias.py took 0.583 seconds
[2026-07-18T20:53:44.028+0000] {processor.py:186} INFO - Started process (PID=531) to work on /home/airflow/.local/lib/python3.12/site-packages/airflow/example_dags/example_dataset_alias.py
[2026-07-18T20:53:44.029+0000] {processor.py:914} INFO - Processing file /home/airflow/.local/lib/python3.12/site-packages/airflow/example_dags/example_dataset_alias.py for tasks to queue
[2026-07-18T20:53:44.032+0000] {logging_mixin.py:190} INFO - [2026-07-18T20:53:44.032+0000] {dagbag.py:588} INFO - Filling up the DagBag from /home/airflow/.local/lib/python3.12/site-packages/airflow/example_dags/example_dataset_alias.py
[2026-07-18T20:53:44.551+0000] {processor.py:925} INFO - DAG(s) 'dataset_s3_bucket_producer', 'dataset_s3_bucket_consumer', 'dataset_alias_example_alias_consumer', 'dataset_alias_example_alias_producer' retrieved from /home/airflow/.local/lib/python3.12/site-packages/airflow/example_dags/example_dataset_alias.py
[2026-07-18T20:53:44.569+0000] {logging_mixin.py:190} INFO - [2026-07-18T20:53:44.569+0000] {dag.py:3239} INFO - Sync 4 DAGs
[2026-07-18T20:53:44.590+0000] {logging_mixin.py:190} INFO - [2026-07-18T20:53:44.590+0000] {dag.py:4180} INFO - Setting next_dagrun for dataset_alias_example_alias_consumer to None, run_after=None
[2026-07-18T20:53:44.593+0000] {logging_mixin.py:190} INFO - [2026-07-18T20:53:44.593+0000] {dag.py:4180} INFO - Setting next_dagrun for dataset_alias_example_alias_producer to None, run_after=None
[2026-07-18T20:53:44.595+0000] {logging_mixin.py:190} INFO - [2026-07-18T20:53:44.595+0000] {dag.py:4180} INFO - Setting next_dagrun for dataset_s3_bucket_consumer to None, run_after=None
[2026-07-18T20:53:44.597+0000] {logging_mixin.py:190} INFO - [2026-07-18T20:53:44.597+0000] {dag.py:4180} INFO - Setting next_dagrun for dataset_s3_bucket_producer to None, run_after=None
[2026-07-18T20:53:44.615+0000] {processor.py:208} INFO - Processing /home/airflow/.local/lib/python3.12/site-packages/airflow/example_dags/example_dataset_alias.py took 0.593 seconds
[2026-07-18T20:54:15.169+0000] {processor.py:186} INFO - Started process (PID=594) to work on /home/airflow/.local/lib/python3.12/site-packages/airflow/example_dags/example_dataset_alias.py
[2026-07-18T20:54:15.170+0000] {processor.py:914} INFO - Processing file /home/airflow/.local/lib/python3.12/site-packages/airflow/example_dags/example_dataset_alias.py for tasks to queue
[2026-07-18T20:54:15.173+0000] {logging_mixin.py:190} INFO - [2026-07-18T20:54:15.172+0000] {dagbag.py:588} INFO - Filling up the DagBag from /home/airflow/.local/lib/python3.12/site-packages/airflow/example_dags/example_dataset_alias.py
[2026-07-18T20:54:15.723+0000] {processor.py:925} INFO - DAG(s) 'dataset_alias_example_alias_producer', 'dataset_s3_bucket_producer', 'dataset_alias_example_alias_consumer', 'dataset_s3_bucket_consumer' retrieved from /home/airflow/.local/lib/python3.12/site-packages/airflow/example_dags/example_dataset_alias.py
[2026-07-18T20:54:15.741+0000] {logging_mixin.py:190} INFO - [2026-07-18T20:54:15.741+0000] {dag.py:3239} INFO - Sync 4 DAGs
[2026-07-18T20:54:15.775+0000] {logging_mixin.py:190} INFO - [2026-07-18T20:54:15.775+0000] {dag.py:4180} INFO - Setting next_dagrun for dataset_alias_example_alias_consumer to None, run_after=None
[2026-07-18T20:54:15.780+0000] {logging_mixin.py:190} INFO - [2026-07-18T20:54:15.780+0000] {dag.py:4180} INFO - Setting next_dagrun for dataset_alias_example_alias_producer to None, run_after=None
[2026-07-18T20:54:15.783+0000] {logging_mixin.py:190} INFO - [2026-07-18T20:54:15.783+0000] {dag.py:4180} INFO - Setting next_dagrun for dataset_s3_bucket_consumer to None, run_after=None
[2026-07-18T20:54:15.785+0000] {logging_mixin.py:190} INFO - [2026-07-18T20:54:15.785+0000] {dag.py:4180} INFO - Setting next_dagrun for dataset_s3_bucket_producer to None, run_after=None
[2026-07-18T20:54:15.809+0000] {processor.py:208} INFO - Processing /home/airflow/.local/lib/python3.12/site-packages/airflow/example_dags/example_dataset_alias.py took 0.645 seconds
[2026-07-18T20:54:46.478+0000] {processor.py:186} INFO - Started process (PID=657) to work on /home/airflow/.local/lib/python3.12/site-packages/airflow/example_dags/example_dataset_alias.py
[2026-07-18T20:54:46.479+0000] {processor.py:914} INFO - Processing file /home/airflow/.local/lib/python3.12/site-packages/airflow/example_dags/example_dataset_alias.py for tasks to queue
[2026-07-18T20:54:46.482+0000] {logging_mixin.py:190} INFO - [2026-07-18T20:54:46.481+0000] {dagbag.py:588} INFO - Filling up the DagBag from /home/airflow/.local/lib/python3.12/site-packages/airflow/example_dags/example_dataset_alias.py
[2026-07-18T20:54:46.978+0000] {processor.py:925} INFO - DAG(s) 'dataset_alias_example_alias_producer', 'dataset_s3_bucket_producer', 'dataset_alias_example_alias_consumer', 'dataset_s3_bucket_consumer' retrieved from /home/airflow/.local/lib/python3.12/site-packages/airflow/example_dags/example_dataset_alias.py
[2026-07-18T20:54:46.997+0000] {logging_mixin.py:190} INFO - [2026-07-18T20:54:46.996+0000] {dag.py:3239} INFO - Sync 4 DAGs
[2026-07-18T20:54:47.016+0000] {logging_mixin.py:190} INFO - [2026-07-18T20:54:47.015+0000] {dag.py:4180} INFO - Setting next_dagrun for dataset_alias_example_alias_consumer to None, run_after=None
[2026-07-18T20:54:47.019+0000] {logging_mixin.py:190} INFO - [2026-07-18T20:54:47.019+0000] {dag.py:4180} INFO - Setting next_dagrun for dataset_alias_example_alias_producer to None, run_after=None
[2026-07-18T20:54:47.028+0000] {logging_mixin.py:190} INFO - [2026-07-18T20:54:47.028+0000] {dag.py:4180} INFO - Setting next_dagrun for dataset_s3_bucket_consumer to None, run_after=None
[2026-07-18T20:54:47.036+0000] {logging_mixin.py:190} INFO - [2026-07-18T20:54:47.036+0000] {dag.py:4180} INFO - Setting next_dagrun for dataset_s3_bucket_producer to None, run_after=None
[2026-07-18T20:54:47.088+0000] {processor.py:208} INFO - Processing /home/airflow/.local/lib/python3.12/site-packages/airflow/example_dags/example_dataset_alias.py took 0.616 seconds
[2026-07-18T20:55:17.145+0000] {processor.py:186} INFO - Started process (PID=720) to work on /home/airflow/.local/lib/python3.12/site-packages/airflow/example_dags/example_dataset_alias.py
[2026-07-18T20:55:17.146+0000] {processor.py:914} INFO - Processing file /home/airflow/.local/lib/python3.12/site-packages/airflow/example_dags/example_dataset_alias.py for tasks to queue
[2026-07-18T20:55:17.148+0000] {logging_mixin.py:190} INFO - [2026-07-18T20:55:17.148+0000] {dagbag.py:588} INFO - Filling up the DagBag from /home/airflow/.local/lib/python3.12/site-packages/airflow/example_dags/example_dataset_alias.py
[2026-07-18T20:55:17.611+0000] {processor.py:925} INFO - DAG(s) 'dataset_s3_bucket_producer', 'dataset_alias_example_alias_producer', 'dataset_s3_bucket_consumer', 'dataset_alias_example_alias_consumer' retrieved from /home/airflow/.local/lib/python3.12/site-packages/airflow/example_dags/example_dataset_alias.py
[2026-07-18T20:55:17.629+0000] {logging_mixin.py:190} INFO - [2026-07-18T20:55:17.628+0000] {dag.py:3239} INFO - Sync 4 DAGs
[2026-07-18T20:55:17.647+0000] {logging_mixin.py:190} INFO - [2026-07-18T20:55:17.646+0000] {dag.py:4180} INFO - Setting next_dagrun for dataset_alias_example_alias_consumer to None, run_after=None
[2026-07-18T20:55:17.649+0000] {logging_mixin.py:190} INFO - [2026-07-18T20:55:17.649+0000] {dag.py:4180} INFO - Setting next_dagrun for dataset_alias_example_alias_producer to None, run_after=None
[2026-07-18T20:55:17.651+0000] {logging_mixin.py:190} INFO - [2026-07-18T20:55:17.651+0000] {dag.py:4180} INFO - Setting next_dagrun for dataset_s3_bucket_consumer to None, run_after=None
[2026-07-18T20:55:17.653+0000] {logging_mixin.py:190} INFO - [2026-07-18T20:55:17.653+0000] {dag.py:4180} INFO - Setting next_dagrun for dataset_s3_bucket_producer to None, run_after=None
[2026-07-18T20:55:17.735+0000] {processor.py:208} INFO - Processing /home/airflow/.local/lib/python3.12/site-packages/airflow/example_dags/example_dataset_alias.py took 0.595 seconds
[2026-07-18T20:55:48.732+0000] {processor.py:186} INFO - Started process (PID=783) to work on /home/airflow/.local/lib/python3.12/site-packages/airflow/example_dags/example_dataset_alias.py
[2026-07-18T20:55:48.733+0000] {processor.py:914} INFO - Processing file /home/airflow/.local/lib/python3.12/site-packages/airflow/example_dags/example_dataset_alias.py for tasks to queue
[2026-07-18T20:55:48.737+0000] {logging_mixin.py:190} INFO - [2026-07-18T20:55:48.736+0000] {dagbag.py:588} INFO - Filling up the DagBag from /home/airflow/.local/lib/python3.12/site-packages/airflow/example_dags/example_dataset_alias.py
[2026-07-18T20:55:49.276+0000] {processor.py:925} INFO - DAG(s) 'dataset_alias_example_alias_producer', 'dataset_s3_bucket_producer', 'dataset_alias_example_alias_consumer', 'dataset_s3_bucket_consumer' retrieved from /home/airflow/.local/lib/python3.12/site-packages/airflow/example_dags/example_dataset_alias.py
[2026-07-18T20:55:49.294+0000] {logging_mixin.py:190} INFO - [2026-07-18T20:55:49.293+0000] {dag.py:3239} INFO - Sync 4 DAGs
[2026-07-18T20:55:49.314+0000] {logging_mixin.py:190} INFO - [2026-07-18T20:55:49.313+0000] {dag.py:4180} INFO - Setting next_dagrun for dataset_alias_example_alias_consumer to None, run_after=None
[2026-07-18T20:55:49.317+0000] {logging_mixin.py:190} INFO - [2026-07-18T20:55:49.316+0000] {dag.py:4180} INFO - Setting next_dagrun for dataset_alias_example_alias_producer to None, run_after=None
[2026-07-18T20:55:49.318+0000] {logging_mixin.py:190} INFO - [2026-07-18T20:55:49.318+0000] {dag.py:4180} INFO - Setting next_dagrun for dataset_s3_bucket_consumer to None, run_after=None
[2026-07-18T20:55:49.320+0000] {logging_mixin.py:190} INFO - [2026-07-18T20:55:49.320+0000] {dag.py:4180} INFO - Setting next_dagrun for dataset_s3_bucket_producer to None, run_after=None
[2026-07-18T20:55:49.368+0000] {processor.py:208} INFO - Processing /home/airflow/.local/lib/python3.12/site-packages/airflow/example_dags/example_dataset_alias.py took 0.643 seconds
[2026-07-18T20:56:20.265+0000] {processor.py:186} INFO - Started process (PID=846) to work on /home/airflow/.local/lib/python3.12/site-packages/airflow/example_dags/example_dataset_alias.py
[2026-07-18T20:56:20.266+0000] {processor.py:914} INFO - Processing file /home/airflow/.local/lib/python3.12/site-packages/airflow/example_dags/example_dataset_alias.py for tasks to queue
[2026-07-18T20:56:20.270+0000] {logging_mixin.py:190} INFO - [2026-07-18T20:56:20.269+0000] {dagbag.py:588} INFO - Filling up the DagBag from /home/airflow/.local/lib/python3.12/site-packages/airflow/example_dags/example_dataset_alias.py
[2026-07-18T20:56:20.979+0000] {processor.py:925} INFO - DAG(s) 'dataset_s3_bucket_producer', 'dataset_alias_example_alias_consumer', 'dataset_s3_bucket_consumer', 'dataset_alias_example_alias_producer' retrieved from /home/airflow/.local/lib/python3.12/site-packages/airflow/example_dags/example_dataset_alias.py
[2026-07-18T20:56:21.005+0000] {logging_mixin.py:190} INFO - [2026-07-18T20:56:21.004+0000] {dag.py:3239} INFO - Sync 4 DAGs
[2026-07-18T20:56:21.027+0000] {logging_mixin.py:190} INFO - [2026-07-18T20:56:21.026+0000] {dag.py:4180} INFO - Setting next_dagrun for dataset_alias_example_alias_consumer to None, run_after=None
[2026-07-18T20:56:21.030+0000] {logging_mixin.py:190} INFO - [2026-07-18T20:56:21.030+0000] {dag.py:4180} INFO - Setting next_dagrun for dataset_alias_example_alias_producer to None, run_after=None
[2026-07-18T20:56:21.032+0000] {logging_mixin.py:190} INFO - [2026-07-18T20:56:21.032+0000] {dag.py:4180} INFO - Setting next_dagrun for dataset_s3_bucket_consumer to None, run_after=None
[2026-07-18T20:56:21.034+0000] {logging_mixin.py:190} INFO - [2026-07-18T20:56:21.034+0000] {dag.py:4180} INFO - Setting next_dagrun for dataset_s3_bucket_producer to None, run_after=None
[2026-07-18T20:56:21.053+0000] {processor.py:208} INFO - Processing /home/airflow/.local/lib/python3.12/site-packages/airflow/example_dags/example_dataset_alias.py took 0.794 seconds
[2026-07-18T20:56:51.648+0000] {processor.py:186} INFO - Started process (PID=909) to work on /home/airflow/.local/lib/python3.12/site-packages/airflow/example_dags/example_dataset_alias.py
[2026-07-18T20:56:51.650+0000] {processor.py:914} INFO - Processing file /home/airflow/.local/lib/python3.12/site-packages/airflow/example_dags/example_dataset_alias.py for tasks to queue
[2026-07-18T20:56:51.655+0000] {logging_mixin.py:190} INFO - [2026-07-18T20:56:51.653+0000] {dagbag.py:588} INFO - Filling up the DagBag from /home/airflow/.local/lib/python3.12/site-packages/airflow/example_dags/example_dataset_alias.py
[2026-07-18T20:56:52.287+0000] {processor.py:925} INFO - DAG(s) 'dataset_s3_bucket_consumer', 'dataset_alias_example_alias_producer', 'dataset_s3_bucket_producer', 'dataset_alias_example_alias_consumer' retrieved from /home/airflow/.local/lib/python3.12/site-packages/airflow/example_dags/example_dataset_alias.py
[2026-07-18T20:56:52.307+0000] {logging_mixin.py:190} INFO - [2026-07-18T20:56:52.307+0000] {dag.py:3239} INFO - Sync 4 DAGs
[2026-07-18T20:56:52.326+0000] {logging_mixin.py:190} INFO - [2026-07-18T20:56:52.326+0000] {dag.py:4180} INFO - Setting next_dagrun for dataset_alias_example_alias_consumer to None, run_after=None
[2026-07-18T20:56:52.330+0000] {logging_mixin.py:190} INFO - [2026-07-18T20:56:52.330+0000] {dag.py:4180} INFO - Setting next_dagrun for dataset_alias_example_alias_producer to None, run_after=None
[2026-07-18T20:56:52.332+0000] {logging_mixin.py:190} INFO - [2026-07-18T20:56:52.332+0000] {dag.py:4180} INFO - Setting next_dagrun for dataset_s3_bucket_consumer to None, run_after=None
[2026-07-18T20:56:52.334+0000] {logging_mixin.py:190} INFO - [2026-07-18T20:56:52.334+0000] {dag.py:4180} INFO - Setting next_dagrun for dataset_s3_bucket_producer to None, run_after=None
[2026-07-18T20:56:52.361+0000] {processor.py:208} INFO - Processing /home/airflow/.local/lib/python3.12/site-packages/airflow/example_dags/example_dataset_alias.py took 0.720 seconds
[2026-07-18T20:57:23.286+0000] {processor.py:186} INFO - Started process (PID=972) to work on /home/airflow/.local/lib/python3.12/site-packages/airflow/example_dags/example_dataset_alias.py
[2026-07-18T20:57:23.287+0000] {processor.py:914} INFO - Processing file /home/airflow/.local/lib/python3.12/site-packages/airflow/example_dags/example_dataset_alias.py for tasks to queue
[2026-07-18T20:57:23.290+0000] {logging_mixin.py:190} INFO - [2026-07-18T20:57:23.290+0000] {dagbag.py:588} INFO - Filling up the DagBag from /home/airflow/.local/lib/python3.12/site-packages/airflow/example_dags/example_dataset_alias.py
[2026-07-18T20:57:23.776+0000] {processor.py:925} INFO - DAG(s) 'dataset_alias_example_alias_consumer', 'dataset_s3_bucket_consumer', 'dataset_s3_bucket_producer', 'dataset_alias_example_alias_producer' retrieved from /home/airflow/.local/lib/python3.12/site-packages/airflow/example_dags/example_dataset_alias.py
[2026-07-18T20:57:23.795+0000] {logging_mixin.py:190} INFO - [2026-07-18T20:57:23.795+0000] {dag.py:3239} INFO - Sync 4 DAGs
[2026-07-18T20:57:23.814+0000] {logging_mixin.py:190} INFO - [2026-07-18T20:57:23.813+0000] {dag.py:4180} INFO - Setting next_dagrun for dataset_alias_example_alias_consumer to None, run_after=None
[2026-07-18T20:57:23.817+0000] {logging_mixin.py:190} INFO - [2026-07-18T20:57:23.816+0000] {dag.py:4180} INFO - Setting next_dagrun for dataset_alias_example_alias_producer to None, run_after=None
[2026-07-18T20:57:23.819+0000] {logging_mixin.py:190} INFO - [2026-07-18T20:57:23.819+0000] {dag.py:4180} INFO - Setting next_dagrun for dataset_s3_bucket_consumer to None, run_after=None
[2026-07-18T20:57:23.821+0000] {logging_mixin.py:190} INFO - [2026-07-18T20:57:23.821+0000] {dag.py:4180} INFO - Setting next_dagrun for dataset_s3_bucket_producer to None, run_after=None
[2026-07-18T20:57:23.839+0000] {processor.py:208} INFO - Processing /home/airflow/.local/lib/python3.12/site-packages/airflow/example_dags/example_dataset_alias.py took 0.560 seconds
[2026-07-18T20:57:54.526+0000] {processor.py:186} INFO - Started process (PID=1035) to work on /home/airflow/.local/lib/python3.12/site-packages/airflow/example_dags/example_dataset_alias.py
[2026-07-18T20:57:54.528+0000] {processor.py:914} INFO - Processing file /home/airflow/.local/lib/python3.12/site-packages/airflow/example_dags/example_dataset_alias.py for tasks to queue
[2026-07-18T20:57:54.530+0000] {logging_mixin.py:190} INFO - [2026-07-18T20:57:54.530+0000] {dagbag.py:588} INFO - Filling up the DagBag from /home/airflow/.local/lib/python3.12/site-packages/airflow/example_dags/example_dataset_alias.py
[2026-07-18T20:57:54.990+0000] {processor.py:925} INFO - DAG(s) 'dataset_s3_bucket_consumer', 'dataset_alias_example_alias_producer', 'dataset_s3_bucket_producer', 'dataset_alias_example_alias_consumer' retrieved from /home/airflow/.local/lib/python3.12/site-packages/airflow/example_dags/example_dataset_alias.py
[2026-07-18T20:57:55.010+0000] {logging_mixin.py:190} INFO - [2026-07-18T20:57:55.009+0000] {dag.py:3239} INFO - Sync 4 DAGs
[2026-07-18T20:57:55.027+0000] {logging_mixin.py:190} INFO - [2026-07-18T20:57:55.027+0000] {dag.py:4180} INFO - Setting next_dagrun for dataset_alias_example_alias_consumer to None, run_after=None
[2026-07-18T20:57:55.030+0000] {logging_mixin.py:190} INFO - [2026-07-18T20:57:55.030+0000] {dag.py:4180} INFO - Setting next_dagrun for dataset_alias_example_alias_producer to None, run_after=None
[2026-07-18T20:57:55.032+0000] {logging_mixin.py:190} INFO - [2026-07-18T20:57:55.032+0000] {dag.py:4180} INFO - Setting next_dagrun for dataset_s3_bucket_consumer to None, run_after=None
[2026-07-18T20:57:55.033+0000] {logging_mixin.py:190} INFO - [2026-07-18T20:57:55.033+0000] {dag.py:4180} INFO - Setting next_dagrun for dataset_s3_bucket_producer to None, run_after=None
[2026-07-18T20:57:55.119+0000] {processor.py:208} INFO - Processing /home/airflow/.local/lib/python3.12/site-packages/airflow/example_dags/example_dataset_alias.py took 0.598 seconds
[2026-07-18T20:58:25.947+0000] {processor.py:186} INFO - Started process (PID=1098) to work on /home/airflow/.local/lib/python3.12/site-packages/airflow/example_dags/example_dataset_alias.py
[2026-07-18T20:58:25.948+0000] {processor.py:914} INFO - Processing file /home/airflow/.local/lib/python3.12/site-packages/airflow/example_dags/example_dataset_alias.py for tasks to queue
[2026-07-18T20:58:25.951+0000] {logging_mixin.py:190} INFO - [2026-07-18T20:58:25.951+0000] {dagbag.py:588} INFO - Filling up the DagBag from /home/airflow/.local/lib/python3.12/site-packages/airflow/example_dags/example_dataset_alias.py
[2026-07-18T20:58:26.463+0000] {processor.py:925} INFO - DAG(s) 'dataset_alias_example_alias_consumer', 'dataset_s3_bucket_consumer', 'dataset_s3_bucket_producer', 'dataset_alias_example_alias_producer' retrieved from /home/airflow/.local/lib/python3.12/site-packages/airflow/example_dags/example_dataset_alias.py
[2026-07-18T20:58:26.480+0000] {logging_mixin.py:190} INFO - [2026-07-18T20:58:26.479+0000] {dag.py:3239} INFO - Sync 4 DAGs
[2026-07-18T20:58:26.502+0000] {logging_mixin.py:190} INFO - [2026-07-18T20:58:26.501+0000] {dag.py:4180} INFO - Setting next_dagrun for dataset_alias_example_alias_consumer to None, run_after=None
[2026-07-18T20:58:26.504+0000] {logging_mixin.py:190} INFO - [2026-07-18T20:58:26.504+0000] {dag.py:4180} INFO - Setting next_dagrun for dataset_alias_example_alias_producer to None, run_after=None
[2026-07-18T20:58:26.506+0000] {logging_mixin.py:190} INFO - [2026-07-18T20:58:26.506+0000] {dag.py:4180} INFO - Setting next_dagrun for dataset_s3_bucket_consumer to None, run_after=None
[2026-07-18T20:58:26.507+0000] {logging_mixin.py:190} INFO - [2026-07-18T20:58:26.507+0000] {dag.py:4180} INFO - Setting next_dagrun for dataset_s3_bucket_producer to None, run_after=None
[2026-07-18T20:58:26.529+0000] {processor.py:208} INFO - Processing /home/airflow/.local/lib/python3.12/site-packages/airflow/example_dags/example_dataset_alias.py took 0.588 seconds
[2026-07-18T20:58:56.637+0000] {processor.py:186} INFO - Started process (PID=1161) to work on /home/airflow/.local/lib/python3.12/site-packages/airflow/example_dags/example_dataset_alias.py
[2026-07-18T20:58:56.638+0000] {processor.py:914} INFO - Processing file /home/airflow/.local/lib/python3.12/site-packages/airflow/example_dags/example_dataset_alias.py for tasks to queue
[2026-07-18T20:58:56.641+0000] {logging_mixin.py:190} INFO - [2026-07-18T20:58:56.640+0000] {dagbag.py:588} INFO - Filling up the DagBag from /home/airflow/.local/lib/python3.12/site-packages/airflow/example_dags/example_dataset_alias.py
[2026-07-18T20:58:57.125+0000] {processor.py:925} INFO - DAG(s) 'dataset_alias_example_alias_consumer', 'dataset_alias_example_alias_producer', 'dataset_s3_bucket_consumer', 'dataset_s3_bucket_producer' retrieved from /home/airflow/.local/lib/python3.12/site-packages/airflow/example_dags/example_dataset_alias.py
[2026-07-18T20:58:57.146+0000] {logging_mixin.py:190} INFO - [2026-07-18T20:58:57.145+0000] {dag.py:3239} INFO - Sync 4 DAGs
[2026-07-18T20:58:57.168+0000] {logging_mixin.py:190} INFO - [2026-07-18T20:58:57.168+0000] {dag.py:4180} INFO - Setting next_dagrun for dataset_alias_example_alias_consumer to None, run_after=None
[2026-07-18T20:58:57.171+0000] {logging_mixin.py:190} INFO - [2026-07-18T20:58:57.171+0000] {dag.py:4180} INFO - Setting next_dagrun for dataset_alias_example_alias_producer to None, run_after=None
[2026-07-18T20:58:57.173+0000] {logging_mixin.py:190} INFO - [2026-07-18T20:58:57.173+0000] {dag.py:4180} INFO - Setting next_dagrun for dataset_s3_bucket_consumer to None, run_after=None
[2026-07-18T20:58:57.175+0000] {logging_mixin.py:190} INFO - [2026-07-18T20:58:57.175+0000] {dag.py:4180} INFO - Setting next_dagrun for dataset_s3_bucket_producer to None, run_after=None
[2026-07-18T20:58:57.199+0000] {processor.py:208} INFO - Processing /home/airflow/.local/lib/python3.12/site-packages/airflow/example_dags/example_dataset_alias.py took 0.568 seconds
[2026-07-18T20:59:27.899+0000] {processor.py:186} INFO - Started process (PID=1224) to work on /home/airflow/.local/lib/python3.12/site-packages/airflow/example_dags/example_dataset_alias.py
[2026-07-18T20:59:27.900+0000] {processor.py:914} INFO - Processing file /home/airflow/.local/lib/python3.12/site-packages/airflow/example_dags/example_dataset_alias.py for tasks to queue
[2026-07-18T20:59:27.903+0000] {logging_mixin.py:190} INFO - [2026-07-18T20:59:27.903+0000] {dagbag.py:588} INFO - Filling up the DagBag from /home/airflow/.local/lib/python3.12/site-packages/airflow/example_dags/example_dataset_alias.py
[2026-07-18T20:59:28.379+0000] {processor.py:925} INFO - DAG(s) 'dataset_s3_bucket_consumer', 'dataset_alias_example_alias_consumer', 'dataset_s3_bucket_producer', 'dataset_alias_example_alias_producer' retrieved from /home/airflow/.local/lib/python3.12/site-packages/airflow/example_dags/example_dataset_alias.py
[2026-07-18T20:59:28.398+0000] {logging_mixin.py:190} INFO - [2026-07-18T20:59:28.397+0000] {dag.py:3239} INFO - Sync 4 DAGs
[2026-07-18T20:59:28.417+0000] {logging_mixin.py:190} INFO - [2026-07-18T20:59:28.417+0000] {dag.py:4180} INFO - Setting next_dagrun for dataset_alias_example_alias_consumer to None, run_after=None
[2026-07-18T20:59:28.420+0000] {logging_mixin.py:190} INFO - [2026-07-18T20:59:28.420+0000] {dag.py:4180} INFO - Setting next_dagrun for dataset_alias_example_alias_producer to None, run_after=None
[2026-07-18T20:59:28.422+0000] {logging_mixin.py:190} INFO - [2026-07-18T20:59:28.422+0000] {dag.py:4180} INFO - Setting next_dagrun for dataset_s3_bucket_consumer to None, run_after=None
[2026-07-18T20:59:28.424+0000] {logging_mixin.py:190} INFO - [2026-07-18T20:59:28.424+0000] {dag.py:4180} INFO - Setting next_dagrun for dataset_s3_bucket_producer to None, run_after=None
[2026-07-18T20:59:28.471+0000] {processor.py:208} INFO - Processing /home/airflow/.local/lib/python3.12/site-packages/airflow/example_dags/example_dataset_alias.py took 0.578 seconds
[2026-07-18T20:59:59.144+0000] {processor.py:186} INFO - Started process (PID=1287) to work on /home/airflow/.local/lib/python3.12/site-packages/airflow/example_dags/example_dataset_alias.py
[2026-07-18T20:59:59.145+0000] {processor.py:914} INFO - Processing file /home/airflow/.local/lib/python3.12/site-packages/airflow/example_dags/example_dataset_alias.py for tasks to queue
[2026-07-18T20:59:59.148+0000] {logging_mixin.py:190} INFO - [2026-07-18T20:59:59.148+0000] {dagbag.py:588} INFO - Filling up the DagBag from /home/airflow/.local/lib/python3.12/site-packages/airflow/example_dags/example_dataset_alias.py
[2026-07-18T20:59:59.686+0000] {processor.py:925} INFO - DAG(s) 'dataset_s3_bucket_consumer', 'dataset_alias_example_alias_consumer', 'dataset_s3_bucket_producer', 'dataset_alias_example_alias_producer' retrieved from /home/airflow/.local/lib/python3.12/site-packages/airflow/example_dags/example_dataset_alias.py
[2026-07-18T20:59:59.706+0000] {logging_mixin.py:190} INFO - [2026-07-18T20:59:59.705+0000] {dag.py:3239} INFO - Sync 4 DAGs
[2026-07-18T20:59:59.725+0000] {logging_mixin.py:190} INFO - [2026-07-18T20:59:59.725+0000] {dag.py:4180} INFO - Setting next_dagrun for dataset_alias_example_alias_consumer to None, run_after=None
[2026-07-18T20:59:59.729+0000] {logging_mixin.py:190} INFO - [2026-07-18T20:59:59.729+0000] {dag.py:4180} INFO - Setting next_dagrun for dataset_alias_example_alias_producer to None, run_after=None
[2026-07-18T20:59:59.732+0000] {logging_mixin.py:190} INFO - [2026-07-18T20:59:59.732+0000] {dag.py:4180} INFO - Setting next_dagrun for dataset_s3_bucket_consumer to None, run_after=None
[2026-07-18T20:59:59.735+0000] {logging_mixin.py:190} INFO - [2026-07-18T20:59:59.735+0000] {dag.py:4180} INFO - Setting next_dagrun for dataset_s3_bucket_producer to None, run_after=None
[2026-07-18T20:59:59.758+0000] {processor.py:208} INFO - Processing /home/airflow/.local/lib/python3.12/site-packages/airflow/example_dags/example_dataset_alias.py took 0.621 seconds
[2026-07-18T21:00:29.887+0000] {processor.py:186} INFO - Started process (PID=1350) to work on /home/airflow/.local/lib/python3.12/site-packages/airflow/example_dags/example_dataset_alias.py
[2026-07-18T21:00:29.889+0000] {processor.py:914} INFO - Processing file /home/airflow/.local/lib/python3.12/site-packages/airflow/example_dags/example_dataset_alias.py for tasks to queue
[2026-07-18T21:00:29.894+0000] {logging_mixin.py:190} INFO - [2026-07-18T21:00:29.893+0000] {dagbag.py:588} INFO - Filling up the DagBag from /home/airflow/.local/lib/python3.12/site-packages/airflow/example_dags/example_dataset_alias.py
[2026-07-18T21:00:30.478+0000] {processor.py:925} INFO - DAG(s) 'dataset_alias_example_alias_consumer', 'dataset_s3_bucket_consumer', 'dataset_s3_bucket_producer', 'dataset_alias_example_alias_producer' retrieved from /home/airflow/.local/lib/python3.12/site-packages/airflow/example_dags/example_dataset_alias.py
[2026-07-18T21:00:30.497+0000] {logging_mixin.py:190} INFO - [2026-07-18T21:00:30.496+0000] {dag.py:3239} INFO - Sync 4 DAGs
[2026-07-18T21:00:30.515+0000] {logging_mixin.py:190} INFO - [2026-07-18T21:00:30.514+0000] {dag.py:4180} INFO - Setting next_dagrun for dataset_alias_example_alias_consumer to None, run_after=None
[2026-07-18T21:00:30.517+0000] {logging_mixin.py:190} INFO - [2026-07-18T21:00:30.517+0000] {dag.py:4180} INFO - Setting next_dagrun for dataset_alias_example_alias_producer to None, run_after=None
[2026-07-18T21:00:30.519+0000] {logging_mixin.py:190} INFO - [2026-07-18T21:00:30.519+0000] {dag.py:4180} INFO - Setting next_dagrun for dataset_s3_bucket_consumer to None, run_after=None
[2026-07-18T21:00:30.521+0000] {logging_mixin.py:190} INFO - [2026-07-18T21:00:30.520+0000] {dag.py:4180} INFO - Setting next_dagrun for dataset_s3_bucket_producer to None, run_after=None
[2026-07-18T21:00:30.564+0000] {processor.py:208} INFO - Processing /home/airflow/.local/lib/python3.12/site-packages/airflow/example_dags/example_dataset_alias.py took 0.687 seconds
[2026-07-18T21:01:00.733+0000] {processor.py:186} INFO - Started process (PID=1413) to work on /home/airflow/.local/lib/python3.12/site-packages/airflow/example_dags/example_dataset_alias.py
[2026-07-18T21:01:00.736+0000] {processor.py:914} INFO - Processing file /home/airflow/.local/lib/python3.12/site-packages/airflow/example_dags/example_dataset_alias.py for tasks to queue
[2026-07-18T21:01:00.741+0000] {logging_mixin.py:190} INFO - [2026-07-18T21:01:00.741+0000] {dagbag.py:588} INFO - Filling up the DagBag from /home/airflow/.local/lib/python3.12/site-packages/airflow/example_dags/example_dataset_alias.py
[2026-07-18T21:01:01.701+0000] {processor.py:925} INFO - DAG(s) 'dataset_alias_example_alias_consumer', 'dataset_s3_bucket_producer', 'dataset_s3_bucket_consumer', 'dataset_alias_example_alias_producer' retrieved from /home/airflow/.local/lib/python3.12/site-packages/airflow/example_dags/example_dataset_alias.py
[2026-07-18T21:01:01.743+0000] {logging_mixin.py:190} INFO - [2026-07-18T21:01:01.742+0000] {dag.py:3239} INFO - Sync 4 DAGs
[2026-07-18T21:01:01.789+0000] {logging_mixin.py:190} INFO - [2026-07-18T21:01:01.788+0000] {dag.py:4180} INFO - Setting next_dagrun for dataset_alias_example_alias_consumer to None, run_after=None
[2026-07-18T21:01:01.795+0000] {logging_mixin.py:190} INFO - [2026-07-18T21:01:01.795+0000] {dag.py:4180} INFO - Setting next_dagrun for dataset_alias_example_alias_producer to None, run_after=None
[2026-07-18T21:01:01.799+0000] {logging_mixin.py:190} INFO - [2026-07-18T21:01:01.799+0000] {dag.py:4180} INFO - Setting next_dagrun for dataset_s3_bucket_consumer to None, run_after=None
[2026-07-18T21:01:01.802+0000] {logging_mixin.py:190} INFO - [2026-07-18T21:01:01.802+0000] {dag.py:4180} INFO - Setting next_dagrun for dataset_s3_bucket_producer to None, run_after=None
[2026-07-18T21:01:01.869+0000] {processor.py:208} INFO - Processing /home/airflow/.local/lib/python3.12/site-packages/airflow/example_dags/example_dataset_alias.py took 1.144 seconds
[2026-07-18T21:01:32.480+0000] {processor.py:186} INFO - Started process (PID=1476) to work on /home/airflow/.local/lib/python3.12/site-packages/airflow/example_dags/example_dataset_alias.py
[2026-07-18T21:01:32.483+0000] {processor.py:914} INFO - Processing file /home/airflow/.local/lib/python3.12/site-packages/airflow/example_dags/example_dataset_alias.py for tasks to queue
[2026-07-18T21:01:32.489+0000] {logging_mixin.py:190} INFO - [2026-07-18T21:01:32.488+0000] {dagbag.py:588} INFO - Filling up the DagBag from /home/airflow/.local/lib/python3.12/site-packages/airflow/example_dags/example_dataset_alias.py
[2026-07-18T21:01:33.312+0000] {processor.py:925} INFO - DAG(s) 'dataset_alias_example_alias_consumer', 'dataset_s3_bucket_consumer', 'dataset_alias_example_alias_producer', 'dataset_s3_bucket_producer' retrieved from /home/airflow/.local/lib/python3.12/site-packages/airflow/example_dags/example_dataset_alias.py
[2026-07-18T21:01:33.340+0000] {logging_mixin.py:190} INFO - [2026-07-18T21:01:33.339+0000] {dag.py:3239} INFO - Sync 4 DAGs
[2026-07-18T21:01:33.370+0000] {logging_mixin.py:190} INFO - [2026-07-18T21:01:33.369+0000] {dag.py:4180} INFO - Setting next_dagrun for dataset_alias_example_alias_consumer to None, run_after=None
[2026-07-18T21:01:33.374+0000] {logging_mixin.py:190} INFO - [2026-07-18T21:01:33.374+0000] {dag.py:4180} INFO - Setting next_dagrun for dataset_alias_example_alias_producer to None, run_after=None
[2026-07-18T21:01:33.377+0000] {logging_mixin.py:190} INFO - [2026-07-18T21:01:33.377+0000] {dag.py:4180} INFO - Setting next_dagrun for dataset_s3_bucket_consumer to None, run_after=None
[2026-07-18T21:01:33.380+0000] {logging_mixin.py:190} INFO - [2026-07-18T21:01:33.380+0000] {dag.py:4180} INFO - Setting next_dagrun for dataset_s3_bucket_producer to None, run_after=None
[2026-07-18T21:01:33.429+0000] {processor.py:208} INFO - Processing /home/airflow/.local/lib/python3.12/site-packages/airflow/example_dags/example_dataset_alias.py took 0.960 seconds
[2026-07-18T21:02:04.172+0000] {processor.py:186} INFO - Started process (PID=1539) to work on /home/airflow/.local/lib/python3.12/site-packages/airflow/example_dags/example_dataset_alias.py
[2026-07-18T21:02:04.175+0000] {processor.py:914} INFO - Processing file /home/airflow/.local/lib/python3.12/site-packages/airflow/example_dags/example_dataset_alias.py for tasks to queue
[2026-07-18T21:02:04.182+0000] {logging_mixin.py:190} INFO - [2026-07-18T21:02:04.181+0000] {dagbag.py:588} INFO - Filling up the DagBag from /home/airflow/.local/lib/python3.12/site-packages/airflow/example_dags/example_dataset_alias.py
[2026-07-18T21:02:05.253+0000] {processor.py:925} INFO - DAG(s) 'dataset_alias_example_alias_consumer', 'dataset_alias_example_alias_producer', 'dataset_s3_bucket_consumer', 'dataset_s3_bucket_producer' retrieved from /home/airflow/.local/lib/python3.12/site-packages/airflow/example_dags/example_dataset_alias.py
[2026-07-18T21:02:05.295+0000] {logging_mixin.py:190} INFO - [2026-07-18T21:02:05.293+0000] {dag.py:3239} INFO - Sync 4 DAGs
[2026-07-18T21:02:05.331+0000] {logging_mixin.py:190} INFO - [2026-07-18T21:02:05.331+0000] {dag.py:4180} INFO - Setting next_dagrun for dataset_alias_example_alias_consumer to None, run_after=None
[2026-07-18T21:02:05.337+0000] {logging_mixin.py:190} INFO - [2026-07-18T21:02:05.337+0000] {dag.py:4180} INFO - Setting next_dagrun for dataset_alias_example_alias_producer to None, run_after=None
[2026-07-18T21:02:05.341+0000] {logging_mixin.py:190} INFO - [2026-07-18T21:02:05.341+0000] {dag.py:4180} INFO - Setting next_dagrun for dataset_s3_bucket_consumer to None, run_after=None
[2026-07-18T21:02:05.346+0000] {logging_mixin.py:190} INFO - [2026-07-18T21:02:05.345+0000] {dag.py:4180} INFO - Setting next_dagrun for dataset_s3_bucket_producer to None, run_after=None
[2026-07-18T21:02:05.383+0000] {processor.py:208} INFO - Processing /home/airflow/.local/lib/python3.12/site-packages/airflow/example_dags/example_dataset_alias.py took 1.229 seconds
[2026-07-18T21:02:35.743+0000] {processor.py:186} INFO - Started process (PID=1608) to work on /home/airflow/.local/lib/python3.12/site-packages/airflow/example_dags/example_dataset_alias.py
[2026-07-18T21:02:35.750+0000] {processor.py:914} INFO - Processing file /home/airflow/.local/lib/python3.12/site-packages/airflow/example_dags/example_dataset_alias.py for tasks to queue
[2026-07-18T21:02:35.760+0000] {logging_mixin.py:190} INFO - [2026-07-18T21:02:35.759+0000] {dagbag.py:588} INFO - Filling up the DagBag from /home/airflow/.local/lib/python3.12/site-packages/airflow/example_dags/example_dataset_alias.py
[2026-07-18T21:02:36.749+0000] {processor.py:925} INFO - DAG(s) 'dataset_s3_bucket_producer', 'dataset_alias_example_alias_producer', 'dataset_s3_bucket_consumer', 'dataset_alias_example_alias_consumer' retrieved from /home/airflow/.local/lib/python3.12/site-packages/airflow/example_dags/example_dataset_alias.py
[2026-07-18T21:02:36.784+0000] {logging_mixin.py:190} INFO - [2026-07-18T21:02:36.783+0000] {dag.py:3239} INFO - Sync 4 DAGs
[2026-07-18T21:02:36.816+0000] {logging_mixin.py:190} INFO - [2026-07-18T21:02:36.816+0000] {dag.py:4180} INFO - Setting next_dagrun for dataset_alias_example_alias_consumer to None, run_after=None
[2026-07-18T21:02:36.821+0000] {logging_mixin.py:190} INFO - [2026-07-18T21:02:36.821+0000] {dag.py:4180} INFO - Setting next_dagrun for dataset_alias_example_alias_producer to None, run_after=None
[2026-07-18T21:02:36.826+0000] {logging_mixin.py:190} INFO - [2026-07-18T21:02:36.825+0000] {dag.py:4180} INFO - Setting next_dagrun for dataset_s3_bucket_consumer to None, run_after=None
[2026-07-18T21:02:36.829+0000] {logging_mixin.py:190} INFO - [2026-07-18T21:02:36.829+0000] {dag.py:4180} INFO - Setting next_dagrun for dataset_s3_bucket_producer to None, run_after=None
[2026-07-18T21:02:36.864+0000] {processor.py:208} INFO - Processing /home/airflow/.local/lib/python3.12/site-packages/airflow/example_dags/example_dataset_alias.py took 1.144 seconds
[2026-07-18T21:03:07.174+0000] {processor.py:186} INFO - Started process (PID=1671) to work on /home/airflow/.local/lib/python3.12/site-packages/airflow/example_dags/example_dataset_alias.py
[2026-07-18T21:03:07.176+0000] {processor.py:914} INFO - Processing file /home/airflow/.local/lib/python3.12/site-packages/airflow/example_dags/example_dataset_alias.py for tasks to queue
[2026-07-18T21:03:07.181+0000] {logging_mixin.py:190} INFO - [2026-07-18T21:03:07.181+0000] {dagbag.py:588} INFO - Filling up the DagBag from /home/airflow/.local/lib/python3.12/site-packages/airflow/example_dags/example_dataset_alias.py
[2026-07-18T21:03:07.877+0000] {processor.py:925} INFO - DAG(s) 'dataset_s3_bucket_consumer', 'dataset_s3_bucket_producer', 'dataset_alias_example_alias_producer', 'dataset_alias_example_alias_consumer' retrieved from /home/airflow/.local/lib/python3.12/site-packages/airflow/example_dags/example_dataset_alias.py
[2026-07-18T21:03:07.907+0000] {logging_mixin.py:190} INFO - [2026-07-18T21:03:07.906+0000] {dag.py:3239} INFO - Sync 4 DAGs
[2026-07-18T21:03:07.941+0000] {logging_mixin.py:190} INFO - [2026-07-18T21:03:07.941+0000] {dag.py:4180} INFO - Setting next_dagrun for dataset_alias_example_alias_consumer to None, run_after=None
[2026-07-18T21:03:07.946+0000] {logging_mixin.py:190} INFO - [2026-07-18T21:03:07.946+0000] {dag.py:4180} INFO - Setting next_dagrun for dataset_alias_example_alias_producer to None, run_after=None
[2026-07-18T21:03:07.951+0000] {logging_mixin.py:190} INFO - [2026-07-18T21:03:07.950+0000] {dag.py:4180} INFO - Setting next_dagrun for dataset_s3_bucket_consumer to None, run_after=None
[2026-07-18T21:03:07.954+0000] {logging_mixin.py:190} INFO - [2026-07-18T21:03:07.953+0000] {dag.py:4180} INFO - Setting next_dagrun for dataset_s3_bucket_producer to None, run_after=None
[2026-07-18T21:03:07.981+0000] {processor.py:208} INFO - Processing /home/airflow/.local/lib/python3.12/site-packages/airflow/example_dags/example_dataset_alias.py took 0.814 seconds
[2026-07-18T21:03:38.193+0000] {processor.py:186} INFO - Started process (PID=1734) to work on /home/airflow/.local/lib/python3.12/site-packages/airflow/example_dags/example_dataset_alias.py
[2026-07-18T21:03:38.196+0000] {processor.py:914} INFO - Processing file /home/airflow/.local/lib/python3.12/site-packages/airflow/example_dags/example_dataset_alias.py for tasks to queue
[2026-07-18T21:03:38.203+0000] {logging_mixin.py:190} INFO - [2026-07-18T21:03:38.202+0000] {dagbag.py:588} INFO - Filling up the DagBag from /home/airflow/.local/lib/python3.12/site-packages/airflow/example_dags/example_dataset_alias.py
[2026-07-18T21:03:39.197+0000] {processor.py:925} INFO - DAG(s) 'dataset_alias_example_alias_consumer', 'dataset_s3_bucket_producer', 'dataset_alias_example_alias_producer', 'dataset_s3_bucket_consumer' retrieved from /home/airflow/.local/lib/python3.12/site-packages/airflow/example_dags/example_dataset_alias.py
[2026-07-18T21:03:39.235+0000] {logging_mixin.py:190} INFO - [2026-07-18T21:03:39.234+0000] {dag.py:3239} INFO - Sync 4 DAGs
[2026-07-18T21:03:39.285+0000] {logging_mixin.py:190} INFO - [2026-07-18T21:03:39.284+0000] {dag.py:4180} INFO - Setting next_dagrun for dataset_alias_example_alias_consumer to None, run_after=None
[2026-07-18T21:03:39.290+0000] {logging_mixin.py:190} INFO - [2026-07-18T21:03:39.290+0000] {dag.py:4180} INFO - Setting next_dagrun for dataset_alias_example_alias_producer to None, run_after=None
[2026-07-18T21:03:39.295+0000] {logging_mixin.py:190} INFO - [2026-07-18T21:03:39.294+0000] {dag.py:4180} INFO - Setting next_dagrun for dataset_s3_bucket_consumer to None, run_after=None
[2026-07-18T21:03:39.300+0000] {logging_mixin.py:190} INFO - [2026-07-18T21:03:39.299+0000] {dag.py:4180} INFO - Setting next_dagrun for dataset_s3_bucket_producer to None, run_after=None
[2026-07-18T21:03:39.359+0000] {processor.py:208} INFO - Processing /home/airflow/.local/lib/python3.12/site-packages/airflow/example_dags/example_dataset_alias.py took 1.179 seconds
[2026-07-18T21:04:10.235+0000] {processor.py:186} INFO - Started process (PID=1798) to work on /home/airflow/.local/lib/python3.12/site-packages/airflow/example_dags/example_dataset_alias.py
[2026-07-18T21:04:10.242+0000] {processor.py:914} INFO - Processing file /home/airflow/.local/lib/python3.12/site-packages/airflow/example_dags/example_dataset_alias.py for tasks to queue
[2026-07-18T21:04:10.366+0000] {logging_mixin.py:190} INFO - [2026-07-18T21:04:10.365+0000] {dagbag.py:588} INFO - Filling up the DagBag from /home/airflow/.local/lib/python3.12/site-packages/airflow/example_dags/example_dataset_alias.py
[2026-07-18T21:04:11.420+0000] {processor.py:925} INFO - DAG(s) 'dataset_s3_bucket_producer', 'dataset_alias_example_alias_producer', 'dataset_s3_bucket_consumer', 'dataset_alias_example_alias_consumer' retrieved from /home/airflow/.local/lib/python3.12/site-packages/airflow/example_dags/example_dataset_alias.py
[2026-07-18T21:04:11.456+0000] {logging_mixin.py:190} INFO - [2026-07-18T21:04:11.456+0000] {dag.py:3239} INFO - Sync 4 DAGs
[2026-07-18T21:04:11.548+0000] {logging_mixin.py:190} INFO - [2026-07-18T21:04:11.547+0000] {dag.py:4180} INFO - Setting next_dagrun for dataset_alias_example_alias_consumer to None, run_after=None
[2026-07-18T21:04:11.553+0000] {logging_mixin.py:190} INFO - [2026-07-18T21:04:11.552+0000] {dag.py:4180} INFO - Setting next_dagrun for dataset_alias_example_alias_producer to None, run_after=None
[2026-07-18T21:04:11.557+0000] {logging_mixin.py:190} INFO - [2026-07-18T21:04:11.557+0000] {dag.py:4180} INFO - Setting next_dagrun for dataset_s3_bucket_consumer to None, run_after=None
[2026-07-18T21:04:11.561+0000] {logging_mixin.py:190} INFO - [2026-07-18T21:04:11.560+0000] {dag.py:4180} INFO - Setting next_dagrun for dataset_s3_bucket_producer to None, run_after=None
[2026-07-18T21:04:11.599+0000] {processor.py:208} INFO - Processing /home/airflow/.local/lib/python3.12/site-packages/airflow/example_dags/example_dataset_alias.py took 1.390 seconds
[2026-07-18T21:04:41.747+0000] {processor.py:186} INFO - Started process (PID=1861) to work on /home/airflow/.local/lib/python3.12/site-packages/airflow/example_dags/example_dataset_alias.py
[2026-07-18T21:04:41.753+0000] {processor.py:914} INFO - Processing file /home/airflow/.local/lib/python3.12/site-packages/airflow/example_dags/example_dataset_alias.py for tasks to queue
[2026-07-18T21:04:41.760+0000] {logging_mixin.py:190} INFO - [2026-07-18T21:04:41.759+0000] {dagbag.py:588} INFO - Filling up the DagBag from /home/airflow/.local/lib/python3.12/site-packages/airflow/example_dags/example_dataset_alias.py
[2026-07-18T21:04:42.554+0000] {processor.py:925} INFO - DAG(s) 'dataset_alias_example_alias_consumer', 'dataset_alias_example_alias_producer', 'dataset_s3_bucket_producer', 'dataset_s3_bucket_consumer' retrieved from /home/airflow/.local/lib/python3.12/site-packages/airflow/example_dags/example_dataset_alias.py
[2026-07-18T21:04:42.605+0000] {logging_mixin.py:190} INFO - [2026-07-18T21:04:42.605+0000] {dag.py:3239} INFO - Sync 4 DAGs
[2026-07-18T21:04:42.637+0000] {logging_mixin.py:190} INFO - [2026-07-18T21:04:42.637+0000] {dag.py:4180} INFO - Setting next_dagrun for dataset_alias_example_alias_consumer to None, run_after=None
[2026-07-18T21:04:42.644+0000] {logging_mixin.py:190} INFO - [2026-07-18T21:04:42.643+0000] {dag.py:4180} INFO - Setting next_dagrun for dataset_alias_example_alias_producer to None, run_after=None
[2026-07-18T21:04:42.647+0000] {logging_mixin.py:190} INFO - [2026-07-18T21:04:42.647+0000] {dag.py:4180} INFO - Setting next_dagrun for dataset_s3_bucket_consumer to None, run_after=None
[2026-07-18T21:04:42.650+0000] {logging_mixin.py:190} INFO - [2026-07-18T21:04:42.650+0000] {dag.py:4180} INFO - Setting next_dagrun for dataset_s3_bucket_producer to None, run_after=None
[2026-07-18T21:04:42.683+0000] {processor.py:208} INFO - Processing /home/airflow/.local/lib/python3.12/site-packages/airflow/example_dags/example_dataset_alias.py took 0.952 seconds
[2026-07-18T21:05:13.231+0000] {processor.py:186} INFO - Started process (PID=1924) to work on /home/airflow/.local/lib/python3.12/site-packages/airflow/example_dags/example_dataset_alias.py
[2026-07-18T21:05:13.232+0000] {processor.py:914} INFO - Processing file /home/airflow/.local/lib/python3.12/site-packages/airflow/example_dags/example_dataset_alias.py for tasks to queue
[2026-07-18T21:05:13.235+0000] {logging_mixin.py:190} INFO - [2026-07-18T21:05:13.235+0000] {dagbag.py:588} INFO - Filling up the DagBag from /home/airflow/.local/lib/python3.12/site-packages/airflow/example_dags/example_dataset_alias.py
[2026-07-18T21:05:13.714+0000] {processor.py:925} INFO - DAG(s) 'dataset_s3_bucket_producer', 'dataset_alias_example_alias_consumer', 'dataset_alias_example_alias_producer', 'dataset_s3_bucket_consumer' retrieved from /home/airflow/.local/lib/python3.12/site-packages/airflow/example_dags/example_dataset_alias.py
[2026-07-18T21:05:13.731+0000] {logging_mixin.py:190} INFO - [2026-07-18T21:05:13.731+0000] {dag.py:3239} INFO - Sync 4 DAGs
[2026-07-18T21:05:13.747+0000] {logging_mixin.py:190} INFO - [2026-07-18T21:05:13.747+0000] {dag.py:4180} INFO - Setting next_dagrun for dataset_alias_example_alias_consumer to None, run_after=None
[2026-07-18T21:05:13.750+0000] {logging_mixin.py:190} INFO - [2026-07-18T21:05:13.750+0000] {dag.py:4180} INFO - Setting next_dagrun for dataset_alias_example_alias_producer to None, run_after=None
[2026-07-18T21:05:13.752+0000] {logging_mixin.py:190} INFO - [2026-07-18T21:05:13.752+0000] {dag.py:4180} INFO - Setting next_dagrun for dataset_s3_bucket_consumer to None, run_after=None
[2026-07-18T21:05:13.754+0000] {logging_mixin.py:190} INFO - [2026-07-18T21:05:13.754+0000] {dag.py:4180} INFO - Setting next_dagrun for dataset_s3_bucket_producer to None, run_after=None
[2026-07-18T21:05:13.773+0000] {processor.py:208} INFO - Processing /home/airflow/.local/lib/python3.12/site-packages/airflow/example_dags/example_dataset_alias.py took 0.549 seconds
[2026-07-18T21:05:44.359+0000] {processor.py:186} INFO - Started process (PID=1987) to work on /home/airflow/.local/lib/python3.12/site-packages/airflow/example_dags/example_dataset_alias.py
[2026-07-18T21:05:44.361+0000] {processor.py:914} INFO - Processing file /home/airflow/.local/lib/python3.12/site-packages/airflow/example_dags/example_dataset_alias.py for tasks to queue
[2026-07-18T21:05:44.368+0000] {logging_mixin.py:190} INFO - [2026-07-18T21:05:44.367+0000] {dagbag.py:588} INFO - Filling up the DagBag from /home/airflow/.local/lib/python3.12/site-packages/airflow/example_dags/example_dataset_alias.py
[2026-07-18T21:05:45.427+0000] {processor.py:925} INFO - DAG(s) 'dataset_alias_example_alias_consumer', 'dataset_alias_example_alias_producer', 'dataset_s3_bucket_producer', 'dataset_s3_bucket_consumer' retrieved from /home/airflow/.local/lib/python3.12/site-packages/airflow/example_dags/example_dataset_alias.py
[2026-07-18T21:05:45.495+0000] {logging_mixin.py:190} INFO - [2026-07-18T21:05:45.493+0000] {dag.py:3239} INFO - Sync 4 DAGs
[2026-07-18T21:05:45.543+0000] {logging_mixin.py:190} INFO - [2026-07-18T21:05:45.542+0000] {dag.py:4180} INFO - Setting next_dagrun for dataset_alias_example_alias_consumer to None, run_after=None
[2026-07-18T21:05:45.551+0000] {logging_mixin.py:190} INFO - [2026-07-18T21:05:45.551+0000] {dag.py:4180} INFO - Setting next_dagrun for dataset_alias_example_alias_producer to None, run_after=None
[2026-07-18T21:05:45.556+0000] {logging_mixin.py:190} INFO - [2026-07-18T21:05:45.555+0000] {dag.py:4180} INFO - Setting next_dagrun for dataset_s3_bucket_consumer to None, run_after=None
[2026-07-18T21:05:45.559+0000] {logging_mixin.py:190} INFO - [2026-07-18T21:05:45.558+0000] {dag.py:4180} INFO - Setting next_dagrun for dataset_s3_bucket_producer to None, run_after=None
[2026-07-18T21:05:45.590+0000] {processor.py:208} INFO - Processing /home/airflow/.local/lib/python3.12/site-packages/airflow/example_dags/example_dataset_alias.py took 1.243 seconds
[2026-07-18T21:06:15.695+0000] {processor.py:186} INFO - Started process (PID=2050) to work on /home/airflow/.local/lib/python3.12/site-packages/airflow/example_dags/example_dataset_alias.py
[2026-07-18T21:06:15.697+0000] {processor.py:914} INFO - Processing file /home/airflow/.local/lib/python3.12/site-packages/airflow/example_dags/example_dataset_alias.py for tasks to queue
[2026-07-18T21:06:15.702+0000] {logging_mixin.py:190} INFO - [2026-07-18T21:06:15.702+0000] {dagbag.py:588} INFO - Filling up the DagBag from /home/airflow/.local/lib/python3.12/site-packages/airflow/example_dags/example_dataset_alias.py
[2026-07-18T21:06:16.584+0000] {processor.py:925} INFO - DAG(s) 'dataset_s3_bucket_producer', 'dataset_alias_example_alias_producer', 'dataset_s3_bucket_consumer', 'dataset_alias_example_alias_consumer' retrieved from /home/airflow/.local/lib/python3.12/site-packages/airflow/example_dags/example_dataset_alias.py
[2026-07-18T21:06:16.639+0000] {logging_mixin.py:190} INFO - [2026-07-18T21:06:16.638+0000] {dag.py:3239} INFO - Sync 4 DAGs
[2026-07-18T21:06:16.683+0000] {logging_mixin.py:190} INFO - [2026-07-18T21:06:16.682+0000] {dag.py:4180} INFO - Setting next_dagrun for dataset_alias_example_alias_consumer to None, run_after=None
[2026-07-18T21:06:16.688+0000] {logging_mixin.py:190} INFO - [2026-07-18T21:06:16.688+0000] {dag.py:4180} INFO - Setting next_dagrun for dataset_alias_example_alias_producer to None, run_after=None
[2026-07-18T21:06:16.693+0000] {logging_mixin.py:190} INFO - [2026-07-18T21:06:16.693+0000] {dag.py:4180} INFO - Setting next_dagrun for dataset_s3_bucket_consumer to None, run_after=None
[2026-07-18T21:06:16.697+0000] {logging_mixin.py:190} INFO - [2026-07-18T21:06:16.696+0000] {dag.py:4180} INFO - Setting next_dagrun for dataset_s3_bucket_producer to None, run_after=None
[2026-07-18T21:06:16.827+0000] {processor.py:208} INFO - Processing /home/airflow/.local/lib/python3.12/site-packages/airflow/example_dags/example_dataset_alias.py took 1.141 seconds
[2026-07-18T21:06:47.511+0000] {processor.py:186} INFO - Started process (PID=2113) to work on /home/airflow/.local/lib/python3.12/site-packages/airflow/example_dags/example_dataset_alias.py
[2026-07-18T21:06:47.514+0000] {processor.py:914} INFO - Processing file /home/airflow/.local/lib/python3.12/site-packages/airflow/example_dags/example_dataset_alias.py for tasks to queue
[2026-07-18T21:06:47.518+0000] {logging_mixin.py:190} INFO - [2026-07-18T21:06:47.518+0000] {dagbag.py:588} INFO - Filling up the DagBag from /home/airflow/.local/lib/python3.12/site-packages/airflow/example_dags/example_dataset_alias.py
[2026-07-18T21:06:48.386+0000] {processor.py:925} INFO - DAG(s) 'dataset_alias_example_alias_consumer', 'dataset_alias_example_alias_producer', 'dataset_s3_bucket_producer', 'dataset_s3_bucket_consumer' retrieved from /home/airflow/.local/lib/python3.12/site-packages/airflow/example_dags/example_dataset_alias.py
[2026-07-18T21:06:48.416+0000] {logging_mixin.py:190} INFO - [2026-07-18T21:06:48.415+0000] {dag.py:3239} INFO - Sync 4 DAGs
[2026-07-18T21:06:48.449+0000] {logging_mixin.py:190} INFO - [2026-07-18T21:06:48.449+0000] {dag.py:4180} INFO - Setting next_dagrun for dataset_alias_example_alias_consumer to None, run_after=None
[2026-07-18T21:06:48.454+0000] {logging_mixin.py:190} INFO - [2026-07-18T21:06:48.454+0000] {dag.py:4180} INFO - Setting next_dagrun for dataset_alias_example_alias_producer to None, run_after=None
[2026-07-18T21:06:48.460+0000] {logging_mixin.py:190} INFO - [2026-07-18T21:06:48.459+0000] {dag.py:4180} INFO - Setting next_dagrun for dataset_s3_bucket_consumer to None, run_after=None
[2026-07-18T21:06:48.463+0000] {logging_mixin.py:190} INFO - [2026-07-18T21:06:48.463+0000] {dag.py:4180} INFO - Setting next_dagrun for dataset_s3_bucket_producer to None, run_after=None
[2026-07-18T21:06:48.490+0000] {processor.py:208} INFO - Processing /home/airflow/.local/lib/python3.12/site-packages/airflow/example_dags/example_dataset_alias.py took 0.987 seconds
[2026-07-18T21:07:18.589+0000] {processor.py:186} INFO - Started process (PID=2176) to work on /home/airflow/.local/lib/python3.12/site-packages/airflow/example_dags/example_dataset_alias.py
[2026-07-18T21:07:18.591+0000] {processor.py:914} INFO - Processing file /home/airflow/.local/lib/python3.12/site-packages/airflow/example_dags/example_dataset_alias.py for tasks to queue
[2026-07-18T21:07:18.596+0000] {logging_mixin.py:190} INFO - [2026-07-18T21:07:18.596+0000] {dagbag.py:588} INFO - Filling up the DagBag from /home/airflow/.local/lib/python3.12/site-packages/airflow/example_dags/example_dataset_alias.py
[2026-07-18T21:07:19.257+0000] {processor.py:925} INFO - DAG(s) 'dataset_s3_bucket_consumer', 'dataset_alias_example_alias_consumer', 'dataset_s3_bucket_producer', 'dataset_alias_example_alias_producer' retrieved from /home/airflow/.local/lib/python3.12/site-packages/airflow/example_dags/example_dataset_alias.py
[2026-07-18T21:07:19.287+0000] {logging_mixin.py:190} INFO - [2026-07-18T21:07:19.287+0000] {dag.py:3239} INFO - Sync 4 DAGs
[2026-07-18T21:07:19.318+0000] {logging_mixin.py:190} INFO - [2026-07-18T21:07:19.318+0000] {dag.py:4180} INFO - Setting next_dagrun for dataset_alias_example_alias_consumer to None, run_after=None
[2026-07-18T21:07:19.323+0000] {logging_mixin.py:190} INFO - [2026-07-18T21:07:19.323+0000] {dag.py:4180} INFO - Setting next_dagrun for dataset_alias_example_alias_producer to None, run_after=None
[2026-07-18T21:07:19.327+0000] {logging_mixin.py:190} INFO - [2026-07-18T21:07:19.326+0000] {dag.py:4180} INFO - Setting next_dagrun for dataset_s3_bucket_consumer to None, run_after=None
[2026-07-18T21:07:19.330+0000] {logging_mixin.py:190} INFO - [2026-07-18T21:07:19.329+0000] {dag.py:4180} INFO - Setting next_dagrun for dataset_s3_bucket_producer to None, run_after=None
[2026-07-18T21:07:19.395+0000] {processor.py:208} INFO - Processing /home/airflow/.local/lib/python3.12/site-packages/airflow/example_dags/example_dataset_alias.py took 0.814 seconds
[2026-07-18T21:07:50.107+0000] {processor.py:186} INFO - Started process (PID=2240) to work on /home/airflow/.local/lib/python3.12/site-packages/airflow/example_dags/example_dataset_alias.py
[2026-07-18T21:07:50.109+0000] {processor.py:914} INFO - Processing file /home/airflow/.local/lib/python3.12/site-packages/airflow/example_dags/example_dataset_alias.py for tasks to queue
[2026-07-18T21:07:50.113+0000] {logging_mixin.py:190} INFO - [2026-07-18T21:07:50.112+0000] {dagbag.py:588} INFO - Filling up the DagBag from /home/airflow/.local/lib/python3.12/site-packages/airflow/example_dags/example_dataset_alias.py
[2026-07-18T21:07:50.964+0000] {processor.py:925} INFO - DAG(s) 'dataset_s3_bucket_producer', 'dataset_s3_bucket_consumer', 'dataset_alias_example_alias_producer', 'dataset_alias_example_alias_consumer' retrieved from /home/airflow/.local/lib/python3.12/site-packages/airflow/example_dags/example_dataset_alias.py
[2026-07-18T21:07:51.003+0000] {logging_mixin.py:190} INFO - [2026-07-18T21:07:51.002+0000] {dag.py:3239} INFO - Sync 4 DAGs
[2026-07-18T21:07:51.061+0000] {logging_mixin.py:190} INFO - [2026-07-18T21:07:51.060+0000] {dag.py:4180} INFO - Setting next_dagrun for dataset_alias_example_alias_consumer to None, run_after=None
[2026-07-18T21:07:51.071+0000] {logging_mixin.py:190} INFO - [2026-07-18T21:07:51.071+0000] {dag.py:4180} INFO - Setting next_dagrun for dataset_alias_example_alias_producer to None, run_after=None
[2026-07-18T21:07:51.076+0000] {logging_mixin.py:190} INFO - [2026-07-18T21:07:51.076+0000] {dag.py:4180} INFO - Setting next_dagrun for dataset_s3_bucket_consumer to None, run_after=None
[2026-07-18T21:07:51.081+0000] {logging_mixin.py:190} INFO - [2026-07-18T21:07:51.080+0000] {dag.py:4180} INFO - Setting next_dagrun for dataset_s3_bucket_producer to None, run_after=None
[2026-07-18T21:07:51.120+0000] {processor.py:208} INFO - Processing /home/airflow/.local/lib/python3.12/site-packages/airflow/example_dags/example_dataset_alias.py took 1.022 seconds
[2026-07-18T21:08:22.143+0000] {processor.py:186} INFO - Started process (PID=2305) to work on /home/airflow/.local/lib/python3.12/site-packages/airflow/example_dags/example_dataset_alias.py
[2026-07-18T21:08:22.145+0000] {processor.py:914} INFO - Processing file /home/airflow/.local/lib/python3.12/site-packages/airflow/example_dags/example_dataset_alias.py for tasks to queue
[2026-07-18T21:08:22.149+0000] {logging_mixin.py:190} INFO - [2026-07-18T21:08:22.149+0000] {dagbag.py:588} INFO - Filling up the DagBag from /home/airflow/.local/lib/python3.12/site-packages/airflow/example_dags/example_dataset_alias.py
[2026-07-18T21:08:23.076+0000] {processor.py:925} INFO - DAG(s) 'dataset_s3_bucket_consumer', 'dataset_alias_example_alias_consumer', 'dataset_s3_bucket_producer', 'dataset_alias_example_alias_producer' retrieved from /home/airflow/.local/lib/python3.12/site-packages/airflow/example_dags/example_dataset_alias.py
[2026-07-18T21:08:23.108+0000] {logging_mixin.py:190} INFO - [2026-07-18T21:08:23.107+0000] {dag.py:3239} INFO - Sync 4 DAGs
[2026-07-18T21:08:23.227+0000] {logging_mixin.py:190} INFO - [2026-07-18T21:08:23.227+0000] {dag.py:4180} INFO - Setting next_dagrun for dataset_alias_example_alias_consumer to None, run_after=None
[2026-07-18T21:08:23.238+0000] {logging_mixin.py:190} INFO - [2026-07-18T21:08:23.237+0000] {dag.py:4180} INFO - Setting next_dagrun for dataset_alias_example_alias_producer to None, run_after=None
[2026-07-18T21:08:23.244+0000] {logging_mixin.py:190} INFO - [2026-07-18T21:08:23.244+0000] {dag.py:4180} INFO - Setting next_dagrun for dataset_s3_bucket_consumer to None, run_after=None
[2026-07-18T21:08:23.248+0000] {logging_mixin.py:190} INFO - [2026-07-18T21:08:23.247+0000] {dag.py:4180} INFO - Setting next_dagrun for dataset_s3_bucket_producer to None, run_after=None
[2026-07-18T21:08:23.289+0000] {processor.py:208} INFO - Processing /home/airflow/.local/lib/python3.12/site-packages/airflow/example_dags/example_dataset_alias.py took 1.154 seconds
[2026-07-18T21:16:29.379+0000] {processor.py:186} INFO - Started process (PID=2372) to work on /home/airflow/.local/lib/python3.12/site-packages/airflow/example_dags/example_dataset_alias.py
[2026-07-18T21:16:29.383+0000] {processor.py:914} INFO - Processing file /home/airflow/.local/lib/python3.12/site-packages/airflow/example_dags/example_dataset_alias.py for tasks to queue
[2026-07-18T21:16:29.396+0000] {logging_mixin.py:190} INFO - [2026-07-18T21:16:29.396+0000] {dagbag.py:588} INFO - Filling up the DagBag from /home/airflow/.local/lib/python3.12/site-packages/airflow/example_dags/example_dataset_alias.py
[2026-07-18T21:16:31.371+0000] {processor.py:925} INFO - DAG(s) 'dataset_s3_bucket_producer', 'dataset_s3_bucket_consumer', 'dataset_alias_example_alias_consumer', 'dataset_alias_example_alias_producer' retrieved from /home/airflow/.local/lib/python3.12/site-packages/airflow/example_dags/example_dataset_alias.py
[2026-07-18T21:16:31.423+0000] {logging_mixin.py:190} INFO - [2026-07-18T21:16:31.422+0000] {dag.py:3239} INFO - Sync 4 DAGs
[2026-07-18T21:16:31.486+0000] {logging_mixin.py:190} INFO - [2026-07-18T21:16:31.486+0000] {dag.py:4180} INFO - Setting next_dagrun for dataset_alias_example_alias_consumer to None, run_after=None
[2026-07-18T21:16:31.492+0000] {logging_mixin.py:190} INFO - [2026-07-18T21:16:31.492+0000] {dag.py:4180} INFO - Setting next_dagrun for dataset_alias_example_alias_producer to None, run_after=None
[2026-07-18T21:16:31.498+0000] {logging_mixin.py:190} INFO - [2026-07-18T21:16:31.498+0000] {dag.py:4180} INFO - Setting next_dagrun for dataset_s3_bucket_consumer to None, run_after=None
[2026-07-18T21:16:31.503+0000] {logging_mixin.py:190} INFO - [2026-07-18T21:16:31.502+0000] {dag.py:4180} INFO - Setting next_dagrun for dataset_s3_bucket_producer to None, run_after=None
[2026-07-18T21:16:31.551+0000] {processor.py:208} INFO - Processing /home/airflow/.local/lib/python3.12/site-packages/airflow/example_dags/example_dataset_alias.py took 2.188 seconds
[2026-07-18T21:17:02.149+0000] {processor.py:186} INFO - Started process (PID=2439) to work on /home/airflow/.local/lib/python3.12/site-packages/airflow/example_dags/example_dataset_alias.py
[2026-07-18T21:17:02.152+0000] {processor.py:914} INFO - Processing file /home/airflow/.local/lib/python3.12/site-packages/airflow/example_dags/example_dataset_alias.py for tasks to queue
[2026-07-18T21:17:02.162+0000] {logging_mixin.py:190} INFO - [2026-07-18T21:17:02.160+0000] {dagbag.py:588} INFO - Filling up the DagBag from /home/airflow/.local/lib/python3.12/site-packages/airflow/example_dags/example_dataset_alias.py
[2026-07-18T21:17:03.211+0000] {processor.py:925} INFO - DAG(s) 'dataset_alias_example_alias_producer', 'dataset_alias_example_alias_consumer', 'dataset_s3_bucket_consumer', 'dataset_s3_bucket_producer' retrieved from /home/airflow/.local/lib/python3.12/site-packages/airflow/example_dags/example_dataset_alias.py
[2026-07-18T21:17:03.247+0000] {logging_mixin.py:190} INFO - [2026-07-18T21:17:03.246+0000] {dag.py:3239} INFO - Sync 4 DAGs
[2026-07-18T21:17:03.284+0000] {logging_mixin.py:190} INFO - [2026-07-18T21:17:03.284+0000] {dag.py:4180} INFO - Setting next_dagrun for dataset_alias_example_alias_consumer to None, run_after=None
[2026-07-18T21:17:03.291+0000] {logging_mixin.py:190} INFO - [2026-07-18T21:17:03.290+0000] {dag.py:4180} INFO - Setting next_dagrun for dataset_alias_example_alias_producer to None, run_after=None
[2026-07-18T21:17:03.297+0000] {logging_mixin.py:190} INFO - [2026-07-18T21:17:03.297+0000] {dag.py:4180} INFO - Setting next_dagrun for dataset_s3_bucket_consumer to None, run_after=None
[2026-07-18T21:17:03.301+0000] {logging_mixin.py:190} INFO - [2026-07-18T21:17:03.301+0000] {dag.py:4180} INFO - Setting next_dagrun for dataset_s3_bucket_producer to None, run_after=None
[2026-07-18T21:17:03.340+0000] {processor.py:208} INFO - Processing /home/airflow/.local/lib/python3.12/site-packages/airflow/example_dags/example_dataset_alias.py took 1.209 seconds
[2026-07-18T21:17:33.640+0000] {processor.py:186} INFO - Started process (PID=2508) to work on /home/airflow/.local/lib/python3.12/site-packages/airflow/example_dags/example_dataset_alias.py
[2026-07-18T21:17:33.643+0000] {processor.py:914} INFO - Processing file /home/airflow/.local/lib/python3.12/site-packages/airflow/example_dags/example_dataset_alias.py for tasks to queue
[2026-07-18T21:17:33.652+0000] {logging_mixin.py:190} INFO - [2026-07-18T21:17:33.651+0000] {dagbag.py:588} INFO - Filling up the DagBag from /home/airflow/.local/lib/python3.12/site-packages/airflow/example_dags/example_dataset_alias.py
[2026-07-18T21:17:34.633+0000] {processor.py:925} INFO - DAG(s) 'dataset_alias_example_alias_producer', 'dataset_s3_bucket_producer', 'dataset_s3_bucket_consumer', 'dataset_alias_example_alias_consumer' retrieved from /home/airflow/.local/lib/python3.12/site-packages/airflow/example_dags/example_dataset_alias.py
[2026-07-18T21:17:34.668+0000] {logging_mixin.py:190} INFO - [2026-07-18T21:17:34.667+0000] {dag.py:3239} INFO - Sync 4 DAGs
[2026-07-18T21:17:34.710+0000] {logging_mixin.py:190} INFO - [2026-07-18T21:17:34.709+0000] {dag.py:4180} INFO - Setting next_dagrun for dataset_alias_example_alias_consumer to None, run_after=None
[2026-07-18T21:17:34.717+0000] {logging_mixin.py:190} INFO - [2026-07-18T21:17:34.717+0000] {dag.py:4180} INFO - Setting next_dagrun for dataset_alias_example_alias_producer to None, run_after=None
[2026-07-18T21:17:34.723+0000] {logging_mixin.py:190} INFO - [2026-07-18T21:17:34.722+0000] {dag.py:4180} INFO - Setting next_dagrun for dataset_s3_bucket_consumer to None, run_after=None
[2026-07-18T21:17:34.727+0000] {logging_mixin.py:190} INFO - [2026-07-18T21:17:34.726+0000] {dag.py:4180} INFO - Setting next_dagrun for dataset_s3_bucket_producer to None, run_after=None
[2026-07-18T21:17:34.761+0000] {processor.py:208} INFO - Processing /home/airflow/.local/lib/python3.12/site-packages/airflow/example_dags/example_dataset_alias.py took 1.136 seconds
[2026-07-18T21:18:05.228+0000] {processor.py:186} INFO - Started process (PID=2576) to work on /home/airflow/.local/lib/python3.12/site-packages/airflow/example_dags/example_dataset_alias.py
[2026-07-18T21:18:05.230+0000] {processor.py:914} INFO - Processing file /home/airflow/.local/lib/python3.12/site-packages/airflow/example_dags/example_dataset_alias.py for tasks to queue
[2026-07-18T21:18:05.236+0000] {logging_mixin.py:190} INFO - [2026-07-18T21:18:05.235+0000] {dagbag.py:588} INFO - Filling up the DagBag from /home/airflow/.local/lib/python3.12/site-packages/airflow/example_dags/example_dataset_alias.py
[2026-07-18T21:18:06.310+0000] {processor.py:925} INFO - DAG(s) 'dataset_alias_example_alias_consumer', 'dataset_s3_bucket_producer', 'dataset_s3_bucket_consumer', 'dataset_alias_example_alias_producer' retrieved from /home/airflow/.local/lib/python3.12/site-packages/airflow/example_dags/example_dataset_alias.py
[2026-07-18T21:18:06.352+0000] {logging_mixin.py:190} INFO - [2026-07-18T21:18:06.352+0000] {dag.py:3239} INFO - Sync 4 DAGs
[2026-07-18T21:18:06.393+0000] {logging_mixin.py:190} INFO - [2026-07-18T21:18:06.392+0000] {dag.py:4180} INFO - Setting next_dagrun for dataset_alias_example_alias_consumer to None, run_after=None
[2026-07-18T21:18:06.398+0000] {logging_mixin.py:190} INFO - [2026-07-18T21:18:06.398+0000] {dag.py:4180} INFO - Setting next_dagrun for dataset_alias_example_alias_producer to None, run_after=None
[2026-07-18T21:18:06.402+0000] {logging_mixin.py:190} INFO - [2026-07-18T21:18:06.402+0000] {dag.py:4180} INFO - Setting next_dagrun for dataset_s3_bucket_consumer to None, run_after=None
[2026-07-18T21:18:06.408+0000] {logging_mixin.py:190} INFO - [2026-07-18T21:18:06.407+0000] {dag.py:4180} INFO - Setting next_dagrun for dataset_s3_bucket_producer to None, run_after=None
[2026-07-18T21:18:06.448+0000] {processor.py:208} INFO - Processing /home/airflow/.local/lib/python3.12/site-packages/airflow/example_dags/example_dataset_alias.py took 1.230 seconds
[2026-07-18T21:18:36.760+0000] {processor.py:186} INFO - Started process (PID=2643) to work on /home/airflow/.local/lib/python3.12/site-packages/airflow/example_dags/example_dataset_alias.py
[2026-07-18T21:18:36.765+0000] {processor.py:914} INFO - Processing file /home/airflow/.local/lib/python3.12/site-packages/airflow/example_dags/example_dataset_alias.py for tasks to queue
[2026-07-18T21:18:36.775+0000] {logging_mixin.py:190} INFO - [2026-07-18T21:18:36.774+0000] {dagbag.py:588} INFO - Filling up the DagBag from /home/airflow/.local/lib/python3.12/site-packages/airflow/example_dags/example_dataset_alias.py
[2026-07-18T21:18:37.674+0000] {processor.py:925} INFO - DAG(s) 'dataset_s3_bucket_consumer', 'dataset_alias_example_alias_consumer', 'dataset_s3_bucket_producer', 'dataset_alias_example_alias_producer' retrieved from /home/airflow/.local/lib/python3.12/site-packages/airflow/example_dags/example_dataset_alias.py
[2026-07-18T21:18:37.710+0000] {logging_mixin.py:190} INFO - [2026-07-18T21:18:37.710+0000] {dag.py:3239} INFO - Sync 4 DAGs
[2026-07-18T21:18:37.739+0000] {logging_mixin.py:190} INFO - [2026-07-18T21:18:37.739+0000] {dag.py:4180} INFO - Setting next_dagrun for dataset_alias_example_alias_consumer to None, run_after=None
[2026-07-18T21:18:37.746+0000] {logging_mixin.py:190} INFO - [2026-07-18T21:18:37.745+0000] {dag.py:4180} INFO - Setting next_dagrun for dataset_alias_example_alias_producer to None, run_after=None
[2026-07-18T21:18:37.751+0000] {logging_mixin.py:190} INFO - [2026-07-18T21:18:37.750+0000] {dag.py:4180} INFO - Setting next_dagrun for dataset_s3_bucket_consumer to None, run_after=None
[2026-07-18T21:18:37.755+0000] {logging_mixin.py:190} INFO - [2026-07-18T21:18:37.754+0000] {dag.py:4180} INFO - Setting next_dagrun for dataset_s3_bucket_producer to None, run_after=None
[2026-07-18T21:18:37.788+0000] {processor.py:208} INFO - Processing /home/airflow/.local/lib/python3.12/site-packages/airflow/example_dags/example_dataset_alias.py took 1.049 seconds
[2026-07-18T21:19:07.902+0000] {processor.py:186} INFO - Started process (PID=2709) to work on /home/airflow/.local/lib/python3.12/site-packages/airflow/example_dags/example_dataset_alias.py
[2026-07-18T21:19:07.904+0000] {processor.py:914} INFO - Processing file /home/airflow/.local/lib/python3.12/site-packages/airflow/example_dags/example_dataset_alias.py for tasks to queue
[2026-07-18T21:19:07.911+0000] {logging_mixin.py:190} INFO - [2026-07-18T21:19:07.909+0000] {dagbag.py:588} INFO - Filling up the DagBag from /home/airflow/.local/lib/python3.12/site-packages/airflow/example_dags/example_dataset_alias.py
[2026-07-18T21:19:08.904+0000] {processor.py:925} INFO - DAG(s) 'dataset_s3_bucket_consumer', 'dataset_alias_example_alias_consumer', 'dataset_alias_example_alias_producer', 'dataset_s3_bucket_producer' retrieved from /home/airflow/.local/lib/python3.12/site-packages/airflow/example_dags/example_dataset_alias.py
[2026-07-18T21:19:08.950+0000] {logging_mixin.py:190} INFO - [2026-07-18T21:19:08.949+0000] {dag.py:3239} INFO - Sync 4 DAGs
[2026-07-18T21:19:08.983+0000] {logging_mixin.py:190} INFO - [2026-07-18T21:19:08.982+0000] {dag.py:4180} INFO - Setting next_dagrun for dataset_alias_example_alias_consumer to None, run_after=None
[2026-07-18T21:19:08.988+0000] {logging_mixin.py:190} INFO - [2026-07-18T21:19:08.987+0000] {dag.py:4180} INFO - Setting next_dagrun for dataset_alias_example_alias_producer to None, run_after=None
[2026-07-18T21:19:08.991+0000] {logging_mixin.py:190} INFO - [2026-07-18T21:19:08.991+0000] {dag.py:4180} INFO - Setting next_dagrun for dataset_s3_bucket_consumer to None, run_after=None
[2026-07-18T21:19:08.994+0000] {logging_mixin.py:190} INFO - [2026-07-18T21:19:08.994+0000] {dag.py:4180} INFO - Setting next_dagrun for dataset_s3_bucket_producer to None, run_after=None
[2026-07-18T21:19:09.026+0000] {processor.py:208} INFO - Processing /home/airflow/.local/lib/python3.12/site-packages/airflow/example_dags/example_dataset_alias.py took 1.136 seconds
[2026-07-18T21:19:39.099+0000] {processor.py:186} INFO - Started process (PID=2776) to work on /home/airflow/.local/lib/python3.12/site-packages/airflow/example_dags/example_dataset_alias.py
[2026-07-18T21:19:39.102+0000] {processor.py:914} INFO - Processing file /home/airflow/.local/lib/python3.12/site-packages/airflow/example_dags/example_dataset_alias.py for tasks to queue
[2026-07-18T21:19:39.107+0000] {logging_mixin.py:190} INFO - [2026-07-18T21:19:39.106+0000] {dagbag.py:588} INFO - Filling up the DagBag from /home/airflow/.local/lib/python3.12/site-packages/airflow/example_dags/example_dataset_alias.py
[2026-07-18T21:19:40.136+0000] {processor.py:925} INFO - DAG(s) 'dataset_alias_example_alias_producer', 'dataset_s3_bucket_producer', 'dataset_s3_bucket_consumer', 'dataset_alias_example_alias_consumer' retrieved from /home/airflow/.local/lib/python3.12/site-packages/airflow/example_dags/example_dataset_alias.py
[2026-07-18T21:19:40.183+0000] {logging_mixin.py:190} INFO - [2026-07-18T21:19:40.182+0000] {dag.py:3239} INFO - Sync 4 DAGs
[2026-07-18T21:19:40.230+0000] {logging_mixin.py:190} INFO - [2026-07-18T21:19:40.230+0000] {dag.py:4180} INFO - Setting next_dagrun for dataset_alias_example_alias_consumer to None, run_after=None
[2026-07-18T21:19:40.238+0000] {logging_mixin.py:190} INFO - [2026-07-18T21:19:40.238+0000] {dag.py:4180} INFO - Setting next_dagrun for dataset_alias_example_alias_producer to None, run_after=None
[2026-07-18T21:19:40.245+0000] {logging_mixin.py:190} INFO - [2026-07-18T21:19:40.244+0000] {dag.py:4180} INFO - Setting next_dagrun for dataset_s3_bucket_consumer to None, run_after=None
[2026-07-18T21:19:40.252+0000] {logging_mixin.py:190} INFO - [2026-07-18T21:19:40.251+0000] {dag.py:4180} INFO - Setting next_dagrun for dataset_s3_bucket_producer to None, run_after=None
[2026-07-18T21:19:40.309+0000] {processor.py:208} INFO - Processing /home/airflow/.local/lib/python3.12/site-packages/airflow/example_dags/example_dataset_alias.py took 1.217 seconds
[2026-07-18T21:20:10.377+0000] {processor.py:186} INFO - Started process (PID=2842) to work on /home/airflow/.local/lib/python3.12/site-packages/airflow/example_dags/example_dataset_alias.py
[2026-07-18T21:20:10.379+0000] {processor.py:914} INFO - Processing file /home/airflow/.local/lib/python3.12/site-packages/airflow/example_dags/example_dataset_alias.py for tasks to queue
[2026-07-18T21:20:10.384+0000] {logging_mixin.py:190} INFO - [2026-07-18T21:20:10.383+0000] {dagbag.py:588} INFO - Filling up the DagBag from /home/airflow/.local/lib/python3.12/site-packages/airflow/example_dags/example_dataset_alias.py
[2026-07-18T21:20:11.218+0000] {processor.py:925} INFO - DAG(s) 'dataset_s3_bucket_consumer', 'dataset_s3_bucket_producer', 'dataset_alias_example_alias_consumer', 'dataset_alias_example_alias_producer' retrieved from /home/airflow/.local/lib/python3.12/site-packages/airflow/example_dags/example_dataset_alias.py
[2026-07-18T21:20:11.250+0000] {logging_mixin.py:190} INFO - [2026-07-18T21:20:11.249+0000] {dag.py:3239} INFO - Sync 4 DAGs
[2026-07-18T21:20:11.298+0000] {logging_mixin.py:190} INFO - [2026-07-18T21:20:11.297+0000] {dag.py:4180} INFO - Setting next_dagrun for dataset_alias_example_alias_consumer to None, run_after=None
[2026-07-18T21:20:11.303+0000] {logging_mixin.py:190} INFO - [2026-07-18T21:20:11.303+0000] {dag.py:4180} INFO - Setting next_dagrun for dataset_alias_example_alias_producer to None, run_after=None
[2026-07-18T21:20:11.306+0000] {logging_mixin.py:190} INFO - [2026-07-18T21:20:11.306+0000] {dag.py:4180} INFO - Setting next_dagrun for dataset_s3_bucket_consumer to None, run_after=None
[2026-07-18T21:20:11.309+0000] {logging_mixin.py:190} INFO - [2026-07-18T21:20:11.309+0000] {dag.py:4180} INFO - Setting next_dagrun for dataset_s3_bucket_producer to None, run_after=None
[2026-07-18T21:20:11.344+0000] {processor.py:208} INFO - Processing /home/airflow/.local/lib/python3.12/site-packages/airflow/example_dags/example_dataset_alias.py took 0.974 seconds
[2026-07-18T21:20:42.204+0000] {processor.py:186} INFO - Started process (PID=2906) to work on /home/airflow/.local/lib/python3.12/site-packages/airflow/example_dags/example_dataset_alias.py
[2026-07-18T21:20:42.207+0000] {processor.py:914} INFO - Processing file /home/airflow/.local/lib/python3.12/site-packages/airflow/example_dags/example_dataset_alias.py for tasks to queue
[2026-07-18T21:20:42.214+0000] {logging_mixin.py:190} INFO - [2026-07-18T21:20:42.213+0000] {dagbag.py:588} INFO - Filling up the DagBag from /home/airflow/.local/lib/python3.12/site-packages/airflow/example_dags/example_dataset_alias.py
[2026-07-18T21:20:43.182+0000] {processor.py:925} INFO - DAG(s) 'dataset_alias_example_alias_producer', 'dataset_s3_bucket_consumer', 'dataset_alias_example_alias_consumer', 'dataset_s3_bucket_producer' retrieved from /home/airflow/.local/lib/python3.12/site-packages/airflow/example_dags/example_dataset_alias.py
[2026-07-18T21:20:43.225+0000] {logging_mixin.py:190} INFO - [2026-07-18T21:20:43.224+0000] {dag.py:3239} INFO - Sync 4 DAGs
[2026-07-18T21:20:43.260+0000] {logging_mixin.py:190} INFO - [2026-07-18T21:20:43.259+0000] {dag.py:4180} INFO - Setting next_dagrun for dataset_alias_example_alias_consumer to None, run_after=None
[2026-07-18T21:20:43.266+0000] {logging_mixin.py:190} INFO - [2026-07-18T21:20:43.265+0000] {dag.py:4180} INFO - Setting next_dagrun for dataset_alias_example_alias_producer to None, run_after=None
[2026-07-18T21:20:43.271+0000] {logging_mixin.py:190} INFO - [2026-07-18T21:20:43.271+0000] {dag.py:4180} INFO - Setting next_dagrun for dataset_s3_bucket_consumer to None, run_after=None
[2026-07-18T21:20:43.274+0000] {logging_mixin.py:190} INFO - [2026-07-18T21:20:43.274+0000] {dag.py:4180} INFO - Setting next_dagrun for dataset_s3_bucket_producer to None, run_after=None
[2026-07-18T21:20:43.305+0000] {processor.py:208} INFO - Processing /home/airflow/.local/lib/python3.12/site-packages/airflow/example_dags/example_dataset_alias.py took 1.113 seconds
[2026-07-18T21:21:14.215+0000] {processor.py:186} INFO - Started process (PID=2971) to work on /home/airflow/.local/lib/python3.12/site-packages/airflow/example_dags/example_dataset_alias.py
[2026-07-18T21:21:14.219+0000] {processor.py:914} INFO - Processing file /home/airflow/.local/lib/python3.12/site-packages/airflow/example_dags/example_dataset_alias.py for tasks to queue
[2026-07-18T21:21:14.226+0000] {logging_mixin.py:190} INFO - [2026-07-18T21:21:14.225+0000] {dagbag.py:588} INFO - Filling up the DagBag from /home/airflow/.local/lib/python3.12/site-packages/airflow/example_dags/example_dataset_alias.py
[2026-07-18T21:21:15.290+0000] {processor.py:925} INFO - DAG(s) 'dataset_s3_bucket_consumer', 'dataset_alias_example_alias_producer', 'dataset_alias_example_alias_consumer', 'dataset_s3_bucket_producer' retrieved from /home/airflow/.local/lib/python3.12/site-packages/airflow/example_dags/example_dataset_alias.py
[2026-07-18T21:21:15.327+0000] {logging_mixin.py:190} INFO - [2026-07-18T21:21:15.327+0000] {dag.py:3239} INFO - Sync 4 DAGs
[2026-07-18T21:21:15.366+0000] {logging_mixin.py:190} INFO - [2026-07-18T21:21:15.366+0000] {dag.py:4180} INFO - Setting next_dagrun for dataset_alias_example_alias_consumer to None, run_after=None
[2026-07-18T21:21:15.373+0000] {logging_mixin.py:190} INFO - [2026-07-18T21:21:15.372+0000] {dag.py:4180} INFO - Setting next_dagrun for dataset_alias_example_alias_producer to None, run_after=None
[2026-07-18T21:21:15.377+0000] {logging_mixin.py:190} INFO - [2026-07-18T21:21:15.377+0000] {dag.py:4180} INFO - Setting next_dagrun for dataset_s3_bucket_consumer to None, run_after=None
[2026-07-18T21:21:15.381+0000] {logging_mixin.py:190} INFO - [2026-07-18T21:21:15.381+0000] {dag.py:4180} INFO - Setting next_dagrun for dataset_s3_bucket_producer to None, run_after=None
[2026-07-18T21:21:15.461+0000] {processor.py:208} INFO - Processing /home/airflow/.local/lib/python3.12/site-packages/airflow/example_dags/example_dataset_alias.py took 1.263 seconds
[2026-07-18T21:21:45.819+0000] {processor.py:186} INFO - Started process (PID=3034) to work on /home/airflow/.local/lib/python3.12/site-packages/airflow/example_dags/example_dataset_alias.py
[2026-07-18T21:21:45.822+0000] {processor.py:914} INFO - Processing file /home/airflow/.local/lib/python3.12/site-packages/airflow/example_dags/example_dataset_alias.py for tasks to queue
[2026-07-18T21:21:45.828+0000] {logging_mixin.py:190} INFO - [2026-07-18T21:21:45.828+0000] {dagbag.py:588} INFO - Filling up the DagBag from /home/airflow/.local/lib/python3.12/site-packages/airflow/example_dags/example_dataset_alias.py
[2026-07-18T21:21:46.833+0000] {processor.py:925} INFO - DAG(s) 'dataset_s3_bucket_consumer', 'dataset_s3_bucket_producer', 'dataset_alias_example_alias_producer', 'dataset_alias_example_alias_consumer' retrieved from /home/airflow/.local/lib/python3.12/site-packages/airflow/example_dags/example_dataset_alias.py
[2026-07-18T21:21:46.904+0000] {logging_mixin.py:190} INFO - [2026-07-18T21:21:46.901+0000] {dag.py:3239} INFO - Sync 4 DAGs
[2026-07-18T21:21:46.983+0000] {logging_mixin.py:190} INFO - [2026-07-18T21:21:46.982+0000] {dag.py:4180} INFO - Setting next_dagrun for dataset_alias_example_alias_consumer to None, run_after=None
[2026-07-18T21:21:46.993+0000] {logging_mixin.py:190} INFO - [2026-07-18T21:21:46.992+0000] {dag.py:4180} INFO - Setting next_dagrun for dataset_alias_example_alias_producer to None, run_after=None
[2026-07-18T21:21:47.000+0000] {logging_mixin.py:190} INFO - [2026-07-18T21:21:47.000+0000] {dag.py:4180} INFO - Setting next_dagrun for dataset_s3_bucket_consumer to None, run_after=None
[2026-07-18T21:21:47.006+0000] {logging_mixin.py:190} INFO - [2026-07-18T21:21:47.005+0000] {dag.py:4180} INFO - Setting next_dagrun for dataset_s3_bucket_producer to None, run_after=None
[2026-07-18T21:21:47.116+0000] {processor.py:208} INFO - Processing /home/airflow/.local/lib/python3.12/site-packages/airflow/example_dags/example_dataset_alias.py took 1.307 seconds
[2026-07-18T21:22:17.244+0000] {processor.py:186} INFO - Started process (PID=3097) to work on /home/airflow/.local/lib/python3.12/site-packages/airflow/example_dags/example_dataset_alias.py
[2026-07-18T21:22:17.247+0000] {processor.py:914} INFO - Processing file /home/airflow/.local/lib/python3.12/site-packages/airflow/example_dags/example_dataset_alias.py for tasks to queue
[2026-07-18T21:22:17.254+0000] {logging_mixin.py:190} INFO - [2026-07-18T21:22:17.254+0000] {dagbag.py:588} INFO - Filling up the DagBag from /home/airflow/.local/lib/python3.12/site-packages/airflow/example_dags/example_dataset_alias.py
[2026-07-18T21:22:18.115+0000] {processor.py:925} INFO - DAG(s) 'dataset_alias_example_alias_consumer', 'dataset_s3_bucket_consumer', 'dataset_alias_example_alias_producer', 'dataset_s3_bucket_producer' retrieved from /home/airflow/.local/lib/python3.12/site-packages/airflow/example_dags/example_dataset_alias.py
[2026-07-18T21:22:18.153+0000] {logging_mixin.py:190} INFO - [2026-07-18T21:22:18.152+0000] {dag.py:3239} INFO - Sync 4 DAGs
[2026-07-18T21:22:18.187+0000] {logging_mixin.py:190} INFO - [2026-07-18T21:22:18.186+0000] {dag.py:4180} INFO - Setting next_dagrun for dataset_alias_example_alias_consumer to None, run_after=None
[2026-07-18T21:22:18.193+0000] {logging_mixin.py:190} INFO - [2026-07-18T21:22:18.193+0000] {dag.py:4180} INFO - Setting next_dagrun for dataset_alias_example_alias_producer to None, run_after=None
[2026-07-18T21:22:18.197+0000] {logging_mixin.py:190} INFO - [2026-07-18T21:22:18.197+0000] {dag.py:4180} INFO - Setting next_dagrun for dataset_s3_bucket_consumer to None, run_after=None
[2026-07-18T21:22:18.201+0000] {logging_mixin.py:190} INFO - [2026-07-18T21:22:18.201+0000] {dag.py:4180} INFO - Setting next_dagrun for dataset_s3_bucket_producer to None, run_after=None
[2026-07-18T21:22:18.244+0000] {processor.py:208} INFO - Processing /home/airflow/.local/lib/python3.12/site-packages/airflow/example_dags/example_dataset_alias.py took 1.012 seconds
[2026-07-18T21:25:56.482+0000] {processor.py:186} INFO - Started process (PID=123) to work on /home/airflow/.local/lib/python3.12/site-packages/airflow/example_dags/example_dataset_alias.py
[2026-07-18T21:25:56.484+0000] {processor.py:914} INFO - Processing file /home/airflow/.local/lib/python3.12/site-packages/airflow/example_dags/example_dataset_alias.py for tasks to queue
[2026-07-18T21:25:56.489+0000] {logging_mixin.py:190} INFO - [2026-07-18T21:25:56.488+0000] {dagbag.py:588} INFO - Filling up the DagBag from /home/airflow/.local/lib/python3.12/site-packages/airflow/example_dags/example_dataset_alias.py
[2026-07-18T21:25:58.501+0000] {processor.py:925} INFO - DAG(s) 'dataset_s3_bucket_consumer', 'dataset_alias_example_alias_consumer', 'dataset_s3_bucket_producer', 'dataset_alias_example_alias_producer' retrieved from /home/airflow/.local/lib/python3.12/site-packages/airflow/example_dags/example_dataset_alias.py
[2026-07-18T21:25:58.550+0000] {logging_mixin.py:190} INFO - [2026-07-18T21:25:58.549+0000] {dag.py:3239} INFO - Sync 4 DAGs
[2026-07-18T21:25:58.585+0000] {logging_mixin.py:190} INFO - [2026-07-18T21:25:58.585+0000] {dag.py:4180} INFO - Setting next_dagrun for dataset_alias_example_alias_consumer to None, run_after=None
[2026-07-18T21:25:58.590+0000] {logging_mixin.py:190} INFO - [2026-07-18T21:25:58.590+0000] {dag.py:4180} INFO - Setting next_dagrun for dataset_alias_example_alias_producer to None, run_after=None
[2026-07-18T21:25:58.595+0000] {logging_mixin.py:190} INFO - [2026-07-18T21:25:58.595+0000] {dag.py:4180} INFO - Setting next_dagrun for dataset_s3_bucket_consumer to None, run_after=None
[2026-07-18T21:25:58.598+0000] {logging_mixin.py:190} INFO - [2026-07-18T21:25:58.598+0000] {dag.py:4180} INFO - Setting next_dagrun for dataset_s3_bucket_producer to None, run_after=None
[2026-07-18T21:25:58.640+0000] {processor.py:208} INFO - Processing /home/airflow/.local/lib/python3.12/site-packages/airflow/example_dags/example_dataset_alias.py took 2.182 seconds
[2026-07-18T21:26:28.851+0000] {processor.py:186} INFO - Started process (PID=186) to work on /home/airflow/.local/lib/python3.12/site-packages/airflow/example_dags/example_dataset_alias.py
[2026-07-18T21:26:28.854+0000] {processor.py:914} INFO - Processing file /home/airflow/.local/lib/python3.12/site-packages/airflow/example_dags/example_dataset_alias.py for tasks to queue
[2026-07-18T21:26:28.860+0000] {logging_mixin.py:190} INFO - [2026-07-18T21:26:28.859+0000] {dagbag.py:588} INFO - Filling up the DagBag from /home/airflow/.local/lib/python3.12/site-packages/airflow/example_dags/example_dataset_alias.py
[2026-07-18T21:26:29.808+0000] {processor.py:925} INFO - DAG(s) 'dataset_alias_example_alias_producer', 'dataset_alias_example_alias_consumer', 'dataset_s3_bucket_producer', 'dataset_s3_bucket_consumer' retrieved from /home/airflow/.local/lib/python3.12/site-packages/airflow/example_dags/example_dataset_alias.py
[2026-07-18T21:26:29.840+0000] {logging_mixin.py:190} INFO - [2026-07-18T21:26:29.839+0000] {dag.py:3239} INFO - Sync 4 DAGs
[2026-07-18T21:26:29.875+0000] {logging_mixin.py:190} INFO - [2026-07-18T21:26:29.874+0000] {dag.py:4180} INFO - Setting next_dagrun for dataset_alias_example_alias_consumer to None, run_after=None
[2026-07-18T21:26:29.880+0000] {logging_mixin.py:190} INFO - [2026-07-18T21:26:29.880+0000] {dag.py:4180} INFO - Setting next_dagrun for dataset_alias_example_alias_producer to None, run_after=None
[2026-07-18T21:26:29.884+0000] {logging_mixin.py:190} INFO - [2026-07-18T21:26:29.884+0000] {dag.py:4180} INFO - Setting next_dagrun for dataset_s3_bucket_consumer to None, run_after=None
[2026-07-18T21:26:29.887+0000] {logging_mixin.py:190} INFO - [2026-07-18T21:26:29.887+0000] {dag.py:4180} INFO - Setting next_dagrun for dataset_s3_bucket_producer to None, run_after=None
[2026-07-18T21:26:29.924+0000] {processor.py:208} INFO - Processing /home/airflow/.local/lib/python3.12/site-packages/airflow/example_dags/example_dataset_alias.py took 1.084 seconds
[2026-07-18T21:27:00.836+0000] {processor.py:186} INFO - Started process (PID=249) to work on /home/airflow/.local/lib/python3.12/site-packages/airflow/example_dags/example_dataset_alias.py
[2026-07-18T21:27:00.838+0000] {processor.py:914} INFO - Processing file /home/airflow/.local/lib/python3.12/site-packages/airflow/example_dags/example_dataset_alias.py for tasks to queue
[2026-07-18T21:27:00.845+0000] {logging_mixin.py:190} INFO - [2026-07-18T21:27:00.844+0000] {dagbag.py:588} INFO - Filling up the DagBag from /home/airflow/.local/lib/python3.12/site-packages/airflow/example_dags/example_dataset_alias.py
[2026-07-18T21:27:01.797+0000] {processor.py:925} INFO - DAG(s) 'dataset_s3_bucket_producer', 'dataset_s3_bucket_consumer', 'dataset_alias_example_alias_producer', 'dataset_alias_example_alias_consumer' retrieved from /home/airflow/.local/lib/python3.12/site-packages/airflow/example_dags/example_dataset_alias.py
[2026-07-18T21:27:01.847+0000] {logging_mixin.py:190} INFO - [2026-07-18T21:27:01.846+0000] {dag.py:3239} INFO - Sync 4 DAGs
[2026-07-18T21:27:01.884+0000] {logging_mixin.py:190} INFO - [2026-07-18T21:27:01.883+0000] {dag.py:4180} INFO - Setting next_dagrun for dataset_alias_example_alias_consumer to None, run_after=None
[2026-07-18T21:27:01.890+0000] {logging_mixin.py:190} INFO - [2026-07-18T21:27:01.889+0000] {dag.py:4180} INFO - Setting next_dagrun for dataset_alias_example_alias_producer to None, run_after=None
[2026-07-18T21:27:01.893+0000] {logging_mixin.py:190} INFO - [2026-07-18T21:27:01.893+0000] {dag.py:4180} INFO - Setting next_dagrun for dataset_s3_bucket_consumer to None, run_after=None
[2026-07-18T21:27:01.896+0000] {logging_mixin.py:190} INFO - [2026-07-18T21:27:01.896+0000] {dag.py:4180} INFO - Setting next_dagrun for dataset_s3_bucket_producer to None, run_after=None
[2026-07-18T21:27:01.936+0000] {processor.py:208} INFO - Processing /home/airflow/.local/lib/python3.12/site-packages/airflow/example_dags/example_dataset_alias.py took 1.109 seconds
[2026-07-18T21:27:32.283+0000] {processor.py:186} INFO - Started process (PID=312) to work on /home/airflow/.local/lib/python3.12/site-packages/airflow/example_dags/example_dataset_alias.py
[2026-07-18T21:27:32.290+0000] {processor.py:914} INFO - Processing file /home/airflow/.local/lib/python3.12/site-packages/airflow/example_dags/example_dataset_alias.py for tasks to queue
[2026-07-18T21:27:32.305+0000] {logging_mixin.py:190} INFO - [2026-07-18T21:27:32.303+0000] {dagbag.py:588} INFO - Filling up the DagBag from /home/airflow/.local/lib/python3.12/site-packages/airflow/example_dags/example_dataset_alias.py
[2026-07-18T21:27:33.398+0000] {processor.py:925} INFO - DAG(s) 'dataset_s3_bucket_consumer', 'dataset_alias_example_alias_consumer', 'dataset_s3_bucket_producer', 'dataset_alias_example_alias_producer' retrieved from /home/airflow/.local/lib/python3.12/site-packages/airflow/example_dags/example_dataset_alias.py
[2026-07-18T21:27:33.440+0000] {logging_mixin.py:190} INFO - [2026-07-18T21:27:33.439+0000] {dag.py:3239} INFO - Sync 4 DAGs
[2026-07-18T21:27:33.489+0000] {logging_mixin.py:190} INFO - [2026-07-18T21:27:33.489+0000] {dag.py:4180} INFO - Setting next_dagrun for dataset_alias_example_alias_consumer to None, run_after=None
[2026-07-18T21:27:33.498+0000] {logging_mixin.py:190} INFO - [2026-07-18T21:27:33.497+0000] {dag.py:4180} INFO - Setting next_dagrun for dataset_alias_example_alias_producer to None, run_after=None
[2026-07-18T21:27:33.502+0000] {logging_mixin.py:190} INFO - [2026-07-18T21:27:33.501+0000] {dag.py:4180} INFO - Setting next_dagrun for dataset_s3_bucket_consumer to None, run_after=None
[2026-07-18T21:27:33.506+0000] {logging_mixin.py:190} INFO - [2026-07-18T21:27:33.505+0000] {dag.py:4180} INFO - Setting next_dagrun for dataset_s3_bucket_producer to None, run_after=None
[2026-07-18T21:27:33.556+0000] {processor.py:208} INFO - Processing /home/airflow/.local/lib/python3.12/site-packages/airflow/example_dags/example_dataset_alias.py took 1.298 seconds
[2026-07-18T21:28:03.844+0000] {processor.py:186} INFO - Started process (PID=375) to work on /home/airflow/.local/lib/python3.12/site-packages/airflow/example_dags/example_dataset_alias.py
[2026-07-18T21:28:03.848+0000] {processor.py:914} INFO - Processing file /home/airflow/.local/lib/python3.12/site-packages/airflow/example_dags/example_dataset_alias.py for tasks to queue
[2026-07-18T21:28:03.857+0000] {logging_mixin.py:190} INFO - [2026-07-18T21:28:03.856+0000] {dagbag.py:588} INFO - Filling up the DagBag from /home/airflow/.local/lib/python3.12/site-packages/airflow/example_dags/example_dataset_alias.py
[2026-07-18T21:28:04.891+0000] {processor.py:925} INFO - DAG(s) 'dataset_s3_bucket_producer', 'dataset_s3_bucket_consumer', 'dataset_alias_example_alias_consumer', 'dataset_alias_example_alias_producer' retrieved from /home/airflow/.local/lib/python3.12/site-packages/airflow/example_dags/example_dataset_alias.py
[2026-07-18T21:28:04.922+0000] {logging_mixin.py:190} INFO - [2026-07-18T21:28:04.921+0000] {dag.py:3239} INFO - Sync 4 DAGs
[2026-07-18T21:28:04.962+0000] {logging_mixin.py:190} INFO - [2026-07-18T21:28:04.962+0000] {dag.py:4180} INFO - Setting next_dagrun for dataset_alias_example_alias_consumer to None, run_after=None
[2026-07-18T21:28:04.971+0000] {logging_mixin.py:190} INFO - [2026-07-18T21:28:04.970+0000] {dag.py:4180} INFO - Setting next_dagrun for dataset_alias_example_alias_producer to None, run_after=None
[2026-07-18T21:28:04.978+0000] {logging_mixin.py:190} INFO - [2026-07-18T21:28:04.977+0000] {dag.py:4180} INFO - Setting next_dagrun for dataset_s3_bucket_consumer to None, run_after=None
[2026-07-18T21:28:04.984+0000] {logging_mixin.py:190} INFO - [2026-07-18T21:28:04.984+0000] {dag.py:4180} INFO - Setting next_dagrun for dataset_s3_bucket_producer to None, run_after=None
[2026-07-18T21:28:05.045+0000] {processor.py:208} INFO - Processing /home/airflow/.local/lib/python3.12/site-packages/airflow/example_dags/example_dataset_alias.py took 1.218 seconds
[2026-07-18T21:28:35.366+0000] {processor.py:186} INFO - Started process (PID=438) to work on /home/airflow/.local/lib/python3.12/site-packages/airflow/example_dags/example_dataset_alias.py
[2026-07-18T21:28:35.370+0000] {processor.py:914} INFO - Processing file /home/airflow/.local/lib/python3.12/site-packages/airflow/example_dags/example_dataset_alias.py for tasks to queue
[2026-07-18T21:28:35.385+0000] {logging_mixin.py:190} INFO - [2026-07-18T21:28:35.384+0000] {dagbag.py:588} INFO - Filling up the DagBag from /home/airflow/.local/lib/python3.12/site-packages/airflow/example_dags/example_dataset_alias.py
[2026-07-18T21:28:36.615+0000] {processor.py:925} INFO - DAG(s) 'dataset_alias_example_alias_producer', 'dataset_s3_bucket_producer', 'dataset_s3_bucket_consumer', 'dataset_alias_example_alias_consumer' retrieved from /home/airflow/.local/lib/python3.12/site-packages/airflow/example_dags/example_dataset_alias.py
[2026-07-18T21:28:36.655+0000] {logging_mixin.py:190} INFO - [2026-07-18T21:28:36.655+0000] {dag.py:3239} INFO - Sync 4 DAGs
[2026-07-18T21:28:36.695+0000] {logging_mixin.py:190} INFO - [2026-07-18T21:28:36.694+0000] {dag.py:4180} INFO - Setting next_dagrun for dataset_alias_example_alias_consumer to None, run_after=None
[2026-07-18T21:28:36.700+0000] {logging_mixin.py:190} INFO - [2026-07-18T21:28:36.700+0000] {dag.py:4180} INFO - Setting next_dagrun for dataset_alias_example_alias_producer to None, run_after=None
[2026-07-18T21:28:36.704+0000] {logging_mixin.py:190} INFO - [2026-07-18T21:28:36.704+0000] {dag.py:4180} INFO - Setting next_dagrun for dataset_s3_bucket_consumer to None, run_after=None
[2026-07-18T21:28:36.708+0000] {logging_mixin.py:190} INFO - [2026-07-18T21:28:36.708+0000] {dag.py:4180} INFO - Setting next_dagrun for dataset_s3_bucket_producer to None, run_after=None
[2026-07-18T21:28:36.752+0000] {processor.py:208} INFO - Processing /home/airflow/.local/lib/python3.12/site-packages/airflow/example_dags/example_dataset_alias.py took 1.407 seconds
[2026-07-18T21:29:07.412+0000] {processor.py:186} INFO - Started process (PID=501) to work on /home/airflow/.local/lib/python3.12/site-packages/airflow/example_dags/example_dataset_alias.py
[2026-07-18T21:29:07.416+0000] {processor.py:914} INFO - Processing file /home/airflow/.local/lib/python3.12/site-packages/airflow/example_dags/example_dataset_alias.py for tasks to queue
[2026-07-18T21:29:07.429+0000] {logging_mixin.py:190} INFO - [2026-07-18T21:29:07.428+0000] {dagbag.py:588} INFO - Filling up the DagBag from /home/airflow/.local/lib/python3.12/site-packages/airflow/example_dags/example_dataset_alias.py
[2026-07-18T21:29:08.414+0000] {processor.py:925} INFO - DAG(s) 'dataset_s3_bucket_producer', 'dataset_alias_example_alias_consumer', 'dataset_alias_example_alias_producer', 'dataset_s3_bucket_consumer' retrieved from /home/airflow/.local/lib/python3.12/site-packages/airflow/example_dags/example_dataset_alias.py
[2026-07-18T21:29:08.449+0000] {logging_mixin.py:190} INFO - [2026-07-18T21:29:08.448+0000] {dag.py:3239} INFO - Sync 4 DAGs
[2026-07-18T21:29:08.485+0000] {logging_mixin.py:190} INFO - [2026-07-18T21:29:08.484+0000] {dag.py:4180} INFO - Setting next_dagrun for dataset_alias_example_alias_consumer to None, run_after=None
[2026-07-18T21:29:08.490+0000] {logging_mixin.py:190} INFO - [2026-07-18T21:29:08.489+0000] {dag.py:4180} INFO - Setting next_dagrun for dataset_alias_example_alias_producer to None, run_after=None
[2026-07-18T21:29:08.495+0000] {logging_mixin.py:190} INFO - [2026-07-18T21:29:08.494+0000] {dag.py:4180} INFO - Setting next_dagrun for dataset_s3_bucket_consumer to None, run_after=None
[2026-07-18T21:29:08.498+0000] {logging_mixin.py:190} INFO - [2026-07-18T21:29:08.498+0000] {dag.py:4180} INFO - Setting next_dagrun for dataset_s3_bucket_producer to None, run_after=None
[2026-07-18T21:29:08.538+0000] {processor.py:208} INFO - Processing /home/airflow/.local/lib/python3.12/site-packages/airflow/example_dags/example_dataset_alias.py took 1.148 seconds
[2026-07-18T21:29:39.117+0000] {processor.py:186} INFO - Started process (PID=565) to work on /home/airflow/.local/lib/python3.12/site-packages/airflow/example_dags/example_dataset_alias.py
[2026-07-18T21:29:39.119+0000] {processor.py:914} INFO - Processing file /home/airflow/.local/lib/python3.12/site-packages/airflow/example_dags/example_dataset_alias.py for tasks to queue
[2026-07-18T21:29:39.124+0000] {logging_mixin.py:190} INFO - [2026-07-18T21:29:39.124+0000] {dagbag.py:588} INFO - Filling up the DagBag from /home/airflow/.local/lib/python3.12/site-packages/airflow/example_dags/example_dataset_alias.py
[2026-07-18T21:29:40.038+0000] {processor.py:925} INFO - DAG(s) 'dataset_alias_example_alias_producer', 'dataset_s3_bucket_producer', 'dataset_s3_bucket_consumer', 'dataset_alias_example_alias_consumer' retrieved from /home/airflow/.local/lib/python3.12/site-packages/airflow/example_dags/example_dataset_alias.py
[2026-07-18T21:29:40.084+0000] {logging_mixin.py:190} INFO - [2026-07-18T21:29:40.082+0000] {dag.py:3239} INFO - Sync 4 DAGs
[2026-07-18T21:29:40.128+0000] {logging_mixin.py:190} INFO - [2026-07-18T21:29:40.128+0000] {dag.py:4180} INFO - Setting next_dagrun for dataset_alias_example_alias_consumer to None, run_after=None
[2026-07-18T21:29:40.134+0000] {logging_mixin.py:190} INFO - [2026-07-18T21:29:40.133+0000] {dag.py:4180} INFO - Setting next_dagrun for dataset_alias_example_alias_producer to None, run_after=None
[2026-07-18T21:29:40.138+0000] {logging_mixin.py:190} INFO - [2026-07-18T21:29:40.137+0000] {dag.py:4180} INFO - Setting next_dagrun for dataset_s3_bucket_consumer to None, run_after=None
[2026-07-18T21:29:40.142+0000] {logging_mixin.py:190} INFO - [2026-07-18T21:29:40.141+0000] {dag.py:4180} INFO - Setting next_dagrun for dataset_s3_bucket_producer to None, run_after=None
[2026-07-18T21:29:40.177+0000] {processor.py:208} INFO - Processing /home/airflow/.local/lib/python3.12/site-packages/airflow/example_dags/example_dataset_alias.py took 1.070 seconds
[2026-07-18T21:30:10.403+0000] {processor.py:186} INFO - Started process (PID=628) to work on /home/airflow/.local/lib/python3.12/site-packages/airflow/example_dags/example_dataset_alias.py
[2026-07-18T21:30:10.406+0000] {processor.py:914} INFO - Processing file /home/airflow/.local/lib/python3.12/site-packages/airflow/example_dags/example_dataset_alias.py for tasks to queue
[2026-07-18T21:30:10.411+0000] {logging_mixin.py:190} INFO - [2026-07-18T21:30:10.410+0000] {dagbag.py:588} INFO - Filling up the DagBag from /home/airflow/.local/lib/python3.12/site-packages/airflow/example_dags/example_dataset_alias.py
[2026-07-18T21:30:11.237+0000] {processor.py:925} INFO - DAG(s) 'dataset_s3_bucket_producer', 'dataset_s3_bucket_consumer', 'dataset_alias_example_alias_consumer', 'dataset_alias_example_alias_producer' retrieved from /home/airflow/.local/lib/python3.12/site-packages/airflow/example_dags/example_dataset_alias.py
[2026-07-18T21:30:11.284+0000] {logging_mixin.py:190} INFO - [2026-07-18T21:30:11.282+0000] {dag.py:3239} INFO - Sync 4 DAGs
[2026-07-18T21:30:11.340+0000] {logging_mixin.py:190} INFO - [2026-07-18T21:30:11.340+0000] {dag.py:4180} INFO - Setting next_dagrun for dataset_alias_example_alias_consumer to None, run_after=None
[2026-07-18T21:30:11.349+0000] {logging_mixin.py:190} INFO - [2026-07-18T21:30:11.349+0000] {dag.py:4180} INFO - Setting next_dagrun for dataset_alias_example_alias_producer to None, run_after=None
[2026-07-18T21:30:11.356+0000] {logging_mixin.py:190} INFO - [2026-07-18T21:30:11.355+0000] {dag.py:4180} INFO - Setting next_dagrun for dataset_s3_bucket_consumer to None, run_after=None
[2026-07-18T21:30:11.362+0000] {logging_mixin.py:190} INFO - [2026-07-18T21:30:11.361+0000] {dag.py:4180} INFO - Setting next_dagrun for dataset_s3_bucket_producer to None, run_after=None
[2026-07-18T21:30:11.425+0000] {processor.py:208} INFO - Processing /home/airflow/.local/lib/python3.12/site-packages/airflow/example_dags/example_dataset_alias.py took 1.033 seconds
[2026-07-18T21:30:41.633+0000] {processor.py:186} INFO - Started process (PID=691) to work on /home/airflow/.local/lib/python3.12/site-packages/airflow/example_dags/example_dataset_alias.py
[2026-07-18T21:30:41.635+0000] {processor.py:914} INFO - Processing file /home/airflow/.local/lib/python3.12/site-packages/airflow/example_dags/example_dataset_alias.py for tasks to queue
[2026-07-18T21:30:41.640+0000] {logging_mixin.py:190} INFO - [2026-07-18T21:30:41.640+0000] {dagbag.py:588} INFO - Filling up the DagBag from /home/airflow/.local/lib/python3.12/site-packages/airflow/example_dags/example_dataset_alias.py
[2026-07-18T21:30:42.377+0000] {processor.py:925} INFO - DAG(s) 'dataset_alias_example_alias_consumer', 'dataset_s3_bucket_producer', 'dataset_alias_example_alias_producer', 'dataset_s3_bucket_consumer' retrieved from /home/airflow/.local/lib/python3.12/site-packages/airflow/example_dags/example_dataset_alias.py
[2026-07-18T21:30:42.411+0000] {logging_mixin.py:190} INFO - [2026-07-18T21:30:42.410+0000] {dag.py:3239} INFO - Sync 4 DAGs
[2026-07-18T21:30:42.440+0000] {logging_mixin.py:190} INFO - [2026-07-18T21:30:42.440+0000] {dag.py:4180} INFO - Setting next_dagrun for dataset_alias_example_alias_consumer to None, run_after=None
[2026-07-18T21:30:42.445+0000] {logging_mixin.py:190} INFO - [2026-07-18T21:30:42.445+0000] {dag.py:4180} INFO - Setting next_dagrun for dataset_alias_example_alias_producer to None, run_after=None
[2026-07-18T21:30:42.448+0000] {logging_mixin.py:190} INFO - [2026-07-18T21:30:42.448+0000] {dag.py:4180} INFO - Setting next_dagrun for dataset_s3_bucket_consumer to None, run_after=None
[2026-07-18T21:30:42.451+0000] {logging_mixin.py:190} INFO - [2026-07-18T21:30:42.451+0000] {dag.py:4180} INFO - Setting next_dagrun for dataset_s3_bucket_producer to None, run_after=None
[2026-07-18T21:30:42.499+0000] {processor.py:208} INFO - Processing /home/airflow/.local/lib/python3.12/site-packages/airflow/example_dags/example_dataset_alias.py took 0.876 seconds
[2026-07-18T21:31:13.288+0000] {processor.py:186} INFO - Started process (PID=755) to work on /home/airflow/.local/lib/python3.12/site-packages/airflow/example_dags/example_dataset_alias.py
[2026-07-18T21:31:13.291+0000] {processor.py:914} INFO - Processing file /home/airflow/.local/lib/python3.12/site-packages/airflow/example_dags/example_dataset_alias.py for tasks to queue
[2026-07-18T21:31:13.295+0000] {logging_mixin.py:190} INFO - [2026-07-18T21:31:13.295+0000] {dagbag.py:588} INFO - Filling up the DagBag from /home/airflow/.local/lib/python3.12/site-packages/airflow/example_dags/example_dataset_alias.py
[2026-07-18T21:31:14.327+0000] {processor.py:925} INFO - DAG(s) 'dataset_alias_example_alias_producer', 'dataset_s3_bucket_producer', 'dataset_alias_example_alias_consumer', 'dataset_s3_bucket_consumer' retrieved from /home/airflow/.local/lib/python3.12/site-packages/airflow/example_dags/example_dataset_alias.py
[2026-07-18T21:31:14.383+0000] {logging_mixin.py:190} INFO - [2026-07-18T21:31:14.382+0000] {dag.py:3239} INFO - Sync 4 DAGs
[2026-07-18T21:31:14.438+0000] {logging_mixin.py:190} INFO - [2026-07-18T21:31:14.438+0000] {dag.py:4180} INFO - Setting next_dagrun for dataset_alias_example_alias_consumer to None, run_after=None
[2026-07-18T21:31:14.447+0000] {logging_mixin.py:190} INFO - [2026-07-18T21:31:14.447+0000] {dag.py:4180} INFO - Setting next_dagrun for dataset_alias_example_alias_producer to None, run_after=None
[2026-07-18T21:31:14.458+0000] {logging_mixin.py:190} INFO - [2026-07-18T21:31:14.457+0000] {dag.py:4180} INFO - Setting next_dagrun for dataset_s3_bucket_consumer to None, run_after=None
[2026-07-18T21:31:14.463+0000] {logging_mixin.py:190} INFO - [2026-07-18T21:31:14.462+0000] {dag.py:4180} INFO - Setting next_dagrun for dataset_s3_bucket_producer to None, run_after=None
[2026-07-18T21:31:14.545+0000] {processor.py:208} INFO - Processing /home/airflow/.local/lib/python3.12/site-packages/airflow/example_dags/example_dataset_alias.py took 1.265 seconds
[2026-07-18T21:31:44.838+0000] {processor.py:186} INFO - Started process (PID=819) to work on /home/airflow/.local/lib/python3.12/site-packages/airflow/example_dags/example_dataset_alias.py
[2026-07-18T21:31:44.843+0000] {processor.py:914} INFO - Processing file /home/airflow/.local/lib/python3.12/site-packages/airflow/example_dags/example_dataset_alias.py for tasks to queue
[2026-07-18T21:31:44.852+0000] {logging_mixin.py:190} INFO - [2026-07-18T21:31:44.851+0000] {dagbag.py:588} INFO - Filling up the DagBag from /home/airflow/.local/lib/python3.12/site-packages/airflow/example_dags/example_dataset_alias.py
[2026-07-18T21:31:46.180+0000] {processor.py:925} INFO - DAG(s) 'dataset_s3_bucket_consumer', 'dataset_alias_example_alias_consumer', 'dataset_alias_example_alias_producer', 'dataset_s3_bucket_producer' retrieved from /home/airflow/.local/lib/python3.12/site-packages/airflow/example_dags/example_dataset_alias.py
[2026-07-18T21:31:46.233+0000] {logging_mixin.py:190} INFO - [2026-07-18T21:31:46.231+0000] {dag.py:3239} INFO - Sync 4 DAGs
[2026-07-18T21:31:46.287+0000] {logging_mixin.py:190} INFO - [2026-07-18T21:31:46.286+0000] {dag.py:4180} INFO - Setting next_dagrun for dataset_alias_example_alias_consumer to None, run_after=None
[2026-07-18T21:31:46.296+0000] {logging_mixin.py:190} INFO - [2026-07-18T21:31:46.296+0000] {dag.py:4180} INFO - Setting next_dagrun for dataset_alias_example_alias_producer to None, run_after=None
[2026-07-18T21:31:46.303+0000] {logging_mixin.py:190} INFO - [2026-07-18T21:31:46.302+0000] {dag.py:4180} INFO - Setting next_dagrun for dataset_s3_bucket_consumer to None, run_after=None
[2026-07-18T21:31:46.310+0000] {logging_mixin.py:190} INFO - [2026-07-18T21:31:46.310+0000] {dag.py:4180} INFO - Setting next_dagrun for dataset_s3_bucket_producer to None, run_after=None
[2026-07-18T21:31:46.383+0000] {processor.py:208} INFO - Processing /home/airflow/.local/lib/python3.12/site-packages/airflow/example_dags/example_dataset_alias.py took 1.565 seconds
[2026-07-18T21:32:16.477+0000] {processor.py:186} INFO - Started process (PID=883) to work on /home/airflow/.local/lib/python3.12/site-packages/airflow/example_dags/example_dataset_alias.py
[2026-07-18T21:32:16.481+0000] {processor.py:914} INFO - Processing file /home/airflow/.local/lib/python3.12/site-packages/airflow/example_dags/example_dataset_alias.py for tasks to queue
[2026-07-18T21:32:16.488+0000] {logging_mixin.py:190} INFO - [2026-07-18T21:32:16.487+0000] {dagbag.py:588} INFO - Filling up the DagBag from /home/airflow/.local/lib/python3.12/site-packages/airflow/example_dags/example_dataset_alias.py
[2026-07-18T21:32:17.493+0000] {processor.py:925} INFO - DAG(s) 'dataset_alias_example_alias_producer', 'dataset_s3_bucket_consumer', 'dataset_s3_bucket_producer', 'dataset_alias_example_alias_consumer' retrieved from /home/airflow/.local/lib/python3.12/site-packages/airflow/example_dags/example_dataset_alias.py
[2026-07-18T21:32:17.539+0000] {logging_mixin.py:190} INFO - [2026-07-18T21:32:17.538+0000] {dag.py:3239} INFO - Sync 4 DAGs
[2026-07-18T21:32:17.572+0000] {logging_mixin.py:190} INFO - [2026-07-18T21:32:17.572+0000] {dag.py:4180} INFO - Setting next_dagrun for dataset_alias_example_alias_consumer to None, run_after=None
[2026-07-18T21:32:17.579+0000] {logging_mixin.py:190} INFO - [2026-07-18T21:32:17.578+0000] {dag.py:4180} INFO - Setting next_dagrun for dataset_alias_example_alias_producer to None, run_after=None
[2026-07-18T21:32:17.583+0000] {logging_mixin.py:190} INFO - [2026-07-18T21:32:17.583+0000] {dag.py:4180} INFO - Setting next_dagrun for dataset_s3_bucket_consumer to None, run_after=None
[2026-07-18T21:32:17.586+0000] {logging_mixin.py:190} INFO - [2026-07-18T21:32:17.586+0000] {dag.py:4180} INFO - Setting next_dagrun for dataset_s3_bucket_producer to None, run_after=None
[2026-07-18T21:32:17.627+0000] {processor.py:208} INFO - Processing /home/airflow/.local/lib/python3.12/site-packages/airflow/example_dags/example_dataset_alias.py took 1.162 seconds
[2026-07-18T21:32:47.918+0000] {processor.py:186} INFO - Started process (PID=948) to work on /home/airflow/.local/lib/python3.12/site-packages/airflow/example_dags/example_dataset_alias.py
[2026-07-18T21:32:47.923+0000] {processor.py:914} INFO - Processing file /home/airflow/.local/lib/python3.12/site-packages/airflow/example_dags/example_dataset_alias.py for tasks to queue
[2026-07-18T21:32:47.934+0000] {logging_mixin.py:190} INFO - [2026-07-18T21:32:47.933+0000] {dagbag.py:588} INFO - Filling up the DagBag from /home/airflow/.local/lib/python3.12/site-packages/airflow/example_dags/example_dataset_alias.py
[2026-07-18T21:32:48.906+0000] {processor.py:925} INFO - DAG(s) 'dataset_s3_bucket_consumer', 'dataset_s3_bucket_producer', 'dataset_alias_example_alias_consumer', 'dataset_alias_example_alias_producer' retrieved from /home/airflow/.local/lib/python3.12/site-packages/airflow/example_dags/example_dataset_alias.py
[2026-07-18T21:32:48.947+0000] {logging_mixin.py:190} INFO - [2026-07-18T21:32:48.946+0000] {dag.py:3239} INFO - Sync 4 DAGs
[2026-07-18T21:32:48.983+0000] {logging_mixin.py:190} INFO - [2026-07-18T21:32:48.983+0000] {dag.py:4180} INFO - Setting next_dagrun for dataset_alias_example_alias_consumer to None, run_after=None
[2026-07-18T21:32:48.989+0000] {logging_mixin.py:190} INFO - [2026-07-18T21:32:48.989+0000] {dag.py:4180} INFO - Setting next_dagrun for dataset_alias_example_alias_producer to None, run_after=None
[2026-07-18T21:32:48.993+0000] {logging_mixin.py:190} INFO - [2026-07-18T21:32:48.992+0000] {dag.py:4180} INFO - Setting next_dagrun for dataset_s3_bucket_consumer to None, run_after=None
[2026-07-18T21:32:48.997+0000] {logging_mixin.py:190} INFO - [2026-07-18T21:32:48.997+0000] {dag.py:4180} INFO - Setting next_dagrun for dataset_s3_bucket_producer to None, run_after=None
[2026-07-18T21:32:49.040+0000] {processor.py:208} INFO - Processing /home/airflow/.local/lib/python3.12/site-packages/airflow/example_dags/example_dataset_alias.py took 1.147 seconds
[2026-07-18T21:33:19.361+0000] {processor.py:186} INFO - Started process (PID=1012) to work on /home/airflow/.local/lib/python3.12/site-packages/airflow/example_dags/example_dataset_alias.py
[2026-07-18T21:33:19.364+0000] {processor.py:914} INFO - Processing file /home/airflow/.local/lib/python3.12/site-packages/airflow/example_dags/example_dataset_alias.py for tasks to queue
[2026-07-18T21:33:19.371+0000] {logging_mixin.py:190} INFO - [2026-07-18T21:33:19.370+0000] {dagbag.py:588} INFO - Filling up the DagBag from /home/airflow/.local/lib/python3.12/site-packages/airflow/example_dags/example_dataset_alias.py
[2026-07-18T21:33:20.489+0000] {processor.py:925} INFO - DAG(s) 'dataset_alias_example_alias_producer', 'dataset_s3_bucket_producer', 'dataset_s3_bucket_consumer', 'dataset_alias_example_alias_consumer' retrieved from /home/airflow/.local/lib/python3.12/site-packages/airflow/example_dags/example_dataset_alias.py
[2026-07-18T21:33:20.534+0000] {logging_mixin.py:190} INFO - [2026-07-18T21:33:20.533+0000] {dag.py:3239} INFO - Sync 4 DAGs
[2026-07-18T21:33:20.582+0000] {logging_mixin.py:190} INFO - [2026-07-18T21:33:20.582+0000] {dag.py:4180} INFO - Setting next_dagrun for dataset_alias_example_alias_consumer to None, run_after=None
[2026-07-18T21:33:20.588+0000] {logging_mixin.py:190} INFO - [2026-07-18T21:33:20.588+0000] {dag.py:4180} INFO - Setting next_dagrun for dataset_alias_example_alias_producer to None, run_after=None
[2026-07-18T21:33:20.593+0000] {logging_mixin.py:190} INFO - [2026-07-18T21:33:20.592+0000] {dag.py:4180} INFO - Setting next_dagrun for dataset_s3_bucket_consumer to None, run_after=None
[2026-07-18T21:33:20.597+0000] {logging_mixin.py:190} INFO - [2026-07-18T21:33:20.597+0000] {dag.py:4180} INFO - Setting next_dagrun for dataset_s3_bucket_producer to None, run_after=None
[2026-07-18T21:33:20.653+0000] {processor.py:208} INFO - Processing /home/airflow/.local/lib/python3.12/site-packages/airflow/example_dags/example_dataset_alias.py took 1.302 seconds
[2026-07-18T21:33:50.862+0000] {processor.py:186} INFO - Started process (PID=1077) to work on /home/airflow/.local/lib/python3.12/site-packages/airflow/example_dags/example_dataset_alias.py
[2026-07-18T21:33:50.865+0000] {processor.py:914} INFO - Processing file /home/airflow/.local/lib/python3.12/site-packages/airflow/example_dags/example_dataset_alias.py for tasks to queue
[2026-07-18T21:33:50.870+0000] {logging_mixin.py:190} INFO - [2026-07-18T21:33:50.870+0000] {dagbag.py:588} INFO - Filling up the DagBag from /home/airflow/.local/lib/python3.12/site-packages/airflow/example_dags/example_dataset_alias.py
[2026-07-18T21:33:52.342+0000] {processor.py:925} INFO - DAG(s) 'dataset_s3_bucket_producer', 'dataset_s3_bucket_consumer', 'dataset_alias_example_alias_producer', 'dataset_alias_example_alias_consumer' retrieved from /home/airflow/.local/lib/python3.12/site-packages/airflow/example_dags/example_dataset_alias.py
[2026-07-18T21:33:52.407+0000] {logging_mixin.py:190} INFO - [2026-07-18T21:33:52.404+0000] {dag.py:3239} INFO - Sync 4 DAGs
[2026-07-18T21:33:52.474+0000] {logging_mixin.py:190} INFO - [2026-07-18T21:33:52.474+0000] {dag.py:4180} INFO - Setting next_dagrun for dataset_alias_example_alias_consumer to None, run_after=None
[2026-07-18T21:33:52.481+0000] {logging_mixin.py:190} INFO - [2026-07-18T21:33:52.481+0000] {dag.py:4180} INFO - Setting next_dagrun for dataset_alias_example_alias_producer to None, run_after=None
[2026-07-18T21:33:52.486+0000] {logging_mixin.py:190} INFO - [2026-07-18T21:33:52.486+0000] {dag.py:4180} INFO - Setting next_dagrun for dataset_s3_bucket_consumer to None, run_after=None
[2026-07-18T21:33:52.491+0000] {logging_mixin.py:190} INFO - [2026-07-18T21:33:52.491+0000] {dag.py:4180} INFO - Setting next_dagrun for dataset_s3_bucket_producer to None, run_after=None
[2026-07-18T21:33:52.560+0000] {processor.py:208} INFO - Processing /home/airflow/.local/lib/python3.12/site-packages/airflow/example_dags/example_dataset_alias.py took 1.712 seconds
[2026-07-18T21:34:22.863+0000] {processor.py:186} INFO - Started process (PID=1141) to work on /home/airflow/.local/lib/python3.12/site-packages/airflow/example_dags/example_dataset_alias.py
[2026-07-18T21:34:22.866+0000] {processor.py:914} INFO - Processing file /home/airflow/.local/lib/python3.12/site-packages/airflow/example_dags/example_dataset_alias.py for tasks to queue
[2026-07-18T21:34:22.870+0000] {logging_mixin.py:190} INFO - [2026-07-18T21:34:22.870+0000] {dagbag.py:588} INFO - Filling up the DagBag from /home/airflow/.local/lib/python3.12/site-packages/airflow/example_dags/example_dataset_alias.py
[2026-07-18T21:34:23.912+0000] {processor.py:925} INFO - DAG(s) 'dataset_s3_bucket_consumer', 'dataset_alias_example_alias_producer', 'dataset_alias_example_alias_consumer', 'dataset_s3_bucket_producer' retrieved from /home/airflow/.local/lib/python3.12/site-packages/airflow/example_dags/example_dataset_alias.py
[2026-07-18T21:34:23.951+0000] {logging_mixin.py:190} INFO - [2026-07-18T21:34:23.950+0000] {dag.py:3239} INFO - Sync 4 DAGs
[2026-07-18T21:34:23.992+0000] {logging_mixin.py:190} INFO - [2026-07-18T21:34:23.991+0000] {dag.py:4180} INFO - Setting next_dagrun for dataset_alias_example_alias_consumer to None, run_after=None
[2026-07-18T21:34:24.001+0000] {logging_mixin.py:190} INFO - [2026-07-18T21:34:24.001+0000] {dag.py:4180} INFO - Setting next_dagrun for dataset_alias_example_alias_producer to None, run_after=None
[2026-07-18T21:34:24.012+0000] {logging_mixin.py:190} INFO - [2026-07-18T21:34:24.011+0000] {dag.py:4180} INFO - Setting next_dagrun for dataset_s3_bucket_consumer to None, run_after=None
[2026-07-18T21:34:24.016+0000] {logging_mixin.py:190} INFO - [2026-07-18T21:34:24.016+0000] {dag.py:4180} INFO - Setting next_dagrun for dataset_s3_bucket_producer to None, run_after=None
[2026-07-18T21:34:24.059+0000] {processor.py:208} INFO - Processing /home/airflow/.local/lib/python3.12/site-packages/airflow/example_dags/example_dataset_alias.py took 1.206 seconds
[2026-07-18T21:34:54.151+0000] {processor.py:186} INFO - Started process (PID=1205) to work on /home/airflow/.local/lib/python3.12/site-packages/airflow/example_dags/example_dataset_alias.py
[2026-07-18T21:34:54.154+0000] {processor.py:914} INFO - Processing file /home/airflow/.local/lib/python3.12/site-packages/airflow/example_dags/example_dataset_alias.py for tasks to queue
[2026-07-18T21:34:54.161+0000] {logging_mixin.py:190} INFO - [2026-07-18T21:34:54.160+0000] {dagbag.py:588} INFO - Filling up the DagBag from /home/airflow/.local/lib/python3.12/site-packages/airflow/example_dags/example_dataset_alias.py
[2026-07-18T21:34:56.014+0000] {processor.py:925} INFO - DAG(s) 'dataset_s3_bucket_producer', 'dataset_alias_example_alias_producer', 'dataset_alias_example_alias_consumer', 'dataset_s3_bucket_consumer' retrieved from /home/airflow/.local/lib/python3.12/site-packages/airflow/example_dags/example_dataset_alias.py
[2026-07-18T21:34:56.050+0000] {logging_mixin.py:190} INFO - [2026-07-18T21:34:56.049+0000] {dag.py:3239} INFO - Sync 4 DAGs
[2026-07-18T21:34:56.105+0000] {logging_mixin.py:190} INFO - [2026-07-18T21:34:56.105+0000] {dag.py:4180} INFO - Setting next_dagrun for dataset_alias_example_alias_consumer to None, run_after=None
[2026-07-18T21:34:56.112+0000] {logging_mixin.py:190} INFO - [2026-07-18T21:34:56.111+0000] {dag.py:4180} INFO - Setting next_dagrun for dataset_alias_example_alias_producer to None, run_after=None
[2026-07-18T21:34:56.116+0000] {logging_mixin.py:190} INFO - [2026-07-18T21:34:56.115+0000] {dag.py:4180} INFO - Setting next_dagrun for dataset_s3_bucket_consumer to None, run_after=None
[2026-07-18T21:34:56.119+0000] {logging_mixin.py:190} INFO - [2026-07-18T21:34:56.119+0000] {dag.py:4180} INFO - Setting next_dagrun for dataset_s3_bucket_producer to None, run_after=None
[2026-07-18T21:34:56.167+0000] {processor.py:208} INFO - Processing /home/airflow/.local/lib/python3.12/site-packages/airflow/example_dags/example_dataset_alias.py took 2.029 seconds
[2026-07-18T21:35:26.622+0000] {processor.py:186} INFO - Started process (PID=1275) to work on /home/airflow/.local/lib/python3.12/site-packages/airflow/example_dags/example_dataset_alias.py
[2026-07-18T21:35:26.625+0000] {processor.py:914} INFO - Processing file /home/airflow/.local/lib/python3.12/site-packages/airflow/example_dags/example_dataset_alias.py for tasks to queue
[2026-07-18T21:35:26.631+0000] {logging_mixin.py:190} INFO - [2026-07-18T21:35:26.631+0000] {dagbag.py:588} INFO - Filling up the DagBag from /home/airflow/.local/lib/python3.12/site-packages/airflow/example_dags/example_dataset_alias.py
[2026-07-18T21:35:27.427+0000] {processor.py:925} INFO - DAG(s) 'dataset_s3_bucket_consumer', 'dataset_alias_example_alias_producer', 'dataset_s3_bucket_producer', 'dataset_alias_example_alias_consumer' retrieved from /home/airflow/.local/lib/python3.12/site-packages/airflow/example_dags/example_dataset_alias.py
[2026-07-18T21:35:27.454+0000] {logging_mixin.py:190} INFO - [2026-07-18T21:35:27.453+0000] {dag.py:3239} INFO - Sync 4 DAGs
[2026-07-18T21:35:27.481+0000] {logging_mixin.py:190} INFO - [2026-07-18T21:35:27.481+0000] {dag.py:4180} INFO - Setting next_dagrun for dataset_alias_example_alias_consumer to None, run_after=None
[2026-07-18T21:35:27.485+0000] {logging_mixin.py:190} INFO - [2026-07-18T21:35:27.485+0000] {dag.py:4180} INFO - Setting next_dagrun for dataset_alias_example_alias_producer to None, run_after=None
[2026-07-18T21:35:27.488+0000] {logging_mixin.py:190} INFO - [2026-07-18T21:35:27.488+0000] {dag.py:4180} INFO - Setting next_dagrun for dataset_s3_bucket_consumer to None, run_after=None
[2026-07-18T21:35:27.491+0000] {logging_mixin.py:190} INFO - [2026-07-18T21:35:27.491+0000] {dag.py:4180} INFO - Setting next_dagrun for dataset_s3_bucket_producer to None, run_after=None
[2026-07-18T21:35:27.546+0000] {processor.py:208} INFO - Processing /home/airflow/.local/lib/python3.12/site-packages/airflow/example_dags/example_dataset_alias.py took 0.935 seconds
[2026-07-18T21:35:58.291+0000] {processor.py:186} INFO - Started process (PID=1339) to work on /home/airflow/.local/lib/python3.12/site-packages/airflow/example_dags/example_dataset_alias.py
[2026-07-18T21:35:58.293+0000] {processor.py:914} INFO - Processing file /home/airflow/.local/lib/python3.12/site-packages/airflow/example_dags/example_dataset_alias.py for tasks to queue
[2026-07-18T21:35:58.299+0000] {logging_mixin.py:190} INFO - [2026-07-18T21:35:58.298+0000] {dagbag.py:588} INFO - Filling up the DagBag from /home/airflow/.local/lib/python3.12/site-packages/airflow/example_dags/example_dataset_alias.py
[2026-07-18T21:35:59.042+0000] {processor.py:925} INFO - DAG(s) 'dataset_s3_bucket_producer', 'dataset_alias_example_alias_producer', 'dataset_alias_example_alias_consumer', 'dataset_s3_bucket_consumer' retrieved from /home/airflow/.local/lib/python3.12/site-packages/airflow/example_dags/example_dataset_alias.py
[2026-07-18T21:35:59.074+0000] {logging_mixin.py:190} INFO - [2026-07-18T21:35:59.073+0000] {dag.py:3239} INFO - Sync 4 DAGs
[2026-07-18T21:35:59.100+0000] {logging_mixin.py:190} INFO - [2026-07-18T21:35:59.100+0000] {dag.py:4180} INFO - Setting next_dagrun for dataset_alias_example_alias_consumer to None, run_after=None
[2026-07-18T21:35:59.105+0000] {logging_mixin.py:190} INFO - [2026-07-18T21:35:59.105+0000] {dag.py:4180} INFO - Setting next_dagrun for dataset_alias_example_alias_producer to None, run_after=None
[2026-07-18T21:35:59.108+0000] {logging_mixin.py:190} INFO - [2026-07-18T21:35:59.107+0000] {dag.py:4180} INFO - Setting next_dagrun for dataset_s3_bucket_consumer to None, run_after=None
[2026-07-18T21:35:59.110+0000] {logging_mixin.py:190} INFO - [2026-07-18T21:35:59.110+0000] {dag.py:4180} INFO - Setting next_dagrun for dataset_s3_bucket_producer to None, run_after=None
[2026-07-18T21:35:59.161+0000] {processor.py:208} INFO - Processing /home/airflow/.local/lib/python3.12/site-packages/airflow/example_dags/example_dataset_alias.py took 0.877 seconds
[2026-07-18T21:36:29.681+0000] {processor.py:186} INFO - Started process (PID=1403) to work on /home/airflow/.local/lib/python3.12/site-packages/airflow/example_dags/example_dataset_alias.py
[2026-07-18T21:36:29.684+0000] {processor.py:914} INFO - Processing file /home/airflow/.local/lib/python3.12/site-packages/airflow/example_dags/example_dataset_alias.py for tasks to queue
[2026-07-18T21:36:29.690+0000] {logging_mixin.py:190} INFO - [2026-07-18T21:36:29.690+0000] {dagbag.py:588} INFO - Filling up the DagBag from /home/airflow/.local/lib/python3.12/site-packages/airflow/example_dags/example_dataset_alias.py
[2026-07-18T21:36:30.661+0000] {processor.py:925} INFO - DAG(s) 'dataset_s3_bucket_producer', 'dataset_alias_example_alias_producer', 'dataset_s3_bucket_consumer', 'dataset_alias_example_alias_consumer' retrieved from /home/airflow/.local/lib/python3.12/site-packages/airflow/example_dags/example_dataset_alias.py
[2026-07-18T21:36:30.693+0000] {logging_mixin.py:190} INFO - [2026-07-18T21:36:30.692+0000] {dag.py:3239} INFO - Sync 4 DAGs
[2026-07-18T21:36:30.726+0000] {logging_mixin.py:190} INFO - [2026-07-18T21:36:30.726+0000] {dag.py:4180} INFO - Setting next_dagrun for dataset_alias_example_alias_consumer to None, run_after=None
[2026-07-18T21:36:30.735+0000] {logging_mixin.py:190} INFO - [2026-07-18T21:36:30.734+0000] {dag.py:4180} INFO - Setting next_dagrun for dataset_alias_example_alias_producer to None, run_after=None
[2026-07-18T21:36:30.739+0000] {logging_mixin.py:190} INFO - [2026-07-18T21:36:30.738+0000] {dag.py:4180} INFO - Setting next_dagrun for dataset_s3_bucket_consumer to None, run_after=None
[2026-07-18T21:36:30.742+0000] {logging_mixin.py:190} INFO - [2026-07-18T21:36:30.741+0000] {dag.py:4180} INFO - Setting next_dagrun for dataset_s3_bucket_producer to None, run_after=None
[2026-07-18T21:36:30.772+0000] {processor.py:208} INFO - Processing /home/airflow/.local/lib/python3.12/site-packages/airflow/example_dags/example_dataset_alias.py took 1.103 seconds
[2026-07-18T21:37:01.130+0000] {processor.py:186} INFO - Started process (PID=1467) to work on /home/airflow/.local/lib/python3.12/site-packages/airflow/example_dags/example_dataset_alias.py
[2026-07-18T21:37:01.132+0000] {processor.py:914} INFO - Processing file /home/airflow/.local/lib/python3.12/site-packages/airflow/example_dags/example_dataset_alias.py for tasks to queue
[2026-07-18T21:37:01.138+0000] {logging_mixin.py:190} INFO - [2026-07-18T21:37:01.137+0000] {dagbag.py:588} INFO - Filling up the DagBag from /home/airflow/.local/lib/python3.12/site-packages/airflow/example_dags/example_dataset_alias.py
[2026-07-18T21:37:02.010+0000] {processor.py:925} INFO - DAG(s) 'dataset_alias_example_alias_producer', 'dataset_s3_bucket_producer', 'dataset_alias_example_alias_consumer', 'dataset_s3_bucket_consumer' retrieved from /home/airflow/.local/lib/python3.12/site-packages/airflow/example_dags/example_dataset_alias.py
[2026-07-18T21:37:02.037+0000] {logging_mixin.py:190} INFO - [2026-07-18T21:37:02.036+0000] {dag.py:3239} INFO - Sync 4 DAGs
[2026-07-18T21:37:02.064+0000] {logging_mixin.py:190} INFO - [2026-07-18T21:37:02.064+0000] {dag.py:4180} INFO - Setting next_dagrun for dataset_alias_example_alias_consumer to None, run_after=None
[2026-07-18T21:37:02.069+0000] {logging_mixin.py:190} INFO - [2026-07-18T21:37:02.069+0000] {dag.py:4180} INFO - Setting next_dagrun for dataset_alias_example_alias_producer to None, run_after=None
[2026-07-18T21:37:02.073+0000] {logging_mixin.py:190} INFO - [2026-07-18T21:37:02.072+0000] {dag.py:4180} INFO - Setting next_dagrun for dataset_s3_bucket_consumer to None, run_after=None
[2026-07-18T21:37:02.076+0000] {logging_mixin.py:190} INFO - [2026-07-18T21:37:02.076+0000] {dag.py:4180} INFO - Setting next_dagrun for dataset_s3_bucket_producer to None, run_after=None
[2026-07-18T21:37:02.152+0000] {processor.py:208} INFO - Processing /home/airflow/.local/lib/python3.12/site-packages/airflow/example_dags/example_dataset_alias.py took 1.031 seconds
[2026-07-18T21:37:32.689+0000] {processor.py:186} INFO - Started process (PID=1531) to work on /home/airflow/.local/lib/python3.12/site-packages/airflow/example_dags/example_dataset_alias.py
[2026-07-18T21:37:32.692+0000] {processor.py:914} INFO - Processing file /home/airflow/.local/lib/python3.12/site-packages/airflow/example_dags/example_dataset_alias.py for tasks to queue
[2026-07-18T21:37:32.698+0000] {logging_mixin.py:190} INFO - [2026-07-18T21:37:32.698+0000] {dagbag.py:588} INFO - Filling up the DagBag from /home/airflow/.local/lib/python3.12/site-packages/airflow/example_dags/example_dataset_alias.py
[2026-07-18T21:37:34.003+0000] {processor.py:925} INFO - DAG(s) 'dataset_alias_example_alias_producer', 'dataset_alias_example_alias_consumer', 'dataset_s3_bucket_consumer', 'dataset_s3_bucket_producer' retrieved from /home/airflow/.local/lib/python3.12/site-packages/airflow/example_dags/example_dataset_alias.py
[2026-07-18T21:37:34.082+0000] {logging_mixin.py:190} INFO - [2026-07-18T21:37:34.078+0000] {dag.py:3239} INFO - Sync 4 DAGs
[2026-07-18T21:37:34.134+0000] {logging_mixin.py:190} INFO - [2026-07-18T21:37:34.134+0000] {dag.py:4180} INFO - Setting next_dagrun for dataset_alias_example_alias_consumer to None, run_after=None
[2026-07-18T21:37:34.145+0000] {logging_mixin.py:190} INFO - [2026-07-18T21:37:34.144+0000] {dag.py:4180} INFO - Setting next_dagrun for dataset_alias_example_alias_producer to None, run_after=None
[2026-07-18T21:37:34.151+0000] {logging_mixin.py:190} INFO - [2026-07-18T21:37:34.151+0000] {dag.py:4180} INFO - Setting next_dagrun for dataset_s3_bucket_consumer to None, run_after=None
[2026-07-18T21:37:34.159+0000] {logging_mixin.py:190} INFO - [2026-07-18T21:37:34.158+0000] {dag.py:4180} INFO - Setting next_dagrun for dataset_s3_bucket_producer to None, run_after=None
[2026-07-18T21:37:34.234+0000] {processor.py:208} INFO - Processing /home/airflow/.local/lib/python3.12/site-packages/airflow/example_dags/example_dataset_alias.py took 1.558 seconds
[2026-07-18T21:38:05.344+0000] {processor.py:186} INFO - Started process (PID=1595) to work on /home/airflow/.local/lib/python3.12/site-packages/airflow/example_dags/example_dataset_alias.py
[2026-07-18T21:38:05.349+0000] {processor.py:914} INFO - Processing file /home/airflow/.local/lib/python3.12/site-packages/airflow/example_dags/example_dataset_alias.py for tasks to queue
[2026-07-18T21:38:05.362+0000] {logging_mixin.py:190} INFO - [2026-07-18T21:38:05.361+0000] {dagbag.py:588} INFO - Filling up the DagBag from /home/airflow/.local/lib/python3.12/site-packages/airflow/example_dags/example_dataset_alias.py
[2026-07-18T21:38:06.513+0000] {processor.py:925} INFO - DAG(s) 'dataset_s3_bucket_consumer', 'dataset_s3_bucket_producer', 'dataset_alias_example_alias_producer', 'dataset_alias_example_alias_consumer' retrieved from /home/airflow/.local/lib/python3.12/site-packages/airflow/example_dags/example_dataset_alias.py
[2026-07-18T21:38:06.575+0000] {logging_mixin.py:190} INFO - [2026-07-18T21:38:06.573+0000] {dag.py:3239} INFO - Sync 4 DAGs
[2026-07-18T21:38:06.622+0000] {logging_mixin.py:190} INFO - [2026-07-18T21:38:06.621+0000] {dag.py:4180} INFO - Setting next_dagrun for dataset_alias_example_alias_consumer to None, run_after=None
[2026-07-18T21:38:06.627+0000] {logging_mixin.py:190} INFO - [2026-07-18T21:38:06.627+0000] {dag.py:4180} INFO - Setting next_dagrun for dataset_alias_example_alias_producer to None, run_after=None
[2026-07-18T21:38:06.632+0000] {logging_mixin.py:190} INFO - [2026-07-18T21:38:06.631+0000] {dag.py:4180} INFO - Setting next_dagrun for dataset_s3_bucket_consumer to None, run_after=None
[2026-07-18T21:38:06.635+0000] {logging_mixin.py:190} INFO - [2026-07-18T21:38:06.635+0000] {dag.py:4180} INFO - Setting next_dagrun for dataset_s3_bucket_producer to None, run_after=None
[2026-07-18T21:38:06.665+0000] {processor.py:208} INFO - Processing /home/airflow/.local/lib/python3.12/site-packages/airflow/example_dags/example_dataset_alias.py took 1.349 seconds
[2026-07-18T21:38:36.776+0000] {processor.py:186} INFO - Started process (PID=1659) to work on /home/airflow/.local/lib/python3.12/site-packages/airflow/example_dags/example_dataset_alias.py
[2026-07-18T21:38:36.779+0000] {processor.py:914} INFO - Processing file /home/airflow/.local/lib/python3.12/site-packages/airflow/example_dags/example_dataset_alias.py for tasks to queue
[2026-07-18T21:38:36.783+0000] {logging_mixin.py:190} INFO - [2026-07-18T21:38:36.783+0000] {dagbag.py:588} INFO - Filling up the DagBag from /home/airflow/.local/lib/python3.12/site-packages/airflow/example_dags/example_dataset_alias.py
[2026-07-18T21:38:37.531+0000] {processor.py:925} INFO - DAG(s) 'dataset_s3_bucket_producer', 'dataset_alias_example_alias_consumer', 'dataset_alias_example_alias_producer', 'dataset_s3_bucket_consumer' retrieved from /home/airflow/.local/lib/python3.12/site-packages/airflow/example_dags/example_dataset_alias.py
[2026-07-18T21:38:37.570+0000] {logging_mixin.py:190} INFO - [2026-07-18T21:38:37.569+0000] {dag.py:3239} INFO - Sync 4 DAGs
[2026-07-18T21:38:37.598+0000] {logging_mixin.py:190} INFO - [2026-07-18T21:38:37.598+0000] {dag.py:4180} INFO - Setting next_dagrun for dataset_alias_example_alias_consumer to None, run_after=None
[2026-07-18T21:38:37.603+0000] {logging_mixin.py:190} INFO - [2026-07-18T21:38:37.603+0000] {dag.py:4180} INFO - Setting next_dagrun for dataset_alias_example_alias_producer to None, run_after=None
[2026-07-18T21:38:37.606+0000] {logging_mixin.py:190} INFO - [2026-07-18T21:38:37.606+0000] {dag.py:4180} INFO - Setting next_dagrun for dataset_s3_bucket_consumer to None, run_after=None
[2026-07-18T21:38:37.609+0000] {logging_mixin.py:190} INFO - [2026-07-18T21:38:37.609+0000] {dag.py:4180} INFO - Setting next_dagrun for dataset_s3_bucket_producer to None, run_after=None
[2026-07-18T21:38:37.684+0000] {processor.py:208} INFO - Processing /home/airflow/.local/lib/python3.12/site-packages/airflow/example_dags/example_dataset_alias.py took 0.925 seconds
[2026-07-18T21:39:08.191+0000] {processor.py:186} INFO - Started process (PID=1723) to work on /home/airflow/.local/lib/python3.12/site-packages/airflow/example_dags/example_dataset_alias.py
[2026-07-18T21:39:08.193+0000] {processor.py:914} INFO - Processing file /home/airflow/.local/lib/python3.12/site-packages/airflow/example_dags/example_dataset_alias.py for tasks to queue
[2026-07-18T21:39:08.198+0000] {logging_mixin.py:190} INFO - [2026-07-18T21:39:08.197+0000] {dagbag.py:588} INFO - Filling up the DagBag from /home/airflow/.local/lib/python3.12/site-packages/airflow/example_dags/example_dataset_alias.py
[2026-07-18T21:39:08.911+0000] {processor.py:925} INFO - DAG(s) 'dataset_alias_example_alias_producer', 'dataset_alias_example_alias_consumer', 'dataset_s3_bucket_consumer', 'dataset_s3_bucket_producer' retrieved from /home/airflow/.local/lib/python3.12/site-packages/airflow/example_dags/example_dataset_alias.py
[2026-07-18T21:39:08.942+0000] {logging_mixin.py:190} INFO - [2026-07-18T21:39:08.941+0000] {dag.py:3239} INFO - Sync 4 DAGs
[2026-07-18T21:39:08.975+0000] {logging_mixin.py:190} INFO - [2026-07-18T21:39:08.974+0000] {dag.py:4180} INFO - Setting next_dagrun for dataset_alias_example_alias_consumer to None, run_after=None
[2026-07-18T21:39:08.979+0000] {logging_mixin.py:190} INFO - [2026-07-18T21:39:08.979+0000] {dag.py:4180} INFO - Setting next_dagrun for dataset_alias_example_alias_producer to None, run_after=None
[2026-07-18T21:39:08.983+0000] {logging_mixin.py:190} INFO - [2026-07-18T21:39:08.983+0000] {dag.py:4180} INFO - Setting next_dagrun for dataset_s3_bucket_consumer to None, run_after=None
[2026-07-18T21:39:08.987+0000] {logging_mixin.py:190} INFO - [2026-07-18T21:39:08.986+0000] {dag.py:4180} INFO - Setting next_dagrun for dataset_s3_bucket_producer to None, run_after=None
[2026-07-18T21:39:09.019+0000] {processor.py:208} INFO - Processing /home/airflow/.local/lib/python3.12/site-packages/airflow/example_dags/example_dataset_alias.py took 0.836 seconds
[2026-07-18T21:39:39.763+0000] {processor.py:186} INFO - Started process (PID=1787) to work on /home/airflow/.local/lib/python3.12/site-packages/airflow/example_dags/example_dataset_alias.py
[2026-07-18T21:39:39.766+0000] {processor.py:914} INFO - Processing file /home/airflow/.local/lib/python3.12/site-packages/airflow/example_dags/example_dataset_alias.py for tasks to queue
[2026-07-18T21:39:39.771+0000] {logging_mixin.py:190} INFO - [2026-07-18T21:39:39.770+0000] {dagbag.py:588} INFO - Filling up the DagBag from /home/airflow/.local/lib/python3.12/site-packages/airflow/example_dags/example_dataset_alias.py
[2026-07-18T21:39:40.947+0000] {processor.py:925} INFO - DAG(s) 'dataset_s3_bucket_producer', 'dataset_alias_example_alias_consumer', 'dataset_alias_example_alias_producer', 'dataset_s3_bucket_consumer' retrieved from /home/airflow/.local/lib/python3.12/site-packages/airflow/example_dags/example_dataset_alias.py
[2026-07-18T21:39:40.989+0000] {logging_mixin.py:190} INFO - [2026-07-18T21:39:40.988+0000] {dag.py:3239} INFO - Sync 4 DAGs
[2026-07-18T21:39:41.026+0000] {logging_mixin.py:190} INFO - [2026-07-18T21:39:41.025+0000] {dag.py:4180} INFO - Setting next_dagrun for dataset_alias_example_alias_consumer to None, run_after=None
[2026-07-18T21:39:41.032+0000] {logging_mixin.py:190} INFO - [2026-07-18T21:39:41.031+0000] {dag.py:4180} INFO - Setting next_dagrun for dataset_alias_example_alias_producer to None, run_after=None
[2026-07-18T21:39:41.037+0000] {logging_mixin.py:190} INFO - [2026-07-18T21:39:41.036+0000] {dag.py:4180} INFO - Setting next_dagrun for dataset_s3_bucket_consumer to None, run_after=None
[2026-07-18T21:39:41.042+0000] {logging_mixin.py:190} INFO - [2026-07-18T21:39:41.041+0000] {dag.py:4180} INFO - Setting next_dagrun for dataset_s3_bucket_producer to None, run_after=None
[2026-07-18T21:39:41.141+0000] {processor.py:208} INFO - Processing /home/airflow/.local/lib/python3.12/site-packages/airflow/example_dags/example_dataset_alias.py took 1.387 seconds
[2026-07-18T21:40:12.189+0000] {processor.py:186} INFO - Started process (PID=1851) to work on /home/airflow/.local/lib/python3.12/site-packages/airflow/example_dags/example_dataset_alias.py
[2026-07-18T21:40:12.191+0000] {processor.py:914} INFO - Processing file /home/airflow/.local/lib/python3.12/site-packages/airflow/example_dags/example_dataset_alias.py for tasks to queue
[2026-07-18T21:40:12.197+0000] {logging_mixin.py:190} INFO - [2026-07-18T21:40:12.196+0000] {dagbag.py:588} INFO - Filling up the DagBag from /home/airflow/.local/lib/python3.12/site-packages/airflow/example_dags/example_dataset_alias.py
[2026-07-18T21:40:13.109+0000] {processor.py:925} INFO - DAG(s) 'dataset_s3_bucket_consumer', 'dataset_alias_example_alias_producer', 'dataset_alias_example_alias_consumer', 'dataset_s3_bucket_producer' retrieved from /home/airflow/.local/lib/python3.12/site-packages/airflow/example_dags/example_dataset_alias.py
[2026-07-18T21:40:13.150+0000] {logging_mixin.py:190} INFO - [2026-07-18T21:40:13.150+0000] {dag.py:3239} INFO - Sync 4 DAGs
[2026-07-18T21:40:13.193+0000] {logging_mixin.py:190} INFO - [2026-07-18T21:40:13.192+0000] {dag.py:4180} INFO - Setting next_dagrun for dataset_alias_example_alias_consumer to None, run_after=None
[2026-07-18T21:40:13.198+0000] {logging_mixin.py:190} INFO - [2026-07-18T21:40:13.198+0000] {dag.py:4180} INFO - Setting next_dagrun for dataset_alias_example_alias_producer to None, run_after=None
[2026-07-18T21:40:13.203+0000] {logging_mixin.py:190} INFO - [2026-07-18T21:40:13.203+0000] {dag.py:4180} INFO - Setting next_dagrun for dataset_s3_bucket_consumer to None, run_after=None
[2026-07-18T21:40:13.208+0000] {logging_mixin.py:190} INFO - [2026-07-18T21:40:13.207+0000] {dag.py:4180} INFO - Setting next_dagrun for dataset_s3_bucket_producer to None, run_after=None
[2026-07-18T21:40:13.248+0000] {processor.py:208} INFO - Processing /home/airflow/.local/lib/python3.12/site-packages/airflow/example_dags/example_dataset_alias.py took 1.069 seconds
[2026-07-18T21:40:43.691+0000] {processor.py:186} INFO - Started process (PID=1915) to work on /home/airflow/.local/lib/python3.12/site-packages/airflow/example_dags/example_dataset_alias.py
[2026-07-18T21:40:43.693+0000] {processor.py:914} INFO - Processing file /home/airflow/.local/lib/python3.12/site-packages/airflow/example_dags/example_dataset_alias.py for tasks to queue
[2026-07-18T21:40:43.698+0000] {logging_mixin.py:190} INFO - [2026-07-18T21:40:43.698+0000] {dagbag.py:588} INFO - Filling up the DagBag from /home/airflow/.local/lib/python3.12/site-packages/airflow/example_dags/example_dataset_alias.py
[2026-07-18T21:40:44.647+0000] {processor.py:925} INFO - DAG(s) 'dataset_s3_bucket_consumer', 'dataset_alias_example_alias_consumer', 'dataset_alias_example_alias_producer', 'dataset_s3_bucket_producer' retrieved from /home/airflow/.local/lib/python3.12/site-packages/airflow/example_dags/example_dataset_alias.py
[2026-07-18T21:40:44.684+0000] {logging_mixin.py:190} INFO - [2026-07-18T21:40:44.683+0000] {dag.py:3239} INFO - Sync 4 DAGs
[2026-07-18T21:40:44.777+0000] {logging_mixin.py:190} INFO - [2026-07-18T21:40:44.777+0000] {dag.py:4180} INFO - Setting next_dagrun for dataset_alias_example_alias_consumer to None, run_after=None
[2026-07-18T21:40:44.824+0000] {logging_mixin.py:190} INFO - [2026-07-18T21:40:44.823+0000] {dag.py:4180} INFO - Setting next_dagrun for dataset_alias_example_alias_producer to None, run_after=None
[2026-07-18T21:40:44.831+0000] {logging_mixin.py:190} INFO - [2026-07-18T21:40:44.831+0000] {dag.py:4180} INFO - Setting next_dagrun for dataset_s3_bucket_consumer to None, run_after=None
[2026-07-18T21:40:44.835+0000] {logging_mixin.py:190} INFO - [2026-07-18T21:40:44.835+0000] {dag.py:4180} INFO - Setting next_dagrun for dataset_s3_bucket_producer to None, run_after=None
[2026-07-18T21:40:44.886+0000] {processor.py:208} INFO - Processing /home/airflow/.local/lib/python3.12/site-packages/airflow/example_dags/example_dataset_alias.py took 1.204 seconds
[2026-07-18T21:41:15.005+0000] {processor.py:186} INFO - Started process (PID=1979) to work on /home/airflow/.local/lib/python3.12/site-packages/airflow/example_dags/example_dataset_alias.py
[2026-07-18T21:41:15.007+0000] {processor.py:914} INFO - Processing file /home/airflow/.local/lib/python3.12/site-packages/airflow/example_dags/example_dataset_alias.py for tasks to queue
[2026-07-18T21:41:15.013+0000] {logging_mixin.py:190} INFO - [2026-07-18T21:41:15.012+0000] {dagbag.py:588} INFO - Filling up the DagBag from /home/airflow/.local/lib/python3.12/site-packages/airflow/example_dags/example_dataset_alias.py
[2026-07-18T21:41:15.984+0000] {processor.py:925} INFO - DAG(s) 'dataset_alias_example_alias_producer', 'dataset_alias_example_alias_consumer', 'dataset_s3_bucket_consumer', 'dataset_s3_bucket_producer' retrieved from /home/airflow/.local/lib/python3.12/site-packages/airflow/example_dags/example_dataset_alias.py
[2026-07-18T21:41:16.020+0000] {logging_mixin.py:190} INFO - [2026-07-18T21:41:16.020+0000] {dag.py:3239} INFO - Sync 4 DAGs
[2026-07-18T21:41:16.067+0000] {logging_mixin.py:190} INFO - [2026-07-18T21:41:16.067+0000] {dag.py:4180} INFO - Setting next_dagrun for dataset_alias_example_alias_consumer to None, run_after=None
[2026-07-18T21:41:16.075+0000] {logging_mixin.py:190} INFO - [2026-07-18T21:41:16.074+0000] {dag.py:4180} INFO - Setting next_dagrun for dataset_alias_example_alias_producer to None, run_after=None
[2026-07-18T21:41:16.079+0000] {logging_mixin.py:190} INFO - [2026-07-18T21:41:16.079+0000] {dag.py:4180} INFO - Setting next_dagrun for dataset_s3_bucket_consumer to None, run_after=None
[2026-07-18T21:41:16.084+0000] {logging_mixin.py:190} INFO - [2026-07-18T21:41:16.084+0000] {dag.py:4180} INFO - Setting next_dagrun for dataset_s3_bucket_producer to None, run_after=None
[2026-07-18T21:41:16.129+0000] {processor.py:208} INFO - Processing /home/airflow/.local/lib/python3.12/site-packages/airflow/example_dags/example_dataset_alias.py took 1.135 seconds
[2026-07-18T21:41:46.736+0000] {processor.py:186} INFO - Started process (PID=2044) to work on /home/airflow/.local/lib/python3.12/site-packages/airflow/example_dags/example_dataset_alias.py
[2026-07-18T21:41:46.739+0000] {processor.py:914} INFO - Processing file /home/airflow/.local/lib/python3.12/site-packages/airflow/example_dags/example_dataset_alias.py for tasks to queue
[2026-07-18T21:41:46.744+0000] {logging_mixin.py:190} INFO - [2026-07-18T21:41:46.744+0000] {dagbag.py:588} INFO - Filling up the DagBag from /home/airflow/.local/lib/python3.12/site-packages/airflow/example_dags/example_dataset_alias.py
[2026-07-18T21:41:47.690+0000] {processor.py:925} INFO - DAG(s) 'dataset_alias_example_alias_consumer', 'dataset_s3_bucket_producer', 'dataset_alias_example_alias_producer', 'dataset_s3_bucket_consumer' retrieved from /home/airflow/.local/lib/python3.12/site-packages/airflow/example_dags/example_dataset_alias.py
[2026-07-18T21:41:47.725+0000] {logging_mixin.py:190} INFO - [2026-07-18T21:41:47.724+0000] {dag.py:3239} INFO - Sync 4 DAGs
[2026-07-18T21:41:47.759+0000] {logging_mixin.py:190} INFO - [2026-07-18T21:41:47.759+0000] {dag.py:4180} INFO - Setting next_dagrun for dataset_alias_example_alias_consumer to None, run_after=None
[2026-07-18T21:41:47.764+0000] {logging_mixin.py:190} INFO - [2026-07-18T21:41:47.764+0000] {dag.py:4180} INFO - Setting next_dagrun for dataset_alias_example_alias_producer to None, run_after=None
[2026-07-18T21:41:47.769+0000] {logging_mixin.py:190} INFO - [2026-07-18T21:41:47.768+0000] {dag.py:4180} INFO - Setting next_dagrun for dataset_s3_bucket_consumer to None, run_after=None
[2026-07-18T21:41:47.771+0000] {logging_mixin.py:190} INFO - [2026-07-18T21:41:47.771+0000] {dag.py:4180} INFO - Setting next_dagrun for dataset_s3_bucket_producer to None, run_after=None
[2026-07-18T21:41:47.803+0000] {processor.py:208} INFO - Processing /home/airflow/.local/lib/python3.12/site-packages/airflow/example_dags/example_dataset_alias.py took 1.074 seconds
[2026-07-18T21:42:18.345+0000] {processor.py:186} INFO - Started process (PID=2109) to work on /home/airflow/.local/lib/python3.12/site-packages/airflow/example_dags/example_dataset_alias.py
[2026-07-18T21:42:18.348+0000] {processor.py:914} INFO - Processing file /home/airflow/.local/lib/python3.12/site-packages/airflow/example_dags/example_dataset_alias.py for tasks to queue
[2026-07-18T21:42:18.353+0000] {logging_mixin.py:190} INFO - [2026-07-18T21:42:18.353+0000] {dagbag.py:588} INFO - Filling up the DagBag from /home/airflow/.local/lib/python3.12/site-packages/airflow/example_dags/example_dataset_alias.py
[2026-07-18T21:42:19.192+0000] {processor.py:925} INFO - DAG(s) 'dataset_alias_example_alias_producer', 'dataset_s3_bucket_producer', 'dataset_alias_example_alias_consumer', 'dataset_s3_bucket_consumer' retrieved from /home/airflow/.local/lib/python3.12/site-packages/airflow/example_dags/example_dataset_alias.py
[2026-07-18T21:42:19.222+0000] {logging_mixin.py:190} INFO - [2026-07-18T21:42:19.221+0000] {dag.py:3239} INFO - Sync 4 DAGs
[2026-07-18T21:42:19.261+0000] {logging_mixin.py:190} INFO - [2026-07-18T21:42:19.261+0000] {dag.py:4180} INFO - Setting next_dagrun for dataset_alias_example_alias_consumer to None, run_after=None
[2026-07-18T21:42:19.268+0000] {logging_mixin.py:190} INFO - [2026-07-18T21:42:19.268+0000] {dag.py:4180} INFO - Setting next_dagrun for dataset_alias_example_alias_producer to None, run_after=None
[2026-07-18T21:42:19.274+0000] {logging_mixin.py:190} INFO - [2026-07-18T21:42:19.273+0000] {dag.py:4180} INFO - Setting next_dagrun for dataset_s3_bucket_consumer to None, run_after=None
[2026-07-18T21:42:19.279+0000] {logging_mixin.py:190} INFO - [2026-07-18T21:42:19.278+0000] {dag.py:4180} INFO - Setting next_dagrun for dataset_s3_bucket_producer to None, run_after=None
[2026-07-18T21:42:19.340+0000] {processor.py:208} INFO - Processing /home/airflow/.local/lib/python3.12/site-packages/airflow/example_dags/example_dataset_alias.py took 1.003 seconds
[2026-07-18T21:42:49.954+0000] {processor.py:186} INFO - Started process (PID=2173) to work on /home/airflow/.local/lib/python3.12/site-packages/airflow/example_dags/example_dataset_alias.py
[2026-07-18T21:42:49.958+0000] {processor.py:914} INFO - Processing file /home/airflow/.local/lib/python3.12/site-packages/airflow/example_dags/example_dataset_alias.py for tasks to queue
[2026-07-18T21:42:49.966+0000] {logging_mixin.py:190} INFO - [2026-07-18T21:42:49.965+0000] {dagbag.py:588} INFO - Filling up the DagBag from /home/airflow/.local/lib/python3.12/site-packages/airflow/example_dags/example_dataset_alias.py
[2026-07-18T21:42:50.741+0000] {processor.py:925} INFO - DAG(s) 'dataset_alias_example_alias_consumer', 'dataset_s3_bucket_producer', 'dataset_alias_example_alias_producer', 'dataset_s3_bucket_consumer' retrieved from /home/airflow/.local/lib/python3.12/site-packages/airflow/example_dags/example_dataset_alias.py
[2026-07-18T21:42:50.773+0000] {logging_mixin.py:190} INFO - [2026-07-18T21:42:50.772+0000] {dag.py:3239} INFO - Sync 4 DAGs
[2026-07-18T21:42:50.801+0000] {logging_mixin.py:190} INFO - [2026-07-18T21:42:50.801+0000] {dag.py:4180} INFO - Setting next_dagrun for dataset_alias_example_alias_consumer to None, run_after=None
[2026-07-18T21:42:50.806+0000] {logging_mixin.py:190} INFO - [2026-07-18T21:42:50.806+0000] {dag.py:4180} INFO - Setting next_dagrun for dataset_alias_example_alias_producer to None, run_after=None
[2026-07-18T21:42:50.809+0000] {logging_mixin.py:190} INFO - [2026-07-18T21:42:50.809+0000] {dag.py:4180} INFO - Setting next_dagrun for dataset_s3_bucket_consumer to None, run_after=None
[2026-07-18T21:42:50.813+0000] {logging_mixin.py:190} INFO - [2026-07-18T21:42:50.812+0000] {dag.py:4180} INFO - Setting next_dagrun for dataset_s3_bucket_producer to None, run_after=None
[2026-07-18T21:42:50.848+0000] {processor.py:208} INFO - Processing /home/airflow/.local/lib/python3.12/site-packages/airflow/example_dags/example_dataset_alias.py took 0.914 seconds
[2026-07-18T21:43:21.313+0000] {processor.py:186} INFO - Started process (PID=2238) to work on /home/airflow/.local/lib/python3.12/site-packages/airflow/example_dags/example_dataset_alias.py
[2026-07-18T21:43:21.317+0000] {processor.py:914} INFO - Processing file /home/airflow/.local/lib/python3.12/site-packages/airflow/example_dags/example_dataset_alias.py for tasks to queue
[2026-07-18T21:43:21.327+0000] {logging_mixin.py:190} INFO - [2026-07-18T21:43:21.326+0000] {dagbag.py:588} INFO - Filling up the DagBag from /home/airflow/.local/lib/python3.12/site-packages/airflow/example_dags/example_dataset_alias.py
[2026-07-18T21:43:22.299+0000] {processor.py:925} INFO - DAG(s) 'dataset_s3_bucket_consumer', 'dataset_alias_example_alias_consumer', 'dataset_s3_bucket_producer', 'dataset_alias_example_alias_producer' retrieved from /home/airflow/.local/lib/python3.12/site-packages/airflow/example_dags/example_dataset_alias.py
[2026-07-18T21:43:22.351+0000] {logging_mixin.py:190} INFO - [2026-07-18T21:43:22.350+0000] {dag.py:3239} INFO - Sync 4 DAGs
[2026-07-18T21:43:22.422+0000] {logging_mixin.py:190} INFO - [2026-07-18T21:43:22.422+0000] {dag.py:4180} INFO - Setting next_dagrun for dataset_alias_example_alias_consumer to None, run_after=None
[2026-07-18T21:43:22.428+0000] {logging_mixin.py:190} INFO - [2026-07-18T21:43:22.427+0000] {dag.py:4180} INFO - Setting next_dagrun for dataset_alias_example_alias_producer to None, run_after=None
[2026-07-18T21:43:22.432+0000] {logging_mixin.py:190} INFO - [2026-07-18T21:43:22.431+0000] {dag.py:4180} INFO - Setting next_dagrun for dataset_s3_bucket_consumer to None, run_after=None
[2026-07-18T21:43:22.436+0000] {logging_mixin.py:190} INFO - [2026-07-18T21:43:22.436+0000] {dag.py:4180} INFO - Setting next_dagrun for dataset_s3_bucket_producer to None, run_after=None
[2026-07-18T21:43:22.509+0000] {processor.py:208} INFO - Processing /home/airflow/.local/lib/python3.12/site-packages/airflow/example_dags/example_dataset_alias.py took 1.213 seconds
[2026-07-18T21:43:53.077+0000] {processor.py:186} INFO - Started process (PID=2303) to work on /home/airflow/.local/lib/python3.12/site-packages/airflow/example_dags/example_dataset_alias.py
[2026-07-18T21:43:53.079+0000] {processor.py:914} INFO - Processing file /home/airflow/.local/lib/python3.12/site-packages/airflow/example_dags/example_dataset_alias.py for tasks to queue
[2026-07-18T21:43:53.085+0000] {logging_mixin.py:190} INFO - [2026-07-18T21:43:53.084+0000] {dagbag.py:588} INFO - Filling up the DagBag from /home/airflow/.local/lib/python3.12/site-packages/airflow/example_dags/example_dataset_alias.py
[2026-07-18T21:43:54.143+0000] {processor.py:925} INFO - DAG(s) 'dataset_alias_example_alias_consumer', 'dataset_s3_bucket_producer', 'dataset_alias_example_alias_producer', 'dataset_s3_bucket_consumer' retrieved from /home/airflow/.local/lib/python3.12/site-packages/airflow/example_dags/example_dataset_alias.py
[2026-07-18T21:43:54.193+0000] {logging_mixin.py:190} INFO - [2026-07-18T21:43:54.191+0000] {dag.py:3239} INFO - Sync 4 DAGs
[2026-07-18T21:43:54.230+0000] {logging_mixin.py:190} INFO - [2026-07-18T21:43:54.229+0000] {dag.py:4180} INFO - Setting next_dagrun for dataset_alias_example_alias_consumer to None, run_after=None
[2026-07-18T21:43:54.235+0000] {logging_mixin.py:190} INFO - [2026-07-18T21:43:54.235+0000] {dag.py:4180} INFO - Setting next_dagrun for dataset_alias_example_alias_producer to None, run_after=None
[2026-07-18T21:43:54.239+0000] {logging_mixin.py:190} INFO - [2026-07-18T21:43:54.239+0000] {dag.py:4180} INFO - Setting next_dagrun for dataset_s3_bucket_consumer to None, run_after=None
[2026-07-18T21:43:54.243+0000] {logging_mixin.py:190} INFO - [2026-07-18T21:43:54.242+0000] {dag.py:4180} INFO - Setting next_dagrun for dataset_s3_bucket_producer to None, run_after=None
[2026-07-18T21:43:54.278+0000] {processor.py:208} INFO - Processing /home/airflow/.local/lib/python3.12/site-packages/airflow/example_dags/example_dataset_alias.py took 1.214 seconds
[2026-07-18T21:44:24.599+0000] {processor.py:186} INFO - Started process (PID=2367) to work on /home/airflow/.local/lib/python3.12/site-packages/airflow/example_dags/example_dataset_alias.py
[2026-07-18T21:44:24.604+0000] {processor.py:914} INFO - Processing file /home/airflow/.local/lib/python3.12/site-packages/airflow/example_dags/example_dataset_alias.py for tasks to queue
[2026-07-18T21:44:24.610+0000] {logging_mixin.py:190} INFO - [2026-07-18T21:44:24.609+0000] {dagbag.py:588} INFO - Filling up the DagBag from /home/airflow/.local/lib/python3.12/site-packages/airflow/example_dags/example_dataset_alias.py
[2026-07-18T21:44:25.657+0000] {processor.py:925} INFO - DAG(s) 'dataset_alias_example_alias_consumer', 'dataset_s3_bucket_producer', 'dataset_s3_bucket_consumer', 'dataset_alias_example_alias_producer' retrieved from /home/airflow/.local/lib/python3.12/site-packages/airflow/example_dags/example_dataset_alias.py
[2026-07-18T21:44:25.718+0000] {logging_mixin.py:190} INFO - [2026-07-18T21:44:25.717+0000] {dag.py:3239} INFO - Sync 4 DAGs
[2026-07-18T21:44:25.798+0000] {logging_mixin.py:190} INFO - [2026-07-18T21:44:25.798+0000] {dag.py:4180} INFO - Setting next_dagrun for dataset_alias_example_alias_consumer to None, run_after=None
[2026-07-18T21:44:25.815+0000] {logging_mixin.py:190} INFO - [2026-07-18T21:44:25.815+0000] {dag.py:4180} INFO - Setting next_dagrun for dataset_alias_example_alias_producer to None, run_after=None
[2026-07-18T21:44:25.825+0000] {logging_mixin.py:190} INFO - [2026-07-18T21:44:25.825+0000] {dag.py:4180} INFO - Setting next_dagrun for dataset_s3_bucket_consumer to None, run_after=None
[2026-07-18T21:44:25.840+0000] {logging_mixin.py:190} INFO - [2026-07-18T21:44:25.840+0000] {dag.py:4180} INFO - Setting next_dagrun for dataset_s3_bucket_producer to None, run_after=None
[2026-07-18T21:44:25.899+0000] {processor.py:208} INFO - Processing /home/airflow/.local/lib/python3.12/site-packages/airflow/example_dags/example_dataset_alias.py took 1.317 seconds
[2026-07-18T21:44:56.079+0000] {processor.py:186} INFO - Started process (PID=2431) to work on /home/airflow/.local/lib/python3.12/site-packages/airflow/example_dags/example_dataset_alias.py
[2026-07-18T21:44:56.082+0000] {processor.py:914} INFO - Processing file /home/airflow/.local/lib/python3.12/site-packages/airflow/example_dags/example_dataset_alias.py for tasks to queue
[2026-07-18T21:44:56.089+0000] {logging_mixin.py:190} INFO - [2026-07-18T21:44:56.088+0000] {dagbag.py:588} INFO - Filling up the DagBag from /home/airflow/.local/lib/python3.12/site-packages/airflow/example_dags/example_dataset_alias.py
[2026-07-18T21:44:57.194+0000] {processor.py:925} INFO - DAG(s) 'dataset_alias_example_alias_consumer', 'dataset_s3_bucket_consumer', 'dataset_s3_bucket_producer', 'dataset_alias_example_alias_producer' retrieved from /home/airflow/.local/lib/python3.12/site-packages/airflow/example_dags/example_dataset_alias.py
[2026-07-18T21:44:57.229+0000] {logging_mixin.py:190} INFO - [2026-07-18T21:44:57.228+0000] {dag.py:3239} INFO - Sync 4 DAGs
[2026-07-18T21:44:57.297+0000] {logging_mixin.py:190} INFO - [2026-07-18T21:44:57.296+0000] {dag.py:4180} INFO - Setting next_dagrun for dataset_alias_example_alias_consumer to None, run_after=None
[2026-07-18T21:44:57.306+0000] {logging_mixin.py:190} INFO - [2026-07-18T21:44:57.306+0000] {dag.py:4180} INFO - Setting next_dagrun for dataset_alias_example_alias_producer to None, run_after=None
[2026-07-18T21:44:57.310+0000] {logging_mixin.py:190} INFO - [2026-07-18T21:44:57.310+0000] {dag.py:4180} INFO - Setting next_dagrun for dataset_s3_bucket_consumer to None, run_after=None
[2026-07-18T21:44:57.313+0000] {logging_mixin.py:190} INFO - [2026-07-18T21:44:57.313+0000] {dag.py:4180} INFO - Setting next_dagrun for dataset_s3_bucket_producer to None, run_after=None
[2026-07-18T21:44:57.353+0000] {processor.py:208} INFO - Processing /home/airflow/.local/lib/python3.12/site-packages/airflow/example_dags/example_dataset_alias.py took 1.291 seconds
[2026-07-18T21:45:27.456+0000] {processor.py:186} INFO - Started process (PID=2501) to work on /home/airflow/.local/lib/python3.12/site-packages/airflow/example_dags/example_dataset_alias.py
[2026-07-18T21:45:27.460+0000] {processor.py:914} INFO - Processing file /home/airflow/.local/lib/python3.12/site-packages/airflow/example_dags/example_dataset_alias.py for tasks to queue
[2026-07-18T21:45:27.465+0000] {logging_mixin.py:190} INFO - [2026-07-18T21:45:27.464+0000] {dagbag.py:588} INFO - Filling up the DagBag from /home/airflow/.local/lib/python3.12/site-packages/airflow/example_dags/example_dataset_alias.py
[2026-07-18T21:45:28.431+0000] {processor.py:925} INFO - DAG(s) 'dataset_s3_bucket_consumer', 'dataset_s3_bucket_producer', 'dataset_alias_example_alias_consumer', 'dataset_alias_example_alias_producer' retrieved from /home/airflow/.local/lib/python3.12/site-packages/airflow/example_dags/example_dataset_alias.py
[2026-07-18T21:45:28.462+0000] {logging_mixin.py:190} INFO - [2026-07-18T21:45:28.462+0000] {dag.py:3239} INFO - Sync 4 DAGs
[2026-07-18T21:45:28.503+0000] {logging_mixin.py:190} INFO - [2026-07-18T21:45:28.502+0000] {dag.py:4180} INFO - Setting next_dagrun for dataset_alias_example_alias_consumer to None, run_after=None
[2026-07-18T21:45:28.508+0000] {logging_mixin.py:190} INFO - [2026-07-18T21:45:28.507+0000] {dag.py:4180} INFO - Setting next_dagrun for dataset_alias_example_alias_producer to None, run_after=None
[2026-07-18T21:45:28.512+0000] {logging_mixin.py:190} INFO - [2026-07-18T21:45:28.512+0000] {dag.py:4180} INFO - Setting next_dagrun for dataset_s3_bucket_consumer to None, run_after=None
[2026-07-18T21:45:28.516+0000] {logging_mixin.py:190} INFO - [2026-07-18T21:45:28.515+0000] {dag.py:4180} INFO - Setting next_dagrun for dataset_s3_bucket_producer to None, run_after=None
[2026-07-18T21:45:28.547+0000] {processor.py:208} INFO - Processing /home/airflow/.local/lib/python3.12/site-packages/airflow/example_dags/example_dataset_alias.py took 1.102 seconds
[2026-07-18T21:45:59.668+0000] {processor.py:186} INFO - Started process (PID=2568) to work on /home/airflow/.local/lib/python3.12/site-packages/airflow/example_dags/example_dataset_alias.py
[2026-07-18T21:45:59.670+0000] {processor.py:914} INFO - Processing file /home/airflow/.local/lib/python3.12/site-packages/airflow/example_dags/example_dataset_alias.py for tasks to queue
[2026-07-18T21:45:59.674+0000] {logging_mixin.py:190} INFO - [2026-07-18T21:45:59.674+0000] {dagbag.py:588} INFO - Filling up the DagBag from /home/airflow/.local/lib/python3.12/site-packages/airflow/example_dags/example_dataset_alias.py
[2026-07-18T21:46:00.357+0000] {processor.py:925} INFO - DAG(s) 'dataset_s3_bucket_producer', 'dataset_alias_example_alias_producer', 'dataset_alias_example_alias_consumer', 'dataset_s3_bucket_consumer' retrieved from /home/airflow/.local/lib/python3.12/site-packages/airflow/example_dags/example_dataset_alias.py
[2026-07-18T21:46:00.382+0000] {logging_mixin.py:190} INFO - [2026-07-18T21:46:00.381+0000] {dag.py:3239} INFO - Sync 4 DAGs
[2026-07-18T21:46:00.408+0000] {logging_mixin.py:190} INFO - [2026-07-18T21:46:00.407+0000] {dag.py:4180} INFO - Setting next_dagrun for dataset_alias_example_alias_consumer to None, run_after=None
[2026-07-18T21:46:00.411+0000] {logging_mixin.py:190} INFO - [2026-07-18T21:46:00.411+0000] {dag.py:4180} INFO - Setting next_dagrun for dataset_alias_example_alias_producer to None, run_after=None
[2026-07-18T21:46:00.414+0000] {logging_mixin.py:190} INFO - [2026-07-18T21:46:00.413+0000] {dag.py:4180} INFO - Setting next_dagrun for dataset_s3_bucket_consumer to None, run_after=None
[2026-07-18T21:46:00.416+0000] {logging_mixin.py:190} INFO - [2026-07-18T21:46:00.416+0000] {dag.py:4180} INFO - Setting next_dagrun for dataset_s3_bucket_producer to None, run_after=None
[2026-07-18T21:46:00.467+0000] {processor.py:208} INFO - Processing /home/airflow/.local/lib/python3.12/site-packages/airflow/example_dags/example_dataset_alias.py took 0.806 seconds
[2026-07-18T21:46:31.107+0000] {processor.py:186} INFO - Started process (PID=2633) to work on /home/airflow/.local/lib/python3.12/site-packages/airflow/example_dags/example_dataset_alias.py
[2026-07-18T21:46:31.110+0000] {processor.py:914} INFO - Processing file /home/airflow/.local/lib/python3.12/site-packages/airflow/example_dags/example_dataset_alias.py for tasks to queue
[2026-07-18T21:46:31.116+0000] {logging_mixin.py:190} INFO - [2026-07-18T21:46:31.115+0000] {dagbag.py:588} INFO - Filling up the DagBag from /home/airflow/.local/lib/python3.12/site-packages/airflow/example_dags/example_dataset_alias.py
[2026-07-18T21:46:32.050+0000] {processor.py:925} INFO - DAG(s) 'dataset_s3_bucket_producer', 'dataset_s3_bucket_consumer', 'dataset_alias_example_alias_consumer', 'dataset_alias_example_alias_producer' retrieved from /home/airflow/.local/lib/python3.12/site-packages/airflow/example_dags/example_dataset_alias.py
[2026-07-18T21:46:32.080+0000] {logging_mixin.py:190} INFO - [2026-07-18T21:46:32.079+0000] {dag.py:3239} INFO - Sync 4 DAGs
[2026-07-18T21:46:32.112+0000] {logging_mixin.py:190} INFO - [2026-07-18T21:46:32.112+0000] {dag.py:4180} INFO - Setting next_dagrun for dataset_alias_example_alias_consumer to None, run_after=None
[2026-07-18T21:46:32.118+0000] {logging_mixin.py:190} INFO - [2026-07-18T21:46:32.117+0000] {dag.py:4180} INFO - Setting next_dagrun for dataset_alias_example_alias_producer to None, run_after=None
[2026-07-18T21:46:32.121+0000] {logging_mixin.py:190} INFO - [2026-07-18T21:46:32.121+0000] {dag.py:4180} INFO - Setting next_dagrun for dataset_s3_bucket_consumer to None, run_after=None
[2026-07-18T21:46:32.125+0000] {logging_mixin.py:190} INFO - [2026-07-18T21:46:32.125+0000] {dag.py:4180} INFO - Setting next_dagrun for dataset_s3_bucket_producer to None, run_after=None
[2026-07-18T21:46:32.157+0000] {processor.py:208} INFO - Processing /home/airflow/.local/lib/python3.12/site-packages/airflow/example_dags/example_dataset_alias.py took 1.060 seconds
[2026-07-18T21:47:02.344+0000] {processor.py:186} INFO - Started process (PID=2698) to work on /home/airflow/.local/lib/python3.12/site-packages/airflow/example_dags/example_dataset_alias.py
[2026-07-18T21:47:02.346+0000] {processor.py:914} INFO - Processing file /home/airflow/.local/lib/python3.12/site-packages/airflow/example_dags/example_dataset_alias.py for tasks to queue
[2026-07-18T21:47:02.351+0000] {logging_mixin.py:190} INFO - [2026-07-18T21:47:02.350+0000] {dagbag.py:588} INFO - Filling up the DagBag from /home/airflow/.local/lib/python3.12/site-packages/airflow/example_dags/example_dataset_alias.py
[2026-07-18T21:47:03.329+0000] {processor.py:925} INFO - DAG(s) 'dataset_s3_bucket_consumer', 'dataset_s3_bucket_producer', 'dataset_alias_example_alias_consumer', 'dataset_alias_example_alias_producer' retrieved from /home/airflow/.local/lib/python3.12/site-packages/airflow/example_dags/example_dataset_alias.py
[2026-07-18T21:47:03.362+0000] {logging_mixin.py:190} INFO - [2026-07-18T21:47:03.362+0000] {dag.py:3239} INFO - Sync 4 DAGs
[2026-07-18T21:47:03.392+0000] {logging_mixin.py:190} INFO - [2026-07-18T21:47:03.392+0000] {dag.py:4180} INFO - Setting next_dagrun for dataset_alias_example_alias_consumer to None, run_after=None
[2026-07-18T21:47:03.397+0000] {logging_mixin.py:190} INFO - [2026-07-18T21:47:03.397+0000] {dag.py:4180} INFO - Setting next_dagrun for dataset_alias_example_alias_producer to None, run_after=None
[2026-07-18T21:47:03.401+0000] {logging_mixin.py:190} INFO - [2026-07-18T21:47:03.401+0000] {dag.py:4180} INFO - Setting next_dagrun for dataset_s3_bucket_consumer to None, run_after=None
[2026-07-18T21:47:03.404+0000] {logging_mixin.py:190} INFO - [2026-07-18T21:47:03.404+0000] {dag.py:4180} INFO - Setting next_dagrun for dataset_s3_bucket_producer to None, run_after=None
[2026-07-18T21:47:03.444+0000] {processor.py:208} INFO - Processing /home/airflow/.local/lib/python3.12/site-packages/airflow/example_dags/example_dataset_alias.py took 1.111 seconds
[2026-07-18T21:47:34.090+0000] {processor.py:186} INFO - Started process (PID=2764) to work on /home/airflow/.local/lib/python3.12/site-packages/airflow/example_dags/example_dataset_alias.py
[2026-07-18T21:47:34.092+0000] {processor.py:914} INFO - Processing file /home/airflow/.local/lib/python3.12/site-packages/airflow/example_dags/example_dataset_alias.py for tasks to queue
[2026-07-18T21:47:34.097+0000] {logging_mixin.py:190} INFO - [2026-07-18T21:47:34.096+0000] {dagbag.py:588} INFO - Filling up the DagBag from /home/airflow/.local/lib/python3.12/site-packages/airflow/example_dags/example_dataset_alias.py
[2026-07-18T21:47:35.031+0000] {processor.py:925} INFO - DAG(s) 'dataset_s3_bucket_producer', 'dataset_s3_bucket_consumer', 'dataset_alias_example_alias_producer', 'dataset_alias_example_alias_consumer' retrieved from /home/airflow/.local/lib/python3.12/site-packages/airflow/example_dags/example_dataset_alias.py
[2026-07-18T21:47:35.067+0000] {logging_mixin.py:190} INFO - [2026-07-18T21:47:35.066+0000] {dag.py:3239} INFO - Sync 4 DAGs
[2026-07-18T21:47:35.109+0000] {logging_mixin.py:190} INFO - [2026-07-18T21:47:35.108+0000] {dag.py:4180} INFO - Setting next_dagrun for dataset_alias_example_alias_consumer to None, run_after=None
[2026-07-18T21:47:35.116+0000] {logging_mixin.py:190} INFO - [2026-07-18T21:47:35.115+0000] {dag.py:4180} INFO - Setting next_dagrun for dataset_alias_example_alias_producer to None, run_after=None
[2026-07-18T21:47:35.121+0000] {logging_mixin.py:190} INFO - [2026-07-18T21:47:35.121+0000] {dag.py:4180} INFO - Setting next_dagrun for dataset_s3_bucket_consumer to None, run_after=None
[2026-07-18T21:47:35.126+0000] {logging_mixin.py:190} INFO - [2026-07-18T21:47:35.126+0000] {dag.py:4180} INFO - Setting next_dagrun for dataset_s3_bucket_producer to None, run_after=None
[2026-07-18T21:47:35.180+0000] {processor.py:208} INFO - Processing /home/airflow/.local/lib/python3.12/site-packages/airflow/example_dags/example_dataset_alias.py took 1.099 seconds
[2026-07-18T21:48:05.609+0000] {processor.py:186} INFO - Started process (PID=2830) to work on /home/airflow/.local/lib/python3.12/site-packages/airflow/example_dags/example_dataset_alias.py
[2026-07-18T21:48:05.612+0000] {processor.py:914} INFO - Processing file /home/airflow/.local/lib/python3.12/site-packages/airflow/example_dags/example_dataset_alias.py for tasks to queue
[2026-07-18T21:48:05.618+0000] {logging_mixin.py:190} INFO - [2026-07-18T21:48:05.618+0000] {dagbag.py:588} INFO - Filling up the DagBag from /home/airflow/.local/lib/python3.12/site-packages/airflow/example_dags/example_dataset_alias.py
[2026-07-18T21:48:06.840+0000] {processor.py:925} INFO - DAG(s) 'dataset_s3_bucket_producer', 'dataset_alias_example_alias_producer', 'dataset_s3_bucket_consumer', 'dataset_alias_example_alias_consumer' retrieved from /home/airflow/.local/lib/python3.12/site-packages/airflow/example_dags/example_dataset_alias.py
[2026-07-18T21:48:06.875+0000] {logging_mixin.py:190} INFO - [2026-07-18T21:48:06.874+0000] {dag.py:3239} INFO - Sync 4 DAGs
[2026-07-18T21:48:06.933+0000] {logging_mixin.py:190} INFO - [2026-07-18T21:48:06.932+0000] {dag.py:4180} INFO - Setting next_dagrun for dataset_alias_example_alias_consumer to None, run_after=None
[2026-07-18T21:48:06.944+0000] {logging_mixin.py:190} INFO - [2026-07-18T21:48:06.943+0000] {dag.py:4180} INFO - Setting next_dagrun for dataset_alias_example_alias_producer to None, run_after=None
[2026-07-18T21:48:06.949+0000] {logging_mixin.py:190} INFO - [2026-07-18T21:48:06.948+0000] {dag.py:4180} INFO - Setting next_dagrun for dataset_s3_bucket_consumer to None, run_after=None
[2026-07-18T21:48:06.953+0000] {logging_mixin.py:190} INFO - [2026-07-18T21:48:06.952+0000] {dag.py:4180} INFO - Setting next_dagrun for dataset_s3_bucket_producer to None, run_after=None
[2026-07-18T21:48:06.996+0000] {processor.py:208} INFO - Processing /home/airflow/.local/lib/python3.12/site-packages/airflow/example_dags/example_dataset_alias.py took 1.398 seconds
[2026-07-18T21:48:37.080+0000] {processor.py:186} INFO - Started process (PID=2895) to work on /home/airflow/.local/lib/python3.12/site-packages/airflow/example_dags/example_dataset_alias.py
[2026-07-18T21:48:37.082+0000] {processor.py:914} INFO - Processing file /home/airflow/.local/lib/python3.12/site-packages/airflow/example_dags/example_dataset_alias.py for tasks to queue
[2026-07-18T21:48:37.087+0000] {logging_mixin.py:190} INFO - [2026-07-18T21:48:37.086+0000] {dagbag.py:588} INFO - Filling up the DagBag from /home/airflow/.local/lib/python3.12/site-packages/airflow/example_dags/example_dataset_alias.py
[2026-07-18T21:48:37.985+0000] {processor.py:925} INFO - DAG(s) 'dataset_alias_example_alias_consumer', 'dataset_s3_bucket_consumer', 'dataset_s3_bucket_producer', 'dataset_alias_example_alias_producer' retrieved from /home/airflow/.local/lib/python3.12/site-packages/airflow/example_dags/example_dataset_alias.py
[2026-07-18T21:48:38.023+0000] {logging_mixin.py:190} INFO - [2026-07-18T21:48:38.022+0000] {dag.py:3239} INFO - Sync 4 DAGs
[2026-07-18T21:48:38.061+0000] {logging_mixin.py:190} INFO - [2026-07-18T21:48:38.060+0000] {dag.py:4180} INFO - Setting next_dagrun for dataset_alias_example_alias_consumer to None, run_after=None
[2026-07-18T21:48:38.066+0000] {logging_mixin.py:190} INFO - [2026-07-18T21:48:38.065+0000] {dag.py:4180} INFO - Setting next_dagrun for dataset_alias_example_alias_producer to None, run_after=None
[2026-07-18T21:48:38.069+0000] {logging_mixin.py:190} INFO - [2026-07-18T21:48:38.069+0000] {dag.py:4180} INFO - Setting next_dagrun for dataset_s3_bucket_consumer to None, run_after=None
[2026-07-18T21:48:38.073+0000] {logging_mixin.py:190} INFO - [2026-07-18T21:48:38.072+0000] {dag.py:4180} INFO - Setting next_dagrun for dataset_s3_bucket_producer to None, run_after=None
[2026-07-18T21:48:38.117+0000] {processor.py:208} INFO - Processing /home/airflow/.local/lib/python3.12/site-packages/airflow/example_dags/example_dataset_alias.py took 1.044 seconds
[2026-07-18T21:49:08.488+0000] {processor.py:186} INFO - Started process (PID=2959) to work on /home/airflow/.local/lib/python3.12/site-packages/airflow/example_dags/example_dataset_alias.py
[2026-07-18T21:49:08.495+0000] {processor.py:914} INFO - Processing file /home/airflow/.local/lib/python3.12/site-packages/airflow/example_dags/example_dataset_alias.py for tasks to queue
[2026-07-18T21:49:08.503+0000] {logging_mixin.py:190} INFO - [2026-07-18T21:49:08.502+0000] {dagbag.py:588} INFO - Filling up the DagBag from /home/airflow/.local/lib/python3.12/site-packages/airflow/example_dags/example_dataset_alias.py
[2026-07-18T21:49:09.705+0000] {processor.py:925} INFO - DAG(s) 'dataset_alias_example_alias_consumer', 'dataset_s3_bucket_producer', 'dataset_alias_example_alias_producer', 'dataset_s3_bucket_consumer' retrieved from /home/airflow/.local/lib/python3.12/site-packages/airflow/example_dags/example_dataset_alias.py
[2026-07-18T21:49:09.738+0000] {logging_mixin.py:190} INFO - [2026-07-18T21:49:09.737+0000] {dag.py:3239} INFO - Sync 4 DAGs
[2026-07-18T21:49:09.777+0000] {logging_mixin.py:190} INFO - [2026-07-18T21:49:09.777+0000] {dag.py:4180} INFO - Setting next_dagrun for dataset_alias_example_alias_consumer to None, run_after=None
[2026-07-18T21:49:09.783+0000] {logging_mixin.py:190} INFO - [2026-07-18T21:49:09.782+0000] {dag.py:4180} INFO - Setting next_dagrun for dataset_alias_example_alias_producer to None, run_after=None
[2026-07-18T21:49:09.788+0000] {logging_mixin.py:190} INFO - [2026-07-18T21:49:09.787+0000] {dag.py:4180} INFO - Setting next_dagrun for dataset_s3_bucket_consumer to None, run_after=None
[2026-07-18T21:49:09.791+0000] {logging_mixin.py:190} INFO - [2026-07-18T21:49:09.791+0000] {dag.py:4180} INFO - Setting next_dagrun for dataset_s3_bucket_producer to None, run_after=None
[2026-07-18T21:49:09.823+0000] {processor.py:208} INFO - Processing /home/airflow/.local/lib/python3.12/site-packages/airflow/example_dags/example_dataset_alias.py took 1.355 seconds
[2026-07-18T22:00:38.770+0000] {processor.py:186} INFO - Started process (PID=3027) to work on /home/airflow/.local/lib/python3.12/site-packages/airflow/example_dags/example_dataset_alias.py
[2026-07-18T22:00:38.773+0000] {processor.py:914} INFO - Processing file /home/airflow/.local/lib/python3.12/site-packages/airflow/example_dags/example_dataset_alias.py for tasks to queue
[2026-07-18T22:00:38.783+0000] {logging_mixin.py:190} INFO - [2026-07-18T22:00:38.780+0000] {dagbag.py:588} INFO - Filling up the DagBag from /home/airflow/.local/lib/python3.12/site-packages/airflow/example_dags/example_dataset_alias.py
[2026-07-18T22:00:39.916+0000] {processor.py:925} INFO - DAG(s) 'dataset_alias_example_alias_producer', 'dataset_s3_bucket_consumer', 'dataset_s3_bucket_producer', 'dataset_alias_example_alias_consumer' retrieved from /home/airflow/.local/lib/python3.12/site-packages/airflow/example_dags/example_dataset_alias.py
[2026-07-18T22:00:40.008+0000] {logging_mixin.py:190} INFO - [2026-07-18T22:00:40.007+0000] {dag.py:3239} INFO - Sync 4 DAGs
[2026-07-18T22:00:40.087+0000] {logging_mixin.py:190} INFO - [2026-07-18T22:00:40.087+0000] {dag.py:4180} INFO - Setting next_dagrun for dataset_alias_example_alias_consumer to None, run_after=None
[2026-07-18T22:00:40.100+0000] {logging_mixin.py:190} INFO - [2026-07-18T22:00:40.100+0000] {dag.py:4180} INFO - Setting next_dagrun for dataset_alias_example_alias_producer to None, run_after=None
[2026-07-18T22:00:40.106+0000] {logging_mixin.py:190} INFO - [2026-07-18T22:00:40.106+0000] {dag.py:4180} INFO - Setting next_dagrun for dataset_s3_bucket_consumer to None, run_after=None
[2026-07-18T22:00:40.111+0000] {logging_mixin.py:190} INFO - [2026-07-18T22:00:40.111+0000] {dag.py:4180} INFO - Setting next_dagrun for dataset_s3_bucket_producer to None, run_after=None
[2026-07-18T22:00:40.192+0000] {processor.py:208} INFO - Processing /home/airflow/.local/lib/python3.12/site-packages/airflow/example_dags/example_dataset_alias.py took 1.439 seconds
[2026-07-18T22:01:10.488+0000] {processor.py:186} INFO - Started process (PID=3091) to work on /home/airflow/.local/lib/python3.12/site-packages/airflow/example_dags/example_dataset_alias.py
[2026-07-18T22:01:10.490+0000] {processor.py:914} INFO - Processing file /home/airflow/.local/lib/python3.12/site-packages/airflow/example_dags/example_dataset_alias.py for tasks to queue
[2026-07-18T22:01:10.494+0000] {logging_mixin.py:190} INFO - [2026-07-18T22:01:10.494+0000] {dagbag.py:588} INFO - Filling up the DagBag from /home/airflow/.local/lib/python3.12/site-packages/airflow/example_dags/example_dataset_alias.py
[2026-07-18T22:01:11.464+0000] {processor.py:925} INFO - DAG(s) 'dataset_alias_example_alias_consumer', 'dataset_alias_example_alias_producer', 'dataset_s3_bucket_consumer', 'dataset_s3_bucket_producer' retrieved from /home/airflow/.local/lib/python3.12/site-packages/airflow/example_dags/example_dataset_alias.py
[2026-07-18T22:01:11.500+0000] {logging_mixin.py:190} INFO - [2026-07-18T22:01:11.500+0000] {dag.py:3239} INFO - Sync 4 DAGs
[2026-07-18T22:01:11.534+0000] {logging_mixin.py:190} INFO - [2026-07-18T22:01:11.534+0000] {dag.py:4180} INFO - Setting next_dagrun for dataset_alias_example_alias_consumer to None, run_after=None
[2026-07-18T22:01:11.540+0000] {logging_mixin.py:190} INFO - [2026-07-18T22:01:11.540+0000] {dag.py:4180} INFO - Setting next_dagrun for dataset_alias_example_alias_producer to None, run_after=None
[2026-07-18T22:01:11.547+0000] {logging_mixin.py:190} INFO - [2026-07-18T22:01:11.546+0000] {dag.py:4180} INFO - Setting next_dagrun for dataset_s3_bucket_consumer to None, run_after=None
[2026-07-18T22:01:11.551+0000] {logging_mixin.py:190} INFO - [2026-07-18T22:01:11.550+0000] {dag.py:4180} INFO - Setting next_dagrun for dataset_s3_bucket_producer to None, run_after=None
[2026-07-18T22:01:11.590+0000] {processor.py:208} INFO - Processing /home/airflow/.local/lib/python3.12/site-packages/airflow/example_dags/example_dataset_alias.py took 1.113 seconds
[2026-07-18T22:01:41.846+0000] {processor.py:186} INFO - Started process (PID=3155) to work on /home/airflow/.local/lib/python3.12/site-packages/airflow/example_dags/example_dataset_alias.py
[2026-07-18T22:01:41.856+0000] {processor.py:914} INFO - Processing file /home/airflow/.local/lib/python3.12/site-packages/airflow/example_dags/example_dataset_alias.py for tasks to queue
[2026-07-18T22:01:41.860+0000] {logging_mixin.py:190} INFO - [2026-07-18T22:01:41.859+0000] {dagbag.py:588} INFO - Filling up the DagBag from /home/airflow/.local/lib/python3.12/site-packages/airflow/example_dags/example_dataset_alias.py
[2026-07-18T22:01:42.958+0000] {processor.py:925} INFO - DAG(s) 'dataset_alias_example_alias_consumer', 'dataset_s3_bucket_producer', 'dataset_s3_bucket_consumer', 'dataset_alias_example_alias_producer' retrieved from /home/airflow/.local/lib/python3.12/site-packages/airflow/example_dags/example_dataset_alias.py
[2026-07-18T22:01:42.987+0000] {logging_mixin.py:190} INFO - [2026-07-18T22:01:42.986+0000] {dag.py:3239} INFO - Sync 4 DAGs
[2026-07-18T22:01:43.021+0000] {logging_mixin.py:190} INFO - [2026-07-18T22:01:43.020+0000] {dag.py:4180} INFO - Setting next_dagrun for dataset_alias_example_alias_consumer to None, run_after=None
[2026-07-18T22:01:43.025+0000] {logging_mixin.py:190} INFO - [2026-07-18T22:01:43.025+0000] {dag.py:4180} INFO - Setting next_dagrun for dataset_alias_example_alias_producer to None, run_after=None
[2026-07-18T22:01:43.029+0000] {logging_mixin.py:190} INFO - [2026-07-18T22:01:43.028+0000] {dag.py:4180} INFO - Setting next_dagrun for dataset_s3_bucket_consumer to None, run_after=None
[2026-07-18T22:01:43.034+0000] {logging_mixin.py:190} INFO - [2026-07-18T22:01:43.033+0000] {dag.py:4180} INFO - Setting next_dagrun for dataset_s3_bucket_producer to None, run_after=None
[2026-07-18T22:01:43.071+0000] {processor.py:208} INFO - Processing /home/airflow/.local/lib/python3.12/site-packages/airflow/example_dags/example_dataset_alias.py took 1.239 seconds
[2026-07-18T22:02:13.606+0000] {processor.py:186} INFO - Started process (PID=3219) to work on /home/airflow/.local/lib/python3.12/site-packages/airflow/example_dags/example_dataset_alias.py
[2026-07-18T22:02:13.608+0000] {processor.py:914} INFO - Processing file /home/airflow/.local/lib/python3.12/site-packages/airflow/example_dags/example_dataset_alias.py for tasks to queue
[2026-07-18T22:02:13.612+0000] {logging_mixin.py:190} INFO - [2026-07-18T22:02:13.611+0000] {dagbag.py:588} INFO - Filling up the DagBag from /home/airflow/.local/lib/python3.12/site-packages/airflow/example_dags/example_dataset_alias.py
[2026-07-18T22:02:14.542+0000] {processor.py:925} INFO - DAG(s) 'dataset_s3_bucket_consumer', 'dataset_alias_example_alias_producer', 'dataset_alias_example_alias_consumer', 'dataset_s3_bucket_producer' retrieved from /home/airflow/.local/lib/python3.12/site-packages/airflow/example_dags/example_dataset_alias.py
[2026-07-18T22:02:14.573+0000] {logging_mixin.py:190} INFO - [2026-07-18T22:02:14.573+0000] {dag.py:3239} INFO - Sync 4 DAGs
[2026-07-18T22:02:14.601+0000] {logging_mixin.py:190} INFO - [2026-07-18T22:02:14.600+0000] {dag.py:4180} INFO - Setting next_dagrun for dataset_alias_example_alias_consumer to None, run_after=None
[2026-07-18T22:02:14.607+0000] {logging_mixin.py:190} INFO - [2026-07-18T22:02:14.606+0000] {dag.py:4180} INFO - Setting next_dagrun for dataset_alias_example_alias_producer to None, run_after=None
[2026-07-18T22:02:14.610+0000] {logging_mixin.py:190} INFO - [2026-07-18T22:02:14.610+0000] {dag.py:4180} INFO - Setting next_dagrun for dataset_s3_bucket_consumer to None, run_after=None
[2026-07-18T22:02:14.614+0000] {logging_mixin.py:190} INFO - [2026-07-18T22:02:14.613+0000] {dag.py:4180} INFO - Setting next_dagrun for dataset_s3_bucket_producer to None, run_after=None
[2026-07-18T22:02:14.647+0000] {processor.py:208} INFO - Processing /home/airflow/.local/lib/python3.12/site-packages/airflow/example_dags/example_dataset_alias.py took 1.050 seconds
[2026-07-18T22:02:44.938+0000] {processor.py:186} INFO - Started process (PID=3283) to work on /home/airflow/.local/lib/python3.12/site-packages/airflow/example_dags/example_dataset_alias.py
[2026-07-18T22:02:44.940+0000] {processor.py:914} INFO - Processing file /home/airflow/.local/lib/python3.12/site-packages/airflow/example_dags/example_dataset_alias.py for tasks to queue
[2026-07-18T22:02:44.943+0000] {logging_mixin.py:190} INFO - [2026-07-18T22:02:44.943+0000] {dagbag.py:588} INFO - Filling up the DagBag from /home/airflow/.local/lib/python3.12/site-packages/airflow/example_dags/example_dataset_alias.py
[2026-07-18T22:02:45.713+0000] {processor.py:925} INFO - DAG(s) 'dataset_s3_bucket_consumer', 'dataset_alias_example_alias_producer', 'dataset_alias_example_alias_consumer', 'dataset_s3_bucket_producer' retrieved from /home/airflow/.local/lib/python3.12/site-packages/airflow/example_dags/example_dataset_alias.py
[2026-07-18T22:02:45.744+0000] {logging_mixin.py:190} INFO - [2026-07-18T22:02:45.743+0000] {dag.py:3239} INFO - Sync 4 DAGs
[2026-07-18T22:02:45.774+0000] {logging_mixin.py:190} INFO - [2026-07-18T22:02:45.773+0000] {dag.py:4180} INFO - Setting next_dagrun for dataset_alias_example_alias_consumer to None, run_after=None
[2026-07-18T22:02:45.778+0000] {logging_mixin.py:190} INFO - [2026-07-18T22:02:45.778+0000] {dag.py:4180} INFO - Setting next_dagrun for dataset_alias_example_alias_producer to None, run_after=None
[2026-07-18T22:02:45.782+0000] {logging_mixin.py:190} INFO - [2026-07-18T22:02:45.781+0000] {dag.py:4180} INFO - Setting next_dagrun for dataset_s3_bucket_consumer to None, run_after=None
[2026-07-18T22:02:45.784+0000] {logging_mixin.py:190} INFO - [2026-07-18T22:02:45.784+0000] {dag.py:4180} INFO - Setting next_dagrun for dataset_s3_bucket_producer to None, run_after=None
[2026-07-18T22:02:45.812+0000] {processor.py:208} INFO - Processing /home/airflow/.local/lib/python3.12/site-packages/airflow/example_dags/example_dataset_alias.py took 0.884 seconds
[2026-07-18T22:03:16.134+0000] {processor.py:186} INFO - Started process (PID=3347) to work on /home/airflow/.local/lib/python3.12/site-packages/airflow/example_dags/example_dataset_alias.py
[2026-07-18T22:03:16.137+0000] {processor.py:914} INFO - Processing file /home/airflow/.local/lib/python3.12/site-packages/airflow/example_dags/example_dataset_alias.py for tasks to queue
[2026-07-18T22:03:16.141+0000] {logging_mixin.py:190} INFO - [2026-07-18T22:03:16.140+0000] {dagbag.py:588} INFO - Filling up the DagBag from /home/airflow/.local/lib/python3.12/site-packages/airflow/example_dags/example_dataset_alias.py
[2026-07-18T22:03:16.944+0000] {processor.py:925} INFO - DAG(s) 'dataset_alias_example_alias_consumer', 'dataset_s3_bucket_consumer', 'dataset_alias_example_alias_producer', 'dataset_s3_bucket_producer' retrieved from /home/airflow/.local/lib/python3.12/site-packages/airflow/example_dags/example_dataset_alias.py
[2026-07-18T22:03:16.984+0000] {logging_mixin.py:190} INFO - [2026-07-18T22:03:16.983+0000] {dag.py:3239} INFO - Sync 4 DAGs
[2026-07-18T22:03:17.017+0000] {logging_mixin.py:190} INFO - [2026-07-18T22:03:17.017+0000] {dag.py:4180} INFO - Setting next_dagrun for dataset_alias_example_alias_consumer to None, run_after=None
[2026-07-18T22:03:17.022+0000] {logging_mixin.py:190} INFO - [2026-07-18T22:03:17.021+0000] {dag.py:4180} INFO - Setting next_dagrun for dataset_alias_example_alias_producer to None, run_after=None
[2026-07-18T22:03:17.027+0000] {logging_mixin.py:190} INFO - [2026-07-18T22:03:17.026+0000] {dag.py:4180} INFO - Setting next_dagrun for dataset_s3_bucket_consumer to None, run_after=None
[2026-07-18T22:03:17.030+0000] {logging_mixin.py:190} INFO - [2026-07-18T22:03:17.030+0000] {dag.py:4180} INFO - Setting next_dagrun for dataset_s3_bucket_producer to None, run_after=None
[2026-07-18T22:03:17.069+0000] {processor.py:208} INFO - Processing /home/airflow/.local/lib/python3.12/site-packages/airflow/example_dags/example_dataset_alias.py took 0.945 seconds
[2026-07-18T22:03:47.554+0000] {processor.py:186} INFO - Started process (PID=3411) to work on /home/airflow/.local/lib/python3.12/site-packages/airflow/example_dags/example_dataset_alias.py
[2026-07-18T22:03:47.556+0000] {processor.py:914} INFO - Processing file /home/airflow/.local/lib/python3.12/site-packages/airflow/example_dags/example_dataset_alias.py for tasks to queue
[2026-07-18T22:03:47.560+0000] {logging_mixin.py:190} INFO - [2026-07-18T22:03:47.559+0000] {dagbag.py:588} INFO - Filling up the DagBag from /home/airflow/.local/lib/python3.12/site-packages/airflow/example_dags/example_dataset_alias.py
[2026-07-18T22:03:48.487+0000] {processor.py:925} INFO - DAG(s) 'dataset_s3_bucket_consumer', 'dataset_alias_example_alias_consumer', 'dataset_s3_bucket_producer', 'dataset_alias_example_alias_producer' retrieved from /home/airflow/.local/lib/python3.12/site-packages/airflow/example_dags/example_dataset_alias.py
[2026-07-18T22:03:48.541+0000] {logging_mixin.py:190} INFO - [2026-07-18T22:03:48.540+0000] {dag.py:3239} INFO - Sync 4 DAGs
[2026-07-18T22:03:48.604+0000] {logging_mixin.py:190} INFO - [2026-07-18T22:03:48.603+0000] {dag.py:4180} INFO - Setting next_dagrun for dataset_alias_example_alias_consumer to None, run_after=None
[2026-07-18T22:03:48.622+0000] {logging_mixin.py:190} INFO - [2026-07-18T22:03:48.621+0000] {dag.py:4180} INFO - Setting next_dagrun for dataset_alias_example_alias_producer to None, run_after=None
[2026-07-18T22:03:48.628+0000] {logging_mixin.py:190} INFO - [2026-07-18T22:03:48.628+0000] {dag.py:4180} INFO - Setting next_dagrun for dataset_s3_bucket_consumer to None, run_after=None
[2026-07-18T22:03:48.634+0000] {logging_mixin.py:190} INFO - [2026-07-18T22:03:48.634+0000] {dag.py:4180} INFO - Setting next_dagrun for dataset_s3_bucket_producer to None, run_after=None
[2026-07-18T22:03:48.703+0000] {processor.py:208} INFO - Processing /home/airflow/.local/lib/python3.12/site-packages/airflow/example_dags/example_dataset_alias.py took 1.160 seconds
[2026-07-18T22:04:18.889+0000] {processor.py:186} INFO - Started process (PID=3475) to work on /home/airflow/.local/lib/python3.12/site-packages/airflow/example_dags/example_dataset_alias.py
[2026-07-18T22:04:18.891+0000] {processor.py:914} INFO - Processing file /home/airflow/.local/lib/python3.12/site-packages/airflow/example_dags/example_dataset_alias.py for tasks to queue
[2026-07-18T22:04:18.894+0000] {logging_mixin.py:190} INFO - [2026-07-18T22:04:18.894+0000] {dagbag.py:588} INFO - Filling up the DagBag from /home/airflow/.local/lib/python3.12/site-packages/airflow/example_dags/example_dataset_alias.py
[2026-07-18T22:04:19.866+0000] {processor.py:925} INFO - DAG(s) 'dataset_s3_bucket_consumer', 'dataset_alias_example_alias_producer', 'dataset_alias_example_alias_consumer', 'dataset_s3_bucket_producer' retrieved from /home/airflow/.local/lib/python3.12/site-packages/airflow/example_dags/example_dataset_alias.py
[2026-07-18T22:04:19.907+0000] {logging_mixin.py:190} INFO - [2026-07-18T22:04:19.905+0000] {dag.py:3239} INFO - Sync 4 DAGs
[2026-07-18T22:04:19.946+0000] {logging_mixin.py:190} INFO - [2026-07-18T22:04:19.946+0000] {dag.py:4180} INFO - Setting next_dagrun for dataset_alias_example_alias_consumer to None, run_after=None
[2026-07-18T22:04:19.952+0000] {logging_mixin.py:190} INFO - [2026-07-18T22:04:19.952+0000] {dag.py:4180} INFO - Setting next_dagrun for dataset_alias_example_alias_producer to None, run_after=None
[2026-07-18T22:04:19.957+0000] {logging_mixin.py:190} INFO - [2026-07-18T22:04:19.956+0000] {dag.py:4180} INFO - Setting next_dagrun for dataset_s3_bucket_consumer to None, run_after=None
[2026-07-18T22:04:19.961+0000] {logging_mixin.py:190} INFO - [2026-07-18T22:04:19.961+0000] {dag.py:4180} INFO - Setting next_dagrun for dataset_s3_bucket_producer to None, run_after=None
[2026-07-18T22:04:19.994+0000] {processor.py:208} INFO - Processing /home/airflow/.local/lib/python3.12/site-packages/airflow/example_dags/example_dataset_alias.py took 1.116 seconds
[2026-07-18T22:04:50.513+0000] {processor.py:186} INFO - Started process (PID=3539) to work on /home/airflow/.local/lib/python3.12/site-packages/airflow/example_dags/example_dataset_alias.py
[2026-07-18T22:04:50.516+0000] {processor.py:914} INFO - Processing file /home/airflow/.local/lib/python3.12/site-packages/airflow/example_dags/example_dataset_alias.py for tasks to queue
[2026-07-18T22:04:50.519+0000] {logging_mixin.py:190} INFO - [2026-07-18T22:04:50.518+0000] {dagbag.py:588} INFO - Filling up the DagBag from /home/airflow/.local/lib/python3.12/site-packages/airflow/example_dags/example_dataset_alias.py
[2026-07-18T22:04:51.508+0000] {processor.py:925} INFO - DAG(s) 'dataset_s3_bucket_producer', 'dataset_s3_bucket_consumer', 'dataset_alias_example_alias_consumer', 'dataset_alias_example_alias_producer' retrieved from /home/airflow/.local/lib/python3.12/site-packages/airflow/example_dags/example_dataset_alias.py
[2026-07-18T22:04:51.539+0000] {logging_mixin.py:190} INFO - [2026-07-18T22:04:51.539+0000] {dag.py:3239} INFO - Sync 4 DAGs
[2026-07-18T22:04:51.578+0000] {logging_mixin.py:190} INFO - [2026-07-18T22:04:51.577+0000] {dag.py:4180} INFO - Setting next_dagrun for dataset_alias_example_alias_consumer to None, run_after=None
[2026-07-18T22:04:51.583+0000] {logging_mixin.py:190} INFO - [2026-07-18T22:04:51.583+0000] {dag.py:4180} INFO - Setting next_dagrun for dataset_alias_example_alias_producer to None, run_after=None
[2026-07-18T22:04:51.587+0000] {logging_mixin.py:190} INFO - [2026-07-18T22:04:51.586+0000] {dag.py:4180} INFO - Setting next_dagrun for dataset_s3_bucket_consumer to None, run_after=None
[2026-07-18T22:04:51.590+0000] {logging_mixin.py:190} INFO - [2026-07-18T22:04:51.590+0000] {dag.py:4180} INFO - Setting next_dagrun for dataset_s3_bucket_producer to None, run_after=None
[2026-07-18T22:04:51.627+0000] {processor.py:208} INFO - Processing /home/airflow/.local/lib/python3.12/site-packages/airflow/example_dags/example_dataset_alias.py took 1.120 seconds
[2026-07-18T22:05:21.815+0000] {processor.py:186} INFO - Started process (PID=3604) to work on /home/airflow/.local/lib/python3.12/site-packages/airflow/example_dags/example_dataset_alias.py
[2026-07-18T22:05:21.817+0000] {processor.py:914} INFO - Processing file /home/airflow/.local/lib/python3.12/site-packages/airflow/example_dags/example_dataset_alias.py for tasks to queue
[2026-07-18T22:05:21.821+0000] {logging_mixin.py:190} INFO - [2026-07-18T22:05:21.820+0000] {dagbag.py:588} INFO - Filling up the DagBag from /home/airflow/.local/lib/python3.12/site-packages/airflow/example_dags/example_dataset_alias.py
[2026-07-18T22:05:22.746+0000] {processor.py:925} INFO - DAG(s) 'dataset_alias_example_alias_producer', 'dataset_alias_example_alias_consumer', 'dataset_s3_bucket_producer', 'dataset_s3_bucket_consumer' retrieved from /home/airflow/.local/lib/python3.12/site-packages/airflow/example_dags/example_dataset_alias.py
[2026-07-18T22:05:22.815+0000] {logging_mixin.py:190} INFO - [2026-07-18T22:05:22.813+0000] {dag.py:3239} INFO - Sync 4 DAGs
[2026-07-18T22:05:22.863+0000] {logging_mixin.py:190} INFO - [2026-07-18T22:05:22.863+0000] {dag.py:4180} INFO - Setting next_dagrun for dataset_alias_example_alias_consumer to None, run_after=None
[2026-07-18T22:05:22.870+0000] {logging_mixin.py:190} INFO - [2026-07-18T22:05:22.869+0000] {dag.py:4180} INFO - Setting next_dagrun for dataset_alias_example_alias_producer to None, run_after=None
[2026-07-18T22:05:22.875+0000] {logging_mixin.py:190} INFO - [2026-07-18T22:05:22.874+0000] {dag.py:4180} INFO - Setting next_dagrun for dataset_s3_bucket_consumer to None, run_after=None
[2026-07-18T22:05:22.879+0000] {logging_mixin.py:190} INFO - [2026-07-18T22:05:22.879+0000] {dag.py:4180} INFO - Setting next_dagrun for dataset_s3_bucket_producer to None, run_after=None
[2026-07-18T22:05:22.952+0000] {processor.py:208} INFO - Processing /home/airflow/.local/lib/python3.12/site-packages/airflow/example_dags/example_dataset_alias.py took 1.145 seconds
[2026-07-18T23:18:16.080+0000] {processor.py:186} INFO - Started process (PID=3684) to work on /home/airflow/.local/lib/python3.12/site-packages/airflow/example_dags/example_dataset_alias.py
[2026-07-18T23:18:16.091+0000] {processor.py:914} INFO - Processing file /home/airflow/.local/lib/python3.12/site-packages/airflow/example_dags/example_dataset_alias.py for tasks to queue
[2026-07-18T23:18:16.097+0000] {logging_mixin.py:190} INFO - [2026-07-18T23:18:16.096+0000] {dagbag.py:588} INFO - Filling up the DagBag from /home/airflow/.local/lib/python3.12/site-packages/airflow/example_dags/example_dataset_alias.py
[2026-07-18T23:18:18.799+0000] {processor.py:925} INFO - DAG(s) 'dataset_s3_bucket_consumer', 'dataset_alias_example_alias_consumer', 'dataset_s3_bucket_producer', 'dataset_alias_example_alias_producer' retrieved from /home/airflow/.local/lib/python3.12/site-packages/airflow/example_dags/example_dataset_alias.py
[2026-07-18T23:18:18.899+0000] {logging_mixin.py:190} INFO - [2026-07-18T23:18:18.898+0000] {dag.py:3239} INFO - Sync 4 DAGs
[2026-07-18T23:18:18.982+0000] {logging_mixin.py:190} INFO - [2026-07-18T23:18:18.982+0000] {dag.py:4180} INFO - Setting next_dagrun for dataset_alias_example_alias_consumer to None, run_after=None
[2026-07-18T23:18:18.991+0000] {logging_mixin.py:190} INFO - [2026-07-18T23:18:18.989+0000] {dag.py:4180} INFO - Setting next_dagrun for dataset_alias_example_alias_producer to None, run_after=None
[2026-07-18T23:18:19.006+0000] {logging_mixin.py:190} INFO - [2026-07-18T23:18:19.006+0000] {dag.py:4180} INFO - Setting next_dagrun for dataset_s3_bucket_consumer to None, run_after=None
[2026-07-18T23:18:19.013+0000] {logging_mixin.py:190} INFO - [2026-07-18T23:18:19.012+0000] {dag.py:4180} INFO - Setting next_dagrun for dataset_s3_bucket_producer to None, run_after=None
[2026-07-18T23:18:19.125+0000] {processor.py:208} INFO - Processing /home/airflow/.local/lib/python3.12/site-packages/airflow/example_dags/example_dataset_alias.py took 3.070 seconds
