[2026-07-18T20:50:16.928+0000] {processor.py:186} INFO - Started process (PID=128) to work on /home/airflow/.local/lib/python3.12/site-packages/airflow/example_dags/example_workday_timetable.py
[2026-07-18T20:50:16.930+0000] {processor.py:914} INFO - Processing file /home/airflow/.local/lib/python3.12/site-packages/airflow/example_dags/example_workday_timetable.py for tasks to queue
[2026-07-18T20:50:16.935+0000] {logging_mixin.py:190} INFO - [2026-07-18T20:50:16.935+0000] {dagbag.py:588} INFO - Filling up the DagBag from /home/airflow/.local/lib/python3.12/site-packages/airflow/example_dags/example_workday_timetable.py
[2026-07-18T20:50:16.952+0000] {processor.py:925} INFO - DAG(s) 'example_workday_timetable' retrieved from /home/airflow/.local/lib/python3.12/site-packages/airflow/example_dags/example_workday_timetable.py
[2026-07-18T20:50:17.139+0000] {logging_mixin.py:190} INFO - [2026-07-18T20:50:17.138+0000] {override.py:1911} INFO - Created Permission View: can edit on DAG:example_workday_timetable
[2026-07-18T20:50:17.159+0000] {logging_mixin.py:190} INFO - [2026-07-18T20:50:17.158+0000] {override.py:1911} INFO - Created Permission View: can read on DAG:example_workday_timetable
[2026-07-18T20:50:17.172+0000] {logging_mixin.py:190} INFO - [2026-07-18T20:50:17.171+0000] {override.py:1911} INFO - Created Permission View: can delete on DAG:example_workday_timetable
[2026-07-18T20:50:17.186+0000] {logging_mixin.py:190} INFO - [2026-07-18T20:50:17.186+0000] {override.py:1911} INFO - Created Permission View: can create on DAG Run:example_workday_timetable
[2026-07-18T20:50:17.203+0000] {logging_mixin.py:190} INFO - [2026-07-18T20:50:17.202+0000] {override.py:1911} INFO - Created Permission View: can read on DAG Run:example_workday_timetable
[2026-07-18T20:50:17.216+0000] {logging_mixin.py:190} INFO - [2026-07-18T20:50:17.216+0000] {override.py:1911} INFO - Created Permission View: menu access on DAG Run:example_workday_timetable
[2026-07-18T20:50:17.228+0000] {logging_mixin.py:190} INFO - [2026-07-18T20:50:17.227+0000] {override.py:1911} INFO - Created Permission View: can delete on DAG Run:example_workday_timetable
[2026-07-18T20:50:17.229+0000] {logging_mixin.py:190} INFO - [2026-07-18T20:50:17.229+0000] {dag.py:3239} INFO - Sync 1 DAGs
[2026-07-18T20:50:17.252+0000] {logging_mixin.py:190} INFO - [2026-07-18T20:50:17.252+0000] {dag.py:3262} INFO - Creating ORM DAG for example_workday_timetable
[2026-07-18T20:50:17.392+0000] {logging_mixin.py:190} INFO - [2026-07-18T20:50:17.392+0000] {dag.py:4180} INFO - Setting next_dagrun for example_workday_timetable to 2021-01-04 00:00:00+00:00, run_after=2021-01-05 00:00:00+00:00
[2026-07-18T20:50:17.428+0000] {processor.py:208} INFO - Processing /home/airflow/.local/lib/python3.12/site-packages/airflow/example_dags/example_workday_timetable.py took 0.511 seconds
[2026-07-18T20:50:49.304+0000] {processor.py:186} INFO - Started process (PID=191) to work on /home/airflow/.local/lib/python3.12/site-packages/airflow/example_dags/example_workday_timetable.py
[2026-07-18T20:50:49.308+0000] {processor.py:914} INFO - Processing file /home/airflow/.local/lib/python3.12/site-packages/airflow/example_dags/example_workday_timetable.py for tasks to queue
[2026-07-18T20:50:49.316+0000] {logging_mixin.py:190} INFO - [2026-07-18T20:50:49.315+0000] {dagbag.py:588} INFO - Filling up the DagBag from /home/airflow/.local/lib/python3.12/site-packages/airflow/example_dags/example_workday_timetable.py
[2026-07-18T20:50:49.332+0000] {processor.py:925} INFO - DAG(s) 'example_workday_timetable' retrieved from /home/airflow/.local/lib/python3.12/site-packages/airflow/example_dags/example_workday_timetable.py
[2026-07-18T20:50:49.387+0000] {logging_mixin.py:190} INFO - [2026-07-18T20:50:49.383+0000] {dag.py:3239} INFO - Sync 1 DAGs
[2026-07-18T20:50:49.620+0000] {logging_mixin.py:190} INFO - [2026-07-18T20:50:49.619+0000] {dag.py:4180} INFO - Setting next_dagrun for example_workday_timetable to 2021-01-04 00:00:00+00:00, run_after=2021-01-05 00:00:00+00:00
[2026-07-18T20:50:49.698+0000] {processor.py:208} INFO - Processing /home/airflow/.local/lib/python3.12/site-packages/airflow/example_dags/example_workday_timetable.py took 0.406 seconds
[2026-07-18T20:51:20.750+0000] {processor.py:186} INFO - Started process (PID=255) to work on /home/airflow/.local/lib/python3.12/site-packages/airflow/example_dags/example_workday_timetable.py
[2026-07-18T20:51:20.757+0000] {processor.py:914} INFO - Processing file /home/airflow/.local/lib/python3.12/site-packages/airflow/example_dags/example_workday_timetable.py for tasks to queue
[2026-07-18T20:51:20.773+0000] {logging_mixin.py:190} INFO - [2026-07-18T20:51:20.770+0000] {dagbag.py:588} INFO - Filling up the DagBag from /home/airflow/.local/lib/python3.12/site-packages/airflow/example_dags/example_workday_timetable.py
[2026-07-18T20:51:20.843+0000] {processor.py:925} INFO - DAG(s) 'example_workday_timetable' retrieved from /home/airflow/.local/lib/python3.12/site-packages/airflow/example_dags/example_workday_timetable.py
[2026-07-18T20:51:21.000+0000] {logging_mixin.py:190} INFO - [2026-07-18T20:51:20.999+0000] {dag.py:3239} INFO - Sync 1 DAGs
[2026-07-18T20:51:21.193+0000] {logging_mixin.py:190} INFO - [2026-07-18T20:51:21.193+0000] {dag.py:4180} INFO - Setting next_dagrun for example_workday_timetable to 2021-01-04 00:00:00+00:00, run_after=2021-01-05 00:00:00+00:00
[2026-07-18T20:51:21.261+0000] {processor.py:208} INFO - Processing /home/airflow/.local/lib/python3.12/site-packages/airflow/example_dags/example_workday_timetable.py took 0.590 seconds
[2026-07-18T20:51:51.504+0000] {processor.py:186} INFO - Started process (PID=318) to work on /home/airflow/.local/lib/python3.12/site-packages/airflow/example_dags/example_workday_timetable.py
[2026-07-18T20:51:51.506+0000] {processor.py:914} INFO - Processing file /home/airflow/.local/lib/python3.12/site-packages/airflow/example_dags/example_workday_timetable.py for tasks to queue
[2026-07-18T20:51:51.509+0000] {logging_mixin.py:190} INFO - [2026-07-18T20:51:51.509+0000] {dagbag.py:588} INFO - Filling up the DagBag from /home/airflow/.local/lib/python3.12/site-packages/airflow/example_dags/example_workday_timetable.py
[2026-07-18T20:51:51.517+0000] {processor.py:925} INFO - DAG(s) 'example_workday_timetable' retrieved from /home/airflow/.local/lib/python3.12/site-packages/airflow/example_dags/example_workday_timetable.py
[2026-07-18T20:51:51.542+0000] {logging_mixin.py:190} INFO - [2026-07-18T20:51:51.542+0000] {dag.py:3239} INFO - Sync 1 DAGs
[2026-07-18T20:51:51.607+0000] {logging_mixin.py:190} INFO - [2026-07-18T20:51:51.606+0000] {dag.py:4180} INFO - Setting next_dagrun for example_workday_timetable to 2021-01-04 00:00:00+00:00, run_after=2021-01-05 00:00:00+00:00
[2026-07-18T20:51:51.626+0000] {processor.py:208} INFO - Processing /home/airflow/.local/lib/python3.12/site-packages/airflow/example_dags/example_workday_timetable.py took 0.130 seconds
[2026-07-18T20:52:22.310+0000] {processor.py:186} INFO - Started process (PID=381) to work on /home/airflow/.local/lib/python3.12/site-packages/airflow/example_dags/example_workday_timetable.py
[2026-07-18T20:52:22.311+0000] {processor.py:914} INFO - Processing file /home/airflow/.local/lib/python3.12/site-packages/airflow/example_dags/example_workday_timetable.py for tasks to queue
[2026-07-18T20:52:22.314+0000] {logging_mixin.py:190} INFO - [2026-07-18T20:52:22.313+0000] {dagbag.py:588} INFO - Filling up the DagBag from /home/airflow/.local/lib/python3.12/site-packages/airflow/example_dags/example_workday_timetable.py
[2026-07-18T20:52:22.320+0000] {processor.py:925} INFO - DAG(s) 'example_workday_timetable' retrieved from /home/airflow/.local/lib/python3.12/site-packages/airflow/example_dags/example_workday_timetable.py
[2026-07-18T20:52:22.421+0000] {logging_mixin.py:190} INFO - [2026-07-18T20:52:22.421+0000] {dag.py:3239} INFO - Sync 1 DAGs
[2026-07-18T20:52:22.599+0000] {logging_mixin.py:190} INFO - [2026-07-18T20:52:22.599+0000] {dag.py:4180} INFO - Setting next_dagrun for example_workday_timetable to 2021-01-04 00:00:00+00:00, run_after=2021-01-05 00:00:00+00:00
[2026-07-18T20:52:22.642+0000] {processor.py:208} INFO - Processing /home/airflow/.local/lib/python3.12/site-packages/airflow/example_dags/example_workday_timetable.py took 0.338 seconds
[2026-07-18T20:52:53.436+0000] {processor.py:186} INFO - Started process (PID=443) to work on /home/airflow/.local/lib/python3.12/site-packages/airflow/example_dags/example_workday_timetable.py
[2026-07-18T20:52:53.439+0000] {processor.py:914} INFO - Processing file /home/airflow/.local/lib/python3.12/site-packages/airflow/example_dags/example_workday_timetable.py for tasks to queue
[2026-07-18T20:52:53.445+0000] {logging_mixin.py:190} INFO - [2026-07-18T20:52:53.444+0000] {dagbag.py:588} INFO - Filling up the DagBag from /home/airflow/.local/lib/python3.12/site-packages/airflow/example_dags/example_workday_timetable.py
[2026-07-18T20:52:53.459+0000] {processor.py:925} INFO - DAG(s) 'example_workday_timetable' retrieved from /home/airflow/.local/lib/python3.12/site-packages/airflow/example_dags/example_workday_timetable.py
[2026-07-18T20:52:53.490+0000] {logging_mixin.py:190} INFO - [2026-07-18T20:52:53.489+0000] {dag.py:3239} INFO - Sync 1 DAGs
[2026-07-18T20:52:53.583+0000] {logging_mixin.py:190} INFO - [2026-07-18T20:52:53.583+0000] {dag.py:4180} INFO - Setting next_dagrun for example_workday_timetable to 2021-01-04 00:00:00+00:00, run_after=2021-01-05 00:00:00+00:00
[2026-07-18T20:52:53.607+0000] {processor.py:208} INFO - Processing /home/airflow/.local/lib/python3.12/site-packages/airflow/example_dags/example_workday_timetable.py took 0.182 seconds
[2026-07-18T20:53:24.040+0000] {processor.py:186} INFO - Started process (PID=506) to work on /home/airflow/.local/lib/python3.12/site-packages/airflow/example_dags/example_workday_timetable.py
[2026-07-18T20:53:24.042+0000] {processor.py:914} INFO - Processing file /home/airflow/.local/lib/python3.12/site-packages/airflow/example_dags/example_workday_timetable.py for tasks to queue
[2026-07-18T20:53:24.045+0000] {logging_mixin.py:190} INFO - [2026-07-18T20:53:24.045+0000] {dagbag.py:588} INFO - Filling up the DagBag from /home/airflow/.local/lib/python3.12/site-packages/airflow/example_dags/example_workday_timetable.py
[2026-07-18T20:53:24.054+0000] {processor.py:925} INFO - DAG(s) 'example_workday_timetable' retrieved from /home/airflow/.local/lib/python3.12/site-packages/airflow/example_dags/example_workday_timetable.py
[2026-07-18T20:53:24.074+0000] {logging_mixin.py:190} INFO - [2026-07-18T20:53:24.074+0000] {dag.py:3239} INFO - Sync 1 DAGs
[2026-07-18T20:53:24.147+0000] {logging_mixin.py:190} INFO - [2026-07-18T20:53:24.147+0000] {dag.py:4180} INFO - Setting next_dagrun for example_workday_timetable to 2021-01-04 00:00:00+00:00, run_after=2021-01-05 00:00:00+00:00
[2026-07-18T20:53:24.167+0000] {processor.py:208} INFO - Processing /home/airflow/.local/lib/python3.12/site-packages/airflow/example_dags/example_workday_timetable.py took 0.134 seconds
[2026-07-18T20:53:54.785+0000] {processor.py:186} INFO - Started process (PID=569) to work on /home/airflow/.local/lib/python3.12/site-packages/airflow/example_dags/example_workday_timetable.py
[2026-07-18T20:53:54.787+0000] {processor.py:914} INFO - Processing file /home/airflow/.local/lib/python3.12/site-packages/airflow/example_dags/example_workday_timetable.py for tasks to queue
[2026-07-18T20:53:54.790+0000] {logging_mixin.py:190} INFO - [2026-07-18T20:53:54.790+0000] {dagbag.py:588} INFO - Filling up the DagBag from /home/airflow/.local/lib/python3.12/site-packages/airflow/example_dags/example_workday_timetable.py
[2026-07-18T20:53:54.797+0000] {processor.py:925} INFO - DAG(s) 'example_workday_timetable' retrieved from /home/airflow/.local/lib/python3.12/site-packages/airflow/example_dags/example_workday_timetable.py
[2026-07-18T20:53:54.817+0000] {logging_mixin.py:190} INFO - [2026-07-18T20:53:54.816+0000] {dag.py:3239} INFO - Sync 1 DAGs
[2026-07-18T20:53:54.867+0000] {logging_mixin.py:190} INFO - [2026-07-18T20:53:54.866+0000] {dag.py:4180} INFO - Setting next_dagrun for example_workday_timetable to 2021-01-04 00:00:00+00:00, run_after=2021-01-05 00:00:00+00:00
[2026-07-18T20:53:54.891+0000] {processor.py:208} INFO - Processing /home/airflow/.local/lib/python3.12/site-packages/airflow/example_dags/example_workday_timetable.py took 0.113 seconds
[2026-07-18T20:54:25.487+0000] {processor.py:186} INFO - Started process (PID=632) to work on /home/airflow/.local/lib/python3.12/site-packages/airflow/example_dags/example_workday_timetable.py
[2026-07-18T20:54:25.489+0000] {processor.py:914} INFO - Processing file /home/airflow/.local/lib/python3.12/site-packages/airflow/example_dags/example_workday_timetable.py for tasks to queue
[2026-07-18T20:54:25.491+0000] {logging_mixin.py:190} INFO - [2026-07-18T20:54:25.491+0000] {dagbag.py:588} INFO - Filling up the DagBag from /home/airflow/.local/lib/python3.12/site-packages/airflow/example_dags/example_workday_timetable.py
[2026-07-18T20:54:25.496+0000] {processor.py:925} INFO - DAG(s) 'example_workday_timetable' retrieved from /home/airflow/.local/lib/python3.12/site-packages/airflow/example_dags/example_workday_timetable.py
[2026-07-18T20:54:25.514+0000] {logging_mixin.py:190} INFO - [2026-07-18T20:54:25.514+0000] {dag.py:3239} INFO - Sync 1 DAGs
[2026-07-18T20:54:25.560+0000] {logging_mixin.py:190} INFO - [2026-07-18T20:54:25.560+0000] {dag.py:4180} INFO - Setting next_dagrun for example_workday_timetable to 2021-01-04 00:00:00+00:00, run_after=2021-01-05 00:00:00+00:00
[2026-07-18T20:54:25.588+0000] {processor.py:208} INFO - Processing /home/airflow/.local/lib/python3.12/site-packages/airflow/example_dags/example_workday_timetable.py took 0.106 seconds
[2026-07-18T20:54:55.648+0000] {processor.py:186} INFO - Started process (PID=695) to work on /home/airflow/.local/lib/python3.12/site-packages/airflow/example_dags/example_workday_timetable.py
[2026-07-18T20:54:55.650+0000] {processor.py:914} INFO - Processing file /home/airflow/.local/lib/python3.12/site-packages/airflow/example_dags/example_workday_timetable.py for tasks to queue
[2026-07-18T20:54:55.652+0000] {logging_mixin.py:190} INFO - [2026-07-18T20:54:55.652+0000] {dagbag.py:588} INFO - Filling up the DagBag from /home/airflow/.local/lib/python3.12/site-packages/airflow/example_dags/example_workday_timetable.py
[2026-07-18T20:54:55.658+0000] {processor.py:925} INFO - DAG(s) 'example_workday_timetable' retrieved from /home/airflow/.local/lib/python3.12/site-packages/airflow/example_dags/example_workday_timetable.py
[2026-07-18T20:54:55.674+0000] {logging_mixin.py:190} INFO - [2026-07-18T20:54:55.674+0000] {dag.py:3239} INFO - Sync 1 DAGs
[2026-07-18T20:54:55.722+0000] {logging_mixin.py:190} INFO - [2026-07-18T20:54:55.721+0000] {dag.py:4180} INFO - Setting next_dagrun for example_workday_timetable to 2021-01-04 00:00:00+00:00, run_after=2021-01-05 00:00:00+00:00
[2026-07-18T20:54:55.738+0000] {processor.py:208} INFO - Processing /home/airflow/.local/lib/python3.12/site-packages/airflow/example_dags/example_workday_timetable.py took 0.095 seconds
[2026-07-18T20:55:26.257+0000] {processor.py:186} INFO - Started process (PID=758) to work on /home/airflow/.local/lib/python3.12/site-packages/airflow/example_dags/example_workday_timetable.py
[2026-07-18T20:55:26.259+0000] {processor.py:914} INFO - Processing file /home/airflow/.local/lib/python3.12/site-packages/airflow/example_dags/example_workday_timetable.py for tasks to queue
[2026-07-18T20:55:26.262+0000] {logging_mixin.py:190} INFO - [2026-07-18T20:55:26.261+0000] {dagbag.py:588} INFO - Filling up the DagBag from /home/airflow/.local/lib/python3.12/site-packages/airflow/example_dags/example_workday_timetable.py
[2026-07-18T20:55:26.268+0000] {processor.py:925} INFO - DAG(s) 'example_workday_timetable' retrieved from /home/airflow/.local/lib/python3.12/site-packages/airflow/example_dags/example_workday_timetable.py
[2026-07-18T20:55:26.289+0000] {logging_mixin.py:190} INFO - [2026-07-18T20:55:26.289+0000] {dag.py:3239} INFO - Sync 1 DAGs
[2026-07-18T20:55:26.336+0000] {logging_mixin.py:190} INFO - [2026-07-18T20:55:26.335+0000] {dag.py:4180} INFO - Setting next_dagrun for example_workday_timetable to 2021-01-04 00:00:00+00:00, run_after=2021-01-05 00:00:00+00:00
[2026-07-18T20:55:26.361+0000] {processor.py:208} INFO - Processing /home/airflow/.local/lib/python3.12/site-packages/airflow/example_dags/example_workday_timetable.py took 0.109 seconds
[2026-07-18T20:55:56.834+0000] {processor.py:186} INFO - Started process (PID=821) to work on /home/airflow/.local/lib/python3.12/site-packages/airflow/example_dags/example_workday_timetable.py
[2026-07-18T20:55:56.835+0000] {processor.py:914} INFO - Processing file /home/airflow/.local/lib/python3.12/site-packages/airflow/example_dags/example_workday_timetable.py for tasks to queue
[2026-07-18T20:55:56.837+0000] {logging_mixin.py:190} INFO - [2026-07-18T20:55:56.837+0000] {dagbag.py:588} INFO - Filling up the DagBag from /home/airflow/.local/lib/python3.12/site-packages/airflow/example_dags/example_workday_timetable.py
[2026-07-18T20:55:56.843+0000] {processor.py:925} INFO - DAG(s) 'example_workday_timetable' retrieved from /home/airflow/.local/lib/python3.12/site-packages/airflow/example_dags/example_workday_timetable.py
[2026-07-18T20:55:56.860+0000] {logging_mixin.py:190} INFO - [2026-07-18T20:55:56.859+0000] {dag.py:3239} INFO - Sync 1 DAGs
[2026-07-18T20:55:56.910+0000] {logging_mixin.py:190} INFO - [2026-07-18T20:55:56.910+0000] {dag.py:4180} INFO - Setting next_dagrun for example_workday_timetable to 2021-01-04 00:00:00+00:00, run_after=2021-01-05 00:00:00+00:00
[2026-07-18T20:55:56.966+0000] {processor.py:208} INFO - Processing /home/airflow/.local/lib/python3.12/site-packages/airflow/example_dags/example_workday_timetable.py took 0.138 seconds
[2026-07-18T20:56:27.118+0000] {processor.py:186} INFO - Started process (PID=884) to work on /home/airflow/.local/lib/python3.12/site-packages/airflow/example_dags/example_workday_timetable.py
[2026-07-18T20:56:27.119+0000] {processor.py:914} INFO - Processing file /home/airflow/.local/lib/python3.12/site-packages/airflow/example_dags/example_workday_timetable.py for tasks to queue
[2026-07-18T20:56:27.121+0000] {logging_mixin.py:190} INFO - [2026-07-18T20:56:27.121+0000] {dagbag.py:588} INFO - Filling up the DagBag from /home/airflow/.local/lib/python3.12/site-packages/airflow/example_dags/example_workday_timetable.py
[2026-07-18T20:56:27.127+0000] {processor.py:925} INFO - DAG(s) 'example_workday_timetable' retrieved from /home/airflow/.local/lib/python3.12/site-packages/airflow/example_dags/example_workday_timetable.py
[2026-07-18T20:56:27.146+0000] {logging_mixin.py:190} INFO - [2026-07-18T20:56:27.145+0000] {dag.py:3239} INFO - Sync 1 DAGs
[2026-07-18T20:56:27.199+0000] {logging_mixin.py:190} INFO - [2026-07-18T20:56:27.199+0000] {dag.py:4180} INFO - Setting next_dagrun for example_workday_timetable to 2021-01-04 00:00:00+00:00, run_after=2021-01-05 00:00:00+00:00
[2026-07-18T20:56:27.233+0000] {processor.py:208} INFO - Processing /home/airflow/.local/lib/python3.12/site-packages/airflow/example_dags/example_workday_timetable.py took 0.120 seconds
[2026-07-18T20:56:57.878+0000] {processor.py:186} INFO - Started process (PID=947) to work on /home/airflow/.local/lib/python3.12/site-packages/airflow/example_dags/example_workday_timetable.py
[2026-07-18T20:56:57.880+0000] {processor.py:914} INFO - Processing file /home/airflow/.local/lib/python3.12/site-packages/airflow/example_dags/example_workday_timetable.py for tasks to queue
[2026-07-18T20:56:57.883+0000] {logging_mixin.py:190} INFO - [2026-07-18T20:56:57.883+0000] {dagbag.py:588} INFO - Filling up the DagBag from /home/airflow/.local/lib/python3.12/site-packages/airflow/example_dags/example_workday_timetable.py
[2026-07-18T20:56:57.891+0000] {processor.py:925} INFO - DAG(s) 'example_workday_timetable' retrieved from /home/airflow/.local/lib/python3.12/site-packages/airflow/example_dags/example_workday_timetable.py
[2026-07-18T20:56:57.911+0000] {logging_mixin.py:190} INFO - [2026-07-18T20:56:57.911+0000] {dag.py:3239} INFO - Sync 1 DAGs
[2026-07-18T20:56:57.966+0000] {logging_mixin.py:190} INFO - [2026-07-18T20:56:57.966+0000] {dag.py:4180} INFO - Setting next_dagrun for example_workday_timetable to 2021-01-04 00:00:00+00:00, run_after=2021-01-05 00:00:00+00:00
[2026-07-18T20:56:57.983+0000] {processor.py:208} INFO - Processing /home/airflow/.local/lib/python3.12/site-packages/airflow/example_dags/example_workday_timetable.py took 0.111 seconds
[2026-07-18T20:57:28.559+0000] {processor.py:186} INFO - Started process (PID=1010) to work on /home/airflow/.local/lib/python3.12/site-packages/airflow/example_dags/example_workday_timetable.py
[2026-07-18T20:57:28.561+0000] {processor.py:914} INFO - Processing file /home/airflow/.local/lib/python3.12/site-packages/airflow/example_dags/example_workday_timetable.py for tasks to queue
[2026-07-18T20:57:28.563+0000] {logging_mixin.py:190} INFO - [2026-07-18T20:57:28.563+0000] {dagbag.py:588} INFO - Filling up the DagBag from /home/airflow/.local/lib/python3.12/site-packages/airflow/example_dags/example_workday_timetable.py
[2026-07-18T20:57:28.570+0000] {processor.py:925} INFO - DAG(s) 'example_workday_timetable' retrieved from /home/airflow/.local/lib/python3.12/site-packages/airflow/example_dags/example_workday_timetable.py
[2026-07-18T20:57:28.590+0000] {logging_mixin.py:190} INFO - [2026-07-18T20:57:28.590+0000] {dag.py:3239} INFO - Sync 1 DAGs
[2026-07-18T20:57:28.667+0000] {logging_mixin.py:190} INFO - [2026-07-18T20:57:28.667+0000] {dag.py:4180} INFO - Setting next_dagrun for example_workday_timetable to 2021-01-04 00:00:00+00:00, run_after=2021-01-05 00:00:00+00:00
[2026-07-18T20:57:28.693+0000] {processor.py:208} INFO - Processing /home/airflow/.local/lib/python3.12/site-packages/airflow/example_dags/example_workday_timetable.py took 0.140 seconds
[2026-07-18T20:57:59.072+0000] {processor.py:186} INFO - Started process (PID=1073) to work on /home/airflow/.local/lib/python3.12/site-packages/airflow/example_dags/example_workday_timetable.py
[2026-07-18T20:57:59.073+0000] {processor.py:914} INFO - Processing file /home/airflow/.local/lib/python3.12/site-packages/airflow/example_dags/example_workday_timetable.py for tasks to queue
[2026-07-18T20:57:59.075+0000] {logging_mixin.py:190} INFO - [2026-07-18T20:57:59.075+0000] {dagbag.py:588} INFO - Filling up the DagBag from /home/airflow/.local/lib/python3.12/site-packages/airflow/example_dags/example_workday_timetable.py
[2026-07-18T20:57:59.081+0000] {processor.py:925} INFO - DAG(s) 'example_workday_timetable' retrieved from /home/airflow/.local/lib/python3.12/site-packages/airflow/example_dags/example_workday_timetable.py
[2026-07-18T20:57:59.102+0000] {logging_mixin.py:190} INFO - [2026-07-18T20:57:59.102+0000] {dag.py:3239} INFO - Sync 1 DAGs
[2026-07-18T20:57:59.160+0000] {logging_mixin.py:190} INFO - [2026-07-18T20:57:59.160+0000] {dag.py:4180} INFO - Setting next_dagrun for example_workday_timetable to 2021-01-04 00:00:00+00:00, run_after=2021-01-05 00:00:00+00:00
[2026-07-18T20:57:59.179+0000] {processor.py:208} INFO - Processing /home/airflow/.local/lib/python3.12/site-packages/airflow/example_dags/example_workday_timetable.py took 0.113 seconds
[2026-07-18T20:58:29.275+0000] {processor.py:186} INFO - Started process (PID=1137) to work on /home/airflow/.local/lib/python3.12/site-packages/airflow/example_dags/example_workday_timetable.py
[2026-07-18T20:58:29.276+0000] {processor.py:914} INFO - Processing file /home/airflow/.local/lib/python3.12/site-packages/airflow/example_dags/example_workday_timetable.py for tasks to queue
[2026-07-18T20:58:29.279+0000] {logging_mixin.py:190} INFO - [2026-07-18T20:58:29.279+0000] {dagbag.py:588} INFO - Filling up the DagBag from /home/airflow/.local/lib/python3.12/site-packages/airflow/example_dags/example_workday_timetable.py
[2026-07-18T20:58:29.284+0000] {processor.py:925} INFO - DAG(s) 'example_workday_timetable' retrieved from /home/airflow/.local/lib/python3.12/site-packages/airflow/example_dags/example_workday_timetable.py
[2026-07-18T20:58:29.302+0000] {logging_mixin.py:190} INFO - [2026-07-18T20:58:29.302+0000] {dag.py:3239} INFO - Sync 1 DAGs
[2026-07-18T20:58:29.354+0000] {logging_mixin.py:190} INFO - [2026-07-18T20:58:29.354+0000] {dag.py:4180} INFO - Setting next_dagrun for example_workday_timetable to 2021-01-04 00:00:00+00:00, run_after=2021-01-05 00:00:00+00:00
[2026-07-18T20:58:29.374+0000] {processor.py:208} INFO - Processing /home/airflow/.local/lib/python3.12/site-packages/airflow/example_dags/example_workday_timetable.py took 0.105 seconds
[2026-07-18T20:59:00.217+0000] {processor.py:186} INFO - Started process (PID=1199) to work on /home/airflow/.local/lib/python3.12/site-packages/airflow/example_dags/example_workday_timetable.py
[2026-07-18T20:59:00.219+0000] {processor.py:914} INFO - Processing file /home/airflow/.local/lib/python3.12/site-packages/airflow/example_dags/example_workday_timetable.py for tasks to queue
[2026-07-18T20:59:00.222+0000] {logging_mixin.py:190} INFO - [2026-07-18T20:59:00.222+0000] {dagbag.py:588} INFO - Filling up the DagBag from /home/airflow/.local/lib/python3.12/site-packages/airflow/example_dags/example_workday_timetable.py
[2026-07-18T20:59:00.231+0000] {processor.py:925} INFO - DAG(s) 'example_workday_timetable' retrieved from /home/airflow/.local/lib/python3.12/site-packages/airflow/example_dags/example_workday_timetable.py
[2026-07-18T20:59:00.260+0000] {logging_mixin.py:190} INFO - [2026-07-18T20:59:00.260+0000] {dag.py:3239} INFO - Sync 1 DAGs
[2026-07-18T20:59:00.348+0000] {logging_mixin.py:190} INFO - [2026-07-18T20:59:00.348+0000] {dag.py:4180} INFO - Setting next_dagrun for example_workday_timetable to 2021-01-04 00:00:00+00:00, run_after=2021-01-05 00:00:00+00:00
[2026-07-18T20:59:00.372+0000] {processor.py:208} INFO - Processing /home/airflow/.local/lib/python3.12/site-packages/airflow/example_dags/example_workday_timetable.py took 0.163 seconds
[2026-07-18T20:59:31.382+0000] {processor.py:186} INFO - Started process (PID=1262) to work on /home/airflow/.local/lib/python3.12/site-packages/airflow/example_dags/example_workday_timetable.py
[2026-07-18T20:59:31.383+0000] {processor.py:914} INFO - Processing file /home/airflow/.local/lib/python3.12/site-packages/airflow/example_dags/example_workday_timetable.py for tasks to queue
[2026-07-18T20:59:31.386+0000] {logging_mixin.py:190} INFO - [2026-07-18T20:59:31.386+0000] {dagbag.py:588} INFO - Filling up the DagBag from /home/airflow/.local/lib/python3.12/site-packages/airflow/example_dags/example_workday_timetable.py
[2026-07-18T20:59:31.391+0000] {processor.py:925} INFO - DAG(s) 'example_workday_timetable' retrieved from /home/airflow/.local/lib/python3.12/site-packages/airflow/example_dags/example_workday_timetable.py
[2026-07-18T20:59:31.413+0000] {logging_mixin.py:190} INFO - [2026-07-18T20:59:31.412+0000] {dag.py:3239} INFO - Sync 1 DAGs
[2026-07-18T20:59:31.470+0000] {logging_mixin.py:190} INFO - [2026-07-18T20:59:31.470+0000] {dag.py:4180} INFO - Setting next_dagrun for example_workday_timetable to 2021-01-04 00:00:00+00:00, run_after=2021-01-05 00:00:00+00:00
[2026-07-18T20:59:31.487+0000] {processor.py:208} INFO - Processing /home/airflow/.local/lib/python3.12/site-packages/airflow/example_dags/example_workday_timetable.py took 0.111 seconds
[2026-07-18T21:00:02.128+0000] {processor.py:186} INFO - Started process (PID=1325) to work on /home/airflow/.local/lib/python3.12/site-packages/airflow/example_dags/example_workday_timetable.py
[2026-07-18T21:00:02.129+0000] {processor.py:914} INFO - Processing file /home/airflow/.local/lib/python3.12/site-packages/airflow/example_dags/example_workday_timetable.py for tasks to queue
[2026-07-18T21:00:02.131+0000] {logging_mixin.py:190} INFO - [2026-07-18T21:00:02.131+0000] {dagbag.py:588} INFO - Filling up the DagBag from /home/airflow/.local/lib/python3.12/site-packages/airflow/example_dags/example_workday_timetable.py
[2026-07-18T21:00:02.137+0000] {processor.py:925} INFO - DAG(s) 'example_workday_timetable' retrieved from /home/airflow/.local/lib/python3.12/site-packages/airflow/example_dags/example_workday_timetable.py
[2026-07-18T21:00:02.152+0000] {logging_mixin.py:190} INFO - [2026-07-18T21:00:02.152+0000] {dag.py:3239} INFO - Sync 1 DAGs
[2026-07-18T21:00:02.199+0000] {logging_mixin.py:190} INFO - [2026-07-18T21:00:02.198+0000] {dag.py:4180} INFO - Setting next_dagrun for example_workday_timetable to 2021-01-04 00:00:00+00:00, run_after=2021-01-05 00:00:00+00:00
[2026-07-18T21:00:02.217+0000] {processor.py:208} INFO - Processing /home/airflow/.local/lib/python3.12/site-packages/airflow/example_dags/example_workday_timetable.py took 0.096 seconds
[2026-07-18T21:00:33.126+0000] {processor.py:186} INFO - Started process (PID=1388) to work on /home/airflow/.local/lib/python3.12/site-packages/airflow/example_dags/example_workday_timetable.py
[2026-07-18T21:00:33.127+0000] {processor.py:914} INFO - Processing file /home/airflow/.local/lib/python3.12/site-packages/airflow/example_dags/example_workday_timetable.py for tasks to queue
[2026-07-18T21:00:33.129+0000] {logging_mixin.py:190} INFO - [2026-07-18T21:00:33.129+0000] {dagbag.py:588} INFO - Filling up the DagBag from /home/airflow/.local/lib/python3.12/site-packages/airflow/example_dags/example_workday_timetable.py
[2026-07-18T21:00:33.135+0000] {processor.py:925} INFO - DAG(s) 'example_workday_timetable' retrieved from /home/airflow/.local/lib/python3.12/site-packages/airflow/example_dags/example_workday_timetable.py
[2026-07-18T21:00:33.151+0000] {logging_mixin.py:190} INFO - [2026-07-18T21:00:33.151+0000] {dag.py:3239} INFO - Sync 1 DAGs
[2026-07-18T21:00:33.196+0000] {logging_mixin.py:190} INFO - [2026-07-18T21:00:33.195+0000] {dag.py:4180} INFO - Setting next_dagrun for example_workday_timetable to 2021-01-04 00:00:00+00:00, run_after=2021-01-05 00:00:00+00:00
[2026-07-18T21:00:33.212+0000] {processor.py:208} INFO - Processing /home/airflow/.local/lib/python3.12/site-packages/airflow/example_dags/example_workday_timetable.py took 0.091 seconds
[2026-07-18T21:01:09.289+0000] {processor.py:186} INFO - Started process (PID=1457) to work on /home/airflow/.local/lib/python3.12/site-packages/airflow/example_dags/example_workday_timetable.py
[2026-07-18T21:01:09.291+0000] {processor.py:914} INFO - Processing file /home/airflow/.local/lib/python3.12/site-packages/airflow/example_dags/example_workday_timetable.py for tasks to queue
[2026-07-18T21:01:09.297+0000] {logging_mixin.py:190} INFO - [2026-07-18T21:01:09.296+0000] {dagbag.py:588} INFO - Filling up the DagBag from /home/airflow/.local/lib/python3.12/site-packages/airflow/example_dags/example_workday_timetable.py
[2026-07-18T21:01:09.312+0000] {processor.py:925} INFO - DAG(s) 'example_workday_timetable' retrieved from /home/airflow/.local/lib/python3.12/site-packages/airflow/example_dags/example_workday_timetable.py
[2026-07-18T21:01:09.350+0000] {logging_mixin.py:190} INFO - [2026-07-18T21:01:09.349+0000] {dag.py:3239} INFO - Sync 1 DAGs
[2026-07-18T21:01:09.472+0000] {logging_mixin.py:190} INFO - [2026-07-18T21:01:09.472+0000] {dag.py:4180} INFO - Setting next_dagrun for example_workday_timetable to 2021-01-04 00:00:00+00:00, run_after=2021-01-05 00:00:00+00:00
[2026-07-18T21:01:09.566+0000] {processor.py:208} INFO - Processing /home/airflow/.local/lib/python3.12/site-packages/airflow/example_dags/example_workday_timetable.py took 0.290 seconds
[2026-07-18T21:01:40.217+0000] {processor.py:186} INFO - Started process (PID=1520) to work on /home/airflow/.local/lib/python3.12/site-packages/airflow/example_dags/example_workday_timetable.py
[2026-07-18T21:01:40.219+0000] {processor.py:914} INFO - Processing file /home/airflow/.local/lib/python3.12/site-packages/airflow/example_dags/example_workday_timetable.py for tasks to queue
[2026-07-18T21:01:40.223+0000] {logging_mixin.py:190} INFO - [2026-07-18T21:01:40.223+0000] {dagbag.py:588} INFO - Filling up the DagBag from /home/airflow/.local/lib/python3.12/site-packages/airflow/example_dags/example_workday_timetable.py
[2026-07-18T21:01:40.233+0000] {processor.py:925} INFO - DAG(s) 'example_workday_timetable' retrieved from /home/airflow/.local/lib/python3.12/site-packages/airflow/example_dags/example_workday_timetable.py
[2026-07-18T21:01:40.263+0000] {logging_mixin.py:190} INFO - [2026-07-18T21:01:40.262+0000] {dag.py:3239} INFO - Sync 1 DAGs
[2026-07-18T21:01:40.375+0000] {logging_mixin.py:190} INFO - [2026-07-18T21:01:40.374+0000] {dag.py:4180} INFO - Setting next_dagrun for example_workday_timetable to 2021-01-04 00:00:00+00:00, run_after=2021-01-05 00:00:00+00:00
[2026-07-18T21:01:40.418+0000] {processor.py:208} INFO - Processing /home/airflow/.local/lib/python3.12/site-packages/airflow/example_dags/example_workday_timetable.py took 0.209 seconds
[2026-07-18T21:02:10.903+0000] {processor.py:186} INFO - Started process (PID=1583) to work on /home/airflow/.local/lib/python3.12/site-packages/airflow/example_dags/example_workday_timetable.py
[2026-07-18T21:02:10.905+0000] {processor.py:914} INFO - Processing file /home/airflow/.local/lib/python3.12/site-packages/airflow/example_dags/example_workday_timetable.py for tasks to queue
[2026-07-18T21:02:10.910+0000] {logging_mixin.py:190} INFO - [2026-07-18T21:02:10.910+0000] {dagbag.py:588} INFO - Filling up the DagBag from /home/airflow/.local/lib/python3.12/site-packages/airflow/example_dags/example_workday_timetable.py
[2026-07-18T21:02:10.922+0000] {processor.py:925} INFO - DAG(s) 'example_workday_timetable' retrieved from /home/airflow/.local/lib/python3.12/site-packages/airflow/example_dags/example_workday_timetable.py
[2026-07-18T21:02:10.951+0000] {logging_mixin.py:190} INFO - [2026-07-18T21:02:10.951+0000] {dag.py:3239} INFO - Sync 1 DAGs
[2026-07-18T21:02:11.028+0000] {logging_mixin.py:190} INFO - [2026-07-18T21:02:11.028+0000] {dag.py:4180} INFO - Setting next_dagrun for example_workday_timetable to 2021-01-04 00:00:00+00:00, run_after=2021-01-05 00:00:00+00:00
[2026-07-18T21:02:11.058+0000] {processor.py:208} INFO - Processing /home/airflow/.local/lib/python3.12/site-packages/airflow/example_dags/example_workday_timetable.py took 0.170 seconds
[2026-07-18T21:02:42.406+0000] {processor.py:186} INFO - Started process (PID=1647) to work on /home/airflow/.local/lib/python3.12/site-packages/airflow/example_dags/example_workday_timetable.py
[2026-07-18T21:02:42.409+0000] {processor.py:914} INFO - Processing file /home/airflow/.local/lib/python3.12/site-packages/airflow/example_dags/example_workday_timetable.py for tasks to queue
[2026-07-18T21:02:42.415+0000] {logging_mixin.py:190} INFO - [2026-07-18T21:02:42.414+0000] {dagbag.py:588} INFO - Filling up the DagBag from /home/airflow/.local/lib/python3.12/site-packages/airflow/example_dags/example_workday_timetable.py
[2026-07-18T21:02:42.431+0000] {processor.py:925} INFO - DAG(s) 'example_workday_timetable' retrieved from /home/airflow/.local/lib/python3.12/site-packages/airflow/example_dags/example_workday_timetable.py
[2026-07-18T21:02:42.471+0000] {logging_mixin.py:190} INFO - [2026-07-18T21:02:42.471+0000] {dag.py:3239} INFO - Sync 1 DAGs
[2026-07-18T21:02:42.653+0000] {logging_mixin.py:190} INFO - [2026-07-18T21:02:42.653+0000] {dag.py:4180} INFO - Setting next_dagrun for example_workday_timetable to 2021-01-04 00:00:00+00:00, run_after=2021-01-05 00:00:00+00:00
[2026-07-18T21:02:42.712+0000] {processor.py:208} INFO - Processing /home/airflow/.local/lib/python3.12/site-packages/airflow/example_dags/example_workday_timetable.py took 0.318 seconds
[2026-07-18T21:03:14.276+0000] {processor.py:186} INFO - Started process (PID=1712) to work on /home/airflow/.local/lib/python3.12/site-packages/airflow/example_dags/example_workday_timetable.py
[2026-07-18T21:03:14.279+0000] {processor.py:914} INFO - Processing file /home/airflow/.local/lib/python3.12/site-packages/airflow/example_dags/example_workday_timetable.py for tasks to queue
[2026-07-18T21:03:14.287+0000] {logging_mixin.py:190} INFO - [2026-07-18T21:03:14.287+0000] {dagbag.py:588} INFO - Filling up the DagBag from /home/airflow/.local/lib/python3.12/site-packages/airflow/example_dags/example_workday_timetable.py
[2026-07-18T21:03:14.311+0000] {processor.py:925} INFO - DAG(s) 'example_workday_timetable' retrieved from /home/airflow/.local/lib/python3.12/site-packages/airflow/example_dags/example_workday_timetable.py
[2026-07-18T21:03:14.375+0000] {logging_mixin.py:190} INFO - [2026-07-18T21:03:14.373+0000] {dag.py:3239} INFO - Sync 1 DAGs
[2026-07-18T21:03:14.489+0000] {logging_mixin.py:190} INFO - [2026-07-18T21:03:14.488+0000] {dag.py:4180} INFO - Setting next_dagrun for example_workday_timetable to 2021-01-04 00:00:00+00:00, run_after=2021-01-05 00:00:00+00:00
[2026-07-18T21:03:14.566+0000] {processor.py:208} INFO - Processing /home/airflow/.local/lib/python3.12/site-packages/airflow/example_dags/example_workday_timetable.py took 0.312 seconds
[2026-07-18T21:03:46.638+0000] {processor.py:186} INFO - Started process (PID=1778) to work on /home/airflow/.local/lib/python3.12/site-packages/airflow/example_dags/example_workday_timetable.py
[2026-07-18T21:03:46.641+0000] {processor.py:914} INFO - Processing file /home/airflow/.local/lib/python3.12/site-packages/airflow/example_dags/example_workday_timetable.py for tasks to queue
[2026-07-18T21:03:46.645+0000] {logging_mixin.py:190} INFO - [2026-07-18T21:03:46.644+0000] {dagbag.py:588} INFO - Filling up the DagBag from /home/airflow/.local/lib/python3.12/site-packages/airflow/example_dags/example_workday_timetable.py
[2026-07-18T21:03:46.655+0000] {processor.py:925} INFO - DAG(s) 'example_workday_timetable' retrieved from /home/airflow/.local/lib/python3.12/site-packages/airflow/example_dags/example_workday_timetable.py
[2026-07-18T21:03:46.685+0000] {logging_mixin.py:190} INFO - [2026-07-18T21:03:46.684+0000] {dag.py:3239} INFO - Sync 1 DAGs
[2026-07-18T21:03:46.764+0000] {logging_mixin.py:190} INFO - [2026-07-18T21:03:46.764+0000] {dag.py:4180} INFO - Setting next_dagrun for example_workday_timetable to 2021-01-04 00:00:00+00:00, run_after=2021-01-05 00:00:00+00:00
[2026-07-18T21:03:46.805+0000] {processor.py:208} INFO - Processing /home/airflow/.local/lib/python3.12/site-packages/airflow/example_dags/example_workday_timetable.py took 0.174 seconds
[2026-07-18T21:04:17.869+0000] {processor.py:186} INFO - Started process (PID=1843) to work on /home/airflow/.local/lib/python3.12/site-packages/airflow/example_dags/example_workday_timetable.py
[2026-07-18T21:04:17.874+0000] {processor.py:914} INFO - Processing file /home/airflow/.local/lib/python3.12/site-packages/airflow/example_dags/example_workday_timetable.py for tasks to queue
[2026-07-18T21:04:17.885+0000] {logging_mixin.py:190} INFO - [2026-07-18T21:04:17.884+0000] {dagbag.py:588} INFO - Filling up the DagBag from /home/airflow/.local/lib/python3.12/site-packages/airflow/example_dags/example_workday_timetable.py
[2026-07-18T21:04:17.905+0000] {processor.py:925} INFO - DAG(s) 'example_workday_timetable' retrieved from /home/airflow/.local/lib/python3.12/site-packages/airflow/example_dags/example_workday_timetable.py
[2026-07-18T21:04:17.967+0000] {logging_mixin.py:190} INFO - [2026-07-18T21:04:17.967+0000] {dag.py:3239} INFO - Sync 1 DAGs
[2026-07-18T21:04:18.095+0000] {logging_mixin.py:190} INFO - [2026-07-18T21:04:18.094+0000] {dag.py:4180} INFO - Setting next_dagrun for example_workday_timetable to 2021-01-04 00:00:00+00:00, run_after=2021-01-05 00:00:00+00:00
[2026-07-18T21:04:18.138+0000] {processor.py:208} INFO - Processing /home/airflow/.local/lib/python3.12/site-packages/airflow/example_dags/example_workday_timetable.py took 0.292 seconds
[2026-07-18T21:04:49.554+0000] {processor.py:186} INFO - Started process (PID=1906) to work on /home/airflow/.local/lib/python3.12/site-packages/airflow/example_dags/example_workday_timetable.py
[2026-07-18T21:04:49.557+0000] {processor.py:914} INFO - Processing file /home/airflow/.local/lib/python3.12/site-packages/airflow/example_dags/example_workday_timetable.py for tasks to queue
[2026-07-18T21:04:49.563+0000] {logging_mixin.py:190} INFO - [2026-07-18T21:04:49.562+0000] {dagbag.py:588} INFO - Filling up the DagBag from /home/airflow/.local/lib/python3.12/site-packages/airflow/example_dags/example_workday_timetable.py
[2026-07-18T21:04:49.575+0000] {processor.py:925} INFO - DAG(s) 'example_workday_timetable' retrieved from /home/airflow/.local/lib/python3.12/site-packages/airflow/example_dags/example_workday_timetable.py
[2026-07-18T21:04:49.613+0000] {logging_mixin.py:190} INFO - [2026-07-18T21:04:49.613+0000] {dag.py:3239} INFO - Sync 1 DAGs
[2026-07-18T21:04:49.803+0000] {logging_mixin.py:190} INFO - [2026-07-18T21:04:49.802+0000] {dag.py:4180} INFO - Setting next_dagrun for example_workday_timetable to 2021-01-04 00:00:00+00:00, run_after=2021-01-05 00:00:00+00:00
[2026-07-18T21:04:49.864+0000] {processor.py:208} INFO - Processing /home/airflow/.local/lib/python3.12/site-packages/airflow/example_dags/example_workday_timetable.py took 0.326 seconds
[2026-07-18T21:05:20.084+0000] {processor.py:186} INFO - Started process (PID=1969) to work on /home/airflow/.local/lib/python3.12/site-packages/airflow/example_dags/example_workday_timetable.py
[2026-07-18T21:05:20.085+0000] {processor.py:914} INFO - Processing file /home/airflow/.local/lib/python3.12/site-packages/airflow/example_dags/example_workday_timetable.py for tasks to queue
[2026-07-18T21:05:20.089+0000] {logging_mixin.py:190} INFO - [2026-07-18T21:05:20.088+0000] {dagbag.py:588} INFO - Filling up the DagBag from /home/airflow/.local/lib/python3.12/site-packages/airflow/example_dags/example_workday_timetable.py
[2026-07-18T21:05:20.098+0000] {processor.py:925} INFO - DAG(s) 'example_workday_timetable' retrieved from /home/airflow/.local/lib/python3.12/site-packages/airflow/example_dags/example_workday_timetable.py
[2026-07-18T21:05:20.125+0000] {logging_mixin.py:190} INFO - [2026-07-18T21:05:20.125+0000] {dag.py:3239} INFO - Sync 1 DAGs
[2026-07-18T21:05:20.207+0000] {logging_mixin.py:190} INFO - [2026-07-18T21:05:20.207+0000] {dag.py:4180} INFO - Setting next_dagrun for example_workday_timetable to 2021-01-04 00:00:00+00:00, run_after=2021-01-05 00:00:00+00:00
[2026-07-18T21:05:20.230+0000] {processor.py:208} INFO - Processing /home/airflow/.local/lib/python3.12/site-packages/airflow/example_dags/example_workday_timetable.py took 0.151 seconds
[2026-07-18T21:05:52.719+0000] {processor.py:186} INFO - Started process (PID=2033) to work on /home/airflow/.local/lib/python3.12/site-packages/airflow/example_dags/example_workday_timetable.py
[2026-07-18T21:05:52.721+0000] {processor.py:914} INFO - Processing file /home/airflow/.local/lib/python3.12/site-packages/airflow/example_dags/example_workday_timetable.py for tasks to queue
[2026-07-18T21:05:52.728+0000] {logging_mixin.py:190} INFO - [2026-07-18T21:05:52.727+0000] {dagbag.py:588} INFO - Filling up the DagBag from /home/airflow/.local/lib/python3.12/site-packages/airflow/example_dags/example_workday_timetable.py
[2026-07-18T21:05:52.738+0000] {processor.py:925} INFO - DAG(s) 'example_workday_timetable' retrieved from /home/airflow/.local/lib/python3.12/site-packages/airflow/example_dags/example_workday_timetable.py
[2026-07-18T21:05:52.768+0000] {logging_mixin.py:190} INFO - [2026-07-18T21:05:52.767+0000] {dag.py:3239} INFO - Sync 1 DAGs
[2026-07-18T21:05:52.873+0000] {logging_mixin.py:190} INFO - [2026-07-18T21:05:52.873+0000] {dag.py:4180} INFO - Setting next_dagrun for example_workday_timetable to 2021-01-04 00:00:00+00:00, run_after=2021-01-05 00:00:00+00:00
[2026-07-18T21:05:52.899+0000] {processor.py:208} INFO - Processing /home/airflow/.local/lib/python3.12/site-packages/airflow/example_dags/example_workday_timetable.py took 0.188 seconds
[2026-07-18T21:06:23.550+0000] {processor.py:186} INFO - Started process (PID=2096) to work on /home/airflow/.local/lib/python3.12/site-packages/airflow/example_dags/example_workday_timetable.py
[2026-07-18T21:06:23.553+0000] {processor.py:914} INFO - Processing file /home/airflow/.local/lib/python3.12/site-packages/airflow/example_dags/example_workday_timetable.py for tasks to queue
[2026-07-18T21:06:23.558+0000] {logging_mixin.py:190} INFO - [2026-07-18T21:06:23.558+0000] {dagbag.py:588} INFO - Filling up the DagBag from /home/airflow/.local/lib/python3.12/site-packages/airflow/example_dags/example_workday_timetable.py
[2026-07-18T21:06:23.567+0000] {processor.py:925} INFO - DAG(s) 'example_workday_timetable' retrieved from /home/airflow/.local/lib/python3.12/site-packages/airflow/example_dags/example_workday_timetable.py
[2026-07-18T21:06:23.598+0000] {logging_mixin.py:190} INFO - [2026-07-18T21:06:23.598+0000] {dag.py:3239} INFO - Sync 1 DAGs
[2026-07-18T21:06:23.705+0000] {logging_mixin.py:190} INFO - [2026-07-18T21:06:23.705+0000] {dag.py:4180} INFO - Setting next_dagrun for example_workday_timetable to 2021-01-04 00:00:00+00:00, run_after=2021-01-05 00:00:00+00:00
[2026-07-18T21:06:23.743+0000] {processor.py:208} INFO - Processing /home/airflow/.local/lib/python3.12/site-packages/airflow/example_dags/example_workday_timetable.py took 0.202 seconds
[2026-07-18T21:06:56.809+0000] {processor.py:186} INFO - Started process (PID=2160) to work on /home/airflow/.local/lib/python3.12/site-packages/airflow/example_dags/example_workday_timetable.py
[2026-07-18T21:06:56.812+0000] {processor.py:914} INFO - Processing file /home/airflow/.local/lib/python3.12/site-packages/airflow/example_dags/example_workday_timetable.py for tasks to queue
[2026-07-18T21:06:56.816+0000] {logging_mixin.py:190} INFO - [2026-07-18T21:06:56.815+0000] {dagbag.py:588} INFO - Filling up the DagBag from /home/airflow/.local/lib/python3.12/site-packages/airflow/example_dags/example_workday_timetable.py
[2026-07-18T21:06:56.827+0000] {processor.py:925} INFO - DAG(s) 'example_workday_timetable' retrieved from /home/airflow/.local/lib/python3.12/site-packages/airflow/example_dags/example_workday_timetable.py
[2026-07-18T21:06:56.864+0000] {logging_mixin.py:190} INFO - [2026-07-18T21:06:56.863+0000] {dag.py:3239} INFO - Sync 1 DAGs
[2026-07-18T21:06:56.933+0000] {logging_mixin.py:190} INFO - [2026-07-18T21:06:56.932+0000] {dag.py:4180} INFO - Setting next_dagrun for example_workday_timetable to 2021-01-04 00:00:00+00:00, run_after=2021-01-05 00:00:00+00:00
[2026-07-18T21:06:56.961+0000] {processor.py:208} INFO - Processing /home/airflow/.local/lib/python3.12/site-packages/airflow/example_dags/example_workday_timetable.py took 0.161 seconds
[2026-07-18T21:07:27.906+0000] {processor.py:186} INFO - Started process (PID=2223) to work on /home/airflow/.local/lib/python3.12/site-packages/airflow/example_dags/example_workday_timetable.py
[2026-07-18T21:07:27.909+0000] {processor.py:914} INFO - Processing file /home/airflow/.local/lib/python3.12/site-packages/airflow/example_dags/example_workday_timetable.py for tasks to queue
[2026-07-18T21:07:27.913+0000] {logging_mixin.py:190} INFO - [2026-07-18T21:07:27.912+0000] {dagbag.py:588} INFO - Filling up the DagBag from /home/airflow/.local/lib/python3.12/site-packages/airflow/example_dags/example_workday_timetable.py
[2026-07-18T21:07:27.921+0000] {processor.py:925} INFO - DAG(s) 'example_workday_timetable' retrieved from /home/airflow/.local/lib/python3.12/site-packages/airflow/example_dags/example_workday_timetable.py
[2026-07-18T21:07:27.949+0000] {logging_mixin.py:190} INFO - [2026-07-18T21:07:27.949+0000] {dag.py:3239} INFO - Sync 1 DAGs
[2026-07-18T21:07:28.045+0000] {logging_mixin.py:190} INFO - [2026-07-18T21:07:28.044+0000] {dag.py:4180} INFO - Setting next_dagrun for example_workday_timetable to 2021-01-04 00:00:00+00:00, run_after=2021-01-05 00:00:00+00:00
[2026-07-18T21:07:28.116+0000] {processor.py:208} INFO - Processing /home/airflow/.local/lib/python3.12/site-packages/airflow/example_dags/example_workday_timetable.py took 0.217 seconds
[2026-07-18T21:07:58.753+0000] {processor.py:186} INFO - Started process (PID=2286) to work on /home/airflow/.local/lib/python3.12/site-packages/airflow/example_dags/example_workday_timetable.py
[2026-07-18T21:07:58.756+0000] {processor.py:914} INFO - Processing file /home/airflow/.local/lib/python3.12/site-packages/airflow/example_dags/example_workday_timetable.py for tasks to queue
[2026-07-18T21:07:58.761+0000] {logging_mixin.py:190} INFO - [2026-07-18T21:07:58.760+0000] {dagbag.py:588} INFO - Filling up the DagBag from /home/airflow/.local/lib/python3.12/site-packages/airflow/example_dags/example_workday_timetable.py
[2026-07-18T21:07:58.773+0000] {processor.py:925} INFO - DAG(s) 'example_workday_timetable' retrieved from /home/airflow/.local/lib/python3.12/site-packages/airflow/example_dags/example_workday_timetable.py
[2026-07-18T21:07:58.817+0000] {logging_mixin.py:190} INFO - [2026-07-18T21:07:58.817+0000] {dag.py:3239} INFO - Sync 1 DAGs
[2026-07-18T21:07:58.963+0000] {logging_mixin.py:190} INFO - [2026-07-18T21:07:58.961+0000] {dag.py:4180} INFO - Setting next_dagrun for example_workday_timetable to 2021-01-04 00:00:00+00:00, run_after=2021-01-05 00:00:00+00:00
[2026-07-18T21:07:59.060+0000] {processor.py:208} INFO - Processing /home/airflow/.local/lib/python3.12/site-packages/airflow/example_dags/example_workday_timetable.py took 0.318 seconds
[2026-07-18T21:16:23.250+0000] {processor.py:186} INFO - Started process (PID=2356) to work on /home/airflow/.local/lib/python3.12/site-packages/airflow/example_dags/example_workday_timetable.py
[2026-07-18T21:16:23.258+0000] {processor.py:914} INFO - Processing file /home/airflow/.local/lib/python3.12/site-packages/airflow/example_dags/example_workday_timetable.py for tasks to queue
[2026-07-18T21:16:23.277+0000] {logging_mixin.py:190} INFO - [2026-07-18T21:16:23.276+0000] {dagbag.py:588} INFO - Filling up the DagBag from /home/airflow/.local/lib/python3.12/site-packages/airflow/example_dags/example_workday_timetable.py
[2026-07-18T21:16:23.320+0000] {processor.py:925} INFO - DAG(s) 'example_workday_timetable' retrieved from /home/airflow/.local/lib/python3.12/site-packages/airflow/example_dags/example_workday_timetable.py
[2026-07-18T21:16:23.430+0000] {logging_mixin.py:190} INFO - [2026-07-18T21:16:23.430+0000] {dag.py:3239} INFO - Sync 1 DAGs
[2026-07-18T21:16:23.957+0000] {logging_mixin.py:190} INFO - [2026-07-18T21:16:23.957+0000] {dag.py:4180} INFO - Setting next_dagrun for example_workday_timetable to 2021-01-04 00:00:00+00:00, run_after=2021-01-05 00:00:00+00:00
[2026-07-18T21:16:24.172+0000] {processor.py:208} INFO - Processing /home/airflow/.local/lib/python3.12/site-packages/airflow/example_dags/example_workday_timetable.py took 0.958 seconds
[2026-07-18T21:16:54.350+0000] {processor.py:186} INFO - Started process (PID=2419) to work on /home/airflow/.local/lib/python3.12/site-packages/airflow/example_dags/example_workday_timetable.py
[2026-07-18T21:16:54.353+0000] {processor.py:914} INFO - Processing file /home/airflow/.local/lib/python3.12/site-packages/airflow/example_dags/example_workday_timetable.py for tasks to queue
[2026-07-18T21:16:54.359+0000] {logging_mixin.py:190} INFO - [2026-07-18T21:16:54.359+0000] {dagbag.py:588} INFO - Filling up the DagBag from /home/airflow/.local/lib/python3.12/site-packages/airflow/example_dags/example_workday_timetable.py
[2026-07-18T21:16:54.370+0000] {processor.py:925} INFO - DAG(s) 'example_workday_timetable' retrieved from /home/airflow/.local/lib/python3.12/site-packages/airflow/example_dags/example_workday_timetable.py
[2026-07-18T21:16:54.401+0000] {logging_mixin.py:190} INFO - [2026-07-18T21:16:54.400+0000] {dag.py:3239} INFO - Sync 1 DAGs
[2026-07-18T21:16:54.534+0000] {logging_mixin.py:190} INFO - [2026-07-18T21:16:54.533+0000] {dag.py:4180} INFO - Setting next_dagrun for example_workday_timetable to 2021-01-04 00:00:00+00:00, run_after=2021-01-05 00:00:00+00:00
[2026-07-18T21:16:54.593+0000] {processor.py:208} INFO - Processing /home/airflow/.local/lib/python3.12/site-packages/airflow/example_dags/example_workday_timetable.py took 0.255 seconds
[2026-07-18T21:17:25.343+0000] {processor.py:186} INFO - Started process (PID=2483) to work on /home/airflow/.local/lib/python3.12/site-packages/airflow/example_dags/example_workday_timetable.py
[2026-07-18T21:17:25.346+0000] {processor.py:914} INFO - Processing file /home/airflow/.local/lib/python3.12/site-packages/airflow/example_dags/example_workday_timetable.py for tasks to queue
[2026-07-18T21:17:25.354+0000] {logging_mixin.py:190} INFO - [2026-07-18T21:17:25.353+0000] {dagbag.py:588} INFO - Filling up the DagBag from /home/airflow/.local/lib/python3.12/site-packages/airflow/example_dags/example_workday_timetable.py
[2026-07-18T21:17:25.368+0000] {processor.py:925} INFO - DAG(s) 'example_workday_timetable' retrieved from /home/airflow/.local/lib/python3.12/site-packages/airflow/example_dags/example_workday_timetable.py
[2026-07-18T21:17:25.424+0000] {logging_mixin.py:190} INFO - [2026-07-18T21:17:25.423+0000] {dag.py:3239} INFO - Sync 1 DAGs
[2026-07-18T21:17:25.624+0000] {logging_mixin.py:190} INFO - [2026-07-18T21:17:25.622+0000] {dag.py:4180} INFO - Setting next_dagrun for example_workday_timetable to 2021-01-04 00:00:00+00:00, run_after=2021-01-05 00:00:00+00:00
[2026-07-18T21:17:25.668+0000] {processor.py:208} INFO - Processing /home/airflow/.local/lib/python3.12/site-packages/airflow/example_dags/example_workday_timetable.py took 0.342 seconds
[2026-07-18T21:17:55.914+0000] {processor.py:186} INFO - Started process (PID=2546) to work on /home/airflow/.local/lib/python3.12/site-packages/airflow/example_dags/example_workday_timetable.py
[2026-07-18T21:17:55.919+0000] {processor.py:914} INFO - Processing file /home/airflow/.local/lib/python3.12/site-packages/airflow/example_dags/example_workday_timetable.py for tasks to queue
[2026-07-18T21:17:55.925+0000] {logging_mixin.py:190} INFO - [2026-07-18T21:17:55.924+0000] {dagbag.py:588} INFO - Filling up the DagBag from /home/airflow/.local/lib/python3.12/site-packages/airflow/example_dags/example_workday_timetable.py
[2026-07-18T21:17:55.940+0000] {processor.py:925} INFO - DAG(s) 'example_workday_timetable' retrieved from /home/airflow/.local/lib/python3.12/site-packages/airflow/example_dags/example_workday_timetable.py
[2026-07-18T21:17:55.976+0000] {logging_mixin.py:190} INFO - [2026-07-18T21:17:55.975+0000] {dag.py:3239} INFO - Sync 1 DAGs
[2026-07-18T21:17:56.079+0000] {logging_mixin.py:190} INFO - [2026-07-18T21:17:56.079+0000] {dag.py:4180} INFO - Setting next_dagrun for example_workday_timetable to 2021-01-04 00:00:00+00:00, run_after=2021-01-05 00:00:00+00:00
[2026-07-18T21:17:56.106+0000] {processor.py:208} INFO - Processing /home/airflow/.local/lib/python3.12/site-packages/airflow/example_dags/example_workday_timetable.py took 0.212 seconds
[2026-07-18T21:18:26.696+0000] {processor.py:186} INFO - Started process (PID=2609) to work on /home/airflow/.local/lib/python3.12/site-packages/airflow/example_dags/example_workday_timetable.py
[2026-07-18T21:18:26.698+0000] {processor.py:914} INFO - Processing file /home/airflow/.local/lib/python3.12/site-packages/airflow/example_dags/example_workday_timetable.py for tasks to queue
[2026-07-18T21:18:26.703+0000] {logging_mixin.py:190} INFO - [2026-07-18T21:18:26.702+0000] {dagbag.py:588} INFO - Filling up the DagBag from /home/airflow/.local/lib/python3.12/site-packages/airflow/example_dags/example_workday_timetable.py
[2026-07-18T21:18:26.717+0000] {processor.py:925} INFO - DAG(s) 'example_workday_timetable' retrieved from /home/airflow/.local/lib/python3.12/site-packages/airflow/example_dags/example_workday_timetable.py
[2026-07-18T21:18:26.749+0000] {logging_mixin.py:190} INFO - [2026-07-18T21:18:26.749+0000] {dag.py:3239} INFO - Sync 1 DAGs
[2026-07-18T21:18:26.847+0000] {logging_mixin.py:190} INFO - [2026-07-18T21:18:26.846+0000] {dag.py:4180} INFO - Setting next_dagrun for example_workday_timetable to 2021-01-04 00:00:00+00:00, run_after=2021-01-05 00:00:00+00:00
[2026-07-18T21:18:26.877+0000] {processor.py:208} INFO - Processing /home/airflow/.local/lib/python3.12/site-packages/airflow/example_dags/example_workday_timetable.py took 0.187 seconds
[2026-07-18T21:18:57.315+0000] {processor.py:186} INFO - Started process (PID=2671) to work on /home/airflow/.local/lib/python3.12/site-packages/airflow/example_dags/example_workday_timetable.py
[2026-07-18T21:18:57.317+0000] {processor.py:914} INFO - Processing file /home/airflow/.local/lib/python3.12/site-packages/airflow/example_dags/example_workday_timetable.py for tasks to queue
[2026-07-18T21:18:57.323+0000] {logging_mixin.py:190} INFO - [2026-07-18T21:18:57.322+0000] {dagbag.py:588} INFO - Filling up the DagBag from /home/airflow/.local/lib/python3.12/site-packages/airflow/example_dags/example_workday_timetable.py
[2026-07-18T21:18:57.334+0000] {processor.py:925} INFO - DAG(s) 'example_workday_timetable' retrieved from /home/airflow/.local/lib/python3.12/site-packages/airflow/example_dags/example_workday_timetable.py
[2026-07-18T21:18:57.367+0000] {logging_mixin.py:190} INFO - [2026-07-18T21:18:57.367+0000] {dag.py:3239} INFO - Sync 1 DAGs
[2026-07-18T21:18:57.499+0000] {logging_mixin.py:190} INFO - [2026-07-18T21:18:57.499+0000] {dag.py:4180} INFO - Setting next_dagrun for example_workday_timetable to 2021-01-04 00:00:00+00:00, run_after=2021-01-05 00:00:00+00:00
[2026-07-18T21:18:57.529+0000] {processor.py:208} INFO - Processing /home/airflow/.local/lib/python3.12/site-packages/airflow/example_dags/example_workday_timetable.py took 0.226 seconds
[2026-07-18T21:19:28.197+0000] {processor.py:186} INFO - Started process (PID=2734) to work on /home/airflow/.local/lib/python3.12/site-packages/airflow/example_dags/example_workday_timetable.py
[2026-07-18T21:19:28.199+0000] {processor.py:914} INFO - Processing file /home/airflow/.local/lib/python3.12/site-packages/airflow/example_dags/example_workday_timetable.py for tasks to queue
[2026-07-18T21:19:28.203+0000] {logging_mixin.py:190} INFO - [2026-07-18T21:19:28.203+0000] {dagbag.py:588} INFO - Filling up the DagBag from /home/airflow/.local/lib/python3.12/site-packages/airflow/example_dags/example_workday_timetable.py
[2026-07-18T21:19:28.212+0000] {processor.py:925} INFO - DAG(s) 'example_workday_timetable' retrieved from /home/airflow/.local/lib/python3.12/site-packages/airflow/example_dags/example_workday_timetable.py
[2026-07-18T21:19:28.241+0000] {logging_mixin.py:190} INFO - [2026-07-18T21:19:28.241+0000] {dag.py:3239} INFO - Sync 1 DAGs
[2026-07-18T21:19:28.335+0000] {logging_mixin.py:190} INFO - [2026-07-18T21:19:28.334+0000] {dag.py:4180} INFO - Setting next_dagrun for example_workday_timetable to 2021-01-04 00:00:00+00:00, run_after=2021-01-05 00:00:00+00:00
[2026-07-18T21:19:28.366+0000] {processor.py:208} INFO - Processing /home/airflow/.local/lib/python3.12/site-packages/airflow/example_dags/example_workday_timetable.py took 0.177 seconds
[2026-07-18T21:19:58.754+0000] {processor.py:186} INFO - Started process (PID=2797) to work on /home/airflow/.local/lib/python3.12/site-packages/airflow/example_dags/example_workday_timetable.py
[2026-07-18T21:19:58.756+0000] {processor.py:914} INFO - Processing file /home/airflow/.local/lib/python3.12/site-packages/airflow/example_dags/example_workday_timetable.py for tasks to queue
[2026-07-18T21:19:58.760+0000] {logging_mixin.py:190} INFO - [2026-07-18T21:19:58.759+0000] {dagbag.py:588} INFO - Filling up the DagBag from /home/airflow/.local/lib/python3.12/site-packages/airflow/example_dags/example_workday_timetable.py
[2026-07-18T21:19:58.771+0000] {processor.py:925} INFO - DAG(s) 'example_workday_timetable' retrieved from /home/airflow/.local/lib/python3.12/site-packages/airflow/example_dags/example_workday_timetable.py
[2026-07-18T21:19:58.801+0000] {logging_mixin.py:190} INFO - [2026-07-18T21:19:58.801+0000] {dag.py:3239} INFO - Sync 1 DAGs
[2026-07-18T21:19:58.878+0000] {logging_mixin.py:190} INFO - [2026-07-18T21:19:58.878+0000] {dag.py:4180} INFO - Setting next_dagrun for example_workday_timetable to 2021-01-04 00:00:00+00:00, run_after=2021-01-05 00:00:00+00:00
[2026-07-18T21:19:58.907+0000] {processor.py:208} INFO - Processing /home/airflow/.local/lib/python3.12/site-packages/airflow/example_dags/example_workday_timetable.py took 0.162 seconds
[2026-07-18T21:20:29.229+0000] {processor.py:186} INFO - Started process (PID=2860) to work on /home/airflow/.local/lib/python3.12/site-packages/airflow/example_dags/example_workday_timetable.py
[2026-07-18T21:20:29.232+0000] {processor.py:914} INFO - Processing file /home/airflow/.local/lib/python3.12/site-packages/airflow/example_dags/example_workday_timetable.py for tasks to queue
[2026-07-18T21:20:29.239+0000] {logging_mixin.py:190} INFO - [2026-07-18T21:20:29.238+0000] {dagbag.py:588} INFO - Filling up the DagBag from /home/airflow/.local/lib/python3.12/site-packages/airflow/example_dags/example_workday_timetable.py
[2026-07-18T21:20:29.249+0000] {processor.py:925} INFO - DAG(s) 'example_workday_timetable' retrieved from /home/airflow/.local/lib/python3.12/site-packages/airflow/example_dags/example_workday_timetable.py
[2026-07-18T21:20:29.283+0000] {logging_mixin.py:190} INFO - [2026-07-18T21:20:29.283+0000] {dag.py:3239} INFO - Sync 1 DAGs
[2026-07-18T21:20:29.363+0000] {logging_mixin.py:190} INFO - [2026-07-18T21:20:29.363+0000] {dag.py:4180} INFO - Setting next_dagrun for example_workday_timetable to 2021-01-04 00:00:00+00:00, run_after=2021-01-05 00:00:00+00:00
[2026-07-18T21:20:29.421+0000] {processor.py:208} INFO - Processing /home/airflow/.local/lib/python3.12/site-packages/airflow/example_dags/example_workday_timetable.py took 0.200 seconds
[2026-07-18T21:20:59.794+0000] {processor.py:186} INFO - Started process (PID=2923) to work on /home/airflow/.local/lib/python3.12/site-packages/airflow/example_dags/example_workday_timetable.py
[2026-07-18T21:20:59.800+0000] {processor.py:914} INFO - Processing file /home/airflow/.local/lib/python3.12/site-packages/airflow/example_dags/example_workday_timetable.py for tasks to queue
[2026-07-18T21:20:59.810+0000] {logging_mixin.py:190} INFO - [2026-07-18T21:20:59.808+0000] {dagbag.py:588} INFO - Filling up the DagBag from /home/airflow/.local/lib/python3.12/site-packages/airflow/example_dags/example_workday_timetable.py
[2026-07-18T21:20:59.830+0000] {processor.py:925} INFO - DAG(s) 'example_workday_timetable' retrieved from /home/airflow/.local/lib/python3.12/site-packages/airflow/example_dags/example_workday_timetable.py
[2026-07-18T21:20:59.883+0000] {logging_mixin.py:190} INFO - [2026-07-18T21:20:59.882+0000] {dag.py:3239} INFO - Sync 1 DAGs
[2026-07-18T21:21:00.084+0000] {logging_mixin.py:190} INFO - [2026-07-18T21:21:00.083+0000] {dag.py:4180} INFO - Setting next_dagrun for example_workday_timetable to 2021-01-04 00:00:00+00:00, run_after=2021-01-05 00:00:00+00:00
[2026-07-18T21:21:00.147+0000] {processor.py:208} INFO - Processing /home/airflow/.local/lib/python3.12/site-packages/airflow/example_dags/example_workday_timetable.py took 0.384 seconds
[2026-07-18T21:21:30.359+0000] {processor.py:186} INFO - Started process (PID=2986) to work on /home/airflow/.local/lib/python3.12/site-packages/airflow/example_dags/example_workday_timetable.py
[2026-07-18T21:21:30.363+0000] {processor.py:914} INFO - Processing file /home/airflow/.local/lib/python3.12/site-packages/airflow/example_dags/example_workday_timetable.py for tasks to queue
[2026-07-18T21:21:30.371+0000] {logging_mixin.py:190} INFO - [2026-07-18T21:21:30.370+0000] {dagbag.py:588} INFO - Filling up the DagBag from /home/airflow/.local/lib/python3.12/site-packages/airflow/example_dags/example_workday_timetable.py
[2026-07-18T21:21:30.390+0000] {processor.py:925} INFO - DAG(s) 'example_workday_timetable' retrieved from /home/airflow/.local/lib/python3.12/site-packages/airflow/example_dags/example_workday_timetable.py
[2026-07-18T21:21:30.442+0000] {logging_mixin.py:190} INFO - [2026-07-18T21:21:30.442+0000] {dag.py:3239} INFO - Sync 1 DAGs
[2026-07-18T21:21:30.567+0000] {logging_mixin.py:190} INFO - [2026-07-18T21:21:30.567+0000] {dag.py:4180} INFO - Setting next_dagrun for example_workday_timetable to 2021-01-04 00:00:00+00:00, run_after=2021-01-05 00:00:00+00:00
[2026-07-18T21:21:30.608+0000] {processor.py:208} INFO - Processing /home/airflow/.local/lib/python3.12/site-packages/airflow/example_dags/example_workday_timetable.py took 0.267 seconds
[2026-07-18T21:22:00.919+0000] {processor.py:186} INFO - Started process (PID=3049) to work on /home/airflow/.local/lib/python3.12/site-packages/airflow/example_dags/example_workday_timetable.py
[2026-07-18T21:22:00.922+0000] {processor.py:914} INFO - Processing file /home/airflow/.local/lib/python3.12/site-packages/airflow/example_dags/example_workday_timetable.py for tasks to queue
[2026-07-18T21:22:00.927+0000] {logging_mixin.py:190} INFO - [2026-07-18T21:22:00.926+0000] {dagbag.py:588} INFO - Filling up the DagBag from /home/airflow/.local/lib/python3.12/site-packages/airflow/example_dags/example_workday_timetable.py
[2026-07-18T21:22:00.939+0000] {processor.py:925} INFO - DAG(s) 'example_workday_timetable' retrieved from /home/airflow/.local/lib/python3.12/site-packages/airflow/example_dags/example_workday_timetable.py
[2026-07-18T21:22:00.977+0000] {logging_mixin.py:190} INFO - [2026-07-18T21:22:00.977+0000] {dag.py:3239} INFO - Sync 1 DAGs
[2026-07-18T21:22:01.102+0000] {logging_mixin.py:190} INFO - [2026-07-18T21:22:01.102+0000] {dag.py:4180} INFO - Setting next_dagrun for example_workday_timetable to 2021-01-04 00:00:00+00:00, run_after=2021-01-05 00:00:00+00:00
[2026-07-18T21:22:01.139+0000] {processor.py:208} INFO - Processing /home/airflow/.local/lib/python3.12/site-packages/airflow/example_dags/example_workday_timetable.py took 0.231 seconds
[2026-07-18T21:22:31.419+0000] {processor.py:186} INFO - Started process (PID=3112) to work on /home/airflow/.local/lib/python3.12/site-packages/airflow/example_dags/example_workday_timetable.py
[2026-07-18T21:22:31.422+0000] {processor.py:914} INFO - Processing file /home/airflow/.local/lib/python3.12/site-packages/airflow/example_dags/example_workday_timetable.py for tasks to queue
[2026-07-18T21:22:31.427+0000] {logging_mixin.py:190} INFO - [2026-07-18T21:22:31.427+0000] {dagbag.py:588} INFO - Filling up the DagBag from /home/airflow/.local/lib/python3.12/site-packages/airflow/example_dags/example_workday_timetable.py
[2026-07-18T21:22:31.436+0000] {processor.py:925} INFO - DAG(s) 'example_workday_timetable' retrieved from /home/airflow/.local/lib/python3.12/site-packages/airflow/example_dags/example_workday_timetable.py
[2026-07-18T21:22:31.466+0000] {logging_mixin.py:190} INFO - [2026-07-18T21:22:31.465+0000] {dag.py:3239} INFO - Sync 1 DAGs
[2026-07-18T21:22:31.543+0000] {logging_mixin.py:190} INFO - [2026-07-18T21:22:31.543+0000] {dag.py:4180} INFO - Setting next_dagrun for example_workday_timetable to 2021-01-04 00:00:00+00:00, run_after=2021-01-05 00:00:00+00:00
[2026-07-18T21:22:31.573+0000] {processor.py:208} INFO - Processing /home/airflow/.local/lib/python3.12/site-packages/airflow/example_dags/example_workday_timetable.py took 0.162 seconds
[2026-07-18T21:26:04.724+0000] {processor.py:186} INFO - Started process (PID=164) to work on /home/airflow/.local/lib/python3.12/site-packages/airflow/example_dags/example_workday_timetable.py
[2026-07-18T21:26:04.726+0000] {processor.py:914} INFO - Processing file /home/airflow/.local/lib/python3.12/site-packages/airflow/example_dags/example_workday_timetable.py for tasks to queue
[2026-07-18T21:26:04.731+0000] {logging_mixin.py:190} INFO - [2026-07-18T21:26:04.730+0000] {dagbag.py:588} INFO - Filling up the DagBag from /home/airflow/.local/lib/python3.12/site-packages/airflow/example_dags/example_workday_timetable.py
[2026-07-18T21:26:04.742+0000] {processor.py:925} INFO - DAG(s) 'example_workday_timetable' retrieved from /home/airflow/.local/lib/python3.12/site-packages/airflow/example_dags/example_workday_timetable.py
[2026-07-18T21:26:04.778+0000] {logging_mixin.py:190} INFO - [2026-07-18T21:26:04.778+0000] {dag.py:3239} INFO - Sync 1 DAGs
[2026-07-18T21:26:04.883+0000] {logging_mixin.py:190} INFO - [2026-07-18T21:26:04.883+0000] {dag.py:4180} INFO - Setting next_dagrun for example_workday_timetable to 2021-01-04 00:00:00+00:00, run_after=2021-01-05 00:00:00+00:00
[2026-07-18T21:26:04.938+0000] {processor.py:208} INFO - Processing /home/airflow/.local/lib/python3.12/site-packages/airflow/example_dags/example_workday_timetable.py took 0.224 seconds
[2026-07-18T21:26:36.222+0000] {processor.py:186} INFO - Started process (PID=227) to work on /home/airflow/.local/lib/python3.12/site-packages/airflow/example_dags/example_workday_timetable.py
[2026-07-18T21:26:36.226+0000] {processor.py:914} INFO - Processing file /home/airflow/.local/lib/python3.12/site-packages/airflow/example_dags/example_workday_timetable.py for tasks to queue
[2026-07-18T21:26:36.233+0000] {logging_mixin.py:190} INFO - [2026-07-18T21:26:36.232+0000] {dagbag.py:588} INFO - Filling up the DagBag from /home/airflow/.local/lib/python3.12/site-packages/airflow/example_dags/example_workday_timetable.py
[2026-07-18T21:26:36.252+0000] {processor.py:925} INFO - DAG(s) 'example_workday_timetable' retrieved from /home/airflow/.local/lib/python3.12/site-packages/airflow/example_dags/example_workday_timetable.py
[2026-07-18T21:26:36.300+0000] {logging_mixin.py:190} INFO - [2026-07-18T21:26:36.299+0000] {dag.py:3239} INFO - Sync 1 DAGs
[2026-07-18T21:26:36.470+0000] {logging_mixin.py:190} INFO - [2026-07-18T21:26:36.469+0000] {dag.py:4180} INFO - Setting next_dagrun for example_workday_timetable to 2021-01-04 00:00:00+00:00, run_after=2021-01-05 00:00:00+00:00
[2026-07-18T21:26:36.514+0000] {processor.py:208} INFO - Processing /home/airflow/.local/lib/python3.12/site-packages/airflow/example_dags/example_workday_timetable.py took 0.309 seconds
[2026-07-18T21:27:08.451+0000] {processor.py:186} INFO - Started process (PID=290) to work on /home/airflow/.local/lib/python3.12/site-packages/airflow/example_dags/example_workday_timetable.py
[2026-07-18T21:27:08.453+0000] {processor.py:914} INFO - Processing file /home/airflow/.local/lib/python3.12/site-packages/airflow/example_dags/example_workday_timetable.py for tasks to queue
[2026-07-18T21:27:08.459+0000] {logging_mixin.py:190} INFO - [2026-07-18T21:27:08.458+0000] {dagbag.py:588} INFO - Filling up the DagBag from /home/airflow/.local/lib/python3.12/site-packages/airflow/example_dags/example_workday_timetable.py
[2026-07-18T21:27:08.470+0000] {processor.py:925} INFO - DAG(s) 'example_workday_timetable' retrieved from /home/airflow/.local/lib/python3.12/site-packages/airflow/example_dags/example_workday_timetable.py
[2026-07-18T21:27:08.504+0000] {logging_mixin.py:190} INFO - [2026-07-18T21:27:08.503+0000] {dag.py:3239} INFO - Sync 1 DAGs
[2026-07-18T21:27:08.597+0000] {logging_mixin.py:190} INFO - [2026-07-18T21:27:08.597+0000] {dag.py:4180} INFO - Setting next_dagrun for example_workday_timetable to 2021-01-04 00:00:00+00:00, run_after=2021-01-05 00:00:00+00:00
[2026-07-18T21:27:08.626+0000] {processor.py:208} INFO - Processing /home/airflow/.local/lib/python3.12/site-packages/airflow/example_dags/example_workday_timetable.py took 0.182 seconds
[2026-07-18T21:27:40.503+0000] {processor.py:186} INFO - Started process (PID=353) to work on /home/airflow/.local/lib/python3.12/site-packages/airflow/example_dags/example_workday_timetable.py
[2026-07-18T21:27:40.505+0000] {processor.py:914} INFO - Processing file /home/airflow/.local/lib/python3.12/site-packages/airflow/example_dags/example_workday_timetable.py for tasks to queue
[2026-07-18T21:27:40.511+0000] {logging_mixin.py:190} INFO - [2026-07-18T21:27:40.510+0000] {dagbag.py:588} INFO - Filling up the DagBag from /home/airflow/.local/lib/python3.12/site-packages/airflow/example_dags/example_workday_timetable.py
[2026-07-18T21:27:40.525+0000] {processor.py:925} INFO - DAG(s) 'example_workday_timetable' retrieved from /home/airflow/.local/lib/python3.12/site-packages/airflow/example_dags/example_workday_timetable.py
[2026-07-18T21:27:40.587+0000] {logging_mixin.py:190} INFO - [2026-07-18T21:27:40.586+0000] {dag.py:3239} INFO - Sync 1 DAGs
[2026-07-18T21:27:40.892+0000] {logging_mixin.py:190} INFO - [2026-07-18T21:27:40.884+0000] {dag.py:4180} INFO - Setting next_dagrun for example_workday_timetable to 2021-01-04 00:00:00+00:00, run_after=2021-01-05 00:00:00+00:00
[2026-07-18T21:27:40.986+0000] {processor.py:208} INFO - Processing /home/airflow/.local/lib/python3.12/site-packages/airflow/example_dags/example_workday_timetable.py took 0.494 seconds
[2026-07-18T21:28:11.903+0000] {processor.py:186} INFO - Started process (PID=416) to work on /home/airflow/.local/lib/python3.12/site-packages/airflow/example_dags/example_workday_timetable.py
[2026-07-18T21:28:11.906+0000] {processor.py:914} INFO - Processing file /home/airflow/.local/lib/python3.12/site-packages/airflow/example_dags/example_workday_timetable.py for tasks to queue
[2026-07-18T21:28:11.913+0000] {logging_mixin.py:190} INFO - [2026-07-18T21:28:11.912+0000] {dagbag.py:588} INFO - Filling up the DagBag from /home/airflow/.local/lib/python3.12/site-packages/airflow/example_dags/example_workday_timetable.py
[2026-07-18T21:28:11.927+0000] {processor.py:925} INFO - DAG(s) 'example_workday_timetable' retrieved from /home/airflow/.local/lib/python3.12/site-packages/airflow/example_dags/example_workday_timetable.py
[2026-07-18T21:28:11.963+0000] {logging_mixin.py:190} INFO - [2026-07-18T21:28:11.963+0000] {dag.py:3239} INFO - Sync 1 DAGs
[2026-07-18T21:28:12.080+0000] {logging_mixin.py:190} INFO - [2026-07-18T21:28:12.080+0000] {dag.py:4180} INFO - Setting next_dagrun for example_workday_timetable to 2021-01-04 00:00:00+00:00, run_after=2021-01-05 00:00:00+00:00
[2026-07-18T21:28:12.115+0000] {processor.py:208} INFO - Processing /home/airflow/.local/lib/python3.12/site-packages/airflow/example_dags/example_workday_timetable.py took 0.229 seconds
[2026-07-18T21:28:44.700+0000] {processor.py:186} INFO - Started process (PID=479) to work on /home/airflow/.local/lib/python3.12/site-packages/airflow/example_dags/example_workday_timetable.py
[2026-07-18T21:28:44.703+0000] {processor.py:914} INFO - Processing file /home/airflow/.local/lib/python3.12/site-packages/airflow/example_dags/example_workday_timetable.py for tasks to queue
[2026-07-18T21:28:44.710+0000] {logging_mixin.py:190} INFO - [2026-07-18T21:28:44.709+0000] {dagbag.py:588} INFO - Filling up the DagBag from /home/airflow/.local/lib/python3.12/site-packages/airflow/example_dags/example_workday_timetable.py
[2026-07-18T21:28:44.724+0000] {processor.py:925} INFO - DAG(s) 'example_workday_timetable' retrieved from /home/airflow/.local/lib/python3.12/site-packages/airflow/example_dags/example_workday_timetable.py
[2026-07-18T21:28:44.760+0000] {logging_mixin.py:190} INFO - [2026-07-18T21:28:44.760+0000] {dag.py:3239} INFO - Sync 1 DAGs
[2026-07-18T21:28:44.854+0000] {logging_mixin.py:190} INFO - [2026-07-18T21:28:44.854+0000] {dag.py:4180} INFO - Setting next_dagrun for example_workday_timetable to 2021-01-04 00:00:00+00:00, run_after=2021-01-05 00:00:00+00:00
[2026-07-18T21:28:44.887+0000] {processor.py:208} INFO - Processing /home/airflow/.local/lib/python3.12/site-packages/airflow/example_dags/example_workday_timetable.py took 0.206 seconds
[2026-07-18T21:29:15.323+0000] {processor.py:186} INFO - Started process (PID=542) to work on /home/airflow/.local/lib/python3.12/site-packages/airflow/example_dags/example_workday_timetable.py
[2026-07-18T21:29:15.327+0000] {processor.py:914} INFO - Processing file /home/airflow/.local/lib/python3.12/site-packages/airflow/example_dags/example_workday_timetable.py for tasks to queue
[2026-07-18T21:29:15.341+0000] {logging_mixin.py:190} INFO - [2026-07-18T21:29:15.339+0000] {dagbag.py:588} INFO - Filling up the DagBag from /home/airflow/.local/lib/python3.12/site-packages/airflow/example_dags/example_workday_timetable.py
[2026-07-18T21:29:15.370+0000] {processor.py:925} INFO - DAG(s) 'example_workday_timetable' retrieved from /home/airflow/.local/lib/python3.12/site-packages/airflow/example_dags/example_workday_timetable.py
[2026-07-18T21:29:15.423+0000] {logging_mixin.py:190} INFO - [2026-07-18T21:29:15.423+0000] {dag.py:3239} INFO - Sync 1 DAGs
[2026-07-18T21:29:15.510+0000] {logging_mixin.py:190} INFO - [2026-07-18T21:29:15.509+0000] {dag.py:4180} INFO - Setting next_dagrun for example_workday_timetable to 2021-01-04 00:00:00+00:00, run_after=2021-01-05 00:00:00+00:00
[2026-07-18T21:29:15.542+0000] {processor.py:208} INFO - Processing /home/airflow/.local/lib/python3.12/site-packages/airflow/example_dags/example_workday_timetable.py took 0.237 seconds
[2026-07-18T21:29:47.297+0000] {processor.py:186} INFO - Started process (PID=606) to work on /home/airflow/.local/lib/python3.12/site-packages/airflow/example_dags/example_workday_timetable.py
[2026-07-18T21:29:47.301+0000] {processor.py:914} INFO - Processing file /home/airflow/.local/lib/python3.12/site-packages/airflow/example_dags/example_workday_timetable.py for tasks to queue
[2026-07-18T21:29:47.309+0000] {logging_mixin.py:190} INFO - [2026-07-18T21:29:47.308+0000] {dagbag.py:588} INFO - Filling up the DagBag from /home/airflow/.local/lib/python3.12/site-packages/airflow/example_dags/example_workday_timetable.py
[2026-07-18T21:29:47.327+0000] {processor.py:925} INFO - DAG(s) 'example_workday_timetable' retrieved from /home/airflow/.local/lib/python3.12/site-packages/airflow/example_dags/example_workday_timetable.py
[2026-07-18T21:29:47.397+0000] {logging_mixin.py:190} INFO - [2026-07-18T21:29:47.396+0000] {dag.py:3239} INFO - Sync 1 DAGs
[2026-07-18T21:29:47.513+0000] {logging_mixin.py:190} INFO - [2026-07-18T21:29:47.513+0000] {dag.py:4180} INFO - Setting next_dagrun for example_workday_timetable to 2021-01-04 00:00:00+00:00, run_after=2021-01-05 00:00:00+00:00
[2026-07-18T21:29:47.615+0000] {processor.py:208} INFO - Processing /home/airflow/.local/lib/python3.12/site-packages/airflow/example_dags/example_workday_timetable.py took 0.334 seconds
[2026-07-18T21:30:18.967+0000] {processor.py:186} INFO - Started process (PID=669) to work on /home/airflow/.local/lib/python3.12/site-packages/airflow/example_dags/example_workday_timetable.py
[2026-07-18T21:30:18.971+0000] {processor.py:914} INFO - Processing file /home/airflow/.local/lib/python3.12/site-packages/airflow/example_dags/example_workday_timetable.py for tasks to queue
[2026-07-18T21:30:18.982+0000] {logging_mixin.py:190} INFO - [2026-07-18T21:30:18.980+0000] {dagbag.py:588} INFO - Filling up the DagBag from /home/airflow/.local/lib/python3.12/site-packages/airflow/example_dags/example_workday_timetable.py
[2026-07-18T21:30:19.011+0000] {processor.py:925} INFO - DAG(s) 'example_workday_timetable' retrieved from /home/airflow/.local/lib/python3.12/site-packages/airflow/example_dags/example_workday_timetable.py
[2026-07-18T21:30:19.082+0000] {logging_mixin.py:190} INFO - [2026-07-18T21:30:19.081+0000] {dag.py:3239} INFO - Sync 1 DAGs
[2026-07-18T21:30:19.174+0000] {logging_mixin.py:190} INFO - [2026-07-18T21:30:19.173+0000] {dag.py:4180} INFO - Setting next_dagrun for example_workday_timetable to 2021-01-04 00:00:00+00:00, run_after=2021-01-05 00:00:00+00:00
[2026-07-18T21:30:19.225+0000] {processor.py:208} INFO - Processing /home/airflow/.local/lib/python3.12/site-packages/airflow/example_dags/example_workday_timetable.py took 0.283 seconds
[2026-07-18T21:30:51.027+0000] {processor.py:186} INFO - Started process (PID=732) to work on /home/airflow/.local/lib/python3.12/site-packages/airflow/example_dags/example_workday_timetable.py
[2026-07-18T21:30:51.030+0000] {processor.py:914} INFO - Processing file /home/airflow/.local/lib/python3.12/site-packages/airflow/example_dags/example_workday_timetable.py for tasks to queue
[2026-07-18T21:30:51.035+0000] {logging_mixin.py:190} INFO - [2026-07-18T21:30:51.034+0000] {dagbag.py:588} INFO - Filling up the DagBag from /home/airflow/.local/lib/python3.12/site-packages/airflow/example_dags/example_workday_timetable.py
[2026-07-18T21:30:51.048+0000] {processor.py:925} INFO - DAG(s) 'example_workday_timetable' retrieved from /home/airflow/.local/lib/python3.12/site-packages/airflow/example_dags/example_workday_timetable.py
[2026-07-18T21:30:51.083+0000] {logging_mixin.py:190} INFO - [2026-07-18T21:30:51.083+0000] {dag.py:3239} INFO - Sync 1 DAGs
[2026-07-18T21:30:51.174+0000] {logging_mixin.py:190} INFO - [2026-07-18T21:30:51.174+0000] {dag.py:4180} INFO - Setting next_dagrun for example_workday_timetable to 2021-01-04 00:00:00+00:00, run_after=2021-01-05 00:00:00+00:00
[2026-07-18T21:30:51.239+0000] {processor.py:208} INFO - Processing /home/airflow/.local/lib/python3.12/site-packages/airflow/example_dags/example_workday_timetable.py took 0.220 seconds
[2026-07-18T21:31:21.687+0000] {processor.py:186} INFO - Started process (PID=796) to work on /home/airflow/.local/lib/python3.12/site-packages/airflow/example_dags/example_workday_timetable.py
[2026-07-18T21:31:21.689+0000] {processor.py:914} INFO - Processing file /home/airflow/.local/lib/python3.12/site-packages/airflow/example_dags/example_workday_timetable.py for tasks to queue
[2026-07-18T21:31:21.693+0000] {logging_mixin.py:190} INFO - [2026-07-18T21:31:21.693+0000] {dagbag.py:588} INFO - Filling up the DagBag from /home/airflow/.local/lib/python3.12/site-packages/airflow/example_dags/example_workday_timetable.py
[2026-07-18T21:31:21.706+0000] {processor.py:925} INFO - DAG(s) 'example_workday_timetable' retrieved from /home/airflow/.local/lib/python3.12/site-packages/airflow/example_dags/example_workday_timetable.py
[2026-07-18T21:31:21.736+0000] {logging_mixin.py:190} INFO - [2026-07-18T21:31:21.735+0000] {dag.py:3239} INFO - Sync 1 DAGs
[2026-07-18T21:31:21.824+0000] {logging_mixin.py:190} INFO - [2026-07-18T21:31:21.824+0000] {dag.py:4180} INFO - Setting next_dagrun for example_workday_timetable to 2021-01-04 00:00:00+00:00, run_after=2021-01-05 00:00:00+00:00
[2026-07-18T21:31:21.854+0000] {processor.py:208} INFO - Processing /home/airflow/.local/lib/python3.12/site-packages/airflow/example_dags/example_workday_timetable.py took 0.178 seconds
[2026-07-18T21:31:55.997+0000] {processor.py:186} INFO - Started process (PID=866) to work on /home/airflow/.local/lib/python3.12/site-packages/airflow/example_dags/example_workday_timetable.py
[2026-07-18T21:31:56.009+0000] {processor.py:914} INFO - Processing file /home/airflow/.local/lib/python3.12/site-packages/airflow/example_dags/example_workday_timetable.py for tasks to queue
[2026-07-18T21:31:56.026+0000] {logging_mixin.py:190} INFO - [2026-07-18T21:31:56.025+0000] {dagbag.py:588} INFO - Filling up the DagBag from /home/airflow/.local/lib/python3.12/site-packages/airflow/example_dags/example_workday_timetable.py
[2026-07-18T21:31:56.064+0000] {processor.py:925} INFO - DAG(s) 'example_workday_timetable' retrieved from /home/airflow/.local/lib/python3.12/site-packages/airflow/example_dags/example_workday_timetable.py
[2026-07-18T21:31:56.132+0000] {logging_mixin.py:190} INFO - [2026-07-18T21:31:56.131+0000] {dag.py:3239} INFO - Sync 1 DAGs
[2026-07-18T21:31:56.318+0000] {logging_mixin.py:190} INFO - [2026-07-18T21:31:56.318+0000] {dag.py:4180} INFO - Setting next_dagrun for example_workday_timetable to 2021-01-04 00:00:00+00:00, run_after=2021-01-05 00:00:00+00:00
[2026-07-18T21:31:56.359+0000] {processor.py:208} INFO - Processing /home/airflow/.local/lib/python3.12/site-packages/airflow/example_dags/example_workday_timetable.py took 0.399 seconds
[2026-07-18T21:32:26.983+0000] {processor.py:186} INFO - Started process (PID=930) to work on /home/airflow/.local/lib/python3.12/site-packages/airflow/example_dags/example_workday_timetable.py
[2026-07-18T21:32:26.985+0000] {processor.py:914} INFO - Processing file /home/airflow/.local/lib/python3.12/site-packages/airflow/example_dags/example_workday_timetable.py for tasks to queue
[2026-07-18T21:32:26.990+0000] {logging_mixin.py:190} INFO - [2026-07-18T21:32:26.990+0000] {dagbag.py:588} INFO - Filling up the DagBag from /home/airflow/.local/lib/python3.12/site-packages/airflow/example_dags/example_workday_timetable.py
[2026-07-18T21:32:27.004+0000] {processor.py:925} INFO - DAG(s) 'example_workday_timetable' retrieved from /home/airflow/.local/lib/python3.12/site-packages/airflow/example_dags/example_workday_timetable.py
[2026-07-18T21:32:27.038+0000] {logging_mixin.py:190} INFO - [2026-07-18T21:32:27.038+0000] {dag.py:3239} INFO - Sync 1 DAGs
[2026-07-18T21:32:27.163+0000] {logging_mixin.py:190} INFO - [2026-07-18T21:32:27.163+0000] {dag.py:4180} INFO - Setting next_dagrun for example_workday_timetable to 2021-01-04 00:00:00+00:00, run_after=2021-01-05 00:00:00+00:00
[2026-07-18T21:32:27.191+0000] {processor.py:208} INFO - Processing /home/airflow/.local/lib/python3.12/site-packages/airflow/example_dags/example_workday_timetable.py took 0.218 seconds
[2026-07-18T21:32:57.574+0000] {processor.py:186} INFO - Started process (PID=994) to work on /home/airflow/.local/lib/python3.12/site-packages/airflow/example_dags/example_workday_timetable.py
[2026-07-18T21:32:57.577+0000] {processor.py:914} INFO - Processing file /home/airflow/.local/lib/python3.12/site-packages/airflow/example_dags/example_workday_timetable.py for tasks to queue
[2026-07-18T21:32:57.582+0000] {logging_mixin.py:190} INFO - [2026-07-18T21:32:57.581+0000] {dagbag.py:588} INFO - Filling up the DagBag from /home/airflow/.local/lib/python3.12/site-packages/airflow/example_dags/example_workday_timetable.py
[2026-07-18T21:32:57.608+0000] {processor.py:925} INFO - DAG(s) 'example_workday_timetable' retrieved from /home/airflow/.local/lib/python3.12/site-packages/airflow/example_dags/example_workday_timetable.py
[2026-07-18T21:32:57.651+0000] {logging_mixin.py:190} INFO - [2026-07-18T21:32:57.651+0000] {dag.py:3239} INFO - Sync 1 DAGs
[2026-07-18T21:32:57.896+0000] {logging_mixin.py:190} INFO - [2026-07-18T21:32:57.895+0000] {dag.py:4180} INFO - Setting next_dagrun for example_workday_timetable to 2021-01-04 00:00:00+00:00, run_after=2021-01-05 00:00:00+00:00
[2026-07-18T21:32:57.929+0000] {processor.py:208} INFO - Processing /home/airflow/.local/lib/python3.12/site-packages/airflow/example_dags/example_workday_timetable.py took 0.369 seconds
[2026-07-18T21:33:28.639+0000] {processor.py:186} INFO - Started process (PID=1060) to work on /home/airflow/.local/lib/python3.12/site-packages/airflow/example_dags/example_workday_timetable.py
[2026-07-18T21:33:28.641+0000] {processor.py:914} INFO - Processing file /home/airflow/.local/lib/python3.12/site-packages/airflow/example_dags/example_workday_timetable.py for tasks to queue
[2026-07-18T21:33:28.645+0000] {logging_mixin.py:190} INFO - [2026-07-18T21:33:28.645+0000] {dagbag.py:588} INFO - Filling up the DagBag from /home/airflow/.local/lib/python3.12/site-packages/airflow/example_dags/example_workday_timetable.py
[2026-07-18T21:33:28.659+0000] {processor.py:925} INFO - DAG(s) 'example_workday_timetable' retrieved from /home/airflow/.local/lib/python3.12/site-packages/airflow/example_dags/example_workday_timetable.py
[2026-07-18T21:33:28.689+0000] {logging_mixin.py:190} INFO - [2026-07-18T21:33:28.688+0000] {dag.py:3239} INFO - Sync 1 DAGs
[2026-07-18T21:33:28.774+0000] {logging_mixin.py:190} INFO - [2026-07-18T21:33:28.774+0000] {dag.py:4180} INFO - Setting next_dagrun for example_workday_timetable to 2021-01-04 00:00:00+00:00, run_after=2021-01-05 00:00:00+00:00
[2026-07-18T21:33:28.842+0000] {processor.py:208} INFO - Processing /home/airflow/.local/lib/python3.12/site-packages/airflow/example_dags/example_workday_timetable.py took 0.213 seconds
[2026-07-18T21:33:59.541+0000] {processor.py:186} INFO - Started process (PID=1123) to work on /home/airflow/.local/lib/python3.12/site-packages/airflow/example_dags/example_workday_timetable.py
[2026-07-18T21:33:59.543+0000] {processor.py:914} INFO - Processing file /home/airflow/.local/lib/python3.12/site-packages/airflow/example_dags/example_workday_timetable.py for tasks to queue
[2026-07-18T21:33:59.550+0000] {logging_mixin.py:190} INFO - [2026-07-18T21:33:59.549+0000] {dagbag.py:588} INFO - Filling up the DagBag from /home/airflow/.local/lib/python3.12/site-packages/airflow/example_dags/example_workday_timetable.py
[2026-07-18T21:33:59.561+0000] {processor.py:925} INFO - DAG(s) 'example_workday_timetable' retrieved from /home/airflow/.local/lib/python3.12/site-packages/airflow/example_dags/example_workday_timetable.py
[2026-07-18T21:33:59.593+0000] {logging_mixin.py:190} INFO - [2026-07-18T21:33:59.593+0000] {dag.py:3239} INFO - Sync 1 DAGs
[2026-07-18T21:33:59.684+0000] {logging_mixin.py:190} INFO - [2026-07-18T21:33:59.684+0000] {dag.py:4180} INFO - Setting next_dagrun for example_workday_timetable to 2021-01-04 00:00:00+00:00, run_after=2021-01-05 00:00:00+00:00
[2026-07-18T21:33:59.775+0000] {processor.py:208} INFO - Processing /home/airflow/.local/lib/python3.12/site-packages/airflow/example_dags/example_workday_timetable.py took 0.246 seconds
[2026-07-18T21:34:31.465+0000] {processor.py:186} INFO - Started process (PID=1187) to work on /home/airflow/.local/lib/python3.12/site-packages/airflow/example_dags/example_workday_timetable.py
[2026-07-18T21:34:31.468+0000] {processor.py:914} INFO - Processing file /home/airflow/.local/lib/python3.12/site-packages/airflow/example_dags/example_workday_timetable.py for tasks to queue
[2026-07-18T21:34:31.475+0000] {logging_mixin.py:190} INFO - [2026-07-18T21:34:31.474+0000] {dagbag.py:588} INFO - Filling up the DagBag from /home/airflow/.local/lib/python3.12/site-packages/airflow/example_dags/example_workday_timetable.py
[2026-07-18T21:34:31.490+0000] {processor.py:925} INFO - DAG(s) 'example_workday_timetable' retrieved from /home/airflow/.local/lib/python3.12/site-packages/airflow/example_dags/example_workday_timetable.py
[2026-07-18T21:34:31.530+0000] {logging_mixin.py:190} INFO - [2026-07-18T21:34:31.530+0000] {dag.py:3239} INFO - Sync 1 DAGs
[2026-07-18T21:34:31.628+0000] {logging_mixin.py:190} INFO - [2026-07-18T21:34:31.628+0000] {dag.py:4180} INFO - Setting next_dagrun for example_workday_timetable to 2021-01-04 00:00:00+00:00, run_after=2021-01-05 00:00:00+00:00
[2026-07-18T21:34:31.671+0000] {processor.py:208} INFO - Processing /home/airflow/.local/lib/python3.12/site-packages/airflow/example_dags/example_workday_timetable.py took 0.217 seconds
[2026-07-18T21:35:03.219+0000] {processor.py:186} INFO - Started process (PID=1252) to work on /home/airflow/.local/lib/python3.12/site-packages/airflow/example_dags/example_workday_timetable.py
[2026-07-18T21:35:03.221+0000] {processor.py:914} INFO - Processing file /home/airflow/.local/lib/python3.12/site-packages/airflow/example_dags/example_workday_timetable.py for tasks to queue
[2026-07-18T21:35:03.226+0000] {logging_mixin.py:190} INFO - [2026-07-18T21:35:03.226+0000] {dagbag.py:588} INFO - Filling up the DagBag from /home/airflow/.local/lib/python3.12/site-packages/airflow/example_dags/example_workday_timetable.py
[2026-07-18T21:35:03.236+0000] {processor.py:925} INFO - DAG(s) 'example_workday_timetable' retrieved from /home/airflow/.local/lib/python3.12/site-packages/airflow/example_dags/example_workday_timetable.py
[2026-07-18T21:35:03.277+0000] {logging_mixin.py:190} INFO - [2026-07-18T21:35:03.277+0000] {dag.py:3239} INFO - Sync 1 DAGs
[2026-07-18T21:35:03.376+0000] {logging_mixin.py:190} INFO - [2026-07-18T21:35:03.376+0000] {dag.py:4180} INFO - Setting next_dagrun for example_workday_timetable to 2021-01-04 00:00:00+00:00, run_after=2021-01-05 00:00:00+00:00
[2026-07-18T21:35:03.402+0000] {processor.py:208} INFO - Processing /home/airflow/.local/lib/python3.12/site-packages/airflow/example_dags/example_workday_timetable.py took 0.195 seconds
[2026-07-18T21:35:35.382+0000] {processor.py:186} INFO - Started process (PID=1316) to work on /home/airflow/.local/lib/python3.12/site-packages/airflow/example_dags/example_workday_timetable.py
[2026-07-18T21:35:35.385+0000] {processor.py:914} INFO - Processing file /home/airflow/.local/lib/python3.12/site-packages/airflow/example_dags/example_workday_timetable.py for tasks to queue
[2026-07-18T21:35:35.392+0000] {logging_mixin.py:190} INFO - [2026-07-18T21:35:35.392+0000] {dagbag.py:588} INFO - Filling up the DagBag from /home/airflow/.local/lib/python3.12/site-packages/airflow/example_dags/example_workday_timetable.py
[2026-07-18T21:35:35.413+0000] {processor.py:925} INFO - DAG(s) 'example_workday_timetable' retrieved from /home/airflow/.local/lib/python3.12/site-packages/airflow/example_dags/example_workday_timetable.py
[2026-07-18T21:35:35.462+0000] {logging_mixin.py:190} INFO - [2026-07-18T21:35:35.462+0000] {dag.py:3239} INFO - Sync 1 DAGs
[2026-07-18T21:35:35.622+0000] {logging_mixin.py:190} INFO - [2026-07-18T21:35:35.622+0000] {dag.py:4180} INFO - Setting next_dagrun for example_workday_timetable to 2021-01-04 00:00:00+00:00, run_after=2021-01-05 00:00:00+00:00
[2026-07-18T21:35:35.655+0000] {processor.py:208} INFO - Processing /home/airflow/.local/lib/python3.12/site-packages/airflow/example_dags/example_workday_timetable.py took 0.287 seconds
[2026-07-18T21:36:05.829+0000] {processor.py:186} INFO - Started process (PID=1380) to work on /home/airflow/.local/lib/python3.12/site-packages/airflow/example_dags/example_workday_timetable.py
[2026-07-18T21:36:05.831+0000] {processor.py:914} INFO - Processing file /home/airflow/.local/lib/python3.12/site-packages/airflow/example_dags/example_workday_timetable.py for tasks to queue
[2026-07-18T21:36:05.835+0000] {logging_mixin.py:190} INFO - [2026-07-18T21:36:05.835+0000] {dagbag.py:588} INFO - Filling up the DagBag from /home/airflow/.local/lib/python3.12/site-packages/airflow/example_dags/example_workday_timetable.py
[2026-07-18T21:36:05.848+0000] {processor.py:925} INFO - DAG(s) 'example_workday_timetable' retrieved from /home/airflow/.local/lib/python3.12/site-packages/airflow/example_dags/example_workday_timetable.py
[2026-07-18T21:36:05.881+0000] {logging_mixin.py:190} INFO - [2026-07-18T21:36:05.881+0000] {dag.py:3239} INFO - Sync 1 DAGs
[2026-07-18T21:36:05.993+0000] {logging_mixin.py:190} INFO - [2026-07-18T21:36:05.993+0000] {dag.py:4180} INFO - Setting next_dagrun for example_workday_timetable to 2021-01-04 00:00:00+00:00, run_after=2021-01-05 00:00:00+00:00
[2026-07-18T21:36:06.024+0000] {processor.py:208} INFO - Processing /home/airflow/.local/lib/python3.12/site-packages/airflow/example_dags/example_workday_timetable.py took 0.202 seconds
[2026-07-18T21:36:37.766+0000] {processor.py:186} INFO - Started process (PID=1446) to work on /home/airflow/.local/lib/python3.12/site-packages/airflow/example_dags/example_workday_timetable.py
[2026-07-18T21:36:37.768+0000] {processor.py:914} INFO - Processing file /home/airflow/.local/lib/python3.12/site-packages/airflow/example_dags/example_workday_timetable.py for tasks to queue
[2026-07-18T21:36:37.773+0000] {logging_mixin.py:190} INFO - [2026-07-18T21:36:37.773+0000] {dagbag.py:588} INFO - Filling up the DagBag from /home/airflow/.local/lib/python3.12/site-packages/airflow/example_dags/example_workday_timetable.py
[2026-07-18T21:36:37.784+0000] {processor.py:925} INFO - DAG(s) 'example_workday_timetable' retrieved from /home/airflow/.local/lib/python3.12/site-packages/airflow/example_dags/example_workday_timetable.py
[2026-07-18T21:36:37.818+0000] {logging_mixin.py:190} INFO - [2026-07-18T21:36:37.817+0000] {dag.py:3239} INFO - Sync 1 DAGs
[2026-07-18T21:36:37.921+0000] {logging_mixin.py:190} INFO - [2026-07-18T21:36:37.921+0000] {dag.py:4180} INFO - Setting next_dagrun for example_workday_timetable to 2021-01-04 00:00:00+00:00, run_after=2021-01-05 00:00:00+00:00
[2026-07-18T21:36:37.957+0000] {processor.py:208} INFO - Processing /home/airflow/.local/lib/python3.12/site-packages/airflow/example_dags/example_workday_timetable.py took 0.199 seconds
[2026-07-18T21:37:09.518+0000] {processor.py:186} INFO - Started process (PID=1510) to work on /home/airflow/.local/lib/python3.12/site-packages/airflow/example_dags/example_workday_timetable.py
[2026-07-18T21:37:09.520+0000] {processor.py:914} INFO - Processing file /home/airflow/.local/lib/python3.12/site-packages/airflow/example_dags/example_workday_timetable.py for tasks to queue
[2026-07-18T21:37:09.525+0000] {logging_mixin.py:190} INFO - [2026-07-18T21:37:09.525+0000] {dagbag.py:588} INFO - Filling up the DagBag from /home/airflow/.local/lib/python3.12/site-packages/airflow/example_dags/example_workday_timetable.py
[2026-07-18T21:37:09.535+0000] {processor.py:925} INFO - DAG(s) 'example_workday_timetable' retrieved from /home/airflow/.local/lib/python3.12/site-packages/airflow/example_dags/example_workday_timetable.py
[2026-07-18T21:37:09.565+0000] {logging_mixin.py:190} INFO - [2026-07-18T21:37:09.565+0000] {dag.py:3239} INFO - Sync 1 DAGs
[2026-07-18T21:37:09.639+0000] {logging_mixin.py:190} INFO - [2026-07-18T21:37:09.638+0000] {dag.py:4180} INFO - Setting next_dagrun for example_workday_timetable to 2021-01-04 00:00:00+00:00, run_after=2021-01-05 00:00:00+00:00
[2026-07-18T21:37:09.728+0000] {processor.py:208} INFO - Processing /home/airflow/.local/lib/python3.12/site-packages/airflow/example_dags/example_workday_timetable.py took 0.217 seconds
[2026-07-18T21:37:40.195+0000] {processor.py:186} INFO - Started process (PID=1574) to work on /home/airflow/.local/lib/python3.12/site-packages/airflow/example_dags/example_workday_timetable.py
[2026-07-18T21:37:40.198+0000] {processor.py:914} INFO - Processing file /home/airflow/.local/lib/python3.12/site-packages/airflow/example_dags/example_workday_timetable.py for tasks to queue
[2026-07-18T21:37:40.204+0000] {logging_mixin.py:190} INFO - [2026-07-18T21:37:40.203+0000] {dagbag.py:588} INFO - Filling up the DagBag from /home/airflow/.local/lib/python3.12/site-packages/airflow/example_dags/example_workday_timetable.py
[2026-07-18T21:37:40.215+0000] {processor.py:925} INFO - DAG(s) 'example_workday_timetable' retrieved from /home/airflow/.local/lib/python3.12/site-packages/airflow/example_dags/example_workday_timetable.py
[2026-07-18T21:37:40.259+0000] {logging_mixin.py:190} INFO - [2026-07-18T21:37:40.259+0000] {dag.py:3239} INFO - Sync 1 DAGs
[2026-07-18T21:37:40.420+0000] {logging_mixin.py:190} INFO - [2026-07-18T21:37:40.419+0000] {dag.py:4180} INFO - Setting next_dagrun for example_workday_timetable to 2021-01-04 00:00:00+00:00, run_after=2021-01-05 00:00:00+00:00
[2026-07-18T21:37:40.459+0000] {processor.py:208} INFO - Processing /home/airflow/.local/lib/python3.12/site-packages/airflow/example_dags/example_workday_timetable.py took 0.273 seconds
[2026-07-18T21:38:14.409+0000] {processor.py:186} INFO - Started process (PID=1641) to work on /home/airflow/.local/lib/python3.12/site-packages/airflow/example_dags/example_workday_timetable.py
[2026-07-18T21:38:14.429+0000] {processor.py:914} INFO - Processing file /home/airflow/.local/lib/python3.12/site-packages/airflow/example_dags/example_workday_timetable.py for tasks to queue
[2026-07-18T21:38:14.444+0000] {logging_mixin.py:190} INFO - [2026-07-18T21:38:14.443+0000] {dagbag.py:588} INFO - Filling up the DagBag from /home/airflow/.local/lib/python3.12/site-packages/airflow/example_dags/example_workday_timetable.py
[2026-07-18T21:38:14.472+0000] {processor.py:925} INFO - DAG(s) 'example_workday_timetable' retrieved from /home/airflow/.local/lib/python3.12/site-packages/airflow/example_dags/example_workday_timetable.py
[2026-07-18T21:38:14.566+0000] {logging_mixin.py:190} INFO - [2026-07-18T21:38:14.565+0000] {dag.py:3239} INFO - Sync 1 DAGs
[2026-07-18T21:38:14.812+0000] {logging_mixin.py:190} INFO - [2026-07-18T21:38:14.811+0000] {dag.py:4180} INFO - Setting next_dagrun for example_workday_timetable to 2021-01-04 00:00:00+00:00, run_after=2021-01-05 00:00:00+00:00
[2026-07-18T21:38:14.886+0000] {processor.py:208} INFO - Processing /home/airflow/.local/lib/python3.12/site-packages/airflow/example_dags/example_workday_timetable.py took 0.501 seconds
[2026-07-18T21:38:45.902+0000] {processor.py:186} INFO - Started process (PID=1705) to work on /home/airflow/.local/lib/python3.12/site-packages/airflow/example_dags/example_workday_timetable.py
[2026-07-18T21:38:45.904+0000] {processor.py:914} INFO - Processing file /home/airflow/.local/lib/python3.12/site-packages/airflow/example_dags/example_workday_timetable.py for tasks to queue
[2026-07-18T21:38:45.909+0000] {logging_mixin.py:190} INFO - [2026-07-18T21:38:45.909+0000] {dagbag.py:588} INFO - Filling up the DagBag from /home/airflow/.local/lib/python3.12/site-packages/airflow/example_dags/example_workday_timetable.py
[2026-07-18T21:38:45.922+0000] {processor.py:925} INFO - DAG(s) 'example_workday_timetable' retrieved from /home/airflow/.local/lib/python3.12/site-packages/airflow/example_dags/example_workday_timetable.py
[2026-07-18T21:38:45.973+0000] {logging_mixin.py:190} INFO - [2026-07-18T21:38:45.973+0000] {dag.py:3239} INFO - Sync 1 DAGs
[2026-07-18T21:38:46.067+0000] {logging_mixin.py:190} INFO - [2026-07-18T21:38:46.067+0000] {dag.py:4180} INFO - Setting next_dagrun for example_workday_timetable to 2021-01-04 00:00:00+00:00, run_after=2021-01-05 00:00:00+00:00
[2026-07-18T21:38:46.145+0000] {processor.py:208} INFO - Processing /home/airflow/.local/lib/python3.12/site-packages/airflow/example_dags/example_workday_timetable.py took 0.254 seconds
[2026-07-18T21:39:17.966+0000] {processor.py:186} INFO - Started process (PID=1772) to work on /home/airflow/.local/lib/python3.12/site-packages/airflow/example_dags/example_workday_timetable.py
[2026-07-18T21:39:17.971+0000] {processor.py:914} INFO - Processing file /home/airflow/.local/lib/python3.12/site-packages/airflow/example_dags/example_workday_timetable.py for tasks to queue
[2026-07-18T21:39:17.981+0000] {logging_mixin.py:190} INFO - [2026-07-18T21:39:17.980+0000] {dagbag.py:588} INFO - Filling up the DagBag from /home/airflow/.local/lib/python3.12/site-packages/airflow/example_dags/example_workday_timetable.py
[2026-07-18T21:39:17.999+0000] {processor.py:925} INFO - DAG(s) 'example_workday_timetable' retrieved from /home/airflow/.local/lib/python3.12/site-packages/airflow/example_dags/example_workday_timetable.py
[2026-07-18T21:39:18.041+0000] {logging_mixin.py:190} INFO - [2026-07-18T21:39:18.040+0000] {dag.py:3239} INFO - Sync 1 DAGs
[2026-07-18T21:39:18.171+0000] {logging_mixin.py:190} INFO - [2026-07-18T21:39:18.171+0000] {dag.py:4180} INFO - Setting next_dagrun for example_workday_timetable to 2021-01-04 00:00:00+00:00, run_after=2021-01-05 00:00:00+00:00
[2026-07-18T21:39:18.229+0000] {processor.py:208} INFO - Processing /home/airflow/.local/lib/python3.12/site-packages/airflow/example_dags/example_workday_timetable.py took 0.284 seconds
[2026-07-18T21:39:52.033+0000] {processor.py:186} INFO - Started process (PID=1836) to work on /home/airflow/.local/lib/python3.12/site-packages/airflow/example_dags/example_workday_timetable.py
[2026-07-18T21:39:52.037+0000] {processor.py:914} INFO - Processing file /home/airflow/.local/lib/python3.12/site-packages/airflow/example_dags/example_workday_timetable.py for tasks to queue
[2026-07-18T21:39:52.044+0000] {logging_mixin.py:190} INFO - [2026-07-18T21:39:52.044+0000] {dagbag.py:588} INFO - Filling up the DagBag from /home/airflow/.local/lib/python3.12/site-packages/airflow/example_dags/example_workday_timetable.py
[2026-07-18T21:39:52.062+0000] {processor.py:925} INFO - DAG(s) 'example_workday_timetable' retrieved from /home/airflow/.local/lib/python3.12/site-packages/airflow/example_dags/example_workday_timetable.py
[2026-07-18T21:39:52.116+0000] {logging_mixin.py:190} INFO - [2026-07-18T21:39:52.116+0000] {dag.py:3239} INFO - Sync 1 DAGs
[2026-07-18T21:39:52.274+0000] {logging_mixin.py:190} INFO - [2026-07-18T21:39:52.274+0000] {dag.py:4180} INFO - Setting next_dagrun for example_workday_timetable to 2021-01-04 00:00:00+00:00, run_after=2021-01-05 00:00:00+00:00
[2026-07-18T21:39:52.325+0000] {processor.py:208} INFO - Processing /home/airflow/.local/lib/python3.12/site-packages/airflow/example_dags/example_workday_timetable.py took 0.308 seconds
[2026-07-18T21:40:24.616+0000] {processor.py:186} INFO - Started process (PID=1901) to work on /home/airflow/.local/lib/python3.12/site-packages/airflow/example_dags/example_workday_timetable.py
[2026-07-18T21:40:24.619+0000] {processor.py:914} INFO - Processing file /home/airflow/.local/lib/python3.12/site-packages/airflow/example_dags/example_workday_timetable.py for tasks to queue
[2026-07-18T21:40:24.624+0000] {logging_mixin.py:190} INFO - [2026-07-18T21:40:24.623+0000] {dagbag.py:588} INFO - Filling up the DagBag from /home/airflow/.local/lib/python3.12/site-packages/airflow/example_dags/example_workday_timetable.py
[2026-07-18T21:40:24.633+0000] {processor.py:925} INFO - DAG(s) 'example_workday_timetable' retrieved from /home/airflow/.local/lib/python3.12/site-packages/airflow/example_dags/example_workday_timetable.py
[2026-07-18T21:40:24.661+0000] {logging_mixin.py:190} INFO - [2026-07-18T21:40:24.660+0000] {dag.py:3239} INFO - Sync 1 DAGs
[2026-07-18T21:40:24.755+0000] {logging_mixin.py:190} INFO - [2026-07-18T21:40:24.754+0000] {dag.py:4180} INFO - Setting next_dagrun for example_workday_timetable to 2021-01-04 00:00:00+00:00, run_after=2021-01-05 00:00:00+00:00
[2026-07-18T21:40:24.825+0000] {processor.py:208} INFO - Processing /home/airflow/.local/lib/python3.12/site-packages/airflow/example_dags/example_workday_timetable.py took 0.216 seconds
[2026-07-18T21:40:54.963+0000] {processor.py:186} INFO - Started process (PID=1964) to work on /home/airflow/.local/lib/python3.12/site-packages/airflow/example_dags/example_workday_timetable.py
[2026-07-18T21:40:54.965+0000] {processor.py:914} INFO - Processing file /home/airflow/.local/lib/python3.12/site-packages/airflow/example_dags/example_workday_timetable.py for tasks to queue
[2026-07-18T21:40:54.971+0000] {logging_mixin.py:190} INFO - [2026-07-18T21:40:54.970+0000] {dagbag.py:588} INFO - Filling up the DagBag from /home/airflow/.local/lib/python3.12/site-packages/airflow/example_dags/example_workday_timetable.py
[2026-07-18T21:40:54.984+0000] {processor.py:925} INFO - DAG(s) 'example_workday_timetable' retrieved from /home/airflow/.local/lib/python3.12/site-packages/airflow/example_dags/example_workday_timetable.py
[2026-07-18T21:40:55.015+0000] {logging_mixin.py:190} INFO - [2026-07-18T21:40:55.015+0000] {dag.py:3239} INFO - Sync 1 DAGs
[2026-07-18T21:40:55.094+0000] {logging_mixin.py:190} INFO - [2026-07-18T21:40:55.094+0000] {dag.py:4180} INFO - Setting next_dagrun for example_workday_timetable to 2021-01-04 00:00:00+00:00, run_after=2021-01-05 00:00:00+00:00
[2026-07-18T21:40:55.123+0000] {processor.py:208} INFO - Processing /home/airflow/.local/lib/python3.12/site-packages/airflow/example_dags/example_workday_timetable.py took 0.172 seconds
[2026-07-18T21:41:26.198+0000] {processor.py:186} INFO - Started process (PID=2028) to work on /home/airflow/.local/lib/python3.12/site-packages/airflow/example_dags/example_workday_timetable.py
[2026-07-18T21:41:26.200+0000] {processor.py:914} INFO - Processing file /home/airflow/.local/lib/python3.12/site-packages/airflow/example_dags/example_workday_timetable.py for tasks to queue
[2026-07-18T21:41:26.208+0000] {logging_mixin.py:190} INFO - [2026-07-18T21:41:26.208+0000] {dagbag.py:588} INFO - Filling up the DagBag from /home/airflow/.local/lib/python3.12/site-packages/airflow/example_dags/example_workday_timetable.py
[2026-07-18T21:41:26.224+0000] {processor.py:925} INFO - DAG(s) 'example_workday_timetable' retrieved from /home/airflow/.local/lib/python3.12/site-packages/airflow/example_dags/example_workday_timetable.py
[2026-07-18T21:41:26.270+0000] {logging_mixin.py:190} INFO - [2026-07-18T21:41:26.269+0000] {dag.py:3239} INFO - Sync 1 DAGs
[2026-07-18T21:41:26.425+0000] {logging_mixin.py:190} INFO - [2026-07-18T21:41:26.424+0000] {dag.py:4180} INFO - Setting next_dagrun for example_workday_timetable to 2021-01-04 00:00:00+00:00, run_after=2021-01-05 00:00:00+00:00
[2026-07-18T21:41:26.490+0000] {processor.py:208} INFO - Processing /home/airflow/.local/lib/python3.12/site-packages/airflow/example_dags/example_workday_timetable.py took 0.313 seconds
[2026-07-18T21:41:57.413+0000] {processor.py:186} INFO - Started process (PID=2099) to work on /home/airflow/.local/lib/python3.12/site-packages/airflow/example_dags/example_workday_timetable.py
[2026-07-18T21:41:57.415+0000] {processor.py:914} INFO - Processing file /home/airflow/.local/lib/python3.12/site-packages/airflow/example_dags/example_workday_timetable.py for tasks to queue
[2026-07-18T21:41:57.421+0000] {logging_mixin.py:190} INFO - [2026-07-18T21:41:57.420+0000] {dagbag.py:588} INFO - Filling up the DagBag from /home/airflow/.local/lib/python3.12/site-packages/airflow/example_dags/example_workday_timetable.py
[2026-07-18T21:41:57.432+0000] {processor.py:925} INFO - DAG(s) 'example_workday_timetable' retrieved from /home/airflow/.local/lib/python3.12/site-packages/airflow/example_dags/example_workday_timetable.py
[2026-07-18T21:41:57.459+0000] {logging_mixin.py:190} INFO - [2026-07-18T21:41:57.458+0000] {dag.py:3239} INFO - Sync 1 DAGs
[2026-07-18T21:41:57.534+0000] {logging_mixin.py:190} INFO - [2026-07-18T21:41:57.533+0000] {dag.py:4180} INFO - Setting next_dagrun for example_workday_timetable to 2021-01-04 00:00:00+00:00, run_after=2021-01-05 00:00:00+00:00
[2026-07-18T21:41:57.560+0000] {processor.py:208} INFO - Processing /home/airflow/.local/lib/python3.12/site-packages/airflow/example_dags/example_workday_timetable.py took 0.155 seconds
[2026-07-18T21:42:28.787+0000] {processor.py:186} INFO - Started process (PID=2163) to work on /home/airflow/.local/lib/python3.12/site-packages/airflow/example_dags/example_workday_timetable.py
[2026-07-18T21:42:28.791+0000] {processor.py:914} INFO - Processing file /home/airflow/.local/lib/python3.12/site-packages/airflow/example_dags/example_workday_timetable.py for tasks to queue
[2026-07-18T21:42:28.800+0000] {logging_mixin.py:190} INFO - [2026-07-18T21:42:28.799+0000] {dagbag.py:588} INFO - Filling up the DagBag from /home/airflow/.local/lib/python3.12/site-packages/airflow/example_dags/example_workday_timetable.py
[2026-07-18T21:42:28.817+0000] {processor.py:925} INFO - DAG(s) 'example_workday_timetable' retrieved from /home/airflow/.local/lib/python3.12/site-packages/airflow/example_dags/example_workday_timetable.py
[2026-07-18T21:42:28.882+0000] {logging_mixin.py:190} INFO - [2026-07-18T21:42:28.882+0000] {dag.py:3239} INFO - Sync 1 DAGs
[2026-07-18T21:42:29.030+0000] {logging_mixin.py:190} INFO - [2026-07-18T21:42:29.030+0000] {dag.py:4180} INFO - Setting next_dagrun for example_workday_timetable to 2021-01-04 00:00:00+00:00, run_after=2021-01-05 00:00:00+00:00
[2026-07-18T21:42:29.108+0000] {processor.py:208} INFO - Processing /home/airflow/.local/lib/python3.12/site-packages/airflow/example_dags/example_workday_timetable.py took 0.337 seconds
[2026-07-18T21:42:59.845+0000] {processor.py:186} INFO - Started process (PID=2228) to work on /home/airflow/.local/lib/python3.12/site-packages/airflow/example_dags/example_workday_timetable.py
[2026-07-18T21:42:59.847+0000] {processor.py:914} INFO - Processing file /home/airflow/.local/lib/python3.12/site-packages/airflow/example_dags/example_workday_timetable.py for tasks to queue
[2026-07-18T21:42:59.856+0000] {logging_mixin.py:190} INFO - [2026-07-18T21:42:59.853+0000] {dagbag.py:588} INFO - Filling up the DagBag from /home/airflow/.local/lib/python3.12/site-packages/airflow/example_dags/example_workday_timetable.py
[2026-07-18T21:42:59.870+0000] {processor.py:925} INFO - DAG(s) 'example_workday_timetable' retrieved from /home/airflow/.local/lib/python3.12/site-packages/airflow/example_dags/example_workday_timetable.py
[2026-07-18T21:42:59.930+0000] {logging_mixin.py:190} INFO - [2026-07-18T21:42:59.929+0000] {dag.py:3239} INFO - Sync 1 DAGs
[2026-07-18T21:43:00.076+0000] {logging_mixin.py:190} INFO - [2026-07-18T21:43:00.075+0000] {dag.py:4180} INFO - Setting next_dagrun for example_workday_timetable to 2021-01-04 00:00:00+00:00, run_after=2021-01-05 00:00:00+00:00
[2026-07-18T21:43:00.134+0000] {processor.py:208} INFO - Processing /home/airflow/.local/lib/python3.12/site-packages/airflow/example_dags/example_workday_timetable.py took 0.300 seconds
[2026-07-18T21:43:30.566+0000] {processor.py:186} INFO - Started process (PID=2293) to work on /home/airflow/.local/lib/python3.12/site-packages/airflow/example_dags/example_workday_timetable.py
[2026-07-18T21:43:30.569+0000] {processor.py:914} INFO - Processing file /home/airflow/.local/lib/python3.12/site-packages/airflow/example_dags/example_workday_timetable.py for tasks to queue
[2026-07-18T21:43:30.575+0000] {logging_mixin.py:190} INFO - [2026-07-18T21:43:30.575+0000] {dagbag.py:588} INFO - Filling up the DagBag from /home/airflow/.local/lib/python3.12/site-packages/airflow/example_dags/example_workday_timetable.py
[2026-07-18T21:43:30.592+0000] {processor.py:925} INFO - DAG(s) 'example_workday_timetable' retrieved from /home/airflow/.local/lib/python3.12/site-packages/airflow/example_dags/example_workday_timetable.py
[2026-07-18T21:43:30.634+0000] {logging_mixin.py:190} INFO - [2026-07-18T21:43:30.633+0000] {dag.py:3239} INFO - Sync 1 DAGs
[2026-07-18T21:43:30.772+0000] {logging_mixin.py:190} INFO - [2026-07-18T21:43:30.771+0000] {dag.py:4180} INFO - Setting next_dagrun for example_workday_timetable to 2021-01-04 00:00:00+00:00, run_after=2021-01-05 00:00:00+00:00
[2026-07-18T21:43:30.806+0000] {processor.py:208} INFO - Processing /home/airflow/.local/lib/python3.12/site-packages/airflow/example_dags/example_workday_timetable.py took 0.250 seconds
[2026-07-18T21:44:01.355+0000] {processor.py:186} INFO - Started process (PID=2356) to work on /home/airflow/.local/lib/python3.12/site-packages/airflow/example_dags/example_workday_timetable.py
[2026-07-18T21:44:01.358+0000] {processor.py:914} INFO - Processing file /home/airflow/.local/lib/python3.12/site-packages/airflow/example_dags/example_workday_timetable.py for tasks to queue
[2026-07-18T21:44:01.364+0000] {logging_mixin.py:190} INFO - [2026-07-18T21:44:01.363+0000] {dagbag.py:588} INFO - Filling up the DagBag from /home/airflow/.local/lib/python3.12/site-packages/airflow/example_dags/example_workday_timetable.py
[2026-07-18T21:44:01.377+0000] {processor.py:925} INFO - DAG(s) 'example_workday_timetable' retrieved from /home/airflow/.local/lib/python3.12/site-packages/airflow/example_dags/example_workday_timetable.py
[2026-07-18T21:44:01.420+0000] {logging_mixin.py:190} INFO - [2026-07-18T21:44:01.419+0000] {dag.py:3239} INFO - Sync 1 DAGs
[2026-07-18T21:44:01.534+0000] {logging_mixin.py:190} INFO - [2026-07-18T21:44:01.534+0000] {dag.py:4180} INFO - Setting next_dagrun for example_workday_timetable to 2021-01-04 00:00:00+00:00, run_after=2021-01-05 00:00:00+00:00
[2026-07-18T21:44:01.574+0000] {processor.py:208} INFO - Processing /home/airflow/.local/lib/python3.12/site-packages/airflow/example_dags/example_workday_timetable.py took 0.232 seconds
[2026-07-18T21:44:31.723+0000] {processor.py:186} INFO - Started process (PID=2419) to work on /home/airflow/.local/lib/python3.12/site-packages/airflow/example_dags/example_workday_timetable.py
[2026-07-18T21:44:31.725+0000] {processor.py:914} INFO - Processing file /home/airflow/.local/lib/python3.12/site-packages/airflow/example_dags/example_workday_timetable.py for tasks to queue
[2026-07-18T21:44:31.729+0000] {logging_mixin.py:190} INFO - [2026-07-18T21:44:31.728+0000] {dagbag.py:588} INFO - Filling up the DagBag from /home/airflow/.local/lib/python3.12/site-packages/airflow/example_dags/example_workday_timetable.py
[2026-07-18T21:44:31.740+0000] {processor.py:925} INFO - DAG(s) 'example_workday_timetable' retrieved from /home/airflow/.local/lib/python3.12/site-packages/airflow/example_dags/example_workday_timetable.py
[2026-07-18T21:44:31.774+0000] {logging_mixin.py:190} INFO - [2026-07-18T21:44:31.773+0000] {dag.py:3239} INFO - Sync 1 DAGs
[2026-07-18T21:44:31.871+0000] {logging_mixin.py:190} INFO - [2026-07-18T21:44:31.871+0000] {dag.py:4180} INFO - Setting next_dagrun for example_workday_timetable to 2021-01-04 00:00:00+00:00, run_after=2021-01-05 00:00:00+00:00
[2026-07-18T21:44:31.907+0000] {processor.py:208} INFO - Processing /home/airflow/.local/lib/python3.12/site-packages/airflow/example_dags/example_workday_timetable.py took 0.194 seconds
[2026-07-18T21:45:03.957+0000] {processor.py:186} INFO - Started process (PID=2484) to work on /home/airflow/.local/lib/python3.12/site-packages/airflow/example_dags/example_workday_timetable.py
[2026-07-18T21:45:03.960+0000] {processor.py:914} INFO - Processing file /home/airflow/.local/lib/python3.12/site-packages/airflow/example_dags/example_workday_timetable.py for tasks to queue
[2026-07-18T21:45:03.967+0000] {logging_mixin.py:190} INFO - [2026-07-18T21:45:03.967+0000] {dagbag.py:588} INFO - Filling up the DagBag from /home/airflow/.local/lib/python3.12/site-packages/airflow/example_dags/example_workday_timetable.py
[2026-07-18T21:45:03.983+0000] {processor.py:925} INFO - DAG(s) 'example_workday_timetable' retrieved from /home/airflow/.local/lib/python3.12/site-packages/airflow/example_dags/example_workday_timetable.py
[2026-07-18T21:45:04.037+0000] {logging_mixin.py:190} INFO - [2026-07-18T21:45:04.037+0000] {dag.py:3239} INFO - Sync 1 DAGs
[2026-07-18T21:45:04.124+0000] {logging_mixin.py:190} INFO - [2026-07-18T21:45:04.124+0000] {dag.py:4180} INFO - Setting next_dagrun for example_workday_timetable to 2021-01-04 00:00:00+00:00, run_after=2021-01-05 00:00:00+00:00
[2026-07-18T21:45:04.151+0000] {processor.py:208} INFO - Processing /home/airflow/.local/lib/python3.12/site-packages/airflow/example_dags/example_workday_timetable.py took 0.207 seconds
[2026-07-18T21:45:36.791+0000] {processor.py:186} INFO - Started process (PID=2548) to work on /home/airflow/.local/lib/python3.12/site-packages/airflow/example_dags/example_workday_timetable.py
[2026-07-18T21:45:36.794+0000] {processor.py:914} INFO - Processing file /home/airflow/.local/lib/python3.12/site-packages/airflow/example_dags/example_workday_timetable.py for tasks to queue
[2026-07-18T21:45:36.798+0000] {logging_mixin.py:190} INFO - [2026-07-18T21:45:36.798+0000] {dagbag.py:588} INFO - Filling up the DagBag from /home/airflow/.local/lib/python3.12/site-packages/airflow/example_dags/example_workday_timetable.py
[2026-07-18T21:45:36.811+0000] {processor.py:925} INFO - DAG(s) 'example_workday_timetable' retrieved from /home/airflow/.local/lib/python3.12/site-packages/airflow/example_dags/example_workday_timetable.py
[2026-07-18T21:45:36.843+0000] {logging_mixin.py:190} INFO - [2026-07-18T21:45:36.842+0000] {dag.py:3239} INFO - Sync 1 DAGs
[2026-07-18T21:45:36.922+0000] {logging_mixin.py:190} INFO - [2026-07-18T21:45:36.921+0000] {dag.py:4180} INFO - Setting next_dagrun for example_workday_timetable to 2021-01-04 00:00:00+00:00, run_after=2021-01-05 00:00:00+00:00
[2026-07-18T21:45:36.947+0000] {processor.py:208} INFO - Processing /home/airflow/.local/lib/python3.12/site-packages/airflow/example_dags/example_workday_timetable.py took 0.164 seconds
[2026-07-18T21:46:07.860+0000] {processor.py:186} INFO - Started process (PID=2612) to work on /home/airflow/.local/lib/python3.12/site-packages/airflow/example_dags/example_workday_timetable.py
[2026-07-18T21:46:07.862+0000] {processor.py:914} INFO - Processing file /home/airflow/.local/lib/python3.12/site-packages/airflow/example_dags/example_workday_timetable.py for tasks to queue
[2026-07-18T21:46:07.868+0000] {logging_mixin.py:190} INFO - [2026-07-18T21:46:07.868+0000] {dagbag.py:588} INFO - Filling up the DagBag from /home/airflow/.local/lib/python3.12/site-packages/airflow/example_dags/example_workday_timetable.py
[2026-07-18T21:46:07.879+0000] {processor.py:925} INFO - DAG(s) 'example_workday_timetable' retrieved from /home/airflow/.local/lib/python3.12/site-packages/airflow/example_dags/example_workday_timetable.py
[2026-07-18T21:46:07.921+0000] {logging_mixin.py:190} INFO - [2026-07-18T21:46:07.921+0000] {dag.py:3239} INFO - Sync 1 DAGs
[2026-07-18T21:46:08.037+0000] {logging_mixin.py:190} INFO - [2026-07-18T21:46:08.037+0000] {dag.py:4180} INFO - Setting next_dagrun for example_workday_timetable to 2021-01-04 00:00:00+00:00, run_after=2021-01-05 00:00:00+00:00
[2026-07-18T21:46:08.080+0000] {processor.py:208} INFO - Processing /home/airflow/.local/lib/python3.12/site-packages/airflow/example_dags/example_workday_timetable.py took 0.232 seconds
[2026-07-18T21:46:38.767+0000] {processor.py:186} INFO - Started process (PID=2675) to work on /home/airflow/.local/lib/python3.12/site-packages/airflow/example_dags/example_workday_timetable.py
[2026-07-18T21:46:38.770+0000] {processor.py:914} INFO - Processing file /home/airflow/.local/lib/python3.12/site-packages/airflow/example_dags/example_workday_timetable.py for tasks to queue
[2026-07-18T21:46:38.776+0000] {logging_mixin.py:190} INFO - [2026-07-18T21:46:38.776+0000] {dagbag.py:588} INFO - Filling up the DagBag from /home/airflow/.local/lib/python3.12/site-packages/airflow/example_dags/example_workday_timetable.py
[2026-07-18T21:46:38.789+0000] {processor.py:925} INFO - DAG(s) 'example_workday_timetable' retrieved from /home/airflow/.local/lib/python3.12/site-packages/airflow/example_dags/example_workday_timetable.py
[2026-07-18T21:46:38.817+0000] {logging_mixin.py:190} INFO - [2026-07-18T21:46:38.817+0000] {dag.py:3239} INFO - Sync 1 DAGs
[2026-07-18T21:46:38.917+0000] {logging_mixin.py:190} INFO - [2026-07-18T21:46:38.916+0000] {dag.py:4180} INFO - Setting next_dagrun for example_workday_timetable to 2021-01-04 00:00:00+00:00, run_after=2021-01-05 00:00:00+00:00
[2026-07-18T21:46:38.969+0000] {processor.py:208} INFO - Processing /home/airflow/.local/lib/python3.12/site-packages/airflow/example_dags/example_workday_timetable.py took 0.220 seconds
[2026-07-18T21:47:09.952+0000] {processor.py:186} INFO - Started process (PID=2739) to work on /home/airflow/.local/lib/python3.12/site-packages/airflow/example_dags/example_workday_timetable.py
[2026-07-18T21:47:09.955+0000] {processor.py:914} INFO - Processing file /home/airflow/.local/lib/python3.12/site-packages/airflow/example_dags/example_workday_timetable.py for tasks to queue
[2026-07-18T21:47:09.961+0000] {logging_mixin.py:190} INFO - [2026-07-18T21:47:09.960+0000] {dagbag.py:588} INFO - Filling up the DagBag from /home/airflow/.local/lib/python3.12/site-packages/airflow/example_dags/example_workday_timetable.py
[2026-07-18T21:47:09.972+0000] {processor.py:925} INFO - DAG(s) 'example_workday_timetable' retrieved from /home/airflow/.local/lib/python3.12/site-packages/airflow/example_dags/example_workday_timetable.py
[2026-07-18T21:47:10.031+0000] {logging_mixin.py:190} INFO - [2026-07-18T21:47:10.030+0000] {dag.py:3239} INFO - Sync 1 DAGs
[2026-07-18T21:47:10.193+0000] {logging_mixin.py:190} INFO - [2026-07-18T21:47:10.192+0000] {dag.py:4180} INFO - Setting next_dagrun for example_workday_timetable to 2021-01-04 00:00:00+00:00, run_after=2021-01-05 00:00:00+00:00
[2026-07-18T21:47:10.257+0000] {processor.py:208} INFO - Processing /home/airflow/.local/lib/python3.12/site-packages/airflow/example_dags/example_workday_timetable.py took 0.317 seconds
[2026-07-18T21:47:40.814+0000] {processor.py:186} INFO - Started process (PID=2803) to work on /home/airflow/.local/lib/python3.12/site-packages/airflow/example_dags/example_workday_timetable.py
[2026-07-18T21:47:40.816+0000] {processor.py:914} INFO - Processing file /home/airflow/.local/lib/python3.12/site-packages/airflow/example_dags/example_workday_timetable.py for tasks to queue
[2026-07-18T21:47:40.821+0000] {logging_mixin.py:190} INFO - [2026-07-18T21:47:40.821+0000] {dagbag.py:588} INFO - Filling up the DagBag from /home/airflow/.local/lib/python3.12/site-packages/airflow/example_dags/example_workday_timetable.py
[2026-07-18T21:47:40.833+0000] {processor.py:925} INFO - DAG(s) 'example_workday_timetable' retrieved from /home/airflow/.local/lib/python3.12/site-packages/airflow/example_dags/example_workday_timetable.py
[2026-07-18T21:47:40.866+0000] {logging_mixin.py:190} INFO - [2026-07-18T21:47:40.865+0000] {dag.py:3239} INFO - Sync 1 DAGs
[2026-07-18T21:47:40.934+0000] {logging_mixin.py:190} INFO - [2026-07-18T21:47:40.934+0000] {dag.py:4180} INFO - Setting next_dagrun for example_workday_timetable to 2021-01-04 00:00:00+00:00, run_after=2021-01-05 00:00:00+00:00
[2026-07-18T21:47:40.965+0000] {processor.py:208} INFO - Processing /home/airflow/.local/lib/python3.12/site-packages/airflow/example_dags/example_workday_timetable.py took 0.160 seconds
[2026-07-18T21:48:12.161+0000] {processor.py:186} INFO - Started process (PID=2867) to work on /home/airflow/.local/lib/python3.12/site-packages/airflow/example_dags/example_workday_timetable.py
[2026-07-18T21:48:12.163+0000] {processor.py:914} INFO - Processing file /home/airflow/.local/lib/python3.12/site-packages/airflow/example_dags/example_workday_timetable.py for tasks to queue
[2026-07-18T21:48:12.170+0000] {logging_mixin.py:190} INFO - [2026-07-18T21:48:12.170+0000] {dagbag.py:588} INFO - Filling up the DagBag from /home/airflow/.local/lib/python3.12/site-packages/airflow/example_dags/example_workday_timetable.py
[2026-07-18T21:48:12.181+0000] {processor.py:925} INFO - DAG(s) 'example_workday_timetable' retrieved from /home/airflow/.local/lib/python3.12/site-packages/airflow/example_dags/example_workday_timetable.py
[2026-07-18T21:48:12.213+0000] {logging_mixin.py:190} INFO - [2026-07-18T21:48:12.212+0000] {dag.py:3239} INFO - Sync 1 DAGs
[2026-07-18T21:48:12.296+0000] {logging_mixin.py:190} INFO - [2026-07-18T21:48:12.296+0000] {dag.py:4180} INFO - Setting next_dagrun for example_workday_timetable to 2021-01-04 00:00:00+00:00, run_after=2021-01-05 00:00:00+00:00
[2026-07-18T21:48:12.335+0000] {processor.py:208} INFO - Processing /home/airflow/.local/lib/python3.12/site-packages/airflow/example_dags/example_workday_timetable.py took 0.184 seconds
[2026-07-18T21:48:43.277+0000] {processor.py:186} INFO - Started process (PID=2931) to work on /home/airflow/.local/lib/python3.12/site-packages/airflow/example_dags/example_workday_timetable.py
[2026-07-18T21:48:43.284+0000] {processor.py:914} INFO - Processing file /home/airflow/.local/lib/python3.12/site-packages/airflow/example_dags/example_workday_timetable.py for tasks to queue
[2026-07-18T21:48:43.288+0000] {logging_mixin.py:190} INFO - [2026-07-18T21:48:43.288+0000] {dagbag.py:588} INFO - Filling up the DagBag from /home/airflow/.local/lib/python3.12/site-packages/airflow/example_dags/example_workday_timetable.py
[2026-07-18T21:48:43.299+0000] {processor.py:925} INFO - DAG(s) 'example_workday_timetable' retrieved from /home/airflow/.local/lib/python3.12/site-packages/airflow/example_dags/example_workday_timetable.py
[2026-07-18T21:48:43.331+0000] {logging_mixin.py:190} INFO - [2026-07-18T21:48:43.331+0000] {dag.py:3239} INFO - Sync 1 DAGs
[2026-07-18T21:48:43.415+0000] {logging_mixin.py:190} INFO - [2026-07-18T21:48:43.414+0000] {dag.py:4180} INFO - Setting next_dagrun for example_workday_timetable to 2021-01-04 00:00:00+00:00, run_after=2021-01-05 00:00:00+00:00
[2026-07-18T21:48:43.441+0000] {processor.py:208} INFO - Processing /home/airflow/.local/lib/python3.12/site-packages/airflow/example_dags/example_workday_timetable.py took 0.173 seconds
[2026-07-18T21:49:14.435+0000] {processor.py:186} INFO - Started process (PID=2995) to work on /home/airflow/.local/lib/python3.12/site-packages/airflow/example_dags/example_workday_timetable.py
[2026-07-18T21:49:14.439+0000] {processor.py:914} INFO - Processing file /home/airflow/.local/lib/python3.12/site-packages/airflow/example_dags/example_workday_timetable.py for tasks to queue
[2026-07-18T21:49:14.444+0000] {logging_mixin.py:190} INFO - [2026-07-18T21:49:14.444+0000] {dagbag.py:588} INFO - Filling up the DagBag from /home/airflow/.local/lib/python3.12/site-packages/airflow/example_dags/example_workday_timetable.py
[2026-07-18T21:49:14.455+0000] {processor.py:925} INFO - DAG(s) 'example_workday_timetable' retrieved from /home/airflow/.local/lib/python3.12/site-packages/airflow/example_dags/example_workday_timetable.py
[2026-07-18T21:49:14.492+0000] {logging_mixin.py:190} INFO - [2026-07-18T21:49:14.491+0000] {dag.py:3239} INFO - Sync 1 DAGs
[2026-07-18T21:49:14.588+0000] {logging_mixin.py:190} INFO - [2026-07-18T21:49:14.588+0000] {dag.py:4180} INFO - Setting next_dagrun for example_workday_timetable to 2021-01-04 00:00:00+00:00, run_after=2021-01-05 00:00:00+00:00
[2026-07-18T21:49:14.616+0000] {processor.py:208} INFO - Processing /home/airflow/.local/lib/python3.12/site-packages/airflow/example_dags/example_workday_timetable.py took 0.189 seconds
[2026-07-18T22:00:48.553+0000] {processor.py:186} INFO - Started process (PID=3067) to work on /home/airflow/.local/lib/python3.12/site-packages/airflow/example_dags/example_workday_timetable.py
[2026-07-18T22:00:48.558+0000] {processor.py:914} INFO - Processing file /home/airflow/.local/lib/python3.12/site-packages/airflow/example_dags/example_workday_timetable.py for tasks to queue
[2026-07-18T22:00:48.561+0000] {logging_mixin.py:190} INFO - [2026-07-18T22:00:48.560+0000] {dagbag.py:588} INFO - Filling up the DagBag from /home/airflow/.local/lib/python3.12/site-packages/airflow/example_dags/example_workday_timetable.py
[2026-07-18T22:00:48.578+0000] {processor.py:925} INFO - DAG(s) 'example_workday_timetable' retrieved from /home/airflow/.local/lib/python3.12/site-packages/airflow/example_dags/example_workday_timetable.py
[2026-07-18T22:00:48.627+0000] {logging_mixin.py:190} INFO - [2026-07-18T22:00:48.627+0000] {dag.py:3239} INFO - Sync 1 DAGs
[2026-07-18T22:00:48.800+0000] {logging_mixin.py:190} INFO - [2026-07-18T22:00:48.800+0000] {dag.py:4180} INFO - Setting next_dagrun for example_workday_timetable to 2021-01-04 00:00:00+00:00, run_after=2021-01-05 00:00:00+00:00
[2026-07-18T22:00:48.847+0000] {processor.py:208} INFO - Processing /home/airflow/.local/lib/python3.12/site-packages/airflow/example_dags/example_workday_timetable.py took 0.307 seconds
[2026-07-18T22:01:19.459+0000] {processor.py:186} INFO - Started process (PID=3131) to work on /home/airflow/.local/lib/python3.12/site-packages/airflow/example_dags/example_workday_timetable.py
[2026-07-18T22:01:19.462+0000] {processor.py:914} INFO - Processing file /home/airflow/.local/lib/python3.12/site-packages/airflow/example_dags/example_workday_timetable.py for tasks to queue
[2026-07-18T22:01:19.466+0000] {logging_mixin.py:190} INFO - [2026-07-18T22:01:19.465+0000] {dagbag.py:588} INFO - Filling up the DagBag from /home/airflow/.local/lib/python3.12/site-packages/airflow/example_dags/example_workday_timetable.py
[2026-07-18T22:01:19.485+0000] {processor.py:925} INFO - DAG(s) 'example_workday_timetable' retrieved from /home/airflow/.local/lib/python3.12/site-packages/airflow/example_dags/example_workday_timetable.py
[2026-07-18T22:01:19.539+0000] {logging_mixin.py:190} INFO - [2026-07-18T22:01:19.539+0000] {dag.py:3239} INFO - Sync 1 DAGs
[2026-07-18T22:01:19.659+0000] {logging_mixin.py:190} INFO - [2026-07-18T22:01:19.658+0000] {dag.py:4180} INFO - Setting next_dagrun for example_workday_timetable to 2021-01-04 00:00:00+00:00, run_after=2021-01-05 00:00:00+00:00
[2026-07-18T22:01:19.691+0000] {processor.py:208} INFO - Processing /home/airflow/.local/lib/python3.12/site-packages/airflow/example_dags/example_workday_timetable.py took 0.247 seconds
[2026-07-18T22:01:50.189+0000] {processor.py:186} INFO - Started process (PID=3195) to work on /home/airflow/.local/lib/python3.12/site-packages/airflow/example_dags/example_workday_timetable.py
[2026-07-18T22:01:50.195+0000] {processor.py:914} INFO - Processing file /home/airflow/.local/lib/python3.12/site-packages/airflow/example_dags/example_workday_timetable.py for tasks to queue
[2026-07-18T22:01:50.201+0000] {logging_mixin.py:190} INFO - [2026-07-18T22:01:50.199+0000] {dagbag.py:588} INFO - Filling up the DagBag from /home/airflow/.local/lib/python3.12/site-packages/airflow/example_dags/example_workday_timetable.py
[2026-07-18T22:01:50.221+0000] {processor.py:925} INFO - DAG(s) 'example_workday_timetable' retrieved from /home/airflow/.local/lib/python3.12/site-packages/airflow/example_dags/example_workday_timetable.py
[2026-07-18T22:01:50.297+0000] {logging_mixin.py:190} INFO - [2026-07-18T22:01:50.296+0000] {dag.py:3239} INFO - Sync 1 DAGs
[2026-07-18T22:01:50.452+0000] {logging_mixin.py:190} INFO - [2026-07-18T22:01:50.452+0000] {dag.py:4180} INFO - Setting next_dagrun for example_workday_timetable to 2021-01-04 00:00:00+00:00, run_after=2021-01-05 00:00:00+00:00
[2026-07-18T22:01:50.537+0000] {processor.py:208} INFO - Processing /home/airflow/.local/lib/python3.12/site-packages/airflow/example_dags/example_workday_timetable.py took 0.366 seconds
[2026-07-18T22:02:23.054+0000] {processor.py:186} INFO - Started process (PID=3259) to work on /home/airflow/.local/lib/python3.12/site-packages/airflow/example_dags/example_workday_timetable.py
[2026-07-18T22:02:23.058+0000] {processor.py:914} INFO - Processing file /home/airflow/.local/lib/python3.12/site-packages/airflow/example_dags/example_workday_timetable.py for tasks to queue
[2026-07-18T22:02:23.060+0000] {logging_mixin.py:190} INFO - [2026-07-18T22:02:23.060+0000] {dagbag.py:588} INFO - Filling up the DagBag from /home/airflow/.local/lib/python3.12/site-packages/airflow/example_dags/example_workday_timetable.py
[2026-07-18T22:02:23.068+0000] {processor.py:925} INFO - DAG(s) 'example_workday_timetable' retrieved from /home/airflow/.local/lib/python3.12/site-packages/airflow/example_dags/example_workday_timetable.py
[2026-07-18T22:02:23.095+0000] {logging_mixin.py:190} INFO - [2026-07-18T22:02:23.094+0000] {dag.py:3239} INFO - Sync 1 DAGs
[2026-07-18T22:02:23.163+0000] {logging_mixin.py:190} INFO - [2026-07-18T22:02:23.162+0000] {dag.py:4180} INFO - Setting next_dagrun for example_workday_timetable to 2021-01-04 00:00:00+00:00, run_after=2021-01-05 00:00:00+00:00
[2026-07-18T22:02:23.203+0000] {processor.py:208} INFO - Processing /home/airflow/.local/lib/python3.12/site-packages/airflow/example_dags/example_workday_timetable.py took 0.158 seconds
[2026-07-18T22:02:54.363+0000] {processor.py:186} INFO - Started process (PID=3323) to work on /home/airflow/.local/lib/python3.12/site-packages/airflow/example_dags/example_workday_timetable.py
[2026-07-18T22:02:54.367+0000] {processor.py:914} INFO - Processing file /home/airflow/.local/lib/python3.12/site-packages/airflow/example_dags/example_workday_timetable.py for tasks to queue
[2026-07-18T22:02:54.371+0000] {logging_mixin.py:190} INFO - [2026-07-18T22:02:54.370+0000] {dagbag.py:588} INFO - Filling up the DagBag from /home/airflow/.local/lib/python3.12/site-packages/airflow/example_dags/example_workday_timetable.py
[2026-07-18T22:02:54.387+0000] {processor.py:925} INFO - DAG(s) 'example_workday_timetable' retrieved from /home/airflow/.local/lib/python3.12/site-packages/airflow/example_dags/example_workday_timetable.py
[2026-07-18T22:02:54.434+0000] {logging_mixin.py:190} INFO - [2026-07-18T22:02:54.433+0000] {dag.py:3239} INFO - Sync 1 DAGs
[2026-07-18T22:02:54.513+0000] {logging_mixin.py:190} INFO - [2026-07-18T22:02:54.512+0000] {dag.py:4180} INFO - Setting next_dagrun for example_workday_timetable to 2021-01-04 00:00:00+00:00, run_after=2021-01-05 00:00:00+00:00
[2026-07-18T22:02:54.589+0000] {processor.py:208} INFO - Processing /home/airflow/.local/lib/python3.12/site-packages/airflow/example_dags/example_workday_timetable.py took 0.241 seconds
[2026-07-18T22:03:25.303+0000] {processor.py:186} INFO - Started process (PID=3387) to work on /home/airflow/.local/lib/python3.12/site-packages/airflow/example_dags/example_workday_timetable.py
[2026-07-18T22:03:25.305+0000] {processor.py:914} INFO - Processing file /home/airflow/.local/lib/python3.12/site-packages/airflow/example_dags/example_workday_timetable.py for tasks to queue
[2026-07-18T22:03:25.308+0000] {logging_mixin.py:190} INFO - [2026-07-18T22:03:25.308+0000] {dagbag.py:588} INFO - Filling up the DagBag from /home/airflow/.local/lib/python3.12/site-packages/airflow/example_dags/example_workday_timetable.py
[2026-07-18T22:03:25.319+0000] {processor.py:925} INFO - DAG(s) 'example_workday_timetable' retrieved from /home/airflow/.local/lib/python3.12/site-packages/airflow/example_dags/example_workday_timetable.py
[2026-07-18T22:03:25.349+0000] {logging_mixin.py:190} INFO - [2026-07-18T22:03:25.349+0000] {dag.py:3239} INFO - Sync 1 DAGs
[2026-07-18T22:03:25.428+0000] {logging_mixin.py:190} INFO - [2026-07-18T22:03:25.428+0000] {dag.py:4180} INFO - Setting next_dagrun for example_workday_timetable to 2021-01-04 00:00:00+00:00, run_after=2021-01-05 00:00:00+00:00
[2026-07-18T22:03:25.499+0000] {processor.py:208} INFO - Processing /home/airflow/.local/lib/python3.12/site-packages/airflow/example_dags/example_workday_timetable.py took 0.207 seconds
[2026-07-18T22:03:57.349+0000] {processor.py:186} INFO - Started process (PID=3457) to work on /home/airflow/.local/lib/python3.12/site-packages/airflow/example_dags/example_workday_timetable.py
[2026-07-18T22:03:57.354+0000] {processor.py:914} INFO - Processing file /home/airflow/.local/lib/python3.12/site-packages/airflow/example_dags/example_workday_timetable.py for tasks to queue
[2026-07-18T22:03:57.361+0000] {logging_mixin.py:190} INFO - [2026-07-18T22:03:57.359+0000] {dagbag.py:588} INFO - Filling up the DagBag from /home/airflow/.local/lib/python3.12/site-packages/airflow/example_dags/example_workday_timetable.py
[2026-07-18T22:03:57.385+0000] {processor.py:925} INFO - DAG(s) 'example_workday_timetable' retrieved from /home/airflow/.local/lib/python3.12/site-packages/airflow/example_dags/example_workday_timetable.py
[2026-07-18T22:03:57.435+0000] {logging_mixin.py:190} INFO - [2026-07-18T22:03:57.434+0000] {dag.py:3239} INFO - Sync 1 DAGs
[2026-07-18T22:03:57.519+0000] {logging_mixin.py:190} INFO - [2026-07-18T22:03:57.518+0000] {dag.py:4180} INFO - Setting next_dagrun for example_workday_timetable to 2021-01-04 00:00:00+00:00, run_after=2021-01-05 00:00:00+00:00
[2026-07-18T22:03:57.544+0000] {processor.py:208} INFO - Processing /home/airflow/.local/lib/python3.12/site-packages/airflow/example_dags/example_workday_timetable.py took 0.213 seconds
[2026-07-18T22:04:28.818+0000] {processor.py:186} INFO - Started process (PID=3521) to work on /home/airflow/.local/lib/python3.12/site-packages/airflow/example_dags/example_workday_timetable.py
[2026-07-18T22:04:28.821+0000] {processor.py:914} INFO - Processing file /home/airflow/.local/lib/python3.12/site-packages/airflow/example_dags/example_workday_timetable.py for tasks to queue
[2026-07-18T22:04:28.826+0000] {logging_mixin.py:190} INFO - [2026-07-18T22:04:28.824+0000] {dagbag.py:588} INFO - Filling up the DagBag from /home/airflow/.local/lib/python3.12/site-packages/airflow/example_dags/example_workday_timetable.py
[2026-07-18T22:04:28.840+0000] {processor.py:925} INFO - DAG(s) 'example_workday_timetable' retrieved from /home/airflow/.local/lib/python3.12/site-packages/airflow/example_dags/example_workday_timetable.py
[2026-07-18T22:04:28.880+0000] {logging_mixin.py:190} INFO - [2026-07-18T22:04:28.879+0000] {dag.py:3239} INFO - Sync 1 DAGs
[2026-07-18T22:04:28.952+0000] {logging_mixin.py:190} INFO - [2026-07-18T22:04:28.952+0000] {dag.py:4180} INFO - Setting next_dagrun for example_workday_timetable to 2021-01-04 00:00:00+00:00, run_after=2021-01-05 00:00:00+00:00
[2026-07-18T22:04:29.264+0000] {processor.py:208} INFO - Processing /home/airflow/.local/lib/python3.12/site-packages/airflow/example_dags/example_workday_timetable.py took 0.458 seconds
[2026-07-18T22:04:59.591+0000] {processor.py:186} INFO - Started process (PID=3584) to work on /home/airflow/.local/lib/python3.12/site-packages/airflow/example_dags/example_workday_timetable.py
[2026-07-18T22:04:59.595+0000] {processor.py:914} INFO - Processing file /home/airflow/.local/lib/python3.12/site-packages/airflow/example_dags/example_workday_timetable.py for tasks to queue
[2026-07-18T22:04:59.601+0000] {logging_mixin.py:190} INFO - [2026-07-18T22:04:59.600+0000] {dagbag.py:588} INFO - Filling up the DagBag from /home/airflow/.local/lib/python3.12/site-packages/airflow/example_dags/example_workday_timetable.py
[2026-07-18T22:04:59.623+0000] {processor.py:925} INFO - DAG(s) 'example_workday_timetable' retrieved from /home/airflow/.local/lib/python3.12/site-packages/airflow/example_dags/example_workday_timetable.py
[2026-07-18T22:04:59.688+0000] {logging_mixin.py:190} INFO - [2026-07-18T22:04:59.687+0000] {dag.py:3239} INFO - Sync 1 DAGs
[2026-07-18T22:04:59.924+0000] {logging_mixin.py:190} INFO - [2026-07-18T22:04:59.923+0000] {dag.py:4180} INFO - Setting next_dagrun for example_workday_timetable to 2021-01-04 00:00:00+00:00, run_after=2021-01-05 00:00:00+00:00
[2026-07-18T22:05:00.032+0000] {processor.py:208} INFO - Processing /home/airflow/.local/lib/python3.12/site-packages/airflow/example_dags/example_workday_timetable.py took 0.461 seconds
[2026-07-18T22:05:33.697+0000] {processor.py:186} INFO - Started process (PID=3649) to work on /home/airflow/.local/lib/python3.12/site-packages/airflow/example_dags/example_workday_timetable.py
[2026-07-18T22:05:33.700+0000] {processor.py:914} INFO - Processing file /home/airflow/.local/lib/python3.12/site-packages/airflow/example_dags/example_workday_timetable.py for tasks to queue
[2026-07-18T22:05:33.704+0000] {logging_mixin.py:190} INFO - [2026-07-18T22:05:33.704+0000] {dagbag.py:588} INFO - Filling up the DagBag from /home/airflow/.local/lib/python3.12/site-packages/airflow/example_dags/example_workday_timetable.py
[2026-07-18T22:05:33.717+0000] {processor.py:925} INFO - DAG(s) 'example_workday_timetable' retrieved from /home/airflow/.local/lib/python3.12/site-packages/airflow/example_dags/example_workday_timetable.py
[2026-07-18T22:05:33.789+0000] {logging_mixin.py:190} INFO - [2026-07-18T22:05:33.787+0000] {dag.py:3239} INFO - Sync 1 DAGs
[2026-07-18T22:05:34.314+0000] {logging_mixin.py:190} INFO - [2026-07-18T22:05:34.314+0000] {dag.py:4180} INFO - Setting next_dagrun for example_workday_timetable to 2021-01-04 00:00:00+00:00, run_after=2021-01-05 00:00:00+00:00
[2026-07-18T22:05:34.429+0000] {processor.py:208} INFO - Processing /home/airflow/.local/lib/python3.12/site-packages/airflow/example_dags/example_workday_timetable.py took 0.744 seconds
