[2026-07-18T20:50:16.567+0000] {processor.py:186} INFO - Started process (PID=127) to work on /home/airflow/.local/lib/python3.12/site-packages/airflow/example_dags/example_branch_day_of_week_operator.py
[2026-07-18T20:50:16.568+0000] {processor.py:914} INFO - Processing file /home/airflow/.local/lib/python3.12/site-packages/airflow/example_dags/example_branch_day_of_week_operator.py for tasks to queue
[2026-07-18T20:50:16.572+0000] {logging_mixin.py:190} INFO - [2026-07-18T20:50:16.572+0000] {dagbag.py:588} INFO - Filling up the DagBag from /home/airflow/.local/lib/python3.12/site-packages/airflow/example_dags/example_branch_day_of_week_operator.py
[2026-07-18T20:50:16.588+0000] {processor.py:925} INFO - DAG(s) 'example_weekday_branch_operator' retrieved from /home/airflow/.local/lib/python3.12/site-packages/airflow/example_dags/example_branch_day_of_week_operator.py
[2026-07-18T20:50:16.770+0000] {logging_mixin.py:190} INFO - [2026-07-18T20:50:16.769+0000] {override.py:1911} INFO - Created Permission View: can edit on DAG:example_weekday_branch_operator
[2026-07-18T20:50:16.785+0000] {logging_mixin.py:190} INFO - [2026-07-18T20:50:16.784+0000] {override.py:1911} INFO - Created Permission View: can read on DAG:example_weekday_branch_operator
[2026-07-18T20:50:16.794+0000] {logging_mixin.py:190} INFO - [2026-07-18T20:50:16.794+0000] {override.py:1911} INFO - Created Permission View: can delete on DAG:example_weekday_branch_operator
[2026-07-18T20:50:16.806+0000] {logging_mixin.py:190} INFO - [2026-07-18T20:50:16.805+0000] {override.py:1911} INFO - Created Permission View: can create on DAG Run:example_weekday_branch_operator
[2026-07-18T20:50:16.816+0000] {logging_mixin.py:190} INFO - [2026-07-18T20:50:16.816+0000] {override.py:1911} INFO - Created Permission View: can read on DAG Run:example_weekday_branch_operator
[2026-07-18T20:50:16.828+0000] {logging_mixin.py:190} INFO - [2026-07-18T20:50:16.828+0000] {override.py:1911} INFO - Created Permission View: menu access on DAG Run:example_weekday_branch_operator
[2026-07-18T20:50:16.841+0000] {logging_mixin.py:190} INFO - [2026-07-18T20:50:16.840+0000] {override.py:1911} INFO - Created Permission View: can delete on DAG Run:example_weekday_branch_operator
[2026-07-18T20:50:16.843+0000] {logging_mixin.py:190} INFO - [2026-07-18T20:50:16.842+0000] {dag.py:3239} INFO - Sync 1 DAGs
[2026-07-18T20:50:16.869+0000] {logging_mixin.py:190} INFO - [2026-07-18T20:50:16.869+0000] {dag.py:3262} INFO - Creating ORM DAG for example_weekday_branch_operator
[2026-07-18T20:50:16.888+0000] {logging_mixin.py:190} INFO - [2026-07-18T20:50:16.888+0000] {dag.py:4180} INFO - Setting next_dagrun for example_weekday_branch_operator to 2026-07-17 00:00:00+00:00, run_after=2026-07-18 00:00:00+00:00
[2026-07-18T20:50:16.917+0000] {processor.py:208} INFO - Processing /home/airflow/.local/lib/python3.12/site-packages/airflow/example_dags/example_branch_day_of_week_operator.py took 0.358 seconds
[2026-07-18T20:50:49.101+0000] {processor.py:186} INFO - Started process (PID=190) to work on /home/airflow/.local/lib/python3.12/site-packages/airflow/example_dags/example_branch_day_of_week_operator.py
[2026-07-18T20:50:49.104+0000] {processor.py:914} INFO - Processing file /home/airflow/.local/lib/python3.12/site-packages/airflow/example_dags/example_branch_day_of_week_operator.py for tasks to queue
[2026-07-18T20:50:49.110+0000] {logging_mixin.py:190} INFO - [2026-07-18T20:50:49.109+0000] {dagbag.py:588} INFO - Filling up the DagBag from /home/airflow/.local/lib/python3.12/site-packages/airflow/example_dags/example_branch_day_of_week_operator.py
[2026-07-18T20:50:49.136+0000] {processor.py:925} INFO - DAG(s) 'example_weekday_branch_operator' retrieved from /home/airflow/.local/lib/python3.12/site-packages/airflow/example_dags/example_branch_day_of_week_operator.py
[2026-07-18T20:50:49.192+0000] {logging_mixin.py:190} INFO - [2026-07-18T20:50:49.191+0000] {dag.py:3239} INFO - Sync 1 DAGs
[2026-07-18T20:50:49.258+0000] {logging_mixin.py:190} INFO - [2026-07-18T20:50:49.257+0000] {dag.py:4180} INFO - Setting next_dagrun for example_weekday_branch_operator to 2026-07-17 00:00:00+00:00, run_after=2026-07-18 00:00:00+00:00
[2026-07-18T20:50:49.309+0000] {processor.py:208} INFO - Processing /home/airflow/.local/lib/python3.12/site-packages/airflow/example_dags/example_branch_day_of_week_operator.py took 0.227 seconds
[2026-07-18T20:51:20.136+0000] {processor.py:186} INFO - Started process (PID=253) to work on /home/airflow/.local/lib/python3.12/site-packages/airflow/example_dags/example_branch_day_of_week_operator.py
[2026-07-18T20:51:20.139+0000] {processor.py:914} INFO - Processing file /home/airflow/.local/lib/python3.12/site-packages/airflow/example_dags/example_branch_day_of_week_operator.py for tasks to queue
[2026-07-18T20:51:20.142+0000] {logging_mixin.py:190} INFO - [2026-07-18T20:51:20.142+0000] {dagbag.py:588} INFO - Filling up the DagBag from /home/airflow/.local/lib/python3.12/site-packages/airflow/example_dags/example_branch_day_of_week_operator.py
[2026-07-18T20:51:20.156+0000] {processor.py:925} INFO - DAG(s) 'example_weekday_branch_operator' retrieved from /home/airflow/.local/lib/python3.12/site-packages/airflow/example_dags/example_branch_day_of_week_operator.py
[2026-07-18T20:51:20.184+0000] {logging_mixin.py:190} INFO - [2026-07-18T20:51:20.184+0000] {dag.py:3239} INFO - Sync 1 DAGs
[2026-07-18T20:51:20.215+0000] {logging_mixin.py:190} INFO - [2026-07-18T20:51:20.215+0000] {dag.py:4180} INFO - Setting next_dagrun for example_weekday_branch_operator to 2026-07-17 00:00:00+00:00, run_after=2026-07-18 00:00:00+00:00
[2026-07-18T20:51:20.246+0000] {processor.py:208} INFO - Processing /home/airflow/.local/lib/python3.12/site-packages/airflow/example_dags/example_branch_day_of_week_operator.py took 0.118 seconds
[2026-07-18T20:51:50.483+0000] {processor.py:186} INFO - Started process (PID=316) to work on /home/airflow/.local/lib/python3.12/site-packages/airflow/example_dags/example_branch_day_of_week_operator.py
[2026-07-18T20:51:50.485+0000] {processor.py:914} INFO - Processing file /home/airflow/.local/lib/python3.12/site-packages/airflow/example_dags/example_branch_day_of_week_operator.py for tasks to queue
[2026-07-18T20:51:50.488+0000] {logging_mixin.py:190} INFO - [2026-07-18T20:51:50.488+0000] {dagbag.py:588} INFO - Filling up the DagBag from /home/airflow/.local/lib/python3.12/site-packages/airflow/example_dags/example_branch_day_of_week_operator.py
[2026-07-18T20:51:50.501+0000] {processor.py:925} INFO - DAG(s) 'example_weekday_branch_operator' retrieved from /home/airflow/.local/lib/python3.12/site-packages/airflow/example_dags/example_branch_day_of_week_operator.py
[2026-07-18T20:51:50.525+0000] {logging_mixin.py:190} INFO - [2026-07-18T20:51:50.524+0000] {dag.py:3239} INFO - Sync 1 DAGs
[2026-07-18T20:51:50.553+0000] {logging_mixin.py:190} INFO - [2026-07-18T20:51:50.552+0000] {dag.py:4180} INFO - Setting next_dagrun for example_weekday_branch_operator to 2026-07-17 00:00:00+00:00, run_after=2026-07-18 00:00:00+00:00
[2026-07-18T20:51:50.574+0000] {processor.py:208} INFO - Processing /home/airflow/.local/lib/python3.12/site-packages/airflow/example_dags/example_branch_day_of_week_operator.py took 0.100 seconds
[2026-07-18T20:52:21.298+0000] {processor.py:186} INFO - Started process (PID=379) to work on /home/airflow/.local/lib/python3.12/site-packages/airflow/example_dags/example_branch_day_of_week_operator.py
[2026-07-18T20:52:21.300+0000] {processor.py:914} INFO - Processing file /home/airflow/.local/lib/python3.12/site-packages/airflow/example_dags/example_branch_day_of_week_operator.py for tasks to queue
[2026-07-18T20:52:21.303+0000] {logging_mixin.py:190} INFO - [2026-07-18T20:52:21.302+0000] {dagbag.py:588} INFO - Filling up the DagBag from /home/airflow/.local/lib/python3.12/site-packages/airflow/example_dags/example_branch_day_of_week_operator.py
[2026-07-18T20:52:21.314+0000] {processor.py:925} INFO - DAG(s) 'example_weekday_branch_operator' retrieved from /home/airflow/.local/lib/python3.12/site-packages/airflow/example_dags/example_branch_day_of_week_operator.py
[2026-07-18T20:52:21.334+0000] {logging_mixin.py:190} INFO - [2026-07-18T20:52:21.334+0000] {dag.py:3239} INFO - Sync 1 DAGs
[2026-07-18T20:52:21.360+0000] {logging_mixin.py:190} INFO - [2026-07-18T20:52:21.360+0000] {dag.py:4180} INFO - Setting next_dagrun for example_weekday_branch_operator to 2026-07-17 00:00:00+00:00, run_after=2026-07-18 00:00:00+00:00
[2026-07-18T20:52:21.383+0000] {processor.py:208} INFO - Processing /home/airflow/.local/lib/python3.12/site-packages/airflow/example_dags/example_branch_day_of_week_operator.py took 0.091 seconds
[2026-07-18T20:52:52.385+0000] {processor.py:186} INFO - Started process (PID=442) to work on /home/airflow/.local/lib/python3.12/site-packages/airflow/example_dags/example_branch_day_of_week_operator.py
[2026-07-18T20:52:52.388+0000] {processor.py:914} INFO - Processing file /home/airflow/.local/lib/python3.12/site-packages/airflow/example_dags/example_branch_day_of_week_operator.py for tasks to queue
[2026-07-18T20:52:52.391+0000] {logging_mixin.py:190} INFO - [2026-07-18T20:52:52.391+0000] {dagbag.py:588} INFO - Filling up the DagBag from /home/airflow/.local/lib/python3.12/site-packages/airflow/example_dags/example_branch_day_of_week_operator.py
[2026-07-18T20:52:52.403+0000] {processor.py:925} INFO - DAG(s) 'example_weekday_branch_operator' retrieved from /home/airflow/.local/lib/python3.12/site-packages/airflow/example_dags/example_branch_day_of_week_operator.py
[2026-07-18T20:52:52.424+0000] {logging_mixin.py:190} INFO - [2026-07-18T20:52:52.423+0000] {dag.py:3239} INFO - Sync 1 DAGs
[2026-07-18T20:52:52.448+0000] {logging_mixin.py:190} INFO - [2026-07-18T20:52:52.448+0000] {dag.py:4180} INFO - Setting next_dagrun for example_weekday_branch_operator to 2026-07-17 00:00:00+00:00, run_after=2026-07-18 00:00:00+00:00
[2026-07-18T20:52:52.469+0000] {processor.py:208} INFO - Processing /home/airflow/.local/lib/python3.12/site-packages/airflow/example_dags/example_branch_day_of_week_operator.py took 0.093 seconds
[2026-07-18T20:53:23.018+0000] {processor.py:186} INFO - Started process (PID=505) to work on /home/airflow/.local/lib/python3.12/site-packages/airflow/example_dags/example_branch_day_of_week_operator.py
[2026-07-18T20:53:23.019+0000] {processor.py:914} INFO - Processing file /home/airflow/.local/lib/python3.12/site-packages/airflow/example_dags/example_branch_day_of_week_operator.py for tasks to queue
[2026-07-18T20:53:23.022+0000] {logging_mixin.py:190} INFO - [2026-07-18T20:53:23.021+0000] {dagbag.py:588} INFO - Filling up the DagBag from /home/airflow/.local/lib/python3.12/site-packages/airflow/example_dags/example_branch_day_of_week_operator.py
[2026-07-18T20:53:23.031+0000] {processor.py:925} INFO - DAG(s) 'example_weekday_branch_operator' retrieved from /home/airflow/.local/lib/python3.12/site-packages/airflow/example_dags/example_branch_day_of_week_operator.py
[2026-07-18T20:53:23.049+0000] {logging_mixin.py:190} INFO - [2026-07-18T20:53:23.049+0000] {dag.py:3239} INFO - Sync 1 DAGs
[2026-07-18T20:53:23.070+0000] {logging_mixin.py:190} INFO - [2026-07-18T20:53:23.070+0000] {dag.py:4180} INFO - Setting next_dagrun for example_weekday_branch_operator to 2026-07-17 00:00:00+00:00, run_after=2026-07-18 00:00:00+00:00
[2026-07-18T20:53:23.087+0000] {processor.py:208} INFO - Processing /home/airflow/.local/lib/python3.12/site-packages/airflow/example_dags/example_branch_day_of_week_operator.py took 0.074 seconds
[2026-07-18T20:53:53.770+0000] {processor.py:186} INFO - Started process (PID=568) to work on /home/airflow/.local/lib/python3.12/site-packages/airflow/example_dags/example_branch_day_of_week_operator.py
[2026-07-18T20:53:53.771+0000] {processor.py:914} INFO - Processing file /home/airflow/.local/lib/python3.12/site-packages/airflow/example_dags/example_branch_day_of_week_operator.py for tasks to queue
[2026-07-18T20:53:53.774+0000] {logging_mixin.py:190} INFO - [2026-07-18T20:53:53.773+0000] {dagbag.py:588} INFO - Filling up the DagBag from /home/airflow/.local/lib/python3.12/site-packages/airflow/example_dags/example_branch_day_of_week_operator.py
[2026-07-18T20:53:53.782+0000] {processor.py:925} INFO - DAG(s) 'example_weekday_branch_operator' retrieved from /home/airflow/.local/lib/python3.12/site-packages/airflow/example_dags/example_branch_day_of_week_operator.py
[2026-07-18T20:53:53.799+0000] {logging_mixin.py:190} INFO - [2026-07-18T20:53:53.799+0000] {dag.py:3239} INFO - Sync 1 DAGs
[2026-07-18T20:53:53.818+0000] {logging_mixin.py:190} INFO - [2026-07-18T20:53:53.818+0000] {dag.py:4180} INFO - Setting next_dagrun for example_weekday_branch_operator to 2026-07-17 00:00:00+00:00, run_after=2026-07-18 00:00:00+00:00
[2026-07-18T20:53:53.834+0000] {processor.py:208} INFO - Processing /home/airflow/.local/lib/python3.12/site-packages/airflow/example_dags/example_branch_day_of_week_operator.py took 0.069 seconds
[2026-07-18T20:54:24.470+0000] {processor.py:186} INFO - Started process (PID=631) to work on /home/airflow/.local/lib/python3.12/site-packages/airflow/example_dags/example_branch_day_of_week_operator.py
[2026-07-18T20:54:24.471+0000] {processor.py:914} INFO - Processing file /home/airflow/.local/lib/python3.12/site-packages/airflow/example_dags/example_branch_day_of_week_operator.py for tasks to queue
[2026-07-18T20:54:24.474+0000] {logging_mixin.py:190} INFO - [2026-07-18T20:54:24.473+0000] {dagbag.py:588} INFO - Filling up the DagBag from /home/airflow/.local/lib/python3.12/site-packages/airflow/example_dags/example_branch_day_of_week_operator.py
[2026-07-18T20:54:24.482+0000] {processor.py:925} INFO - DAG(s) 'example_weekday_branch_operator' retrieved from /home/airflow/.local/lib/python3.12/site-packages/airflow/example_dags/example_branch_day_of_week_operator.py
[2026-07-18T20:54:24.498+0000] {logging_mixin.py:190} INFO - [2026-07-18T20:54:24.498+0000] {dag.py:3239} INFO - Sync 1 DAGs
[2026-07-18T20:54:24.516+0000] {logging_mixin.py:190} INFO - [2026-07-18T20:54:24.516+0000] {dag.py:4180} INFO - Setting next_dagrun for example_weekday_branch_operator to 2026-07-17 00:00:00+00:00, run_after=2026-07-18 00:00:00+00:00
[2026-07-18T20:54:24.531+0000] {processor.py:208} INFO - Processing /home/airflow/.local/lib/python3.12/site-packages/airflow/example_dags/example_branch_day_of_week_operator.py took 0.065 seconds
[2026-07-18T20:54:54.637+0000] {processor.py:186} INFO - Started process (PID=694) to work on /home/airflow/.local/lib/python3.12/site-packages/airflow/example_dags/example_branch_day_of_week_operator.py
[2026-07-18T20:54:54.639+0000] {processor.py:914} INFO - Processing file /home/airflow/.local/lib/python3.12/site-packages/airflow/example_dags/example_branch_day_of_week_operator.py for tasks to queue
[2026-07-18T20:54:54.641+0000] {logging_mixin.py:190} INFO - [2026-07-18T20:54:54.640+0000] {dagbag.py:588} INFO - Filling up the DagBag from /home/airflow/.local/lib/python3.12/site-packages/airflow/example_dags/example_branch_day_of_week_operator.py
[2026-07-18T20:54:54.649+0000] {processor.py:925} INFO - DAG(s) 'example_weekday_branch_operator' retrieved from /home/airflow/.local/lib/python3.12/site-packages/airflow/example_dags/example_branch_day_of_week_operator.py
[2026-07-18T20:54:54.665+0000] {logging_mixin.py:190} INFO - [2026-07-18T20:54:54.665+0000] {dag.py:3239} INFO - Sync 1 DAGs
[2026-07-18T20:54:54.683+0000] {logging_mixin.py:190} INFO - [2026-07-18T20:54:54.683+0000] {dag.py:4180} INFO - Setting next_dagrun for example_weekday_branch_operator to 2026-07-17 00:00:00+00:00, run_after=2026-07-18 00:00:00+00:00
[2026-07-18T20:54:54.698+0000] {processor.py:208} INFO - Processing /home/airflow/.local/lib/python3.12/site-packages/airflow/example_dags/example_branch_day_of_week_operator.py took 0.066 seconds
[2026-07-18T20:55:25.234+0000] {processor.py:186} INFO - Started process (PID=757) to work on /home/airflow/.local/lib/python3.12/site-packages/airflow/example_dags/example_branch_day_of_week_operator.py
[2026-07-18T20:55:25.235+0000] {processor.py:914} INFO - Processing file /home/airflow/.local/lib/python3.12/site-packages/airflow/example_dags/example_branch_day_of_week_operator.py for tasks to queue
[2026-07-18T20:55:25.238+0000] {logging_mixin.py:190} INFO - [2026-07-18T20:55:25.237+0000] {dagbag.py:588} INFO - Filling up the DagBag from /home/airflow/.local/lib/python3.12/site-packages/airflow/example_dags/example_branch_day_of_week_operator.py
[2026-07-18T20:55:25.248+0000] {processor.py:925} INFO - DAG(s) 'example_weekday_branch_operator' retrieved from /home/airflow/.local/lib/python3.12/site-packages/airflow/example_dags/example_branch_day_of_week_operator.py
[2026-07-18T20:55:25.268+0000] {logging_mixin.py:190} INFO - [2026-07-18T20:55:25.267+0000] {dag.py:3239} INFO - Sync 1 DAGs
[2026-07-18T20:55:25.288+0000] {logging_mixin.py:190} INFO - [2026-07-18T20:55:25.288+0000] {dag.py:4180} INFO - Setting next_dagrun for example_weekday_branch_operator to 2026-07-17 00:00:00+00:00, run_after=2026-07-18 00:00:00+00:00
[2026-07-18T20:55:25.304+0000] {processor.py:208} INFO - Processing /home/airflow/.local/lib/python3.12/site-packages/airflow/example_dags/example_branch_day_of_week_operator.py took 0.076 seconds
[2026-07-18T20:55:55.816+0000] {processor.py:186} INFO - Started process (PID=820) to work on /home/airflow/.local/lib/python3.12/site-packages/airflow/example_dags/example_branch_day_of_week_operator.py
[2026-07-18T20:55:55.817+0000] {processor.py:914} INFO - Processing file /home/airflow/.local/lib/python3.12/site-packages/airflow/example_dags/example_branch_day_of_week_operator.py for tasks to queue
[2026-07-18T20:55:55.820+0000] {logging_mixin.py:190} INFO - [2026-07-18T20:55:55.820+0000] {dagbag.py:588} INFO - Filling up the DagBag from /home/airflow/.local/lib/python3.12/site-packages/airflow/example_dags/example_branch_day_of_week_operator.py
[2026-07-18T20:55:55.831+0000] {processor.py:925} INFO - DAG(s) 'example_weekday_branch_operator' retrieved from /home/airflow/.local/lib/python3.12/site-packages/airflow/example_dags/example_branch_day_of_week_operator.py
[2026-07-18T20:55:55.854+0000] {logging_mixin.py:190} INFO - [2026-07-18T20:55:55.853+0000] {dag.py:3239} INFO - Sync 1 DAGs
[2026-07-18T20:55:55.873+0000] {logging_mixin.py:190} INFO - [2026-07-18T20:55:55.873+0000] {dag.py:4180} INFO - Setting next_dagrun for example_weekday_branch_operator to 2026-07-17 00:00:00+00:00, run_after=2026-07-18 00:00:00+00:00
[2026-07-18T20:55:55.889+0000] {processor.py:208} INFO - Processing /home/airflow/.local/lib/python3.12/site-packages/airflow/example_dags/example_branch_day_of_week_operator.py took 0.077 seconds
[2026-07-18T20:56:26.108+0000] {processor.py:186} INFO - Started process (PID=883) to work on /home/airflow/.local/lib/python3.12/site-packages/airflow/example_dags/example_branch_day_of_week_operator.py
[2026-07-18T20:56:26.109+0000] {processor.py:914} INFO - Processing file /home/airflow/.local/lib/python3.12/site-packages/airflow/example_dags/example_branch_day_of_week_operator.py for tasks to queue
[2026-07-18T20:56:26.111+0000] {logging_mixin.py:190} INFO - [2026-07-18T20:56:26.111+0000] {dagbag.py:588} INFO - Filling up the DagBag from /home/airflow/.local/lib/python3.12/site-packages/airflow/example_dags/example_branch_day_of_week_operator.py
[2026-07-18T20:56:26.120+0000] {processor.py:925} INFO - DAG(s) 'example_weekday_branch_operator' retrieved from /home/airflow/.local/lib/python3.12/site-packages/airflow/example_dags/example_branch_day_of_week_operator.py
[2026-07-18T20:56:26.136+0000] {logging_mixin.py:190} INFO - [2026-07-18T20:56:26.136+0000] {dag.py:3239} INFO - Sync 1 DAGs
[2026-07-18T20:56:26.154+0000] {logging_mixin.py:190} INFO - [2026-07-18T20:56:26.154+0000] {dag.py:4180} INFO - Setting next_dagrun for example_weekday_branch_operator to 2026-07-17 00:00:00+00:00, run_after=2026-07-18 00:00:00+00:00
[2026-07-18T20:56:26.169+0000] {processor.py:208} INFO - Processing /home/airflow/.local/lib/python3.12/site-packages/airflow/example_dags/example_branch_day_of_week_operator.py took 0.066 seconds
[2026-07-18T20:56:56.864+0000] {processor.py:186} INFO - Started process (PID=946) to work on /home/airflow/.local/lib/python3.12/site-packages/airflow/example_dags/example_branch_day_of_week_operator.py
[2026-07-18T20:56:56.865+0000] {processor.py:914} INFO - Processing file /home/airflow/.local/lib/python3.12/site-packages/airflow/example_dags/example_branch_day_of_week_operator.py for tasks to queue
[2026-07-18T20:56:56.868+0000] {logging_mixin.py:190} INFO - [2026-07-18T20:56:56.868+0000] {dagbag.py:588} INFO - Filling up the DagBag from /home/airflow/.local/lib/python3.12/site-packages/airflow/example_dags/example_branch_day_of_week_operator.py
[2026-07-18T20:56:56.876+0000] {processor.py:925} INFO - DAG(s) 'example_weekday_branch_operator' retrieved from /home/airflow/.local/lib/python3.12/site-packages/airflow/example_dags/example_branch_day_of_week_operator.py
[2026-07-18T20:56:56.892+0000] {logging_mixin.py:190} INFO - [2026-07-18T20:56:56.892+0000] {dag.py:3239} INFO - Sync 1 DAGs
[2026-07-18T20:56:56.910+0000] {logging_mixin.py:190} INFO - [2026-07-18T20:56:56.910+0000] {dag.py:4180} INFO - Setting next_dagrun for example_weekday_branch_operator to 2026-07-17 00:00:00+00:00, run_after=2026-07-18 00:00:00+00:00
[2026-07-18T20:56:56.925+0000] {processor.py:208} INFO - Processing /home/airflow/.local/lib/python3.12/site-packages/airflow/example_dags/example_branch_day_of_week_operator.py took 0.066 seconds
[2026-07-18T20:57:27.544+0000] {processor.py:186} INFO - Started process (PID=1009) to work on /home/airflow/.local/lib/python3.12/site-packages/airflow/example_dags/example_branch_day_of_week_operator.py
[2026-07-18T20:57:27.545+0000] {processor.py:914} INFO - Processing file /home/airflow/.local/lib/python3.12/site-packages/airflow/example_dags/example_branch_day_of_week_operator.py for tasks to queue
[2026-07-18T20:57:27.548+0000] {logging_mixin.py:190} INFO - [2026-07-18T20:57:27.547+0000] {dagbag.py:588} INFO - Filling up the DagBag from /home/airflow/.local/lib/python3.12/site-packages/airflow/example_dags/example_branch_day_of_week_operator.py
[2026-07-18T20:57:27.556+0000] {processor.py:925} INFO - DAG(s) 'example_weekday_branch_operator' retrieved from /home/airflow/.local/lib/python3.12/site-packages/airflow/example_dags/example_branch_day_of_week_operator.py
[2026-07-18T20:57:27.572+0000] {logging_mixin.py:190} INFO - [2026-07-18T20:57:27.572+0000] {dag.py:3239} INFO - Sync 1 DAGs
[2026-07-18T20:57:27.590+0000] {logging_mixin.py:190} INFO - [2026-07-18T20:57:27.590+0000] {dag.py:4180} INFO - Setting next_dagrun for example_weekday_branch_operator to 2026-07-17 00:00:00+00:00, run_after=2026-07-18 00:00:00+00:00
[2026-07-18T20:57:27.605+0000] {processor.py:208} INFO - Processing /home/airflow/.local/lib/python3.12/site-packages/airflow/example_dags/example_branch_day_of_week_operator.py took 0.066 seconds
[2026-07-18T20:57:57.993+0000] {processor.py:186} INFO - Started process (PID=1072) to work on /home/airflow/.local/lib/python3.12/site-packages/airflow/example_dags/example_branch_day_of_week_operator.py
[2026-07-18T20:57:57.995+0000] {processor.py:914} INFO - Processing file /home/airflow/.local/lib/python3.12/site-packages/airflow/example_dags/example_branch_day_of_week_operator.py for tasks to queue
[2026-07-18T20:57:57.999+0000] {logging_mixin.py:190} INFO - [2026-07-18T20:57:57.999+0000] {dagbag.py:588} INFO - Filling up the DagBag from /home/airflow/.local/lib/python3.12/site-packages/airflow/example_dags/example_branch_day_of_week_operator.py
[2026-07-18T20:57:58.011+0000] {processor.py:925} INFO - DAG(s) 'example_weekday_branch_operator' retrieved from /home/airflow/.local/lib/python3.12/site-packages/airflow/example_dags/example_branch_day_of_week_operator.py
[2026-07-18T20:57:58.032+0000] {logging_mixin.py:190} INFO - [2026-07-18T20:57:58.032+0000] {dag.py:3239} INFO - Sync 1 DAGs
[2026-07-18T20:57:58.057+0000] {logging_mixin.py:190} INFO - [2026-07-18T20:57:58.056+0000] {dag.py:4180} INFO - Setting next_dagrun for example_weekday_branch_operator to 2026-07-17 00:00:00+00:00, run_after=2026-07-18 00:00:00+00:00
[2026-07-18T20:57:58.074+0000] {processor.py:208} INFO - Processing /home/airflow/.local/lib/python3.12/site-packages/airflow/example_dags/example_branch_day_of_week_operator.py took 0.087 seconds
[2026-07-18T20:58:29.092+0000] {processor.py:186} INFO - Started process (PID=1135) to work on /home/airflow/.local/lib/python3.12/site-packages/airflow/example_dags/example_branch_day_of_week_operator.py
[2026-07-18T20:58:29.093+0000] {processor.py:914} INFO - Processing file /home/airflow/.local/lib/python3.12/site-packages/airflow/example_dags/example_branch_day_of_week_operator.py for tasks to queue
[2026-07-18T20:58:29.097+0000] {logging_mixin.py:190} INFO - [2026-07-18T20:58:29.096+0000] {dagbag.py:588} INFO - Filling up the DagBag from /home/airflow/.local/lib/python3.12/site-packages/airflow/example_dags/example_branch_day_of_week_operator.py
[2026-07-18T20:58:29.109+0000] {processor.py:925} INFO - DAG(s) 'example_weekday_branch_operator' retrieved from /home/airflow/.local/lib/python3.12/site-packages/airflow/example_dags/example_branch_day_of_week_operator.py
[2026-07-18T20:58:29.129+0000] {logging_mixin.py:190} INFO - [2026-07-18T20:58:29.129+0000] {dag.py:3239} INFO - Sync 1 DAGs
[2026-07-18T20:58:29.149+0000] {logging_mixin.py:190} INFO - [2026-07-18T20:58:29.149+0000] {dag.py:4180} INFO - Setting next_dagrun for example_weekday_branch_operator to 2026-07-17 00:00:00+00:00, run_after=2026-07-18 00:00:00+00:00
[2026-07-18T20:58:29.165+0000] {processor.py:208} INFO - Processing /home/airflow/.local/lib/python3.12/site-packages/airflow/example_dags/example_branch_day_of_week_operator.py took 0.081 seconds
[2026-07-18T20:59:00.059+0000] {processor.py:186} INFO - Started process (PID=1198) to work on /home/airflow/.local/lib/python3.12/site-packages/airflow/example_dags/example_branch_day_of_week_operator.py
[2026-07-18T20:59:00.061+0000] {processor.py:914} INFO - Processing file /home/airflow/.local/lib/python3.12/site-packages/airflow/example_dags/example_branch_day_of_week_operator.py for tasks to queue
[2026-07-18T20:59:00.066+0000] {logging_mixin.py:190} INFO - [2026-07-18T20:59:00.065+0000] {dagbag.py:588} INFO - Filling up the DagBag from /home/airflow/.local/lib/python3.12/site-packages/airflow/example_dags/example_branch_day_of_week_operator.py
[2026-07-18T20:59:00.081+0000] {processor.py:925} INFO - DAG(s) 'example_weekday_branch_operator' retrieved from /home/airflow/.local/lib/python3.12/site-packages/airflow/example_dags/example_branch_day_of_week_operator.py
[2026-07-18T20:59:00.111+0000] {logging_mixin.py:190} INFO - [2026-07-18T20:59:00.110+0000] {dag.py:3239} INFO - Sync 1 DAGs
[2026-07-18T20:59:00.149+0000] {logging_mixin.py:190} INFO - [2026-07-18T20:59:00.149+0000] {dag.py:4180} INFO - Setting next_dagrun for example_weekday_branch_operator to 2026-07-17 00:00:00+00:00, run_after=2026-07-18 00:00:00+00:00
[2026-07-18T20:59:00.173+0000] {processor.py:208} INFO - Processing /home/airflow/.local/lib/python3.12/site-packages/airflow/example_dags/example_branch_day_of_week_operator.py took 0.122 seconds
[2026-07-18T20:59:31.343+0000] {processor.py:186} INFO - Started process (PID=1261) to work on /home/airflow/.local/lib/python3.12/site-packages/airflow/example_dags/example_branch_day_of_week_operator.py
[2026-07-18T20:59:31.344+0000] {processor.py:914} INFO - Processing file /home/airflow/.local/lib/python3.12/site-packages/airflow/example_dags/example_branch_day_of_week_operator.py for tasks to queue
[2026-07-18T20:59:31.347+0000] {logging_mixin.py:190} INFO - [2026-07-18T20:59:31.347+0000] {dagbag.py:588} INFO - Filling up the DagBag from /home/airflow/.local/lib/python3.12/site-packages/airflow/example_dags/example_branch_day_of_week_operator.py
[2026-07-18T20:59:31.357+0000] {processor.py:925} INFO - DAG(s) 'example_weekday_branch_operator' retrieved from /home/airflow/.local/lib/python3.12/site-packages/airflow/example_dags/example_branch_day_of_week_operator.py
[2026-07-18T20:59:31.378+0000] {logging_mixin.py:190} INFO - [2026-07-18T20:59:31.377+0000] {dag.py:3239} INFO - Sync 1 DAGs
[2026-07-18T20:59:31.399+0000] {logging_mixin.py:190} INFO - [2026-07-18T20:59:31.399+0000] {dag.py:4180} INFO - Setting next_dagrun for example_weekday_branch_operator to 2026-07-17 00:00:00+00:00, run_after=2026-07-18 00:00:00+00:00
[2026-07-18T20:59:31.417+0000] {processor.py:208} INFO - Processing /home/airflow/.local/lib/python3.12/site-packages/airflow/example_dags/example_branch_day_of_week_operator.py took 0.080 seconds
[2026-07-18T21:00:02.032+0000] {processor.py:186} INFO - Started process (PID=1324) to work on /home/airflow/.local/lib/python3.12/site-packages/airflow/example_dags/example_branch_day_of_week_operator.py
[2026-07-18T21:00:02.033+0000] {processor.py:914} INFO - Processing file /home/airflow/.local/lib/python3.12/site-packages/airflow/example_dags/example_branch_day_of_week_operator.py for tasks to queue
[2026-07-18T21:00:02.035+0000] {logging_mixin.py:190} INFO - [2026-07-18T21:00:02.035+0000] {dagbag.py:588} INFO - Filling up the DagBag from /home/airflow/.local/lib/python3.12/site-packages/airflow/example_dags/example_branch_day_of_week_operator.py
[2026-07-18T21:00:02.044+0000] {processor.py:925} INFO - DAG(s) 'example_weekday_branch_operator' retrieved from /home/airflow/.local/lib/python3.12/site-packages/airflow/example_dags/example_branch_day_of_week_operator.py
[2026-07-18T21:00:02.065+0000] {logging_mixin.py:190} INFO - [2026-07-18T21:00:02.065+0000] {dag.py:3239} INFO - Sync 1 DAGs
[2026-07-18T21:00:02.085+0000] {logging_mixin.py:190} INFO - [2026-07-18T21:00:02.085+0000] {dag.py:4180} INFO - Setting next_dagrun for example_weekday_branch_operator to 2026-07-17 00:00:00+00:00, run_after=2026-07-18 00:00:00+00:00
[2026-07-18T21:00:02.100+0000] {processor.py:208} INFO - Processing /home/airflow/.local/lib/python3.12/site-packages/airflow/example_dags/example_branch_day_of_week_operator.py took 0.073 seconds
[2026-07-18T21:00:33.036+0000] {processor.py:186} INFO - Started process (PID=1387) to work on /home/airflow/.local/lib/python3.12/site-packages/airflow/example_dags/example_branch_day_of_week_operator.py
[2026-07-18T21:00:33.037+0000] {processor.py:914} INFO - Processing file /home/airflow/.local/lib/python3.12/site-packages/airflow/example_dags/example_branch_day_of_week_operator.py for tasks to queue
[2026-07-18T21:00:33.040+0000] {logging_mixin.py:190} INFO - [2026-07-18T21:00:33.040+0000] {dagbag.py:588} INFO - Filling up the DagBag from /home/airflow/.local/lib/python3.12/site-packages/airflow/example_dags/example_branch_day_of_week_operator.py
[2026-07-18T21:00:33.048+0000] {processor.py:925} INFO - DAG(s) 'example_weekday_branch_operator' retrieved from /home/airflow/.local/lib/python3.12/site-packages/airflow/example_dags/example_branch_day_of_week_operator.py
[2026-07-18T21:00:33.066+0000] {logging_mixin.py:190} INFO - [2026-07-18T21:00:33.065+0000] {dag.py:3239} INFO - Sync 1 DAGs
[2026-07-18T21:00:33.085+0000] {logging_mixin.py:190} INFO - [2026-07-18T21:00:33.084+0000] {dag.py:4180} INFO - Setting next_dagrun for example_weekday_branch_operator to 2026-07-17 00:00:00+00:00, run_after=2026-07-18 00:00:00+00:00
[2026-07-18T21:00:33.101+0000] {processor.py:208} INFO - Processing /home/airflow/.local/lib/python3.12/site-packages/airflow/example_dags/example_branch_day_of_week_operator.py took 0.070 seconds
[2026-07-18T21:01:08.933+0000] {processor.py:186} INFO - Started process (PID=1456) to work on /home/airflow/.local/lib/python3.12/site-packages/airflow/example_dags/example_branch_day_of_week_operator.py
[2026-07-18T21:01:08.936+0000] {processor.py:914} INFO - Processing file /home/airflow/.local/lib/python3.12/site-packages/airflow/example_dags/example_branch_day_of_week_operator.py for tasks to queue
[2026-07-18T21:01:08.943+0000] {logging_mixin.py:190} INFO - [2026-07-18T21:01:08.942+0000] {dagbag.py:588} INFO - Filling up the DagBag from /home/airflow/.local/lib/python3.12/site-packages/airflow/example_dags/example_branch_day_of_week_operator.py
[2026-07-18T21:01:08.971+0000] {processor.py:925} INFO - DAG(s) 'example_weekday_branch_operator' retrieved from /home/airflow/.local/lib/python3.12/site-packages/airflow/example_dags/example_branch_day_of_week_operator.py
[2026-07-18T21:01:09.032+0000] {logging_mixin.py:190} INFO - [2026-07-18T21:01:09.031+0000] {dag.py:3239} INFO - Sync 1 DAGs
[2026-07-18T21:01:09.083+0000] {logging_mixin.py:190} INFO - [2026-07-18T21:01:09.082+0000] {dag.py:4180} INFO - Setting next_dagrun for example_weekday_branch_operator to 2026-07-17 00:00:00+00:00, run_after=2026-07-18 00:00:00+00:00
[2026-07-18T21:01:09.183+0000] {processor.py:208} INFO - Processing /home/airflow/.local/lib/python3.12/site-packages/airflow/example_dags/example_branch_day_of_week_operator.py took 0.263 seconds
[2026-07-18T21:01:39.983+0000] {processor.py:186} INFO - Started process (PID=1519) to work on /home/airflow/.local/lib/python3.12/site-packages/airflow/example_dags/example_branch_day_of_week_operator.py
[2026-07-18T21:01:39.987+0000] {processor.py:914} INFO - Processing file /home/airflow/.local/lib/python3.12/site-packages/airflow/example_dags/example_branch_day_of_week_operator.py for tasks to queue
[2026-07-18T21:01:39.994+0000] {logging_mixin.py:190} INFO - [2026-07-18T21:01:39.993+0000] {dagbag.py:588} INFO - Filling up the DagBag from /home/airflow/.local/lib/python3.12/site-packages/airflow/example_dags/example_branch_day_of_week_operator.py
[2026-07-18T21:01:40.024+0000] {processor.py:925} INFO - DAG(s) 'example_weekday_branch_operator' retrieved from /home/airflow/.local/lib/python3.12/site-packages/airflow/example_dags/example_branch_day_of_week_operator.py
[2026-07-18T21:01:40.080+0000] {logging_mixin.py:190} INFO - [2026-07-18T21:01:40.079+0000] {dag.py:3239} INFO - Sync 1 DAGs
[2026-07-18T21:01:40.134+0000] {logging_mixin.py:190} INFO - [2026-07-18T21:01:40.134+0000] {dag.py:4180} INFO - Setting next_dagrun for example_weekday_branch_operator to 2026-07-17 00:00:00+00:00, run_after=2026-07-18 00:00:00+00:00
[2026-07-18T21:01:40.162+0000] {processor.py:208} INFO - Processing /home/airflow/.local/lib/python3.12/site-packages/airflow/example_dags/example_branch_day_of_week_operator.py took 0.193 seconds
[2026-07-18T21:02:10.590+0000] {processor.py:186} INFO - Started process (PID=1581) to work on /home/airflow/.local/lib/python3.12/site-packages/airflow/example_dags/example_branch_day_of_week_operator.py
[2026-07-18T21:02:10.594+0000] {processor.py:914} INFO - Processing file /home/airflow/.local/lib/python3.12/site-packages/airflow/example_dags/example_branch_day_of_week_operator.py for tasks to queue
[2026-07-18T21:02:10.602+0000] {logging_mixin.py:190} INFO - [2026-07-18T21:02:10.601+0000] {dagbag.py:588} INFO - Filling up the DagBag from /home/airflow/.local/lib/python3.12/site-packages/airflow/example_dags/example_branch_day_of_week_operator.py
[2026-07-18T21:02:10.634+0000] {processor.py:925} INFO - DAG(s) 'example_weekday_branch_operator' retrieved from /home/airflow/.local/lib/python3.12/site-packages/airflow/example_dags/example_branch_day_of_week_operator.py
[2026-07-18T21:02:10.703+0000] {logging_mixin.py:190} INFO - [2026-07-18T21:02:10.703+0000] {dag.py:3239} INFO - Sync 1 DAGs
[2026-07-18T21:02:10.770+0000] {logging_mixin.py:190} INFO - [2026-07-18T21:02:10.770+0000] {dag.py:4180} INFO - Setting next_dagrun for example_weekday_branch_operator to 2026-07-17 00:00:00+00:00, run_after=2026-07-18 00:00:00+00:00
[2026-07-18T21:02:10.809+0000] {processor.py:208} INFO - Processing /home/airflow/.local/lib/python3.12/site-packages/airflow/example_dags/example_branch_day_of_week_operator.py took 0.238 seconds
[2026-07-18T21:02:42.279+0000] {processor.py:186} INFO - Started process (PID=1646) to work on /home/airflow/.local/lib/python3.12/site-packages/airflow/example_dags/example_branch_day_of_week_operator.py
[2026-07-18T21:02:42.282+0000] {processor.py:914} INFO - Processing file /home/airflow/.local/lib/python3.12/site-packages/airflow/example_dags/example_branch_day_of_week_operator.py for tasks to queue
[2026-07-18T21:02:42.286+0000] {logging_mixin.py:190} INFO - [2026-07-18T21:02:42.286+0000] {dagbag.py:588} INFO - Filling up the DagBag from /home/airflow/.local/lib/python3.12/site-packages/airflow/example_dags/example_branch_day_of_week_operator.py
[2026-07-18T21:02:42.310+0000] {processor.py:925} INFO - DAG(s) 'example_weekday_branch_operator' retrieved from /home/airflow/.local/lib/python3.12/site-packages/airflow/example_dags/example_branch_day_of_week_operator.py
[2026-07-18T21:02:42.349+0000] {logging_mixin.py:190} INFO - [2026-07-18T21:02:42.348+0000] {dag.py:3239} INFO - Sync 1 DAGs
[2026-07-18T21:02:42.394+0000] {logging_mixin.py:190} INFO - [2026-07-18T21:02:42.393+0000] {dag.py:4180} INFO - Setting next_dagrun for example_weekday_branch_operator to 2026-07-17 00:00:00+00:00, run_after=2026-07-18 00:00:00+00:00
[2026-07-18T21:02:42.423+0000] {processor.py:208} INFO - Processing /home/airflow/.local/lib/python3.12/site-packages/airflow/example_dags/example_branch_day_of_week_operator.py took 0.153 seconds
[2026-07-18T21:03:13.952+0000] {processor.py:186} INFO - Started process (PID=1711) to work on /home/airflow/.local/lib/python3.12/site-packages/airflow/example_dags/example_branch_day_of_week_operator.py
[2026-07-18T21:03:13.954+0000] {processor.py:914} INFO - Processing file /home/airflow/.local/lib/python3.12/site-packages/airflow/example_dags/example_branch_day_of_week_operator.py for tasks to queue
[2026-07-18T21:03:13.959+0000] {logging_mixin.py:190} INFO - [2026-07-18T21:03:13.958+0000] {dagbag.py:588} INFO - Filling up the DagBag from /home/airflow/.local/lib/python3.12/site-packages/airflow/example_dags/example_branch_day_of_week_operator.py
[2026-07-18T21:03:13.973+0000] {processor.py:925} INFO - DAG(s) 'example_weekday_branch_operator' retrieved from /home/airflow/.local/lib/python3.12/site-packages/airflow/example_dags/example_branch_day_of_week_operator.py
[2026-07-18T21:03:14.007+0000] {logging_mixin.py:190} INFO - [2026-07-18T21:03:14.007+0000] {dag.py:3239} INFO - Sync 1 DAGs
[2026-07-18T21:03:14.058+0000] {logging_mixin.py:190} INFO - [2026-07-18T21:03:14.058+0000] {dag.py:4180} INFO - Setting next_dagrun for example_weekday_branch_operator to 2026-07-17 00:00:00+00:00, run_after=2026-07-18 00:00:00+00:00
[2026-07-18T21:03:14.176+0000] {processor.py:208} INFO - Processing /home/airflow/.local/lib/python3.12/site-packages/airflow/example_dags/example_branch_day_of_week_operator.py took 0.234 seconds
[2026-07-18T21:03:46.622+0000] {processor.py:186} INFO - Started process (PID=1777) to work on /home/airflow/.local/lib/python3.12/site-packages/airflow/example_dags/example_branch_day_of_week_operator.py
[2026-07-18T21:03:46.624+0000] {processor.py:914} INFO - Processing file /home/airflow/.local/lib/python3.12/site-packages/airflow/example_dags/example_branch_day_of_week_operator.py for tasks to queue
[2026-07-18T21:03:46.628+0000] {logging_mixin.py:190} INFO - [2026-07-18T21:03:46.627+0000] {dagbag.py:588} INFO - Filling up the DagBag from /home/airflow/.local/lib/python3.12/site-packages/airflow/example_dags/example_branch_day_of_week_operator.py
[2026-07-18T21:03:46.641+0000] {processor.py:925} INFO - DAG(s) 'example_weekday_branch_operator' retrieved from /home/airflow/.local/lib/python3.12/site-packages/airflow/example_dags/example_branch_day_of_week_operator.py
[2026-07-18T21:03:46.671+0000] {logging_mixin.py:190} INFO - [2026-07-18T21:03:46.671+0000] {dag.py:3239} INFO - Sync 1 DAGs
[2026-07-18T21:03:46.707+0000] {logging_mixin.py:190} INFO - [2026-07-18T21:03:46.706+0000] {dag.py:4180} INFO - Setting next_dagrun for example_weekday_branch_operator to 2026-07-17 00:00:00+00:00, run_after=2026-07-18 00:00:00+00:00
[2026-07-18T21:03:46.786+0000] {processor.py:208} INFO - Processing /home/airflow/.local/lib/python3.12/site-packages/airflow/example_dags/example_branch_day_of_week_operator.py took 0.172 seconds
[2026-07-18T21:04:17.698+0000] {processor.py:186} INFO - Started process (PID=1842) to work on /home/airflow/.local/lib/python3.12/site-packages/airflow/example_dags/example_branch_day_of_week_operator.py
[2026-07-18T21:04:17.702+0000] {processor.py:914} INFO - Processing file /home/airflow/.local/lib/python3.12/site-packages/airflow/example_dags/example_branch_day_of_week_operator.py for tasks to queue
[2026-07-18T21:04:17.710+0000] {logging_mixin.py:190} INFO - [2026-07-18T21:04:17.709+0000] {dagbag.py:588} INFO - Filling up the DagBag from /home/airflow/.local/lib/python3.12/site-packages/airflow/example_dags/example_branch_day_of_week_operator.py
[2026-07-18T21:04:17.742+0000] {processor.py:925} INFO - DAG(s) 'example_weekday_branch_operator' retrieved from /home/airflow/.local/lib/python3.12/site-packages/airflow/example_dags/example_branch_day_of_week_operator.py
[2026-07-18T21:04:17.814+0000] {logging_mixin.py:190} INFO - [2026-07-18T21:04:17.813+0000] {dag.py:3239} INFO - Sync 1 DAGs
[2026-07-18T21:04:17.896+0000] {logging_mixin.py:190} INFO - [2026-07-18T21:04:17.896+0000] {dag.py:4180} INFO - Setting next_dagrun for example_weekday_branch_operator to 2026-07-17 00:00:00+00:00, run_after=2026-07-18 00:00:00+00:00
[2026-07-18T21:04:17.952+0000] {processor.py:208} INFO - Processing /home/airflow/.local/lib/python3.12/site-packages/airflow/example_dags/example_branch_day_of_week_operator.py took 0.270 seconds
[2026-07-18T21:04:49.547+0000] {processor.py:186} INFO - Started process (PID=1905) to work on /home/airflow/.local/lib/python3.12/site-packages/airflow/example_dags/example_branch_day_of_week_operator.py
[2026-07-18T21:04:49.550+0000] {processor.py:914} INFO - Processing file /home/airflow/.local/lib/python3.12/site-packages/airflow/example_dags/example_branch_day_of_week_operator.py for tasks to queue
[2026-07-18T21:04:49.557+0000] {logging_mixin.py:190} INFO - [2026-07-18T21:04:49.556+0000] {dagbag.py:588} INFO - Filling up the DagBag from /home/airflow/.local/lib/python3.12/site-packages/airflow/example_dags/example_branch_day_of_week_operator.py
[2026-07-18T21:04:49.576+0000] {processor.py:925} INFO - DAG(s) 'example_weekday_branch_operator' retrieved from /home/airflow/.local/lib/python3.12/site-packages/airflow/example_dags/example_branch_day_of_week_operator.py
[2026-07-18T21:04:49.611+0000] {logging_mixin.py:190} INFO - [2026-07-18T21:04:49.611+0000] {dag.py:3239} INFO - Sync 1 DAGs
[2026-07-18T21:04:49.688+0000] {logging_mixin.py:190} INFO - [2026-07-18T21:04:49.688+0000] {dag.py:4180} INFO - Setting next_dagrun for example_weekday_branch_operator to 2026-07-17 00:00:00+00:00, run_after=2026-07-18 00:00:00+00:00
[2026-07-18T21:04:49.751+0000] {processor.py:208} INFO - Processing /home/airflow/.local/lib/python3.12/site-packages/airflow/example_dags/example_branch_day_of_week_operator.py took 0.219 seconds
[2026-07-18T21:05:19.985+0000] {processor.py:186} INFO - Started process (PID=1968) to work on /home/airflow/.local/lib/python3.12/site-packages/airflow/example_dags/example_branch_day_of_week_operator.py
[2026-07-18T21:05:19.986+0000] {processor.py:914} INFO - Processing file /home/airflow/.local/lib/python3.12/site-packages/airflow/example_dags/example_branch_day_of_week_operator.py for tasks to queue
[2026-07-18T21:05:19.989+0000] {logging_mixin.py:190} INFO - [2026-07-18T21:05:19.989+0000] {dagbag.py:588} INFO - Filling up the DagBag from /home/airflow/.local/lib/python3.12/site-packages/airflow/example_dags/example_branch_day_of_week_operator.py
[2026-07-18T21:05:19.997+0000] {processor.py:925} INFO - DAG(s) 'example_weekday_branch_operator' retrieved from /home/airflow/.local/lib/python3.12/site-packages/airflow/example_dags/example_branch_day_of_week_operator.py
[2026-07-18T21:05:20.015+0000] {logging_mixin.py:190} INFO - [2026-07-18T21:05:20.015+0000] {dag.py:3239} INFO - Sync 1 DAGs
[2026-07-18T21:05:20.035+0000] {logging_mixin.py:190} INFO - [2026-07-18T21:05:20.035+0000] {dag.py:4180} INFO - Setting next_dagrun for example_weekday_branch_operator to 2026-07-17 00:00:00+00:00, run_after=2026-07-18 00:00:00+00:00
[2026-07-18T21:05:20.051+0000] {processor.py:208} INFO - Processing /home/airflow/.local/lib/python3.12/site-packages/airflow/example_dags/example_branch_day_of_week_operator.py took 0.071 seconds
[2026-07-18T21:05:52.615+0000] {processor.py:186} INFO - Started process (PID=2032) to work on /home/airflow/.local/lib/python3.12/site-packages/airflow/example_dags/example_branch_day_of_week_operator.py
[2026-07-18T21:05:52.616+0000] {processor.py:914} INFO - Processing file /home/airflow/.local/lib/python3.12/site-packages/airflow/example_dags/example_branch_day_of_week_operator.py for tasks to queue
[2026-07-18T21:05:52.621+0000] {logging_mixin.py:190} INFO - [2026-07-18T21:05:52.620+0000] {dagbag.py:588} INFO - Filling up the DagBag from /home/airflow/.local/lib/python3.12/site-packages/airflow/example_dags/example_branch_day_of_week_operator.py
[2026-07-18T21:05:52.635+0000] {processor.py:925} INFO - DAG(s) 'example_weekday_branch_operator' retrieved from /home/airflow/.local/lib/python3.12/site-packages/airflow/example_dags/example_branch_day_of_week_operator.py
[2026-07-18T21:05:52.673+0000] {logging_mixin.py:190} INFO - [2026-07-18T21:05:52.672+0000] {dag.py:3239} INFO - Sync 1 DAGs
[2026-07-18T21:05:52.717+0000] {logging_mixin.py:190} INFO - [2026-07-18T21:05:52.717+0000] {dag.py:4180} INFO - Setting next_dagrun for example_weekday_branch_operator to 2026-07-17 00:00:00+00:00, run_after=2026-07-18 00:00:00+00:00
[2026-07-18T21:05:52.749+0000] {processor.py:208} INFO - Processing /home/airflow/.local/lib/python3.12/site-packages/airflow/example_dags/example_branch_day_of_week_operator.py took 0.142 seconds
[2026-07-18T21:06:23.386+0000] {processor.py:186} INFO - Started process (PID=2095) to work on /home/airflow/.local/lib/python3.12/site-packages/airflow/example_dags/example_branch_day_of_week_operator.py
[2026-07-18T21:06:23.388+0000] {processor.py:914} INFO - Processing file /home/airflow/.local/lib/python3.12/site-packages/airflow/example_dags/example_branch_day_of_week_operator.py for tasks to queue
[2026-07-18T21:06:23.393+0000] {logging_mixin.py:190} INFO - [2026-07-18T21:06:23.392+0000] {dagbag.py:588} INFO - Filling up the DagBag from /home/airflow/.local/lib/python3.12/site-packages/airflow/example_dags/example_branch_day_of_week_operator.py
[2026-07-18T21:06:23.411+0000] {processor.py:925} INFO - DAG(s) 'example_weekday_branch_operator' retrieved from /home/airflow/.local/lib/python3.12/site-packages/airflow/example_dags/example_branch_day_of_week_operator.py
[2026-07-18T21:06:23.442+0000] {logging_mixin.py:190} INFO - [2026-07-18T21:06:23.442+0000] {dag.py:3239} INFO - Sync 1 DAGs
[2026-07-18T21:06:23.473+0000] {logging_mixin.py:190} INFO - [2026-07-18T21:06:23.472+0000] {dag.py:4180} INFO - Setting next_dagrun for example_weekday_branch_operator to 2026-07-17 00:00:00+00:00, run_after=2026-07-18 00:00:00+00:00
[2026-07-18T21:06:23.502+0000] {processor.py:208} INFO - Processing /home/airflow/.local/lib/python3.12/site-packages/airflow/example_dags/example_branch_day_of_week_operator.py took 0.125 seconds
[2026-07-18T21:06:56.805+0000] {processor.py:186} INFO - Started process (PID=2159) to work on /home/airflow/.local/lib/python3.12/site-packages/airflow/example_dags/example_branch_day_of_week_operator.py
[2026-07-18T21:06:56.807+0000] {processor.py:914} INFO - Processing file /home/airflow/.local/lib/python3.12/site-packages/airflow/example_dags/example_branch_day_of_week_operator.py for tasks to queue
[2026-07-18T21:06:56.812+0000] {logging_mixin.py:190} INFO - [2026-07-18T21:06:56.812+0000] {dagbag.py:588} INFO - Filling up the DagBag from /home/airflow/.local/lib/python3.12/site-packages/airflow/example_dags/example_branch_day_of_week_operator.py
[2026-07-18T21:06:56.830+0000] {processor.py:925} INFO - DAG(s) 'example_weekday_branch_operator' retrieved from /home/airflow/.local/lib/python3.12/site-packages/airflow/example_dags/example_branch_day_of_week_operator.py
[2026-07-18T21:06:56.865+0000] {logging_mixin.py:190} INFO - [2026-07-18T21:06:56.864+0000] {dag.py:3239} INFO - Sync 1 DAGs
[2026-07-18T21:06:56.894+0000] {logging_mixin.py:190} INFO - [2026-07-18T21:06:56.893+0000] {dag.py:4180} INFO - Setting next_dagrun for example_weekday_branch_operator to 2026-07-17 00:00:00+00:00, run_after=2026-07-18 00:00:00+00:00
[2026-07-18T21:06:56.961+0000] {processor.py:208} INFO - Processing /home/airflow/.local/lib/python3.12/site-packages/airflow/example_dags/example_branch_day_of_week_operator.py took 0.167 seconds
[2026-07-18T21:07:27.739+0000] {processor.py:186} INFO - Started process (PID=2222) to work on /home/airflow/.local/lib/python3.12/site-packages/airflow/example_dags/example_branch_day_of_week_operator.py
[2026-07-18T21:07:27.741+0000] {processor.py:914} INFO - Processing file /home/airflow/.local/lib/python3.12/site-packages/airflow/example_dags/example_branch_day_of_week_operator.py for tasks to queue
[2026-07-18T21:07:27.745+0000] {logging_mixin.py:190} INFO - [2026-07-18T21:07:27.745+0000] {dagbag.py:588} INFO - Filling up the DagBag from /home/airflow/.local/lib/python3.12/site-packages/airflow/example_dags/example_branch_day_of_week_operator.py
[2026-07-18T21:07:27.757+0000] {processor.py:925} INFO - DAG(s) 'example_weekday_branch_operator' retrieved from /home/airflow/.local/lib/python3.12/site-packages/airflow/example_dags/example_branch_day_of_week_operator.py
[2026-07-18T21:07:27.785+0000] {logging_mixin.py:190} INFO - [2026-07-18T21:07:27.785+0000] {dag.py:3239} INFO - Sync 1 DAGs
[2026-07-18T21:07:27.815+0000] {logging_mixin.py:190} INFO - [2026-07-18T21:07:27.815+0000] {dag.py:4180} INFO - Setting next_dagrun for example_weekday_branch_operator to 2026-07-17 00:00:00+00:00, run_after=2026-07-18 00:00:00+00:00
[2026-07-18T21:07:27.849+0000] {processor.py:208} INFO - Processing /home/airflow/.local/lib/python3.12/site-packages/airflow/example_dags/example_branch_day_of_week_operator.py took 0.120 seconds
[2026-07-18T21:07:58.520+0000] {processor.py:186} INFO - Started process (PID=2285) to work on /home/airflow/.local/lib/python3.12/site-packages/airflow/example_dags/example_branch_day_of_week_operator.py
[2026-07-18T21:07:58.522+0000] {processor.py:914} INFO - Processing file /home/airflow/.local/lib/python3.12/site-packages/airflow/example_dags/example_branch_day_of_week_operator.py for tasks to queue
[2026-07-18T21:07:58.528+0000] {logging_mixin.py:190} INFO - [2026-07-18T21:07:58.527+0000] {dagbag.py:588} INFO - Filling up the DagBag from /home/airflow/.local/lib/python3.12/site-packages/airflow/example_dags/example_branch_day_of_week_operator.py
[2026-07-18T21:07:58.545+0000] {processor.py:925} INFO - DAG(s) 'example_weekday_branch_operator' retrieved from /home/airflow/.local/lib/python3.12/site-packages/airflow/example_dags/example_branch_day_of_week_operator.py
[2026-07-18T21:07:58.580+0000] {logging_mixin.py:190} INFO - [2026-07-18T21:07:58.580+0000] {dag.py:3239} INFO - Sync 1 DAGs
[2026-07-18T21:07:58.629+0000] {logging_mixin.py:190} INFO - [2026-07-18T21:07:58.629+0000] {dag.py:4180} INFO - Setting next_dagrun for example_weekday_branch_operator to 2026-07-17 00:00:00+00:00, run_after=2026-07-18 00:00:00+00:00
[2026-07-18T21:07:58.669+0000] {processor.py:208} INFO - Processing /home/airflow/.local/lib/python3.12/site-packages/airflow/example_dags/example_branch_day_of_week_operator.py took 0.159 seconds
[2026-07-18T21:16:23.010+0000] {processor.py:186} INFO - Started process (PID=2355) to work on /home/airflow/.local/lib/python3.12/site-packages/airflow/example_dags/example_branch_day_of_week_operator.py
[2026-07-18T21:16:23.023+0000] {processor.py:914} INFO - Processing file /home/airflow/.local/lib/python3.12/site-packages/airflow/example_dags/example_branch_day_of_week_operator.py for tasks to queue
[2026-07-18T21:16:23.038+0000] {logging_mixin.py:190} INFO - [2026-07-18T21:16:23.033+0000] {dagbag.py:588} INFO - Filling up the DagBag from /home/airflow/.local/lib/python3.12/site-packages/airflow/example_dags/example_branch_day_of_week_operator.py
[2026-07-18T21:16:23.135+0000] {processor.py:925} INFO - DAG(s) 'example_weekday_branch_operator' retrieved from /home/airflow/.local/lib/python3.12/site-packages/airflow/example_dags/example_branch_day_of_week_operator.py
[2026-07-18T21:16:23.223+0000] {logging_mixin.py:190} INFO - [2026-07-18T21:16:23.222+0000] {dag.py:3239} INFO - Sync 1 DAGs
[2026-07-18T21:16:23.355+0000] {logging_mixin.py:190} INFO - [2026-07-18T21:16:23.345+0000] {dag.py:4180} INFO - Setting next_dagrun for example_weekday_branch_operator to 2026-07-17 00:00:00+00:00, run_after=2026-07-18 00:00:00+00:00
[2026-07-18T21:16:23.521+0000] {processor.py:208} INFO - Processing /home/airflow/.local/lib/python3.12/site-packages/airflow/example_dags/example_branch_day_of_week_operator.py took 0.548 seconds
[2026-07-18T21:16:54.095+0000] {processor.py:186} INFO - Started process (PID=2418) to work on /home/airflow/.local/lib/python3.12/site-packages/airflow/example_dags/example_branch_day_of_week_operator.py
[2026-07-18T21:16:54.099+0000] {processor.py:914} INFO - Processing file /home/airflow/.local/lib/python3.12/site-packages/airflow/example_dags/example_branch_day_of_week_operator.py for tasks to queue
[2026-07-18T21:16:54.106+0000] {logging_mixin.py:190} INFO - [2026-07-18T21:16:54.105+0000] {dagbag.py:588} INFO - Filling up the DagBag from /home/airflow/.local/lib/python3.12/site-packages/airflow/example_dags/example_branch_day_of_week_operator.py
[2026-07-18T21:16:54.133+0000] {processor.py:925} INFO - DAG(s) 'example_weekday_branch_operator' retrieved from /home/airflow/.local/lib/python3.12/site-packages/airflow/example_dags/example_branch_day_of_week_operator.py
[2026-07-18T21:16:54.193+0000] {logging_mixin.py:190} INFO - [2026-07-18T21:16:54.193+0000] {dag.py:3239} INFO - Sync 1 DAGs
[2026-07-18T21:16:54.258+0000] {logging_mixin.py:190} INFO - [2026-07-18T21:16:54.257+0000] {dag.py:4180} INFO - Setting next_dagrun for example_weekday_branch_operator to 2026-07-17 00:00:00+00:00, run_after=2026-07-18 00:00:00+00:00
[2026-07-18T21:16:54.289+0000] {processor.py:208} INFO - Processing /home/airflow/.local/lib/python3.12/site-packages/airflow/example_dags/example_branch_day_of_week_operator.py took 0.205 seconds
[2026-07-18T21:17:25.335+0000] {processor.py:186} INFO - Started process (PID=2482) to work on /home/airflow/.local/lib/python3.12/site-packages/airflow/example_dags/example_branch_day_of_week_operator.py
[2026-07-18T21:17:25.338+0000] {processor.py:914} INFO - Processing file /home/airflow/.local/lib/python3.12/site-packages/airflow/example_dags/example_branch_day_of_week_operator.py for tasks to queue
[2026-07-18T21:17:25.345+0000] {logging_mixin.py:190} INFO - [2026-07-18T21:17:25.344+0000] {dagbag.py:588} INFO - Filling up the DagBag from /home/airflow/.local/lib/python3.12/site-packages/airflow/example_dags/example_branch_day_of_week_operator.py
[2026-07-18T21:17:25.365+0000] {processor.py:925} INFO - DAG(s) 'example_weekday_branch_operator' retrieved from /home/airflow/.local/lib/python3.12/site-packages/airflow/example_dags/example_branch_day_of_week_operator.py
[2026-07-18T21:17:25.422+0000] {logging_mixin.py:190} INFO - [2026-07-18T21:17:25.421+0000] {dag.py:3239} INFO - Sync 1 DAGs
[2026-07-18T21:17:25.488+0000] {logging_mixin.py:190} INFO - [2026-07-18T21:17:25.488+0000] {dag.py:4180} INFO - Setting next_dagrun for example_weekday_branch_operator to 2026-07-17 00:00:00+00:00, run_after=2026-07-18 00:00:00+00:00
[2026-07-18T21:17:25.540+0000] {processor.py:208} INFO - Processing /home/airflow/.local/lib/python3.12/site-packages/airflow/example_dags/example_branch_day_of_week_operator.py took 0.218 seconds
[2026-07-18T21:17:55.817+0000] {processor.py:186} INFO - Started process (PID=2545) to work on /home/airflow/.local/lib/python3.12/site-packages/airflow/example_dags/example_branch_day_of_week_operator.py
[2026-07-18T21:17:55.820+0000] {processor.py:914} INFO - Processing file /home/airflow/.local/lib/python3.12/site-packages/airflow/example_dags/example_branch_day_of_week_operator.py for tasks to queue
[2026-07-18T21:17:55.830+0000] {logging_mixin.py:190} INFO - [2026-07-18T21:17:55.829+0000] {dagbag.py:588} INFO - Filling up the DagBag from /home/airflow/.local/lib/python3.12/site-packages/airflow/example_dags/example_branch_day_of_week_operator.py
[2026-07-18T21:17:55.865+0000] {processor.py:925} INFO - DAG(s) 'example_weekday_branch_operator' retrieved from /home/airflow/.local/lib/python3.12/site-packages/airflow/example_dags/example_branch_day_of_week_operator.py
[2026-07-18T21:17:55.917+0000] {logging_mixin.py:190} INFO - [2026-07-18T21:17:55.917+0000] {dag.py:3239} INFO - Sync 1 DAGs
[2026-07-18T21:17:55.961+0000] {logging_mixin.py:190} INFO - [2026-07-18T21:17:55.961+0000] {dag.py:4180} INFO - Setting next_dagrun for example_weekday_branch_operator to 2026-07-17 00:00:00+00:00, run_after=2026-07-18 00:00:00+00:00
[2026-07-18T21:17:55.986+0000] {processor.py:208} INFO - Processing /home/airflow/.local/lib/python3.12/site-packages/airflow/example_dags/example_branch_day_of_week_operator.py took 0.185 seconds
[2026-07-18T21:18:26.479+0000] {processor.py:186} INFO - Started process (PID=2608) to work on /home/airflow/.local/lib/python3.12/site-packages/airflow/example_dags/example_branch_day_of_week_operator.py
[2026-07-18T21:18:26.482+0000] {processor.py:914} INFO - Processing file /home/airflow/.local/lib/python3.12/site-packages/airflow/example_dags/example_branch_day_of_week_operator.py for tasks to queue
[2026-07-18T21:18:26.488+0000] {logging_mixin.py:190} INFO - [2026-07-18T21:18:26.487+0000] {dagbag.py:588} INFO - Filling up the DagBag from /home/airflow/.local/lib/python3.12/site-packages/airflow/example_dags/example_branch_day_of_week_operator.py
[2026-07-18T21:18:26.510+0000] {processor.py:925} INFO - DAG(s) 'example_weekday_branch_operator' retrieved from /home/airflow/.local/lib/python3.12/site-packages/airflow/example_dags/example_branch_day_of_week_operator.py
[2026-07-18T21:18:26.549+0000] {logging_mixin.py:190} INFO - [2026-07-18T21:18:26.548+0000] {dag.py:3239} INFO - Sync 1 DAGs
[2026-07-18T21:18:26.600+0000] {logging_mixin.py:190} INFO - [2026-07-18T21:18:26.600+0000] {dag.py:4180} INFO - Setting next_dagrun for example_weekday_branch_operator to 2026-07-17 00:00:00+00:00, run_after=2026-07-18 00:00:00+00:00
[2026-07-18T21:18:26.633+0000] {processor.py:208} INFO - Processing /home/airflow/.local/lib/python3.12/site-packages/airflow/example_dags/example_branch_day_of_week_operator.py took 0.169 seconds
[2026-07-18T21:18:57.308+0000] {processor.py:186} INFO - Started process (PID=2670) to work on /home/airflow/.local/lib/python3.12/site-packages/airflow/example_dags/example_branch_day_of_week_operator.py
[2026-07-18T21:18:57.310+0000] {processor.py:914} INFO - Processing file /home/airflow/.local/lib/python3.12/site-packages/airflow/example_dags/example_branch_day_of_week_operator.py for tasks to queue
[2026-07-18T21:18:57.315+0000] {logging_mixin.py:190} INFO - [2026-07-18T21:18:57.314+0000] {dagbag.py:588} INFO - Filling up the DagBag from /home/airflow/.local/lib/python3.12/site-packages/airflow/example_dags/example_branch_day_of_week_operator.py
[2026-07-18T21:18:57.331+0000] {processor.py:925} INFO - DAG(s) 'example_weekday_branch_operator' retrieved from /home/airflow/.local/lib/python3.12/site-packages/airflow/example_dags/example_branch_day_of_week_operator.py
[2026-07-18T21:18:57.367+0000] {logging_mixin.py:190} INFO - [2026-07-18T21:18:57.366+0000] {dag.py:3239} INFO - Sync 1 DAGs
[2026-07-18T21:18:57.411+0000] {logging_mixin.py:190} INFO - [2026-07-18T21:18:57.411+0000] {dag.py:4180} INFO - Setting next_dagrun for example_weekday_branch_operator to 2026-07-17 00:00:00+00:00, run_after=2026-07-18 00:00:00+00:00
[2026-07-18T21:18:57.452+0000] {processor.py:208} INFO - Processing /home/airflow/.local/lib/python3.12/site-packages/airflow/example_dags/example_branch_day_of_week_operator.py took 0.154 seconds
[2026-07-18T21:19:28.193+0000] {processor.py:186} INFO - Started process (PID=2733) to work on /home/airflow/.local/lib/python3.12/site-packages/airflow/example_dags/example_branch_day_of_week_operator.py
[2026-07-18T21:19:28.195+0000] {processor.py:914} INFO - Processing file /home/airflow/.local/lib/python3.12/site-packages/airflow/example_dags/example_branch_day_of_week_operator.py for tasks to queue
[2026-07-18T21:19:28.200+0000] {logging_mixin.py:190} INFO - [2026-07-18T21:19:28.199+0000] {dagbag.py:588} INFO - Filling up the DagBag from /home/airflow/.local/lib/python3.12/site-packages/airflow/example_dags/example_branch_day_of_week_operator.py
[2026-07-18T21:19:28.215+0000] {processor.py:925} INFO - DAG(s) 'example_weekday_branch_operator' retrieved from /home/airflow/.local/lib/python3.12/site-packages/airflow/example_dags/example_branch_day_of_week_operator.py
[2026-07-18T21:19:28.244+0000] {logging_mixin.py:190} INFO - [2026-07-18T21:19:28.244+0000] {dag.py:3239} INFO - Sync 1 DAGs
[2026-07-18T21:19:28.277+0000] {logging_mixin.py:190} INFO - [2026-07-18T21:19:28.277+0000] {dag.py:4180} INFO - Setting next_dagrun for example_weekday_branch_operator to 2026-07-17 00:00:00+00:00, run_after=2026-07-18 00:00:00+00:00
[2026-07-18T21:19:28.306+0000] {processor.py:208} INFO - Processing /home/airflow/.local/lib/python3.12/site-packages/airflow/example_dags/example_branch_day_of_week_operator.py took 0.121 seconds
[2026-07-18T21:19:58.748+0000] {processor.py:186} INFO - Started process (PID=2796) to work on /home/airflow/.local/lib/python3.12/site-packages/airflow/example_dags/example_branch_day_of_week_operator.py
[2026-07-18T21:19:58.751+0000] {processor.py:914} INFO - Processing file /home/airflow/.local/lib/python3.12/site-packages/airflow/example_dags/example_branch_day_of_week_operator.py for tasks to queue
[2026-07-18T21:19:58.756+0000] {logging_mixin.py:190} INFO - [2026-07-18T21:19:58.755+0000] {dagbag.py:588} INFO - Filling up the DagBag from /home/airflow/.local/lib/python3.12/site-packages/airflow/example_dags/example_branch_day_of_week_operator.py
[2026-07-18T21:19:58.773+0000] {processor.py:925} INFO - DAG(s) 'example_weekday_branch_operator' retrieved from /home/airflow/.local/lib/python3.12/site-packages/airflow/example_dags/example_branch_day_of_week_operator.py
[2026-07-18T21:19:58.801+0000] {logging_mixin.py:190} INFO - [2026-07-18T21:19:58.800+0000] {dag.py:3239} INFO - Sync 1 DAGs
[2026-07-18T21:19:58.830+0000] {logging_mixin.py:190} INFO - [2026-07-18T21:19:58.830+0000] {dag.py:4180} INFO - Setting next_dagrun for example_weekday_branch_operator to 2026-07-17 00:00:00+00:00, run_after=2026-07-18 00:00:00+00:00
[2026-07-18T21:19:58.858+0000] {processor.py:208} INFO - Processing /home/airflow/.local/lib/python3.12/site-packages/airflow/example_dags/example_branch_day_of_week_operator.py took 0.117 seconds
[2026-07-18T21:20:29.226+0000] {processor.py:186} INFO - Started process (PID=2859) to work on /home/airflow/.local/lib/python3.12/site-packages/airflow/example_dags/example_branch_day_of_week_operator.py
[2026-07-18T21:20:29.229+0000] {processor.py:914} INFO - Processing file /home/airflow/.local/lib/python3.12/site-packages/airflow/example_dags/example_branch_day_of_week_operator.py for tasks to queue
[2026-07-18T21:20:29.234+0000] {logging_mixin.py:190} INFO - [2026-07-18T21:20:29.234+0000] {dagbag.py:588} INFO - Filling up the DagBag from /home/airflow/.local/lib/python3.12/site-packages/airflow/example_dags/example_branch_day_of_week_operator.py
[2026-07-18T21:20:29.253+0000] {processor.py:925} INFO - DAG(s) 'example_weekday_branch_operator' retrieved from /home/airflow/.local/lib/python3.12/site-packages/airflow/example_dags/example_branch_day_of_week_operator.py
[2026-07-18T21:20:29.287+0000] {logging_mixin.py:190} INFO - [2026-07-18T21:20:29.287+0000] {dag.py:3239} INFO - Sync 1 DAGs
[2026-07-18T21:20:29.324+0000] {logging_mixin.py:190} INFO - [2026-07-18T21:20:29.324+0000] {dag.py:4180} INFO - Setting next_dagrun for example_weekday_branch_operator to 2026-07-17 00:00:00+00:00, run_after=2026-07-18 00:00:00+00:00
[2026-07-18T21:20:29.421+0000] {processor.py:208} INFO - Processing /home/airflow/.local/lib/python3.12/site-packages/airflow/example_dags/example_branch_day_of_week_operator.py took 0.207 seconds
[2026-07-18T21:20:59.788+0000] {processor.py:186} INFO - Started process (PID=2922) to work on /home/airflow/.local/lib/python3.12/site-packages/airflow/example_dags/example_branch_day_of_week_operator.py
[2026-07-18T21:20:59.793+0000] {processor.py:914} INFO - Processing file /home/airflow/.local/lib/python3.12/site-packages/airflow/example_dags/example_branch_day_of_week_operator.py for tasks to queue
[2026-07-18T21:20:59.806+0000] {logging_mixin.py:190} INFO - [2026-07-18T21:20:59.805+0000] {dagbag.py:588} INFO - Filling up the DagBag from /home/airflow/.local/lib/python3.12/site-packages/airflow/example_dags/example_branch_day_of_week_operator.py
[2026-07-18T21:20:59.836+0000] {processor.py:925} INFO - DAG(s) 'example_weekday_branch_operator' retrieved from /home/airflow/.local/lib/python3.12/site-packages/airflow/example_dags/example_branch_day_of_week_operator.py
[2026-07-18T21:20:59.886+0000] {logging_mixin.py:190} INFO - [2026-07-18T21:20:59.886+0000] {dag.py:3239} INFO - Sync 1 DAGs
[2026-07-18T21:20:59.962+0000] {logging_mixin.py:190} INFO - [2026-07-18T21:20:59.961+0000] {dag.py:4180} INFO - Setting next_dagrun for example_weekday_branch_operator to 2026-07-17 00:00:00+00:00, run_after=2026-07-18 00:00:00+00:00
[2026-07-18T21:21:00.023+0000] {processor.py:208} INFO - Processing /home/airflow/.local/lib/python3.12/site-packages/airflow/example_dags/example_branch_day_of_week_operator.py took 0.266 seconds
[2026-07-18T21:21:30.360+0000] {processor.py:186} INFO - Started process (PID=2985) to work on /home/airflow/.local/lib/python3.12/site-packages/airflow/example_dags/example_branch_day_of_week_operator.py
[2026-07-18T21:21:30.363+0000] {processor.py:914} INFO - Processing file /home/airflow/.local/lib/python3.12/site-packages/airflow/example_dags/example_branch_day_of_week_operator.py for tasks to queue
[2026-07-18T21:21:30.371+0000] {logging_mixin.py:190} INFO - [2026-07-18T21:21:30.370+0000] {dagbag.py:588} INFO - Filling up the DagBag from /home/airflow/.local/lib/python3.12/site-packages/airflow/example_dags/example_branch_day_of_week_operator.py
[2026-07-18T21:21:30.400+0000] {processor.py:925} INFO - DAG(s) 'example_weekday_branch_operator' retrieved from /home/airflow/.local/lib/python3.12/site-packages/airflow/example_dags/example_branch_day_of_week_operator.py
[2026-07-18T21:21:30.449+0000] {logging_mixin.py:190} INFO - [2026-07-18T21:21:30.449+0000] {dag.py:3239} INFO - Sync 1 DAGs
[2026-07-18T21:21:30.505+0000] {logging_mixin.py:190} INFO - [2026-07-18T21:21:30.505+0000] {dag.py:4180} INFO - Setting next_dagrun for example_weekday_branch_operator to 2026-07-17 00:00:00+00:00, run_after=2026-07-18 00:00:00+00:00
[2026-07-18T21:21:30.553+0000] {processor.py:208} INFO - Processing /home/airflow/.local/lib/python3.12/site-packages/airflow/example_dags/example_branch_day_of_week_operator.py took 0.214 seconds
[2026-07-18T21:22:00.671+0000] {processor.py:186} INFO - Started process (PID=3048) to work on /home/airflow/.local/lib/python3.12/site-packages/airflow/example_dags/example_branch_day_of_week_operator.py
[2026-07-18T21:22:00.673+0000] {processor.py:914} INFO - Processing file /home/airflow/.local/lib/python3.12/site-packages/airflow/example_dags/example_branch_day_of_week_operator.py for tasks to queue
[2026-07-18T21:22:00.681+0000] {logging_mixin.py:190} INFO - [2026-07-18T21:22:00.680+0000] {dagbag.py:588} INFO - Filling up the DagBag from /home/airflow/.local/lib/python3.12/site-packages/airflow/example_dags/example_branch_day_of_week_operator.py
[2026-07-18T21:22:00.705+0000] {processor.py:925} INFO - DAG(s) 'example_weekday_branch_operator' retrieved from /home/airflow/.local/lib/python3.12/site-packages/airflow/example_dags/example_branch_day_of_week_operator.py
[2026-07-18T21:22:00.738+0000] {logging_mixin.py:190} INFO - [2026-07-18T21:22:00.737+0000] {dag.py:3239} INFO - Sync 1 DAGs
[2026-07-18T21:22:00.789+0000] {logging_mixin.py:190} INFO - [2026-07-18T21:22:00.789+0000] {dag.py:4180} INFO - Setting next_dagrun for example_weekday_branch_operator to 2026-07-17 00:00:00+00:00, run_after=2026-07-18 00:00:00+00:00
[2026-07-18T21:22:00.830+0000] {processor.py:208} INFO - Processing /home/airflow/.local/lib/python3.12/site-packages/airflow/example_dags/example_branch_day_of_week_operator.py took 0.173 seconds
[2026-07-18T21:22:31.231+0000] {processor.py:186} INFO - Started process (PID=3111) to work on /home/airflow/.local/lib/python3.12/site-packages/airflow/example_dags/example_branch_day_of_week_operator.py
[2026-07-18T21:22:31.234+0000] {processor.py:914} INFO - Processing file /home/airflow/.local/lib/python3.12/site-packages/airflow/example_dags/example_branch_day_of_week_operator.py for tasks to queue
[2026-07-18T21:22:31.239+0000] {logging_mixin.py:190} INFO - [2026-07-18T21:22:31.238+0000] {dagbag.py:588} INFO - Filling up the DagBag from /home/airflow/.local/lib/python3.12/site-packages/airflow/example_dags/example_branch_day_of_week_operator.py
[2026-07-18T21:22:31.252+0000] {processor.py:925} INFO - DAG(s) 'example_weekday_branch_operator' retrieved from /home/airflow/.local/lib/python3.12/site-packages/airflow/example_dags/example_branch_day_of_week_operator.py
[2026-07-18T21:22:31.287+0000] {logging_mixin.py:190} INFO - [2026-07-18T21:22:31.286+0000] {dag.py:3239} INFO - Sync 1 DAGs
[2026-07-18T21:22:31.320+0000] {logging_mixin.py:190} INFO - [2026-07-18T21:22:31.319+0000] {dag.py:4180} INFO - Setting next_dagrun for example_weekday_branch_operator to 2026-07-17 00:00:00+00:00, run_after=2026-07-18 00:00:00+00:00
[2026-07-18T21:22:31.349+0000] {processor.py:208} INFO - Processing /home/airflow/.local/lib/python3.12/site-packages/airflow/example_dags/example_branch_day_of_week_operator.py took 0.125 seconds
[2026-07-18T21:26:04.602+0000] {processor.py:186} INFO - Started process (PID=163) to work on /home/airflow/.local/lib/python3.12/site-packages/airflow/example_dags/example_branch_day_of_week_operator.py
[2026-07-18T21:26:04.604+0000] {processor.py:914} INFO - Processing file /home/airflow/.local/lib/python3.12/site-packages/airflow/example_dags/example_branch_day_of_week_operator.py for tasks to queue
[2026-07-18T21:26:04.610+0000] {logging_mixin.py:190} INFO - [2026-07-18T21:26:04.610+0000] {dagbag.py:588} INFO - Filling up the DagBag from /home/airflow/.local/lib/python3.12/site-packages/airflow/example_dags/example_branch_day_of_week_operator.py
[2026-07-18T21:26:04.633+0000] {processor.py:925} INFO - DAG(s) 'example_weekday_branch_operator' retrieved from /home/airflow/.local/lib/python3.12/site-packages/airflow/example_dags/example_branch_day_of_week_operator.py
[2026-07-18T21:26:04.669+0000] {logging_mixin.py:190} INFO - [2026-07-18T21:26:04.669+0000] {dag.py:3239} INFO - Sync 1 DAGs
[2026-07-18T21:26:04.712+0000] {logging_mixin.py:190} INFO - [2026-07-18T21:26:04.712+0000] {dag.py:4180} INFO - Setting next_dagrun for example_weekday_branch_operator to 2026-07-17 00:00:00+00:00, run_after=2026-07-18 00:00:00+00:00
[2026-07-18T21:26:04.742+0000] {processor.py:208} INFO - Processing /home/airflow/.local/lib/python3.12/site-packages/airflow/example_dags/example_branch_day_of_week_operator.py took 0.150 seconds
[2026-07-18T21:26:35.955+0000] {processor.py:186} INFO - Started process (PID=226) to work on /home/airflow/.local/lib/python3.12/site-packages/airflow/example_dags/example_branch_day_of_week_operator.py
[2026-07-18T21:26:35.959+0000] {processor.py:914} INFO - Processing file /home/airflow/.local/lib/python3.12/site-packages/airflow/example_dags/example_branch_day_of_week_operator.py for tasks to queue
[2026-07-18T21:26:35.970+0000] {logging_mixin.py:190} INFO - [2026-07-18T21:26:35.969+0000] {dagbag.py:588} INFO - Filling up the DagBag from /home/airflow/.local/lib/python3.12/site-packages/airflow/example_dags/example_branch_day_of_week_operator.py
[2026-07-18T21:26:36.011+0000] {processor.py:925} INFO - DAG(s) 'example_weekday_branch_operator' retrieved from /home/airflow/.local/lib/python3.12/site-packages/airflow/example_dags/example_branch_day_of_week_operator.py
[2026-07-18T21:26:36.049+0000] {logging_mixin.py:190} INFO - [2026-07-18T21:26:36.049+0000] {dag.py:3239} INFO - Sync 1 DAGs
[2026-07-18T21:26:36.098+0000] {logging_mixin.py:190} INFO - [2026-07-18T21:26:36.097+0000] {dag.py:4180} INFO - Setting next_dagrun for example_weekday_branch_operator to 2026-07-17 00:00:00+00:00, run_after=2026-07-18 00:00:00+00:00
[2026-07-18T21:26:36.138+0000] {processor.py:208} INFO - Processing /home/airflow/.local/lib/python3.12/site-packages/airflow/example_dags/example_branch_day_of_week_operator.py took 0.199 seconds
[2026-07-18T21:27:08.332+0000] {processor.py:186} INFO - Started process (PID=289) to work on /home/airflow/.local/lib/python3.12/site-packages/airflow/example_dags/example_branch_day_of_week_operator.py
[2026-07-18T21:27:08.335+0000] {processor.py:914} INFO - Processing file /home/airflow/.local/lib/python3.12/site-packages/airflow/example_dags/example_branch_day_of_week_operator.py for tasks to queue
[2026-07-18T21:27:08.340+0000] {logging_mixin.py:190} INFO - [2026-07-18T21:27:08.340+0000] {dagbag.py:588} INFO - Filling up the DagBag from /home/airflow/.local/lib/python3.12/site-packages/airflow/example_dags/example_branch_day_of_week_operator.py
[2026-07-18T21:27:08.353+0000] {processor.py:925} INFO - DAG(s) 'example_weekday_branch_operator' retrieved from /home/airflow/.local/lib/python3.12/site-packages/airflow/example_dags/example_branch_day_of_week_operator.py
[2026-07-18T21:27:08.388+0000] {logging_mixin.py:190} INFO - [2026-07-18T21:27:08.387+0000] {dag.py:3239} INFO - Sync 1 DAGs
[2026-07-18T21:27:08.434+0000] {logging_mixin.py:190} INFO - [2026-07-18T21:27:08.433+0000] {dag.py:4180} INFO - Setting next_dagrun for example_weekday_branch_operator to 2026-07-17 00:00:00+00:00, run_after=2026-07-18 00:00:00+00:00
[2026-07-18T21:27:08.466+0000] {processor.py:208} INFO - Processing /home/airflow/.local/lib/python3.12/site-packages/airflow/example_dags/example_branch_day_of_week_operator.py took 0.142 seconds
[2026-07-18T21:27:40.221+0000] {processor.py:186} INFO - Started process (PID=352) to work on /home/airflow/.local/lib/python3.12/site-packages/airflow/example_dags/example_branch_day_of_week_operator.py
[2026-07-18T21:27:40.224+0000] {processor.py:914} INFO - Processing file /home/airflow/.local/lib/python3.12/site-packages/airflow/example_dags/example_branch_day_of_week_operator.py for tasks to queue
[2026-07-18T21:27:40.231+0000] {logging_mixin.py:190} INFO - [2026-07-18T21:27:40.230+0000] {dagbag.py:588} INFO - Filling up the DagBag from /home/airflow/.local/lib/python3.12/site-packages/airflow/example_dags/example_branch_day_of_week_operator.py
[2026-07-18T21:27:40.252+0000] {processor.py:925} INFO - DAG(s) 'example_weekday_branch_operator' retrieved from /home/airflow/.local/lib/python3.12/site-packages/airflow/example_dags/example_branch_day_of_week_operator.py
[2026-07-18T21:27:40.302+0000] {logging_mixin.py:190} INFO - [2026-07-18T21:27:40.302+0000] {dag.py:3239} INFO - Sync 1 DAGs
[2026-07-18T21:27:40.457+0000] {logging_mixin.py:190} INFO - [2026-07-18T21:27:40.457+0000] {dag.py:4180} INFO - Setting next_dagrun for example_weekday_branch_operator to 2026-07-17 00:00:00+00:00, run_after=2026-07-18 00:00:00+00:00
[2026-07-18T21:27:40.508+0000] {processor.py:208} INFO - Processing /home/airflow/.local/lib/python3.12/site-packages/airflow/example_dags/example_branch_day_of_week_operator.py took 0.302 seconds
[2026-07-18T21:28:11.832+0000] {processor.py:186} INFO - Started process (PID=415) to work on /home/airflow/.local/lib/python3.12/site-packages/airflow/example_dags/example_branch_day_of_week_operator.py
[2026-07-18T21:28:11.835+0000] {processor.py:914} INFO - Processing file /home/airflow/.local/lib/python3.12/site-packages/airflow/example_dags/example_branch_day_of_week_operator.py for tasks to queue
[2026-07-18T21:28:11.840+0000] {logging_mixin.py:190} INFO - [2026-07-18T21:28:11.839+0000] {dagbag.py:588} INFO - Filling up the DagBag from /home/airflow/.local/lib/python3.12/site-packages/airflow/example_dags/example_branch_day_of_week_operator.py
[2026-07-18T21:28:11.869+0000] {processor.py:925} INFO - DAG(s) 'example_weekday_branch_operator' retrieved from /home/airflow/.local/lib/python3.12/site-packages/airflow/example_dags/example_branch_day_of_week_operator.py
[2026-07-18T21:28:11.909+0000] {logging_mixin.py:190} INFO - [2026-07-18T21:28:11.909+0000] {dag.py:3239} INFO - Sync 1 DAGs
[2026-07-18T21:28:11.951+0000] {logging_mixin.py:190} INFO - [2026-07-18T21:28:11.950+0000] {dag.py:4180} INFO - Setting next_dagrun for example_weekday_branch_operator to 2026-07-17 00:00:00+00:00, run_after=2026-07-18 00:00:00+00:00
[2026-07-18T21:28:11.980+0000] {processor.py:208} INFO - Processing /home/airflow/.local/lib/python3.12/site-packages/airflow/example_dags/example_branch_day_of_week_operator.py took 0.158 seconds
[2026-07-18T21:28:44.698+0000] {processor.py:186} INFO - Started process (PID=478) to work on /home/airflow/.local/lib/python3.12/site-packages/airflow/example_dags/example_branch_day_of_week_operator.py
[2026-07-18T21:28:44.702+0000] {processor.py:914} INFO - Processing file /home/airflow/.local/lib/python3.12/site-packages/airflow/example_dags/example_branch_day_of_week_operator.py for tasks to queue
[2026-07-18T21:28:44.710+0000] {logging_mixin.py:190} INFO - [2026-07-18T21:28:44.709+0000] {dagbag.py:588} INFO - Filling up the DagBag from /home/airflow/.local/lib/python3.12/site-packages/airflow/example_dags/example_branch_day_of_week_operator.py
[2026-07-18T21:28:44.731+0000] {processor.py:925} INFO - DAG(s) 'example_weekday_branch_operator' retrieved from /home/airflow/.local/lib/python3.12/site-packages/airflow/example_dags/example_branch_day_of_week_operator.py
[2026-07-18T21:28:44.766+0000] {logging_mixin.py:190} INFO - [2026-07-18T21:28:44.765+0000] {dag.py:3239} INFO - Sync 1 DAGs
[2026-07-18T21:28:44.807+0000] {logging_mixin.py:190} INFO - [2026-07-18T21:28:44.807+0000] {dag.py:4180} INFO - Setting next_dagrun for example_weekday_branch_operator to 2026-07-17 00:00:00+00:00, run_after=2026-07-18 00:00:00+00:00
[2026-07-18T21:28:44.836+0000] {processor.py:208} INFO - Processing /home/airflow/.local/lib/python3.12/site-packages/airflow/example_dags/example_branch_day_of_week_operator.py took 0.159 seconds
[2026-07-18T21:29:15.121+0000] {processor.py:186} INFO - Started process (PID=541) to work on /home/airflow/.local/lib/python3.12/site-packages/airflow/example_dags/example_branch_day_of_week_operator.py
[2026-07-18T21:29:15.124+0000] {processor.py:914} INFO - Processing file /home/airflow/.local/lib/python3.12/site-packages/airflow/example_dags/example_branch_day_of_week_operator.py for tasks to queue
[2026-07-18T21:29:15.130+0000] {logging_mixin.py:190} INFO - [2026-07-18T21:29:15.129+0000] {dagbag.py:588} INFO - Filling up the DagBag from /home/airflow/.local/lib/python3.12/site-packages/airflow/example_dags/example_branch_day_of_week_operator.py
[2026-07-18T21:29:15.171+0000] {processor.py:925} INFO - DAG(s) 'example_weekday_branch_operator' retrieved from /home/airflow/.local/lib/python3.12/site-packages/airflow/example_dags/example_branch_day_of_week_operator.py
[2026-07-18T21:29:15.229+0000] {logging_mixin.py:190} INFO - [2026-07-18T21:29:15.229+0000] {dag.py:3239} INFO - Sync 1 DAGs
[2026-07-18T21:29:15.298+0000] {logging_mixin.py:190} INFO - [2026-07-18T21:29:15.298+0000] {dag.py:4180} INFO - Setting next_dagrun for example_weekday_branch_operator to 2026-07-17 00:00:00+00:00, run_after=2026-07-18 00:00:00+00:00
[2026-07-18T21:29:15.356+0000] {processor.py:208} INFO - Processing /home/airflow/.local/lib/python3.12/site-packages/airflow/example_dags/example_branch_day_of_week_operator.py took 0.251 seconds
[2026-07-18T21:29:47.129+0000] {processor.py:186} INFO - Started process (PID=605) to work on /home/airflow/.local/lib/python3.12/site-packages/airflow/example_dags/example_branch_day_of_week_operator.py
[2026-07-18T21:29:47.133+0000] {processor.py:914} INFO - Processing file /home/airflow/.local/lib/python3.12/site-packages/airflow/example_dags/example_branch_day_of_week_operator.py for tasks to queue
[2026-07-18T21:29:47.138+0000] {logging_mixin.py:190} INFO - [2026-07-18T21:29:47.138+0000] {dagbag.py:588} INFO - Filling up the DagBag from /home/airflow/.local/lib/python3.12/site-packages/airflow/example_dags/example_branch_day_of_week_operator.py
[2026-07-18T21:29:47.157+0000] {processor.py:925} INFO - DAG(s) 'example_weekday_branch_operator' retrieved from /home/airflow/.local/lib/python3.12/site-packages/airflow/example_dags/example_branch_day_of_week_operator.py
[2026-07-18T21:29:47.193+0000] {logging_mixin.py:190} INFO - [2026-07-18T21:29:47.193+0000] {dag.py:3239} INFO - Sync 1 DAGs
[2026-07-18T21:29:47.269+0000] {logging_mixin.py:190} INFO - [2026-07-18T21:29:47.268+0000] {dag.py:4180} INFO - Setting next_dagrun for example_weekday_branch_operator to 2026-07-17 00:00:00+00:00, run_after=2026-07-18 00:00:00+00:00
[2026-07-18T21:29:47.319+0000] {processor.py:208} INFO - Processing /home/airflow/.local/lib/python3.12/site-packages/airflow/example_dags/example_branch_day_of_week_operator.py took 0.205 seconds
[2026-07-18T21:30:18.964+0000] {processor.py:186} INFO - Started process (PID=668) to work on /home/airflow/.local/lib/python3.12/site-packages/airflow/example_dags/example_branch_day_of_week_operator.py
[2026-07-18T21:30:18.969+0000] {processor.py:914} INFO - Processing file /home/airflow/.local/lib/python3.12/site-packages/airflow/example_dags/example_branch_day_of_week_operator.py for tasks to queue
[2026-07-18T21:30:18.979+0000] {logging_mixin.py:190} INFO - [2026-07-18T21:30:18.978+0000] {dagbag.py:588} INFO - Filling up the DagBag from /home/airflow/.local/lib/python3.12/site-packages/airflow/example_dags/example_branch_day_of_week_operator.py
[2026-07-18T21:30:19.025+0000] {processor.py:925} INFO - DAG(s) 'example_weekday_branch_operator' retrieved from /home/airflow/.local/lib/python3.12/site-packages/airflow/example_dags/example_branch_day_of_week_operator.py
[2026-07-18T21:30:19.099+0000] {logging_mixin.py:190} INFO - [2026-07-18T21:30:19.098+0000] {dag.py:3239} INFO - Sync 1 DAGs
[2026-07-18T21:30:19.143+0000] {logging_mixin.py:190} INFO - [2026-07-18T21:30:19.142+0000] {dag.py:4180} INFO - Setting next_dagrun for example_weekday_branch_operator to 2026-07-17 00:00:00+00:00, run_after=2026-07-18 00:00:00+00:00
[2026-07-18T21:30:19.227+0000] {processor.py:208} INFO - Processing /home/airflow/.local/lib/python3.12/site-packages/airflow/example_dags/example_branch_day_of_week_operator.py took 0.287 seconds
[2026-07-18T21:30:50.835+0000] {processor.py:186} INFO - Started process (PID=731) to work on /home/airflow/.local/lib/python3.12/site-packages/airflow/example_dags/example_branch_day_of_week_operator.py
[2026-07-18T21:30:50.838+0000] {processor.py:914} INFO - Processing file /home/airflow/.local/lib/python3.12/site-packages/airflow/example_dags/example_branch_day_of_week_operator.py for tasks to queue
[2026-07-18T21:30:50.842+0000] {logging_mixin.py:190} INFO - [2026-07-18T21:30:50.842+0000] {dagbag.py:588} INFO - Filling up the DagBag from /home/airflow/.local/lib/python3.12/site-packages/airflow/example_dags/example_branch_day_of_week_operator.py
[2026-07-18T21:30:50.857+0000] {processor.py:925} INFO - DAG(s) 'example_weekday_branch_operator' retrieved from /home/airflow/.local/lib/python3.12/site-packages/airflow/example_dags/example_branch_day_of_week_operator.py
[2026-07-18T21:30:50.885+0000] {logging_mixin.py:190} INFO - [2026-07-18T21:30:50.884+0000] {dag.py:3239} INFO - Sync 1 DAGs
[2026-07-18T21:30:50.918+0000] {logging_mixin.py:190} INFO - [2026-07-18T21:30:50.918+0000] {dag.py:4180} INFO - Setting next_dagrun for example_weekday_branch_operator to 2026-07-17 00:00:00+00:00, run_after=2026-07-18 00:00:00+00:00
[2026-07-18T21:30:50.964+0000] {processor.py:208} INFO - Processing /home/airflow/.local/lib/python3.12/site-packages/airflow/example_dags/example_branch_day_of_week_operator.py took 0.138 seconds
[2026-07-18T21:31:21.498+0000] {processor.py:186} INFO - Started process (PID=795) to work on /home/airflow/.local/lib/python3.12/site-packages/airflow/example_dags/example_branch_day_of_week_operator.py
[2026-07-18T21:31:21.500+0000] {processor.py:914} INFO - Processing file /home/airflow/.local/lib/python3.12/site-packages/airflow/example_dags/example_branch_day_of_week_operator.py for tasks to queue
[2026-07-18T21:31:21.504+0000] {logging_mixin.py:190} INFO - [2026-07-18T21:31:21.504+0000] {dagbag.py:588} INFO - Filling up the DagBag from /home/airflow/.local/lib/python3.12/site-packages/airflow/example_dags/example_branch_day_of_week_operator.py
[2026-07-18T21:31:21.524+0000] {processor.py:925} INFO - DAG(s) 'example_weekday_branch_operator' retrieved from /home/airflow/.local/lib/python3.12/site-packages/airflow/example_dags/example_branch_day_of_week_operator.py
[2026-07-18T21:31:21.560+0000] {logging_mixin.py:190} INFO - [2026-07-18T21:31:21.559+0000] {dag.py:3239} INFO - Sync 1 DAGs
[2026-07-18T21:31:21.588+0000] {logging_mixin.py:190} INFO - [2026-07-18T21:31:21.588+0000] {dag.py:4180} INFO - Setting next_dagrun for example_weekday_branch_operator to 2026-07-17 00:00:00+00:00, run_after=2026-07-18 00:00:00+00:00
[2026-07-18T21:31:21.632+0000] {processor.py:208} INFO - Processing /home/airflow/.local/lib/python3.12/site-packages/airflow/example_dags/example_branch_day_of_week_operator.py took 0.142 seconds
[2026-07-18T21:31:55.330+0000] {processor.py:186} INFO - Started process (PID=864) to work on /home/airflow/.local/lib/python3.12/site-packages/airflow/example_dags/example_branch_day_of_week_operator.py
[2026-07-18T21:31:55.340+0000] {processor.py:914} INFO - Processing file /home/airflow/.local/lib/python3.12/site-packages/airflow/example_dags/example_branch_day_of_week_operator.py for tasks to queue
[2026-07-18T21:31:55.351+0000] {logging_mixin.py:190} INFO - [2026-07-18T21:31:55.350+0000] {dagbag.py:588} INFO - Filling up the DagBag from /home/airflow/.local/lib/python3.12/site-packages/airflow/example_dags/example_branch_day_of_week_operator.py
[2026-07-18T21:31:55.393+0000] {processor.py:925} INFO - DAG(s) 'example_weekday_branch_operator' retrieved from /home/airflow/.local/lib/python3.12/site-packages/airflow/example_dags/example_branch_day_of_week_operator.py
[2026-07-18T21:31:55.482+0000] {logging_mixin.py:190} INFO - [2026-07-18T21:31:55.481+0000] {dag.py:3239} INFO - Sync 1 DAGs
[2026-07-18T21:31:55.614+0000] {logging_mixin.py:190} INFO - [2026-07-18T21:31:55.613+0000] {dag.py:4180} INFO - Setting next_dagrun for example_weekday_branch_operator to 2026-07-17 00:00:00+00:00, run_after=2026-07-18 00:00:00+00:00
[2026-07-18T21:31:55.725+0000] {processor.py:208} INFO - Processing /home/airflow/.local/lib/python3.12/site-packages/airflow/example_dags/example_branch_day_of_week_operator.py took 0.430 seconds
[2026-07-18T21:32:25.986+0000] {processor.py:186} INFO - Started process (PID=929) to work on /home/airflow/.local/lib/python3.12/site-packages/airflow/example_dags/example_branch_day_of_week_operator.py
[2026-07-18T21:32:25.999+0000] {processor.py:914} INFO - Processing file /home/airflow/.local/lib/python3.12/site-packages/airflow/example_dags/example_branch_day_of_week_operator.py for tasks to queue
[2026-07-18T21:32:26.013+0000] {logging_mixin.py:190} INFO - [2026-07-18T21:32:26.011+0000] {dagbag.py:588} INFO - Filling up the DagBag from /home/airflow/.local/lib/python3.12/site-packages/airflow/example_dags/example_branch_day_of_week_operator.py
[2026-07-18T21:32:26.058+0000] {processor.py:925} INFO - DAG(s) 'example_weekday_branch_operator' retrieved from /home/airflow/.local/lib/python3.12/site-packages/airflow/example_dags/example_branch_day_of_week_operator.py
[2026-07-18T21:32:26.127+0000] {logging_mixin.py:190} INFO - [2026-07-18T21:32:26.126+0000] {dag.py:3239} INFO - Sync 1 DAGs
[2026-07-18T21:32:26.180+0000] {logging_mixin.py:190} INFO - [2026-07-18T21:32:26.180+0000] {dag.py:4180} INFO - Setting next_dagrun for example_weekday_branch_operator to 2026-07-17 00:00:00+00:00, run_after=2026-07-18 00:00:00+00:00
[2026-07-18T21:32:26.222+0000] {processor.py:208} INFO - Processing /home/airflow/.local/lib/python3.12/site-packages/airflow/example_dags/example_branch_day_of_week_operator.py took 0.256 seconds
[2026-07-18T21:32:56.391+0000] {processor.py:186} INFO - Started process (PID=993) to work on /home/airflow/.local/lib/python3.12/site-packages/airflow/example_dags/example_branch_day_of_week_operator.py
[2026-07-18T21:32:56.394+0000] {processor.py:914} INFO - Processing file /home/airflow/.local/lib/python3.12/site-packages/airflow/example_dags/example_branch_day_of_week_operator.py for tasks to queue
[2026-07-18T21:32:56.400+0000] {logging_mixin.py:190} INFO - [2026-07-18T21:32:56.399+0000] {dagbag.py:588} INFO - Filling up the DagBag from /home/airflow/.local/lib/python3.12/site-packages/airflow/example_dags/example_branch_day_of_week_operator.py
[2026-07-18T21:32:56.426+0000] {processor.py:925} INFO - DAG(s) 'example_weekday_branch_operator' retrieved from /home/airflow/.local/lib/python3.12/site-packages/airflow/example_dags/example_branch_day_of_week_operator.py
[2026-07-18T21:32:56.481+0000] {logging_mixin.py:190} INFO - [2026-07-18T21:32:56.480+0000] {dag.py:3239} INFO - Sync 1 DAGs
[2026-07-18T21:32:56.530+0000] {logging_mixin.py:190} INFO - [2026-07-18T21:32:56.529+0000] {dag.py:4180} INFO - Setting next_dagrun for example_weekday_branch_operator to 2026-07-17 00:00:00+00:00, run_after=2026-07-18 00:00:00+00:00
[2026-07-18T21:32:56.561+0000] {processor.py:208} INFO - Processing /home/airflow/.local/lib/python3.12/site-packages/airflow/example_dags/example_branch_day_of_week_operator.py took 0.182 seconds
[2026-07-18T21:33:28.157+0000] {processor.py:186} INFO - Started process (PID=1058) to work on /home/airflow/.local/lib/python3.12/site-packages/airflow/example_dags/example_branch_day_of_week_operator.py
[2026-07-18T21:33:28.161+0000] {processor.py:914} INFO - Processing file /home/airflow/.local/lib/python3.12/site-packages/airflow/example_dags/example_branch_day_of_week_operator.py for tasks to queue
[2026-07-18T21:33:28.169+0000] {logging_mixin.py:190} INFO - [2026-07-18T21:33:28.167+0000] {dagbag.py:588} INFO - Filling up the DagBag from /home/airflow/.local/lib/python3.12/site-packages/airflow/example_dags/example_branch_day_of_week_operator.py
[2026-07-18T21:33:28.200+0000] {processor.py:925} INFO - DAG(s) 'example_weekday_branch_operator' retrieved from /home/airflow/.local/lib/python3.12/site-packages/airflow/example_dags/example_branch_day_of_week_operator.py
[2026-07-18T21:33:28.256+0000] {logging_mixin.py:190} INFO - [2026-07-18T21:33:28.256+0000] {dag.py:3239} INFO - Sync 1 DAGs
[2026-07-18T21:33:28.287+0000] {logging_mixin.py:190} INFO - [2026-07-18T21:33:28.287+0000] {dag.py:4180} INFO - Setting next_dagrun for example_weekday_branch_operator to 2026-07-17 00:00:00+00:00, run_after=2026-07-18 00:00:00+00:00
[2026-07-18T21:33:28.318+0000] {processor.py:208} INFO - Processing /home/airflow/.local/lib/python3.12/site-packages/airflow/example_dags/example_branch_day_of_week_operator.py took 0.176 seconds
[2026-07-18T21:33:59.361+0000] {processor.py:186} INFO - Started process (PID=1122) to work on /home/airflow/.local/lib/python3.12/site-packages/airflow/example_dags/example_branch_day_of_week_operator.py
[2026-07-18T21:33:59.364+0000] {processor.py:914} INFO - Processing file /home/airflow/.local/lib/python3.12/site-packages/airflow/example_dags/example_branch_day_of_week_operator.py for tasks to queue
[2026-07-18T21:33:59.376+0000] {logging_mixin.py:190} INFO - [2026-07-18T21:33:59.375+0000] {dagbag.py:588} INFO - Filling up the DagBag from /home/airflow/.local/lib/python3.12/site-packages/airflow/example_dags/example_branch_day_of_week_operator.py
[2026-07-18T21:33:59.400+0000] {processor.py:925} INFO - DAG(s) 'example_weekday_branch_operator' retrieved from /home/airflow/.local/lib/python3.12/site-packages/airflow/example_dags/example_branch_day_of_week_operator.py
[2026-07-18T21:33:59.442+0000] {logging_mixin.py:190} INFO - [2026-07-18T21:33:59.442+0000] {dag.py:3239} INFO - Sync 1 DAGs
[2026-07-18T21:33:59.491+0000] {logging_mixin.py:190} INFO - [2026-07-18T21:33:59.490+0000] {dag.py:4180} INFO - Setting next_dagrun for example_weekday_branch_operator to 2026-07-17 00:00:00+00:00, run_after=2026-07-18 00:00:00+00:00
[2026-07-18T21:33:59.527+0000] {processor.py:208} INFO - Processing /home/airflow/.local/lib/python3.12/site-packages/airflow/example_dags/example_branch_day_of_week_operator.py took 0.178 seconds
[2026-07-18T21:34:31.468+0000] {processor.py:186} INFO - Started process (PID=1186) to work on /home/airflow/.local/lib/python3.12/site-packages/airflow/example_dags/example_branch_day_of_week_operator.py
[2026-07-18T21:34:31.471+0000] {processor.py:914} INFO - Processing file /home/airflow/.local/lib/python3.12/site-packages/airflow/example_dags/example_branch_day_of_week_operator.py for tasks to queue
[2026-07-18T21:34:31.480+0000] {logging_mixin.py:190} INFO - [2026-07-18T21:34:31.479+0000] {dagbag.py:588} INFO - Filling up the DagBag from /home/airflow/.local/lib/python3.12/site-packages/airflow/example_dags/example_branch_day_of_week_operator.py
[2026-07-18T21:34:31.509+0000] {processor.py:925} INFO - DAG(s) 'example_weekday_branch_operator' retrieved from /home/airflow/.local/lib/python3.12/site-packages/airflow/example_dags/example_branch_day_of_week_operator.py
[2026-07-18T21:34:31.556+0000] {logging_mixin.py:190} INFO - [2026-07-18T21:34:31.556+0000] {dag.py:3239} INFO - Sync 1 DAGs
[2026-07-18T21:34:31.591+0000] {logging_mixin.py:190} INFO - [2026-07-18T21:34:31.591+0000] {dag.py:4180} INFO - Setting next_dagrun for example_weekday_branch_operator to 2026-07-17 00:00:00+00:00, run_after=2026-07-18 00:00:00+00:00
[2026-07-18T21:34:31.638+0000] {processor.py:208} INFO - Processing /home/airflow/.local/lib/python3.12/site-packages/airflow/example_dags/example_branch_day_of_week_operator.py took 0.185 seconds
[2026-07-18T21:35:03.215+0000] {processor.py:186} INFO - Started process (PID=1251) to work on /home/airflow/.local/lib/python3.12/site-packages/airflow/example_dags/example_branch_day_of_week_operator.py
[2026-07-18T21:35:03.217+0000] {processor.py:914} INFO - Processing file /home/airflow/.local/lib/python3.12/site-packages/airflow/example_dags/example_branch_day_of_week_operator.py for tasks to queue
[2026-07-18T21:35:03.224+0000] {logging_mixin.py:190} INFO - [2026-07-18T21:35:03.223+0000] {dagbag.py:588} INFO - Filling up the DagBag from /home/airflow/.local/lib/python3.12/site-packages/airflow/example_dags/example_branch_day_of_week_operator.py
[2026-07-18T21:35:03.245+0000] {processor.py:925} INFO - DAG(s) 'example_weekday_branch_operator' retrieved from /home/airflow/.local/lib/python3.12/site-packages/airflow/example_dags/example_branch_day_of_week_operator.py
[2026-07-18T21:35:03.279+0000] {logging_mixin.py:190} INFO - [2026-07-18T21:35:03.279+0000] {dag.py:3239} INFO - Sync 1 DAGs
[2026-07-18T21:35:03.325+0000] {logging_mixin.py:190} INFO - [2026-07-18T21:35:03.325+0000] {dag.py:4180} INFO - Setting next_dagrun for example_weekday_branch_operator to 2026-07-17 00:00:00+00:00, run_after=2026-07-18 00:00:00+00:00
[2026-07-18T21:35:03.356+0000] {processor.py:208} INFO - Processing /home/airflow/.local/lib/python3.12/site-packages/airflow/example_dags/example_branch_day_of_week_operator.py took 0.151 seconds
[2026-07-18T21:35:35.176+0000] {processor.py:186} INFO - Started process (PID=1315) to work on /home/airflow/.local/lib/python3.12/site-packages/airflow/example_dags/example_branch_day_of_week_operator.py
[2026-07-18T21:35:35.180+0000] {processor.py:914} INFO - Processing file /home/airflow/.local/lib/python3.12/site-packages/airflow/example_dags/example_branch_day_of_week_operator.py for tasks to queue
[2026-07-18T21:35:35.190+0000] {logging_mixin.py:190} INFO - [2026-07-18T21:35:35.189+0000] {dagbag.py:588} INFO - Filling up the DagBag from /home/airflow/.local/lib/python3.12/site-packages/airflow/example_dags/example_branch_day_of_week_operator.py
[2026-07-18T21:35:35.211+0000] {processor.py:925} INFO - DAG(s) 'example_weekday_branch_operator' retrieved from /home/airflow/.local/lib/python3.12/site-packages/airflow/example_dags/example_branch_day_of_week_operator.py
[2026-07-18T21:35:35.250+0000] {logging_mixin.py:190} INFO - [2026-07-18T21:35:35.250+0000] {dag.py:3239} INFO - Sync 1 DAGs
[2026-07-18T21:35:35.284+0000] {logging_mixin.py:190} INFO - [2026-07-18T21:35:35.284+0000] {dag.py:4180} INFO - Setting next_dagrun for example_weekday_branch_operator to 2026-07-17 00:00:00+00:00, run_after=2026-07-18 00:00:00+00:00
[2026-07-18T21:35:35.308+0000] {processor.py:208} INFO - Processing /home/airflow/.local/lib/python3.12/site-packages/airflow/example_dags/example_branch_day_of_week_operator.py took 0.151 seconds
[2026-07-18T21:36:05.829+0000] {processor.py:186} INFO - Started process (PID=1379) to work on /home/airflow/.local/lib/python3.12/site-packages/airflow/example_dags/example_branch_day_of_week_operator.py
[2026-07-18T21:36:05.831+0000] {processor.py:914} INFO - Processing file /home/airflow/.local/lib/python3.12/site-packages/airflow/example_dags/example_branch_day_of_week_operator.py for tasks to queue
[2026-07-18T21:36:05.835+0000] {logging_mixin.py:190} INFO - [2026-07-18T21:36:05.835+0000] {dagbag.py:588} INFO - Filling up the DagBag from /home/airflow/.local/lib/python3.12/site-packages/airflow/example_dags/example_branch_day_of_week_operator.py
[2026-07-18T21:36:05.850+0000] {processor.py:925} INFO - DAG(s) 'example_weekday_branch_operator' retrieved from /home/airflow/.local/lib/python3.12/site-packages/airflow/example_dags/example_branch_day_of_week_operator.py
[2026-07-18T21:36:05.879+0000] {logging_mixin.py:190} INFO - [2026-07-18T21:36:05.878+0000] {dag.py:3239} INFO - Sync 1 DAGs
[2026-07-18T21:36:05.911+0000] {logging_mixin.py:190} INFO - [2026-07-18T21:36:05.911+0000] {dag.py:4180} INFO - Setting next_dagrun for example_weekday_branch_operator to 2026-07-17 00:00:00+00:00, run_after=2026-07-18 00:00:00+00:00
[2026-07-18T21:36:05.940+0000] {processor.py:208} INFO - Processing /home/airflow/.local/lib/python3.12/site-packages/airflow/example_dags/example_branch_day_of_week_operator.py took 0.118 seconds
[2026-07-18T21:36:37.663+0000] {processor.py:186} INFO - Started process (PID=1445) to work on /home/airflow/.local/lib/python3.12/site-packages/airflow/example_dags/example_branch_day_of_week_operator.py
[2026-07-18T21:36:37.666+0000] {processor.py:914} INFO - Processing file /home/airflow/.local/lib/python3.12/site-packages/airflow/example_dags/example_branch_day_of_week_operator.py for tasks to queue
[2026-07-18T21:36:37.671+0000] {logging_mixin.py:190} INFO - [2026-07-18T21:36:37.671+0000] {dagbag.py:588} INFO - Filling up the DagBag from /home/airflow/.local/lib/python3.12/site-packages/airflow/example_dags/example_branch_day_of_week_operator.py
[2026-07-18T21:36:37.691+0000] {processor.py:925} INFO - DAG(s) 'example_weekday_branch_operator' retrieved from /home/airflow/.local/lib/python3.12/site-packages/airflow/example_dags/example_branch_day_of_week_operator.py
[2026-07-18T21:36:37.731+0000] {logging_mixin.py:190} INFO - [2026-07-18T21:36:37.730+0000] {dag.py:3239} INFO - Sync 1 DAGs
[2026-07-18T21:36:37.776+0000] {logging_mixin.py:190} INFO - [2026-07-18T21:36:37.775+0000] {dag.py:4180} INFO - Setting next_dagrun for example_weekday_branch_operator to 2026-07-17 00:00:00+00:00, run_after=2026-07-18 00:00:00+00:00
[2026-07-18T21:36:37.805+0000] {processor.py:208} INFO - Processing /home/airflow/.local/lib/python3.12/site-packages/airflow/example_dags/example_branch_day_of_week_operator.py took 0.156 seconds
[2026-07-18T21:37:09.516+0000] {processor.py:186} INFO - Started process (PID=1509) to work on /home/airflow/.local/lib/python3.12/site-packages/airflow/example_dags/example_branch_day_of_week_operator.py
[2026-07-18T21:37:09.519+0000] {processor.py:914} INFO - Processing file /home/airflow/.local/lib/python3.12/site-packages/airflow/example_dags/example_branch_day_of_week_operator.py for tasks to queue
[2026-07-18T21:37:09.525+0000] {logging_mixin.py:190} INFO - [2026-07-18T21:37:09.524+0000] {dagbag.py:588} INFO - Filling up the DagBag from /home/airflow/.local/lib/python3.12/site-packages/airflow/example_dags/example_branch_day_of_week_operator.py
[2026-07-18T21:37:09.543+0000] {processor.py:925} INFO - DAG(s) 'example_weekday_branch_operator' retrieved from /home/airflow/.local/lib/python3.12/site-packages/airflow/example_dags/example_branch_day_of_week_operator.py
[2026-07-18T21:37:09.575+0000] {logging_mixin.py:190} INFO - [2026-07-18T21:37:09.575+0000] {dag.py:3239} INFO - Sync 1 DAGs
[2026-07-18T21:37:09.610+0000] {logging_mixin.py:190} INFO - [2026-07-18T21:37:09.609+0000] {dag.py:4180} INFO - Setting next_dagrun for example_weekday_branch_operator to 2026-07-17 00:00:00+00:00, run_after=2026-07-18 00:00:00+00:00
[2026-07-18T21:37:09.728+0000] {processor.py:208} INFO - Processing /home/airflow/.local/lib/python3.12/site-packages/airflow/example_dags/example_branch_day_of_week_operator.py took 0.221 seconds
[2026-07-18T21:37:40.003+0000] {processor.py:186} INFO - Started process (PID=1573) to work on /home/airflow/.local/lib/python3.12/site-packages/airflow/example_dags/example_branch_day_of_week_operator.py
[2026-07-18T21:37:40.006+0000] {processor.py:914} INFO - Processing file /home/airflow/.local/lib/python3.12/site-packages/airflow/example_dags/example_branch_day_of_week_operator.py for tasks to queue
[2026-07-18T21:37:40.012+0000] {logging_mixin.py:190} INFO - [2026-07-18T21:37:40.011+0000] {dagbag.py:588} INFO - Filling up the DagBag from /home/airflow/.local/lib/python3.12/site-packages/airflow/example_dags/example_branch_day_of_week_operator.py
[2026-07-18T21:37:40.047+0000] {processor.py:925} INFO - DAG(s) 'example_weekday_branch_operator' retrieved from /home/airflow/.local/lib/python3.12/site-packages/airflow/example_dags/example_branch_day_of_week_operator.py
[2026-07-18T21:37:40.100+0000] {logging_mixin.py:190} INFO - [2026-07-18T21:37:40.100+0000] {dag.py:3239} INFO - Sync 1 DAGs
[2026-07-18T21:37:40.148+0000] {logging_mixin.py:190} INFO - [2026-07-18T21:37:40.148+0000] {dag.py:4180} INFO - Setting next_dagrun for example_weekday_branch_operator to 2026-07-17 00:00:00+00:00, run_after=2026-07-18 00:00:00+00:00
[2026-07-18T21:37:40.183+0000] {processor.py:208} INFO - Processing /home/airflow/.local/lib/python3.12/site-packages/airflow/example_dags/example_branch_day_of_week_operator.py took 0.196 seconds
[2026-07-18T21:38:14.142+0000] {processor.py:186} INFO - Started process (PID=1640) to work on /home/airflow/.local/lib/python3.12/site-packages/airflow/example_dags/example_branch_day_of_week_operator.py
[2026-07-18T21:38:14.146+0000] {processor.py:914} INFO - Processing file /home/airflow/.local/lib/python3.12/site-packages/airflow/example_dags/example_branch_day_of_week_operator.py for tasks to queue
[2026-07-18T21:38:14.152+0000] {logging_mixin.py:190} INFO - [2026-07-18T21:38:14.151+0000] {dagbag.py:588} INFO - Filling up the DagBag from /home/airflow/.local/lib/python3.12/site-packages/airflow/example_dags/example_branch_day_of_week_operator.py
[2026-07-18T21:38:14.178+0000] {processor.py:925} INFO - DAG(s) 'example_weekday_branch_operator' retrieved from /home/airflow/.local/lib/python3.12/site-packages/airflow/example_dags/example_branch_day_of_week_operator.py
[2026-07-18T21:38:14.246+0000] {logging_mixin.py:190} INFO - [2026-07-18T21:38:14.246+0000] {dag.py:3239} INFO - Sync 1 DAGs
[2026-07-18T21:38:14.321+0000] {logging_mixin.py:190} INFO - [2026-07-18T21:38:14.320+0000] {dag.py:4180} INFO - Setting next_dagrun for example_weekday_branch_operator to 2026-07-17 00:00:00+00:00, run_after=2026-07-18 00:00:00+00:00
[2026-07-18T21:38:14.385+0000] {processor.py:208} INFO - Processing /home/airflow/.local/lib/python3.12/site-packages/airflow/example_dags/example_branch_day_of_week_operator.py took 0.255 seconds
[2026-07-18T21:38:45.684+0000] {processor.py:186} INFO - Started process (PID=1704) to work on /home/airflow/.local/lib/python3.12/site-packages/airflow/example_dags/example_branch_day_of_week_operator.py
[2026-07-18T21:38:45.687+0000] {processor.py:914} INFO - Processing file /home/airflow/.local/lib/python3.12/site-packages/airflow/example_dags/example_branch_day_of_week_operator.py for tasks to queue
[2026-07-18T21:38:45.696+0000] {logging_mixin.py:190} INFO - [2026-07-18T21:38:45.695+0000] {dagbag.py:588} INFO - Filling up the DagBag from /home/airflow/.local/lib/python3.12/site-packages/airflow/example_dags/example_branch_day_of_week_operator.py
[2026-07-18T21:38:45.727+0000] {processor.py:925} INFO - DAG(s) 'example_weekday_branch_operator' retrieved from /home/airflow/.local/lib/python3.12/site-packages/airflow/example_dags/example_branch_day_of_week_operator.py
[2026-07-18T21:38:45.766+0000] {logging_mixin.py:190} INFO - [2026-07-18T21:38:45.765+0000] {dag.py:3239} INFO - Sync 1 DAGs
[2026-07-18T21:38:45.808+0000] {logging_mixin.py:190} INFO - [2026-07-18T21:38:45.808+0000] {dag.py:4180} INFO - Setting next_dagrun for example_weekday_branch_operator to 2026-07-17 00:00:00+00:00, run_after=2026-07-18 00:00:00+00:00
[2026-07-18T21:38:45.834+0000] {processor.py:208} INFO - Processing /home/airflow/.local/lib/python3.12/site-packages/airflow/example_dags/example_branch_day_of_week_operator.py took 0.172 seconds
[2026-07-18T21:39:17.216+0000] {processor.py:186} INFO - Started process (PID=1768) to work on /home/airflow/.local/lib/python3.12/site-packages/airflow/example_dags/example_branch_day_of_week_operator.py
[2026-07-18T21:39:17.219+0000] {processor.py:914} INFO - Processing file /home/airflow/.local/lib/python3.12/site-packages/airflow/example_dags/example_branch_day_of_week_operator.py for tasks to queue
[2026-07-18T21:39:17.224+0000] {logging_mixin.py:190} INFO - [2026-07-18T21:39:17.223+0000] {dagbag.py:588} INFO - Filling up the DagBag from /home/airflow/.local/lib/python3.12/site-packages/airflow/example_dags/example_branch_day_of_week_operator.py
[2026-07-18T21:39:17.241+0000] {processor.py:925} INFO - DAG(s) 'example_weekday_branch_operator' retrieved from /home/airflow/.local/lib/python3.12/site-packages/airflow/example_dags/example_branch_day_of_week_operator.py
[2026-07-18T21:39:17.277+0000] {logging_mixin.py:190} INFO - [2026-07-18T21:39:17.276+0000] {dag.py:3239} INFO - Sync 1 DAGs
[2026-07-18T21:39:17.321+0000] {logging_mixin.py:190} INFO - [2026-07-18T21:39:17.320+0000] {dag.py:4180} INFO - Setting next_dagrun for example_weekday_branch_operator to 2026-07-17 00:00:00+00:00, run_after=2026-07-18 00:00:00+00:00
[2026-07-18T21:39:17.443+0000] {processor.py:208} INFO - Processing /home/airflow/.local/lib/python3.12/site-packages/airflow/example_dags/example_branch_day_of_week_operator.py took 0.234 seconds
[2026-07-18T21:39:52.031+0000] {processor.py:186} INFO - Started process (PID=1835) to work on /home/airflow/.local/lib/python3.12/site-packages/airflow/example_dags/example_branch_day_of_week_operator.py
[2026-07-18T21:39:52.035+0000] {processor.py:914} INFO - Processing file /home/airflow/.local/lib/python3.12/site-packages/airflow/example_dags/example_branch_day_of_week_operator.py for tasks to queue
[2026-07-18T21:39:52.045+0000] {logging_mixin.py:190} INFO - [2026-07-18T21:39:52.044+0000] {dagbag.py:588} INFO - Filling up the DagBag from /home/airflow/.local/lib/python3.12/site-packages/airflow/example_dags/example_branch_day_of_week_operator.py
[2026-07-18T21:39:52.077+0000] {processor.py:925} INFO - DAG(s) 'example_weekday_branch_operator' retrieved from /home/airflow/.local/lib/python3.12/site-packages/airflow/example_dags/example_branch_day_of_week_operator.py
[2026-07-18T21:39:52.139+0000] {logging_mixin.py:190} INFO - [2026-07-18T21:39:52.138+0000] {dag.py:3239} INFO - Sync 1 DAGs
[2026-07-18T21:39:52.212+0000] {logging_mixin.py:190} INFO - [2026-07-18T21:39:52.211+0000] {dag.py:4180} INFO - Setting next_dagrun for example_weekday_branch_operator to 2026-07-17 00:00:00+00:00, run_after=2026-07-18 00:00:00+00:00
[2026-07-18T21:39:52.290+0000] {processor.py:208} INFO - Processing /home/airflow/.local/lib/python3.12/site-packages/airflow/example_dags/example_branch_day_of_week_operator.py took 0.280 seconds
[2026-07-18T21:40:24.275+0000] {processor.py:186} INFO - Started process (PID=1900) to work on /home/airflow/.local/lib/python3.12/site-packages/airflow/example_dags/example_branch_day_of_week_operator.py
[2026-07-18T21:40:24.279+0000] {processor.py:914} INFO - Processing file /home/airflow/.local/lib/python3.12/site-packages/airflow/example_dags/example_branch_day_of_week_operator.py for tasks to queue
[2026-07-18T21:40:24.287+0000] {logging_mixin.py:190} INFO - [2026-07-18T21:40:24.286+0000] {dagbag.py:588} INFO - Filling up the DagBag from /home/airflow/.local/lib/python3.12/site-packages/airflow/example_dags/example_branch_day_of_week_operator.py
[2026-07-18T21:40:24.315+0000] {processor.py:925} INFO - DAG(s) 'example_weekday_branch_operator' retrieved from /home/airflow/.local/lib/python3.12/site-packages/airflow/example_dags/example_branch_day_of_week_operator.py
[2026-07-18T21:40:24.383+0000] {logging_mixin.py:190} INFO - [2026-07-18T21:40:24.383+0000] {dag.py:3239} INFO - Sync 1 DAGs
[2026-07-18T21:40:24.451+0000] {logging_mixin.py:190} INFO - [2026-07-18T21:40:24.450+0000] {dag.py:4180} INFO - Setting next_dagrun for example_weekday_branch_operator to 2026-07-17 00:00:00+00:00, run_after=2026-07-18 00:00:00+00:00
[2026-07-18T21:40:24.568+0000] {processor.py:208} INFO - Processing /home/airflow/.local/lib/python3.12/site-packages/airflow/example_dags/example_branch_day_of_week_operator.py took 0.313 seconds
[2026-07-18T21:40:54.675+0000] {processor.py:186} INFO - Started process (PID=1963) to work on /home/airflow/.local/lib/python3.12/site-packages/airflow/example_dags/example_branch_day_of_week_operator.py
[2026-07-18T21:40:54.677+0000] {processor.py:914} INFO - Processing file /home/airflow/.local/lib/python3.12/site-packages/airflow/example_dags/example_branch_day_of_week_operator.py for tasks to queue
[2026-07-18T21:40:54.682+0000] {logging_mixin.py:190} INFO - [2026-07-18T21:40:54.681+0000] {dagbag.py:588} INFO - Filling up the DagBag from /home/airflow/.local/lib/python3.12/site-packages/airflow/example_dags/example_branch_day_of_week_operator.py
[2026-07-18T21:40:54.697+0000] {processor.py:925} INFO - DAG(s) 'example_weekday_branch_operator' retrieved from /home/airflow/.local/lib/python3.12/site-packages/airflow/example_dags/example_branch_day_of_week_operator.py
[2026-07-18T21:40:54.726+0000] {logging_mixin.py:190} INFO - [2026-07-18T21:40:54.726+0000] {dag.py:3239} INFO - Sync 1 DAGs
[2026-07-18T21:40:54.757+0000] {logging_mixin.py:190} INFO - [2026-07-18T21:40:54.757+0000] {dag.py:4180} INFO - Setting next_dagrun for example_weekday_branch_operator to 2026-07-17 00:00:00+00:00, run_after=2026-07-18 00:00:00+00:00
[2026-07-18T21:40:54.881+0000] {processor.py:208} INFO - Processing /home/airflow/.local/lib/python3.12/site-packages/airflow/example_dags/example_branch_day_of_week_operator.py took 0.214 seconds
[2026-07-18T21:41:26.189+0000] {processor.py:186} INFO - Started process (PID=2027) to work on /home/airflow/.local/lib/python3.12/site-packages/airflow/example_dags/example_branch_day_of_week_operator.py
[2026-07-18T21:41:26.192+0000] {processor.py:914} INFO - Processing file /home/airflow/.local/lib/python3.12/site-packages/airflow/example_dags/example_branch_day_of_week_operator.py for tasks to queue
[2026-07-18T21:41:26.199+0000] {logging_mixin.py:190} INFO - [2026-07-18T21:41:26.198+0000] {dagbag.py:588} INFO - Filling up the DagBag from /home/airflow/.local/lib/python3.12/site-packages/airflow/example_dags/example_branch_day_of_week_operator.py
[2026-07-18T21:41:26.223+0000] {processor.py:925} INFO - DAG(s) 'example_weekday_branch_operator' retrieved from /home/airflow/.local/lib/python3.12/site-packages/airflow/example_dags/example_branch_day_of_week_operator.py
[2026-07-18T21:41:26.270+0000] {logging_mixin.py:190} INFO - [2026-07-18T21:41:26.269+0000] {dag.py:3239} INFO - Sync 1 DAGs
[2026-07-18T21:41:26.326+0000] {logging_mixin.py:190} INFO - [2026-07-18T21:41:26.325+0000] {dag.py:4180} INFO - Setting next_dagrun for example_weekday_branch_operator to 2026-07-17 00:00:00+00:00, run_after=2026-07-18 00:00:00+00:00
[2026-07-18T21:41:26.421+0000] {processor.py:208} INFO - Processing /home/airflow/.local/lib/python3.12/site-packages/airflow/example_dags/example_branch_day_of_week_operator.py took 0.246 seconds
[2026-07-18T21:41:57.288+0000] {processor.py:186} INFO - Started process (PID=2098) to work on /home/airflow/.local/lib/python3.12/site-packages/airflow/example_dags/example_branch_day_of_week_operator.py
[2026-07-18T21:41:57.290+0000] {processor.py:914} INFO - Processing file /home/airflow/.local/lib/python3.12/site-packages/airflow/example_dags/example_branch_day_of_week_operator.py for tasks to queue
[2026-07-18T21:41:57.295+0000] {logging_mixin.py:190} INFO - [2026-07-18T21:41:57.295+0000] {dagbag.py:588} INFO - Filling up the DagBag from /home/airflow/.local/lib/python3.12/site-packages/airflow/example_dags/example_branch_day_of_week_operator.py
[2026-07-18T21:41:57.311+0000] {processor.py:925} INFO - DAG(s) 'example_weekday_branch_operator' retrieved from /home/airflow/.local/lib/python3.12/site-packages/airflow/example_dags/example_branch_day_of_week_operator.py
[2026-07-18T21:41:57.342+0000] {logging_mixin.py:190} INFO - [2026-07-18T21:41:57.342+0000] {dag.py:3239} INFO - Sync 1 DAGs
[2026-07-18T21:41:57.378+0000] {logging_mixin.py:190} INFO - [2026-07-18T21:41:57.378+0000] {dag.py:4180} INFO - Setting next_dagrun for example_weekday_branch_operator to 2026-07-17 00:00:00+00:00, run_after=2026-07-18 00:00:00+00:00
[2026-07-18T21:41:57.408+0000] {processor.py:208} INFO - Processing /home/airflow/.local/lib/python3.12/site-packages/airflow/example_dags/example_branch_day_of_week_operator.py took 0.129 seconds
[2026-07-18T21:42:28.509+0000] {processor.py:186} INFO - Started process (PID=2162) to work on /home/airflow/.local/lib/python3.12/site-packages/airflow/example_dags/example_branch_day_of_week_operator.py
[2026-07-18T21:42:28.513+0000] {processor.py:914} INFO - Processing file /home/airflow/.local/lib/python3.12/site-packages/airflow/example_dags/example_branch_day_of_week_operator.py for tasks to queue
[2026-07-18T21:42:28.520+0000] {logging_mixin.py:190} INFO - [2026-07-18T21:42:28.519+0000] {dagbag.py:588} INFO - Filling up the DagBag from /home/airflow/.local/lib/python3.12/site-packages/airflow/example_dags/example_branch_day_of_week_operator.py
[2026-07-18T21:42:28.549+0000] {processor.py:925} INFO - DAG(s) 'example_weekday_branch_operator' retrieved from /home/airflow/.local/lib/python3.12/site-packages/airflow/example_dags/example_branch_day_of_week_operator.py
[2026-07-18T21:42:28.585+0000] {logging_mixin.py:190} INFO - [2026-07-18T21:42:28.584+0000] {dag.py:3239} INFO - Sync 1 DAGs
[2026-07-18T21:42:28.621+0000] {logging_mixin.py:190} INFO - [2026-07-18T21:42:28.621+0000] {dag.py:4180} INFO - Setting next_dagrun for example_weekday_branch_operator to 2026-07-17 00:00:00+00:00, run_after=2026-07-18 00:00:00+00:00
[2026-07-18T21:42:28.711+0000] {processor.py:208} INFO - Processing /home/airflow/.local/lib/python3.12/site-packages/airflow/example_dags/example_branch_day_of_week_operator.py took 0.218 seconds
[2026-07-18T21:42:58.828+0000] {processor.py:186} INFO - Started process (PID=2226) to work on /home/airflow/.local/lib/python3.12/site-packages/airflow/example_dags/example_branch_day_of_week_operator.py
[2026-07-18T21:42:58.830+0000] {processor.py:914} INFO - Processing file /home/airflow/.local/lib/python3.12/site-packages/airflow/example_dags/example_branch_day_of_week_operator.py for tasks to queue
[2026-07-18T21:42:58.834+0000] {logging_mixin.py:190} INFO - [2026-07-18T21:42:58.834+0000] {dagbag.py:588} INFO - Filling up the DagBag from /home/airflow/.local/lib/python3.12/site-packages/airflow/example_dags/example_branch_day_of_week_operator.py
[2026-07-18T21:42:58.849+0000] {processor.py:925} INFO - DAG(s) 'example_weekday_branch_operator' retrieved from /home/airflow/.local/lib/python3.12/site-packages/airflow/example_dags/example_branch_day_of_week_operator.py
[2026-07-18T21:42:58.876+0000] {logging_mixin.py:190} INFO - [2026-07-18T21:42:58.876+0000] {dag.py:3239} INFO - Sync 1 DAGs
[2026-07-18T21:42:58.916+0000] {logging_mixin.py:190} INFO - [2026-07-18T21:42:58.916+0000] {dag.py:4180} INFO - Setting next_dagrun for example_weekday_branch_operator to 2026-07-17 00:00:00+00:00, run_after=2026-07-18 00:00:00+00:00
[2026-07-18T21:42:58.989+0000] {processor.py:208} INFO - Processing /home/airflow/.local/lib/python3.12/site-packages/airflow/example_dags/example_branch_day_of_week_operator.py took 0.169 seconds
[2026-07-18T21:43:30.374+0000] {processor.py:186} INFO - Started process (PID=2291) to work on /home/airflow/.local/lib/python3.12/site-packages/airflow/example_dags/example_branch_day_of_week_operator.py
[2026-07-18T21:43:30.376+0000] {processor.py:914} INFO - Processing file /home/airflow/.local/lib/python3.12/site-packages/airflow/example_dags/example_branch_day_of_week_operator.py for tasks to queue
[2026-07-18T21:43:30.383+0000] {logging_mixin.py:190} INFO - [2026-07-18T21:43:30.383+0000] {dagbag.py:588} INFO - Filling up the DagBag from /home/airflow/.local/lib/python3.12/site-packages/airflow/example_dags/example_branch_day_of_week_operator.py
[2026-07-18T21:43:30.405+0000] {processor.py:925} INFO - DAG(s) 'example_weekday_branch_operator' retrieved from /home/airflow/.local/lib/python3.12/site-packages/airflow/example_dags/example_branch_day_of_week_operator.py
[2026-07-18T21:43:30.440+0000] {logging_mixin.py:190} INFO - [2026-07-18T21:43:30.440+0000] {dag.py:3239} INFO - Sync 1 DAGs
[2026-07-18T21:43:30.474+0000] {logging_mixin.py:190} INFO - [2026-07-18T21:43:30.473+0000] {dag.py:4180} INFO - Setting next_dagrun for example_weekday_branch_operator to 2026-07-17 00:00:00+00:00, run_after=2026-07-18 00:00:00+00:00
[2026-07-18T21:43:30.505+0000] {processor.py:208} INFO - Processing /home/airflow/.local/lib/python3.12/site-packages/airflow/example_dags/example_branch_day_of_week_operator.py took 0.142 seconds
[2026-07-18T21:44:01.091+0000] {processor.py:186} INFO - Started process (PID=2355) to work on /home/airflow/.local/lib/python3.12/site-packages/airflow/example_dags/example_branch_day_of_week_operator.py
[2026-07-18T21:44:01.093+0000] {processor.py:914} INFO - Processing file /home/airflow/.local/lib/python3.12/site-packages/airflow/example_dags/example_branch_day_of_week_operator.py for tasks to queue
[2026-07-18T21:44:01.097+0000] {logging_mixin.py:190} INFO - [2026-07-18T21:44:01.097+0000] {dagbag.py:588} INFO - Filling up the DagBag from /home/airflow/.local/lib/python3.12/site-packages/airflow/example_dags/example_branch_day_of_week_operator.py
[2026-07-18T21:44:01.112+0000] {processor.py:925} INFO - DAG(s) 'example_weekday_branch_operator' retrieved from /home/airflow/.local/lib/python3.12/site-packages/airflow/example_dags/example_branch_day_of_week_operator.py
[2026-07-18T21:44:01.147+0000] {logging_mixin.py:190} INFO - [2026-07-18T21:44:01.146+0000] {dag.py:3239} INFO - Sync 1 DAGs
[2026-07-18T21:44:01.184+0000] {logging_mixin.py:190} INFO - [2026-07-18T21:44:01.184+0000] {dag.py:4180} INFO - Setting next_dagrun for example_weekday_branch_operator to 2026-07-17 00:00:00+00:00, run_after=2026-07-18 00:00:00+00:00
[2026-07-18T21:44:01.268+0000] {processor.py:208} INFO - Processing /home/airflow/.local/lib/python3.12/site-packages/airflow/example_dags/example_branch_day_of_week_operator.py took 0.187 seconds
[2026-07-18T21:44:31.720+0000] {processor.py:186} INFO - Started process (PID=2418) to work on /home/airflow/.local/lib/python3.12/site-packages/airflow/example_dags/example_branch_day_of_week_operator.py
[2026-07-18T21:44:31.723+0000] {processor.py:914} INFO - Processing file /home/airflow/.local/lib/python3.12/site-packages/airflow/example_dags/example_branch_day_of_week_operator.py for tasks to queue
[2026-07-18T21:44:31.729+0000] {logging_mixin.py:190} INFO - [2026-07-18T21:44:31.728+0000] {dagbag.py:588} INFO - Filling up the DagBag from /home/airflow/.local/lib/python3.12/site-packages/airflow/example_dags/example_branch_day_of_week_operator.py
[2026-07-18T21:44:31.746+0000] {processor.py:925} INFO - DAG(s) 'example_weekday_branch_operator' retrieved from /home/airflow/.local/lib/python3.12/site-packages/airflow/example_dags/example_branch_day_of_week_operator.py
[2026-07-18T21:44:31.782+0000] {logging_mixin.py:190} INFO - [2026-07-18T21:44:31.781+0000] {dag.py:3239} INFO - Sync 1 DAGs
[2026-07-18T21:44:31.817+0000] {logging_mixin.py:190} INFO - [2026-07-18T21:44:31.817+0000] {dag.py:4180} INFO - Setting next_dagrun for example_weekday_branch_operator to 2026-07-17 00:00:00+00:00, run_after=2026-07-18 00:00:00+00:00
[2026-07-18T21:44:31.892+0000] {processor.py:208} INFO - Processing /home/airflow/.local/lib/python3.12/site-packages/airflow/example_dags/example_branch_day_of_week_operator.py took 0.184 seconds
[2026-07-18T21:45:03.731+0000] {processor.py:186} INFO - Started process (PID=2483) to work on /home/airflow/.local/lib/python3.12/site-packages/airflow/example_dags/example_branch_day_of_week_operator.py
[2026-07-18T21:45:03.734+0000] {processor.py:914} INFO - Processing file /home/airflow/.local/lib/python3.12/site-packages/airflow/example_dags/example_branch_day_of_week_operator.py for tasks to queue
[2026-07-18T21:45:03.739+0000] {logging_mixin.py:190} INFO - [2026-07-18T21:45:03.738+0000] {dagbag.py:588} INFO - Filling up the DagBag from /home/airflow/.local/lib/python3.12/site-packages/airflow/example_dags/example_branch_day_of_week_operator.py
[2026-07-18T21:45:03.756+0000] {processor.py:925} INFO - DAG(s) 'example_weekday_branch_operator' retrieved from /home/airflow/.local/lib/python3.12/site-packages/airflow/example_dags/example_branch_day_of_week_operator.py
[2026-07-18T21:45:03.791+0000] {logging_mixin.py:190} INFO - [2026-07-18T21:45:03.790+0000] {dag.py:3239} INFO - Sync 1 DAGs
[2026-07-18T21:45:03.828+0000] {logging_mixin.py:190} INFO - [2026-07-18T21:45:03.828+0000] {dag.py:4180} INFO - Setting next_dagrun for example_weekday_branch_operator to 2026-07-17 00:00:00+00:00, run_after=2026-07-18 00:00:00+00:00
[2026-07-18T21:45:03.870+0000] {processor.py:208} INFO - Processing /home/airflow/.local/lib/python3.12/site-packages/airflow/example_dags/example_branch_day_of_week_operator.py took 0.150 seconds
[2026-07-18T21:45:36.632+0000] {processor.py:186} INFO - Started process (PID=2547) to work on /home/airflow/.local/lib/python3.12/site-packages/airflow/example_dags/example_branch_day_of_week_operator.py
[2026-07-18T21:45:36.635+0000] {processor.py:914} INFO - Processing file /home/airflow/.local/lib/python3.12/site-packages/airflow/example_dags/example_branch_day_of_week_operator.py for tasks to queue
[2026-07-18T21:45:36.640+0000] {logging_mixin.py:190} INFO - [2026-07-18T21:45:36.639+0000] {dagbag.py:588} INFO - Filling up the DagBag from /home/airflow/.local/lib/python3.12/site-packages/airflow/example_dags/example_branch_day_of_week_operator.py
[2026-07-18T21:45:36.654+0000] {processor.py:925} INFO - DAG(s) 'example_weekday_branch_operator' retrieved from /home/airflow/.local/lib/python3.12/site-packages/airflow/example_dags/example_branch_day_of_week_operator.py
[2026-07-18T21:45:36.685+0000] {logging_mixin.py:190} INFO - [2026-07-18T21:45:36.684+0000] {dag.py:3239} INFO - Sync 1 DAGs
[2026-07-18T21:45:36.713+0000] {logging_mixin.py:190} INFO - [2026-07-18T21:45:36.713+0000] {dag.py:4180} INFO - Setting next_dagrun for example_weekday_branch_operator to 2026-07-17 00:00:00+00:00, run_after=2026-07-18 00:00:00+00:00
[2026-07-18T21:45:36.741+0000] {processor.py:208} INFO - Processing /home/airflow/.local/lib/python3.12/site-packages/airflow/example_dags/example_branch_day_of_week_operator.py took 0.119 seconds
[2026-07-18T21:46:07.633+0000] {processor.py:186} INFO - Started process (PID=2610) to work on /home/airflow/.local/lib/python3.12/site-packages/airflow/example_dags/example_branch_day_of_week_operator.py
[2026-07-18T21:46:07.637+0000] {processor.py:914} INFO - Processing file /home/airflow/.local/lib/python3.12/site-packages/airflow/example_dags/example_branch_day_of_week_operator.py for tasks to queue
[2026-07-18T21:46:07.643+0000] {logging_mixin.py:190} INFO - [2026-07-18T21:46:07.643+0000] {dagbag.py:588} INFO - Filling up the DagBag from /home/airflow/.local/lib/python3.12/site-packages/airflow/example_dags/example_branch_day_of_week_operator.py
[2026-07-18T21:46:07.663+0000] {processor.py:925} INFO - DAG(s) 'example_weekday_branch_operator' retrieved from /home/airflow/.local/lib/python3.12/site-packages/airflow/example_dags/example_branch_day_of_week_operator.py
[2026-07-18T21:46:07.712+0000] {logging_mixin.py:190} INFO - [2026-07-18T21:46:07.711+0000] {dag.py:3239} INFO - Sync 1 DAGs
[2026-07-18T21:46:07.759+0000] {logging_mixin.py:190} INFO - [2026-07-18T21:46:07.759+0000] {dag.py:4180} INFO - Setting next_dagrun for example_weekday_branch_operator to 2026-07-17 00:00:00+00:00, run_after=2026-07-18 00:00:00+00:00
[2026-07-18T21:46:07.795+0000] {processor.py:208} INFO - Processing /home/airflow/.local/lib/python3.12/site-packages/airflow/example_dags/example_branch_day_of_week_operator.py took 0.173 seconds
[2026-07-18T21:46:38.422+0000] {processor.py:186} INFO - Started process (PID=2674) to work on /home/airflow/.local/lib/python3.12/site-packages/airflow/example_dags/example_branch_day_of_week_operator.py
[2026-07-18T21:46:38.427+0000] {processor.py:914} INFO - Processing file /home/airflow/.local/lib/python3.12/site-packages/airflow/example_dags/example_branch_day_of_week_operator.py for tasks to queue
[2026-07-18T21:46:38.435+0000] {logging_mixin.py:190} INFO - [2026-07-18T21:46:38.434+0000] {dagbag.py:588} INFO - Filling up the DagBag from /home/airflow/.local/lib/python3.12/site-packages/airflow/example_dags/example_branch_day_of_week_operator.py
[2026-07-18T21:46:38.464+0000] {processor.py:925} INFO - DAG(s) 'example_weekday_branch_operator' retrieved from /home/airflow/.local/lib/python3.12/site-packages/airflow/example_dags/example_branch_day_of_week_operator.py
[2026-07-18T21:46:38.502+0000] {logging_mixin.py:190} INFO - [2026-07-18T21:46:38.501+0000] {dag.py:3239} INFO - Sync 1 DAGs
[2026-07-18T21:46:38.552+0000] {logging_mixin.py:190} INFO - [2026-07-18T21:46:38.551+0000] {dag.py:4180} INFO - Setting next_dagrun for example_weekday_branch_operator to 2026-07-17 00:00:00+00:00, run_after=2026-07-18 00:00:00+00:00
[2026-07-18T21:46:38.643+0000] {processor.py:208} INFO - Processing /home/airflow/.local/lib/python3.12/site-packages/airflow/example_dags/example_branch_day_of_week_operator.py took 0.236 seconds
[2026-07-18T21:47:09.601+0000] {processor.py:186} INFO - Started process (PID=2738) to work on /home/airflow/.local/lib/python3.12/site-packages/airflow/example_dags/example_branch_day_of_week_operator.py
[2026-07-18T21:47:09.605+0000] {processor.py:914} INFO - Processing file /home/airflow/.local/lib/python3.12/site-packages/airflow/example_dags/example_branch_day_of_week_operator.py for tasks to queue
[2026-07-18T21:47:09.613+0000] {logging_mixin.py:190} INFO - [2026-07-18T21:47:09.612+0000] {dagbag.py:588} INFO - Filling up the DagBag from /home/airflow/.local/lib/python3.12/site-packages/airflow/example_dags/example_branch_day_of_week_operator.py
[2026-07-18T21:47:09.649+0000] {processor.py:925} INFO - DAG(s) 'example_weekday_branch_operator' retrieved from /home/airflow/.local/lib/python3.12/site-packages/airflow/example_dags/example_branch_day_of_week_operator.py
[2026-07-18T21:47:09.720+0000] {logging_mixin.py:190} INFO - [2026-07-18T21:47:09.720+0000] {dag.py:3239} INFO - Sync 1 DAGs
[2026-07-18T21:47:09.798+0000] {logging_mixin.py:190} INFO - [2026-07-18T21:47:09.798+0000] {dag.py:4180} INFO - Setting next_dagrun for example_weekday_branch_operator to 2026-07-17 00:00:00+00:00, run_after=2026-07-18 00:00:00+00:00
[2026-07-18T21:47:09.873+0000] {processor.py:208} INFO - Processing /home/airflow/.local/lib/python3.12/site-packages/airflow/example_dags/example_branch_day_of_week_operator.py took 0.288 seconds
[2026-07-18T21:47:40.606+0000] {processor.py:186} INFO - Started process (PID=2802) to work on /home/airflow/.local/lib/python3.12/site-packages/airflow/example_dags/example_branch_day_of_week_operator.py
[2026-07-18T21:47:40.609+0000] {processor.py:914} INFO - Processing file /home/airflow/.local/lib/python3.12/site-packages/airflow/example_dags/example_branch_day_of_week_operator.py for tasks to queue
[2026-07-18T21:47:40.614+0000] {logging_mixin.py:190} INFO - [2026-07-18T21:47:40.614+0000] {dagbag.py:588} INFO - Filling up the DagBag from /home/airflow/.local/lib/python3.12/site-packages/airflow/example_dags/example_branch_day_of_week_operator.py
[2026-07-18T21:47:40.629+0000] {processor.py:925} INFO - DAG(s) 'example_weekday_branch_operator' retrieved from /home/airflow/.local/lib/python3.12/site-packages/airflow/example_dags/example_branch_day_of_week_operator.py
[2026-07-18T21:47:40.658+0000] {logging_mixin.py:190} INFO - [2026-07-18T21:47:40.657+0000] {dag.py:3239} INFO - Sync 1 DAGs
[2026-07-18T21:47:40.685+0000] {logging_mixin.py:190} INFO - [2026-07-18T21:47:40.685+0000] {dag.py:4180} INFO - Setting next_dagrun for example_weekday_branch_operator to 2026-07-17 00:00:00+00:00, run_after=2026-07-18 00:00:00+00:00
[2026-07-18T21:47:40.753+0000] {processor.py:208} INFO - Processing /home/airflow/.local/lib/python3.12/site-packages/airflow/example_dags/example_branch_day_of_week_operator.py took 0.154 seconds
[2026-07-18T21:48:12.164+0000] {processor.py:186} INFO - Started process (PID=2866) to work on /home/airflow/.local/lib/python3.12/site-packages/airflow/example_dags/example_branch_day_of_week_operator.py
[2026-07-18T21:48:12.167+0000] {processor.py:914} INFO - Processing file /home/airflow/.local/lib/python3.12/site-packages/airflow/example_dags/example_branch_day_of_week_operator.py for tasks to queue
[2026-07-18T21:48:12.173+0000] {logging_mixin.py:190} INFO - [2026-07-18T21:48:12.173+0000] {dagbag.py:588} INFO - Filling up the DagBag from /home/airflow/.local/lib/python3.12/site-packages/airflow/example_dags/example_branch_day_of_week_operator.py
[2026-07-18T21:48:12.192+0000] {processor.py:925} INFO - DAG(s) 'example_weekday_branch_operator' retrieved from /home/airflow/.local/lib/python3.12/site-packages/airflow/example_dags/example_branch_day_of_week_operator.py
[2026-07-18T21:48:12.229+0000] {logging_mixin.py:190} INFO - [2026-07-18T21:48:12.228+0000] {dag.py:3239} INFO - Sync 1 DAGs
[2026-07-18T21:48:12.265+0000] {logging_mixin.py:190} INFO - [2026-07-18T21:48:12.265+0000] {dag.py:4180} INFO - Setting next_dagrun for example_weekday_branch_operator to 2026-07-17 00:00:00+00:00, run_after=2026-07-18 00:00:00+00:00
[2026-07-18T21:48:12.335+0000] {processor.py:208} INFO - Processing /home/airflow/.local/lib/python3.12/site-packages/airflow/example_dags/example_branch_day_of_week_operator.py took 0.186 seconds
[2026-07-18T21:48:43.094+0000] {processor.py:186} INFO - Started process (PID=2930) to work on /home/airflow/.local/lib/python3.12/site-packages/airflow/example_dags/example_branch_day_of_week_operator.py
[2026-07-18T21:48:43.096+0000] {processor.py:914} INFO - Processing file /home/airflow/.local/lib/python3.12/site-packages/airflow/example_dags/example_branch_day_of_week_operator.py for tasks to queue
[2026-07-18T21:48:43.102+0000] {logging_mixin.py:190} INFO - [2026-07-18T21:48:43.102+0000] {dagbag.py:588} INFO - Filling up the DagBag from /home/airflow/.local/lib/python3.12/site-packages/airflow/example_dags/example_branch_day_of_week_operator.py
[2026-07-18T21:48:43.117+0000] {processor.py:925} INFO - DAG(s) 'example_weekday_branch_operator' retrieved from /home/airflow/.local/lib/python3.12/site-packages/airflow/example_dags/example_branch_day_of_week_operator.py
[2026-07-18T21:48:43.146+0000] {logging_mixin.py:190} INFO - [2026-07-18T21:48:43.145+0000] {dag.py:3239} INFO - Sync 1 DAGs
[2026-07-18T21:48:43.178+0000] {logging_mixin.py:190} INFO - [2026-07-18T21:48:43.177+0000] {dag.py:4180} INFO - Setting next_dagrun for example_weekday_branch_operator to 2026-07-17 00:00:00+00:00, run_after=2026-07-18 00:00:00+00:00
[2026-07-18T21:48:43.221+0000] {processor.py:208} INFO - Processing /home/airflow/.local/lib/python3.12/site-packages/airflow/example_dags/example_branch_day_of_week_operator.py took 0.135 seconds
[2026-07-18T21:49:14.347+0000] {processor.py:186} INFO - Started process (PID=2994) to work on /home/airflow/.local/lib/python3.12/site-packages/airflow/example_dags/example_branch_day_of_week_operator.py
[2026-07-18T21:49:14.350+0000] {processor.py:914} INFO - Processing file /home/airflow/.local/lib/python3.12/site-packages/airflow/example_dags/example_branch_day_of_week_operator.py for tasks to queue
[2026-07-18T21:49:14.355+0000] {logging_mixin.py:190} INFO - [2026-07-18T21:49:14.354+0000] {dagbag.py:588} INFO - Filling up the DagBag from /home/airflow/.local/lib/python3.12/site-packages/airflow/example_dags/example_branch_day_of_week_operator.py
[2026-07-18T21:49:14.372+0000] {processor.py:925} INFO - DAG(s) 'example_weekday_branch_operator' retrieved from /home/airflow/.local/lib/python3.12/site-packages/airflow/example_dags/example_branch_day_of_week_operator.py
[2026-07-18T21:49:14.418+0000] {logging_mixin.py:190} INFO - [2026-07-18T21:49:14.418+0000] {dag.py:3239} INFO - Sync 1 DAGs
[2026-07-18T21:49:14.459+0000] {logging_mixin.py:190} INFO - [2026-07-18T21:49:14.458+0000] {dag.py:4180} INFO - Setting next_dagrun for example_weekday_branch_operator to 2026-07-17 00:00:00+00:00, run_after=2026-07-18 00:00:00+00:00
[2026-07-18T21:49:14.498+0000] {processor.py:208} INFO - Processing /home/airflow/.local/lib/python3.12/site-packages/airflow/example_dags/example_branch_day_of_week_operator.py took 0.161 seconds
[2026-07-18T22:00:48.299+0000] {processor.py:186} INFO - Started process (PID=3066) to work on /home/airflow/.local/lib/python3.12/site-packages/airflow/example_dags/example_branch_day_of_week_operator.py
[2026-07-18T22:00:48.302+0000] {processor.py:914} INFO - Processing file /home/airflow/.local/lib/python3.12/site-packages/airflow/example_dags/example_branch_day_of_week_operator.py for tasks to queue
[2026-07-18T22:00:48.308+0000] {logging_mixin.py:190} INFO - [2026-07-18T22:00:48.307+0000] {dagbag.py:588} INFO - Filling up the DagBag from /home/airflow/.local/lib/python3.12/site-packages/airflow/example_dags/example_branch_day_of_week_operator.py
[2026-07-18T22:00:48.338+0000] {processor.py:925} INFO - DAG(s) 'example_weekday_branch_operator' retrieved from /home/airflow/.local/lib/python3.12/site-packages/airflow/example_dags/example_branch_day_of_week_operator.py
[2026-07-18T22:00:48.389+0000] {logging_mixin.py:190} INFO - [2026-07-18T22:00:48.387+0000] {dag.py:3239} INFO - Sync 1 DAGs
[2026-07-18T22:00:48.458+0000] {logging_mixin.py:190} INFO - [2026-07-18T22:00:48.457+0000] {dag.py:4180} INFO - Setting next_dagrun for example_weekday_branch_operator to 2026-07-17 00:00:00+00:00, run_after=2026-07-18 00:00:00+00:00
[2026-07-18T22:00:48.511+0000] {processor.py:208} INFO - Processing /home/airflow/.local/lib/python3.12/site-packages/airflow/example_dags/example_branch_day_of_week_operator.py took 0.228 seconds
[2026-07-18T22:01:19.289+0000] {processor.py:186} INFO - Started process (PID=3130) to work on /home/airflow/.local/lib/python3.12/site-packages/airflow/example_dags/example_branch_day_of_week_operator.py
[2026-07-18T22:01:19.292+0000] {processor.py:914} INFO - Processing file /home/airflow/.local/lib/python3.12/site-packages/airflow/example_dags/example_branch_day_of_week_operator.py for tasks to queue
[2026-07-18T22:01:19.295+0000] {logging_mixin.py:190} INFO - [2026-07-18T22:01:19.293+0000] {dagbag.py:588} INFO - Filling up the DagBag from /home/airflow/.local/lib/python3.12/site-packages/airflow/example_dags/example_branch_day_of_week_operator.py
[2026-07-18T22:01:19.315+0000] {processor.py:925} INFO - DAG(s) 'example_weekday_branch_operator' retrieved from /home/airflow/.local/lib/python3.12/site-packages/airflow/example_dags/example_branch_day_of_week_operator.py
[2026-07-18T22:01:19.345+0000] {logging_mixin.py:190} INFO - [2026-07-18T22:01:19.345+0000] {dag.py:3239} INFO - Sync 1 DAGs
[2026-07-18T22:01:19.376+0000] {logging_mixin.py:190} INFO - [2026-07-18T22:01:19.376+0000] {dag.py:4180} INFO - Setting next_dagrun for example_weekday_branch_operator to 2026-07-17 00:00:00+00:00, run_after=2026-07-18 00:00:00+00:00
[2026-07-18T22:01:19.408+0000] {processor.py:208} INFO - Processing /home/airflow/.local/lib/python3.12/site-packages/airflow/example_dags/example_branch_day_of_week_operator.py took 0.135 seconds
[2026-07-18T22:01:49.920+0000] {processor.py:186} INFO - Started process (PID=3194) to work on /home/airflow/.local/lib/python3.12/site-packages/airflow/example_dags/example_branch_day_of_week_operator.py
[2026-07-18T22:01:49.923+0000] {processor.py:914} INFO - Processing file /home/airflow/.local/lib/python3.12/site-packages/airflow/example_dags/example_branch_day_of_week_operator.py for tasks to queue
[2026-07-18T22:01:49.928+0000] {logging_mixin.py:190} INFO - [2026-07-18T22:01:49.927+0000] {dagbag.py:588} INFO - Filling up the DagBag from /home/airflow/.local/lib/python3.12/site-packages/airflow/example_dags/example_branch_day_of_week_operator.py
[2026-07-18T22:01:49.954+0000] {processor.py:925} INFO - DAG(s) 'example_weekday_branch_operator' retrieved from /home/airflow/.local/lib/python3.12/site-packages/airflow/example_dags/example_branch_day_of_week_operator.py
[2026-07-18T22:01:49.987+0000] {logging_mixin.py:190} INFO - [2026-07-18T22:01:49.987+0000] {dag.py:3239} INFO - Sync 1 DAGs
[2026-07-18T22:01:50.034+0000] {logging_mixin.py:190} INFO - [2026-07-18T22:01:50.034+0000] {dag.py:4180} INFO - Setting next_dagrun for example_weekday_branch_operator to 2026-07-17 00:00:00+00:00, run_after=2026-07-18 00:00:00+00:00
[2026-07-18T22:01:50.111+0000] {processor.py:208} INFO - Processing /home/airflow/.local/lib/python3.12/site-packages/airflow/example_dags/example_branch_day_of_week_operator.py took 0.201 seconds
[2026-07-18T22:02:22.035+0000] {processor.py:186} INFO - Started process (PID=3257) to work on /home/airflow/.local/lib/python3.12/site-packages/airflow/example_dags/example_branch_day_of_week_operator.py
[2026-07-18T22:02:22.037+0000] {processor.py:914} INFO - Processing file /home/airflow/.local/lib/python3.12/site-packages/airflow/example_dags/example_branch_day_of_week_operator.py for tasks to queue
[2026-07-18T22:02:22.041+0000] {logging_mixin.py:190} INFO - [2026-07-18T22:02:22.040+0000] {dagbag.py:588} INFO - Filling up the DagBag from /home/airflow/.local/lib/python3.12/site-packages/airflow/example_dags/example_branch_day_of_week_operator.py
[2026-07-18T22:02:22.057+0000] {processor.py:925} INFO - DAG(s) 'example_weekday_branch_operator' retrieved from /home/airflow/.local/lib/python3.12/site-packages/airflow/example_dags/example_branch_day_of_week_operator.py
[2026-07-18T22:02:22.094+0000] {logging_mixin.py:190} INFO - [2026-07-18T22:02:22.093+0000] {dag.py:3239} INFO - Sync 1 DAGs
[2026-07-18T22:02:22.138+0000] {logging_mixin.py:190} INFO - [2026-07-18T22:02:22.138+0000] {dag.py:4180} INFO - Setting next_dagrun for example_weekday_branch_operator to 2026-07-17 00:00:00+00:00, run_after=2026-07-18 00:00:00+00:00
[2026-07-18T22:02:22.189+0000] {processor.py:208} INFO - Processing /home/airflow/.local/lib/python3.12/site-packages/airflow/example_dags/example_branch_day_of_week_operator.py took 0.162 seconds
[2026-07-18T22:02:53.326+0000] {processor.py:186} INFO - Started process (PID=3321) to work on /home/airflow/.local/lib/python3.12/site-packages/airflow/example_dags/example_branch_day_of_week_operator.py
[2026-07-18T22:02:53.329+0000] {processor.py:914} INFO - Processing file /home/airflow/.local/lib/python3.12/site-packages/airflow/example_dags/example_branch_day_of_week_operator.py for tasks to queue
[2026-07-18T22:02:53.332+0000] {logging_mixin.py:190} INFO - [2026-07-18T22:02:53.332+0000] {dagbag.py:588} INFO - Filling up the DagBag from /home/airflow/.local/lib/python3.12/site-packages/airflow/example_dags/example_branch_day_of_week_operator.py
[2026-07-18T22:02:53.347+0000] {processor.py:925} INFO - DAG(s) 'example_weekday_branch_operator' retrieved from /home/airflow/.local/lib/python3.12/site-packages/airflow/example_dags/example_branch_day_of_week_operator.py
[2026-07-18T22:02:53.384+0000] {logging_mixin.py:190} INFO - [2026-07-18T22:02:53.384+0000] {dag.py:3239} INFO - Sync 1 DAGs
[2026-07-18T22:02:53.415+0000] {logging_mixin.py:190} INFO - [2026-07-18T22:02:53.415+0000] {dag.py:4180} INFO - Setting next_dagrun for example_weekday_branch_operator to 2026-07-17 00:00:00+00:00, run_after=2026-07-18 00:00:00+00:00
[2026-07-18T22:02:53.473+0000] {processor.py:208} INFO - Processing /home/airflow/.local/lib/python3.12/site-packages/airflow/example_dags/example_branch_day_of_week_operator.py took 0.158 seconds
[2026-07-18T22:03:24.279+0000] {processor.py:186} INFO - Started process (PID=3385) to work on /home/airflow/.local/lib/python3.12/site-packages/airflow/example_dags/example_branch_day_of_week_operator.py
[2026-07-18T22:03:24.282+0000] {processor.py:914} INFO - Processing file /home/airflow/.local/lib/python3.12/site-packages/airflow/example_dags/example_branch_day_of_week_operator.py for tasks to queue
[2026-07-18T22:03:24.286+0000] {logging_mixin.py:190} INFO - [2026-07-18T22:03:24.285+0000] {dagbag.py:588} INFO - Filling up the DagBag from /home/airflow/.local/lib/python3.12/site-packages/airflow/example_dags/example_branch_day_of_week_operator.py
[2026-07-18T22:03:24.306+0000] {processor.py:925} INFO - DAG(s) 'example_weekday_branch_operator' retrieved from /home/airflow/.local/lib/python3.12/site-packages/airflow/example_dags/example_branch_day_of_week_operator.py
[2026-07-18T22:03:24.345+0000] {logging_mixin.py:190} INFO - [2026-07-18T22:03:24.345+0000] {dag.py:3239} INFO - Sync 1 DAGs
[2026-07-18T22:03:24.389+0000] {logging_mixin.py:190} INFO - [2026-07-18T22:03:24.389+0000] {dag.py:4180} INFO - Setting next_dagrun for example_weekday_branch_operator to 2026-07-17 00:00:00+00:00, run_after=2026-07-18 00:00:00+00:00
[2026-07-18T22:03:24.467+0000] {processor.py:208} INFO - Processing /home/airflow/.local/lib/python3.12/site-packages/airflow/example_dags/example_branch_day_of_week_operator.py took 0.202 seconds
[2026-07-18T22:03:57.038+0000] {processor.py:186} INFO - Started process (PID=3456) to work on /home/airflow/.local/lib/python3.12/site-packages/airflow/example_dags/example_branch_day_of_week_operator.py
[2026-07-18T22:03:57.042+0000] {processor.py:914} INFO - Processing file /home/airflow/.local/lib/python3.12/site-packages/airflow/example_dags/example_branch_day_of_week_operator.py for tasks to queue
[2026-07-18T22:03:57.047+0000] {logging_mixin.py:190} INFO - [2026-07-18T22:03:57.046+0000] {dagbag.py:588} INFO - Filling up the DagBag from /home/airflow/.local/lib/python3.12/site-packages/airflow/example_dags/example_branch_day_of_week_operator.py
[2026-07-18T22:03:57.070+0000] {processor.py:925} INFO - DAG(s) 'example_weekday_branch_operator' retrieved from /home/airflow/.local/lib/python3.12/site-packages/airflow/example_dags/example_branch_day_of_week_operator.py
[2026-07-18T22:03:57.107+0000] {logging_mixin.py:190} INFO - [2026-07-18T22:03:57.107+0000] {dag.py:3239} INFO - Sync 1 DAGs
[2026-07-18T22:03:57.151+0000] {logging_mixin.py:190} INFO - [2026-07-18T22:03:57.151+0000] {dag.py:4180} INFO - Setting next_dagrun for example_weekday_branch_operator to 2026-07-17 00:00:00+00:00, run_after=2026-07-18 00:00:00+00:00
[2026-07-18T22:03:57.243+0000] {processor.py:208} INFO - Processing /home/airflow/.local/lib/python3.12/site-packages/airflow/example_dags/example_branch_day_of_week_operator.py took 0.220 seconds
[2026-07-18T22:04:28.582+0000] {processor.py:186} INFO - Started process (PID=3519) to work on /home/airflow/.local/lib/python3.12/site-packages/airflow/example_dags/example_branch_day_of_week_operator.py
[2026-07-18T22:04:28.586+0000] {processor.py:914} INFO - Processing file /home/airflow/.local/lib/python3.12/site-packages/airflow/example_dags/example_branch_day_of_week_operator.py for tasks to queue
[2026-07-18T22:04:28.591+0000] {logging_mixin.py:190} INFO - [2026-07-18T22:04:28.590+0000] {dagbag.py:588} INFO - Filling up the DagBag from /home/airflow/.local/lib/python3.12/site-packages/airflow/example_dags/example_branch_day_of_week_operator.py
[2026-07-18T22:04:28.612+0000] {processor.py:925} INFO - DAG(s) 'example_weekday_branch_operator' retrieved from /home/airflow/.local/lib/python3.12/site-packages/airflow/example_dags/example_branch_day_of_week_operator.py
[2026-07-18T22:04:28.656+0000] {logging_mixin.py:190} INFO - [2026-07-18T22:04:28.656+0000] {dag.py:3239} INFO - Sync 1 DAGs
[2026-07-18T22:04:28.702+0000] {logging_mixin.py:190} INFO - [2026-07-18T22:04:28.702+0000] {dag.py:4180} INFO - Setting next_dagrun for example_weekday_branch_operator to 2026-07-17 00:00:00+00:00, run_after=2026-07-18 00:00:00+00:00
[2026-07-18T22:04:28.737+0000] {processor.py:208} INFO - Processing /home/airflow/.local/lib/python3.12/site-packages/airflow/example_dags/example_branch_day_of_week_operator.py took 0.167 seconds
[2026-07-18T22:04:59.319+0000] {processor.py:186} INFO - Started process (PID=3583) to work on /home/airflow/.local/lib/python3.12/site-packages/airflow/example_dags/example_branch_day_of_week_operator.py
[2026-07-18T22:04:59.322+0000] {processor.py:914} INFO - Processing file /home/airflow/.local/lib/python3.12/site-packages/airflow/example_dags/example_branch_day_of_week_operator.py for tasks to queue
[2026-07-18T22:04:59.327+0000] {logging_mixin.py:190} INFO - [2026-07-18T22:04:59.326+0000] {dagbag.py:588} INFO - Filling up the DagBag from /home/airflow/.local/lib/python3.12/site-packages/airflow/example_dags/example_branch_day_of_week_operator.py
[2026-07-18T22:04:59.358+0000] {processor.py:925} INFO - DAG(s) 'example_weekday_branch_operator' retrieved from /home/airflow/.local/lib/python3.12/site-packages/airflow/example_dags/example_branch_day_of_week_operator.py
[2026-07-18T22:04:59.403+0000] {logging_mixin.py:190} INFO - [2026-07-18T22:04:59.403+0000] {dag.py:3239} INFO - Sync 1 DAGs
[2026-07-18T22:04:59.447+0000] {logging_mixin.py:190} INFO - [2026-07-18T22:04:59.446+0000] {dag.py:4180} INFO - Setting next_dagrun for example_weekday_branch_operator to 2026-07-17 00:00:00+00:00, run_after=2026-07-18 00:00:00+00:00
[2026-07-18T22:04:59.483+0000] {processor.py:208} INFO - Processing /home/airflow/.local/lib/python3.12/site-packages/airflow/example_dags/example_branch_day_of_week_operator.py took 0.186 seconds
[2026-07-18T22:05:33.584+0000] {processor.py:186} INFO - Started process (PID=3648) to work on /home/airflow/.local/lib/python3.12/site-packages/airflow/example_dags/example_branch_day_of_week_operator.py
[2026-07-18T22:05:33.589+0000] {processor.py:914} INFO - Processing file /home/airflow/.local/lib/python3.12/site-packages/airflow/example_dags/example_branch_day_of_week_operator.py for tasks to queue
[2026-07-18T22:05:33.594+0000] {logging_mixin.py:190} INFO - [2026-07-18T22:05:33.593+0000] {dagbag.py:588} INFO - Filling up the DagBag from /home/airflow/.local/lib/python3.12/site-packages/airflow/example_dags/example_branch_day_of_week_operator.py
[2026-07-18T22:05:33.627+0000] {processor.py:925} INFO - DAG(s) 'example_weekday_branch_operator' retrieved from /home/airflow/.local/lib/python3.12/site-packages/airflow/example_dags/example_branch_day_of_week_operator.py
[2026-07-18T22:05:33.675+0000] {logging_mixin.py:190} INFO - [2026-07-18T22:05:33.675+0000] {dag.py:3239} INFO - Sync 1 DAGs
[2026-07-18T22:05:34.110+0000] {logging_mixin.py:190} INFO - [2026-07-18T22:05:34.109+0000] {dag.py:4180} INFO - Setting next_dagrun for example_weekday_branch_operator to 2026-07-17 00:00:00+00:00, run_after=2026-07-18 00:00:00+00:00
[2026-07-18T22:05:34.176+0000] {processor.py:208} INFO - Processing /home/airflow/.local/lib/python3.12/site-packages/airflow/example_dags/example_branch_day_of_week_operator.py took 0.610 seconds
