[2026-07-18T20:50:05.050+0000] {processor.py:186} INFO - Started process (PID=95) to work on /home/airflow/.local/lib/python3.12/site-packages/airflow/example_dags/example_kubernetes_executor.py
[2026-07-18T20:50:05.054+0000] {processor.py:914} INFO - Processing file /home/airflow/.local/lib/python3.12/site-packages/airflow/example_dags/example_kubernetes_executor.py for tasks to queue
[2026-07-18T20:50:05.061+0000] {logging_mixin.py:190} INFO - [2026-07-18T20:50:05.060+0000] {dagbag.py:588} INFO - Filling up the DagBag from /home/airflow/.local/lib/python3.12/site-packages/airflow/example_dags/example_kubernetes_executor.py
[2026-07-18T20:50:05.098+0000] {processor.py:925} INFO - DAG(s) 'example_kubernetes_executor' retrieved from /home/airflow/.local/lib/python3.12/site-packages/airflow/example_dags/example_kubernetes_executor.py
[2026-07-18T20:50:05.317+0000] {logging_mixin.py:190} INFO - [2026-07-18T20:50:05.315+0000] {override.py:1911} INFO - Created Permission View: can edit on DAG:example_kubernetes_executor
[2026-07-18T20:50:05.334+0000] {logging_mixin.py:190} INFO - [2026-07-18T20:50:05.334+0000] {override.py:1911} INFO - Created Permission View: can read on DAG:example_kubernetes_executor
[2026-07-18T20:50:05.347+0000] {logging_mixin.py:190} INFO - [2026-07-18T20:50:05.346+0000] {override.py:1911} INFO - Created Permission View: can delete on DAG:example_kubernetes_executor
[2026-07-18T20:50:05.361+0000] {logging_mixin.py:190} INFO - [2026-07-18T20:50:05.360+0000] {override.py:1911} INFO - Created Permission View: can create on DAG Run:example_kubernetes_executor
[2026-07-18T20:50:05.372+0000] {logging_mixin.py:190} INFO - [2026-07-18T20:50:05.372+0000] {override.py:1911} INFO - Created Permission View: can read on DAG Run:example_kubernetes_executor
[2026-07-18T20:50:05.387+0000] {logging_mixin.py:190} INFO - [2026-07-18T20:50:05.386+0000] {override.py:1911} INFO - Created Permission View: menu access on DAG Run:example_kubernetes_executor
[2026-07-18T20:50:05.401+0000] {logging_mixin.py:190} INFO - [2026-07-18T20:50:05.400+0000] {override.py:1911} INFO - Created Permission View: can delete on DAG Run:example_kubernetes_executor
[2026-07-18T20:50:05.403+0000] {logging_mixin.py:190} INFO - [2026-07-18T20:50:05.402+0000] {dag.py:3239} INFO - Sync 1 DAGs
[2026-07-18T20:50:05.429+0000] {logging_mixin.py:190} INFO - [2026-07-18T20:50:05.429+0000] {dag.py:3262} INFO - Creating ORM DAG for example_kubernetes_executor
[2026-07-18T20:50:05.431+0000] {logging_mixin.py:190} INFO - [2026-07-18T20:50:05.431+0000] {dag.py:4180} INFO - Setting next_dagrun for example_kubernetes_executor to None, run_after=None
[2026-07-18T20:50:05.542+0000] {processor.py:208} INFO - Processing /home/airflow/.local/lib/python3.12/site-packages/airflow/example_dags/example_kubernetes_executor.py took 0.508 seconds
[2026-07-18T20:50:35.868+0000] {processor.py:186} INFO - Started process (PID=158) to work on /home/airflow/.local/lib/python3.12/site-packages/airflow/example_dags/example_kubernetes_executor.py
[2026-07-18T20:50:35.869+0000] {processor.py:914} INFO - Processing file /home/airflow/.local/lib/python3.12/site-packages/airflow/example_dags/example_kubernetes_executor.py for tasks to queue
[2026-07-18T20:50:35.872+0000] {logging_mixin.py:190} INFO - [2026-07-18T20:50:35.872+0000] {dagbag.py:588} INFO - Filling up the DagBag from /home/airflow/.local/lib/python3.12/site-packages/airflow/example_dags/example_kubernetes_executor.py
[2026-07-18T20:50:35.887+0000] {processor.py:925} INFO - DAG(s) 'example_kubernetes_executor' retrieved from /home/airflow/.local/lib/python3.12/site-packages/airflow/example_dags/example_kubernetes_executor.py
[2026-07-18T20:50:35.918+0000] {logging_mixin.py:190} INFO - [2026-07-18T20:50:35.917+0000] {dag.py:3239} INFO - Sync 1 DAGs
[2026-07-18T20:50:35.935+0000] {logging_mixin.py:190} INFO - [2026-07-18T20:50:35.935+0000] {dag.py:4180} INFO - Setting next_dagrun for example_kubernetes_executor to None, run_after=None
[2026-07-18T20:50:35.950+0000] {processor.py:208} INFO - Processing /home/airflow/.local/lib/python3.12/site-packages/airflow/example_dags/example_kubernetes_executor.py took 0.088 seconds
[2026-07-18T20:51:08.218+0000] {processor.py:186} INFO - Started process (PID=221) to work on /home/airflow/.local/lib/python3.12/site-packages/airflow/example_dags/example_kubernetes_executor.py
[2026-07-18T20:51:08.222+0000] {processor.py:914} INFO - Processing file /home/airflow/.local/lib/python3.12/site-packages/airflow/example_dags/example_kubernetes_executor.py for tasks to queue
[2026-07-18T20:51:08.229+0000] {logging_mixin.py:190} INFO - [2026-07-18T20:51:08.228+0000] {dagbag.py:588} INFO - Filling up the DagBag from /home/airflow/.local/lib/python3.12/site-packages/airflow/example_dags/example_kubernetes_executor.py
[2026-07-18T20:51:08.261+0000] {processor.py:925} INFO - DAG(s) 'example_kubernetes_executor' retrieved from /home/airflow/.local/lib/python3.12/site-packages/airflow/example_dags/example_kubernetes_executor.py
[2026-07-18T20:51:08.310+0000] {logging_mixin.py:190} INFO - [2026-07-18T20:51:08.309+0000] {dag.py:3239} INFO - Sync 1 DAGs
[2026-07-18T20:51:08.353+0000] {logging_mixin.py:190} INFO - [2026-07-18T20:51:08.349+0000] {dag.py:4180} INFO - Setting next_dagrun for example_kubernetes_executor to None, run_after=None
[2026-07-18T20:51:08.405+0000] {processor.py:208} INFO - Processing /home/airflow/.local/lib/python3.12/site-packages/airflow/example_dags/example_kubernetes_executor.py took 0.200 seconds
[2026-07-18T20:51:39.631+0000] {processor.py:186} INFO - Started process (PID=285) to work on /home/airflow/.local/lib/python3.12/site-packages/airflow/example_dags/example_kubernetes_executor.py
[2026-07-18T20:51:39.633+0000] {processor.py:914} INFO - Processing file /home/airflow/.local/lib/python3.12/site-packages/airflow/example_dags/example_kubernetes_executor.py for tasks to queue
[2026-07-18T20:51:39.636+0000] {logging_mixin.py:190} INFO - [2026-07-18T20:51:39.636+0000] {dagbag.py:588} INFO - Filling up the DagBag from /home/airflow/.local/lib/python3.12/site-packages/airflow/example_dags/example_kubernetes_executor.py
[2026-07-18T20:51:39.650+0000] {processor.py:925} INFO - DAG(s) 'example_kubernetes_executor' retrieved from /home/airflow/.local/lib/python3.12/site-packages/airflow/example_dags/example_kubernetes_executor.py
[2026-07-18T20:51:39.676+0000] {logging_mixin.py:190} INFO - [2026-07-18T20:51:39.675+0000] {dag.py:3239} INFO - Sync 1 DAGs
[2026-07-18T20:51:39.689+0000] {logging_mixin.py:190} INFO - [2026-07-18T20:51:39.689+0000] {dag.py:4180} INFO - Setting next_dagrun for example_kubernetes_executor to None, run_after=None
[2026-07-18T20:51:39.705+0000] {processor.py:208} INFO - Processing /home/airflow/.local/lib/python3.12/site-packages/airflow/example_dags/example_kubernetes_executor.py took 0.080 seconds
[2026-07-18T20:52:11.434+0000] {processor.py:186} INFO - Started process (PID=348) to work on /home/airflow/.local/lib/python3.12/site-packages/airflow/example_dags/example_kubernetes_executor.py
[2026-07-18T20:52:11.436+0000] {processor.py:914} INFO - Processing file /home/airflow/.local/lib/python3.12/site-packages/airflow/example_dags/example_kubernetes_executor.py for tasks to queue
[2026-07-18T20:52:11.441+0000] {logging_mixin.py:190} INFO - [2026-07-18T20:52:11.441+0000] {dagbag.py:588} INFO - Filling up the DagBag from /home/airflow/.local/lib/python3.12/site-packages/airflow/example_dags/example_kubernetes_executor.py
[2026-07-18T20:52:11.461+0000] {processor.py:925} INFO - DAG(s) 'example_kubernetes_executor' retrieved from /home/airflow/.local/lib/python3.12/site-packages/airflow/example_dags/example_kubernetes_executor.py
[2026-07-18T20:52:11.498+0000] {logging_mixin.py:190} INFO - [2026-07-18T20:52:11.498+0000] {dag.py:3239} INFO - Sync 1 DAGs
[2026-07-18T20:52:11.527+0000] {logging_mixin.py:190} INFO - [2026-07-18T20:52:11.526+0000] {dag.py:4180} INFO - Setting next_dagrun for example_kubernetes_executor to None, run_after=None
[2026-07-18T20:52:11.554+0000] {processor.py:208} INFO - Processing /home/airflow/.local/lib/python3.12/site-packages/airflow/example_dags/example_kubernetes_executor.py took 0.128 seconds
[2026-07-18T20:52:42.630+0000] {processor.py:186} INFO - Started process (PID=411) to work on /home/airflow/.local/lib/python3.12/site-packages/airflow/example_dags/example_kubernetes_executor.py
[2026-07-18T20:52:42.633+0000] {processor.py:914} INFO - Processing file /home/airflow/.local/lib/python3.12/site-packages/airflow/example_dags/example_kubernetes_executor.py for tasks to queue
[2026-07-18T20:52:42.640+0000] {logging_mixin.py:190} INFO - [2026-07-18T20:52:42.639+0000] {dagbag.py:588} INFO - Filling up the DagBag from /home/airflow/.local/lib/python3.12/site-packages/airflow/example_dags/example_kubernetes_executor.py
[2026-07-18T20:52:42.682+0000] {processor.py:925} INFO - DAG(s) 'example_kubernetes_executor' retrieved from /home/airflow/.local/lib/python3.12/site-packages/airflow/example_dags/example_kubernetes_executor.py
[2026-07-18T20:52:42.728+0000] {logging_mixin.py:190} INFO - [2026-07-18T20:52:42.728+0000] {dag.py:3239} INFO - Sync 1 DAGs
[2026-07-18T20:52:42.755+0000] {logging_mixin.py:190} INFO - [2026-07-18T20:52:42.754+0000] {dag.py:4180} INFO - Setting next_dagrun for example_kubernetes_executor to None, run_after=None
[2026-07-18T20:52:42.784+0000] {processor.py:208} INFO - Processing /home/airflow/.local/lib/python3.12/site-packages/airflow/example_dags/example_kubernetes_executor.py took 0.164 seconds
[2026-07-18T20:53:14.287+0000] {processor.py:186} INFO - Started process (PID=474) to work on /home/airflow/.local/lib/python3.12/site-packages/airflow/example_dags/example_kubernetes_executor.py
[2026-07-18T20:53:14.289+0000] {processor.py:914} INFO - Processing file /home/airflow/.local/lib/python3.12/site-packages/airflow/example_dags/example_kubernetes_executor.py for tasks to queue
[2026-07-18T20:53:14.292+0000] {logging_mixin.py:190} INFO - [2026-07-18T20:53:14.292+0000] {dagbag.py:588} INFO - Filling up the DagBag from /home/airflow/.local/lib/python3.12/site-packages/airflow/example_dags/example_kubernetes_executor.py
[2026-07-18T20:53:14.310+0000] {processor.py:925} INFO - DAG(s) 'example_kubernetes_executor' retrieved from /home/airflow/.local/lib/python3.12/site-packages/airflow/example_dags/example_kubernetes_executor.py
[2026-07-18T20:53:14.334+0000] {logging_mixin.py:190} INFO - [2026-07-18T20:53:14.334+0000] {dag.py:3239} INFO - Sync 1 DAGs
[2026-07-18T20:53:14.348+0000] {logging_mixin.py:190} INFO - [2026-07-18T20:53:14.348+0000] {dag.py:4180} INFO - Setting next_dagrun for example_kubernetes_executor to None, run_after=None
[2026-07-18T20:53:14.367+0000] {processor.py:208} INFO - Processing /home/airflow/.local/lib/python3.12/site-packages/airflow/example_dags/example_kubernetes_executor.py took 0.087 seconds
[2026-07-18T20:53:45.039+0000] {processor.py:186} INFO - Started process (PID=537) to work on /home/airflow/.local/lib/python3.12/site-packages/airflow/example_dags/example_kubernetes_executor.py
[2026-07-18T20:53:45.041+0000] {processor.py:914} INFO - Processing file /home/airflow/.local/lib/python3.12/site-packages/airflow/example_dags/example_kubernetes_executor.py for tasks to queue
[2026-07-18T20:53:45.043+0000] {logging_mixin.py:190} INFO - [2026-07-18T20:53:45.043+0000] {dagbag.py:588} INFO - Filling up the DagBag from /home/airflow/.local/lib/python3.12/site-packages/airflow/example_dags/example_kubernetes_executor.py
[2026-07-18T20:53:45.059+0000] {processor.py:925} INFO - DAG(s) 'example_kubernetes_executor' retrieved from /home/airflow/.local/lib/python3.12/site-packages/airflow/example_dags/example_kubernetes_executor.py
[2026-07-18T20:53:45.079+0000] {logging_mixin.py:190} INFO - [2026-07-18T20:53:45.079+0000] {dag.py:3239} INFO - Sync 1 DAGs
[2026-07-18T20:53:45.093+0000] {logging_mixin.py:190} INFO - [2026-07-18T20:53:45.093+0000] {dag.py:4180} INFO - Setting next_dagrun for example_kubernetes_executor to None, run_after=None
[2026-07-18T20:53:45.109+0000] {processor.py:208} INFO - Processing /home/airflow/.local/lib/python3.12/site-packages/airflow/example_dags/example_kubernetes_executor.py took 0.075 seconds
[2026-07-18T20:54:16.037+0000] {processor.py:186} INFO - Started process (PID=600) to work on /home/airflow/.local/lib/python3.12/site-packages/airflow/example_dags/example_kubernetes_executor.py
[2026-07-18T20:54:16.038+0000] {processor.py:914} INFO - Processing file /home/airflow/.local/lib/python3.12/site-packages/airflow/example_dags/example_kubernetes_executor.py for tasks to queue
[2026-07-18T20:54:16.040+0000] {logging_mixin.py:190} INFO - [2026-07-18T20:54:16.040+0000] {dagbag.py:588} INFO - Filling up the DagBag from /home/airflow/.local/lib/python3.12/site-packages/airflow/example_dags/example_kubernetes_executor.py
[2026-07-18T20:54:16.053+0000] {processor.py:925} INFO - DAG(s) 'example_kubernetes_executor' retrieved from /home/airflow/.local/lib/python3.12/site-packages/airflow/example_dags/example_kubernetes_executor.py
[2026-07-18T20:54:16.075+0000] {logging_mixin.py:190} INFO - [2026-07-18T20:54:16.075+0000] {dag.py:3239} INFO - Sync 1 DAGs
[2026-07-18T20:54:16.090+0000] {logging_mixin.py:190} INFO - [2026-07-18T20:54:16.089+0000] {dag.py:4180} INFO - Setting next_dagrun for example_kubernetes_executor to None, run_after=None
[2026-07-18T20:54:16.105+0000] {processor.py:208} INFO - Processing /home/airflow/.local/lib/python3.12/site-packages/airflow/example_dags/example_kubernetes_executor.py took 0.074 seconds
[2026-07-18T20:54:47.402+0000] {processor.py:186} INFO - Started process (PID=663) to work on /home/airflow/.local/lib/python3.12/site-packages/airflow/example_dags/example_kubernetes_executor.py
[2026-07-18T20:54:47.403+0000] {processor.py:914} INFO - Processing file /home/airflow/.local/lib/python3.12/site-packages/airflow/example_dags/example_kubernetes_executor.py for tasks to queue
[2026-07-18T20:54:47.405+0000] {logging_mixin.py:190} INFO - [2026-07-18T20:54:47.405+0000] {dagbag.py:588} INFO - Filling up the DagBag from /home/airflow/.local/lib/python3.12/site-packages/airflow/example_dags/example_kubernetes_executor.py
[2026-07-18T20:54:47.417+0000] {processor.py:925} INFO - DAG(s) 'example_kubernetes_executor' retrieved from /home/airflow/.local/lib/python3.12/site-packages/airflow/example_dags/example_kubernetes_executor.py
[2026-07-18T20:54:47.437+0000] {logging_mixin.py:190} INFO - [2026-07-18T20:54:47.437+0000] {dag.py:3239} INFO - Sync 1 DAGs
[2026-07-18T20:54:47.449+0000] {logging_mixin.py:190} INFO - [2026-07-18T20:54:47.449+0000] {dag.py:4180} INFO - Setting next_dagrun for example_kubernetes_executor to None, run_after=None
[2026-07-18T20:54:47.467+0000] {processor.py:208} INFO - Processing /home/airflow/.local/lib/python3.12/site-packages/airflow/example_dags/example_kubernetes_executor.py took 0.069 seconds
[2026-07-18T20:55:18.061+0000] {processor.py:186} INFO - Started process (PID=726) to work on /home/airflow/.local/lib/python3.12/site-packages/airflow/example_dags/example_kubernetes_executor.py
[2026-07-18T20:55:18.063+0000] {processor.py:914} INFO - Processing file /home/airflow/.local/lib/python3.12/site-packages/airflow/example_dags/example_kubernetes_executor.py for tasks to queue
[2026-07-18T20:55:18.065+0000] {logging_mixin.py:190} INFO - [2026-07-18T20:55:18.065+0000] {dagbag.py:588} INFO - Filling up the DagBag from /home/airflow/.local/lib/python3.12/site-packages/airflow/example_dags/example_kubernetes_executor.py
[2026-07-18T20:55:18.076+0000] {processor.py:925} INFO - DAG(s) 'example_kubernetes_executor' retrieved from /home/airflow/.local/lib/python3.12/site-packages/airflow/example_dags/example_kubernetes_executor.py
[2026-07-18T20:55:18.096+0000] {logging_mixin.py:190} INFO - [2026-07-18T20:55:18.096+0000] {dag.py:3239} INFO - Sync 1 DAGs
[2026-07-18T20:55:18.109+0000] {logging_mixin.py:190} INFO - [2026-07-18T20:55:18.108+0000] {dag.py:4180} INFO - Setting next_dagrun for example_kubernetes_executor to None, run_after=None
[2026-07-18T20:55:18.124+0000] {processor.py:208} INFO - Processing /home/airflow/.local/lib/python3.12/site-packages/airflow/example_dags/example_kubernetes_executor.py took 0.068 seconds
[2026-07-18T20:55:49.758+0000] {processor.py:186} INFO - Started process (PID=789) to work on /home/airflow/.local/lib/python3.12/site-packages/airflow/example_dags/example_kubernetes_executor.py
[2026-07-18T20:55:49.760+0000] {processor.py:914} INFO - Processing file /home/airflow/.local/lib/python3.12/site-packages/airflow/example_dags/example_kubernetes_executor.py for tasks to queue
[2026-07-18T20:55:49.762+0000] {logging_mixin.py:190} INFO - [2026-07-18T20:55:49.762+0000] {dagbag.py:588} INFO - Filling up the DagBag from /home/airflow/.local/lib/python3.12/site-packages/airflow/example_dags/example_kubernetes_executor.py
[2026-07-18T20:55:49.774+0000] {processor.py:925} INFO - DAG(s) 'example_kubernetes_executor' retrieved from /home/airflow/.local/lib/python3.12/site-packages/airflow/example_dags/example_kubernetes_executor.py
[2026-07-18T20:55:49.795+0000] {logging_mixin.py:190} INFO - [2026-07-18T20:55:49.794+0000] {dag.py:3239} INFO - Sync 1 DAGs
[2026-07-18T20:55:49.806+0000] {logging_mixin.py:190} INFO - [2026-07-18T20:55:49.806+0000] {dag.py:4180} INFO - Setting next_dagrun for example_kubernetes_executor to None, run_after=None
[2026-07-18T20:55:49.821+0000] {processor.py:208} INFO - Processing /home/airflow/.local/lib/python3.12/site-packages/airflow/example_dags/example_kubernetes_executor.py took 0.068 seconds
[2026-07-18T20:56:21.418+0000] {processor.py:186} INFO - Started process (PID=852) to work on /home/airflow/.local/lib/python3.12/site-packages/airflow/example_dags/example_kubernetes_executor.py
[2026-07-18T20:56:21.419+0000] {processor.py:914} INFO - Processing file /home/airflow/.local/lib/python3.12/site-packages/airflow/example_dags/example_kubernetes_executor.py for tasks to queue
[2026-07-18T20:56:21.422+0000] {logging_mixin.py:190} INFO - [2026-07-18T20:56:21.422+0000] {dagbag.py:588} INFO - Filling up the DagBag from /home/airflow/.local/lib/python3.12/site-packages/airflow/example_dags/example_kubernetes_executor.py
[2026-07-18T20:56:21.435+0000] {processor.py:925} INFO - DAG(s) 'example_kubernetes_executor' retrieved from /home/airflow/.local/lib/python3.12/site-packages/airflow/example_dags/example_kubernetes_executor.py
[2026-07-18T20:56:21.463+0000] {logging_mixin.py:190} INFO - [2026-07-18T20:56:21.463+0000] {dag.py:3239} INFO - Sync 1 DAGs
[2026-07-18T20:56:21.483+0000] {logging_mixin.py:190} INFO - [2026-07-18T20:56:21.483+0000] {dag.py:4180} INFO - Setting next_dagrun for example_kubernetes_executor to None, run_after=None
[2026-07-18T20:56:21.582+0000] {processor.py:208} INFO - Processing /home/airflow/.local/lib/python3.12/site-packages/airflow/example_dags/example_kubernetes_executor.py took 0.171 seconds
[2026-07-18T20:56:52.630+0000] {processor.py:186} INFO - Started process (PID=915) to work on /home/airflow/.local/lib/python3.12/site-packages/airflow/example_dags/example_kubernetes_executor.py
[2026-07-18T20:56:52.631+0000] {processor.py:914} INFO - Processing file /home/airflow/.local/lib/python3.12/site-packages/airflow/example_dags/example_kubernetes_executor.py for tasks to queue
[2026-07-18T20:56:52.634+0000] {logging_mixin.py:190} INFO - [2026-07-18T20:56:52.634+0000] {dagbag.py:588} INFO - Filling up the DagBag from /home/airflow/.local/lib/python3.12/site-packages/airflow/example_dags/example_kubernetes_executor.py
[2026-07-18T20:56:52.655+0000] {processor.py:925} INFO - DAG(s) 'example_kubernetes_executor' retrieved from /home/airflow/.local/lib/python3.12/site-packages/airflow/example_dags/example_kubernetes_executor.py
[2026-07-18T20:56:52.681+0000] {logging_mixin.py:190} INFO - [2026-07-18T20:56:52.681+0000] {dag.py:3239} INFO - Sync 1 DAGs
[2026-07-18T20:56:52.700+0000] {logging_mixin.py:190} INFO - [2026-07-18T20:56:52.700+0000] {dag.py:4180} INFO - Setting next_dagrun for example_kubernetes_executor to None, run_after=None
[2026-07-18T20:56:52.718+0000] {processor.py:208} INFO - Processing /home/airflow/.local/lib/python3.12/site-packages/airflow/example_dags/example_kubernetes_executor.py took 0.093 seconds
[2026-07-18T20:57:24.098+0000] {processor.py:186} INFO - Started process (PID=978) to work on /home/airflow/.local/lib/python3.12/site-packages/airflow/example_dags/example_kubernetes_executor.py
[2026-07-18T20:57:24.099+0000] {processor.py:914} INFO - Processing file /home/airflow/.local/lib/python3.12/site-packages/airflow/example_dags/example_kubernetes_executor.py for tasks to queue
[2026-07-18T20:57:24.102+0000] {logging_mixin.py:190} INFO - [2026-07-18T20:57:24.102+0000] {dagbag.py:588} INFO - Filling up the DagBag from /home/airflow/.local/lib/python3.12/site-packages/airflow/example_dags/example_kubernetes_executor.py
[2026-07-18T20:57:24.119+0000] {processor.py:925} INFO - DAG(s) 'example_kubernetes_executor' retrieved from /home/airflow/.local/lib/python3.12/site-packages/airflow/example_dags/example_kubernetes_executor.py
[2026-07-18T20:57:24.141+0000] {logging_mixin.py:190} INFO - [2026-07-18T20:57:24.141+0000] {dag.py:3239} INFO - Sync 1 DAGs
[2026-07-18T20:57:24.158+0000] {logging_mixin.py:190} INFO - [2026-07-18T20:57:24.158+0000] {dag.py:4180} INFO - Setting next_dagrun for example_kubernetes_executor to None, run_after=None
[2026-07-18T20:57:24.174+0000] {processor.py:208} INFO - Processing /home/airflow/.local/lib/python3.12/site-packages/airflow/example_dags/example_kubernetes_executor.py took 0.082 seconds
[2026-07-18T20:57:55.436+0000] {processor.py:186} INFO - Started process (PID=1041) to work on /home/airflow/.local/lib/python3.12/site-packages/airflow/example_dags/example_kubernetes_executor.py
[2026-07-18T20:57:55.438+0000] {processor.py:914} INFO - Processing file /home/airflow/.local/lib/python3.12/site-packages/airflow/example_dags/example_kubernetes_executor.py for tasks to queue
[2026-07-18T20:57:55.440+0000] {logging_mixin.py:190} INFO - [2026-07-18T20:57:55.440+0000] {dagbag.py:588} INFO - Filling up the DagBag from /home/airflow/.local/lib/python3.12/site-packages/airflow/example_dags/example_kubernetes_executor.py
[2026-07-18T20:57:55.453+0000] {processor.py:925} INFO - DAG(s) 'example_kubernetes_executor' retrieved from /home/airflow/.local/lib/python3.12/site-packages/airflow/example_dags/example_kubernetes_executor.py
[2026-07-18T20:57:55.474+0000] {logging_mixin.py:190} INFO - [2026-07-18T20:57:55.474+0000] {dag.py:3239} INFO - Sync 1 DAGs
[2026-07-18T20:57:55.486+0000] {logging_mixin.py:190} INFO - [2026-07-18T20:57:55.486+0000] {dag.py:4180} INFO - Setting next_dagrun for example_kubernetes_executor to None, run_after=None
[2026-07-18T20:57:55.502+0000] {processor.py:208} INFO - Processing /home/airflow/.local/lib/python3.12/site-packages/airflow/example_dags/example_kubernetes_executor.py took 0.072 seconds
[2026-07-18T20:58:26.834+0000] {processor.py:186} INFO - Started process (PID=1104) to work on /home/airflow/.local/lib/python3.12/site-packages/airflow/example_dags/example_kubernetes_executor.py
[2026-07-18T20:58:26.835+0000] {processor.py:914} INFO - Processing file /home/airflow/.local/lib/python3.12/site-packages/airflow/example_dags/example_kubernetes_executor.py for tasks to queue
[2026-07-18T20:58:26.837+0000] {logging_mixin.py:190} INFO - [2026-07-18T20:58:26.837+0000] {dagbag.py:588} INFO - Filling up the DagBag from /home/airflow/.local/lib/python3.12/site-packages/airflow/example_dags/example_kubernetes_executor.py
[2026-07-18T20:58:26.849+0000] {processor.py:925} INFO - DAG(s) 'example_kubernetes_executor' retrieved from /home/airflow/.local/lib/python3.12/site-packages/airflow/example_dags/example_kubernetes_executor.py
[2026-07-18T20:58:26.868+0000] {logging_mixin.py:190} INFO - [2026-07-18T20:58:26.868+0000] {dag.py:3239} INFO - Sync 1 DAGs
[2026-07-18T20:58:26.879+0000] {logging_mixin.py:190} INFO - [2026-07-18T20:58:26.879+0000] {dag.py:4180} INFO - Setting next_dagrun for example_kubernetes_executor to None, run_after=None
[2026-07-18T20:58:26.894+0000] {processor.py:208} INFO - Processing /home/airflow/.local/lib/python3.12/site-packages/airflow/example_dags/example_kubernetes_executor.py took 0.065 seconds
[2026-07-18T20:58:57.462+0000] {processor.py:186} INFO - Started process (PID=1167) to work on /home/airflow/.local/lib/python3.12/site-packages/airflow/example_dags/example_kubernetes_executor.py
[2026-07-18T20:58:57.464+0000] {processor.py:914} INFO - Processing file /home/airflow/.local/lib/python3.12/site-packages/airflow/example_dags/example_kubernetes_executor.py for tasks to queue
[2026-07-18T20:58:57.468+0000] {logging_mixin.py:190} INFO - [2026-07-18T20:58:57.467+0000] {dagbag.py:588} INFO - Filling up the DagBag from /home/airflow/.local/lib/python3.12/site-packages/airflow/example_dags/example_kubernetes_executor.py
[2026-07-18T20:58:57.485+0000] {processor.py:925} INFO - DAG(s) 'example_kubernetes_executor' retrieved from /home/airflow/.local/lib/python3.12/site-packages/airflow/example_dags/example_kubernetes_executor.py
[2026-07-18T20:58:57.512+0000] {logging_mixin.py:190} INFO - [2026-07-18T20:58:57.511+0000] {dag.py:3239} INFO - Sync 1 DAGs
[2026-07-18T20:58:57.527+0000] {logging_mixin.py:190} INFO - [2026-07-18T20:58:57.527+0000] {dag.py:4180} INFO - Setting next_dagrun for example_kubernetes_executor to None, run_after=None
[2026-07-18T20:58:57.544+0000] {processor.py:208} INFO - Processing /home/airflow/.local/lib/python3.12/site-packages/airflow/example_dags/example_kubernetes_executor.py took 0.089 seconds
[2026-07-18T20:59:28.775+0000] {processor.py:186} INFO - Started process (PID=1230) to work on /home/airflow/.local/lib/python3.12/site-packages/airflow/example_dags/example_kubernetes_executor.py
[2026-07-18T20:59:28.776+0000] {processor.py:914} INFO - Processing file /home/airflow/.local/lib/python3.12/site-packages/airflow/example_dags/example_kubernetes_executor.py for tasks to queue
[2026-07-18T20:59:28.779+0000] {logging_mixin.py:190} INFO - [2026-07-18T20:59:28.779+0000] {dagbag.py:588} INFO - Filling up the DagBag from /home/airflow/.local/lib/python3.12/site-packages/airflow/example_dags/example_kubernetes_executor.py
[2026-07-18T20:59:28.792+0000] {processor.py:925} INFO - DAG(s) 'example_kubernetes_executor' retrieved from /home/airflow/.local/lib/python3.12/site-packages/airflow/example_dags/example_kubernetes_executor.py
[2026-07-18T20:59:28.821+0000] {logging_mixin.py:190} INFO - [2026-07-18T20:59:28.820+0000] {dag.py:3239} INFO - Sync 1 DAGs
[2026-07-18T20:59:28.837+0000] {logging_mixin.py:190} INFO - [2026-07-18T20:59:28.837+0000] {dag.py:4180} INFO - Setting next_dagrun for example_kubernetes_executor to None, run_after=None
[2026-07-18T20:59:28.855+0000] {processor.py:208} INFO - Processing /home/airflow/.local/lib/python3.12/site-packages/airflow/example_dags/example_kubernetes_executor.py took 0.086 seconds
[2026-07-18T20:59:59.668+0000] {processor.py:186} INFO - Started process (PID=1293) to work on /home/airflow/.local/lib/python3.12/site-packages/airflow/example_dags/example_kubernetes_executor.py
[2026-07-18T20:59:59.669+0000] {processor.py:914} INFO - Processing file /home/airflow/.local/lib/python3.12/site-packages/airflow/example_dags/example_kubernetes_executor.py for tasks to queue
[2026-07-18T20:59:59.671+0000] {logging_mixin.py:190} INFO - [2026-07-18T20:59:59.671+0000] {dagbag.py:588} INFO - Filling up the DagBag from /home/airflow/.local/lib/python3.12/site-packages/airflow/example_dags/example_kubernetes_executor.py
[2026-07-18T20:59:59.683+0000] {processor.py:925} INFO - DAG(s) 'example_kubernetes_executor' retrieved from /home/airflow/.local/lib/python3.12/site-packages/airflow/example_dags/example_kubernetes_executor.py
[2026-07-18T20:59:59.704+0000] {logging_mixin.py:190} INFO - [2026-07-18T20:59:59.704+0000] {dag.py:3239} INFO - Sync 1 DAGs
[2026-07-18T20:59:59.717+0000] {logging_mixin.py:190} INFO - [2026-07-18T20:59:59.717+0000] {dag.py:4180} INFO - Setting next_dagrun for example_kubernetes_executor to None, run_after=None
[2026-07-18T20:59:59.735+0000] {processor.py:208} INFO - Processing /home/airflow/.local/lib/python3.12/site-packages/airflow/example_dags/example_kubernetes_executor.py took 0.072 seconds
[2026-07-18T21:00:30.879+0000] {processor.py:186} INFO - Started process (PID=1356) to work on /home/airflow/.local/lib/python3.12/site-packages/airflow/example_dags/example_kubernetes_executor.py
[2026-07-18T21:00:30.881+0000] {processor.py:914} INFO - Processing file /home/airflow/.local/lib/python3.12/site-packages/airflow/example_dags/example_kubernetes_executor.py for tasks to queue
[2026-07-18T21:00:30.884+0000] {logging_mixin.py:190} INFO - [2026-07-18T21:00:30.883+0000] {dagbag.py:588} INFO - Filling up the DagBag from /home/airflow/.local/lib/python3.12/site-packages/airflow/example_dags/example_kubernetes_executor.py
[2026-07-18T21:00:30.897+0000] {processor.py:925} INFO - DAG(s) 'example_kubernetes_executor' retrieved from /home/airflow/.local/lib/python3.12/site-packages/airflow/example_dags/example_kubernetes_executor.py
[2026-07-18T21:00:30.918+0000] {logging_mixin.py:190} INFO - [2026-07-18T21:00:30.918+0000] {dag.py:3239} INFO - Sync 1 DAGs
[2026-07-18T21:00:30.931+0000] {logging_mixin.py:190} INFO - [2026-07-18T21:00:30.931+0000] {dag.py:4180} INFO - Setting next_dagrun for example_kubernetes_executor to None, run_after=None
[2026-07-18T21:00:30.947+0000] {processor.py:208} INFO - Processing /home/airflow/.local/lib/python3.12/site-packages/airflow/example_dags/example_kubernetes_executor.py took 0.074 seconds
[2026-07-18T21:01:02.829+0000] {processor.py:186} INFO - Started process (PID=1419) to work on /home/airflow/.local/lib/python3.12/site-packages/airflow/example_dags/example_kubernetes_executor.py
[2026-07-18T21:01:02.831+0000] {processor.py:914} INFO - Processing file /home/airflow/.local/lib/python3.12/site-packages/airflow/example_dags/example_kubernetes_executor.py for tasks to queue
[2026-07-18T21:01:02.836+0000] {logging_mixin.py:190} INFO - [2026-07-18T21:01:02.836+0000] {dagbag.py:588} INFO - Filling up the DagBag from /home/airflow/.local/lib/python3.12/site-packages/airflow/example_dags/example_kubernetes_executor.py
[2026-07-18T21:01:02.856+0000] {processor.py:925} INFO - DAG(s) 'example_kubernetes_executor' retrieved from /home/airflow/.local/lib/python3.12/site-packages/airflow/example_dags/example_kubernetes_executor.py
[2026-07-18T21:01:02.889+0000] {logging_mixin.py:190} INFO - [2026-07-18T21:01:02.888+0000] {dag.py:3239} INFO - Sync 1 DAGs
[2026-07-18T21:01:02.909+0000] {logging_mixin.py:190} INFO - [2026-07-18T21:01:02.909+0000] {dag.py:4180} INFO - Setting next_dagrun for example_kubernetes_executor to None, run_after=None
[2026-07-18T21:01:02.974+0000] {processor.py:208} INFO - Processing /home/airflow/.local/lib/python3.12/site-packages/airflow/example_dags/example_kubernetes_executor.py took 0.155 seconds
[2026-07-18T21:01:34.196+0000] {processor.py:186} INFO - Started process (PID=1488) to work on /home/airflow/.local/lib/python3.12/site-packages/airflow/example_dags/example_kubernetes_executor.py
[2026-07-18T21:01:34.198+0000] {processor.py:914} INFO - Processing file /home/airflow/.local/lib/python3.12/site-packages/airflow/example_dags/example_kubernetes_executor.py for tasks to queue
[2026-07-18T21:01:34.204+0000] {logging_mixin.py:190} INFO - [2026-07-18T21:01:34.203+0000] {dagbag.py:588} INFO - Filling up the DagBag from /home/airflow/.local/lib/python3.12/site-packages/airflow/example_dags/example_kubernetes_executor.py
[2026-07-18T21:01:34.229+0000] {processor.py:925} INFO - DAG(s) 'example_kubernetes_executor' retrieved from /home/airflow/.local/lib/python3.12/site-packages/airflow/example_dags/example_kubernetes_executor.py
[2026-07-18T21:01:34.286+0000] {logging_mixin.py:190} INFO - [2026-07-18T21:01:34.285+0000] {dag.py:3239} INFO - Sync 1 DAGs
[2026-07-18T21:01:34.334+0000] {logging_mixin.py:190} INFO - [2026-07-18T21:01:34.334+0000] {dag.py:4180} INFO - Setting next_dagrun for example_kubernetes_executor to None, run_after=None
[2026-07-18T21:01:34.427+0000] {processor.py:208} INFO - Processing /home/airflow/.local/lib/python3.12/site-packages/airflow/example_dags/example_kubernetes_executor.py took 0.248 seconds
[2026-07-18T21:02:06.058+0000] {processor.py:186} INFO - Started process (PID=1551) to work on /home/airflow/.local/lib/python3.12/site-packages/airflow/example_dags/example_kubernetes_executor.py
[2026-07-18T21:02:06.062+0000] {processor.py:914} INFO - Processing file /home/airflow/.local/lib/python3.12/site-packages/airflow/example_dags/example_kubernetes_executor.py for tasks to queue
[2026-07-18T21:02:06.068+0000] {logging_mixin.py:190} INFO - [2026-07-18T21:02:06.067+0000] {dagbag.py:588} INFO - Filling up the DagBag from /home/airflow/.local/lib/python3.12/site-packages/airflow/example_dags/example_kubernetes_executor.py
[2026-07-18T21:02:06.089+0000] {processor.py:925} INFO - DAG(s) 'example_kubernetes_executor' retrieved from /home/airflow/.local/lib/python3.12/site-packages/airflow/example_dags/example_kubernetes_executor.py
[2026-07-18T21:02:06.132+0000] {logging_mixin.py:190} INFO - [2026-07-18T21:02:06.131+0000] {dag.py:3239} INFO - Sync 1 DAGs
[2026-07-18T21:02:06.149+0000] {logging_mixin.py:190} INFO - [2026-07-18T21:02:06.149+0000] {dag.py:4180} INFO - Setting next_dagrun for example_kubernetes_executor to None, run_after=None
[2026-07-18T21:02:06.181+0000] {processor.py:208} INFO - Processing /home/airflow/.local/lib/python3.12/site-packages/airflow/example_dags/example_kubernetes_executor.py took 0.137 seconds
[2026-07-18T21:02:37.303+0000] {processor.py:186} INFO - Started process (PID=1614) to work on /home/airflow/.local/lib/python3.12/site-packages/airflow/example_dags/example_kubernetes_executor.py
[2026-07-18T21:02:37.305+0000] {processor.py:914} INFO - Processing file /home/airflow/.local/lib/python3.12/site-packages/airflow/example_dags/example_kubernetes_executor.py for tasks to queue
[2026-07-18T21:02:37.311+0000] {logging_mixin.py:190} INFO - [2026-07-18T21:02:37.311+0000] {dagbag.py:588} INFO - Filling up the DagBag from /home/airflow/.local/lib/python3.12/site-packages/airflow/example_dags/example_kubernetes_executor.py
[2026-07-18T21:02:37.338+0000] {processor.py:925} INFO - DAG(s) 'example_kubernetes_executor' retrieved from /home/airflow/.local/lib/python3.12/site-packages/airflow/example_dags/example_kubernetes_executor.py
[2026-07-18T21:02:37.384+0000] {logging_mixin.py:190} INFO - [2026-07-18T21:02:37.384+0000] {dag.py:3239} INFO - Sync 1 DAGs
[2026-07-18T21:02:37.407+0000] {logging_mixin.py:190} INFO - [2026-07-18T21:02:37.406+0000] {dag.py:4180} INFO - Setting next_dagrun for example_kubernetes_executor to None, run_after=None
[2026-07-18T21:02:37.436+0000] {processor.py:208} INFO - Processing /home/airflow/.local/lib/python3.12/site-packages/airflow/example_dags/example_kubernetes_executor.py took 0.143 seconds
[2026-07-18T21:03:08.925+0000] {processor.py:186} INFO - Started process (PID=1677) to work on /home/airflow/.local/lib/python3.12/site-packages/airflow/example_dags/example_kubernetes_executor.py
[2026-07-18T21:03:08.927+0000] {processor.py:914} INFO - Processing file /home/airflow/.local/lib/python3.12/site-packages/airflow/example_dags/example_kubernetes_executor.py for tasks to queue
[2026-07-18T21:03:08.932+0000] {logging_mixin.py:190} INFO - [2026-07-18T21:03:08.932+0000] {dagbag.py:588} INFO - Filling up the DagBag from /home/airflow/.local/lib/python3.12/site-packages/airflow/example_dags/example_kubernetes_executor.py
[2026-07-18T21:03:08.953+0000] {processor.py:925} INFO - DAG(s) 'example_kubernetes_executor' retrieved from /home/airflow/.local/lib/python3.12/site-packages/airflow/example_dags/example_kubernetes_executor.py
[2026-07-18T21:03:08.985+0000] {logging_mixin.py:190} INFO - [2026-07-18T21:03:08.984+0000] {dag.py:3239} INFO - Sync 1 DAGs
[2026-07-18T21:03:09.007+0000] {logging_mixin.py:190} INFO - [2026-07-18T21:03:09.007+0000] {dag.py:4180} INFO - Setting next_dagrun for example_kubernetes_executor to None, run_after=None
[2026-07-18T21:03:09.073+0000] {processor.py:208} INFO - Processing /home/airflow/.local/lib/python3.12/site-packages/airflow/example_dags/example_kubernetes_executor.py took 0.156 seconds
[2026-07-18T21:03:40.276+0000] {processor.py:186} INFO - Started process (PID=1740) to work on /home/airflow/.local/lib/python3.12/site-packages/airflow/example_dags/example_kubernetes_executor.py
[2026-07-18T21:03:40.278+0000] {processor.py:914} INFO - Processing file /home/airflow/.local/lib/python3.12/site-packages/airflow/example_dags/example_kubernetes_executor.py for tasks to queue
[2026-07-18T21:03:40.285+0000] {logging_mixin.py:190} INFO - [2026-07-18T21:03:40.284+0000] {dagbag.py:588} INFO - Filling up the DagBag from /home/airflow/.local/lib/python3.12/site-packages/airflow/example_dags/example_kubernetes_executor.py
[2026-07-18T21:03:40.313+0000] {processor.py:925} INFO - DAG(s) 'example_kubernetes_executor' retrieved from /home/airflow/.local/lib/python3.12/site-packages/airflow/example_dags/example_kubernetes_executor.py
[2026-07-18T21:03:40.356+0000] {logging_mixin.py:190} INFO - [2026-07-18T21:03:40.356+0000] {dag.py:3239} INFO - Sync 1 DAGs
[2026-07-18T21:03:40.403+0000] {logging_mixin.py:190} INFO - [2026-07-18T21:03:40.402+0000] {dag.py:4180} INFO - Setting next_dagrun for example_kubernetes_executor to None, run_after=None
[2026-07-18T21:03:40.498+0000] {processor.py:208} INFO - Processing /home/airflow/.local/lib/python3.12/site-packages/airflow/example_dags/example_kubernetes_executor.py took 0.243 seconds
[2026-07-18T21:04:12.097+0000] {processor.py:186} INFO - Started process (PID=1804) to work on /home/airflow/.local/lib/python3.12/site-packages/airflow/example_dags/example_kubernetes_executor.py
[2026-07-18T21:04:12.099+0000] {processor.py:914} INFO - Processing file /home/airflow/.local/lib/python3.12/site-packages/airflow/example_dags/example_kubernetes_executor.py for tasks to queue
[2026-07-18T21:04:12.105+0000] {logging_mixin.py:190} INFO - [2026-07-18T21:04:12.105+0000] {dagbag.py:588} INFO - Filling up the DagBag from /home/airflow/.local/lib/python3.12/site-packages/airflow/example_dags/example_kubernetes_executor.py
[2026-07-18T21:04:12.132+0000] {processor.py:925} INFO - DAG(s) 'example_kubernetes_executor' retrieved from /home/airflow/.local/lib/python3.12/site-packages/airflow/example_dags/example_kubernetes_executor.py
[2026-07-18T21:04:12.174+0000] {logging_mixin.py:190} INFO - [2026-07-18T21:04:12.173+0000] {dag.py:3239} INFO - Sync 1 DAGs
[2026-07-18T21:04:12.194+0000] {logging_mixin.py:190} INFO - [2026-07-18T21:04:12.193+0000] {dag.py:4180} INFO - Setting next_dagrun for example_kubernetes_executor to None, run_after=None
[2026-07-18T21:04:12.231+0000] {processor.py:208} INFO - Processing /home/airflow/.local/lib/python3.12/site-packages/airflow/example_dags/example_kubernetes_executor.py took 0.146 seconds
[2026-07-18T21:04:43.148+0000] {processor.py:186} INFO - Started process (PID=1867) to work on /home/airflow/.local/lib/python3.12/site-packages/airflow/example_dags/example_kubernetes_executor.py
[2026-07-18T21:04:43.150+0000] {processor.py:914} INFO - Processing file /home/airflow/.local/lib/python3.12/site-packages/airflow/example_dags/example_kubernetes_executor.py for tasks to queue
[2026-07-18T21:04:43.155+0000] {logging_mixin.py:190} INFO - [2026-07-18T21:04:43.155+0000] {dagbag.py:588} INFO - Filling up the DagBag from /home/airflow/.local/lib/python3.12/site-packages/airflow/example_dags/example_kubernetes_executor.py
[2026-07-18T21:04:43.172+0000] {processor.py:925} INFO - DAG(s) 'example_kubernetes_executor' retrieved from /home/airflow/.local/lib/python3.12/site-packages/airflow/example_dags/example_kubernetes_executor.py
[2026-07-18T21:04:43.216+0000] {logging_mixin.py:190} INFO - [2026-07-18T21:04:43.216+0000] {dag.py:3239} INFO - Sync 1 DAGs
[2026-07-18T21:04:43.238+0000] {logging_mixin.py:190} INFO - [2026-07-18T21:04:43.238+0000] {dag.py:4180} INFO - Setting next_dagrun for example_kubernetes_executor to None, run_after=None
[2026-07-18T21:04:43.280+0000] {processor.py:208} INFO - Processing /home/airflow/.local/lib/python3.12/site-packages/airflow/example_dags/example_kubernetes_executor.py took 0.143 seconds
[2026-07-18T21:05:14.085+0000] {processor.py:186} INFO - Started process (PID=1930) to work on /home/airflow/.local/lib/python3.12/site-packages/airflow/example_dags/example_kubernetes_executor.py
[2026-07-18T21:05:14.086+0000] {processor.py:914} INFO - Processing file /home/airflow/.local/lib/python3.12/site-packages/airflow/example_dags/example_kubernetes_executor.py for tasks to queue
[2026-07-18T21:05:14.088+0000] {logging_mixin.py:190} INFO - [2026-07-18T21:05:14.088+0000] {dagbag.py:588} INFO - Filling up the DagBag from /home/airflow/.local/lib/python3.12/site-packages/airflow/example_dags/example_kubernetes_executor.py
[2026-07-18T21:05:14.100+0000] {processor.py:925} INFO - DAG(s) 'example_kubernetes_executor' retrieved from /home/airflow/.local/lib/python3.12/site-packages/airflow/example_dags/example_kubernetes_executor.py
[2026-07-18T21:05:14.119+0000] {logging_mixin.py:190} INFO - [2026-07-18T21:05:14.119+0000] {dag.py:3239} INFO - Sync 1 DAGs
[2026-07-18T21:05:14.134+0000] {logging_mixin.py:190} INFO - [2026-07-18T21:05:14.134+0000] {dag.py:4180} INFO - Setting next_dagrun for example_kubernetes_executor to None, run_after=None
[2026-07-18T21:05:14.153+0000] {processor.py:208} INFO - Processing /home/airflow/.local/lib/python3.12/site-packages/airflow/example_dags/example_kubernetes_executor.py took 0.073 seconds
[2026-07-18T21:05:46.239+0000] {processor.py:186} INFO - Started process (PID=1993) to work on /home/airflow/.local/lib/python3.12/site-packages/airflow/example_dags/example_kubernetes_executor.py
[2026-07-18T21:05:46.244+0000] {processor.py:914} INFO - Processing file /home/airflow/.local/lib/python3.12/site-packages/airflow/example_dags/example_kubernetes_executor.py for tasks to queue
[2026-07-18T21:05:46.253+0000] {logging_mixin.py:190} INFO - [2026-07-18T21:05:46.252+0000] {dagbag.py:588} INFO - Filling up the DagBag from /home/airflow/.local/lib/python3.12/site-packages/airflow/example_dags/example_kubernetes_executor.py
[2026-07-18T21:05:46.297+0000] {processor.py:925} INFO - DAG(s) 'example_kubernetes_executor' retrieved from /home/airflow/.local/lib/python3.12/site-packages/airflow/example_dags/example_kubernetes_executor.py
[2026-07-18T21:05:46.366+0000] {logging_mixin.py:190} INFO - [2026-07-18T21:05:46.365+0000] {dag.py:3239} INFO - Sync 1 DAGs
[2026-07-18T21:05:46.402+0000] {logging_mixin.py:190} INFO - [2026-07-18T21:05:46.401+0000] {dag.py:4180} INFO - Setting next_dagrun for example_kubernetes_executor to None, run_after=None
[2026-07-18T21:05:46.447+0000] {processor.py:208} INFO - Processing /home/airflow/.local/lib/python3.12/site-packages/airflow/example_dags/example_kubernetes_executor.py took 0.228 seconds
[2026-07-18T21:06:17.950+0000] {processor.py:186} INFO - Started process (PID=2056) to work on /home/airflow/.local/lib/python3.12/site-packages/airflow/example_dags/example_kubernetes_executor.py
[2026-07-18T21:06:17.953+0000] {processor.py:914} INFO - Processing file /home/airflow/.local/lib/python3.12/site-packages/airflow/example_dags/example_kubernetes_executor.py for tasks to queue
[2026-07-18T21:06:17.961+0000] {logging_mixin.py:190} INFO - [2026-07-18T21:06:17.961+0000] {dagbag.py:588} INFO - Filling up the DagBag from /home/airflow/.local/lib/python3.12/site-packages/airflow/example_dags/example_kubernetes_executor.py
[2026-07-18T21:06:17.989+0000] {processor.py:925} INFO - DAG(s) 'example_kubernetes_executor' retrieved from /home/airflow/.local/lib/python3.12/site-packages/airflow/example_dags/example_kubernetes_executor.py
[2026-07-18T21:06:18.044+0000] {logging_mixin.py:190} INFO - [2026-07-18T21:06:18.044+0000] {dag.py:3239} INFO - Sync 1 DAGs
[2026-07-18T21:06:18.096+0000] {logging_mixin.py:190} INFO - [2026-07-18T21:06:18.095+0000] {dag.py:4180} INFO - Setting next_dagrun for example_kubernetes_executor to None, run_after=None
[2026-07-18T21:06:18.170+0000] {processor.py:208} INFO - Processing /home/airflow/.local/lib/python3.12/site-packages/airflow/example_dags/example_kubernetes_executor.py took 0.231 seconds
[2026-07-18T21:06:49.791+0000] {processor.py:186} INFO - Started process (PID=2122) to work on /home/airflow/.local/lib/python3.12/site-packages/airflow/example_dags/example_kubernetes_executor.py
[2026-07-18T21:06:49.795+0000] {processor.py:914} INFO - Processing file /home/airflow/.local/lib/python3.12/site-packages/airflow/example_dags/example_kubernetes_executor.py for tasks to queue
[2026-07-18T21:06:49.799+0000] {logging_mixin.py:190} INFO - [2026-07-18T21:06:49.799+0000] {dagbag.py:588} INFO - Filling up the DagBag from /home/airflow/.local/lib/python3.12/site-packages/airflow/example_dags/example_kubernetes_executor.py
[2026-07-18T21:06:49.820+0000] {processor.py:925} INFO - DAG(s) 'example_kubernetes_executor' retrieved from /home/airflow/.local/lib/python3.12/site-packages/airflow/example_dags/example_kubernetes_executor.py
[2026-07-18T21:06:49.859+0000] {logging_mixin.py:190} INFO - [2026-07-18T21:06:49.858+0000] {dag.py:3239} INFO - Sync 1 DAGs
[2026-07-18T21:06:49.879+0000] {logging_mixin.py:190} INFO - [2026-07-18T21:06:49.878+0000] {dag.py:4180} INFO - Setting next_dagrun for example_kubernetes_executor to None, run_after=None
[2026-07-18T21:06:49.913+0000] {processor.py:208} INFO - Processing /home/airflow/.local/lib/python3.12/site-packages/airflow/example_dags/example_kubernetes_executor.py took 0.129 seconds
[2026-07-18T21:07:20.718+0000] {processor.py:186} INFO - Started process (PID=2185) to work on /home/airflow/.local/lib/python3.12/site-packages/airflow/example_dags/example_kubernetes_executor.py
[2026-07-18T21:07:20.723+0000] {processor.py:914} INFO - Processing file /home/airflow/.local/lib/python3.12/site-packages/airflow/example_dags/example_kubernetes_executor.py for tasks to queue
[2026-07-18T21:07:20.732+0000] {logging_mixin.py:190} INFO - [2026-07-18T21:07:20.731+0000] {dagbag.py:588} INFO - Filling up the DagBag from /home/airflow/.local/lib/python3.12/site-packages/airflow/example_dags/example_kubernetes_executor.py
[2026-07-18T21:07:20.772+0000] {processor.py:925} INFO - DAG(s) 'example_kubernetes_executor' retrieved from /home/airflow/.local/lib/python3.12/site-packages/airflow/example_dags/example_kubernetes_executor.py
[2026-07-18T21:07:20.817+0000] {logging_mixin.py:190} INFO - [2026-07-18T21:07:20.817+0000] {dag.py:3239} INFO - Sync 1 DAGs
[2026-07-18T21:07:20.856+0000] {logging_mixin.py:190} INFO - [2026-07-18T21:07:20.855+0000] {dag.py:4180} INFO - Setting next_dagrun for example_kubernetes_executor to None, run_after=None
[2026-07-18T21:07:20.886+0000] {processor.py:208} INFO - Processing /home/airflow/.local/lib/python3.12/site-packages/airflow/example_dags/example_kubernetes_executor.py took 0.189 seconds
[2026-07-18T21:07:52.199+0000] {processor.py:186} INFO - Started process (PID=2248) to work on /home/airflow/.local/lib/python3.12/site-packages/airflow/example_dags/example_kubernetes_executor.py
[2026-07-18T21:07:52.203+0000] {processor.py:914} INFO - Processing file /home/airflow/.local/lib/python3.12/site-packages/airflow/example_dags/example_kubernetes_executor.py for tasks to queue
[2026-07-18T21:07:52.213+0000] {logging_mixin.py:190} INFO - [2026-07-18T21:07:52.212+0000] {dagbag.py:588} INFO - Filling up the DagBag from /home/airflow/.local/lib/python3.12/site-packages/airflow/example_dags/example_kubernetes_executor.py
[2026-07-18T21:07:52.265+0000] {processor.py:925} INFO - DAG(s) 'example_kubernetes_executor' retrieved from /home/airflow/.local/lib/python3.12/site-packages/airflow/example_dags/example_kubernetes_executor.py
[2026-07-18T21:07:52.339+0000] {logging_mixin.py:190} INFO - [2026-07-18T21:07:52.339+0000] {dag.py:3239} INFO - Sync 1 DAGs
[2026-07-18T21:07:52.380+0000] {logging_mixin.py:190} INFO - [2026-07-18T21:07:52.380+0000] {dag.py:4180} INFO - Setting next_dagrun for example_kubernetes_executor to None, run_after=None
[2026-07-18T21:07:52.433+0000] {processor.py:208} INFO - Processing /home/airflow/.local/lib/python3.12/site-packages/airflow/example_dags/example_kubernetes_executor.py took 0.255 seconds
[2026-07-18T21:08:23.350+0000] {processor.py:186} INFO - Started process (PID=2311) to work on /home/airflow/.local/lib/python3.12/site-packages/airflow/example_dags/example_kubernetes_executor.py
[2026-07-18T21:08:23.353+0000] {processor.py:914} INFO - Processing file /home/airflow/.local/lib/python3.12/site-packages/airflow/example_dags/example_kubernetes_executor.py for tasks to queue
[2026-07-18T21:08:23.358+0000] {logging_mixin.py:190} INFO - [2026-07-18T21:08:23.357+0000] {dagbag.py:588} INFO - Filling up the DagBag from /home/airflow/.local/lib/python3.12/site-packages/airflow/example_dags/example_kubernetes_executor.py
[2026-07-18T21:08:23.379+0000] {processor.py:925} INFO - DAG(s) 'example_kubernetes_executor' retrieved from /home/airflow/.local/lib/python3.12/site-packages/airflow/example_dags/example_kubernetes_executor.py
[2026-07-18T21:08:23.414+0000] {logging_mixin.py:190} INFO - [2026-07-18T21:08:23.414+0000] {dag.py:3239} INFO - Sync 1 DAGs
[2026-07-18T21:08:23.434+0000] {logging_mixin.py:190} INFO - [2026-07-18T21:08:23.434+0000] {dag.py:4180} INFO - Setting next_dagrun for example_kubernetes_executor to None, run_after=None
[2026-07-18T21:08:23.478+0000] {processor.py:208} INFO - Processing /home/airflow/.local/lib/python3.12/site-packages/airflow/example_dags/example_kubernetes_executor.py took 0.136 seconds
[2026-07-18T21:16:31.728+0000] {processor.py:186} INFO - Started process (PID=2380) to work on /home/airflow/.local/lib/python3.12/site-packages/airflow/example_dags/example_kubernetes_executor.py
[2026-07-18T21:16:31.732+0000] {processor.py:914} INFO - Processing file /home/airflow/.local/lib/python3.12/site-packages/airflow/example_dags/example_kubernetes_executor.py for tasks to queue
[2026-07-18T21:16:31.738+0000] {logging_mixin.py:190} INFO - [2026-07-18T21:16:31.737+0000] {dagbag.py:588} INFO - Filling up the DagBag from /home/airflow/.local/lib/python3.12/site-packages/airflow/example_dags/example_kubernetes_executor.py
[2026-07-18T21:16:31.772+0000] {processor.py:925} INFO - DAG(s) 'example_kubernetes_executor' retrieved from /home/airflow/.local/lib/python3.12/site-packages/airflow/example_dags/example_kubernetes_executor.py
[2026-07-18T21:16:31.821+0000] {logging_mixin.py:190} INFO - [2026-07-18T21:16:31.821+0000] {dag.py:3239} INFO - Sync 1 DAGs
[2026-07-18T21:16:31.853+0000] {logging_mixin.py:190} INFO - [2026-07-18T21:16:31.852+0000] {dag.py:4180} INFO - Setting next_dagrun for example_kubernetes_executor to None, run_after=None
[2026-07-18T21:16:31.901+0000] {processor.py:208} INFO - Processing /home/airflow/.local/lib/python3.12/site-packages/airflow/example_dags/example_kubernetes_executor.py took 0.185 seconds
[2026-07-18T21:17:02.747+0000] {processor.py:186} INFO - Started process (PID=2443) to work on /home/airflow/.local/lib/python3.12/site-packages/airflow/example_dags/example_kubernetes_executor.py
[2026-07-18T21:17:02.752+0000] {processor.py:914} INFO - Processing file /home/airflow/.local/lib/python3.12/site-packages/airflow/example_dags/example_kubernetes_executor.py for tasks to queue
[2026-07-18T21:17:02.757+0000] {logging_mixin.py:190} INFO - [2026-07-18T21:17:02.757+0000] {dagbag.py:588} INFO - Filling up the DagBag from /home/airflow/.local/lib/python3.12/site-packages/airflow/example_dags/example_kubernetes_executor.py
[2026-07-18T21:17:02.787+0000] {processor.py:925} INFO - DAG(s) 'example_kubernetes_executor' retrieved from /home/airflow/.local/lib/python3.12/site-packages/airflow/example_dags/example_kubernetes_executor.py
[2026-07-18T21:17:02.831+0000] {logging_mixin.py:190} INFO - [2026-07-18T21:17:02.831+0000] {dag.py:3239} INFO - Sync 1 DAGs
[2026-07-18T21:17:02.859+0000] {logging_mixin.py:190} INFO - [2026-07-18T21:17:02.859+0000] {dag.py:4180} INFO - Setting next_dagrun for example_kubernetes_executor to None, run_after=None
[2026-07-18T21:17:02.891+0000] {processor.py:208} INFO - Processing /home/airflow/.local/lib/python3.12/site-packages/airflow/example_dags/example_kubernetes_executor.py took 0.154 seconds
[2026-07-18T21:17:32.977+0000] {processor.py:186} INFO - Started process (PID=2506) to work on /home/airflow/.local/lib/python3.12/site-packages/airflow/example_dags/example_kubernetes_executor.py
[2026-07-18T21:17:32.980+0000] {processor.py:914} INFO - Processing file /home/airflow/.local/lib/python3.12/site-packages/airflow/example_dags/example_kubernetes_executor.py for tasks to queue
[2026-07-18T21:17:32.988+0000] {logging_mixin.py:190} INFO - [2026-07-18T21:17:32.987+0000] {dagbag.py:588} INFO - Filling up the DagBag from /home/airflow/.local/lib/python3.12/site-packages/airflow/example_dags/example_kubernetes_executor.py
[2026-07-18T21:17:33.034+0000] {processor.py:925} INFO - DAG(s) 'example_kubernetes_executor' retrieved from /home/airflow/.local/lib/python3.12/site-packages/airflow/example_dags/example_kubernetes_executor.py
[2026-07-18T21:17:33.085+0000] {logging_mixin.py:190} INFO - [2026-07-18T21:17:33.085+0000] {dag.py:3239} INFO - Sync 1 DAGs
[2026-07-18T21:17:33.107+0000] {logging_mixin.py:190} INFO - [2026-07-18T21:17:33.106+0000] {dag.py:4180} INFO - Setting next_dagrun for example_kubernetes_executor to None, run_after=None
[2026-07-18T21:17:33.155+0000] {processor.py:208} INFO - Processing /home/airflow/.local/lib/python3.12/site-packages/airflow/example_dags/example_kubernetes_executor.py took 0.190 seconds
[2026-07-18T21:18:04.047+0000] {processor.py:186} INFO - Started process (PID=2569) to work on /home/airflow/.local/lib/python3.12/site-packages/airflow/example_dags/example_kubernetes_executor.py
[2026-07-18T21:18:04.050+0000] {processor.py:914} INFO - Processing file /home/airflow/.local/lib/python3.12/site-packages/airflow/example_dags/example_kubernetes_executor.py for tasks to queue
[2026-07-18T21:18:04.054+0000] {logging_mixin.py:190} INFO - [2026-07-18T21:18:04.054+0000] {dagbag.py:588} INFO - Filling up the DagBag from /home/airflow/.local/lib/python3.12/site-packages/airflow/example_dags/example_kubernetes_executor.py
[2026-07-18T21:18:04.077+0000] {processor.py:925} INFO - DAG(s) 'example_kubernetes_executor' retrieved from /home/airflow/.local/lib/python3.12/site-packages/airflow/example_dags/example_kubernetes_executor.py
[2026-07-18T21:18:04.111+0000] {logging_mixin.py:190} INFO - [2026-07-18T21:18:04.110+0000] {dag.py:3239} INFO - Sync 1 DAGs
[2026-07-18T21:18:04.133+0000] {logging_mixin.py:190} INFO - [2026-07-18T21:18:04.133+0000] {dag.py:4180} INFO - Setting next_dagrun for example_kubernetes_executor to None, run_after=None
[2026-07-18T21:18:04.164+0000] {processor.py:208} INFO - Processing /home/airflow/.local/lib/python3.12/site-packages/airflow/example_dags/example_kubernetes_executor.py took 0.124 seconds
[2026-07-18T21:18:34.240+0000] {processor.py:186} INFO - Started process (PID=2631) to work on /home/airflow/.local/lib/python3.12/site-packages/airflow/example_dags/example_kubernetes_executor.py
[2026-07-18T21:18:34.243+0000] {processor.py:914} INFO - Processing file /home/airflow/.local/lib/python3.12/site-packages/airflow/example_dags/example_kubernetes_executor.py for tasks to queue
[2026-07-18T21:18:34.249+0000] {logging_mixin.py:190} INFO - [2026-07-18T21:18:34.248+0000] {dagbag.py:588} INFO - Filling up the DagBag from /home/airflow/.local/lib/python3.12/site-packages/airflow/example_dags/example_kubernetes_executor.py
[2026-07-18T21:18:34.276+0000] {processor.py:925} INFO - DAG(s) 'example_kubernetes_executor' retrieved from /home/airflow/.local/lib/python3.12/site-packages/airflow/example_dags/example_kubernetes_executor.py
[2026-07-18T21:18:34.326+0000] {logging_mixin.py:190} INFO - [2026-07-18T21:18:34.325+0000] {dag.py:3239} INFO - Sync 1 DAGs
[2026-07-18T21:18:34.354+0000] {logging_mixin.py:190} INFO - [2026-07-18T21:18:34.354+0000] {dag.py:4180} INFO - Setting next_dagrun for example_kubernetes_executor to None, run_after=None
[2026-07-18T21:18:34.413+0000] {processor.py:208} INFO - Processing /home/airflow/.local/lib/python3.12/site-packages/airflow/example_dags/example_kubernetes_executor.py took 0.181 seconds
[2026-07-18T21:19:05.169+0000] {processor.py:186} INFO - Started process (PID=2695) to work on /home/airflow/.local/lib/python3.12/site-packages/airflow/example_dags/example_kubernetes_executor.py
[2026-07-18T21:19:05.172+0000] {processor.py:914} INFO - Processing file /home/airflow/.local/lib/python3.12/site-packages/airflow/example_dags/example_kubernetes_executor.py for tasks to queue
[2026-07-18T21:19:05.177+0000] {logging_mixin.py:190} INFO - [2026-07-18T21:19:05.177+0000] {dagbag.py:588} INFO - Filling up the DagBag from /home/airflow/.local/lib/python3.12/site-packages/airflow/example_dags/example_kubernetes_executor.py
[2026-07-18T21:19:05.201+0000] {processor.py:925} INFO - DAG(s) 'example_kubernetes_executor' retrieved from /home/airflow/.local/lib/python3.12/site-packages/airflow/example_dags/example_kubernetes_executor.py
[2026-07-18T21:19:05.254+0000] {logging_mixin.py:190} INFO - [2026-07-18T21:19:05.253+0000] {dag.py:3239} INFO - Sync 1 DAGs
[2026-07-18T21:19:05.280+0000] {logging_mixin.py:190} INFO - [2026-07-18T21:19:05.280+0000] {dag.py:4180} INFO - Setting next_dagrun for example_kubernetes_executor to None, run_after=None
[2026-07-18T21:19:05.310+0000] {processor.py:208} INFO - Processing /home/airflow/.local/lib/python3.12/site-packages/airflow/example_dags/example_kubernetes_executor.py took 0.151 seconds
[2026-07-18T21:19:35.441+0000] {processor.py:186} INFO - Started process (PID=2757) to work on /home/airflow/.local/lib/python3.12/site-packages/airflow/example_dags/example_kubernetes_executor.py
[2026-07-18T21:19:35.444+0000] {processor.py:914} INFO - Processing file /home/airflow/.local/lib/python3.12/site-packages/airflow/example_dags/example_kubernetes_executor.py for tasks to queue
[2026-07-18T21:19:35.449+0000] {logging_mixin.py:190} INFO - [2026-07-18T21:19:35.448+0000] {dagbag.py:588} INFO - Filling up the DagBag from /home/airflow/.local/lib/python3.12/site-packages/airflow/example_dags/example_kubernetes_executor.py
[2026-07-18T21:19:35.471+0000] {processor.py:925} INFO - DAG(s) 'example_kubernetes_executor' retrieved from /home/airflow/.local/lib/python3.12/site-packages/airflow/example_dags/example_kubernetes_executor.py
[2026-07-18T21:19:35.511+0000] {logging_mixin.py:190} INFO - [2026-07-18T21:19:35.510+0000] {dag.py:3239} INFO - Sync 1 DAGs
[2026-07-18T21:19:35.531+0000] {logging_mixin.py:190} INFO - [2026-07-18T21:19:35.531+0000] {dag.py:4180} INFO - Setting next_dagrun for example_kubernetes_executor to None, run_after=None
[2026-07-18T21:19:35.557+0000] {processor.py:208} INFO - Processing /home/airflow/.local/lib/python3.12/site-packages/airflow/example_dags/example_kubernetes_executor.py took 0.127 seconds
[2026-07-18T21:20:05.878+0000] {processor.py:186} INFO - Started process (PID=2820) to work on /home/airflow/.local/lib/python3.12/site-packages/airflow/example_dags/example_kubernetes_executor.py
[2026-07-18T21:20:05.881+0000] {processor.py:914} INFO - Processing file /home/airflow/.local/lib/python3.12/site-packages/airflow/example_dags/example_kubernetes_executor.py for tasks to queue
[2026-07-18T21:20:05.886+0000] {logging_mixin.py:190} INFO - [2026-07-18T21:20:05.885+0000] {dagbag.py:588} INFO - Filling up the DagBag from /home/airflow/.local/lib/python3.12/site-packages/airflow/example_dags/example_kubernetes_executor.py
[2026-07-18T21:20:05.909+0000] {processor.py:925} INFO - DAG(s) 'example_kubernetes_executor' retrieved from /home/airflow/.local/lib/python3.12/site-packages/airflow/example_dags/example_kubernetes_executor.py
[2026-07-18T21:20:05.949+0000] {logging_mixin.py:190} INFO - [2026-07-18T21:20:05.949+0000] {dag.py:3239} INFO - Sync 1 DAGs
[2026-07-18T21:20:05.976+0000] {logging_mixin.py:190} INFO - [2026-07-18T21:20:05.975+0000] {dag.py:4180} INFO - Setting next_dagrun for example_kubernetes_executor to None, run_after=None
[2026-07-18T21:20:06.015+0000] {processor.py:208} INFO - Processing /home/airflow/.local/lib/python3.12/site-packages/airflow/example_dags/example_kubernetes_executor.py took 0.152 seconds
[2026-07-18T21:20:36.335+0000] {processor.py:186} INFO - Started process (PID=2883) to work on /home/airflow/.local/lib/python3.12/site-packages/airflow/example_dags/example_kubernetes_executor.py
[2026-07-18T21:20:36.338+0000] {processor.py:914} INFO - Processing file /home/airflow/.local/lib/python3.12/site-packages/airflow/example_dags/example_kubernetes_executor.py for tasks to queue
[2026-07-18T21:20:36.342+0000] {logging_mixin.py:190} INFO - [2026-07-18T21:20:36.341+0000] {dagbag.py:588} INFO - Filling up the DagBag from /home/airflow/.local/lib/python3.12/site-packages/airflow/example_dags/example_kubernetes_executor.py
[2026-07-18T21:20:36.361+0000] {processor.py:925} INFO - DAG(s) 'example_kubernetes_executor' retrieved from /home/airflow/.local/lib/python3.12/site-packages/airflow/example_dags/example_kubernetes_executor.py
[2026-07-18T21:20:36.394+0000] {logging_mixin.py:190} INFO - [2026-07-18T21:20:36.394+0000] {dag.py:3239} INFO - Sync 1 DAGs
[2026-07-18T21:20:36.411+0000] {logging_mixin.py:190} INFO - [2026-07-18T21:20:36.411+0000] {dag.py:4180} INFO - Setting next_dagrun for example_kubernetes_executor to None, run_after=None
[2026-07-18T21:20:36.493+0000] {processor.py:208} INFO - Processing /home/airflow/.local/lib/python3.12/site-packages/airflow/example_dags/example_kubernetes_executor.py took 0.165 seconds
[2026-07-18T21:21:07.145+0000] {processor.py:186} INFO - Started process (PID=2946) to work on /home/airflow/.local/lib/python3.12/site-packages/airflow/example_dags/example_kubernetes_executor.py
[2026-07-18T21:21:07.147+0000] {processor.py:914} INFO - Processing file /home/airflow/.local/lib/python3.12/site-packages/airflow/example_dags/example_kubernetes_executor.py for tasks to queue
[2026-07-18T21:21:07.153+0000] {logging_mixin.py:190} INFO - [2026-07-18T21:21:07.152+0000] {dagbag.py:588} INFO - Filling up the DagBag from /home/airflow/.local/lib/python3.12/site-packages/airflow/example_dags/example_kubernetes_executor.py
[2026-07-18T21:21:07.192+0000] {processor.py:925} INFO - DAG(s) 'example_kubernetes_executor' retrieved from /home/airflow/.local/lib/python3.12/site-packages/airflow/example_dags/example_kubernetes_executor.py
[2026-07-18T21:21:07.236+0000] {logging_mixin.py:190} INFO - [2026-07-18T21:21:07.236+0000] {dag.py:3239} INFO - Sync 1 DAGs
[2026-07-18T21:21:07.268+0000] {logging_mixin.py:190} INFO - [2026-07-18T21:21:07.268+0000] {dag.py:4180} INFO - Setting next_dagrun for example_kubernetes_executor to None, run_after=None
[2026-07-18T21:21:07.308+0000] {processor.py:208} INFO - Processing /home/airflow/.local/lib/python3.12/site-packages/airflow/example_dags/example_kubernetes_executor.py took 0.178 seconds
[2026-07-18T21:21:38.643+0000] {processor.py:186} INFO - Started process (PID=3009) to work on /home/airflow/.local/lib/python3.12/site-packages/airflow/example_dags/example_kubernetes_executor.py
[2026-07-18T21:21:38.646+0000] {processor.py:914} INFO - Processing file /home/airflow/.local/lib/python3.12/site-packages/airflow/example_dags/example_kubernetes_executor.py for tasks to queue
[2026-07-18T21:21:38.652+0000] {logging_mixin.py:190} INFO - [2026-07-18T21:21:38.651+0000] {dagbag.py:588} INFO - Filling up the DagBag from /home/airflow/.local/lib/python3.12/site-packages/airflow/example_dags/example_kubernetes_executor.py
[2026-07-18T21:21:38.675+0000] {processor.py:925} INFO - DAG(s) 'example_kubernetes_executor' retrieved from /home/airflow/.local/lib/python3.12/site-packages/airflow/example_dags/example_kubernetes_executor.py
[2026-07-18T21:21:38.718+0000] {logging_mixin.py:190} INFO - [2026-07-18T21:21:38.718+0000] {dag.py:3239} INFO - Sync 1 DAGs
[2026-07-18T21:21:38.746+0000] {logging_mixin.py:190} INFO - [2026-07-18T21:21:38.745+0000] {dag.py:4180} INFO - Setting next_dagrun for example_kubernetes_executor to None, run_after=None
[2026-07-18T21:21:38.870+0000] {processor.py:208} INFO - Processing /home/airflow/.local/lib/python3.12/site-packages/airflow/example_dags/example_kubernetes_executor.py took 0.238 seconds
[2026-07-18T21:22:09.715+0000] {processor.py:186} INFO - Started process (PID=3072) to work on /home/airflow/.local/lib/python3.12/site-packages/airflow/example_dags/example_kubernetes_executor.py
[2026-07-18T21:22:09.717+0000] {processor.py:914} INFO - Processing file /home/airflow/.local/lib/python3.12/site-packages/airflow/example_dags/example_kubernetes_executor.py for tasks to queue
[2026-07-18T21:22:09.722+0000] {logging_mixin.py:190} INFO - [2026-07-18T21:22:09.721+0000] {dagbag.py:588} INFO - Filling up the DagBag from /home/airflow/.local/lib/python3.12/site-packages/airflow/example_dags/example_kubernetes_executor.py
[2026-07-18T21:22:09.761+0000] {processor.py:925} INFO - DAG(s) 'example_kubernetes_executor' retrieved from /home/airflow/.local/lib/python3.12/site-packages/airflow/example_dags/example_kubernetes_executor.py
[2026-07-18T21:22:09.800+0000] {logging_mixin.py:190} INFO - [2026-07-18T21:22:09.800+0000] {dag.py:3239} INFO - Sync 1 DAGs
[2026-07-18T21:22:09.823+0000] {logging_mixin.py:190} INFO - [2026-07-18T21:22:09.822+0000] {dag.py:4180} INFO - Setting next_dagrun for example_kubernetes_executor to None, run_after=None
[2026-07-18T21:22:09.852+0000] {processor.py:208} INFO - Processing /home/airflow/.local/lib/python3.12/site-packages/airflow/example_dags/example_kubernetes_executor.py took 0.146 seconds
[2026-07-18T21:25:59.524+0000] {processor.py:186} INFO - Started process (PID=131) to work on /home/airflow/.local/lib/python3.12/site-packages/airflow/example_dags/example_kubernetes_executor.py
[2026-07-18T21:25:59.527+0000] {processor.py:914} INFO - Processing file /home/airflow/.local/lib/python3.12/site-packages/airflow/example_dags/example_kubernetes_executor.py for tasks to queue
[2026-07-18T21:25:59.531+0000] {logging_mixin.py:190} INFO - [2026-07-18T21:25:59.531+0000] {dagbag.py:588} INFO - Filling up the DagBag from /home/airflow/.local/lib/python3.12/site-packages/airflow/example_dags/example_kubernetes_executor.py
[2026-07-18T21:25:59.558+0000] {processor.py:925} INFO - DAG(s) 'example_kubernetes_executor' retrieved from /home/airflow/.local/lib/python3.12/site-packages/airflow/example_dags/example_kubernetes_executor.py
[2026-07-18T21:25:59.611+0000] {logging_mixin.py:190} INFO - [2026-07-18T21:25:59.611+0000] {dag.py:3239} INFO - Sync 1 DAGs
[2026-07-18T21:25:59.631+0000] {logging_mixin.py:190} INFO - [2026-07-18T21:25:59.630+0000] {dag.py:4180} INFO - Setting next_dagrun for example_kubernetes_executor to None, run_after=None
[2026-07-18T21:25:59.658+0000] {processor.py:208} INFO - Processing /home/airflow/.local/lib/python3.12/site-packages/airflow/example_dags/example_kubernetes_executor.py took 0.142 seconds
[2026-07-18T21:26:30.621+0000] {processor.py:186} INFO - Started process (PID=194) to work on /home/airflow/.local/lib/python3.12/site-packages/airflow/example_dags/example_kubernetes_executor.py
[2026-07-18T21:26:30.625+0000] {processor.py:914} INFO - Processing file /home/airflow/.local/lib/python3.12/site-packages/airflow/example_dags/example_kubernetes_executor.py for tasks to queue
[2026-07-18T21:26:30.632+0000] {logging_mixin.py:190} INFO - [2026-07-18T21:26:30.631+0000] {dagbag.py:588} INFO - Filling up the DagBag from /home/airflow/.local/lib/python3.12/site-packages/airflow/example_dags/example_kubernetes_executor.py
[2026-07-18T21:26:30.676+0000] {processor.py:925} INFO - DAG(s) 'example_kubernetes_executor' retrieved from /home/airflow/.local/lib/python3.12/site-packages/airflow/example_dags/example_kubernetes_executor.py
[2026-07-18T21:26:30.726+0000] {logging_mixin.py:190} INFO - [2026-07-18T21:26:30.725+0000] {dag.py:3239} INFO - Sync 1 DAGs
[2026-07-18T21:26:30.750+0000] {logging_mixin.py:190} INFO - [2026-07-18T21:26:30.749+0000] {dag.py:4180} INFO - Setting next_dagrun for example_kubernetes_executor to None, run_after=None
[2026-07-18T21:26:30.778+0000] {processor.py:208} INFO - Processing /home/airflow/.local/lib/python3.12/site-packages/airflow/example_dags/example_kubernetes_executor.py took 0.166 seconds
[2026-07-18T21:27:02.649+0000] {processor.py:186} INFO - Started process (PID=257) to work on /home/airflow/.local/lib/python3.12/site-packages/airflow/example_dags/example_kubernetes_executor.py
[2026-07-18T21:27:02.651+0000] {processor.py:914} INFO - Processing file /home/airflow/.local/lib/python3.12/site-packages/airflow/example_dags/example_kubernetes_executor.py for tasks to queue
[2026-07-18T21:27:02.656+0000] {logging_mixin.py:190} INFO - [2026-07-18T21:27:02.656+0000] {dagbag.py:588} INFO - Filling up the DagBag from /home/airflow/.local/lib/python3.12/site-packages/airflow/example_dags/example_kubernetes_executor.py
[2026-07-18T21:27:02.675+0000] {processor.py:925} INFO - DAG(s) 'example_kubernetes_executor' retrieved from /home/airflow/.local/lib/python3.12/site-packages/airflow/example_dags/example_kubernetes_executor.py
[2026-07-18T21:27:02.730+0000] {logging_mixin.py:190} INFO - [2026-07-18T21:27:02.730+0000] {dag.py:3239} INFO - Sync 1 DAGs
[2026-07-18T21:27:02.754+0000] {logging_mixin.py:190} INFO - [2026-07-18T21:27:02.754+0000] {dag.py:4180} INFO - Setting next_dagrun for example_kubernetes_executor to None, run_after=None
[2026-07-18T21:27:02.791+0000] {processor.py:208} INFO - Processing /home/airflow/.local/lib/python3.12/site-packages/airflow/example_dags/example_kubernetes_executor.py took 0.152 seconds
[2026-07-18T21:27:34.249+0000] {processor.py:186} INFO - Started process (PID=320) to work on /home/airflow/.local/lib/python3.12/site-packages/airflow/example_dags/example_kubernetes_executor.py
[2026-07-18T21:27:34.252+0000] {processor.py:914} INFO - Processing file /home/airflow/.local/lib/python3.12/site-packages/airflow/example_dags/example_kubernetes_executor.py for tasks to queue
[2026-07-18T21:27:34.256+0000] {logging_mixin.py:190} INFO - [2026-07-18T21:27:34.256+0000] {dagbag.py:588} INFO - Filling up the DagBag from /home/airflow/.local/lib/python3.12/site-packages/airflow/example_dags/example_kubernetes_executor.py
[2026-07-18T21:27:34.282+0000] {processor.py:925} INFO - DAG(s) 'example_kubernetes_executor' retrieved from /home/airflow/.local/lib/python3.12/site-packages/airflow/example_dags/example_kubernetes_executor.py
[2026-07-18T21:27:34.334+0000] {logging_mixin.py:190} INFO - [2026-07-18T21:27:34.333+0000] {dag.py:3239} INFO - Sync 1 DAGs
[2026-07-18T21:27:34.363+0000] {logging_mixin.py:190} INFO - [2026-07-18T21:27:34.362+0000] {dag.py:4180} INFO - Setting next_dagrun for example_kubernetes_executor to None, run_after=None
[2026-07-18T21:27:34.406+0000] {processor.py:208} INFO - Processing /home/airflow/.local/lib/python3.12/site-packages/airflow/example_dags/example_kubernetes_executor.py took 0.164 seconds
[2026-07-18T21:28:05.719+0000] {processor.py:186} INFO - Started process (PID=383) to work on /home/airflow/.local/lib/python3.12/site-packages/airflow/example_dags/example_kubernetes_executor.py
[2026-07-18T21:28:05.722+0000] {processor.py:914} INFO - Processing file /home/airflow/.local/lib/python3.12/site-packages/airflow/example_dags/example_kubernetes_executor.py for tasks to queue
[2026-07-18T21:28:05.727+0000] {logging_mixin.py:190} INFO - [2026-07-18T21:28:05.727+0000] {dagbag.py:588} INFO - Filling up the DagBag from /home/airflow/.local/lib/python3.12/site-packages/airflow/example_dags/example_kubernetes_executor.py
[2026-07-18T21:28:05.750+0000] {processor.py:925} INFO - DAG(s) 'example_kubernetes_executor' retrieved from /home/airflow/.local/lib/python3.12/site-packages/airflow/example_dags/example_kubernetes_executor.py
[2026-07-18T21:28:05.784+0000] {logging_mixin.py:190} INFO - [2026-07-18T21:28:05.784+0000] {dag.py:3239} INFO - Sync 1 DAGs
[2026-07-18T21:28:05.807+0000] {logging_mixin.py:190} INFO - [2026-07-18T21:28:05.807+0000] {dag.py:4180} INFO - Setting next_dagrun for example_kubernetes_executor to None, run_after=None
[2026-07-18T21:28:05.835+0000] {processor.py:208} INFO - Processing /home/airflow/.local/lib/python3.12/site-packages/airflow/example_dags/example_kubernetes_executor.py took 0.124 seconds
[2026-07-18T21:28:37.817+0000] {processor.py:186} INFO - Started process (PID=446) to work on /home/airflow/.local/lib/python3.12/site-packages/airflow/example_dags/example_kubernetes_executor.py
[2026-07-18T21:28:37.820+0000] {processor.py:914} INFO - Processing file /home/airflow/.local/lib/python3.12/site-packages/airflow/example_dags/example_kubernetes_executor.py for tasks to queue
[2026-07-18T21:28:37.826+0000] {logging_mixin.py:190} INFO - [2026-07-18T21:28:37.826+0000] {dagbag.py:588} INFO - Filling up the DagBag from /home/airflow/.local/lib/python3.12/site-packages/airflow/example_dags/example_kubernetes_executor.py
[2026-07-18T21:28:37.862+0000] {processor.py:925} INFO - DAG(s) 'example_kubernetes_executor' retrieved from /home/airflow/.local/lib/python3.12/site-packages/airflow/example_dags/example_kubernetes_executor.py
[2026-07-18T21:28:37.920+0000] {logging_mixin.py:190} INFO - [2026-07-18T21:28:37.919+0000] {dag.py:3239} INFO - Sync 1 DAGs
[2026-07-18T21:28:37.943+0000] {logging_mixin.py:190} INFO - [2026-07-18T21:28:37.942+0000] {dag.py:4180} INFO - Setting next_dagrun for example_kubernetes_executor to None, run_after=None
[2026-07-18T21:28:37.972+0000] {processor.py:208} INFO - Processing /home/airflow/.local/lib/python3.12/site-packages/airflow/example_dags/example_kubernetes_executor.py took 0.166 seconds
[2026-07-18T21:29:09.132+0000] {processor.py:186} INFO - Started process (PID=509) to work on /home/airflow/.local/lib/python3.12/site-packages/airflow/example_dags/example_kubernetes_executor.py
[2026-07-18T21:29:09.135+0000] {processor.py:914} INFO - Processing file /home/airflow/.local/lib/python3.12/site-packages/airflow/example_dags/example_kubernetes_executor.py for tasks to queue
[2026-07-18T21:29:09.141+0000] {logging_mixin.py:190} INFO - [2026-07-18T21:29:09.140+0000] {dagbag.py:588} INFO - Filling up the DagBag from /home/airflow/.local/lib/python3.12/site-packages/airflow/example_dags/example_kubernetes_executor.py
[2026-07-18T21:29:09.170+0000] {processor.py:925} INFO - DAG(s) 'example_kubernetes_executor' retrieved from /home/airflow/.local/lib/python3.12/site-packages/airflow/example_dags/example_kubernetes_executor.py
[2026-07-18T21:29:09.229+0000] {logging_mixin.py:190} INFO - [2026-07-18T21:29:09.229+0000] {dag.py:3239} INFO - Sync 1 DAGs
[2026-07-18T21:29:09.257+0000] {logging_mixin.py:190} INFO - [2026-07-18T21:29:09.257+0000] {dag.py:4180} INFO - Setting next_dagrun for example_kubernetes_executor to None, run_after=None
[2026-07-18T21:29:09.300+0000] {processor.py:208} INFO - Processing /home/airflow/.local/lib/python3.12/site-packages/airflow/example_dags/example_kubernetes_executor.py took 0.178 seconds
[2026-07-18T21:29:41.303+0000] {processor.py:186} INFO - Started process (PID=573) to work on /home/airflow/.local/lib/python3.12/site-packages/airflow/example_dags/example_kubernetes_executor.py
[2026-07-18T21:29:41.306+0000] {processor.py:914} INFO - Processing file /home/airflow/.local/lib/python3.12/site-packages/airflow/example_dags/example_kubernetes_executor.py for tasks to queue
[2026-07-18T21:29:41.311+0000] {logging_mixin.py:190} INFO - [2026-07-18T21:29:41.311+0000] {dagbag.py:588} INFO - Filling up the DagBag from /home/airflow/.local/lib/python3.12/site-packages/airflow/example_dags/example_kubernetes_executor.py
[2026-07-18T21:29:41.343+0000] {processor.py:925} INFO - DAG(s) 'example_kubernetes_executor' retrieved from /home/airflow/.local/lib/python3.12/site-packages/airflow/example_dags/example_kubernetes_executor.py
[2026-07-18T21:29:41.389+0000] {logging_mixin.py:190} INFO - [2026-07-18T21:29:41.389+0000] {dag.py:3239} INFO - Sync 1 DAGs
[2026-07-18T21:29:41.410+0000] {logging_mixin.py:190} INFO - [2026-07-18T21:29:41.410+0000] {dag.py:4180} INFO - Setting next_dagrun for example_kubernetes_executor to None, run_after=None
[2026-07-18T21:29:41.439+0000] {processor.py:208} INFO - Processing /home/airflow/.local/lib/python3.12/site-packages/airflow/example_dags/example_kubernetes_executor.py took 0.143 seconds
[2026-07-18T21:30:12.244+0000] {processor.py:186} INFO - Started process (PID=636) to work on /home/airflow/.local/lib/python3.12/site-packages/airflow/example_dags/example_kubernetes_executor.py
[2026-07-18T21:30:12.247+0000] {processor.py:914} INFO - Processing file /home/airflow/.local/lib/python3.12/site-packages/airflow/example_dags/example_kubernetes_executor.py for tasks to queue
[2026-07-18T21:30:12.251+0000] {logging_mixin.py:190} INFO - [2026-07-18T21:30:12.250+0000] {dagbag.py:588} INFO - Filling up the DagBag from /home/airflow/.local/lib/python3.12/site-packages/airflow/example_dags/example_kubernetes_executor.py
[2026-07-18T21:30:12.275+0000] {processor.py:925} INFO - DAG(s) 'example_kubernetes_executor' retrieved from /home/airflow/.local/lib/python3.12/site-packages/airflow/example_dags/example_kubernetes_executor.py
[2026-07-18T21:30:12.311+0000] {logging_mixin.py:190} INFO - [2026-07-18T21:30:12.311+0000] {dag.py:3239} INFO - Sync 1 DAGs
[2026-07-18T21:30:12.332+0000] {logging_mixin.py:190} INFO - [2026-07-18T21:30:12.331+0000] {dag.py:4180} INFO - Setting next_dagrun for example_kubernetes_executor to None, run_after=None
[2026-07-18T21:30:12.358+0000] {processor.py:208} INFO - Processing /home/airflow/.local/lib/python3.12/site-packages/airflow/example_dags/example_kubernetes_executor.py took 0.126 seconds
[2026-07-18T21:30:44.048+0000] {processor.py:186} INFO - Started process (PID=699) to work on /home/airflow/.local/lib/python3.12/site-packages/airflow/example_dags/example_kubernetes_executor.py
[2026-07-18T21:30:44.050+0000] {processor.py:914} INFO - Processing file /home/airflow/.local/lib/python3.12/site-packages/airflow/example_dags/example_kubernetes_executor.py for tasks to queue
[2026-07-18T21:30:44.058+0000] {logging_mixin.py:190} INFO - [2026-07-18T21:30:44.058+0000] {dagbag.py:588} INFO - Filling up the DagBag from /home/airflow/.local/lib/python3.12/site-packages/airflow/example_dags/example_kubernetes_executor.py
[2026-07-18T21:30:44.083+0000] {processor.py:925} INFO - DAG(s) 'example_kubernetes_executor' retrieved from /home/airflow/.local/lib/python3.12/site-packages/airflow/example_dags/example_kubernetes_executor.py
[2026-07-18T21:30:44.126+0000] {logging_mixin.py:190} INFO - [2026-07-18T21:30:44.125+0000] {dag.py:3239} INFO - Sync 1 DAGs
[2026-07-18T21:30:44.147+0000] {logging_mixin.py:190} INFO - [2026-07-18T21:30:44.147+0000] {dag.py:4180} INFO - Setting next_dagrun for example_kubernetes_executor to None, run_after=None
[2026-07-18T21:30:44.237+0000] {processor.py:208} INFO - Processing /home/airflow/.local/lib/python3.12/site-packages/airflow/example_dags/example_kubernetes_executor.py took 0.200 seconds
[2026-07-18T21:31:15.513+0000] {processor.py:186} INFO - Started process (PID=763) to work on /home/airflow/.local/lib/python3.12/site-packages/airflow/example_dags/example_kubernetes_executor.py
[2026-07-18T21:31:15.516+0000] {processor.py:914} INFO - Processing file /home/airflow/.local/lib/python3.12/site-packages/airflow/example_dags/example_kubernetes_executor.py for tasks to queue
[2026-07-18T21:31:15.522+0000] {logging_mixin.py:190} INFO - [2026-07-18T21:31:15.521+0000] {dagbag.py:588} INFO - Filling up the DagBag from /home/airflow/.local/lib/python3.12/site-packages/airflow/example_dags/example_kubernetes_executor.py
[2026-07-18T21:31:15.543+0000] {processor.py:925} INFO - DAG(s) 'example_kubernetes_executor' retrieved from /home/airflow/.local/lib/python3.12/site-packages/airflow/example_dags/example_kubernetes_executor.py
[2026-07-18T21:31:15.592+0000] {logging_mixin.py:190} INFO - [2026-07-18T21:31:15.591+0000] {dag.py:3239} INFO - Sync 1 DAGs
[2026-07-18T21:31:15.619+0000] {logging_mixin.py:190} INFO - [2026-07-18T21:31:15.618+0000] {dag.py:4180} INFO - Setting next_dagrun for example_kubernetes_executor to None, run_after=None
[2026-07-18T21:31:15.646+0000] {processor.py:208} INFO - Processing /home/airflow/.local/lib/python3.12/site-packages/airflow/example_dags/example_kubernetes_executor.py took 0.145 seconds
[2026-07-18T21:31:47.039+0000] {processor.py:186} INFO - Started process (PID=827) to work on /home/airflow/.local/lib/python3.12/site-packages/airflow/example_dags/example_kubernetes_executor.py
[2026-07-18T21:31:47.042+0000] {processor.py:914} INFO - Processing file /home/airflow/.local/lib/python3.12/site-packages/airflow/example_dags/example_kubernetes_executor.py for tasks to queue
[2026-07-18T21:31:47.046+0000] {logging_mixin.py:190} INFO - [2026-07-18T21:31:47.046+0000] {dagbag.py:588} INFO - Filling up the DagBag from /home/airflow/.local/lib/python3.12/site-packages/airflow/example_dags/example_kubernetes_executor.py
[2026-07-18T21:31:47.071+0000] {processor.py:925} INFO - DAG(s) 'example_kubernetes_executor' retrieved from /home/airflow/.local/lib/python3.12/site-packages/airflow/example_dags/example_kubernetes_executor.py
[2026-07-18T21:31:47.107+0000] {logging_mixin.py:190} INFO - [2026-07-18T21:31:47.106+0000] {dag.py:3239} INFO - Sync 1 DAGs
[2026-07-18T21:31:47.132+0000] {logging_mixin.py:190} INFO - [2026-07-18T21:31:47.131+0000] {dag.py:4180} INFO - Setting next_dagrun for example_kubernetes_executor to None, run_after=None
[2026-07-18T21:31:47.165+0000] {processor.py:208} INFO - Processing /home/airflow/.local/lib/python3.12/site-packages/airflow/example_dags/example_kubernetes_executor.py took 0.137 seconds
[2026-07-18T21:32:19.002+0000] {processor.py:186} INFO - Started process (PID=891) to work on /home/airflow/.local/lib/python3.12/site-packages/airflow/example_dags/example_kubernetes_executor.py
[2026-07-18T21:32:19.006+0000] {processor.py:914} INFO - Processing file /home/airflow/.local/lib/python3.12/site-packages/airflow/example_dags/example_kubernetes_executor.py for tasks to queue
[2026-07-18T21:32:19.014+0000] {logging_mixin.py:190} INFO - [2026-07-18T21:32:19.014+0000] {dagbag.py:588} INFO - Filling up the DagBag from /home/airflow/.local/lib/python3.12/site-packages/airflow/example_dags/example_kubernetes_executor.py
[2026-07-18T21:32:19.051+0000] {processor.py:925} INFO - DAG(s) 'example_kubernetes_executor' retrieved from /home/airflow/.local/lib/python3.12/site-packages/airflow/example_dags/example_kubernetes_executor.py
[2026-07-18T21:32:19.096+0000] {logging_mixin.py:190} INFO - [2026-07-18T21:32:19.096+0000] {dag.py:3239} INFO - Sync 1 DAGs
[2026-07-18T21:32:19.120+0000] {logging_mixin.py:190} INFO - [2026-07-18T21:32:19.120+0000] {dag.py:4180} INFO - Setting next_dagrun for example_kubernetes_executor to None, run_after=None
[2026-07-18T21:32:19.150+0000] {processor.py:208} INFO - Processing /home/airflow/.local/lib/python3.12/site-packages/airflow/example_dags/example_kubernetes_executor.py took 0.163 seconds
[2026-07-18T21:32:49.689+0000] {processor.py:186} INFO - Started process (PID=956) to work on /home/airflow/.local/lib/python3.12/site-packages/airflow/example_dags/example_kubernetes_executor.py
[2026-07-18T21:32:49.692+0000] {processor.py:914} INFO - Processing file /home/airflow/.local/lib/python3.12/site-packages/airflow/example_dags/example_kubernetes_executor.py for tasks to queue
[2026-07-18T21:32:49.696+0000] {logging_mixin.py:190} INFO - [2026-07-18T21:32:49.696+0000] {dagbag.py:588} INFO - Filling up the DagBag from /home/airflow/.local/lib/python3.12/site-packages/airflow/example_dags/example_kubernetes_executor.py
[2026-07-18T21:32:49.724+0000] {processor.py:925} INFO - DAG(s) 'example_kubernetes_executor' retrieved from /home/airflow/.local/lib/python3.12/site-packages/airflow/example_dags/example_kubernetes_executor.py
[2026-07-18T21:32:49.765+0000] {logging_mixin.py:190} INFO - [2026-07-18T21:32:49.764+0000] {dag.py:3239} INFO - Sync 1 DAGs
[2026-07-18T21:32:49.787+0000] {logging_mixin.py:190} INFO - [2026-07-18T21:32:49.786+0000] {dag.py:4180} INFO - Setting next_dagrun for example_kubernetes_executor to None, run_after=None
[2026-07-18T21:32:49.824+0000] {processor.py:208} INFO - Processing /home/airflow/.local/lib/python3.12/site-packages/airflow/example_dags/example_kubernetes_executor.py took 0.145 seconds
[2026-07-18T21:33:22.516+0000] {processor.py:186} INFO - Started process (PID=1020) to work on /home/airflow/.local/lib/python3.12/site-packages/airflow/example_dags/example_kubernetes_executor.py
[2026-07-18T21:33:22.518+0000] {processor.py:914} INFO - Processing file /home/airflow/.local/lib/python3.12/site-packages/airflow/example_dags/example_kubernetes_executor.py for tasks to queue
[2026-07-18T21:33:22.524+0000] {logging_mixin.py:190} INFO - [2026-07-18T21:33:22.523+0000] {dagbag.py:588} INFO - Filling up the DagBag from /home/airflow/.local/lib/python3.12/site-packages/airflow/example_dags/example_kubernetes_executor.py
[2026-07-18T21:33:22.545+0000] {processor.py:925} INFO - DAG(s) 'example_kubernetes_executor' retrieved from /home/airflow/.local/lib/python3.12/site-packages/airflow/example_dags/example_kubernetes_executor.py
[2026-07-18T21:33:22.581+0000] {logging_mixin.py:190} INFO - [2026-07-18T21:33:22.580+0000] {dag.py:3239} INFO - Sync 1 DAGs
[2026-07-18T21:33:22.614+0000] {logging_mixin.py:190} INFO - [2026-07-18T21:33:22.613+0000] {dag.py:4180} INFO - Setting next_dagrun for example_kubernetes_executor to None, run_after=None
[2026-07-18T21:33:22.646+0000] {processor.py:208} INFO - Processing /home/airflow/.local/lib/python3.12/site-packages/airflow/example_dags/example_kubernetes_executor.py took 0.146 seconds
[2026-07-18T21:33:53.670+0000] {processor.py:186} INFO - Started process (PID=1085) to work on /home/airflow/.local/lib/python3.12/site-packages/airflow/example_dags/example_kubernetes_executor.py
[2026-07-18T21:33:53.673+0000] {processor.py:914} INFO - Processing file /home/airflow/.local/lib/python3.12/site-packages/airflow/example_dags/example_kubernetes_executor.py for tasks to queue
[2026-07-18T21:33:53.679+0000] {logging_mixin.py:190} INFO - [2026-07-18T21:33:53.678+0000] {dagbag.py:588} INFO - Filling up the DagBag from /home/airflow/.local/lib/python3.12/site-packages/airflow/example_dags/example_kubernetes_executor.py
[2026-07-18T21:33:53.706+0000] {processor.py:925} INFO - DAG(s) 'example_kubernetes_executor' retrieved from /home/airflow/.local/lib/python3.12/site-packages/airflow/example_dags/example_kubernetes_executor.py
[2026-07-18T21:33:53.772+0000] {logging_mixin.py:190} INFO - [2026-07-18T21:33:53.772+0000] {dag.py:3239} INFO - Sync 1 DAGs
[2026-07-18T21:33:53.804+0000] {logging_mixin.py:190} INFO - [2026-07-18T21:33:53.804+0000] {dag.py:4180} INFO - Setting next_dagrun for example_kubernetes_executor to None, run_after=None
[2026-07-18T21:33:53.844+0000] {processor.py:208} INFO - Processing /home/airflow/.local/lib/python3.12/site-packages/airflow/example_dags/example_kubernetes_executor.py took 0.188 seconds
[2026-07-18T21:34:24.755+0000] {processor.py:186} INFO - Started process (PID=1155) to work on /home/airflow/.local/lib/python3.12/site-packages/airflow/example_dags/example_kubernetes_executor.py
[2026-07-18T21:34:24.758+0000] {processor.py:914} INFO - Processing file /home/airflow/.local/lib/python3.12/site-packages/airflow/example_dags/example_kubernetes_executor.py for tasks to queue
[2026-07-18T21:34:24.763+0000] {logging_mixin.py:190} INFO - [2026-07-18T21:34:24.763+0000] {dagbag.py:588} INFO - Filling up the DagBag from /home/airflow/.local/lib/python3.12/site-packages/airflow/example_dags/example_kubernetes_executor.py
[2026-07-18T21:34:24.787+0000] {processor.py:925} INFO - DAG(s) 'example_kubernetes_executor' retrieved from /home/airflow/.local/lib/python3.12/site-packages/airflow/example_dags/example_kubernetes_executor.py
[2026-07-18T21:34:24.840+0000] {logging_mixin.py:190} INFO - [2026-07-18T21:34:24.840+0000] {dag.py:3239} INFO - Sync 1 DAGs
[2026-07-18T21:34:24.868+0000] {logging_mixin.py:190} INFO - [2026-07-18T21:34:24.868+0000] {dag.py:4180} INFO - Setting next_dagrun for example_kubernetes_executor to None, run_after=None
[2026-07-18T21:34:24.896+0000] {processor.py:208} INFO - Processing /home/airflow/.local/lib/python3.12/site-packages/airflow/example_dags/example_kubernetes_executor.py took 0.150 seconds
[2026-07-18T21:34:57.058+0000] {processor.py:186} INFO - Started process (PID=1219) to work on /home/airflow/.local/lib/python3.12/site-packages/airflow/example_dags/example_kubernetes_executor.py
[2026-07-18T21:34:57.061+0000] {processor.py:914} INFO - Processing file /home/airflow/.local/lib/python3.12/site-packages/airflow/example_dags/example_kubernetes_executor.py for tasks to queue
[2026-07-18T21:34:57.068+0000] {logging_mixin.py:190} INFO - [2026-07-18T21:34:57.067+0000] {dagbag.py:588} INFO - Filling up the DagBag from /home/airflow/.local/lib/python3.12/site-packages/airflow/example_dags/example_kubernetes_executor.py
[2026-07-18T21:34:57.098+0000] {processor.py:925} INFO - DAG(s) 'example_kubernetes_executor' retrieved from /home/airflow/.local/lib/python3.12/site-packages/airflow/example_dags/example_kubernetes_executor.py
[2026-07-18T21:34:57.145+0000] {logging_mixin.py:190} INFO - [2026-07-18T21:34:57.145+0000] {dag.py:3239} INFO - Sync 1 DAGs
[2026-07-18T21:34:57.174+0000] {logging_mixin.py:190} INFO - [2026-07-18T21:34:57.174+0000] {dag.py:4180} INFO - Setting next_dagrun for example_kubernetes_executor to None, run_after=None
[2026-07-18T21:34:57.246+0000] {processor.py:208} INFO - Processing /home/airflow/.local/lib/python3.12/site-packages/airflow/example_dags/example_kubernetes_executor.py took 0.202 seconds
[2026-07-18T21:35:28.560+0000] {processor.py:186} INFO - Started process (PID=1283) to work on /home/airflow/.local/lib/python3.12/site-packages/airflow/example_dags/example_kubernetes_executor.py
[2026-07-18T21:35:28.563+0000] {processor.py:914} INFO - Processing file /home/airflow/.local/lib/python3.12/site-packages/airflow/example_dags/example_kubernetes_executor.py for tasks to queue
[2026-07-18T21:35:28.567+0000] {logging_mixin.py:190} INFO - [2026-07-18T21:35:28.567+0000] {dagbag.py:588} INFO - Filling up the DagBag from /home/airflow/.local/lib/python3.12/site-packages/airflow/example_dags/example_kubernetes_executor.py
[2026-07-18T21:35:28.585+0000] {processor.py:925} INFO - DAG(s) 'example_kubernetes_executor' retrieved from /home/airflow/.local/lib/python3.12/site-packages/airflow/example_dags/example_kubernetes_executor.py
[2026-07-18T21:35:28.619+0000] {logging_mixin.py:190} INFO - [2026-07-18T21:35:28.618+0000] {dag.py:3239} INFO - Sync 1 DAGs
[2026-07-18T21:35:28.638+0000] {logging_mixin.py:190} INFO - [2026-07-18T21:35:28.638+0000] {dag.py:4180} INFO - Setting next_dagrun for example_kubernetes_executor to None, run_after=None
[2026-07-18T21:35:28.684+0000] {processor.py:208} INFO - Processing /home/airflow/.local/lib/python3.12/site-packages/airflow/example_dags/example_kubernetes_executor.py took 0.135 seconds
[2026-07-18T21:36:00.168+0000] {processor.py:186} INFO - Started process (PID=1347) to work on /home/airflow/.local/lib/python3.12/site-packages/airflow/example_dags/example_kubernetes_executor.py
[2026-07-18T21:36:00.171+0000] {processor.py:914} INFO - Processing file /home/airflow/.local/lib/python3.12/site-packages/airflow/example_dags/example_kubernetes_executor.py for tasks to queue
[2026-07-18T21:36:00.180+0000] {logging_mixin.py:190} INFO - [2026-07-18T21:36:00.179+0000] {dagbag.py:588} INFO - Filling up the DagBag from /home/airflow/.local/lib/python3.12/site-packages/airflow/example_dags/example_kubernetes_executor.py
[2026-07-18T21:36:00.227+0000] {processor.py:925} INFO - DAG(s) 'example_kubernetes_executor' retrieved from /home/airflow/.local/lib/python3.12/site-packages/airflow/example_dags/example_kubernetes_executor.py
[2026-07-18T21:36:00.280+0000] {logging_mixin.py:190} INFO - [2026-07-18T21:36:00.280+0000] {dag.py:3239} INFO - Sync 1 DAGs
[2026-07-18T21:36:00.316+0000] {logging_mixin.py:190} INFO - [2026-07-18T21:36:00.316+0000] {dag.py:4180} INFO - Setting next_dagrun for example_kubernetes_executor to None, run_after=None
[2026-07-18T21:36:00.363+0000] {processor.py:208} INFO - Processing /home/airflow/.local/lib/python3.12/site-packages/airflow/example_dags/example_kubernetes_executor.py took 0.212 seconds
[2026-07-18T21:36:31.516+0000] {processor.py:186} INFO - Started process (PID=1411) to work on /home/airflow/.local/lib/python3.12/site-packages/airflow/example_dags/example_kubernetes_executor.py
[2026-07-18T21:36:31.519+0000] {processor.py:914} INFO - Processing file /home/airflow/.local/lib/python3.12/site-packages/airflow/example_dags/example_kubernetes_executor.py for tasks to queue
[2026-07-18T21:36:31.527+0000] {logging_mixin.py:190} INFO - [2026-07-18T21:36:31.526+0000] {dagbag.py:588} INFO - Filling up the DagBag from /home/airflow/.local/lib/python3.12/site-packages/airflow/example_dags/example_kubernetes_executor.py
[2026-07-18T21:36:31.546+0000] {processor.py:925} INFO - DAG(s) 'example_kubernetes_executor' retrieved from /home/airflow/.local/lib/python3.12/site-packages/airflow/example_dags/example_kubernetes_executor.py
[2026-07-18T21:36:31.591+0000] {logging_mixin.py:190} INFO - [2026-07-18T21:36:31.590+0000] {dag.py:3239} INFO - Sync 1 DAGs
[2026-07-18T21:36:31.620+0000] {logging_mixin.py:190} INFO - [2026-07-18T21:36:31.619+0000] {dag.py:4180} INFO - Setting next_dagrun for example_kubernetes_executor to None, run_after=None
[2026-07-18T21:36:31.661+0000] {processor.py:208} INFO - Processing /home/airflow/.local/lib/python3.12/site-packages/airflow/example_dags/example_kubernetes_executor.py took 0.152 seconds
[2026-07-18T21:37:03.083+0000] {processor.py:186} INFO - Started process (PID=1475) to work on /home/airflow/.local/lib/python3.12/site-packages/airflow/example_dags/example_kubernetes_executor.py
[2026-07-18T21:37:03.085+0000] {processor.py:914} INFO - Processing file /home/airflow/.local/lib/python3.12/site-packages/airflow/example_dags/example_kubernetes_executor.py for tasks to queue
[2026-07-18T21:37:03.090+0000] {logging_mixin.py:190} INFO - [2026-07-18T21:37:03.090+0000] {dagbag.py:588} INFO - Filling up the DagBag from /home/airflow/.local/lib/python3.12/site-packages/airflow/example_dags/example_kubernetes_executor.py
[2026-07-18T21:37:03.110+0000] {processor.py:925} INFO - DAG(s) 'example_kubernetes_executor' retrieved from /home/airflow/.local/lib/python3.12/site-packages/airflow/example_dags/example_kubernetes_executor.py
[2026-07-18T21:37:03.145+0000] {logging_mixin.py:190} INFO - [2026-07-18T21:37:03.145+0000] {dag.py:3239} INFO - Sync 1 DAGs
[2026-07-18T21:37:03.165+0000] {logging_mixin.py:190} INFO - [2026-07-18T21:37:03.165+0000] {dag.py:4180} INFO - Setting next_dagrun for example_kubernetes_executor to None, run_after=None
[2026-07-18T21:37:03.193+0000] {processor.py:208} INFO - Processing /home/airflow/.local/lib/python3.12/site-packages/airflow/example_dags/example_kubernetes_executor.py took 0.121 seconds
[2026-07-18T21:37:35.759+0000] {processor.py:186} INFO - Started process (PID=1539) to work on /home/airflow/.local/lib/python3.12/site-packages/airflow/example_dags/example_kubernetes_executor.py
[2026-07-18T21:37:35.761+0000] {processor.py:914} INFO - Processing file /home/airflow/.local/lib/python3.12/site-packages/airflow/example_dags/example_kubernetes_executor.py for tasks to queue
[2026-07-18T21:37:35.767+0000] {logging_mixin.py:190} INFO - [2026-07-18T21:37:35.766+0000] {dagbag.py:588} INFO - Filling up the DagBag from /home/airflow/.local/lib/python3.12/site-packages/airflow/example_dags/example_kubernetes_executor.py
[2026-07-18T21:37:35.791+0000] {processor.py:925} INFO - DAG(s) 'example_kubernetes_executor' retrieved from /home/airflow/.local/lib/python3.12/site-packages/airflow/example_dags/example_kubernetes_executor.py
[2026-07-18T21:37:35.857+0000] {logging_mixin.py:190} INFO - [2026-07-18T21:37:35.856+0000] {dag.py:3239} INFO - Sync 1 DAGs
[2026-07-18T21:37:35.911+0000] {logging_mixin.py:190} INFO - [2026-07-18T21:37:35.910+0000] {dag.py:4180} INFO - Setting next_dagrun for example_kubernetes_executor to None, run_after=None
[2026-07-18T21:37:35.963+0000] {processor.py:208} INFO - Processing /home/airflow/.local/lib/python3.12/site-packages/airflow/example_dags/example_kubernetes_executor.py took 0.215 seconds
[2026-07-18T21:38:07.465+0000] {processor.py:186} INFO - Started process (PID=1603) to work on /home/airflow/.local/lib/python3.12/site-packages/airflow/example_dags/example_kubernetes_executor.py
[2026-07-18T21:38:07.469+0000] {processor.py:914} INFO - Processing file /home/airflow/.local/lib/python3.12/site-packages/airflow/example_dags/example_kubernetes_executor.py for tasks to queue
[2026-07-18T21:38:07.478+0000] {logging_mixin.py:190} INFO - [2026-07-18T21:38:07.477+0000] {dagbag.py:588} INFO - Filling up the DagBag from /home/airflow/.local/lib/python3.12/site-packages/airflow/example_dags/example_kubernetes_executor.py
[2026-07-18T21:38:07.521+0000] {processor.py:925} INFO - DAG(s) 'example_kubernetes_executor' retrieved from /home/airflow/.local/lib/python3.12/site-packages/airflow/example_dags/example_kubernetes_executor.py
[2026-07-18T21:38:07.589+0000] {logging_mixin.py:190} INFO - [2026-07-18T21:38:07.589+0000] {dag.py:3239} INFO - Sync 1 DAGs
[2026-07-18T21:38:07.641+0000] {logging_mixin.py:190} INFO - [2026-07-18T21:38:07.641+0000] {dag.py:4180} INFO - Setting next_dagrun for example_kubernetes_executor to None, run_after=None
[2026-07-18T21:38:07.710+0000] {processor.py:208} INFO - Processing /home/airflow/.local/lib/python3.12/site-packages/airflow/example_dags/example_kubernetes_executor.py took 0.264 seconds
[2026-07-18T21:38:38.929+0000] {processor.py:186} INFO - Started process (PID=1667) to work on /home/airflow/.local/lib/python3.12/site-packages/airflow/example_dags/example_kubernetes_executor.py
[2026-07-18T21:38:38.932+0000] {processor.py:914} INFO - Processing file /home/airflow/.local/lib/python3.12/site-packages/airflow/example_dags/example_kubernetes_executor.py for tasks to queue
[2026-07-18T21:38:38.937+0000] {logging_mixin.py:190} INFO - [2026-07-18T21:38:38.936+0000] {dagbag.py:588} INFO - Filling up the DagBag from /home/airflow/.local/lib/python3.12/site-packages/airflow/example_dags/example_kubernetes_executor.py
[2026-07-18T21:38:38.956+0000] {processor.py:925} INFO - DAG(s) 'example_kubernetes_executor' retrieved from /home/airflow/.local/lib/python3.12/site-packages/airflow/example_dags/example_kubernetes_executor.py
[2026-07-18T21:38:38.990+0000] {logging_mixin.py:190} INFO - [2026-07-18T21:38:38.989+0000] {dag.py:3239} INFO - Sync 1 DAGs
[2026-07-18T21:38:39.016+0000] {logging_mixin.py:190} INFO - [2026-07-18T21:38:39.016+0000] {dag.py:4180} INFO - Setting next_dagrun for example_kubernetes_executor to None, run_after=None
[2026-07-18T21:38:39.049+0000] {processor.py:208} INFO - Processing /home/airflow/.local/lib/python3.12/site-packages/airflow/example_dags/example_kubernetes_executor.py took 0.131 seconds
[2026-07-18T21:39:09.649+0000] {processor.py:186} INFO - Started process (PID=1731) to work on /home/airflow/.local/lib/python3.12/site-packages/airflow/example_dags/example_kubernetes_executor.py
[2026-07-18T21:39:09.652+0000] {processor.py:914} INFO - Processing file /home/airflow/.local/lib/python3.12/site-packages/airflow/example_dags/example_kubernetes_executor.py for tasks to queue
[2026-07-18T21:39:09.659+0000] {logging_mixin.py:190} INFO - [2026-07-18T21:39:09.658+0000] {dagbag.py:588} INFO - Filling up the DagBag from /home/airflow/.local/lib/python3.12/site-packages/airflow/example_dags/example_kubernetes_executor.py
[2026-07-18T21:39:09.683+0000] {processor.py:925} INFO - DAG(s) 'example_kubernetes_executor' retrieved from /home/airflow/.local/lib/python3.12/site-packages/airflow/example_dags/example_kubernetes_executor.py
[2026-07-18T21:39:09.725+0000] {logging_mixin.py:190} INFO - [2026-07-18T21:39:09.724+0000] {dag.py:3239} INFO - Sync 1 DAGs
[2026-07-18T21:39:09.746+0000] {logging_mixin.py:190} INFO - [2026-07-18T21:39:09.745+0000] {dag.py:4180} INFO - Setting next_dagrun for example_kubernetes_executor to None, run_after=None
[2026-07-18T21:39:09.773+0000] {processor.py:208} INFO - Processing /home/airflow/.local/lib/python3.12/site-packages/airflow/example_dags/example_kubernetes_executor.py took 0.137 seconds
[2026-07-18T21:39:42.670+0000] {processor.py:186} INFO - Started process (PID=1796) to work on /home/airflow/.local/lib/python3.12/site-packages/airflow/example_dags/example_kubernetes_executor.py
[2026-07-18T21:39:42.674+0000] {processor.py:914} INFO - Processing file /home/airflow/.local/lib/python3.12/site-packages/airflow/example_dags/example_kubernetes_executor.py for tasks to queue
[2026-07-18T21:39:42.687+0000] {logging_mixin.py:190} INFO - [2026-07-18T21:39:42.686+0000] {dagbag.py:588} INFO - Filling up the DagBag from /home/airflow/.local/lib/python3.12/site-packages/airflow/example_dags/example_kubernetes_executor.py
[2026-07-18T21:39:42.734+0000] {processor.py:925} INFO - DAG(s) 'example_kubernetes_executor' retrieved from /home/airflow/.local/lib/python3.12/site-packages/airflow/example_dags/example_kubernetes_executor.py
[2026-07-18T21:39:42.821+0000] {logging_mixin.py:190} INFO - [2026-07-18T21:39:42.820+0000] {dag.py:3239} INFO - Sync 1 DAGs
[2026-07-18T21:39:42.873+0000] {logging_mixin.py:190} INFO - [2026-07-18T21:39:42.873+0000] {dag.py:4180} INFO - Setting next_dagrun for example_kubernetes_executor to None, run_after=None
[2026-07-18T21:39:42.965+0000] {processor.py:208} INFO - Processing /home/airflow/.local/lib/python3.12/site-packages/airflow/example_dags/example_kubernetes_executor.py took 0.320 seconds
[2026-07-18T21:40:14.439+0000] {processor.py:186} INFO - Started process (PID=1860) to work on /home/airflow/.local/lib/python3.12/site-packages/airflow/example_dags/example_kubernetes_executor.py
[2026-07-18T21:40:14.444+0000] {processor.py:914} INFO - Processing file /home/airflow/.local/lib/python3.12/site-packages/airflow/example_dags/example_kubernetes_executor.py for tasks to queue
[2026-07-18T21:40:14.452+0000] {logging_mixin.py:190} INFO - [2026-07-18T21:40:14.451+0000] {dagbag.py:588} INFO - Filling up the DagBag from /home/airflow/.local/lib/python3.12/site-packages/airflow/example_dags/example_kubernetes_executor.py
[2026-07-18T21:40:14.494+0000] {processor.py:925} INFO - DAG(s) 'example_kubernetes_executor' retrieved from /home/airflow/.local/lib/python3.12/site-packages/airflow/example_dags/example_kubernetes_executor.py
[2026-07-18T21:40:14.575+0000] {logging_mixin.py:190} INFO - [2026-07-18T21:40:14.574+0000] {dag.py:3239} INFO - Sync 1 DAGs
[2026-07-18T21:40:14.623+0000] {logging_mixin.py:190} INFO - [2026-07-18T21:40:14.623+0000] {dag.py:4180} INFO - Setting next_dagrun for example_kubernetes_executor to None, run_after=None
[2026-07-18T21:40:14.758+0000] {processor.py:208} INFO - Processing /home/airflow/.local/lib/python3.12/site-packages/airflow/example_dags/example_kubernetes_executor.py took 0.340 seconds
[2026-07-18T21:40:45.902+0000] {processor.py:186} INFO - Started process (PID=1924) to work on /home/airflow/.local/lib/python3.12/site-packages/airflow/example_dags/example_kubernetes_executor.py
[2026-07-18T21:40:45.905+0000] {processor.py:914} INFO - Processing file /home/airflow/.local/lib/python3.12/site-packages/airflow/example_dags/example_kubernetes_executor.py for tasks to queue
[2026-07-18T21:40:45.910+0000] {logging_mixin.py:190} INFO - [2026-07-18T21:40:45.909+0000] {dagbag.py:588} INFO - Filling up the DagBag from /home/airflow/.local/lib/python3.12/site-packages/airflow/example_dags/example_kubernetes_executor.py
[2026-07-18T21:40:45.934+0000] {processor.py:925} INFO - DAG(s) 'example_kubernetes_executor' retrieved from /home/airflow/.local/lib/python3.12/site-packages/airflow/example_dags/example_kubernetes_executor.py
[2026-07-18T21:40:45.970+0000] {logging_mixin.py:190} INFO - [2026-07-18T21:40:45.970+0000] {dag.py:3239} INFO - Sync 1 DAGs
[2026-07-18T21:40:46.005+0000] {logging_mixin.py:190} INFO - [2026-07-18T21:40:46.005+0000] {dag.py:4180} INFO - Setting next_dagrun for example_kubernetes_executor to None, run_after=None
[2026-07-18T21:40:46.043+0000] {processor.py:208} INFO - Processing /home/airflow/.local/lib/python3.12/site-packages/airflow/example_dags/example_kubernetes_executor.py took 0.150 seconds
[2026-07-18T21:41:16.785+0000] {processor.py:186} INFO - Started process (PID=1988) to work on /home/airflow/.local/lib/python3.12/site-packages/airflow/example_dags/example_kubernetes_executor.py
[2026-07-18T21:41:16.787+0000] {processor.py:914} INFO - Processing file /home/airflow/.local/lib/python3.12/site-packages/airflow/example_dags/example_kubernetes_executor.py for tasks to queue
[2026-07-18T21:41:16.793+0000] {logging_mixin.py:190} INFO - [2026-07-18T21:41:16.792+0000] {dagbag.py:588} INFO - Filling up the DagBag from /home/airflow/.local/lib/python3.12/site-packages/airflow/example_dags/example_kubernetes_executor.py
[2026-07-18T21:41:16.816+0000] {processor.py:925} INFO - DAG(s) 'example_kubernetes_executor' retrieved from /home/airflow/.local/lib/python3.12/site-packages/airflow/example_dags/example_kubernetes_executor.py
[2026-07-18T21:41:16.863+0000] {logging_mixin.py:190} INFO - [2026-07-18T21:41:16.862+0000] {dag.py:3239} INFO - Sync 1 DAGs
[2026-07-18T21:41:16.887+0000] {logging_mixin.py:190} INFO - [2026-07-18T21:41:16.887+0000] {dag.py:4180} INFO - Setting next_dagrun for example_kubernetes_executor to None, run_after=None
[2026-07-18T21:41:16.917+0000] {processor.py:208} INFO - Processing /home/airflow/.local/lib/python3.12/site-packages/airflow/example_dags/example_kubernetes_executor.py took 0.144 seconds
[2026-07-18T21:41:48.431+0000] {processor.py:186} INFO - Started process (PID=2052) to work on /home/airflow/.local/lib/python3.12/site-packages/airflow/example_dags/example_kubernetes_executor.py
[2026-07-18T21:41:48.434+0000] {processor.py:914} INFO - Processing file /home/airflow/.local/lib/python3.12/site-packages/airflow/example_dags/example_kubernetes_executor.py for tasks to queue
[2026-07-18T21:41:48.442+0000] {logging_mixin.py:190} INFO - [2026-07-18T21:41:48.441+0000] {dagbag.py:588} INFO - Filling up the DagBag from /home/airflow/.local/lib/python3.12/site-packages/airflow/example_dags/example_kubernetes_executor.py
[2026-07-18T21:41:48.470+0000] {processor.py:925} INFO - DAG(s) 'example_kubernetes_executor' retrieved from /home/airflow/.local/lib/python3.12/site-packages/airflow/example_dags/example_kubernetes_executor.py
[2026-07-18T21:41:48.503+0000] {logging_mixin.py:190} INFO - [2026-07-18T21:41:48.503+0000] {dag.py:3239} INFO - Sync 1 DAGs
[2026-07-18T21:41:48.525+0000] {logging_mixin.py:190} INFO - [2026-07-18T21:41:48.524+0000] {dag.py:4180} INFO - Setting next_dagrun for example_kubernetes_executor to None, run_after=None
[2026-07-18T21:41:48.557+0000] {processor.py:208} INFO - Processing /home/airflow/.local/lib/python3.12/site-packages/airflow/example_dags/example_kubernetes_executor.py took 0.138 seconds
[2026-07-18T21:42:20.456+0000] {processor.py:186} INFO - Started process (PID=2118) to work on /home/airflow/.local/lib/python3.12/site-packages/airflow/example_dags/example_kubernetes_executor.py
[2026-07-18T21:42:20.458+0000] {processor.py:914} INFO - Processing file /home/airflow/.local/lib/python3.12/site-packages/airflow/example_dags/example_kubernetes_executor.py for tasks to queue
[2026-07-18T21:42:20.463+0000] {logging_mixin.py:190} INFO - [2026-07-18T21:42:20.462+0000] {dagbag.py:588} INFO - Filling up the DagBag from /home/airflow/.local/lib/python3.12/site-packages/airflow/example_dags/example_kubernetes_executor.py
[2026-07-18T21:42:20.483+0000] {processor.py:925} INFO - DAG(s) 'example_kubernetes_executor' retrieved from /home/airflow/.local/lib/python3.12/site-packages/airflow/example_dags/example_kubernetes_executor.py
[2026-07-18T21:42:20.517+0000] {logging_mixin.py:190} INFO - [2026-07-18T21:42:20.517+0000] {dag.py:3239} INFO - Sync 1 DAGs
[2026-07-18T21:42:20.540+0000] {logging_mixin.py:190} INFO - [2026-07-18T21:42:20.539+0000] {dag.py:4180} INFO - Setting next_dagrun for example_kubernetes_executor to None, run_after=None
[2026-07-18T21:42:20.603+0000] {processor.py:208} INFO - Processing /home/airflow/.local/lib/python3.12/site-packages/airflow/example_dags/example_kubernetes_executor.py took 0.158 seconds
[2026-07-18T21:42:51.752+0000] {processor.py:186} INFO - Started process (PID=2182) to work on /home/airflow/.local/lib/python3.12/site-packages/airflow/example_dags/example_kubernetes_executor.py
[2026-07-18T21:42:51.755+0000] {processor.py:914} INFO - Processing file /home/airflow/.local/lib/python3.12/site-packages/airflow/example_dags/example_kubernetes_executor.py for tasks to queue
[2026-07-18T21:42:51.761+0000] {logging_mixin.py:190} INFO - [2026-07-18T21:42:51.761+0000] {dagbag.py:588} INFO - Filling up the DagBag from /home/airflow/.local/lib/python3.12/site-packages/airflow/example_dags/example_kubernetes_executor.py
[2026-07-18T21:42:51.789+0000] {processor.py:925} INFO - DAG(s) 'example_kubernetes_executor' retrieved from /home/airflow/.local/lib/python3.12/site-packages/airflow/example_dags/example_kubernetes_executor.py
[2026-07-18T21:42:51.846+0000] {logging_mixin.py:190} INFO - [2026-07-18T21:42:51.845+0000] {dag.py:3239} INFO - Sync 1 DAGs
[2026-07-18T21:42:51.865+0000] {logging_mixin.py:190} INFO - [2026-07-18T21:42:51.865+0000] {dag.py:4180} INFO - Setting next_dagrun for example_kubernetes_executor to None, run_after=None
[2026-07-18T21:42:51.892+0000] {processor.py:208} INFO - Processing /home/airflow/.local/lib/python3.12/site-packages/airflow/example_dags/example_kubernetes_executor.py took 0.152 seconds
[2026-07-18T21:43:24.629+0000] {processor.py:186} INFO - Started process (PID=2250) to work on /home/airflow/.local/lib/python3.12/site-packages/airflow/example_dags/example_kubernetes_executor.py
[2026-07-18T21:43:24.632+0000] {processor.py:914} INFO - Processing file /home/airflow/.local/lib/python3.12/site-packages/airflow/example_dags/example_kubernetes_executor.py for tasks to queue
[2026-07-18T21:43:24.641+0000] {logging_mixin.py:190} INFO - [2026-07-18T21:43:24.640+0000] {dagbag.py:588} INFO - Filling up the DagBag from /home/airflow/.local/lib/python3.12/site-packages/airflow/example_dags/example_kubernetes_executor.py
[2026-07-18T21:43:24.690+0000] {processor.py:925} INFO - DAG(s) 'example_kubernetes_executor' retrieved from /home/airflow/.local/lib/python3.12/site-packages/airflow/example_dags/example_kubernetes_executor.py
[2026-07-18T21:43:24.772+0000] {logging_mixin.py:190} INFO - [2026-07-18T21:43:24.771+0000] {dag.py:3239} INFO - Sync 1 DAGs
[2026-07-18T21:43:24.826+0000] {logging_mixin.py:190} INFO - [2026-07-18T21:43:24.825+0000] {dag.py:4180} INFO - Setting next_dagrun for example_kubernetes_executor to None, run_after=None
[2026-07-18T21:43:24.903+0000] {processor.py:208} INFO - Processing /home/airflow/.local/lib/python3.12/site-packages/airflow/example_dags/example_kubernetes_executor.py took 0.287 seconds
[2026-07-18T21:43:56.161+0000] {processor.py:186} INFO - Started process (PID=2315) to work on /home/airflow/.local/lib/python3.12/site-packages/airflow/example_dags/example_kubernetes_executor.py
[2026-07-18T21:43:56.165+0000] {processor.py:914} INFO - Processing file /home/airflow/.local/lib/python3.12/site-packages/airflow/example_dags/example_kubernetes_executor.py for tasks to queue
[2026-07-18T21:43:56.171+0000] {logging_mixin.py:190} INFO - [2026-07-18T21:43:56.170+0000] {dagbag.py:588} INFO - Filling up the DagBag from /home/airflow/.local/lib/python3.12/site-packages/airflow/example_dags/example_kubernetes_executor.py
[2026-07-18T21:43:56.198+0000] {processor.py:925} INFO - DAG(s) 'example_kubernetes_executor' retrieved from /home/airflow/.local/lib/python3.12/site-packages/airflow/example_dags/example_kubernetes_executor.py
[2026-07-18T21:43:56.237+0000] {logging_mixin.py:190} INFO - [2026-07-18T21:43:56.237+0000] {dag.py:3239} INFO - Sync 1 DAGs
[2026-07-18T21:43:56.265+0000] {logging_mixin.py:190} INFO - [2026-07-18T21:43:56.265+0000] {dag.py:4180} INFO - Setting next_dagrun for example_kubernetes_executor to None, run_after=None
[2026-07-18T21:43:56.294+0000] {processor.py:208} INFO - Processing /home/airflow/.local/lib/python3.12/site-packages/airflow/example_dags/example_kubernetes_executor.py took 0.141 seconds
[2026-07-18T21:44:27.489+0000] {processor.py:186} INFO - Started process (PID=2385) to work on /home/airflow/.local/lib/python3.12/site-packages/airflow/example_dags/example_kubernetes_executor.py
[2026-07-18T21:44:27.492+0000] {processor.py:914} INFO - Processing file /home/airflow/.local/lib/python3.12/site-packages/airflow/example_dags/example_kubernetes_executor.py for tasks to queue
[2026-07-18T21:44:27.497+0000] {logging_mixin.py:190} INFO - [2026-07-18T21:44:27.497+0000] {dagbag.py:588} INFO - Filling up the DagBag from /home/airflow/.local/lib/python3.12/site-packages/airflow/example_dags/example_kubernetes_executor.py
[2026-07-18T21:44:27.527+0000] {processor.py:925} INFO - DAG(s) 'example_kubernetes_executor' retrieved from /home/airflow/.local/lib/python3.12/site-packages/airflow/example_dags/example_kubernetes_executor.py
[2026-07-18T21:44:27.572+0000] {logging_mixin.py:190} INFO - [2026-07-18T21:44:27.572+0000] {dag.py:3239} INFO - Sync 1 DAGs
[2026-07-18T21:44:27.595+0000] {logging_mixin.py:190} INFO - [2026-07-18T21:44:27.595+0000] {dag.py:4180} INFO - Setting next_dagrun for example_kubernetes_executor to None, run_after=None
[2026-07-18T21:44:27.632+0000] {processor.py:208} INFO - Processing /home/airflow/.local/lib/python3.12/site-packages/airflow/example_dags/example_kubernetes_executor.py took 0.157 seconds
[2026-07-18T21:44:58.416+0000] {processor.py:186} INFO - Started process (PID=2449) to work on /home/airflow/.local/lib/python3.12/site-packages/airflow/example_dags/example_kubernetes_executor.py
[2026-07-18T21:44:58.419+0000] {processor.py:914} INFO - Processing file /home/airflow/.local/lib/python3.12/site-packages/airflow/example_dags/example_kubernetes_executor.py for tasks to queue
[2026-07-18T21:44:58.424+0000] {logging_mixin.py:190} INFO - [2026-07-18T21:44:58.423+0000] {dagbag.py:588} INFO - Filling up the DagBag from /home/airflow/.local/lib/python3.12/site-packages/airflow/example_dags/example_kubernetes_executor.py
[2026-07-18T21:44:58.448+0000] {processor.py:925} INFO - DAG(s) 'example_kubernetes_executor' retrieved from /home/airflow/.local/lib/python3.12/site-packages/airflow/example_dags/example_kubernetes_executor.py
[2026-07-18T21:44:58.491+0000] {logging_mixin.py:190} INFO - [2026-07-18T21:44:58.491+0000] {dag.py:3239} INFO - Sync 1 DAGs
[2026-07-18T21:44:58.517+0000] {logging_mixin.py:190} INFO - [2026-07-18T21:44:58.516+0000] {dag.py:4180} INFO - Setting next_dagrun for example_kubernetes_executor to None, run_after=None
[2026-07-18T21:44:58.546+0000] {processor.py:208} INFO - Processing /home/airflow/.local/lib/python3.12/site-packages/airflow/example_dags/example_kubernetes_executor.py took 0.142 seconds
[2026-07-18T21:45:31.430+0000] {processor.py:186} INFO - Started process (PID=2517) to work on /home/airflow/.local/lib/python3.12/site-packages/airflow/example_dags/example_kubernetes_executor.py
[2026-07-18T21:45:31.434+0000] {processor.py:914} INFO - Processing file /home/airflow/.local/lib/python3.12/site-packages/airflow/example_dags/example_kubernetes_executor.py for tasks to queue
[2026-07-18T21:45:31.446+0000] {logging_mixin.py:190} INFO - [2026-07-18T21:45:31.445+0000] {dagbag.py:588} INFO - Filling up the DagBag from /home/airflow/.local/lib/python3.12/site-packages/airflow/example_dags/example_kubernetes_executor.py
[2026-07-18T21:45:31.496+0000] {processor.py:925} INFO - DAG(s) 'example_kubernetes_executor' retrieved from /home/airflow/.local/lib/python3.12/site-packages/airflow/example_dags/example_kubernetes_executor.py
[2026-07-18T21:45:31.573+0000] {logging_mixin.py:190} INFO - [2026-07-18T21:45:31.572+0000] {dag.py:3239} INFO - Sync 1 DAGs
[2026-07-18T21:45:31.617+0000] {logging_mixin.py:190} INFO - [2026-07-18T21:45:31.616+0000] {dag.py:4180} INFO - Setting next_dagrun for example_kubernetes_executor to None, run_after=None
[2026-07-18T21:45:31.677+0000] {processor.py:208} INFO - Processing /home/airflow/.local/lib/python3.12/site-packages/airflow/example_dags/example_kubernetes_executor.py took 0.268 seconds
[2026-07-18T21:46:02.686+0000] {processor.py:186} INFO - Started process (PID=2581) to work on /home/airflow/.local/lib/python3.12/site-packages/airflow/example_dags/example_kubernetes_executor.py
[2026-07-18T21:46:02.690+0000] {processor.py:914} INFO - Processing file /home/airflow/.local/lib/python3.12/site-packages/airflow/example_dags/example_kubernetes_executor.py for tasks to queue
[2026-07-18T21:46:02.696+0000] {logging_mixin.py:190} INFO - [2026-07-18T21:46:02.695+0000] {dagbag.py:588} INFO - Filling up the DagBag from /home/airflow/.local/lib/python3.12/site-packages/airflow/example_dags/example_kubernetes_executor.py
[2026-07-18T21:46:02.740+0000] {processor.py:925} INFO - DAG(s) 'example_kubernetes_executor' retrieved from /home/airflow/.local/lib/python3.12/site-packages/airflow/example_dags/example_kubernetes_executor.py
[2026-07-18T21:46:02.797+0000] {logging_mixin.py:190} INFO - [2026-07-18T21:46:02.796+0000] {dag.py:3239} INFO - Sync 1 DAGs
[2026-07-18T21:46:02.830+0000] {logging_mixin.py:190} INFO - [2026-07-18T21:46:02.829+0000] {dag.py:4180} INFO - Setting next_dagrun for example_kubernetes_executor to None, run_after=None
[2026-07-18T21:46:02.899+0000] {processor.py:208} INFO - Processing /home/airflow/.local/lib/python3.12/site-packages/airflow/example_dags/example_kubernetes_executor.py took 0.233 seconds
[2026-07-18T21:46:33.302+0000] {processor.py:186} INFO - Started process (PID=2645) to work on /home/airflow/.local/lib/python3.12/site-packages/airflow/example_dags/example_kubernetes_executor.py
[2026-07-18T21:46:33.306+0000] {processor.py:914} INFO - Processing file /home/airflow/.local/lib/python3.12/site-packages/airflow/example_dags/example_kubernetes_executor.py for tasks to queue
[2026-07-18T21:46:33.314+0000] {logging_mixin.py:190} INFO - [2026-07-18T21:46:33.313+0000] {dagbag.py:588} INFO - Filling up the DagBag from /home/airflow/.local/lib/python3.12/site-packages/airflow/example_dags/example_kubernetes_executor.py
[2026-07-18T21:46:33.355+0000] {processor.py:925} INFO - DAG(s) 'example_kubernetes_executor' retrieved from /home/airflow/.local/lib/python3.12/site-packages/airflow/example_dags/example_kubernetes_executor.py
[2026-07-18T21:46:33.396+0000] {logging_mixin.py:190} INFO - [2026-07-18T21:46:33.396+0000] {dag.py:3239} INFO - Sync 1 DAGs
[2026-07-18T21:46:33.425+0000] {logging_mixin.py:190} INFO - [2026-07-18T21:46:33.424+0000] {dag.py:4180} INFO - Setting next_dagrun for example_kubernetes_executor to None, run_after=None
[2026-07-18T21:46:33.530+0000] {processor.py:208} INFO - Processing /home/airflow/.local/lib/python3.12/site-packages/airflow/example_dags/example_kubernetes_executor.py took 0.247 seconds
[2026-07-18T21:47:04.213+0000] {processor.py:186} INFO - Started process (PID=2709) to work on /home/airflow/.local/lib/python3.12/site-packages/airflow/example_dags/example_kubernetes_executor.py
[2026-07-18T21:47:04.215+0000] {processor.py:914} INFO - Processing file /home/airflow/.local/lib/python3.12/site-packages/airflow/example_dags/example_kubernetes_executor.py for tasks to queue
[2026-07-18T21:47:04.220+0000] {logging_mixin.py:190} INFO - [2026-07-18T21:47:04.220+0000] {dagbag.py:588} INFO - Filling up the DagBag from /home/airflow/.local/lib/python3.12/site-packages/airflow/example_dags/example_kubernetes_executor.py
[2026-07-18T21:47:04.242+0000] {processor.py:925} INFO - DAG(s) 'example_kubernetes_executor' retrieved from /home/airflow/.local/lib/python3.12/site-packages/airflow/example_dags/example_kubernetes_executor.py
[2026-07-18T21:47:04.283+0000] {logging_mixin.py:190} INFO - [2026-07-18T21:47:04.283+0000] {dag.py:3239} INFO - Sync 1 DAGs
[2026-07-18T21:47:04.313+0000] {logging_mixin.py:190} INFO - [2026-07-18T21:47:04.313+0000] {dag.py:4180} INFO - Setting next_dagrun for example_kubernetes_executor to None, run_after=None
[2026-07-18T21:47:04.344+0000] {processor.py:208} INFO - Processing /home/airflow/.local/lib/python3.12/site-packages/airflow/example_dags/example_kubernetes_executor.py took 0.139 seconds
[2026-07-18T21:47:36.214+0000] {processor.py:186} INFO - Started process (PID=2773) to work on /home/airflow/.local/lib/python3.12/site-packages/airflow/example_dags/example_kubernetes_executor.py
[2026-07-18T21:47:36.217+0000] {processor.py:914} INFO - Processing file /home/airflow/.local/lib/python3.12/site-packages/airflow/example_dags/example_kubernetes_executor.py for tasks to queue
[2026-07-18T21:47:36.222+0000] {logging_mixin.py:190} INFO - [2026-07-18T21:47:36.221+0000] {dagbag.py:588} INFO - Filling up the DagBag from /home/airflow/.local/lib/python3.12/site-packages/airflow/example_dags/example_kubernetes_executor.py
[2026-07-18T21:47:36.245+0000] {processor.py:925} INFO - DAG(s) 'example_kubernetes_executor' retrieved from /home/airflow/.local/lib/python3.12/site-packages/airflow/example_dags/example_kubernetes_executor.py
[2026-07-18T21:47:36.284+0000] {logging_mixin.py:190} INFO - [2026-07-18T21:47:36.283+0000] {dag.py:3239} INFO - Sync 1 DAGs
[2026-07-18T21:47:36.309+0000] {logging_mixin.py:190} INFO - [2026-07-18T21:47:36.308+0000] {dag.py:4180} INFO - Setting next_dagrun for example_kubernetes_executor to None, run_after=None
[2026-07-18T21:47:36.340+0000] {processor.py:208} INFO - Processing /home/airflow/.local/lib/python3.12/site-packages/airflow/example_dags/example_kubernetes_executor.py took 0.134 seconds
[2026-07-18T21:48:07.302+0000] {processor.py:186} INFO - Started process (PID=2837) to work on /home/airflow/.local/lib/python3.12/site-packages/airflow/example_dags/example_kubernetes_executor.py
[2026-07-18T21:48:07.305+0000] {processor.py:914} INFO - Processing file /home/airflow/.local/lib/python3.12/site-packages/airflow/example_dags/example_kubernetes_executor.py for tasks to queue
[2026-07-18T21:48:07.309+0000] {logging_mixin.py:190} INFO - [2026-07-18T21:48:07.309+0000] {dagbag.py:588} INFO - Filling up the DagBag from /home/airflow/.local/lib/python3.12/site-packages/airflow/example_dags/example_kubernetes_executor.py
[2026-07-18T21:48:07.330+0000] {processor.py:925} INFO - DAG(s) 'example_kubernetes_executor' retrieved from /home/airflow/.local/lib/python3.12/site-packages/airflow/example_dags/example_kubernetes_executor.py
[2026-07-18T21:48:07.372+0000] {logging_mixin.py:190} INFO - [2026-07-18T21:48:07.371+0000] {dag.py:3239} INFO - Sync 1 DAGs
[2026-07-18T21:48:07.396+0000] {logging_mixin.py:190} INFO - [2026-07-18T21:48:07.396+0000] {dag.py:4180} INFO - Setting next_dagrun for example_kubernetes_executor to None, run_after=None
[2026-07-18T21:48:07.424+0000] {processor.py:208} INFO - Processing /home/airflow/.local/lib/python3.12/site-packages/airflow/example_dags/example_kubernetes_executor.py took 0.129 seconds
[2026-07-18T21:48:38.670+0000] {processor.py:186} INFO - Started process (PID=2901) to work on /home/airflow/.local/lib/python3.12/site-packages/airflow/example_dags/example_kubernetes_executor.py
[2026-07-18T21:48:38.672+0000] {processor.py:914} INFO - Processing file /home/airflow/.local/lib/python3.12/site-packages/airflow/example_dags/example_kubernetes_executor.py for tasks to queue
[2026-07-18T21:48:38.683+0000] {logging_mixin.py:190} INFO - [2026-07-18T21:48:38.683+0000] {dagbag.py:588} INFO - Filling up the DagBag from /home/airflow/.local/lib/python3.12/site-packages/airflow/example_dags/example_kubernetes_executor.py
[2026-07-18T21:48:38.708+0000] {processor.py:925} INFO - DAG(s) 'example_kubernetes_executor' retrieved from /home/airflow/.local/lib/python3.12/site-packages/airflow/example_dags/example_kubernetes_executor.py
[2026-07-18T21:48:38.747+0000] {logging_mixin.py:190} INFO - [2026-07-18T21:48:38.747+0000] {dag.py:3239} INFO - Sync 1 DAGs
[2026-07-18T21:48:38.769+0000] {logging_mixin.py:190} INFO - [2026-07-18T21:48:38.769+0000] {dag.py:4180} INFO - Setting next_dagrun for example_kubernetes_executor to None, run_after=None
[2026-07-18T21:48:38.798+0000] {processor.py:208} INFO - Processing /home/airflow/.local/lib/python3.12/site-packages/airflow/example_dags/example_kubernetes_executor.py took 0.136 seconds
[2026-07-18T21:49:10.598+0000] {processor.py:186} INFO - Started process (PID=2965) to work on /home/airflow/.local/lib/python3.12/site-packages/airflow/example_dags/example_kubernetes_executor.py
[2026-07-18T21:49:10.601+0000] {processor.py:914} INFO - Processing file /home/airflow/.local/lib/python3.12/site-packages/airflow/example_dags/example_kubernetes_executor.py for tasks to queue
[2026-07-18T21:49:10.608+0000] {logging_mixin.py:190} INFO - [2026-07-18T21:49:10.607+0000] {dagbag.py:588} INFO - Filling up the DagBag from /home/airflow/.local/lib/python3.12/site-packages/airflow/example_dags/example_kubernetes_executor.py
[2026-07-18T21:49:10.635+0000] {processor.py:925} INFO - DAG(s) 'example_kubernetes_executor' retrieved from /home/airflow/.local/lib/python3.12/site-packages/airflow/example_dags/example_kubernetes_executor.py
[2026-07-18T21:49:10.674+0000] {logging_mixin.py:190} INFO - [2026-07-18T21:49:10.674+0000] {dag.py:3239} INFO - Sync 1 DAGs
[2026-07-18T21:49:10.694+0000] {logging_mixin.py:190} INFO - [2026-07-18T21:49:10.693+0000] {dag.py:4180} INFO - Setting next_dagrun for example_kubernetes_executor to None, run_after=None
[2026-07-18T21:49:10.727+0000] {processor.py:208} INFO - Processing /home/airflow/.local/lib/python3.12/site-packages/airflow/example_dags/example_kubernetes_executor.py took 0.142 seconds
[2026-07-18T22:00:40.887+0000] {processor.py:186} INFO - Started process (PID=3034) to work on /home/airflow/.local/lib/python3.12/site-packages/airflow/example_dags/example_kubernetes_executor.py
[2026-07-18T22:00:40.893+0000] {processor.py:914} INFO - Processing file /home/airflow/.local/lib/python3.12/site-packages/airflow/example_dags/example_kubernetes_executor.py for tasks to queue
[2026-07-18T22:00:40.896+0000] {logging_mixin.py:190} INFO - [2026-07-18T22:00:40.895+0000] {dagbag.py:588} INFO - Filling up the DagBag from /home/airflow/.local/lib/python3.12/site-packages/airflow/example_dags/example_kubernetes_executor.py
[2026-07-18T22:00:40.933+0000] {processor.py:925} INFO - DAG(s) 'example_kubernetes_executor' retrieved from /home/airflow/.local/lib/python3.12/site-packages/airflow/example_dags/example_kubernetes_executor.py
[2026-07-18T22:00:40.986+0000] {logging_mixin.py:190} INFO - [2026-07-18T22:00:40.985+0000] {dag.py:3239} INFO - Sync 1 DAGs
[2026-07-18T22:00:41.018+0000] {logging_mixin.py:190} INFO - [2026-07-18T22:00:41.017+0000] {dag.py:4180} INFO - Setting next_dagrun for example_kubernetes_executor to None, run_after=None
[2026-07-18T22:00:41.049+0000] {processor.py:208} INFO - Processing /home/airflow/.local/lib/python3.12/site-packages/airflow/example_dags/example_kubernetes_executor.py took 0.175 seconds
[2026-07-18T22:01:12.435+0000] {processor.py:186} INFO - Started process (PID=3098) to work on /home/airflow/.local/lib/python3.12/site-packages/airflow/example_dags/example_kubernetes_executor.py
[2026-07-18T22:01:12.437+0000] {processor.py:914} INFO - Processing file /home/airflow/.local/lib/python3.12/site-packages/airflow/example_dags/example_kubernetes_executor.py for tasks to queue
[2026-07-18T22:01:12.440+0000] {logging_mixin.py:190} INFO - [2026-07-18T22:01:12.439+0000] {dagbag.py:588} INFO - Filling up the DagBag from /home/airflow/.local/lib/python3.12/site-packages/airflow/example_dags/example_kubernetes_executor.py
[2026-07-18T22:01:12.462+0000] {processor.py:925} INFO - DAG(s) 'example_kubernetes_executor' retrieved from /home/airflow/.local/lib/python3.12/site-packages/airflow/example_dags/example_kubernetes_executor.py
[2026-07-18T22:01:12.505+0000] {logging_mixin.py:190} INFO - [2026-07-18T22:01:12.504+0000] {dag.py:3239} INFO - Sync 1 DAGs
[2026-07-18T22:01:12.533+0000] {logging_mixin.py:190} INFO - [2026-07-18T22:01:12.532+0000] {dag.py:4180} INFO - Setting next_dagrun for example_kubernetes_executor to None, run_after=None
[2026-07-18T22:01:12.569+0000] {processor.py:208} INFO - Processing /home/airflow/.local/lib/python3.12/site-packages/airflow/example_dags/example_kubernetes_executor.py took 0.142 seconds
[2026-07-18T22:01:43.835+0000] {processor.py:186} INFO - Started process (PID=3162) to work on /home/airflow/.local/lib/python3.12/site-packages/airflow/example_dags/example_kubernetes_executor.py
[2026-07-18T22:01:43.839+0000] {processor.py:914} INFO - Processing file /home/airflow/.local/lib/python3.12/site-packages/airflow/example_dags/example_kubernetes_executor.py for tasks to queue
[2026-07-18T22:01:43.843+0000] {logging_mixin.py:190} INFO - [2026-07-18T22:01:43.842+0000] {dagbag.py:588} INFO - Filling up the DagBag from /home/airflow/.local/lib/python3.12/site-packages/airflow/example_dags/example_kubernetes_executor.py
[2026-07-18T22:01:43.892+0000] {processor.py:925} INFO - DAG(s) 'example_kubernetes_executor' retrieved from /home/airflow/.local/lib/python3.12/site-packages/airflow/example_dags/example_kubernetes_executor.py
[2026-07-18T22:01:43.962+0000] {logging_mixin.py:190} INFO - [2026-07-18T22:01:43.961+0000] {dag.py:3239} INFO - Sync 1 DAGs
[2026-07-18T22:01:43.993+0000] {logging_mixin.py:190} INFO - [2026-07-18T22:01:43.992+0000] {dag.py:4180} INFO - Setting next_dagrun for example_kubernetes_executor to None, run_after=None
[2026-07-18T22:01:44.024+0000] {processor.py:208} INFO - Processing /home/airflow/.local/lib/python3.12/site-packages/airflow/example_dags/example_kubernetes_executor.py took 0.205 seconds
[2026-07-18T22:02:15.500+0000] {processor.py:186} INFO - Started process (PID=3226) to work on /home/airflow/.local/lib/python3.12/site-packages/airflow/example_dags/example_kubernetes_executor.py
[2026-07-18T22:02:15.502+0000] {processor.py:914} INFO - Processing file /home/airflow/.local/lib/python3.12/site-packages/airflow/example_dags/example_kubernetes_executor.py for tasks to queue
[2026-07-18T22:02:15.505+0000] {logging_mixin.py:190} INFO - [2026-07-18T22:02:15.504+0000] {dagbag.py:588} INFO - Filling up the DagBag from /home/airflow/.local/lib/python3.12/site-packages/airflow/example_dags/example_kubernetes_executor.py
[2026-07-18T22:02:15.529+0000] {processor.py:925} INFO - DAG(s) 'example_kubernetes_executor' retrieved from /home/airflow/.local/lib/python3.12/site-packages/airflow/example_dags/example_kubernetes_executor.py
[2026-07-18T22:02:15.564+0000] {logging_mixin.py:190} INFO - [2026-07-18T22:02:15.563+0000] {dag.py:3239} INFO - Sync 1 DAGs
[2026-07-18T22:02:15.583+0000] {logging_mixin.py:190} INFO - [2026-07-18T22:02:15.583+0000] {dag.py:4180} INFO - Setting next_dagrun for example_kubernetes_executor to None, run_after=None
[2026-07-18T22:02:15.645+0000] {processor.py:208} INFO - Processing /home/airflow/.local/lib/python3.12/site-packages/airflow/example_dags/example_kubernetes_executor.py took 0.156 seconds
[2026-07-18T22:02:46.964+0000] {processor.py:186} INFO - Started process (PID=3290) to work on /home/airflow/.local/lib/python3.12/site-packages/airflow/example_dags/example_kubernetes_executor.py
[2026-07-18T22:02:46.966+0000] {processor.py:914} INFO - Processing file /home/airflow/.local/lib/python3.12/site-packages/airflow/example_dags/example_kubernetes_executor.py for tasks to queue
[2026-07-18T22:02:46.969+0000] {logging_mixin.py:190} INFO - [2026-07-18T22:02:46.968+0000] {dagbag.py:588} INFO - Filling up the DagBag from /home/airflow/.local/lib/python3.12/site-packages/airflow/example_dags/example_kubernetes_executor.py
[2026-07-18T22:02:46.995+0000] {processor.py:925} INFO - DAG(s) 'example_kubernetes_executor' retrieved from /home/airflow/.local/lib/python3.12/site-packages/airflow/example_dags/example_kubernetes_executor.py
[2026-07-18T22:02:47.037+0000] {logging_mixin.py:190} INFO - [2026-07-18T22:02:47.036+0000] {dag.py:3239} INFO - Sync 1 DAGs
[2026-07-18T22:02:47.062+0000] {logging_mixin.py:190} INFO - [2026-07-18T22:02:47.061+0000] {dag.py:4180} INFO - Setting next_dagrun for example_kubernetes_executor to None, run_after=None
[2026-07-18T22:02:47.106+0000] {processor.py:208} INFO - Processing /home/airflow/.local/lib/python3.12/site-packages/airflow/example_dags/example_kubernetes_executor.py took 0.159 seconds
[2026-07-18T22:03:18.049+0000] {processor.py:186} INFO - Started process (PID=3354) to work on /home/airflow/.local/lib/python3.12/site-packages/airflow/example_dags/example_kubernetes_executor.py
[2026-07-18T22:03:18.052+0000] {processor.py:914} INFO - Processing file /home/airflow/.local/lib/python3.12/site-packages/airflow/example_dags/example_kubernetes_executor.py for tasks to queue
[2026-07-18T22:03:18.056+0000] {logging_mixin.py:190} INFO - [2026-07-18T22:03:18.055+0000] {dagbag.py:588} INFO - Filling up the DagBag from /home/airflow/.local/lib/python3.12/site-packages/airflow/example_dags/example_kubernetes_executor.py
[2026-07-18T22:03:18.080+0000] {processor.py:925} INFO - DAG(s) 'example_kubernetes_executor' retrieved from /home/airflow/.local/lib/python3.12/site-packages/airflow/example_dags/example_kubernetes_executor.py
[2026-07-18T22:03:18.133+0000] {logging_mixin.py:190} INFO - [2026-07-18T22:03:18.132+0000] {dag.py:3239} INFO - Sync 1 DAGs
[2026-07-18T22:03:18.156+0000] {logging_mixin.py:190} INFO - [2026-07-18T22:03:18.155+0000] {dag.py:4180} INFO - Setting next_dagrun for example_kubernetes_executor to None, run_after=None
[2026-07-18T22:03:18.205+0000] {processor.py:208} INFO - Processing /home/airflow/.local/lib/python3.12/site-packages/airflow/example_dags/example_kubernetes_executor.py took 0.165 seconds
[2026-07-18T22:03:49.812+0000] {processor.py:186} INFO - Started process (PID=3418) to work on /home/airflow/.local/lib/python3.12/site-packages/airflow/example_dags/example_kubernetes_executor.py
[2026-07-18T22:03:49.816+0000] {processor.py:914} INFO - Processing file /home/airflow/.local/lib/python3.12/site-packages/airflow/example_dags/example_kubernetes_executor.py for tasks to queue
[2026-07-18T22:03:49.820+0000] {logging_mixin.py:190} INFO - [2026-07-18T22:03:49.819+0000] {dagbag.py:588} INFO - Filling up the DagBag from /home/airflow/.local/lib/python3.12/site-packages/airflow/example_dags/example_kubernetes_executor.py
[2026-07-18T22:03:49.857+0000] {processor.py:925} INFO - DAG(s) 'example_kubernetes_executor' retrieved from /home/airflow/.local/lib/python3.12/site-packages/airflow/example_dags/example_kubernetes_executor.py
[2026-07-18T22:03:49.911+0000] {logging_mixin.py:190} INFO - [2026-07-18T22:03:49.910+0000] {dag.py:3239} INFO - Sync 1 DAGs
[2026-07-18T22:03:49.941+0000] {logging_mixin.py:190} INFO - [2026-07-18T22:03:49.940+0000] {dag.py:4180} INFO - Setting next_dagrun for example_kubernetes_executor to None, run_after=None
[2026-07-18T22:03:50.225+0000] {processor.py:208} INFO - Processing /home/airflow/.local/lib/python3.12/site-packages/airflow/example_dags/example_kubernetes_executor.py took 0.431 seconds
[2026-07-18T22:04:20.469+0000] {processor.py:186} INFO - Started process (PID=3482) to work on /home/airflow/.local/lib/python3.12/site-packages/airflow/example_dags/example_kubernetes_executor.py
[2026-07-18T22:04:20.471+0000] {processor.py:914} INFO - Processing file /home/airflow/.local/lib/python3.12/site-packages/airflow/example_dags/example_kubernetes_executor.py for tasks to queue
[2026-07-18T22:04:20.474+0000] {logging_mixin.py:190} INFO - [2026-07-18T22:04:20.473+0000] {dagbag.py:588} INFO - Filling up the DagBag from /home/airflow/.local/lib/python3.12/site-packages/airflow/example_dags/example_kubernetes_executor.py
[2026-07-18T22:04:20.498+0000] {processor.py:925} INFO - DAG(s) 'example_kubernetes_executor' retrieved from /home/airflow/.local/lib/python3.12/site-packages/airflow/example_dags/example_kubernetes_executor.py
[2026-07-18T22:04:20.538+0000] {logging_mixin.py:190} INFO - [2026-07-18T22:04:20.537+0000] {dag.py:3239} INFO - Sync 1 DAGs
[2026-07-18T22:04:20.561+0000] {logging_mixin.py:190} INFO - [2026-07-18T22:04:20.561+0000] {dag.py:4180} INFO - Setting next_dagrun for example_kubernetes_executor to None, run_after=None
[2026-07-18T22:04:20.586+0000] {processor.py:208} INFO - Processing /home/airflow/.local/lib/python3.12/site-packages/airflow/example_dags/example_kubernetes_executor.py took 0.128 seconds
[2026-07-18T22:04:52.673+0000] {processor.py:186} INFO - Started process (PID=3546) to work on /home/airflow/.local/lib/python3.12/site-packages/airflow/example_dags/example_kubernetes_executor.py
[2026-07-18T22:04:52.675+0000] {processor.py:914} INFO - Processing file /home/airflow/.local/lib/python3.12/site-packages/airflow/example_dags/example_kubernetes_executor.py for tasks to queue
[2026-07-18T22:04:52.678+0000] {logging_mixin.py:190} INFO - [2026-07-18T22:04:52.677+0000] {dagbag.py:588} INFO - Filling up the DagBag from /home/airflow/.local/lib/python3.12/site-packages/airflow/example_dags/example_kubernetes_executor.py
[2026-07-18T22:04:52.696+0000] {processor.py:925} INFO - DAG(s) 'example_kubernetes_executor' retrieved from /home/airflow/.local/lib/python3.12/site-packages/airflow/example_dags/example_kubernetes_executor.py
[2026-07-18T22:04:52.727+0000] {logging_mixin.py:190} INFO - [2026-07-18T22:04:52.726+0000] {dag.py:3239} INFO - Sync 1 DAGs
[2026-07-18T22:04:52.745+0000] {logging_mixin.py:190} INFO - [2026-07-18T22:04:52.744+0000] {dag.py:4180} INFO - Setting next_dagrun for example_kubernetes_executor to None, run_after=None
[2026-07-18T22:04:52.769+0000] {processor.py:208} INFO - Processing /home/airflow/.local/lib/python3.12/site-packages/airflow/example_dags/example_kubernetes_executor.py took 0.103 seconds
[2026-07-18T22:05:23.465+0000] {processor.py:186} INFO - Started process (PID=3610) to work on /home/airflow/.local/lib/python3.12/site-packages/airflow/example_dags/example_kubernetes_executor.py
[2026-07-18T22:05:23.467+0000] {processor.py:914} INFO - Processing file /home/airflow/.local/lib/python3.12/site-packages/airflow/example_dags/example_kubernetes_executor.py for tasks to queue
[2026-07-18T22:05:23.470+0000] {logging_mixin.py:190} INFO - [2026-07-18T22:05:23.470+0000] {dagbag.py:588} INFO - Filling up the DagBag from /home/airflow/.local/lib/python3.12/site-packages/airflow/example_dags/example_kubernetes_executor.py
[2026-07-18T22:05:23.492+0000] {processor.py:925} INFO - DAG(s) 'example_kubernetes_executor' retrieved from /home/airflow/.local/lib/python3.12/site-packages/airflow/example_dags/example_kubernetes_executor.py
[2026-07-18T22:05:23.534+0000] {logging_mixin.py:190} INFO - [2026-07-18T22:05:23.534+0000] {dag.py:3239} INFO - Sync 1 DAGs
[2026-07-18T22:05:23.559+0000] {logging_mixin.py:190} INFO - [2026-07-18T22:05:23.558+0000] {dag.py:4180} INFO - Setting next_dagrun for example_kubernetes_executor to None, run_after=None
[2026-07-18T22:05:23.897+0000] {processor.py:208} INFO - Processing /home/airflow/.local/lib/python3.12/site-packages/airflow/example_dags/example_kubernetes_executor.py took 0.441 seconds
[2026-07-18T23:18:21.031+0000] {processor.py:186} INFO - Started process (PID=3690) to work on /home/airflow/.local/lib/python3.12/site-packages/airflow/example_dags/example_kubernetes_executor.py
[2026-07-18T23:18:21.035+0000] {processor.py:914} INFO - Processing file /home/airflow/.local/lib/python3.12/site-packages/airflow/example_dags/example_kubernetes_executor.py for tasks to queue
[2026-07-18T23:18:21.049+0000] {logging_mixin.py:190} INFO - [2026-07-18T23:18:21.048+0000] {dagbag.py:588} INFO - Filling up the DagBag from /home/airflow/.local/lib/python3.12/site-packages/airflow/example_dags/example_kubernetes_executor.py
[2026-07-18T23:18:21.123+0000] {processor.py:925} INFO - DAG(s) 'example_kubernetes_executor' retrieved from /home/airflow/.local/lib/python3.12/site-packages/airflow/example_dags/example_kubernetes_executor.py
[2026-07-18T23:18:21.271+0000] {logging_mixin.py:190} INFO - [2026-07-18T23:18:21.270+0000] {dag.py:3239} INFO - Sync 1 DAGs
[2026-07-18T23:18:22.160+0000] {logging_mixin.py:190} INFO - [2026-07-18T23:18:22.160+0000] {dag.py:4180} INFO - Setting next_dagrun for example_kubernetes_executor to None, run_after=None
[2026-07-18T23:18:22.259+0000] {processor.py:208} INFO - Processing /home/airflow/.local/lib/python3.12/site-packages/airflow/example_dags/example_kubernetes_executor.py took 1.250 seconds
