[2026-07-18T20:50:08.388+0000] {processor.py:186} INFO - Started process (PID=109) to work on /home/airflow/.local/lib/python3.12/site-packages/airflow/example_dags/example_datasets.py
[2026-07-18T20:50:08.391+0000] {processor.py:914} INFO - Processing file /home/airflow/.local/lib/python3.12/site-packages/airflow/example_dags/example_datasets.py for tasks to queue
[2026-07-18T20:50:08.397+0000] {logging_mixin.py:190} INFO - [2026-07-18T20:50:08.396+0000] {dagbag.py:588} INFO - Filling up the DagBag from /home/airflow/.local/lib/python3.12/site-packages/airflow/example_dags/example_datasets.py
[2026-07-18T20:50:09.935+0000] {processor.py:925} INFO - DAG(s) 'consume_1_and_2_with_dataset_expressions', 'consume_1_or_2_with_dataset_expressions', 'dataset_consumes_unknown_never_scheduled', 'dataset_consumes_1_never_scheduled', 'dataset_produces_2', 'dataset_consumes_1', 'conditional_dataset_and_time_based_timetable', 'dataset_consumes_1_and_2', 'consume_1_or_both_2_and_3_with_dataset_expressions', 'dataset_produces_1' retrieved from /home/airflow/.local/lib/python3.12/site-packages/airflow/example_dags/example_datasets.py
[2026-07-18T20:50:10.168+0000] {logging_mixin.py:190} INFO - [2026-07-18T20:50:10.168+0000] {override.py:1911} INFO - Created Permission View: can edit on DAG:consume_1_and_2_with_dataset_expressions
[2026-07-18T20:50:10.185+0000] {logging_mixin.py:190} INFO - [2026-07-18T20:50:10.184+0000] {override.py:1911} INFO - Created Permission View: can read on DAG:consume_1_and_2_with_dataset_expressions
[2026-07-18T20:50:10.198+0000] {logging_mixin.py:190} INFO - [2026-07-18T20:50:10.197+0000] {override.py:1911} INFO - Created Permission View: can delete on DAG:consume_1_and_2_with_dataset_expressions
[2026-07-18T20:50:10.214+0000] {logging_mixin.py:190} INFO - [2026-07-18T20:50:10.213+0000] {override.py:1911} INFO - Created Permission View: can create on DAG Run:consume_1_and_2_with_dataset_expressions
[2026-07-18T20:50:10.228+0000] {logging_mixin.py:190} INFO - [2026-07-18T20:50:10.227+0000] {override.py:1911} INFO - Created Permission View: can read on DAG Run:consume_1_and_2_with_dataset_expressions
[2026-07-18T20:50:10.239+0000] {logging_mixin.py:190} INFO - [2026-07-18T20:50:10.238+0000] {override.py:1911} INFO - Created Permission View: menu access on DAG Run:consume_1_and_2_with_dataset_expressions
[2026-07-18T20:50:10.251+0000] {logging_mixin.py:190} INFO - [2026-07-18T20:50:10.251+0000] {override.py:1911} INFO - Created Permission View: can delete on DAG Run:consume_1_and_2_with_dataset_expressions
[2026-07-18T20:50:10.274+0000] {logging_mixin.py:190} INFO - [2026-07-18T20:50:10.274+0000] {override.py:1911} INFO - Created Permission View: can edit on DAG:consume_1_or_2_with_dataset_expressions
[2026-07-18T20:50:10.286+0000] {logging_mixin.py:190} INFO - [2026-07-18T20:50:10.285+0000] {override.py:1911} INFO - Created Permission View: can read on DAG:consume_1_or_2_with_dataset_expressions
[2026-07-18T20:50:10.303+0000] {logging_mixin.py:190} INFO - [2026-07-18T20:50:10.302+0000] {override.py:1911} INFO - Created Permission View: can delete on DAG:consume_1_or_2_with_dataset_expressions
[2026-07-18T20:50:10.321+0000] {logging_mixin.py:190} INFO - [2026-07-18T20:50:10.321+0000] {override.py:1911} INFO - Created Permission View: can create on DAG Run:consume_1_or_2_with_dataset_expressions
[2026-07-18T20:50:10.338+0000] {logging_mixin.py:190} INFO - [2026-07-18T20:50:10.337+0000] {override.py:1911} INFO - Created Permission View: can read on DAG Run:consume_1_or_2_with_dataset_expressions
[2026-07-18T20:50:10.350+0000] {logging_mixin.py:190} INFO - [2026-07-18T20:50:10.350+0000] {override.py:1911} INFO - Created Permission View: menu access on DAG Run:consume_1_or_2_with_dataset_expressions
[2026-07-18T20:50:10.366+0000] {logging_mixin.py:190} INFO - [2026-07-18T20:50:10.365+0000] {override.py:1911} INFO - Created Permission View: can delete on DAG Run:consume_1_or_2_with_dataset_expressions
[2026-07-18T20:50:10.389+0000] {logging_mixin.py:190} INFO - [2026-07-18T20:50:10.388+0000] {override.py:1911} INFO - Created Permission View: can edit on DAG:dataset_consumes_unknown_never_scheduled
[2026-07-18T20:50:10.404+0000] {logging_mixin.py:190} INFO - [2026-07-18T20:50:10.403+0000] {override.py:1911} INFO - Created Permission View: can read on DAG:dataset_consumes_unknown_never_scheduled
[2026-07-18T20:50:10.418+0000] {logging_mixin.py:190} INFO - [2026-07-18T20:50:10.417+0000] {override.py:1911} INFO - Created Permission View: can delete on DAG:dataset_consumes_unknown_never_scheduled
[2026-07-18T20:50:10.432+0000] {logging_mixin.py:190} INFO - [2026-07-18T20:50:10.431+0000] {override.py:1911} INFO - Created Permission View: can create on DAG Run:dataset_consumes_unknown_never_scheduled
[2026-07-18T20:50:10.445+0000] {logging_mixin.py:190} INFO - [2026-07-18T20:50:10.445+0000] {override.py:1911} INFO - Created Permission View: can read on DAG Run:dataset_consumes_unknown_never_scheduled
[2026-07-18T20:50:10.456+0000] {logging_mixin.py:190} INFO - [2026-07-18T20:50:10.455+0000] {override.py:1911} INFO - Created Permission View: menu access on DAG Run:dataset_consumes_unknown_never_scheduled
[2026-07-18T20:50:10.468+0000] {logging_mixin.py:190} INFO - [2026-07-18T20:50:10.467+0000] {override.py:1911} INFO - Created Permission View: can delete on DAG Run:dataset_consumes_unknown_never_scheduled
[2026-07-18T20:50:10.489+0000] {logging_mixin.py:190} INFO - [2026-07-18T20:50:10.488+0000] {override.py:1911} INFO - Created Permission View: can edit on DAG:dataset_consumes_1_never_scheduled
[2026-07-18T20:50:10.507+0000] {logging_mixin.py:190} INFO - [2026-07-18T20:50:10.507+0000] {override.py:1911} INFO - Created Permission View: can read on DAG:dataset_consumes_1_never_scheduled
[2026-07-18T20:50:10.522+0000] {logging_mixin.py:190} INFO - [2026-07-18T20:50:10.522+0000] {override.py:1911} INFO - Created Permission View: can delete on DAG:dataset_consumes_1_never_scheduled
[2026-07-18T20:50:10.536+0000] {logging_mixin.py:190} INFO - [2026-07-18T20:50:10.535+0000] {override.py:1911} INFO - Created Permission View: can create on DAG Run:dataset_consumes_1_never_scheduled
[2026-07-18T20:50:10.547+0000] {logging_mixin.py:190} INFO - [2026-07-18T20:50:10.546+0000] {override.py:1911} INFO - Created Permission View: can read on DAG Run:dataset_consumes_1_never_scheduled
[2026-07-18T20:50:10.558+0000] {logging_mixin.py:190} INFO - [2026-07-18T20:50:10.558+0000] {override.py:1911} INFO - Created Permission View: menu access on DAG Run:dataset_consumes_1_never_scheduled
[2026-07-18T20:50:10.569+0000] {logging_mixin.py:190} INFO - [2026-07-18T20:50:10.568+0000] {override.py:1911} INFO - Created Permission View: can delete on DAG Run:dataset_consumes_1_never_scheduled
[2026-07-18T20:50:10.588+0000] {logging_mixin.py:190} INFO - [2026-07-18T20:50:10.588+0000] {override.py:1911} INFO - Created Permission View: can edit on DAG:dataset_produces_2
[2026-07-18T20:50:10.600+0000] {logging_mixin.py:190} INFO - [2026-07-18T20:50:10.600+0000] {override.py:1911} INFO - Created Permission View: can read on DAG:dataset_produces_2
[2026-07-18T20:50:10.612+0000] {logging_mixin.py:190} INFO - [2026-07-18T20:50:10.611+0000] {override.py:1911} INFO - Created Permission View: can delete on DAG:dataset_produces_2
[2026-07-18T20:50:10.624+0000] {logging_mixin.py:190} INFO - [2026-07-18T20:50:10.624+0000] {override.py:1911} INFO - Created Permission View: can create on DAG Run:dataset_produces_2
[2026-07-18T20:50:10.639+0000] {logging_mixin.py:190} INFO - [2026-07-18T20:50:10.638+0000] {override.py:1911} INFO - Created Permission View: can read on DAG Run:dataset_produces_2
[2026-07-18T20:50:10.651+0000] {logging_mixin.py:190} INFO - [2026-07-18T20:50:10.651+0000] {override.py:1911} INFO - Created Permission View: menu access on DAG Run:dataset_produces_2
[2026-07-18T20:50:10.663+0000] {logging_mixin.py:190} INFO - [2026-07-18T20:50:10.662+0000] {override.py:1911} INFO - Created Permission View: can delete on DAG Run:dataset_produces_2
[2026-07-18T20:50:10.681+0000] {logging_mixin.py:190} INFO - [2026-07-18T20:50:10.681+0000] {override.py:1911} INFO - Created Permission View: can edit on DAG:dataset_consumes_1
[2026-07-18T20:50:10.692+0000] {logging_mixin.py:190} INFO - [2026-07-18T20:50:10.692+0000] {override.py:1911} INFO - Created Permission View: can read on DAG:dataset_consumes_1
[2026-07-18T20:50:10.705+0000] {logging_mixin.py:190} INFO - [2026-07-18T20:50:10.705+0000] {override.py:1911} INFO - Created Permission View: can delete on DAG:dataset_consumes_1
[2026-07-18T20:50:10.719+0000] {logging_mixin.py:190} INFO - [2026-07-18T20:50:10.718+0000] {override.py:1911} INFO - Created Permission View: can create on DAG Run:dataset_consumes_1
[2026-07-18T20:50:10.732+0000] {logging_mixin.py:190} INFO - [2026-07-18T20:50:10.732+0000] {override.py:1911} INFO - Created Permission View: can read on DAG Run:dataset_consumes_1
[2026-07-18T20:50:10.747+0000] {logging_mixin.py:190} INFO - [2026-07-18T20:50:10.746+0000] {override.py:1911} INFO - Created Permission View: menu access on DAG Run:dataset_consumes_1
[2026-07-18T20:50:10.760+0000] {logging_mixin.py:190} INFO - [2026-07-18T20:50:10.760+0000] {override.py:1911} INFO - Created Permission View: can delete on DAG Run:dataset_consumes_1
[2026-07-18T20:50:10.781+0000] {logging_mixin.py:190} INFO - [2026-07-18T20:50:10.780+0000] {override.py:1911} INFO - Created Permission View: can edit on DAG:conditional_dataset_and_time_based_timetable
[2026-07-18T20:50:10.791+0000] {logging_mixin.py:190} INFO - [2026-07-18T20:50:10.790+0000] {override.py:1911} INFO - Created Permission View: can read on DAG:conditional_dataset_and_time_based_timetable
[2026-07-18T20:50:10.800+0000] {logging_mixin.py:190} INFO - [2026-07-18T20:50:10.800+0000] {override.py:1911} INFO - Created Permission View: can delete on DAG:conditional_dataset_and_time_based_timetable
[2026-07-18T20:50:10.845+0000] {logging_mixin.py:190} INFO - [2026-07-18T20:50:10.844+0000] {override.py:1911} INFO - Created Permission View: can create on DAG Run:conditional_dataset_and_time_based_timetable
[2026-07-18T20:50:10.892+0000] {logging_mixin.py:190} INFO - [2026-07-18T20:50:10.891+0000] {override.py:1911} INFO - Created Permission View: can read on DAG Run:conditional_dataset_and_time_based_timetable
[2026-07-18T20:50:10.908+0000] {logging_mixin.py:190} INFO - [2026-07-18T20:50:10.908+0000] {override.py:1911} INFO - Created Permission View: menu access on DAG Run:conditional_dataset_and_time_based_timetable
[2026-07-18T20:50:10.924+0000] {logging_mixin.py:190} INFO - [2026-07-18T20:50:10.924+0000] {override.py:1911} INFO - Created Permission View: can delete on DAG Run:conditional_dataset_and_time_based_timetable
[2026-07-18T20:50:10.955+0000] {logging_mixin.py:190} INFO - [2026-07-18T20:50:10.954+0000] {override.py:1911} INFO - Created Permission View: can edit on DAG:dataset_consumes_1_and_2
[2026-07-18T20:50:10.968+0000] {logging_mixin.py:190} INFO - [2026-07-18T20:50:10.967+0000] {override.py:1911} INFO - Created Permission View: can read on DAG:dataset_consumes_1_and_2
[2026-07-18T20:50:10.994+0000] {logging_mixin.py:190} INFO - [2026-07-18T20:50:10.993+0000] {override.py:1911} INFO - Created Permission View: can delete on DAG:dataset_consumes_1_and_2
[2026-07-18T20:50:11.033+0000] {logging_mixin.py:190} INFO - [2026-07-18T20:50:11.033+0000] {override.py:1911} INFO - Created Permission View: can create on DAG Run:dataset_consumes_1_and_2
[2026-07-18T20:50:11.059+0000] {logging_mixin.py:190} INFO - [2026-07-18T20:50:11.059+0000] {override.py:1911} INFO - Created Permission View: can read on DAG Run:dataset_consumes_1_and_2
[2026-07-18T20:50:11.096+0000] {logging_mixin.py:190} INFO - [2026-07-18T20:50:11.095+0000] {override.py:1911} INFO - Created Permission View: menu access on DAG Run:dataset_consumes_1_and_2
[2026-07-18T20:50:11.118+0000] {logging_mixin.py:190} INFO - [2026-07-18T20:50:11.117+0000] {override.py:1911} INFO - Created Permission View: can delete on DAG Run:dataset_consumes_1_and_2
[2026-07-18T20:50:11.145+0000] {logging_mixin.py:190} INFO - [2026-07-18T20:50:11.144+0000] {override.py:1911} INFO - Created Permission View: can edit on DAG:consume_1_or_both_2_and_3_with_dataset_expressions
[2026-07-18T20:50:11.154+0000] {logging_mixin.py:190} INFO - [2026-07-18T20:50:11.154+0000] {override.py:1911} INFO - Created Permission View: can read on DAG:consume_1_or_both_2_and_3_with_dataset_expressions
[2026-07-18T20:50:11.164+0000] {logging_mixin.py:190} INFO - [2026-07-18T20:50:11.164+0000] {override.py:1911} INFO - Created Permission View: can delete on DAG:consume_1_or_both_2_and_3_with_dataset_expressions
[2026-07-18T20:50:11.175+0000] {logging_mixin.py:190} INFO - [2026-07-18T20:50:11.174+0000] {override.py:1911} INFO - Created Permission View: can create on DAG Run:consume_1_or_both_2_and_3_with_dataset_expressions
[2026-07-18T20:50:11.184+0000] {logging_mixin.py:190} INFO - [2026-07-18T20:50:11.183+0000] {override.py:1911} INFO - Created Permission View: can read on DAG Run:consume_1_or_both_2_and_3_with_dataset_expressions
[2026-07-18T20:50:11.193+0000] {logging_mixin.py:190} INFO - [2026-07-18T20:50:11.192+0000] {override.py:1911} INFO - Created Permission View: menu access on DAG Run:consume_1_or_both_2_and_3_with_dataset_expressions
[2026-07-18T20:50:11.201+0000] {logging_mixin.py:190} INFO - [2026-07-18T20:50:11.201+0000] {override.py:1911} INFO - Created Permission View: can delete on DAG Run:consume_1_or_both_2_and_3_with_dataset_expressions
[2026-07-18T20:50:11.218+0000] {logging_mixin.py:190} INFO - [2026-07-18T20:50:11.217+0000] {override.py:1911} INFO - Created Permission View: can edit on DAG:dataset_produces_1
[2026-07-18T20:50:11.227+0000] {logging_mixin.py:190} INFO - [2026-07-18T20:50:11.227+0000] {override.py:1911} INFO - Created Permission View: can read on DAG:dataset_produces_1
[2026-07-18T20:50:11.237+0000] {logging_mixin.py:190} INFO - [2026-07-18T20:50:11.236+0000] {override.py:1911} INFO - Created Permission View: can delete on DAG:dataset_produces_1
[2026-07-18T20:50:11.249+0000] {logging_mixin.py:190} INFO - [2026-07-18T20:50:11.248+0000] {override.py:1911} INFO - Created Permission View: can create on DAG Run:dataset_produces_1
[2026-07-18T20:50:11.258+0000] {logging_mixin.py:190} INFO - [2026-07-18T20:50:11.258+0000] {override.py:1911} INFO - Created Permission View: can read on DAG Run:dataset_produces_1
[2026-07-18T20:50:11.268+0000] {logging_mixin.py:190} INFO - [2026-07-18T20:50:11.268+0000] {override.py:1911} INFO - Created Permission View: menu access on DAG Run:dataset_produces_1
[2026-07-18T20:50:11.282+0000] {logging_mixin.py:190} INFO - [2026-07-18T20:50:11.281+0000] {override.py:1911} INFO - Created Permission View: can delete on DAG Run:dataset_produces_1
[2026-07-18T20:50:11.284+0000] {logging_mixin.py:190} INFO - [2026-07-18T20:50:11.283+0000] {dag.py:3239} INFO - Sync 10 DAGs
[2026-07-18T20:50:11.303+0000] {logging_mixin.py:190} INFO - [2026-07-18T20:50:11.302+0000] {dag.py:3262} INFO - Creating ORM DAG for consume_1_or_2_with_dataset_expressions
[2026-07-18T20:50:11.305+0000] {logging_mixin.py:190} INFO - [2026-07-18T20:50:11.305+0000] {dag.py:3262} INFO - Creating ORM DAG for consume_1_or_both_2_and_3_with_dataset_expressions
[2026-07-18T20:50:11.307+0000] {logging_mixin.py:190} INFO - [2026-07-18T20:50:11.307+0000] {dag.py:3262} INFO - Creating ORM DAG for dataset_consumes_unknown_never_scheduled
[2026-07-18T20:50:11.309+0000] {logging_mixin.py:190} INFO - [2026-07-18T20:50:11.308+0000] {dag.py:3262} INFO - Creating ORM DAG for dataset_consumes_1_and_2
[2026-07-18T20:50:11.310+0000] {logging_mixin.py:190} INFO - [2026-07-18T20:50:11.310+0000] {dag.py:3262} INFO - Creating ORM DAG for dataset_consumes_1
[2026-07-18T20:50:11.311+0000] {logging_mixin.py:190} INFO - [2026-07-18T20:50:11.311+0000] {dag.py:3262} INFO - Creating ORM DAG for dataset_produces_2
[2026-07-18T20:50:11.313+0000] {logging_mixin.py:190} INFO - [2026-07-18T20:50:11.313+0000] {dag.py:3262} INFO - Creating ORM DAG for conditional_dataset_and_time_based_timetable
[2026-07-18T20:50:11.314+0000] {logging_mixin.py:190} INFO - [2026-07-18T20:50:11.314+0000] {dag.py:3262} INFO - Creating ORM DAG for dataset_produces_1
[2026-07-18T20:50:11.316+0000] {logging_mixin.py:190} INFO - [2026-07-18T20:50:11.315+0000] {dag.py:3262} INFO - Creating ORM DAG for consume_1_and_2_with_dataset_expressions
[2026-07-18T20:50:11.317+0000] {logging_mixin.py:190} INFO - [2026-07-18T20:50:11.317+0000] {dag.py:3262} INFO - Creating ORM DAG for dataset_consumes_1_never_scheduled
[2026-07-18T20:50:11.331+0000] {logging_mixin.py:190} INFO - [2026-07-18T20:50:11.330+0000] {dag.py:4180} INFO - Setting next_dagrun for conditional_dataset_and_time_based_timetable to 2026-07-15 01:00:00+00:00, run_after=2026-07-15 01:00:00+00:00
[2026-07-18T20:50:11.332+0000] {logging_mixin.py:190} INFO - [2026-07-18T20:50:11.332+0000] {dag.py:4180} INFO - Setting next_dagrun for consume_1_and_2_with_dataset_expressions to None, run_after=None
[2026-07-18T20:50:11.334+0000] {logging_mixin.py:190} INFO - [2026-07-18T20:50:11.334+0000] {dag.py:4180} INFO - Setting next_dagrun for consume_1_or_2_with_dataset_expressions to None, run_after=None
[2026-07-18T20:50:11.335+0000] {logging_mixin.py:190} INFO - [2026-07-18T20:50:11.335+0000] {dag.py:4180} INFO - Setting next_dagrun for consume_1_or_both_2_and_3_with_dataset_expressions to None, run_after=None
[2026-07-18T20:50:11.336+0000] {logging_mixin.py:190} INFO - [2026-07-18T20:50:11.336+0000] {dag.py:4180} INFO - Setting next_dagrun for dataset_consumes_1 to None, run_after=None
[2026-07-18T20:50:11.338+0000] {logging_mixin.py:190} INFO - [2026-07-18T20:50:11.338+0000] {dag.py:4180} INFO - Setting next_dagrun for dataset_consumes_1_and_2 to None, run_after=None
[2026-07-18T20:50:11.340+0000] {logging_mixin.py:190} INFO - [2026-07-18T20:50:11.340+0000] {dag.py:4180} INFO - Setting next_dagrun for dataset_consumes_1_never_scheduled to None, run_after=None
[2026-07-18T20:50:11.341+0000] {logging_mixin.py:190} INFO - [2026-07-18T20:50:11.341+0000] {dag.py:4180} INFO - Setting next_dagrun for dataset_consumes_unknown_never_scheduled to None, run_after=None
[2026-07-18T20:50:11.345+0000] {logging_mixin.py:190} INFO - [2026-07-18T20:50:11.345+0000] {dag.py:4180} INFO - Setting next_dagrun for dataset_produces_1 to 2026-07-17 00:00:00+00:00, run_after=2026-07-18 00:00:00+00:00
[2026-07-18T20:50:11.347+0000] {logging_mixin.py:190} INFO - [2026-07-18T20:50:11.346+0000] {dag.py:4180} INFO - Setting next_dagrun for dataset_produces_2 to None, run_after=None
[2026-07-18T20:50:11.404+0000] {processor.py:208} INFO - Processing /home/airflow/.local/lib/python3.12/site-packages/airflow/example_dags/example_datasets.py took 3.032 seconds
[2026-07-18T20:50:41.516+0000] {processor.py:186} INFO - Started process (PID=174) to work on /home/airflow/.local/lib/python3.12/site-packages/airflow/example_dags/example_datasets.py
[2026-07-18T20:50:41.517+0000] {processor.py:914} INFO - Processing file /home/airflow/.local/lib/python3.12/site-packages/airflow/example_dags/example_datasets.py for tasks to queue
[2026-07-18T20:50:41.520+0000] {logging_mixin.py:190} INFO - [2026-07-18T20:50:41.519+0000] {dagbag.py:588} INFO - Filling up the DagBag from /home/airflow/.local/lib/python3.12/site-packages/airflow/example_dags/example_datasets.py
[2026-07-18T20:50:42.020+0000] {processor.py:925} INFO - DAG(s) 'dataset_consumes_1', 'conditional_dataset_and_time_based_timetable', 'dataset_produces_2', 'consume_1_or_both_2_and_3_with_dataset_expressions', 'dataset_consumes_1_never_scheduled', 'dataset_consumes_unknown_never_scheduled', 'dataset_produces_1', 'consume_1_and_2_with_dataset_expressions', 'dataset_consumes_1_and_2', 'consume_1_or_2_with_dataset_expressions' retrieved from /home/airflow/.local/lib/python3.12/site-packages/airflow/example_dags/example_datasets.py
[2026-07-18T20:50:42.076+0000] {logging_mixin.py:190} INFO - [2026-07-18T20:50:42.076+0000] {dag.py:3239} INFO - Sync 10 DAGs
[2026-07-18T20:50:42.193+0000] {logging_mixin.py:190} INFO - [2026-07-18T20:50:42.188+0000] {dag.py:4180} INFO - Setting next_dagrun for conditional_dataset_and_time_based_timetable to 2026-07-15 01:00:00+00:00, run_after=2026-07-15 01:00:00+00:00
[2026-07-18T20:50:42.198+0000] {logging_mixin.py:190} INFO - [2026-07-18T20:50:42.198+0000] {dag.py:4180} INFO - Setting next_dagrun for consume_1_and_2_with_dataset_expressions to None, run_after=None
[2026-07-18T20:50:42.201+0000] {logging_mixin.py:190} INFO - [2026-07-18T20:50:42.201+0000] {dag.py:4180} INFO - Setting next_dagrun for consume_1_or_2_with_dataset_expressions to None, run_after=None
[2026-07-18T20:50:42.205+0000] {logging_mixin.py:190} INFO - [2026-07-18T20:50:42.204+0000] {dag.py:4180} INFO - Setting next_dagrun for consume_1_or_both_2_and_3_with_dataset_expressions to None, run_after=None
[2026-07-18T20:50:42.208+0000] {logging_mixin.py:190} INFO - [2026-07-18T20:50:42.208+0000] {dag.py:4180} INFO - Setting next_dagrun for dataset_consumes_1 to None, run_after=None
[2026-07-18T20:50:42.211+0000] {logging_mixin.py:190} INFO - [2026-07-18T20:50:42.211+0000] {dag.py:4180} INFO - Setting next_dagrun for dataset_consumes_1_and_2 to None, run_after=None
[2026-07-18T20:50:42.214+0000] {logging_mixin.py:190} INFO - [2026-07-18T20:50:42.214+0000] {dag.py:4180} INFO - Setting next_dagrun for dataset_consumes_1_never_scheduled to None, run_after=None
[2026-07-18T20:50:42.217+0000] {logging_mixin.py:190} INFO - [2026-07-18T20:50:42.217+0000] {dag.py:4180} INFO - Setting next_dagrun for dataset_consumes_unknown_never_scheduled to None, run_after=None
[2026-07-18T20:50:42.224+0000] {logging_mixin.py:190} INFO - [2026-07-18T20:50:42.224+0000] {dag.py:4180} INFO - Setting next_dagrun for dataset_produces_1 to 2026-07-17 00:00:00+00:00, run_after=2026-07-18 00:00:00+00:00
[2026-07-18T20:50:42.228+0000] {logging_mixin.py:190} INFO - [2026-07-18T20:50:42.227+0000] {dag.py:4180} INFO - Setting next_dagrun for dataset_produces_2 to None, run_after=None
[2026-07-18T20:50:42.271+0000] {processor.py:208} INFO - Processing /home/airflow/.local/lib/python3.12/site-packages/airflow/example_dags/example_datasets.py took 0.761 seconds
[2026-07-18T20:51:12.962+0000] {processor.py:186} INFO - Started process (PID=238) to work on /home/airflow/.local/lib/python3.12/site-packages/airflow/example_dags/example_datasets.py
[2026-07-18T20:51:12.964+0000] {processor.py:914} INFO - Processing file /home/airflow/.local/lib/python3.12/site-packages/airflow/example_dags/example_datasets.py for tasks to queue
[2026-07-18T20:51:12.967+0000] {logging_mixin.py:190} INFO - [2026-07-18T20:51:12.967+0000] {dagbag.py:588} INFO - Filling up the DagBag from /home/airflow/.local/lib/python3.12/site-packages/airflow/example_dags/example_datasets.py
[2026-07-18T20:51:13.551+0000] {processor.py:925} INFO - DAG(s) 'consume_1_and_2_with_dataset_expressions', 'dataset_consumes_1', 'dataset_produces_1', 'dataset_consumes_unknown_never_scheduled', 'dataset_consumes_1_and_2', 'consume_1_or_2_with_dataset_expressions', 'conditional_dataset_and_time_based_timetable', 'consume_1_or_both_2_and_3_with_dataset_expressions', 'dataset_consumes_1_never_scheduled', 'dataset_produces_2' retrieved from /home/airflow/.local/lib/python3.12/site-packages/airflow/example_dags/example_datasets.py
[2026-07-18T20:51:13.587+0000] {logging_mixin.py:190} INFO - [2026-07-18T20:51:13.587+0000] {dag.py:3239} INFO - Sync 10 DAGs
[2026-07-18T20:51:13.608+0000] {logging_mixin.py:190} INFO - [2026-07-18T20:51:13.608+0000] {dag.py:4180} INFO - Setting next_dagrun for conditional_dataset_and_time_based_timetable to 2026-07-15 01:00:00+00:00, run_after=2026-07-15 01:00:00+00:00
[2026-07-18T20:51:13.612+0000] {logging_mixin.py:190} INFO - [2026-07-18T20:51:13.612+0000] {dag.py:4180} INFO - Setting next_dagrun for consume_1_and_2_with_dataset_expressions to None, run_after=None
[2026-07-18T20:51:13.614+0000] {logging_mixin.py:190} INFO - [2026-07-18T20:51:13.614+0000] {dag.py:4180} INFO - Setting next_dagrun for consume_1_or_2_with_dataset_expressions to None, run_after=None
[2026-07-18T20:51:13.616+0000] {logging_mixin.py:190} INFO - [2026-07-18T20:51:13.616+0000] {dag.py:4180} INFO - Setting next_dagrun for consume_1_or_both_2_and_3_with_dataset_expressions to None, run_after=None
[2026-07-18T20:51:13.618+0000] {logging_mixin.py:190} INFO - [2026-07-18T20:51:13.617+0000] {dag.py:4180} INFO - Setting next_dagrun for dataset_consumes_1 to None, run_after=None
[2026-07-18T20:51:13.619+0000] {logging_mixin.py:190} INFO - [2026-07-18T20:51:13.619+0000] {dag.py:4180} INFO - Setting next_dagrun for dataset_consumes_1_and_2 to None, run_after=None
[2026-07-18T20:51:13.621+0000] {logging_mixin.py:190} INFO - [2026-07-18T20:51:13.620+0000] {dag.py:4180} INFO - Setting next_dagrun for dataset_consumes_1_never_scheduled to None, run_after=None
[2026-07-18T20:51:13.622+0000] {logging_mixin.py:190} INFO - [2026-07-18T20:51:13.622+0000] {dag.py:4180} INFO - Setting next_dagrun for dataset_consumes_unknown_never_scheduled to None, run_after=None
[2026-07-18T20:51:13.624+0000] {logging_mixin.py:190} INFO - [2026-07-18T20:51:13.624+0000] {dag.py:4180} INFO - Setting next_dagrun for dataset_produces_1 to 2026-07-17 00:00:00+00:00, run_after=2026-07-18 00:00:00+00:00
[2026-07-18T20:51:13.626+0000] {logging_mixin.py:190} INFO - [2026-07-18T20:51:13.626+0000] {dag.py:4180} INFO - Setting next_dagrun for dataset_produces_2 to None, run_after=None
[2026-07-18T20:51:13.653+0000] {processor.py:208} INFO - Processing /home/airflow/.local/lib/python3.12/site-packages/airflow/example_dags/example_datasets.py took 0.698 seconds
[2026-07-18T20:51:43.821+0000] {processor.py:186} INFO - Started process (PID=305) to work on /home/airflow/.local/lib/python3.12/site-packages/airflow/example_dags/example_datasets.py
[2026-07-18T20:51:43.822+0000] {processor.py:914} INFO - Processing file /home/airflow/.local/lib/python3.12/site-packages/airflow/example_dags/example_datasets.py for tasks to queue
[2026-07-18T20:51:43.825+0000] {logging_mixin.py:190} INFO - [2026-07-18T20:51:43.824+0000] {dagbag.py:588} INFO - Filling up the DagBag from /home/airflow/.local/lib/python3.12/site-packages/airflow/example_dags/example_datasets.py
[2026-07-18T20:51:44.425+0000] {processor.py:925} INFO - DAG(s) 'dataset_produces_2', 'consume_1_or_both_2_and_3_with_dataset_expressions', 'dataset_produces_1', 'dataset_consumes_1_never_scheduled', 'consume_1_or_2_with_dataset_expressions', 'consume_1_and_2_with_dataset_expressions', 'dataset_consumes_1_and_2', 'conditional_dataset_and_time_based_timetable', 'dataset_consumes_unknown_never_scheduled', 'dataset_consumes_1' retrieved from /home/airflow/.local/lib/python3.12/site-packages/airflow/example_dags/example_datasets.py
[2026-07-18T20:51:44.495+0000] {logging_mixin.py:190} INFO - [2026-07-18T20:51:44.495+0000] {dag.py:3239} INFO - Sync 10 DAGs
[2026-07-18T20:51:44.520+0000] {logging_mixin.py:190} INFO - [2026-07-18T20:51:44.520+0000] {dag.py:4180} INFO - Setting next_dagrun for conditional_dataset_and_time_based_timetable to 2026-07-15 01:00:00+00:00, run_after=2026-07-15 01:00:00+00:00
[2026-07-18T20:51:44.526+0000] {logging_mixin.py:190} INFO - [2026-07-18T20:51:44.525+0000] {dag.py:4180} INFO - Setting next_dagrun for consume_1_and_2_with_dataset_expressions to None, run_after=None
[2026-07-18T20:51:44.528+0000] {logging_mixin.py:190} INFO - [2026-07-18T20:51:44.528+0000] {dag.py:4180} INFO - Setting next_dagrun for consume_1_or_2_with_dataset_expressions to None, run_after=None
[2026-07-18T20:51:44.531+0000] {logging_mixin.py:190} INFO - [2026-07-18T20:51:44.530+0000] {dag.py:4180} INFO - Setting next_dagrun for consume_1_or_both_2_and_3_with_dataset_expressions to None, run_after=None
[2026-07-18T20:51:44.533+0000] {logging_mixin.py:190} INFO - [2026-07-18T20:51:44.532+0000] {dag.py:4180} INFO - Setting next_dagrun for dataset_consumes_1 to None, run_after=None
[2026-07-18T20:51:44.535+0000] {logging_mixin.py:190} INFO - [2026-07-18T20:51:44.534+0000] {dag.py:4180} INFO - Setting next_dagrun for dataset_consumes_1_and_2 to None, run_after=None
[2026-07-18T20:51:44.537+0000] {logging_mixin.py:190} INFO - [2026-07-18T20:51:44.537+0000] {dag.py:4180} INFO - Setting next_dagrun for dataset_consumes_1_never_scheduled to None, run_after=None
[2026-07-18T20:51:44.539+0000] {logging_mixin.py:190} INFO - [2026-07-18T20:51:44.539+0000] {dag.py:4180} INFO - Setting next_dagrun for dataset_consumes_unknown_never_scheduled to None, run_after=None
[2026-07-18T20:51:44.542+0000] {logging_mixin.py:190} INFO - [2026-07-18T20:51:44.542+0000] {dag.py:4180} INFO - Setting next_dagrun for dataset_produces_1 to 2026-07-17 00:00:00+00:00, run_after=2026-07-18 00:00:00+00:00
[2026-07-18T20:51:44.545+0000] {logging_mixin.py:190} INFO - [2026-07-18T20:51:44.545+0000] {dag.py:4180} INFO - Setting next_dagrun for dataset_produces_2 to None, run_after=None
[2026-07-18T20:51:44.586+0000] {processor.py:208} INFO - Processing /home/airflow/.local/lib/python3.12/site-packages/airflow/example_dags/example_datasets.py took 0.771 seconds
[2026-07-18T20:52:14.880+0000] {processor.py:186} INFO - Started process (PID=369) to work on /home/airflow/.local/lib/python3.12/site-packages/airflow/example_dags/example_datasets.py
[2026-07-18T20:52:14.882+0000] {processor.py:914} INFO - Processing file /home/airflow/.local/lib/python3.12/site-packages/airflow/example_dags/example_datasets.py for tasks to queue
[2026-07-18T20:52:14.885+0000] {logging_mixin.py:190} INFO - [2026-07-18T20:52:14.885+0000] {dagbag.py:588} INFO - Filling up the DagBag from /home/airflow/.local/lib/python3.12/site-packages/airflow/example_dags/example_datasets.py
[2026-07-18T20:52:15.652+0000] {processor.py:925} INFO - DAG(s) 'consume_1_and_2_with_dataset_expressions', 'consume_1_or_2_with_dataset_expressions', 'dataset_consumes_unknown_never_scheduled', 'dataset_produces_1', 'dataset_consumes_1', 'dataset_consumes_1_never_scheduled', 'dataset_consumes_1_and_2', 'conditional_dataset_and_time_based_timetable', 'dataset_produces_2', 'consume_1_or_both_2_and_3_with_dataset_expressions' retrieved from /home/airflow/.local/lib/python3.12/site-packages/airflow/example_dags/example_datasets.py
[2026-07-18T20:52:15.720+0000] {logging_mixin.py:190} INFO - [2026-07-18T20:52:15.719+0000] {dag.py:3239} INFO - Sync 10 DAGs
[2026-07-18T20:52:15.756+0000] {logging_mixin.py:190} INFO - [2026-07-18T20:52:15.755+0000] {dag.py:4180} INFO - Setting next_dagrun for conditional_dataset_and_time_based_timetable to 2026-07-15 01:00:00+00:00, run_after=2026-07-15 01:00:00+00:00
[2026-07-18T20:52:15.762+0000] {logging_mixin.py:190} INFO - [2026-07-18T20:52:15.762+0000] {dag.py:4180} INFO - Setting next_dagrun for consume_1_and_2_with_dataset_expressions to None, run_after=None
[2026-07-18T20:52:15.766+0000] {logging_mixin.py:190} INFO - [2026-07-18T20:52:15.765+0000] {dag.py:4180} INFO - Setting next_dagrun for consume_1_or_2_with_dataset_expressions to None, run_after=None
[2026-07-18T20:52:15.768+0000] {logging_mixin.py:190} INFO - [2026-07-18T20:52:15.768+0000] {dag.py:4180} INFO - Setting next_dagrun for consume_1_or_both_2_and_3_with_dataset_expressions to None, run_after=None
[2026-07-18T20:52:15.772+0000] {logging_mixin.py:190} INFO - [2026-07-18T20:52:15.772+0000] {dag.py:4180} INFO - Setting next_dagrun for dataset_consumes_1 to None, run_after=None
[2026-07-18T20:52:15.775+0000] {logging_mixin.py:190} INFO - [2026-07-18T20:52:15.775+0000] {dag.py:4180} INFO - Setting next_dagrun for dataset_consumes_1_and_2 to None, run_after=None
[2026-07-18T20:52:15.778+0000] {logging_mixin.py:190} INFO - [2026-07-18T20:52:15.778+0000] {dag.py:4180} INFO - Setting next_dagrun for dataset_consumes_1_never_scheduled to None, run_after=None
[2026-07-18T20:52:15.781+0000] {logging_mixin.py:190} INFO - [2026-07-18T20:52:15.781+0000] {dag.py:4180} INFO - Setting next_dagrun for dataset_consumes_unknown_never_scheduled to None, run_after=None
[2026-07-18T20:52:15.785+0000] {logging_mixin.py:190} INFO - [2026-07-18T20:52:15.785+0000] {dag.py:4180} INFO - Setting next_dagrun for dataset_produces_1 to 2026-07-17 00:00:00+00:00, run_after=2026-07-18 00:00:00+00:00
[2026-07-18T20:52:15.788+0000] {logging_mixin.py:190} INFO - [2026-07-18T20:52:15.787+0000] {dag.py:4180} INFO - Setting next_dagrun for dataset_produces_2 to None, run_after=None
[2026-07-18T20:52:15.841+0000] {processor.py:208} INFO - Processing /home/airflow/.local/lib/python3.12/site-packages/airflow/example_dags/example_datasets.py took 0.968 seconds
[2026-07-18T20:52:46.695+0000] {processor.py:186} INFO - Started process (PID=433) to work on /home/airflow/.local/lib/python3.12/site-packages/airflow/example_dags/example_datasets.py
[2026-07-18T20:52:46.697+0000] {processor.py:914} INFO - Processing file /home/airflow/.local/lib/python3.12/site-packages/airflow/example_dags/example_datasets.py for tasks to queue
[2026-07-18T20:52:46.702+0000] {logging_mixin.py:190} INFO - [2026-07-18T20:52:46.701+0000] {dagbag.py:588} INFO - Filling up the DagBag from /home/airflow/.local/lib/python3.12/site-packages/airflow/example_dags/example_datasets.py
[2026-07-18T20:52:47.510+0000] {processor.py:925} INFO - DAG(s) 'dataset_produces_1', 'consume_1_or_both_2_and_3_with_dataset_expressions', 'dataset_consumes_1', 'consume_1_and_2_with_dataset_expressions', 'dataset_consumes_unknown_never_scheduled', 'dataset_produces_2', 'consume_1_or_2_with_dataset_expressions', 'dataset_consumes_1_never_scheduled', 'dataset_consumes_1_and_2', 'conditional_dataset_and_time_based_timetable' retrieved from /home/airflow/.local/lib/python3.12/site-packages/airflow/example_dags/example_datasets.py
[2026-07-18T20:52:47.569+0000] {logging_mixin.py:190} INFO - [2026-07-18T20:52:47.569+0000] {dag.py:3239} INFO - Sync 10 DAGs
[2026-07-18T20:52:47.613+0000] {logging_mixin.py:190} INFO - [2026-07-18T20:52:47.613+0000] {dag.py:4180} INFO - Setting next_dagrun for conditional_dataset_and_time_based_timetable to 2026-07-15 01:00:00+00:00, run_after=2026-07-15 01:00:00+00:00
[2026-07-18T20:52:47.621+0000] {logging_mixin.py:190} INFO - [2026-07-18T20:52:47.620+0000] {dag.py:4180} INFO - Setting next_dagrun for consume_1_and_2_with_dataset_expressions to None, run_after=None
[2026-07-18T20:52:47.623+0000] {logging_mixin.py:190} INFO - [2026-07-18T20:52:47.623+0000] {dag.py:4180} INFO - Setting next_dagrun for consume_1_or_2_with_dataset_expressions to None, run_after=None
[2026-07-18T20:52:47.625+0000] {logging_mixin.py:190} INFO - [2026-07-18T20:52:47.625+0000] {dag.py:4180} INFO - Setting next_dagrun for consume_1_or_both_2_and_3_with_dataset_expressions to None, run_after=None
[2026-07-18T20:52:47.628+0000] {logging_mixin.py:190} INFO - [2026-07-18T20:52:47.628+0000] {dag.py:4180} INFO - Setting next_dagrun for dataset_consumes_1 to None, run_after=None
[2026-07-18T20:52:47.630+0000] {logging_mixin.py:190} INFO - [2026-07-18T20:52:47.630+0000] {dag.py:4180} INFO - Setting next_dagrun for dataset_consumes_1_and_2 to None, run_after=None
[2026-07-18T20:52:47.632+0000] {logging_mixin.py:190} INFO - [2026-07-18T20:52:47.632+0000] {dag.py:4180} INFO - Setting next_dagrun for dataset_consumes_1_never_scheduled to None, run_after=None
[2026-07-18T20:52:47.634+0000] {logging_mixin.py:190} INFO - [2026-07-18T20:52:47.634+0000] {dag.py:4180} INFO - Setting next_dagrun for dataset_consumes_unknown_never_scheduled to None, run_after=None
[2026-07-18T20:52:47.637+0000] {logging_mixin.py:190} INFO - [2026-07-18T20:52:47.637+0000] {dag.py:4180} INFO - Setting next_dagrun for dataset_produces_1 to 2026-07-17 00:00:00+00:00, run_after=2026-07-18 00:00:00+00:00
[2026-07-18T20:52:47.640+0000] {logging_mixin.py:190} INFO - [2026-07-18T20:52:47.639+0000] {dag.py:4180} INFO - Setting next_dagrun for dataset_produces_2 to None, run_after=None
[2026-07-18T20:52:47.685+0000] {processor.py:208} INFO - Processing /home/airflow/.local/lib/python3.12/site-packages/airflow/example_dags/example_datasets.py took 1.001 seconds
[2026-07-18T20:53:18.079+0000] {processor.py:186} INFO - Started process (PID=496) to work on /home/airflow/.local/lib/python3.12/site-packages/airflow/example_dags/example_datasets.py
[2026-07-18T20:53:18.081+0000] {processor.py:914} INFO - Processing file /home/airflow/.local/lib/python3.12/site-packages/airflow/example_dags/example_datasets.py for tasks to queue
[2026-07-18T20:53:18.083+0000] {logging_mixin.py:190} INFO - [2026-07-18T20:53:18.083+0000] {dagbag.py:588} INFO - Filling up the DagBag from /home/airflow/.local/lib/python3.12/site-packages/airflow/example_dags/example_datasets.py
[2026-07-18T20:53:18.528+0000] {processor.py:925} INFO - DAG(s) 'consume_1_or_2_with_dataset_expressions', 'dataset_consumes_1', 'dataset_consumes_unknown_never_scheduled', 'consume_1_and_2_with_dataset_expressions', 'dataset_produces_2', 'dataset_produces_1', 'dataset_consumes_1_never_scheduled', 'consume_1_or_both_2_and_3_with_dataset_expressions', 'dataset_consumes_1_and_2', 'conditional_dataset_and_time_based_timetable' retrieved from /home/airflow/.local/lib/python3.12/site-packages/airflow/example_dags/example_datasets.py
[2026-07-18T20:53:18.561+0000] {logging_mixin.py:190} INFO - [2026-07-18T20:53:18.561+0000] {dag.py:3239} INFO - Sync 10 DAGs
[2026-07-18T20:53:18.580+0000] {logging_mixin.py:190} INFO - [2026-07-18T20:53:18.580+0000] {dag.py:4180} INFO - Setting next_dagrun for conditional_dataset_and_time_based_timetable to 2026-07-15 01:00:00+00:00, run_after=2026-07-15 01:00:00+00:00
[2026-07-18T20:53:18.584+0000] {logging_mixin.py:190} INFO - [2026-07-18T20:53:18.584+0000] {dag.py:4180} INFO - Setting next_dagrun for consume_1_and_2_with_dataset_expressions to None, run_after=None
[2026-07-18T20:53:18.586+0000] {logging_mixin.py:190} INFO - [2026-07-18T20:53:18.586+0000] {dag.py:4180} INFO - Setting next_dagrun for consume_1_or_2_with_dataset_expressions to None, run_after=None
[2026-07-18T20:53:18.588+0000] {logging_mixin.py:190} INFO - [2026-07-18T20:53:18.587+0000] {dag.py:4180} INFO - Setting next_dagrun for consume_1_or_both_2_and_3_with_dataset_expressions to None, run_after=None
[2026-07-18T20:53:18.589+0000] {logging_mixin.py:190} INFO - [2026-07-18T20:53:18.589+0000] {dag.py:4180} INFO - Setting next_dagrun for dataset_consumes_1 to None, run_after=None
[2026-07-18T20:53:18.591+0000] {logging_mixin.py:190} INFO - [2026-07-18T20:53:18.591+0000] {dag.py:4180} INFO - Setting next_dagrun for dataset_consumes_1_and_2 to None, run_after=None
[2026-07-18T20:53:18.593+0000] {logging_mixin.py:190} INFO - [2026-07-18T20:53:18.592+0000] {dag.py:4180} INFO - Setting next_dagrun for dataset_consumes_1_never_scheduled to None, run_after=None
[2026-07-18T20:53:18.594+0000] {logging_mixin.py:190} INFO - [2026-07-18T20:53:18.594+0000] {dag.py:4180} INFO - Setting next_dagrun for dataset_consumes_unknown_never_scheduled to None, run_after=None
[2026-07-18T20:53:18.596+0000] {logging_mixin.py:190} INFO - [2026-07-18T20:53:18.596+0000] {dag.py:4180} INFO - Setting next_dagrun for dataset_produces_1 to 2026-07-17 00:00:00+00:00, run_after=2026-07-18 00:00:00+00:00
[2026-07-18T20:53:18.598+0000] {logging_mixin.py:190} INFO - [2026-07-18T20:53:18.598+0000] {dag.py:4180} INFO - Setting next_dagrun for dataset_produces_2 to None, run_after=None
[2026-07-18T20:53:18.624+0000] {processor.py:208} INFO - Processing /home/airflow/.local/lib/python3.12/site-packages/airflow/example_dags/example_datasets.py took 0.549 seconds
[2026-07-18T20:53:48.899+0000] {processor.py:186} INFO - Started process (PID=559) to work on /home/airflow/.local/lib/python3.12/site-packages/airflow/example_dags/example_datasets.py
[2026-07-18T20:53:48.900+0000] {processor.py:914} INFO - Processing file /home/airflow/.local/lib/python3.12/site-packages/airflow/example_dags/example_datasets.py for tasks to queue
[2026-07-18T20:53:48.903+0000] {logging_mixin.py:190} INFO - [2026-07-18T20:53:48.902+0000] {dagbag.py:588} INFO - Filling up the DagBag from /home/airflow/.local/lib/python3.12/site-packages/airflow/example_dags/example_datasets.py
[2026-07-18T20:53:49.306+0000] {processor.py:925} INFO - DAG(s) 'dataset_consumes_unknown_never_scheduled', 'dataset_produces_2', 'dataset_consumes_1_never_scheduled', 'consume_1_or_both_2_and_3_with_dataset_expressions', 'conditional_dataset_and_time_based_timetable', 'dataset_produces_1', 'dataset_consumes_1', 'dataset_consumes_1_and_2', 'consume_1_or_2_with_dataset_expressions', 'consume_1_and_2_with_dataset_expressions' retrieved from /home/airflow/.local/lib/python3.12/site-packages/airflow/example_dags/example_datasets.py
[2026-07-18T20:53:49.339+0000] {logging_mixin.py:190} INFO - [2026-07-18T20:53:49.339+0000] {dag.py:3239} INFO - Sync 10 DAGs
[2026-07-18T20:53:49.358+0000] {logging_mixin.py:190} INFO - [2026-07-18T20:53:49.358+0000] {dag.py:4180} INFO - Setting next_dagrun for conditional_dataset_and_time_based_timetable to 2026-07-15 01:00:00+00:00, run_after=2026-07-15 01:00:00+00:00
[2026-07-18T20:53:49.362+0000] {logging_mixin.py:190} INFO - [2026-07-18T20:53:49.362+0000] {dag.py:4180} INFO - Setting next_dagrun for consume_1_and_2_with_dataset_expressions to None, run_after=None
[2026-07-18T20:53:49.364+0000] {logging_mixin.py:190} INFO - [2026-07-18T20:53:49.364+0000] {dag.py:4180} INFO - Setting next_dagrun for consume_1_or_2_with_dataset_expressions to None, run_after=None
[2026-07-18T20:53:49.365+0000] {logging_mixin.py:190} INFO - [2026-07-18T20:53:49.365+0000] {dag.py:4180} INFO - Setting next_dagrun for consume_1_or_both_2_and_3_with_dataset_expressions to None, run_after=None
[2026-07-18T20:53:49.367+0000] {logging_mixin.py:190} INFO - [2026-07-18T20:53:49.367+0000] {dag.py:4180} INFO - Setting next_dagrun for dataset_consumes_1 to None, run_after=None
[2026-07-18T20:53:49.368+0000] {logging_mixin.py:190} INFO - [2026-07-18T20:53:49.368+0000] {dag.py:4180} INFO - Setting next_dagrun for dataset_consumes_1_and_2 to None, run_after=None
[2026-07-18T20:53:49.370+0000] {logging_mixin.py:190} INFO - [2026-07-18T20:53:49.369+0000] {dag.py:4180} INFO - Setting next_dagrun for dataset_consumes_1_never_scheduled to None, run_after=None
[2026-07-18T20:53:49.371+0000] {logging_mixin.py:190} INFO - [2026-07-18T20:53:49.371+0000] {dag.py:4180} INFO - Setting next_dagrun for dataset_consumes_unknown_never_scheduled to None, run_after=None
[2026-07-18T20:53:49.374+0000] {logging_mixin.py:190} INFO - [2026-07-18T20:53:49.373+0000] {dag.py:4180} INFO - Setting next_dagrun for dataset_produces_1 to 2026-07-17 00:00:00+00:00, run_after=2026-07-18 00:00:00+00:00
[2026-07-18T20:53:49.375+0000] {logging_mixin.py:190} INFO - [2026-07-18T20:53:49.375+0000] {dag.py:4180} INFO - Setting next_dagrun for dataset_produces_2 to None, run_after=None
[2026-07-18T20:53:49.399+0000] {processor.py:208} INFO - Processing /home/airflow/.local/lib/python3.12/site-packages/airflow/example_dags/example_datasets.py took 0.504 seconds
[2026-07-18T20:54:19.681+0000] {processor.py:186} INFO - Started process (PID=622) to work on /home/airflow/.local/lib/python3.12/site-packages/airflow/example_dags/example_datasets.py
[2026-07-18T20:54:19.682+0000] {processor.py:914} INFO - Processing file /home/airflow/.local/lib/python3.12/site-packages/airflow/example_dags/example_datasets.py for tasks to queue
[2026-07-18T20:54:19.685+0000] {logging_mixin.py:190} INFO - [2026-07-18T20:54:19.685+0000] {dagbag.py:588} INFO - Filling up the DagBag from /home/airflow/.local/lib/python3.12/site-packages/airflow/example_dags/example_datasets.py
[2026-07-18T20:54:20.141+0000] {processor.py:925} INFO - DAG(s) 'conditional_dataset_and_time_based_timetable', 'consume_1_or_both_2_and_3_with_dataset_expressions', 'dataset_consumes_unknown_never_scheduled', 'dataset_consumes_1_never_scheduled', 'dataset_consumes_1_and_2', 'dataset_produces_1', 'dataset_produces_2', 'consume_1_or_2_with_dataset_expressions', 'consume_1_and_2_with_dataset_expressions', 'dataset_consumes_1' retrieved from /home/airflow/.local/lib/python3.12/site-packages/airflow/example_dags/example_datasets.py
[2026-07-18T20:54:20.173+0000] {logging_mixin.py:190} INFO - [2026-07-18T20:54:20.173+0000] {dag.py:3239} INFO - Sync 10 DAGs
[2026-07-18T20:54:20.192+0000] {logging_mixin.py:190} INFO - [2026-07-18T20:54:20.192+0000] {dag.py:4180} INFO - Setting next_dagrun for conditional_dataset_and_time_based_timetable to 2026-07-15 01:00:00+00:00, run_after=2026-07-15 01:00:00+00:00
[2026-07-18T20:54:20.196+0000] {logging_mixin.py:190} INFO - [2026-07-18T20:54:20.196+0000] {dag.py:4180} INFO - Setting next_dagrun for consume_1_and_2_with_dataset_expressions to None, run_after=None
[2026-07-18T20:54:20.198+0000] {logging_mixin.py:190} INFO - [2026-07-18T20:54:20.198+0000] {dag.py:4180} INFO - Setting next_dagrun for consume_1_or_2_with_dataset_expressions to None, run_after=None
[2026-07-18T20:54:20.200+0000] {logging_mixin.py:190} INFO - [2026-07-18T20:54:20.200+0000] {dag.py:4180} INFO - Setting next_dagrun for consume_1_or_both_2_and_3_with_dataset_expressions to None, run_after=None
[2026-07-18T20:54:20.202+0000] {logging_mixin.py:190} INFO - [2026-07-18T20:54:20.201+0000] {dag.py:4180} INFO - Setting next_dagrun for dataset_consumes_1 to None, run_after=None
[2026-07-18T20:54:20.203+0000] {logging_mixin.py:190} INFO - [2026-07-18T20:54:20.203+0000] {dag.py:4180} INFO - Setting next_dagrun for dataset_consumes_1_and_2 to None, run_after=None
[2026-07-18T20:54:20.205+0000] {logging_mixin.py:190} INFO - [2026-07-18T20:54:20.205+0000] {dag.py:4180} INFO - Setting next_dagrun for dataset_consumes_1_never_scheduled to None, run_after=None
[2026-07-18T20:54:20.206+0000] {logging_mixin.py:190} INFO - [2026-07-18T20:54:20.206+0000] {dag.py:4180} INFO - Setting next_dagrun for dataset_consumes_unknown_never_scheduled to None, run_after=None
[2026-07-18T20:54:20.208+0000] {logging_mixin.py:190} INFO - [2026-07-18T20:54:20.208+0000] {dag.py:4180} INFO - Setting next_dagrun for dataset_produces_1 to 2026-07-17 00:00:00+00:00, run_after=2026-07-18 00:00:00+00:00
[2026-07-18T20:54:20.210+0000] {logging_mixin.py:190} INFO - [2026-07-18T20:54:20.209+0000] {dag.py:4180} INFO - Setting next_dagrun for dataset_produces_2 to None, run_after=None
[2026-07-18T20:54:20.316+0000] {processor.py:208} INFO - Processing /home/airflow/.local/lib/python3.12/site-packages/airflow/example_dags/example_datasets.py took 0.641 seconds
[2026-07-18T20:54:50.749+0000] {processor.py:186} INFO - Started process (PID=685) to work on /home/airflow/.local/lib/python3.12/site-packages/airflow/example_dags/example_datasets.py
[2026-07-18T20:54:50.750+0000] {processor.py:914} INFO - Processing file /home/airflow/.local/lib/python3.12/site-packages/airflow/example_dags/example_datasets.py for tasks to queue
[2026-07-18T20:54:50.752+0000] {logging_mixin.py:190} INFO - [2026-07-18T20:54:50.752+0000] {dagbag.py:588} INFO - Filling up the DagBag from /home/airflow/.local/lib/python3.12/site-packages/airflow/example_dags/example_datasets.py
[2026-07-18T20:54:51.167+0000] {processor.py:925} INFO - DAG(s) 'consume_1_or_both_2_and_3_with_dataset_expressions', 'dataset_consumes_1_never_scheduled', 'dataset_consumes_1_and_2', 'dataset_consumes_1', 'consume_1_or_2_with_dataset_expressions', 'consume_1_and_2_with_dataset_expressions', 'dataset_produces_1', 'conditional_dataset_and_time_based_timetable', 'dataset_consumes_unknown_never_scheduled', 'dataset_produces_2' retrieved from /home/airflow/.local/lib/python3.12/site-packages/airflow/example_dags/example_datasets.py
[2026-07-18T20:54:51.199+0000] {logging_mixin.py:190} INFO - [2026-07-18T20:54:51.198+0000] {dag.py:3239} INFO - Sync 10 DAGs
[2026-07-18T20:54:51.219+0000] {logging_mixin.py:190} INFO - [2026-07-18T20:54:51.218+0000] {dag.py:4180} INFO - Setting next_dagrun for conditional_dataset_and_time_based_timetable to 2026-07-15 01:00:00+00:00, run_after=2026-07-15 01:00:00+00:00
[2026-07-18T20:54:51.223+0000] {logging_mixin.py:190} INFO - [2026-07-18T20:54:51.222+0000] {dag.py:4180} INFO - Setting next_dagrun for consume_1_and_2_with_dataset_expressions to None, run_after=None
[2026-07-18T20:54:51.225+0000] {logging_mixin.py:190} INFO - [2026-07-18T20:54:51.225+0000] {dag.py:4180} INFO - Setting next_dagrun for consume_1_or_2_with_dataset_expressions to None, run_after=None
[2026-07-18T20:54:51.227+0000] {logging_mixin.py:190} INFO - [2026-07-18T20:54:51.227+0000] {dag.py:4180} INFO - Setting next_dagrun for consume_1_or_both_2_and_3_with_dataset_expressions to None, run_after=None
[2026-07-18T20:54:51.229+0000] {logging_mixin.py:190} INFO - [2026-07-18T20:54:51.229+0000] {dag.py:4180} INFO - Setting next_dagrun for dataset_consumes_1 to None, run_after=None
[2026-07-18T20:54:51.231+0000] {logging_mixin.py:190} INFO - [2026-07-18T20:54:51.231+0000] {dag.py:4180} INFO - Setting next_dagrun for dataset_consumes_1_and_2 to None, run_after=None
[2026-07-18T20:54:51.233+0000] {logging_mixin.py:190} INFO - [2026-07-18T20:54:51.233+0000] {dag.py:4180} INFO - Setting next_dagrun for dataset_consumes_1_never_scheduled to None, run_after=None
[2026-07-18T20:54:51.235+0000] {logging_mixin.py:190} INFO - [2026-07-18T20:54:51.235+0000] {dag.py:4180} INFO - Setting next_dagrun for dataset_consumes_unknown_never_scheduled to None, run_after=None
[2026-07-18T20:54:51.238+0000] {logging_mixin.py:190} INFO - [2026-07-18T20:54:51.238+0000] {dag.py:4180} INFO - Setting next_dagrun for dataset_produces_1 to 2026-07-17 00:00:00+00:00, run_after=2026-07-18 00:00:00+00:00
[2026-07-18T20:54:51.241+0000] {logging_mixin.py:190} INFO - [2026-07-18T20:54:51.240+0000] {dag.py:4180} INFO - Setting next_dagrun for dataset_produces_2 to None, run_after=None
[2026-07-18T20:54:51.268+0000] {processor.py:208} INFO - Processing /home/airflow/.local/lib/python3.12/site-packages/airflow/example_dags/example_datasets.py took 0.524 seconds
[2026-07-18T20:55:21.324+0000] {processor.py:186} INFO - Started process (PID=748) to work on /home/airflow/.local/lib/python3.12/site-packages/airflow/example_dags/example_datasets.py
[2026-07-18T20:55:21.325+0000] {processor.py:914} INFO - Processing file /home/airflow/.local/lib/python3.12/site-packages/airflow/example_dags/example_datasets.py for tasks to queue
[2026-07-18T20:55:21.328+0000] {logging_mixin.py:190} INFO - [2026-07-18T20:55:21.327+0000] {dagbag.py:588} INFO - Filling up the DagBag from /home/airflow/.local/lib/python3.12/site-packages/airflow/example_dags/example_datasets.py
[2026-07-18T20:55:21.755+0000] {processor.py:925} INFO - DAG(s) 'consume_1_or_2_with_dataset_expressions', 'dataset_consumes_unknown_never_scheduled', 'dataset_consumes_1_and_2', 'dataset_produces_1', 'consume_1_and_2_with_dataset_expressions', 'consume_1_or_both_2_and_3_with_dataset_expressions', 'dataset_consumes_1_never_scheduled', 'dataset_consumes_1', 'conditional_dataset_and_time_based_timetable', 'dataset_produces_2' retrieved from /home/airflow/.local/lib/python3.12/site-packages/airflow/example_dags/example_datasets.py
[2026-07-18T20:55:21.789+0000] {logging_mixin.py:190} INFO - [2026-07-18T20:55:21.789+0000] {dag.py:3239} INFO - Sync 10 DAGs
[2026-07-18T20:55:21.808+0000] {logging_mixin.py:190} INFO - [2026-07-18T20:55:21.808+0000] {dag.py:4180} INFO - Setting next_dagrun for conditional_dataset_and_time_based_timetable to 2026-07-15 01:00:00+00:00, run_after=2026-07-15 01:00:00+00:00
[2026-07-18T20:55:21.812+0000] {logging_mixin.py:190} INFO - [2026-07-18T20:55:21.812+0000] {dag.py:4180} INFO - Setting next_dagrun for consume_1_and_2_with_dataset_expressions to None, run_after=None
[2026-07-18T20:55:21.814+0000] {logging_mixin.py:190} INFO - [2026-07-18T20:55:21.814+0000] {dag.py:4180} INFO - Setting next_dagrun for consume_1_or_2_with_dataset_expressions to None, run_after=None
[2026-07-18T20:55:21.817+0000] {logging_mixin.py:190} INFO - [2026-07-18T20:55:21.816+0000] {dag.py:4180} INFO - Setting next_dagrun for consume_1_or_both_2_and_3_with_dataset_expressions to None, run_after=None
[2026-07-18T20:55:21.819+0000] {logging_mixin.py:190} INFO - [2026-07-18T20:55:21.818+0000] {dag.py:4180} INFO - Setting next_dagrun for dataset_consumes_1 to None, run_after=None
[2026-07-18T20:55:21.820+0000] {logging_mixin.py:190} INFO - [2026-07-18T20:55:21.820+0000] {dag.py:4180} INFO - Setting next_dagrun for dataset_consumes_1_and_2 to None, run_after=None
[2026-07-18T20:55:21.822+0000] {logging_mixin.py:190} INFO - [2026-07-18T20:55:21.822+0000] {dag.py:4180} INFO - Setting next_dagrun for dataset_consumes_1_never_scheduled to None, run_after=None
[2026-07-18T20:55:21.824+0000] {logging_mixin.py:190} INFO - [2026-07-18T20:55:21.824+0000] {dag.py:4180} INFO - Setting next_dagrun for dataset_consumes_unknown_never_scheduled to None, run_after=None
[2026-07-18T20:55:21.827+0000] {logging_mixin.py:190} INFO - [2026-07-18T20:55:21.826+0000] {dag.py:4180} INFO - Setting next_dagrun for dataset_produces_1 to 2026-07-17 00:00:00+00:00, run_after=2026-07-18 00:00:00+00:00
[2026-07-18T20:55:21.828+0000] {logging_mixin.py:190} INFO - [2026-07-18T20:55:21.828+0000] {dag.py:4180} INFO - Setting next_dagrun for dataset_produces_2 to None, run_after=None
[2026-07-18T20:55:21.857+0000] {processor.py:208} INFO - Processing /home/airflow/.local/lib/python3.12/site-packages/airflow/example_dags/example_datasets.py took 0.538 seconds
[2026-07-18T20:55:51.960+0000] {processor.py:186} INFO - Started process (PID=811) to work on /home/airflow/.local/lib/python3.12/site-packages/airflow/example_dags/example_datasets.py
[2026-07-18T20:55:51.961+0000] {processor.py:914} INFO - Processing file /home/airflow/.local/lib/python3.12/site-packages/airflow/example_dags/example_datasets.py for tasks to queue
[2026-07-18T20:55:51.963+0000] {logging_mixin.py:190} INFO - [2026-07-18T20:55:51.963+0000] {dagbag.py:588} INFO - Filling up the DagBag from /home/airflow/.local/lib/python3.12/site-packages/airflow/example_dags/example_datasets.py
[2026-07-18T20:55:52.372+0000] {processor.py:925} INFO - DAG(s) 'conditional_dataset_and_time_based_timetable', 'consume_1_and_2_with_dataset_expressions', 'consume_1_or_2_with_dataset_expressions', 'dataset_produces_1', 'dataset_consumes_1', 'dataset_consumes_unknown_never_scheduled', 'consume_1_or_both_2_and_3_with_dataset_expressions', 'dataset_consumes_1_never_scheduled', 'dataset_produces_2', 'dataset_consumes_1_and_2' retrieved from /home/airflow/.local/lib/python3.12/site-packages/airflow/example_dags/example_datasets.py
[2026-07-18T20:55:52.408+0000] {logging_mixin.py:190} INFO - [2026-07-18T20:55:52.407+0000] {dag.py:3239} INFO - Sync 10 DAGs
[2026-07-18T20:55:52.429+0000] {logging_mixin.py:190} INFO - [2026-07-18T20:55:52.429+0000] {dag.py:4180} INFO - Setting next_dagrun for conditional_dataset_and_time_based_timetable to 2026-07-15 01:00:00+00:00, run_after=2026-07-15 01:00:00+00:00
[2026-07-18T20:55:52.433+0000] {logging_mixin.py:190} INFO - [2026-07-18T20:55:52.433+0000] {dag.py:4180} INFO - Setting next_dagrun for consume_1_and_2_with_dataset_expressions to None, run_after=None
[2026-07-18T20:55:52.435+0000] {logging_mixin.py:190} INFO - [2026-07-18T20:55:52.435+0000] {dag.py:4180} INFO - Setting next_dagrun for consume_1_or_2_with_dataset_expressions to None, run_after=None
[2026-07-18T20:55:52.437+0000] {logging_mixin.py:190} INFO - [2026-07-18T20:55:52.437+0000] {dag.py:4180} INFO - Setting next_dagrun for consume_1_or_both_2_and_3_with_dataset_expressions to None, run_after=None
[2026-07-18T20:55:52.439+0000] {logging_mixin.py:190} INFO - [2026-07-18T20:55:52.439+0000] {dag.py:4180} INFO - Setting next_dagrun for dataset_consumes_1 to None, run_after=None
[2026-07-18T20:55:52.440+0000] {logging_mixin.py:190} INFO - [2026-07-18T20:55:52.440+0000] {dag.py:4180} INFO - Setting next_dagrun for dataset_consumes_1_and_2 to None, run_after=None
[2026-07-18T20:55:52.442+0000] {logging_mixin.py:190} INFO - [2026-07-18T20:55:52.442+0000] {dag.py:4180} INFO - Setting next_dagrun for dataset_consumes_1_never_scheduled to None, run_after=None
[2026-07-18T20:55:52.443+0000] {logging_mixin.py:190} INFO - [2026-07-18T20:55:52.443+0000] {dag.py:4180} INFO - Setting next_dagrun for dataset_consumes_unknown_never_scheduled to None, run_after=None
[2026-07-18T20:55:52.446+0000] {logging_mixin.py:190} INFO - [2026-07-18T20:55:52.446+0000] {dag.py:4180} INFO - Setting next_dagrun for dataset_produces_1 to 2026-07-17 00:00:00+00:00, run_after=2026-07-18 00:00:00+00:00
[2026-07-18T20:55:52.448+0000] {logging_mixin.py:190} INFO - [2026-07-18T20:55:52.447+0000] {dag.py:4180} INFO - Setting next_dagrun for dataset_produces_2 to None, run_after=None
[2026-07-18T20:55:52.474+0000] {processor.py:208} INFO - Processing /home/airflow/.local/lib/python3.12/site-packages/airflow/example_dags/example_datasets.py took 0.519 seconds
[2026-07-18T20:56:23.049+0000] {processor.py:186} INFO - Started process (PID=874) to work on /home/airflow/.local/lib/python3.12/site-packages/airflow/example_dags/example_datasets.py
[2026-07-18T20:56:23.050+0000] {processor.py:914} INFO - Processing file /home/airflow/.local/lib/python3.12/site-packages/airflow/example_dags/example_datasets.py for tasks to queue
[2026-07-18T20:56:23.052+0000] {logging_mixin.py:190} INFO - [2026-07-18T20:56:23.052+0000] {dagbag.py:588} INFO - Filling up the DagBag from /home/airflow/.local/lib/python3.12/site-packages/airflow/example_dags/example_datasets.py
[2026-07-18T20:56:23.464+0000] {processor.py:925} INFO - DAG(s) 'consume_1_and_2_with_dataset_expressions', 'dataset_consumes_1', 'dataset_produces_2', 'dataset_consumes_unknown_never_scheduled', 'consume_1_or_2_with_dataset_expressions', 'consume_1_or_both_2_and_3_with_dataset_expressions', 'dataset_consumes_1_and_2', 'dataset_produces_1', 'conditional_dataset_and_time_based_timetable', 'dataset_consumes_1_never_scheduled' retrieved from /home/airflow/.local/lib/python3.12/site-packages/airflow/example_dags/example_datasets.py
[2026-07-18T20:56:23.497+0000] {logging_mixin.py:190} INFO - [2026-07-18T20:56:23.497+0000] {dag.py:3239} INFO - Sync 10 DAGs
[2026-07-18T20:56:23.516+0000] {logging_mixin.py:190} INFO - [2026-07-18T20:56:23.516+0000] {dag.py:4180} INFO - Setting next_dagrun for conditional_dataset_and_time_based_timetable to 2026-07-15 01:00:00+00:00, run_after=2026-07-15 01:00:00+00:00
[2026-07-18T20:56:23.520+0000] {logging_mixin.py:190} INFO - [2026-07-18T20:56:23.520+0000] {dag.py:4180} INFO - Setting next_dagrun for consume_1_and_2_with_dataset_expressions to None, run_after=None
[2026-07-18T20:56:23.522+0000] {logging_mixin.py:190} INFO - [2026-07-18T20:56:23.522+0000] {dag.py:4180} INFO - Setting next_dagrun for consume_1_or_2_with_dataset_expressions to None, run_after=None
[2026-07-18T20:56:23.524+0000] {logging_mixin.py:190} INFO - [2026-07-18T20:56:23.524+0000] {dag.py:4180} INFO - Setting next_dagrun for consume_1_or_both_2_and_3_with_dataset_expressions to None, run_after=None
[2026-07-18T20:56:23.525+0000] {logging_mixin.py:190} INFO - [2026-07-18T20:56:23.525+0000] {dag.py:4180} INFO - Setting next_dagrun for dataset_consumes_1 to None, run_after=None
[2026-07-18T20:56:23.527+0000] {logging_mixin.py:190} INFO - [2026-07-18T20:56:23.527+0000] {dag.py:4180} INFO - Setting next_dagrun for dataset_consumes_1_and_2 to None, run_after=None
[2026-07-18T20:56:23.528+0000] {logging_mixin.py:190} INFO - [2026-07-18T20:56:23.528+0000] {dag.py:4180} INFO - Setting next_dagrun for dataset_consumes_1_never_scheduled to None, run_after=None
[2026-07-18T20:56:23.529+0000] {logging_mixin.py:190} INFO - [2026-07-18T20:56:23.529+0000] {dag.py:4180} INFO - Setting next_dagrun for dataset_consumes_unknown_never_scheduled to None, run_after=None
[2026-07-18T20:56:23.531+0000] {logging_mixin.py:190} INFO - [2026-07-18T20:56:23.531+0000] {dag.py:4180} INFO - Setting next_dagrun for dataset_produces_1 to 2026-07-17 00:00:00+00:00, run_after=2026-07-18 00:00:00+00:00
[2026-07-18T20:56:23.533+0000] {logging_mixin.py:190} INFO - [2026-07-18T20:56:23.533+0000] {dag.py:4180} INFO - Setting next_dagrun for dataset_produces_2 to None, run_after=None
[2026-07-18T20:56:23.604+0000] {processor.py:208} INFO - Processing /home/airflow/.local/lib/python3.12/site-packages/airflow/example_dags/example_datasets.py took 0.560 seconds
[2026-07-18T20:56:54.231+0000] {processor.py:186} INFO - Started process (PID=937) to work on /home/airflow/.local/lib/python3.12/site-packages/airflow/example_dags/example_datasets.py
[2026-07-18T20:56:54.232+0000] {processor.py:914} INFO - Processing file /home/airflow/.local/lib/python3.12/site-packages/airflow/example_dags/example_datasets.py for tasks to queue
[2026-07-18T20:56:54.236+0000] {logging_mixin.py:190} INFO - [2026-07-18T20:56:54.236+0000] {dagbag.py:588} INFO - Filling up the DagBag from /home/airflow/.local/lib/python3.12/site-packages/airflow/example_dags/example_datasets.py
[2026-07-18T20:56:54.689+0000] {processor.py:925} INFO - DAG(s) 'consume_1_and_2_with_dataset_expressions', 'consume_1_or_2_with_dataset_expressions', 'conditional_dataset_and_time_based_timetable', 'dataset_consumes_1_and_2', 'dataset_consumes_unknown_never_scheduled', 'dataset_produces_1', 'consume_1_or_both_2_and_3_with_dataset_expressions', 'dataset_consumes_1_never_scheduled', 'dataset_consumes_1', 'dataset_produces_2' retrieved from /home/airflow/.local/lib/python3.12/site-packages/airflow/example_dags/example_datasets.py
[2026-07-18T20:56:54.720+0000] {logging_mixin.py:190} INFO - [2026-07-18T20:56:54.720+0000] {dag.py:3239} INFO - Sync 10 DAGs
[2026-07-18T20:56:54.741+0000] {logging_mixin.py:190} INFO - [2026-07-18T20:56:54.741+0000] {dag.py:4180} INFO - Setting next_dagrun for conditional_dataset_and_time_based_timetable to 2026-07-15 01:00:00+00:00, run_after=2026-07-15 01:00:00+00:00
[2026-07-18T20:56:54.745+0000] {logging_mixin.py:190} INFO - [2026-07-18T20:56:54.744+0000] {dag.py:4180} INFO - Setting next_dagrun for consume_1_and_2_with_dataset_expressions to None, run_after=None
[2026-07-18T20:56:54.747+0000] {logging_mixin.py:190} INFO - [2026-07-18T20:56:54.747+0000] {dag.py:4180} INFO - Setting next_dagrun for consume_1_or_2_with_dataset_expressions to None, run_after=None
[2026-07-18T20:56:54.749+0000] {logging_mixin.py:190} INFO - [2026-07-18T20:56:54.748+0000] {dag.py:4180} INFO - Setting next_dagrun for consume_1_or_both_2_and_3_with_dataset_expressions to None, run_after=None
[2026-07-18T20:56:54.750+0000] {logging_mixin.py:190} INFO - [2026-07-18T20:56:54.750+0000] {dag.py:4180} INFO - Setting next_dagrun for dataset_consumes_1 to None, run_after=None
[2026-07-18T20:56:54.752+0000] {logging_mixin.py:190} INFO - [2026-07-18T20:56:54.751+0000] {dag.py:4180} INFO - Setting next_dagrun for dataset_consumes_1_and_2 to None, run_after=None
[2026-07-18T20:56:54.753+0000] {logging_mixin.py:190} INFO - [2026-07-18T20:56:54.753+0000] {dag.py:4180} INFO - Setting next_dagrun for dataset_consumes_1_never_scheduled to None, run_after=None
[2026-07-18T20:56:54.754+0000] {logging_mixin.py:190} INFO - [2026-07-18T20:56:54.754+0000] {dag.py:4180} INFO - Setting next_dagrun for dataset_consumes_unknown_never_scheduled to None, run_after=None
[2026-07-18T20:56:54.756+0000] {logging_mixin.py:190} INFO - [2026-07-18T20:56:54.756+0000] {dag.py:4180} INFO - Setting next_dagrun for dataset_produces_1 to 2026-07-17 00:00:00+00:00, run_after=2026-07-18 00:00:00+00:00
[2026-07-18T20:56:54.758+0000] {logging_mixin.py:190} INFO - [2026-07-18T20:56:54.758+0000] {dag.py:4180} INFO - Setting next_dagrun for dataset_produces_2 to None, run_after=None
[2026-07-18T20:56:54.860+0000] {processor.py:208} INFO - Processing /home/airflow/.local/lib/python3.12/site-packages/airflow/example_dags/example_datasets.py took 0.636 seconds
[2026-07-18T20:57:26.135+0000] {processor.py:186} INFO - Started process (PID=1004) to work on /home/airflow/.local/lib/python3.12/site-packages/airflow/example_dags/example_datasets.py
[2026-07-18T20:57:26.136+0000] {processor.py:914} INFO - Processing file /home/airflow/.local/lib/python3.12/site-packages/airflow/example_dags/example_datasets.py for tasks to queue
[2026-07-18T20:57:26.139+0000] {logging_mixin.py:190} INFO - [2026-07-18T20:57:26.139+0000] {dagbag.py:588} INFO - Filling up the DagBag from /home/airflow/.local/lib/python3.12/site-packages/airflow/example_dags/example_datasets.py
[2026-07-18T20:57:26.637+0000] {processor.py:925} INFO - DAG(s) 'consume_1_and_2_with_dataset_expressions', 'dataset_consumes_1_and_2', 'dataset_consumes_unknown_never_scheduled', 'dataset_consumes_1_never_scheduled', 'consume_1_or_2_with_dataset_expressions', 'consume_1_or_both_2_and_3_with_dataset_expressions', 'conditional_dataset_and_time_based_timetable', 'dataset_consumes_1', 'dataset_produces_1', 'dataset_produces_2' retrieved from /home/airflow/.local/lib/python3.12/site-packages/airflow/example_dags/example_datasets.py
[2026-07-18T20:57:26.672+0000] {logging_mixin.py:190} INFO - [2026-07-18T20:57:26.671+0000] {dag.py:3239} INFO - Sync 10 DAGs
[2026-07-18T20:57:26.705+0000] {logging_mixin.py:190} INFO - [2026-07-18T20:57:26.705+0000] {dag.py:4180} INFO - Setting next_dagrun for conditional_dataset_and_time_based_timetable to 2026-07-15 01:00:00+00:00, run_after=2026-07-15 01:00:00+00:00
[2026-07-18T20:57:26.711+0000] {logging_mixin.py:190} INFO - [2026-07-18T20:57:26.711+0000] {dag.py:4180} INFO - Setting next_dagrun for consume_1_and_2_with_dataset_expressions to None, run_after=None
[2026-07-18T20:57:26.715+0000] {logging_mixin.py:190} INFO - [2026-07-18T20:57:26.715+0000] {dag.py:4180} INFO - Setting next_dagrun for consume_1_or_2_with_dataset_expressions to None, run_after=None
[2026-07-18T20:57:26.717+0000] {logging_mixin.py:190} INFO - [2026-07-18T20:57:26.717+0000] {dag.py:4180} INFO - Setting next_dagrun for consume_1_or_both_2_and_3_with_dataset_expressions to None, run_after=None
[2026-07-18T20:57:26.718+0000] {logging_mixin.py:190} INFO - [2026-07-18T20:57:26.718+0000] {dag.py:4180} INFO - Setting next_dagrun for dataset_consumes_1 to None, run_after=None
[2026-07-18T20:57:26.720+0000] {logging_mixin.py:190} INFO - [2026-07-18T20:57:26.720+0000] {dag.py:4180} INFO - Setting next_dagrun for dataset_consumes_1_and_2 to None, run_after=None
[2026-07-18T20:57:26.722+0000] {logging_mixin.py:190} INFO - [2026-07-18T20:57:26.721+0000] {dag.py:4180} INFO - Setting next_dagrun for dataset_consumes_1_never_scheduled to None, run_after=None
[2026-07-18T20:57:26.723+0000] {logging_mixin.py:190} INFO - [2026-07-18T20:57:26.723+0000] {dag.py:4180} INFO - Setting next_dagrun for dataset_consumes_unknown_never_scheduled to None, run_after=None
[2026-07-18T20:57:26.725+0000] {logging_mixin.py:190} INFO - [2026-07-18T20:57:26.725+0000] {dag.py:4180} INFO - Setting next_dagrun for dataset_produces_1 to 2026-07-17 00:00:00+00:00, run_after=2026-07-18 00:00:00+00:00
[2026-07-18T20:57:26.727+0000] {logging_mixin.py:190} INFO - [2026-07-18T20:57:26.727+0000] {dag.py:4180} INFO - Setting next_dagrun for dataset_produces_2 to None, run_after=None
[2026-07-18T20:57:26.754+0000] {processor.py:208} INFO - Processing /home/airflow/.local/lib/python3.12/site-packages/airflow/example_dags/example_datasets.py took 0.625 seconds
[2026-07-18T20:57:56.963+0000] {processor.py:186} INFO - Started process (PID=1063) to work on /home/airflow/.local/lib/python3.12/site-packages/airflow/example_dags/example_datasets.py
[2026-07-18T20:57:56.964+0000] {processor.py:914} INFO - Processing file /home/airflow/.local/lib/python3.12/site-packages/airflow/example_dags/example_datasets.py for tasks to queue
[2026-07-18T20:57:56.966+0000] {logging_mixin.py:190} INFO - [2026-07-18T20:57:56.966+0000] {dagbag.py:588} INFO - Filling up the DagBag from /home/airflow/.local/lib/python3.12/site-packages/airflow/example_dags/example_datasets.py
[2026-07-18T20:57:57.419+0000] {processor.py:925} INFO - DAG(s) 'consume_1_or_both_2_and_3_with_dataset_expressions', 'dataset_produces_1', 'consume_1_and_2_with_dataset_expressions', 'dataset_consumes_1_and_2', 'dataset_consumes_unknown_never_scheduled', 'consume_1_or_2_with_dataset_expressions', 'dataset_consumes_1_never_scheduled', 'dataset_produces_2', 'dataset_consumes_1', 'conditional_dataset_and_time_based_timetable' retrieved from /home/airflow/.local/lib/python3.12/site-packages/airflow/example_dags/example_datasets.py
[2026-07-18T20:57:57.454+0000] {logging_mixin.py:190} INFO - [2026-07-18T20:57:57.454+0000] {dag.py:3239} INFO - Sync 10 DAGs
[2026-07-18T20:57:57.475+0000] {logging_mixin.py:190} INFO - [2026-07-18T20:57:57.474+0000] {dag.py:4180} INFO - Setting next_dagrun for conditional_dataset_and_time_based_timetable to 2026-07-15 01:00:00+00:00, run_after=2026-07-15 01:00:00+00:00
[2026-07-18T20:57:57.479+0000] {logging_mixin.py:190} INFO - [2026-07-18T20:57:57.478+0000] {dag.py:4180} INFO - Setting next_dagrun for consume_1_and_2_with_dataset_expressions to None, run_after=None
[2026-07-18T20:57:57.481+0000] {logging_mixin.py:190} INFO - [2026-07-18T20:57:57.481+0000] {dag.py:4180} INFO - Setting next_dagrun for consume_1_or_2_with_dataset_expressions to None, run_after=None
[2026-07-18T20:57:57.483+0000] {logging_mixin.py:190} INFO - [2026-07-18T20:57:57.483+0000] {dag.py:4180} INFO - Setting next_dagrun for consume_1_or_both_2_and_3_with_dataset_expressions to None, run_after=None
[2026-07-18T20:57:57.485+0000] {logging_mixin.py:190} INFO - [2026-07-18T20:57:57.484+0000] {dag.py:4180} INFO - Setting next_dagrun for dataset_consumes_1 to None, run_after=None
[2026-07-18T20:57:57.487+0000] {logging_mixin.py:190} INFO - [2026-07-18T20:57:57.487+0000] {dag.py:4180} INFO - Setting next_dagrun for dataset_consumes_1_and_2 to None, run_after=None
[2026-07-18T20:57:57.489+0000] {logging_mixin.py:190} INFO - [2026-07-18T20:57:57.488+0000] {dag.py:4180} INFO - Setting next_dagrun for dataset_consumes_1_never_scheduled to None, run_after=None
[2026-07-18T20:57:57.490+0000] {logging_mixin.py:190} INFO - [2026-07-18T20:57:57.490+0000] {dag.py:4180} INFO - Setting next_dagrun for dataset_consumes_unknown_never_scheduled to None, run_after=None
[2026-07-18T20:57:57.493+0000] {logging_mixin.py:190} INFO - [2026-07-18T20:57:57.492+0000] {dag.py:4180} INFO - Setting next_dagrun for dataset_produces_1 to 2026-07-17 00:00:00+00:00, run_after=2026-07-18 00:00:00+00:00
[2026-07-18T20:57:57.494+0000] {logging_mixin.py:190} INFO - [2026-07-18T20:57:57.494+0000] {dag.py:4180} INFO - Setting next_dagrun for dataset_produces_2 to None, run_after=None
[2026-07-18T20:57:57.530+0000] {processor.py:208} INFO - Processing /home/airflow/.local/lib/python3.12/site-packages/airflow/example_dags/example_datasets.py took 0.572 seconds
[2026-07-18T20:58:28.357+0000] {processor.py:186} INFO - Started process (PID=1126) to work on /home/airflow/.local/lib/python3.12/site-packages/airflow/example_dags/example_datasets.py
[2026-07-18T20:58:28.358+0000] {processor.py:914} INFO - Processing file /home/airflow/.local/lib/python3.12/site-packages/airflow/example_dags/example_datasets.py for tasks to queue
[2026-07-18T20:58:28.361+0000] {logging_mixin.py:190} INFO - [2026-07-18T20:58:28.360+0000] {dagbag.py:588} INFO - Filling up the DagBag from /home/airflow/.local/lib/python3.12/site-packages/airflow/example_dags/example_datasets.py
[2026-07-18T20:58:28.822+0000] {processor.py:925} INFO - DAG(s) 'consume_1_or_both_2_and_3_with_dataset_expressions', 'dataset_consumes_1_never_scheduled', 'consume_1_or_2_with_dataset_expressions', 'dataset_produces_2', 'dataset_consumes_1_and_2', 'dataset_consumes_1', 'dataset_produces_1', 'dataset_consumes_unknown_never_scheduled', 'conditional_dataset_and_time_based_timetable', 'consume_1_and_2_with_dataset_expressions' retrieved from /home/airflow/.local/lib/python3.12/site-packages/airflow/example_dags/example_datasets.py
[2026-07-18T20:58:28.856+0000] {logging_mixin.py:190} INFO - [2026-07-18T20:58:28.856+0000] {dag.py:3239} INFO - Sync 10 DAGs
[2026-07-18T20:58:28.876+0000] {logging_mixin.py:190} INFO - [2026-07-18T20:58:28.876+0000] {dag.py:4180} INFO - Setting next_dagrun for conditional_dataset_and_time_based_timetable to 2026-07-15 01:00:00+00:00, run_after=2026-07-15 01:00:00+00:00
[2026-07-18T20:58:28.880+0000] {logging_mixin.py:190} INFO - [2026-07-18T20:58:28.880+0000] {dag.py:4180} INFO - Setting next_dagrun for consume_1_and_2_with_dataset_expressions to None, run_after=None
[2026-07-18T20:58:28.882+0000] {logging_mixin.py:190} INFO - [2026-07-18T20:58:28.882+0000] {dag.py:4180} INFO - Setting next_dagrun for consume_1_or_2_with_dataset_expressions to None, run_after=None
[2026-07-18T20:58:28.884+0000] {logging_mixin.py:190} INFO - [2026-07-18T20:58:28.884+0000] {dag.py:4180} INFO - Setting next_dagrun for consume_1_or_both_2_and_3_with_dataset_expressions to None, run_after=None
[2026-07-18T20:58:28.886+0000] {logging_mixin.py:190} INFO - [2026-07-18T20:58:28.886+0000] {dag.py:4180} INFO - Setting next_dagrun for dataset_consumes_1 to None, run_after=None
[2026-07-18T20:58:28.887+0000] {logging_mixin.py:190} INFO - [2026-07-18T20:58:28.887+0000] {dag.py:4180} INFO - Setting next_dagrun for dataset_consumes_1_and_2 to None, run_after=None
[2026-07-18T20:58:28.889+0000] {logging_mixin.py:190} INFO - [2026-07-18T20:58:28.889+0000] {dag.py:4180} INFO - Setting next_dagrun for dataset_consumes_1_never_scheduled to None, run_after=None
[2026-07-18T20:58:28.890+0000] {logging_mixin.py:190} INFO - [2026-07-18T20:58:28.890+0000] {dag.py:4180} INFO - Setting next_dagrun for dataset_consumes_unknown_never_scheduled to None, run_after=None
[2026-07-18T20:58:28.893+0000] {logging_mixin.py:190} INFO - [2026-07-18T20:58:28.893+0000] {dag.py:4180} INFO - Setting next_dagrun for dataset_produces_1 to 2026-07-17 00:00:00+00:00, run_after=2026-07-18 00:00:00+00:00
[2026-07-18T20:58:28.894+0000] {logging_mixin.py:190} INFO - [2026-07-18T20:58:28.894+0000] {dag.py:4180} INFO - Setting next_dagrun for dataset_produces_2 to None, run_after=None
[2026-07-18T20:58:28.921+0000] {processor.py:208} INFO - Processing /home/airflow/.local/lib/python3.12/site-packages/airflow/example_dags/example_datasets.py took 0.568 seconds
[2026-07-18T20:58:59.535+0000] {processor.py:186} INFO - Started process (PID=1194) to work on /home/airflow/.local/lib/python3.12/site-packages/airflow/example_dags/example_datasets.py
[2026-07-18T20:58:59.537+0000] {processor.py:914} INFO - Processing file /home/airflow/.local/lib/python3.12/site-packages/airflow/example_dags/example_datasets.py for tasks to queue
[2026-07-18T20:58:59.541+0000] {logging_mixin.py:190} INFO - [2026-07-18T20:58:59.541+0000] {dagbag.py:588} INFO - Filling up the DagBag from /home/airflow/.local/lib/python3.12/site-packages/airflow/example_dags/example_datasets.py
[2026-07-18T20:59:00.277+0000] {processor.py:925} INFO - DAG(s) 'consume_1_and_2_with_dataset_expressions', 'dataset_consumes_1', 'dataset_consumes_unknown_never_scheduled', 'dataset_produces_1', 'conditional_dataset_and_time_based_timetable', 'consume_1_or_both_2_and_3_with_dataset_expressions', 'dataset_consumes_1_and_2', 'consume_1_or_2_with_dataset_expressions', 'dataset_produces_2', 'dataset_consumes_1_never_scheduled' retrieved from /home/airflow/.local/lib/python3.12/site-packages/airflow/example_dags/example_datasets.py
[2026-07-18T20:59:00.337+0000] {logging_mixin.py:190} INFO - [2026-07-18T20:59:00.337+0000] {dag.py:3239} INFO - Sync 10 DAGs
[2026-07-18T20:59:00.367+0000] {logging_mixin.py:190} INFO - [2026-07-18T20:59:00.367+0000] {dag.py:4180} INFO - Setting next_dagrun for conditional_dataset_and_time_based_timetable to 2026-07-15 01:00:00+00:00, run_after=2026-07-15 01:00:00+00:00
[2026-07-18T20:59:00.373+0000] {logging_mixin.py:190} INFO - [2026-07-18T20:59:00.373+0000] {dag.py:4180} INFO - Setting next_dagrun for consume_1_and_2_with_dataset_expressions to None, run_after=None
[2026-07-18T20:59:00.377+0000] {logging_mixin.py:190} INFO - [2026-07-18T20:59:00.376+0000] {dag.py:4180} INFO - Setting next_dagrun for consume_1_or_2_with_dataset_expressions to None, run_after=None
[2026-07-18T20:59:00.380+0000] {logging_mixin.py:190} INFO - [2026-07-18T20:59:00.379+0000] {dag.py:4180} INFO - Setting next_dagrun for consume_1_or_both_2_and_3_with_dataset_expressions to None, run_after=None
[2026-07-18T20:59:00.383+0000] {logging_mixin.py:190} INFO - [2026-07-18T20:59:00.383+0000] {dag.py:4180} INFO - Setting next_dagrun for dataset_consumes_1 to None, run_after=None
[2026-07-18T20:59:00.386+0000] {logging_mixin.py:190} INFO - [2026-07-18T20:59:00.386+0000] {dag.py:4180} INFO - Setting next_dagrun for dataset_consumes_1_and_2 to None, run_after=None
[2026-07-18T20:59:00.390+0000] {logging_mixin.py:190} INFO - [2026-07-18T20:59:00.390+0000] {dag.py:4180} INFO - Setting next_dagrun for dataset_consumes_1_never_scheduled to None, run_after=None
[2026-07-18T20:59:00.394+0000] {logging_mixin.py:190} INFO - [2026-07-18T20:59:00.393+0000] {dag.py:4180} INFO - Setting next_dagrun for dataset_consumes_unknown_never_scheduled to None, run_after=None
[2026-07-18T20:59:00.398+0000] {logging_mixin.py:190} INFO - [2026-07-18T20:59:00.398+0000] {dag.py:4180} INFO - Setting next_dagrun for dataset_produces_1 to 2026-07-17 00:00:00+00:00, run_after=2026-07-18 00:00:00+00:00
[2026-07-18T20:59:00.402+0000] {logging_mixin.py:190} INFO - [2026-07-18T20:59:00.401+0000] {dag.py:4180} INFO - Setting next_dagrun for dataset_produces_2 to None, run_after=None
[2026-07-18T20:59:00.447+0000] {processor.py:208} INFO - Processing /home/airflow/.local/lib/python3.12/site-packages/airflow/example_dags/example_datasets.py took 0.919 seconds
[2026-07-18T20:59:30.710+0000] {processor.py:186} INFO - Started process (PID=1254) to work on /home/airflow/.local/lib/python3.12/site-packages/airflow/example_dags/example_datasets.py
[2026-07-18T20:59:30.711+0000] {processor.py:914} INFO - Processing file /home/airflow/.local/lib/python3.12/site-packages/airflow/example_dags/example_datasets.py for tasks to queue
[2026-07-18T20:59:30.714+0000] {logging_mixin.py:190} INFO - [2026-07-18T20:59:30.713+0000] {dagbag.py:588} INFO - Filling up the DagBag from /home/airflow/.local/lib/python3.12/site-packages/airflow/example_dags/example_datasets.py
[2026-07-18T20:59:31.190+0000] {processor.py:925} INFO - DAG(s) 'conditional_dataset_and_time_based_timetable', 'dataset_consumes_1_and_2', 'dataset_consumes_1', 'dataset_consumes_unknown_never_scheduled', 'dataset_produces_2', 'consume_1_or_both_2_and_3_with_dataset_expressions', 'consume_1_and_2_with_dataset_expressions', 'consume_1_or_2_with_dataset_expressions', 'dataset_consumes_1_never_scheduled', 'dataset_produces_1' retrieved from /home/airflow/.local/lib/python3.12/site-packages/airflow/example_dags/example_datasets.py
[2026-07-18T20:59:31.230+0000] {logging_mixin.py:190} INFO - [2026-07-18T20:59:31.230+0000] {dag.py:3239} INFO - Sync 10 DAGs
[2026-07-18T20:59:31.253+0000] {logging_mixin.py:190} INFO - [2026-07-18T20:59:31.253+0000] {dag.py:4180} INFO - Setting next_dagrun for conditional_dataset_and_time_based_timetable to 2026-07-15 01:00:00+00:00, run_after=2026-07-15 01:00:00+00:00
[2026-07-18T20:59:31.258+0000] {logging_mixin.py:190} INFO - [2026-07-18T20:59:31.257+0000] {dag.py:4180} INFO - Setting next_dagrun for consume_1_and_2_with_dataset_expressions to None, run_after=None
[2026-07-18T20:59:31.260+0000] {logging_mixin.py:190} INFO - [2026-07-18T20:59:31.260+0000] {dag.py:4180} INFO - Setting next_dagrun for consume_1_or_2_with_dataset_expressions to None, run_after=None
[2026-07-18T20:59:31.262+0000] {logging_mixin.py:190} INFO - [2026-07-18T20:59:31.262+0000] {dag.py:4180} INFO - Setting next_dagrun for consume_1_or_both_2_and_3_with_dataset_expressions to None, run_after=None
[2026-07-18T20:59:31.264+0000] {logging_mixin.py:190} INFO - [2026-07-18T20:59:31.264+0000] {dag.py:4180} INFO - Setting next_dagrun for dataset_consumes_1 to None, run_after=None
[2026-07-18T20:59:31.266+0000] {logging_mixin.py:190} INFO - [2026-07-18T20:59:31.266+0000] {dag.py:4180} INFO - Setting next_dagrun for dataset_consumes_1_and_2 to None, run_after=None
[2026-07-18T20:59:31.268+0000] {logging_mixin.py:190} INFO - [2026-07-18T20:59:31.268+0000] {dag.py:4180} INFO - Setting next_dagrun for dataset_consumes_1_never_scheduled to None, run_after=None
[2026-07-18T20:59:31.270+0000] {logging_mixin.py:190} INFO - [2026-07-18T20:59:31.270+0000] {dag.py:4180} INFO - Setting next_dagrun for dataset_consumes_unknown_never_scheduled to None, run_after=None
[2026-07-18T20:59:31.273+0000] {logging_mixin.py:190} INFO - [2026-07-18T20:59:31.272+0000] {dag.py:4180} INFO - Setting next_dagrun for dataset_produces_1 to 2026-07-17 00:00:00+00:00, run_after=2026-07-18 00:00:00+00:00
[2026-07-18T20:59:31.275+0000] {logging_mixin.py:190} INFO - [2026-07-18T20:59:31.274+0000] {dag.py:4180} INFO - Setting next_dagrun for dataset_produces_2 to None, run_after=None
[2026-07-18T20:59:31.305+0000] {processor.py:208} INFO - Processing /home/airflow/.local/lib/python3.12/site-packages/airflow/example_dags/example_datasets.py took 0.601 seconds
[2026-07-18T21:00:01.497+0000] {processor.py:186} INFO - Started process (PID=1318) to work on /home/airflow/.local/lib/python3.12/site-packages/airflow/example_dags/example_datasets.py
[2026-07-18T21:00:01.498+0000] {processor.py:914} INFO - Processing file /home/airflow/.local/lib/python3.12/site-packages/airflow/example_dags/example_datasets.py for tasks to queue
[2026-07-18T21:00:01.502+0000] {logging_mixin.py:190} INFO - [2026-07-18T21:00:01.502+0000] {dagbag.py:588} INFO - Filling up the DagBag from /home/airflow/.local/lib/python3.12/site-packages/airflow/example_dags/example_datasets.py
[2026-07-18T21:00:01.994+0000] {processor.py:925} INFO - DAG(s) 'dataset_consumes_1_and_2', 'dataset_produces_2', 'dataset_consumes_unknown_never_scheduled', 'conditional_dataset_and_time_based_timetable', 'dataset_consumes_1', 'dataset_produces_1', 'dataset_consumes_1_never_scheduled', 'consume_1_or_2_with_dataset_expressions', 'consume_1_and_2_with_dataset_expressions', 'consume_1_or_both_2_and_3_with_dataset_expressions' retrieved from /home/airflow/.local/lib/python3.12/site-packages/airflow/example_dags/example_datasets.py
[2026-07-18T21:00:02.035+0000] {logging_mixin.py:190} INFO - [2026-07-18T21:00:02.035+0000] {dag.py:3239} INFO - Sync 10 DAGs
[2026-07-18T21:00:02.057+0000] {logging_mixin.py:190} INFO - [2026-07-18T21:00:02.057+0000] {dag.py:4180} INFO - Setting next_dagrun for conditional_dataset_and_time_based_timetable to 2026-07-15 01:00:00+00:00, run_after=2026-07-15 01:00:00+00:00
[2026-07-18T21:00:02.062+0000] {logging_mixin.py:190} INFO - [2026-07-18T21:00:02.062+0000] {dag.py:4180} INFO - Setting next_dagrun for consume_1_and_2_with_dataset_expressions to None, run_after=None
[2026-07-18T21:00:02.064+0000] {logging_mixin.py:190} INFO - [2026-07-18T21:00:02.064+0000] {dag.py:4180} INFO - Setting next_dagrun for consume_1_or_2_with_dataset_expressions to None, run_after=None
[2026-07-18T21:00:02.066+0000] {logging_mixin.py:190} INFO - [2026-07-18T21:00:02.066+0000] {dag.py:4180} INFO - Setting next_dagrun for consume_1_or_both_2_and_3_with_dataset_expressions to None, run_after=None
[2026-07-18T21:00:02.069+0000] {logging_mixin.py:190} INFO - [2026-07-18T21:00:02.069+0000] {dag.py:4180} INFO - Setting next_dagrun for dataset_consumes_1 to None, run_after=None
[2026-07-18T21:00:02.071+0000] {logging_mixin.py:190} INFO - [2026-07-18T21:00:02.071+0000] {dag.py:4180} INFO - Setting next_dagrun for dataset_consumes_1_and_2 to None, run_after=None
[2026-07-18T21:00:02.073+0000] {logging_mixin.py:190} INFO - [2026-07-18T21:00:02.073+0000] {dag.py:4180} INFO - Setting next_dagrun for dataset_consumes_1_never_scheduled to None, run_after=None
[2026-07-18T21:00:02.075+0000] {logging_mixin.py:190} INFO - [2026-07-18T21:00:02.074+0000] {dag.py:4180} INFO - Setting next_dagrun for dataset_consumes_unknown_never_scheduled to None, run_after=None
[2026-07-18T21:00:02.077+0000] {logging_mixin.py:190} INFO - [2026-07-18T21:00:02.077+0000] {dag.py:4180} INFO - Setting next_dagrun for dataset_produces_1 to 2026-07-17 00:00:00+00:00, run_after=2026-07-18 00:00:00+00:00
[2026-07-18T21:00:02.079+0000] {logging_mixin.py:190} INFO - [2026-07-18T21:00:02.079+0000] {dag.py:4180} INFO - Setting next_dagrun for dataset_produces_2 to None, run_after=None
[2026-07-18T21:00:02.105+0000] {processor.py:208} INFO - Processing /home/airflow/.local/lib/python3.12/site-packages/airflow/example_dags/example_datasets.py took 0.614 seconds
[2026-07-18T21:00:32.830+0000] {processor.py:186} INFO - Started process (PID=1385) to work on /home/airflow/.local/lib/python3.12/site-packages/airflow/example_dags/example_datasets.py
[2026-07-18T21:00:32.831+0000] {processor.py:914} INFO - Processing file /home/airflow/.local/lib/python3.12/site-packages/airflow/example_dags/example_datasets.py for tasks to queue
[2026-07-18T21:00:32.834+0000] {logging_mixin.py:190} INFO - [2026-07-18T21:00:32.833+0000] {dagbag.py:588} INFO - Filling up the DagBag from /home/airflow/.local/lib/python3.12/site-packages/airflow/example_dags/example_datasets.py
[2026-07-18T21:00:33.360+0000] {processor.py:925} INFO - DAG(s) 'dataset_consumes_1_never_scheduled', 'dataset_consumes_1_and_2', 'dataset_consumes_1', 'consume_1_or_both_2_and_3_with_dataset_expressions', 'consume_1_or_2_with_dataset_expressions', 'dataset_consumes_unknown_never_scheduled', 'dataset_produces_1', 'conditional_dataset_and_time_based_timetable', 'dataset_produces_2', 'consume_1_and_2_with_dataset_expressions' retrieved from /home/airflow/.local/lib/python3.12/site-packages/airflow/example_dags/example_datasets.py
[2026-07-18T21:00:33.399+0000] {logging_mixin.py:190} INFO - [2026-07-18T21:00:33.399+0000] {dag.py:3239} INFO - Sync 10 DAGs
[2026-07-18T21:00:33.423+0000] {logging_mixin.py:190} INFO - [2026-07-18T21:00:33.423+0000] {dag.py:4180} INFO - Setting next_dagrun for conditional_dataset_and_time_based_timetable to 2026-07-15 01:00:00+00:00, run_after=2026-07-15 01:00:00+00:00
[2026-07-18T21:00:33.427+0000] {logging_mixin.py:190} INFO - [2026-07-18T21:00:33.427+0000] {dag.py:4180} INFO - Setting next_dagrun for consume_1_and_2_with_dataset_expressions to None, run_after=None
[2026-07-18T21:00:33.429+0000] {logging_mixin.py:190} INFO - [2026-07-18T21:00:33.429+0000] {dag.py:4180} INFO - Setting next_dagrun for consume_1_or_2_with_dataset_expressions to None, run_after=None
[2026-07-18T21:00:33.431+0000] {logging_mixin.py:190} INFO - [2026-07-18T21:00:33.430+0000] {dag.py:4180} INFO - Setting next_dagrun for consume_1_or_both_2_and_3_with_dataset_expressions to None, run_after=None
[2026-07-18T21:00:33.432+0000] {logging_mixin.py:190} INFO - [2026-07-18T21:00:33.432+0000] {dag.py:4180} INFO - Setting next_dagrun for dataset_consumes_1 to None, run_after=None
[2026-07-18T21:00:33.434+0000] {logging_mixin.py:190} INFO - [2026-07-18T21:00:33.434+0000] {dag.py:4180} INFO - Setting next_dagrun for dataset_consumes_1_and_2 to None, run_after=None
[2026-07-18T21:00:33.436+0000] {logging_mixin.py:190} INFO - [2026-07-18T21:00:33.436+0000] {dag.py:4180} INFO - Setting next_dagrun for dataset_consumes_1_never_scheduled to None, run_after=None
[2026-07-18T21:00:33.438+0000] {logging_mixin.py:190} INFO - [2026-07-18T21:00:33.438+0000] {dag.py:4180} INFO - Setting next_dagrun for dataset_consumes_unknown_never_scheduled to None, run_after=None
[2026-07-18T21:00:33.440+0000] {logging_mixin.py:190} INFO - [2026-07-18T21:00:33.440+0000] {dag.py:4180} INFO - Setting next_dagrun for dataset_produces_1 to 2026-07-17 00:00:00+00:00, run_after=2026-07-18 00:00:00+00:00
[2026-07-18T21:00:33.442+0000] {logging_mixin.py:190} INFO - [2026-07-18T21:00:33.442+0000] {dag.py:4180} INFO - Setting next_dagrun for dataset_produces_2 to None, run_after=None
[2026-07-18T21:00:33.470+0000] {processor.py:208} INFO - Processing /home/airflow/.local/lib/python3.12/site-packages/airflow/example_dags/example_datasets.py took 0.646 seconds
[2026-07-18T21:01:07.652+0000] {processor.py:186} INFO - Started process (PID=1452) to work on /home/airflow/.local/lib/python3.12/site-packages/airflow/example_dags/example_datasets.py
[2026-07-18T21:01:07.654+0000] {processor.py:914} INFO - Processing file /home/airflow/.local/lib/python3.12/site-packages/airflow/example_dags/example_datasets.py for tasks to queue
[2026-07-18T21:01:07.658+0000] {logging_mixin.py:190} INFO - [2026-07-18T21:01:07.657+0000] {dagbag.py:588} INFO - Filling up the DagBag from /home/airflow/.local/lib/python3.12/site-packages/airflow/example_dags/example_datasets.py
[2026-07-18T21:01:08.382+0000] {processor.py:925} INFO - DAG(s) 'dataset_consumes_1_and_2', 'conditional_dataset_and_time_based_timetable', 'dataset_produces_1', 'dataset_consumes_unknown_never_scheduled', 'consume_1_or_both_2_and_3_with_dataset_expressions', 'consume_1_or_2_with_dataset_expressions', 'dataset_produces_2', 'dataset_consumes_1_never_scheduled', 'consume_1_and_2_with_dataset_expressions', 'dataset_consumes_1' retrieved from /home/airflow/.local/lib/python3.12/site-packages/airflow/example_dags/example_datasets.py
[2026-07-18T21:01:08.451+0000] {logging_mixin.py:190} INFO - [2026-07-18T21:01:08.451+0000] {dag.py:3239} INFO - Sync 10 DAGs
[2026-07-18T21:01:08.485+0000] {logging_mixin.py:190} INFO - [2026-07-18T21:01:08.484+0000] {dag.py:4180} INFO - Setting next_dagrun for conditional_dataset_and_time_based_timetable to 2026-07-15 01:00:00+00:00, run_after=2026-07-15 01:00:00+00:00
[2026-07-18T21:01:08.492+0000] {logging_mixin.py:190} INFO - [2026-07-18T21:01:08.491+0000] {dag.py:4180} INFO - Setting next_dagrun for consume_1_and_2_with_dataset_expressions to None, run_after=None
[2026-07-18T21:01:08.495+0000] {logging_mixin.py:190} INFO - [2026-07-18T21:01:08.495+0000] {dag.py:4180} INFO - Setting next_dagrun for consume_1_or_2_with_dataset_expressions to None, run_after=None
[2026-07-18T21:01:08.498+0000] {logging_mixin.py:190} INFO - [2026-07-18T21:01:08.497+0000] {dag.py:4180} INFO - Setting next_dagrun for consume_1_or_both_2_and_3_with_dataset_expressions to None, run_after=None
[2026-07-18T21:01:08.502+0000] {logging_mixin.py:190} INFO - [2026-07-18T21:01:08.502+0000] {dag.py:4180} INFO - Setting next_dagrun for dataset_consumes_1 to None, run_after=None
[2026-07-18T21:01:08.507+0000] {logging_mixin.py:190} INFO - [2026-07-18T21:01:08.506+0000] {dag.py:4180} INFO - Setting next_dagrun for dataset_consumes_1_and_2 to None, run_after=None
[2026-07-18T21:01:08.510+0000] {logging_mixin.py:190} INFO - [2026-07-18T21:01:08.509+0000] {dag.py:4180} INFO - Setting next_dagrun for dataset_consumes_1_never_scheduled to None, run_after=None
[2026-07-18T21:01:08.513+0000] {logging_mixin.py:190} INFO - [2026-07-18T21:01:08.513+0000] {dag.py:4180} INFO - Setting next_dagrun for dataset_consumes_unknown_never_scheduled to None, run_after=None
[2026-07-18T21:01:08.518+0000] {logging_mixin.py:190} INFO - [2026-07-18T21:01:08.518+0000] {dag.py:4180} INFO - Setting next_dagrun for dataset_produces_1 to 2026-07-17 00:00:00+00:00, run_after=2026-07-18 00:00:00+00:00
[2026-07-18T21:01:08.521+0000] {logging_mixin.py:190} INFO - [2026-07-18T21:01:08.521+0000] {dag.py:4180} INFO - Setting next_dagrun for dataset_produces_2 to None, run_after=None
[2026-07-18T21:01:08.580+0000] {processor.py:208} INFO - Processing /home/airflow/.local/lib/python3.12/site-packages/airflow/example_dags/example_datasets.py took 0.936 seconds
[2026-07-18T21:01:39.024+0000] {processor.py:186} INFO - Started process (PID=1515) to work on /home/airflow/.local/lib/python3.12/site-packages/airflow/example_dags/example_datasets.py
[2026-07-18T21:01:39.026+0000] {processor.py:914} INFO - Processing file /home/airflow/.local/lib/python3.12/site-packages/airflow/example_dags/example_datasets.py for tasks to queue
[2026-07-18T21:01:39.031+0000] {logging_mixin.py:190} INFO - [2026-07-18T21:01:39.030+0000] {dagbag.py:588} INFO - Filling up the DagBag from /home/airflow/.local/lib/python3.12/site-packages/airflow/example_dags/example_datasets.py
[2026-07-18T21:01:40.231+0000] {processor.py:925} INFO - DAG(s) 'dataset_consumes_unknown_never_scheduled', 'dataset_consumes_1_and_2', 'consume_1_or_both_2_and_3_with_dataset_expressions', 'conditional_dataset_and_time_based_timetable', 'consume_1_and_2_with_dataset_expressions', 'dataset_consumes_1_never_scheduled', 'consume_1_or_2_with_dataset_expressions', 'dataset_produces_1', 'dataset_produces_2', 'dataset_consumes_1' retrieved from /home/airflow/.local/lib/python3.12/site-packages/airflow/example_dags/example_datasets.py
[2026-07-18T21:01:40.299+0000] {logging_mixin.py:190} INFO - [2026-07-18T21:01:40.298+0000] {dag.py:3239} INFO - Sync 10 DAGs
[2026-07-18T21:01:40.355+0000] {logging_mixin.py:190} INFO - [2026-07-18T21:01:40.355+0000] {dag.py:4180} INFO - Setting next_dagrun for conditional_dataset_and_time_based_timetable to 2026-07-15 01:00:00+00:00, run_after=2026-07-15 01:00:00+00:00
[2026-07-18T21:01:40.364+0000] {logging_mixin.py:190} INFO - [2026-07-18T21:01:40.363+0000] {dag.py:4180} INFO - Setting next_dagrun for consume_1_and_2_with_dataset_expressions to None, run_after=None
[2026-07-18T21:01:40.368+0000] {logging_mixin.py:190} INFO - [2026-07-18T21:01:40.368+0000] {dag.py:4180} INFO - Setting next_dagrun for consume_1_or_2_with_dataset_expressions to None, run_after=None
[2026-07-18T21:01:40.372+0000] {logging_mixin.py:190} INFO - [2026-07-18T21:01:40.372+0000] {dag.py:4180} INFO - Setting next_dagrun for consume_1_or_both_2_and_3_with_dataset_expressions to None, run_after=None
[2026-07-18T21:01:40.375+0000] {logging_mixin.py:190} INFO - [2026-07-18T21:01:40.375+0000] {dag.py:4180} INFO - Setting next_dagrun for dataset_consumes_1 to None, run_after=None
[2026-07-18T21:01:40.379+0000] {logging_mixin.py:190} INFO - [2026-07-18T21:01:40.379+0000] {dag.py:4180} INFO - Setting next_dagrun for dataset_consumes_1_and_2 to None, run_after=None
[2026-07-18T21:01:40.383+0000] {logging_mixin.py:190} INFO - [2026-07-18T21:01:40.383+0000] {dag.py:4180} INFO - Setting next_dagrun for dataset_consumes_1_never_scheduled to None, run_after=None
[2026-07-18T21:01:40.388+0000] {logging_mixin.py:190} INFO - [2026-07-18T21:01:40.387+0000] {dag.py:4180} INFO - Setting next_dagrun for dataset_consumes_unknown_never_scheduled to None, run_after=None
[2026-07-18T21:01:40.396+0000] {logging_mixin.py:190} INFO - [2026-07-18T21:01:40.395+0000] {dag.py:4180} INFO - Setting next_dagrun for dataset_produces_1 to 2026-07-17 00:00:00+00:00, run_after=2026-07-18 00:00:00+00:00
[2026-07-18T21:01:40.401+0000] {logging_mixin.py:190} INFO - [2026-07-18T21:01:40.400+0000] {dag.py:4180} INFO - Setting next_dagrun for dataset_produces_2 to None, run_after=None
[2026-07-18T21:01:40.496+0000] {processor.py:208} INFO - Processing /home/airflow/.local/lib/python3.12/site-packages/airflow/example_dags/example_datasets.py took 1.481 seconds
[2026-07-18T21:02:10.787+0000] {processor.py:186} INFO - Started process (PID=1582) to work on /home/airflow/.local/lib/python3.12/site-packages/airflow/example_dags/example_datasets.py
[2026-07-18T21:02:10.790+0000] {processor.py:914} INFO - Processing file /home/airflow/.local/lib/python3.12/site-packages/airflow/example_dags/example_datasets.py for tasks to queue
[2026-07-18T21:02:10.797+0000] {logging_mixin.py:190} INFO - [2026-07-18T21:02:10.796+0000] {dagbag.py:588} INFO - Filling up the DagBag from /home/airflow/.local/lib/python3.12/site-packages/airflow/example_dags/example_datasets.py
[2026-07-18T21:02:11.754+0000] {processor.py:925} INFO - DAG(s) 'consume_1_and_2_with_dataset_expressions', 'dataset_produces_1', 'consume_1_or_both_2_and_3_with_dataset_expressions', 'dataset_consumes_unknown_never_scheduled', 'dataset_consumes_1', 'consume_1_or_2_with_dataset_expressions', 'conditional_dataset_and_time_based_timetable', 'dataset_produces_2', 'dataset_consumes_1_never_scheduled', 'dataset_consumes_1_and_2' retrieved from /home/airflow/.local/lib/python3.12/site-packages/airflow/example_dags/example_datasets.py
[2026-07-18T21:02:11.831+0000] {logging_mixin.py:190} INFO - [2026-07-18T21:02:11.831+0000] {dag.py:3239} INFO - Sync 10 DAGs
[2026-07-18T21:02:11.891+0000] {logging_mixin.py:190} INFO - [2026-07-18T21:02:11.891+0000] {dag.py:4180} INFO - Setting next_dagrun for conditional_dataset_and_time_based_timetable to 2026-07-15 01:00:00+00:00, run_after=2026-07-15 01:00:00+00:00
[2026-07-18T21:02:11.917+0000] {logging_mixin.py:190} INFO - [2026-07-18T21:02:11.917+0000] {dag.py:4180} INFO - Setting next_dagrun for consume_1_and_2_with_dataset_expressions to None, run_after=None
[2026-07-18T21:02:11.989+0000] {logging_mixin.py:190} INFO - [2026-07-18T21:02:11.988+0000] {dag.py:4180} INFO - Setting next_dagrun for consume_1_or_2_with_dataset_expressions to None, run_after=None
[2026-07-18T21:02:11.994+0000] {logging_mixin.py:190} INFO - [2026-07-18T21:02:11.994+0000] {dag.py:4180} INFO - Setting next_dagrun for consume_1_or_both_2_and_3_with_dataset_expressions to None, run_after=None
[2026-07-18T21:02:12.001+0000] {logging_mixin.py:190} INFO - [2026-07-18T21:02:12.001+0000] {dag.py:4180} INFO - Setting next_dagrun for dataset_consumes_1 to None, run_after=None
[2026-07-18T21:02:12.027+0000] {logging_mixin.py:190} INFO - [2026-07-18T21:02:12.027+0000] {dag.py:4180} INFO - Setting next_dagrun for dataset_consumes_1_and_2 to None, run_after=None
[2026-07-18T21:02:12.037+0000] {logging_mixin.py:190} INFO - [2026-07-18T21:02:12.037+0000] {dag.py:4180} INFO - Setting next_dagrun for dataset_consumes_1_never_scheduled to None, run_after=None
[2026-07-18T21:02:12.043+0000] {logging_mixin.py:190} INFO - [2026-07-18T21:02:12.042+0000] {dag.py:4180} INFO - Setting next_dagrun for dataset_consumes_unknown_never_scheduled to None, run_after=None
[2026-07-18T21:02:12.057+0000] {logging_mixin.py:190} INFO - [2026-07-18T21:02:12.056+0000] {dag.py:4180} INFO - Setting next_dagrun for dataset_produces_1 to 2026-07-17 00:00:00+00:00, run_after=2026-07-18 00:00:00+00:00
[2026-07-18T21:02:12.069+0000] {logging_mixin.py:190} INFO - [2026-07-18T21:02:12.069+0000] {dag.py:4180} INFO - Setting next_dagrun for dataset_produces_2 to None, run_after=None
[2026-07-18T21:02:12.145+0000] {processor.py:208} INFO - Processing /home/airflow/.local/lib/python3.12/site-packages/airflow/example_dags/example_datasets.py took 1.369 seconds
[2026-07-18T21:02:42.969+0000] {processor.py:186} INFO - Started process (PID=1651) to work on /home/airflow/.local/lib/python3.12/site-packages/airflow/example_dags/example_datasets.py
[2026-07-18T21:02:42.972+0000] {processor.py:914} INFO - Processing file /home/airflow/.local/lib/python3.12/site-packages/airflow/example_dags/example_datasets.py for tasks to queue
[2026-07-18T21:02:42.978+0000] {logging_mixin.py:190} INFO - [2026-07-18T21:02:42.977+0000] {dagbag.py:588} INFO - Filling up the DagBag from /home/airflow/.local/lib/python3.12/site-packages/airflow/example_dags/example_datasets.py
[2026-07-18T21:02:44.118+0000] {processor.py:925} INFO - DAG(s) 'consume_1_or_both_2_and_3_with_dataset_expressions', 'dataset_consumes_1_and_2', 'consume_1_or_2_with_dataset_expressions', 'dataset_produces_2', 'consume_1_and_2_with_dataset_expressions', 'dataset_produces_1', 'conditional_dataset_and_time_based_timetable', 'dataset_consumes_1', 'dataset_consumes_1_never_scheduled', 'dataset_consumes_unknown_never_scheduled' retrieved from /home/airflow/.local/lib/python3.12/site-packages/airflow/example_dags/example_datasets.py
[2026-07-18T21:02:44.279+0000] {logging_mixin.py:190} INFO - [2026-07-18T21:02:44.278+0000] {dag.py:3239} INFO - Sync 10 DAGs
[2026-07-18T21:02:44.351+0000] {logging_mixin.py:190} INFO - [2026-07-18T21:02:44.351+0000] {dag.py:4180} INFO - Setting next_dagrun for conditional_dataset_and_time_based_timetable to 2026-07-15 01:00:00+00:00, run_after=2026-07-15 01:00:00+00:00
[2026-07-18T21:02:44.365+0000] {logging_mixin.py:190} INFO - [2026-07-18T21:02:44.364+0000] {dag.py:4180} INFO - Setting next_dagrun for consume_1_and_2_with_dataset_expressions to None, run_after=None
[2026-07-18T21:02:44.371+0000] {logging_mixin.py:190} INFO - [2026-07-18T21:02:44.371+0000] {dag.py:4180} INFO - Setting next_dagrun for consume_1_or_2_with_dataset_expressions to None, run_after=None
[2026-07-18T21:02:44.379+0000] {logging_mixin.py:190} INFO - [2026-07-18T21:02:44.378+0000] {dag.py:4180} INFO - Setting next_dagrun for consume_1_or_both_2_and_3_with_dataset_expressions to None, run_after=None
[2026-07-18T21:02:44.385+0000] {logging_mixin.py:190} INFO - [2026-07-18T21:02:44.384+0000] {dag.py:4180} INFO - Setting next_dagrun for dataset_consumes_1 to None, run_after=None
[2026-07-18T21:02:44.390+0000] {logging_mixin.py:190} INFO - [2026-07-18T21:02:44.390+0000] {dag.py:4180} INFO - Setting next_dagrun for dataset_consumes_1_and_2 to None, run_after=None
[2026-07-18T21:02:44.397+0000] {logging_mixin.py:190} INFO - [2026-07-18T21:02:44.396+0000] {dag.py:4180} INFO - Setting next_dagrun for dataset_consumes_1_never_scheduled to None, run_after=None
[2026-07-18T21:02:44.402+0000] {logging_mixin.py:190} INFO - [2026-07-18T21:02:44.401+0000] {dag.py:4180} INFO - Setting next_dagrun for dataset_consumes_unknown_never_scheduled to None, run_after=None
[2026-07-18T21:02:44.411+0000] {logging_mixin.py:190} INFO - [2026-07-18T21:02:44.411+0000] {dag.py:4180} INFO - Setting next_dagrun for dataset_produces_1 to 2026-07-17 00:00:00+00:00, run_after=2026-07-18 00:00:00+00:00
[2026-07-18T21:02:44.417+0000] {logging_mixin.py:190} INFO - [2026-07-18T21:02:44.417+0000] {dag.py:4180} INFO - Setting next_dagrun for dataset_produces_2 to None, run_after=None
[2026-07-18T21:02:44.513+0000] {processor.py:208} INFO - Processing /home/airflow/.local/lib/python3.12/site-packages/airflow/example_dags/example_datasets.py took 1.554 seconds
[2026-07-18T21:03:15.324+0000] {processor.py:186} INFO - Started process (PID=1717) to work on /home/airflow/.local/lib/python3.12/site-packages/airflow/example_dags/example_datasets.py
[2026-07-18T21:03:15.331+0000] {processor.py:914} INFO - Processing file /home/airflow/.local/lib/python3.12/site-packages/airflow/example_dags/example_datasets.py for tasks to queue
[2026-07-18T21:03:15.340+0000] {logging_mixin.py:190} INFO - [2026-07-18T21:03:15.339+0000] {dagbag.py:588} INFO - Filling up the DagBag from /home/airflow/.local/lib/python3.12/site-packages/airflow/example_dags/example_datasets.py
[2026-07-18T21:03:16.407+0000] {processor.py:925} INFO - DAG(s) 'dataset_consumes_unknown_never_scheduled', 'dataset_consumes_1_and_2', 'dataset_consumes_1_never_scheduled', 'dataset_produces_2', 'consume_1_or_2_with_dataset_expressions', 'consume_1_or_both_2_and_3_with_dataset_expressions', 'conditional_dataset_and_time_based_timetable', 'dataset_consumes_1', 'consume_1_and_2_with_dataset_expressions', 'dataset_produces_1' retrieved from /home/airflow/.local/lib/python3.12/site-packages/airflow/example_dags/example_datasets.py
[2026-07-18T21:03:16.524+0000] {logging_mixin.py:190} INFO - [2026-07-18T21:03:16.523+0000] {dag.py:3239} INFO - Sync 10 DAGs
[2026-07-18T21:03:16.570+0000] {logging_mixin.py:190} INFO - [2026-07-18T21:03:16.570+0000] {dag.py:4180} INFO - Setting next_dagrun for conditional_dataset_and_time_based_timetable to 2026-07-15 01:00:00+00:00, run_after=2026-07-15 01:00:00+00:00
[2026-07-18T21:03:16.580+0000] {logging_mixin.py:190} INFO - [2026-07-18T21:03:16.580+0000] {dag.py:4180} INFO - Setting next_dagrun for consume_1_and_2_with_dataset_expressions to None, run_after=None
[2026-07-18T21:03:16.584+0000] {logging_mixin.py:190} INFO - [2026-07-18T21:03:16.584+0000] {dag.py:4180} INFO - Setting next_dagrun for consume_1_or_2_with_dataset_expressions to None, run_after=None
[2026-07-18T21:03:16.588+0000] {logging_mixin.py:190} INFO - [2026-07-18T21:03:16.588+0000] {dag.py:4180} INFO - Setting next_dagrun for consume_1_or_both_2_and_3_with_dataset_expressions to None, run_after=None
[2026-07-18T21:03:16.592+0000] {logging_mixin.py:190} INFO - [2026-07-18T21:03:16.592+0000] {dag.py:4180} INFO - Setting next_dagrun for dataset_consumes_1 to None, run_after=None
[2026-07-18T21:03:16.596+0000] {logging_mixin.py:190} INFO - [2026-07-18T21:03:16.595+0000] {dag.py:4180} INFO - Setting next_dagrun for dataset_consumes_1_and_2 to None, run_after=None
[2026-07-18T21:03:16.600+0000] {logging_mixin.py:190} INFO - [2026-07-18T21:03:16.599+0000] {dag.py:4180} INFO - Setting next_dagrun for dataset_consumes_1_never_scheduled to None, run_after=None
[2026-07-18T21:03:16.603+0000] {logging_mixin.py:190} INFO - [2026-07-18T21:03:16.603+0000] {dag.py:4180} INFO - Setting next_dagrun for dataset_consumes_unknown_never_scheduled to None, run_after=None
[2026-07-18T21:03:16.607+0000] {logging_mixin.py:190} INFO - [2026-07-18T21:03:16.607+0000] {dag.py:4180} INFO - Setting next_dagrun for dataset_produces_1 to 2026-07-17 00:00:00+00:00, run_after=2026-07-18 00:00:00+00:00
[2026-07-18T21:03:16.611+0000] {logging_mixin.py:190} INFO - [2026-07-18T21:03:16.610+0000] {dag.py:4180} INFO - Setting next_dagrun for dataset_produces_2 to None, run_after=None
[2026-07-18T21:03:16.664+0000] {processor.py:208} INFO - Processing /home/airflow/.local/lib/python3.12/site-packages/airflow/example_dags/example_datasets.py took 1.365 seconds
[2026-07-18T21:03:47.354+0000] {processor.py:186} INFO - Started process (PID=1784) to work on /home/airflow/.local/lib/python3.12/site-packages/airflow/example_dags/example_datasets.py
[2026-07-18T21:03:47.357+0000] {processor.py:914} INFO - Processing file /home/airflow/.local/lib/python3.12/site-packages/airflow/example_dags/example_datasets.py for tasks to queue
[2026-07-18T21:03:47.365+0000] {logging_mixin.py:190} INFO - [2026-07-18T21:03:47.364+0000] {dagbag.py:588} INFO - Filling up the DagBag from /home/airflow/.local/lib/python3.12/site-packages/airflow/example_dags/example_datasets.py
[2026-07-18T21:03:48.481+0000] {processor.py:925} INFO - DAG(s) 'consume_1_or_2_with_dataset_expressions', 'dataset_consumes_1_and_2', 'dataset_produces_2', 'consume_1_and_2_with_dataset_expressions', 'consume_1_or_both_2_and_3_with_dataset_expressions', 'dataset_consumes_unknown_never_scheduled', 'dataset_produces_1', 'dataset_consumes_1', 'dataset_consumes_1_never_scheduled', 'conditional_dataset_and_time_based_timetable' retrieved from /home/airflow/.local/lib/python3.12/site-packages/airflow/example_dags/example_datasets.py
[2026-07-18T21:03:48.591+0000] {logging_mixin.py:190} INFO - [2026-07-18T21:03:48.590+0000] {dag.py:3239} INFO - Sync 10 DAGs
[2026-07-18T21:03:48.638+0000] {logging_mixin.py:190} INFO - [2026-07-18T21:03:48.638+0000] {dag.py:4180} INFO - Setting next_dagrun for conditional_dataset_and_time_based_timetable to 2026-07-15 01:00:00+00:00, run_after=2026-07-15 01:00:00+00:00
[2026-07-18T21:03:48.647+0000] {logging_mixin.py:190} INFO - [2026-07-18T21:03:48.647+0000] {dag.py:4180} INFO - Setting next_dagrun for consume_1_and_2_with_dataset_expressions to None, run_after=None
[2026-07-18T21:03:48.653+0000] {logging_mixin.py:190} INFO - [2026-07-18T21:03:48.653+0000] {dag.py:4180} INFO - Setting next_dagrun for consume_1_or_2_with_dataset_expressions to None, run_after=None
[2026-07-18T21:03:48.657+0000] {logging_mixin.py:190} INFO - [2026-07-18T21:03:48.657+0000] {dag.py:4180} INFO - Setting next_dagrun for consume_1_or_both_2_and_3_with_dataset_expressions to None, run_after=None
[2026-07-18T21:03:48.661+0000] {logging_mixin.py:190} INFO - [2026-07-18T21:03:48.661+0000] {dag.py:4180} INFO - Setting next_dagrun for dataset_consumes_1 to None, run_after=None
[2026-07-18T21:03:48.665+0000] {logging_mixin.py:190} INFO - [2026-07-18T21:03:48.665+0000] {dag.py:4180} INFO - Setting next_dagrun for dataset_consumes_1_and_2 to None, run_after=None
[2026-07-18T21:03:48.670+0000] {logging_mixin.py:190} INFO - [2026-07-18T21:03:48.669+0000] {dag.py:4180} INFO - Setting next_dagrun for dataset_consumes_1_never_scheduled to None, run_after=None
[2026-07-18T21:03:48.674+0000] {logging_mixin.py:190} INFO - [2026-07-18T21:03:48.673+0000] {dag.py:4180} INFO - Setting next_dagrun for dataset_consumes_unknown_never_scheduled to None, run_after=None
[2026-07-18T21:03:48.682+0000] {logging_mixin.py:190} INFO - [2026-07-18T21:03:48.682+0000] {dag.py:4180} INFO - Setting next_dagrun for dataset_produces_1 to 2026-07-17 00:00:00+00:00, run_after=2026-07-18 00:00:00+00:00
[2026-07-18T21:03:48.689+0000] {logging_mixin.py:190} INFO - [2026-07-18T21:03:48.688+0000] {dag.py:4180} INFO - Setting next_dagrun for dataset_produces_2 to None, run_after=None
[2026-07-18T21:03:48.843+0000] {processor.py:208} INFO - Processing /home/airflow/.local/lib/python3.12/site-packages/airflow/example_dags/example_datasets.py took 1.501 seconds
[2026-07-18T21:04:19.772+0000] {processor.py:186} INFO - Started process (PID=1852) to work on /home/airflow/.local/lib/python3.12/site-packages/airflow/example_dags/example_datasets.py
[2026-07-18T21:04:19.775+0000] {processor.py:914} INFO - Processing file /home/airflow/.local/lib/python3.12/site-packages/airflow/example_dags/example_datasets.py for tasks to queue
[2026-07-18T21:04:19.783+0000] {logging_mixin.py:190} INFO - [2026-07-18T21:04:19.782+0000] {dagbag.py:588} INFO - Filling up the DagBag from /home/airflow/.local/lib/python3.12/site-packages/airflow/example_dags/example_datasets.py
[2026-07-18T21:04:20.764+0000] {processor.py:925} INFO - DAG(s) 'dataset_consumes_1_and_2', 'dataset_consumes_1', 'conditional_dataset_and_time_based_timetable', 'dataset_produces_2', 'consume_1_or_both_2_and_3_with_dataset_expressions', 'consume_1_and_2_with_dataset_expressions', 'dataset_consumes_unknown_never_scheduled', 'dataset_produces_1', 'consume_1_or_2_with_dataset_expressions', 'dataset_consumes_1_never_scheduled' retrieved from /home/airflow/.local/lib/python3.12/site-packages/airflow/example_dags/example_datasets.py
[2026-07-18T21:04:20.841+0000] {logging_mixin.py:190} INFO - [2026-07-18T21:04:20.841+0000] {dag.py:3239} INFO - Sync 10 DAGs
[2026-07-18T21:04:20.884+0000] {logging_mixin.py:190} INFO - [2026-07-18T21:04:20.884+0000] {dag.py:4180} INFO - Setting next_dagrun for conditional_dataset_and_time_based_timetable to 2026-07-15 01:00:00+00:00, run_after=2026-07-15 01:00:00+00:00
[2026-07-18T21:04:20.891+0000] {logging_mixin.py:190} INFO - [2026-07-18T21:04:20.891+0000] {dag.py:4180} INFO - Setting next_dagrun for consume_1_and_2_with_dataset_expressions to None, run_after=None
[2026-07-18T21:04:20.895+0000] {logging_mixin.py:190} INFO - [2026-07-18T21:04:20.895+0000] {dag.py:4180} INFO - Setting next_dagrun for consume_1_or_2_with_dataset_expressions to None, run_after=None
[2026-07-18T21:04:20.899+0000] {logging_mixin.py:190} INFO - [2026-07-18T21:04:20.899+0000] {dag.py:4180} INFO - Setting next_dagrun for consume_1_or_both_2_and_3_with_dataset_expressions to None, run_after=None
[2026-07-18T21:04:20.902+0000] {logging_mixin.py:190} INFO - [2026-07-18T21:04:20.902+0000] {dag.py:4180} INFO - Setting next_dagrun for dataset_consumes_1 to None, run_after=None
[2026-07-18T21:04:20.905+0000] {logging_mixin.py:190} INFO - [2026-07-18T21:04:20.905+0000] {dag.py:4180} INFO - Setting next_dagrun for dataset_consumes_1_and_2 to None, run_after=None
[2026-07-18T21:04:20.908+0000] {logging_mixin.py:190} INFO - [2026-07-18T21:04:20.908+0000] {dag.py:4180} INFO - Setting next_dagrun for dataset_consumes_1_never_scheduled to None, run_after=None
[2026-07-18T21:04:20.911+0000] {logging_mixin.py:190} INFO - [2026-07-18T21:04:20.911+0000] {dag.py:4180} INFO - Setting next_dagrun for dataset_consumes_unknown_never_scheduled to None, run_after=None
[2026-07-18T21:04:20.916+0000] {logging_mixin.py:190} INFO - [2026-07-18T21:04:20.916+0000] {dag.py:4180} INFO - Setting next_dagrun for dataset_produces_1 to 2026-07-17 00:00:00+00:00, run_after=2026-07-18 00:00:00+00:00
[2026-07-18T21:04:20.920+0000] {logging_mixin.py:190} INFO - [2026-07-18T21:04:20.920+0000] {dag.py:4180} INFO - Setting next_dagrun for dataset_produces_2 to None, run_after=None
[2026-07-18T21:04:21.042+0000] {processor.py:208} INFO - Processing /home/airflow/.local/lib/python3.12/site-packages/airflow/example_dags/example_datasets.py took 1.279 seconds
[2026-07-18T21:04:51.783+0000] {processor.py:186} INFO - Started process (PID=1915) to work on /home/airflow/.local/lib/python3.12/site-packages/airflow/example_dags/example_datasets.py
[2026-07-18T21:04:51.788+0000] {processor.py:914} INFO - Processing file /home/airflow/.local/lib/python3.12/site-packages/airflow/example_dags/example_datasets.py for tasks to queue
[2026-07-18T21:04:51.799+0000] {logging_mixin.py:190} INFO - [2026-07-18T21:04:51.798+0000] {dagbag.py:588} INFO - Filling up the DagBag from /home/airflow/.local/lib/python3.12/site-packages/airflow/example_dags/example_datasets.py
[2026-07-18T21:04:52.774+0000] {processor.py:925} INFO - DAG(s) 'dataset_produces_1', 'consume_1_and_2_with_dataset_expressions', 'conditional_dataset_and_time_based_timetable', 'dataset_consumes_1', 'consume_1_or_2_with_dataset_expressions', 'dataset_consumes_1_never_scheduled', 'dataset_consumes_unknown_never_scheduled', 'dataset_consumes_1_and_2', 'consume_1_or_both_2_and_3_with_dataset_expressions', 'dataset_produces_2' retrieved from /home/airflow/.local/lib/python3.12/site-packages/airflow/example_dags/example_datasets.py
[2026-07-18T21:04:52.840+0000] {logging_mixin.py:190} INFO - [2026-07-18T21:04:52.839+0000] {dag.py:3239} INFO - Sync 10 DAGs
[2026-07-18T21:04:52.886+0000] {logging_mixin.py:190} INFO - [2026-07-18T21:04:52.886+0000] {dag.py:4180} INFO - Setting next_dagrun for conditional_dataset_and_time_based_timetable to 2026-07-15 01:00:00+00:00, run_after=2026-07-15 01:00:00+00:00
[2026-07-18T21:04:52.896+0000] {logging_mixin.py:190} INFO - [2026-07-18T21:04:52.895+0000] {dag.py:4180} INFO - Setting next_dagrun for consume_1_and_2_with_dataset_expressions to None, run_after=None
[2026-07-18T21:04:52.900+0000] {logging_mixin.py:190} INFO - [2026-07-18T21:04:52.899+0000] {dag.py:4180} INFO - Setting next_dagrun for consume_1_or_2_with_dataset_expressions to None, run_after=None
[2026-07-18T21:04:52.903+0000] {logging_mixin.py:190} INFO - [2026-07-18T21:04:52.903+0000] {dag.py:4180} INFO - Setting next_dagrun for consume_1_or_both_2_and_3_with_dataset_expressions to None, run_after=None
[2026-07-18T21:04:52.906+0000] {logging_mixin.py:190} INFO - [2026-07-18T21:04:52.906+0000] {dag.py:4180} INFO - Setting next_dagrun for dataset_consumes_1 to None, run_after=None
[2026-07-18T21:04:52.910+0000] {logging_mixin.py:190} INFO - [2026-07-18T21:04:52.909+0000] {dag.py:4180} INFO - Setting next_dagrun for dataset_consumes_1_and_2 to None, run_after=None
[2026-07-18T21:04:52.913+0000] {logging_mixin.py:190} INFO - [2026-07-18T21:04:52.913+0000] {dag.py:4180} INFO - Setting next_dagrun for dataset_consumes_1_never_scheduled to None, run_after=None
[2026-07-18T21:04:52.916+0000] {logging_mixin.py:190} INFO - [2026-07-18T21:04:52.916+0000] {dag.py:4180} INFO - Setting next_dagrun for dataset_consumes_unknown_never_scheduled to None, run_after=None
[2026-07-18T21:04:52.921+0000] {logging_mixin.py:190} INFO - [2026-07-18T21:04:52.921+0000] {dag.py:4180} INFO - Setting next_dagrun for dataset_produces_1 to 2026-07-17 00:00:00+00:00, run_after=2026-07-18 00:00:00+00:00
[2026-07-18T21:04:52.925+0000] {logging_mixin.py:190} INFO - [2026-07-18T21:04:52.925+0000] {dag.py:4180} INFO - Setting next_dagrun for dataset_produces_2 to None, run_after=None
[2026-07-18T21:04:52.968+0000] {processor.py:208} INFO - Processing /home/airflow/.local/lib/python3.12/site-packages/airflow/example_dags/example_datasets.py took 1.202 seconds
[2026-07-18T21:05:23.558+0000] {processor.py:186} INFO - Started process (PID=1978) to work on /home/airflow/.local/lib/python3.12/site-packages/airflow/example_dags/example_datasets.py
[2026-07-18T21:05:23.559+0000] {processor.py:914} INFO - Processing file /home/airflow/.local/lib/python3.12/site-packages/airflow/example_dags/example_datasets.py for tasks to queue
[2026-07-18T21:05:23.562+0000] {logging_mixin.py:190} INFO - [2026-07-18T21:05:23.561+0000] {dagbag.py:588} INFO - Filling up the DagBag from /home/airflow/.local/lib/python3.12/site-packages/airflow/example_dags/example_datasets.py
[2026-07-18T21:05:23.980+0000] {processor.py:925} INFO - DAG(s) 'consume_1_or_2_with_dataset_expressions', 'dataset_produces_2', 'conditional_dataset_and_time_based_timetable', 'dataset_consumes_unknown_never_scheduled', 'dataset_consumes_1_never_scheduled', 'consume_1_or_both_2_and_3_with_dataset_expressions', 'consume_1_and_2_with_dataset_expressions', 'dataset_consumes_1_and_2', 'dataset_produces_1', 'dataset_consumes_1' retrieved from /home/airflow/.local/lib/python3.12/site-packages/airflow/example_dags/example_datasets.py
[2026-07-18T21:05:24.013+0000] {logging_mixin.py:190} INFO - [2026-07-18T21:05:24.013+0000] {dag.py:3239} INFO - Sync 10 DAGs
[2026-07-18T21:05:24.033+0000] {logging_mixin.py:190} INFO - [2026-07-18T21:05:24.033+0000] {dag.py:4180} INFO - Setting next_dagrun for conditional_dataset_and_time_based_timetable to 2026-07-15 01:00:00+00:00, run_after=2026-07-15 01:00:00+00:00
[2026-07-18T21:05:24.037+0000] {logging_mixin.py:190} INFO - [2026-07-18T21:05:24.037+0000] {dag.py:4180} INFO - Setting next_dagrun for consume_1_and_2_with_dataset_expressions to None, run_after=None
[2026-07-18T21:05:24.039+0000] {logging_mixin.py:190} INFO - [2026-07-18T21:05:24.039+0000] {dag.py:4180} INFO - Setting next_dagrun for consume_1_or_2_with_dataset_expressions to None, run_after=None
[2026-07-18T21:05:24.041+0000] {logging_mixin.py:190} INFO - [2026-07-18T21:05:24.041+0000] {dag.py:4180} INFO - Setting next_dagrun for consume_1_or_both_2_and_3_with_dataset_expressions to None, run_after=None
[2026-07-18T21:05:24.043+0000] {logging_mixin.py:190} INFO - [2026-07-18T21:05:24.043+0000] {dag.py:4180} INFO - Setting next_dagrun for dataset_consumes_1 to None, run_after=None
[2026-07-18T21:05:24.045+0000] {logging_mixin.py:190} INFO - [2026-07-18T21:05:24.044+0000] {dag.py:4180} INFO - Setting next_dagrun for dataset_consumes_1_and_2 to None, run_after=None
[2026-07-18T21:05:24.046+0000] {logging_mixin.py:190} INFO - [2026-07-18T21:05:24.046+0000] {dag.py:4180} INFO - Setting next_dagrun for dataset_consumes_1_never_scheduled to None, run_after=None
[2026-07-18T21:05:24.047+0000] {logging_mixin.py:190} INFO - [2026-07-18T21:05:24.047+0000] {dag.py:4180} INFO - Setting next_dagrun for dataset_consumes_unknown_never_scheduled to None, run_after=None
[2026-07-18T21:05:24.050+0000] {logging_mixin.py:190} INFO - [2026-07-18T21:05:24.049+0000] {dag.py:4180} INFO - Setting next_dagrun for dataset_produces_1 to 2026-07-17 00:00:00+00:00, run_after=2026-07-18 00:00:00+00:00
[2026-07-18T21:05:24.052+0000] {logging_mixin.py:190} INFO - [2026-07-18T21:05:24.051+0000] {dag.py:4180} INFO - Setting next_dagrun for dataset_produces_2 to None, run_after=None
[2026-07-18T21:05:24.120+0000] {processor.py:208} INFO - Processing /home/airflow/.local/lib/python3.12/site-packages/airflow/example_dags/example_datasets.py took 0.567 seconds
[2026-07-18T21:05:54.426+0000] {processor.py:186} INFO - Started process (PID=2041) to work on /home/airflow/.local/lib/python3.12/site-packages/airflow/example_dags/example_datasets.py
[2026-07-18T21:05:54.429+0000] {processor.py:914} INFO - Processing file /home/airflow/.local/lib/python3.12/site-packages/airflow/example_dags/example_datasets.py for tasks to queue
[2026-07-18T21:05:54.433+0000] {logging_mixin.py:190} INFO - [2026-07-18T21:05:54.433+0000] {dagbag.py:588} INFO - Filling up the DagBag from /home/airflow/.local/lib/python3.12/site-packages/airflow/example_dags/example_datasets.py
[2026-07-18T21:05:55.102+0000] {processor.py:925} INFO - DAG(s) 'consume_1_and_2_with_dataset_expressions', 'consume_1_or_2_with_dataset_expressions', 'dataset_produces_1', 'dataset_consumes_1_and_2', 'dataset_consumes_1', 'dataset_consumes_1_never_scheduled', 'conditional_dataset_and_time_based_timetable', 'dataset_consumes_unknown_never_scheduled', 'consume_1_or_both_2_and_3_with_dataset_expressions', 'dataset_produces_2' retrieved from /home/airflow/.local/lib/python3.12/site-packages/airflow/example_dags/example_datasets.py
[2026-07-18T21:05:55.160+0000] {logging_mixin.py:190} INFO - [2026-07-18T21:05:55.160+0000] {dag.py:3239} INFO - Sync 10 DAGs
[2026-07-18T21:05:55.194+0000] {logging_mixin.py:190} INFO - [2026-07-18T21:05:55.193+0000] {dag.py:4180} INFO - Setting next_dagrun for conditional_dataset_and_time_based_timetable to 2026-07-15 01:00:00+00:00, run_after=2026-07-15 01:00:00+00:00
[2026-07-18T21:05:55.199+0000] {logging_mixin.py:190} INFO - [2026-07-18T21:05:55.199+0000] {dag.py:4180} INFO - Setting next_dagrun for consume_1_and_2_with_dataset_expressions to None, run_after=None
[2026-07-18T21:05:55.202+0000] {logging_mixin.py:190} INFO - [2026-07-18T21:05:55.202+0000] {dag.py:4180} INFO - Setting next_dagrun for consume_1_or_2_with_dataset_expressions to None, run_after=None
[2026-07-18T21:05:55.205+0000] {logging_mixin.py:190} INFO - [2026-07-18T21:05:55.205+0000] {dag.py:4180} INFO - Setting next_dagrun for consume_1_or_both_2_and_3_with_dataset_expressions to None, run_after=None
[2026-07-18T21:05:55.208+0000] {logging_mixin.py:190} INFO - [2026-07-18T21:05:55.208+0000] {dag.py:4180} INFO - Setting next_dagrun for dataset_consumes_1 to None, run_after=None
[2026-07-18T21:05:55.211+0000] {logging_mixin.py:190} INFO - [2026-07-18T21:05:55.211+0000] {dag.py:4180} INFO - Setting next_dagrun for dataset_consumes_1_and_2 to None, run_after=None
[2026-07-18T21:05:55.213+0000] {logging_mixin.py:190} INFO - [2026-07-18T21:05:55.213+0000] {dag.py:4180} INFO - Setting next_dagrun for dataset_consumes_1_never_scheduled to None, run_after=None
[2026-07-18T21:05:55.216+0000] {logging_mixin.py:190} INFO - [2026-07-18T21:05:55.216+0000] {dag.py:4180} INFO - Setting next_dagrun for dataset_consumes_unknown_never_scheduled to None, run_after=None
[2026-07-18T21:05:55.220+0000] {logging_mixin.py:190} INFO - [2026-07-18T21:05:55.220+0000] {dag.py:4180} INFO - Setting next_dagrun for dataset_produces_1 to 2026-07-17 00:00:00+00:00, run_after=2026-07-18 00:00:00+00:00
[2026-07-18T21:05:55.222+0000] {logging_mixin.py:190} INFO - [2026-07-18T21:05:55.222+0000] {dag.py:4180} INFO - Setting next_dagrun for dataset_produces_2 to None, run_after=None
[2026-07-18T21:05:55.260+0000] {processor.py:208} INFO - Processing /home/airflow/.local/lib/python3.12/site-packages/airflow/example_dags/example_datasets.py took 0.841 seconds
[2026-07-18T21:06:25.400+0000] {processor.py:186} INFO - Started process (PID=2104) to work on /home/airflow/.local/lib/python3.12/site-packages/airflow/example_dags/example_datasets.py
[2026-07-18T21:06:25.403+0000] {processor.py:914} INFO - Processing file /home/airflow/.local/lib/python3.12/site-packages/airflow/example_dags/example_datasets.py for tasks to queue
[2026-07-18T21:06:25.408+0000] {logging_mixin.py:190} INFO - [2026-07-18T21:06:25.408+0000] {dagbag.py:588} INFO - Filling up the DagBag from /home/airflow/.local/lib/python3.12/site-packages/airflow/example_dags/example_datasets.py
[2026-07-18T21:06:26.086+0000] {processor.py:925} INFO - DAG(s) 'dataset_consumes_1_and_2', 'consume_1_and_2_with_dataset_expressions', 'conditional_dataset_and_time_based_timetable', 'consume_1_or_2_with_dataset_expressions', 'dataset_consumes_1_never_scheduled', 'dataset_produces_2', 'consume_1_or_both_2_and_3_with_dataset_expressions', 'dataset_consumes_1', 'dataset_consumes_unknown_never_scheduled', 'dataset_produces_1' retrieved from /home/airflow/.local/lib/python3.12/site-packages/airflow/example_dags/example_datasets.py
[2026-07-18T21:06:26.153+0000] {logging_mixin.py:190} INFO - [2026-07-18T21:06:26.153+0000] {dag.py:3239} INFO - Sync 10 DAGs
[2026-07-18T21:06:26.187+0000] {logging_mixin.py:190} INFO - [2026-07-18T21:06:26.187+0000] {dag.py:4180} INFO - Setting next_dagrun for conditional_dataset_and_time_based_timetable to 2026-07-15 01:00:00+00:00, run_after=2026-07-15 01:00:00+00:00
[2026-07-18T21:06:26.193+0000] {logging_mixin.py:190} INFO - [2026-07-18T21:06:26.192+0000] {dag.py:4180} INFO - Setting next_dagrun for consume_1_and_2_with_dataset_expressions to None, run_after=None
[2026-07-18T21:06:26.197+0000] {logging_mixin.py:190} INFO - [2026-07-18T21:06:26.197+0000] {dag.py:4180} INFO - Setting next_dagrun for consume_1_or_2_with_dataset_expressions to None, run_after=None
[2026-07-18T21:06:26.200+0000] {logging_mixin.py:190} INFO - [2026-07-18T21:06:26.199+0000] {dag.py:4180} INFO - Setting next_dagrun for consume_1_or_both_2_and_3_with_dataset_expressions to None, run_after=None
[2026-07-18T21:06:26.202+0000] {logging_mixin.py:190} INFO - [2026-07-18T21:06:26.202+0000] {dag.py:4180} INFO - Setting next_dagrun for dataset_consumes_1 to None, run_after=None
[2026-07-18T21:06:26.206+0000] {logging_mixin.py:190} INFO - [2026-07-18T21:06:26.205+0000] {dag.py:4180} INFO - Setting next_dagrun for dataset_consumes_1_and_2 to None, run_after=None
[2026-07-18T21:06:26.209+0000] {logging_mixin.py:190} INFO - [2026-07-18T21:06:26.208+0000] {dag.py:4180} INFO - Setting next_dagrun for dataset_consumes_1_never_scheduled to None, run_after=None
[2026-07-18T21:06:26.212+0000] {logging_mixin.py:190} INFO - [2026-07-18T21:06:26.211+0000] {dag.py:4180} INFO - Setting next_dagrun for dataset_consumes_unknown_never_scheduled to None, run_after=None
[2026-07-18T21:06:26.217+0000] {logging_mixin.py:190} INFO - [2026-07-18T21:06:26.216+0000] {dag.py:4180} INFO - Setting next_dagrun for dataset_produces_1 to 2026-07-17 00:00:00+00:00, run_after=2026-07-18 00:00:00+00:00
[2026-07-18T21:06:26.221+0000] {logging_mixin.py:190} INFO - [2026-07-18T21:06:26.220+0000] {dag.py:4180} INFO - Setting next_dagrun for dataset_produces_2 to None, run_after=None
[2026-07-18T21:06:26.309+0000] {processor.py:208} INFO - Processing /home/airflow/.local/lib/python3.12/site-packages/airflow/example_dags/example_datasets.py took 0.918 seconds
[2026-07-18T21:06:57.353+0000] {processor.py:186} INFO - Started process (PID=2166) to work on /home/airflow/.local/lib/python3.12/site-packages/airflow/example_dags/example_datasets.py
[2026-07-18T21:06:57.357+0000] {processor.py:914} INFO - Processing file /home/airflow/.local/lib/python3.12/site-packages/airflow/example_dags/example_datasets.py for tasks to queue
[2026-07-18T21:06:57.362+0000] {logging_mixin.py:190} INFO - [2026-07-18T21:06:57.362+0000] {dagbag.py:588} INFO - Filling up the DagBag from /home/airflow/.local/lib/python3.12/site-packages/airflow/example_dags/example_datasets.py
[2026-07-18T21:06:58.084+0000] {processor.py:925} INFO - DAG(s) 'dataset_produces_1', 'dataset_consumes_unknown_never_scheduled', 'consume_1_or_both_2_and_3_with_dataset_expressions', 'consume_1_or_2_with_dataset_expressions', 'conditional_dataset_and_time_based_timetable', 'dataset_consumes_1_and_2', 'dataset_produces_2', 'dataset_consumes_1', 'dataset_consumes_1_never_scheduled', 'consume_1_and_2_with_dataset_expressions' retrieved from /home/airflow/.local/lib/python3.12/site-packages/airflow/example_dags/example_datasets.py
[2026-07-18T21:06:58.144+0000] {logging_mixin.py:190} INFO - [2026-07-18T21:06:58.143+0000] {dag.py:3239} INFO - Sync 10 DAGs
[2026-07-18T21:06:58.179+0000] {logging_mixin.py:190} INFO - [2026-07-18T21:06:58.179+0000] {dag.py:4180} INFO - Setting next_dagrun for conditional_dataset_and_time_based_timetable to 2026-07-15 01:00:00+00:00, run_after=2026-07-15 01:00:00+00:00
[2026-07-18T21:06:58.188+0000] {logging_mixin.py:190} INFO - [2026-07-18T21:06:58.188+0000] {dag.py:4180} INFO - Setting next_dagrun for consume_1_and_2_with_dataset_expressions to None, run_after=None
[2026-07-18T21:06:58.192+0000] {logging_mixin.py:190} INFO - [2026-07-18T21:06:58.191+0000] {dag.py:4180} INFO - Setting next_dagrun for consume_1_or_2_with_dataset_expressions to None, run_after=None
[2026-07-18T21:06:58.195+0000] {logging_mixin.py:190} INFO - [2026-07-18T21:06:58.195+0000] {dag.py:4180} INFO - Setting next_dagrun for consume_1_or_both_2_and_3_with_dataset_expressions to None, run_after=None
[2026-07-18T21:06:58.199+0000] {logging_mixin.py:190} INFO - [2026-07-18T21:06:58.199+0000] {dag.py:4180} INFO - Setting next_dagrun for dataset_consumes_1 to None, run_after=None
[2026-07-18T21:06:58.203+0000] {logging_mixin.py:190} INFO - [2026-07-18T21:06:58.202+0000] {dag.py:4180} INFO - Setting next_dagrun for dataset_consumes_1_and_2 to None, run_after=None
[2026-07-18T21:06:58.207+0000] {logging_mixin.py:190} INFO - [2026-07-18T21:06:58.206+0000] {dag.py:4180} INFO - Setting next_dagrun for dataset_consumes_1_never_scheduled to None, run_after=None
[2026-07-18T21:06:58.210+0000] {logging_mixin.py:190} INFO - [2026-07-18T21:06:58.210+0000] {dag.py:4180} INFO - Setting next_dagrun for dataset_consumes_unknown_never_scheduled to None, run_after=None
[2026-07-18T21:06:58.215+0000] {logging_mixin.py:190} INFO - [2026-07-18T21:06:58.215+0000] {dag.py:4180} INFO - Setting next_dagrun for dataset_produces_1 to 2026-07-17 00:00:00+00:00, run_after=2026-07-18 00:00:00+00:00
[2026-07-18T21:06:58.218+0000] {logging_mixin.py:190} INFO - [2026-07-18T21:06:58.218+0000] {dag.py:4180} INFO - Setting next_dagrun for dataset_produces_2 to None, run_after=None
[2026-07-18T21:06:58.272+0000] {processor.py:208} INFO - Processing /home/airflow/.local/lib/python3.12/site-packages/airflow/example_dags/example_datasets.py took 0.928 seconds
[2026-07-18T21:07:28.480+0000] {processor.py:186} INFO - Started process (PID=2230) to work on /home/airflow/.local/lib/python3.12/site-packages/airflow/example_dags/example_datasets.py
[2026-07-18T21:07:28.483+0000] {processor.py:914} INFO - Processing file /home/airflow/.local/lib/python3.12/site-packages/airflow/example_dags/example_datasets.py for tasks to queue
[2026-07-18T21:07:28.488+0000] {logging_mixin.py:190} INFO - [2026-07-18T21:07:28.487+0000] {dagbag.py:588} INFO - Filling up the DagBag from /home/airflow/.local/lib/python3.12/site-packages/airflow/example_dags/example_datasets.py
[2026-07-18T21:07:29.347+0000] {processor.py:925} INFO - DAG(s) 'consume_1_or_both_2_and_3_with_dataset_expressions', 'conditional_dataset_and_time_based_timetable', 'dataset_consumes_1', 'dataset_consumes_1_and_2', 'dataset_produces_1', 'consume_1_and_2_with_dataset_expressions', 'dataset_consumes_unknown_never_scheduled', 'dataset_produces_2', 'consume_1_or_2_with_dataset_expressions', 'dataset_consumes_1_never_scheduled' retrieved from /home/airflow/.local/lib/python3.12/site-packages/airflow/example_dags/example_datasets.py
[2026-07-18T21:07:29.417+0000] {logging_mixin.py:190} INFO - [2026-07-18T21:07:29.417+0000] {dag.py:3239} INFO - Sync 10 DAGs
[2026-07-18T21:07:29.467+0000] {logging_mixin.py:190} INFO - [2026-07-18T21:07:29.466+0000] {dag.py:4180} INFO - Setting next_dagrun for conditional_dataset_and_time_based_timetable to 2026-07-15 01:00:00+00:00, run_after=2026-07-15 01:00:00+00:00
[2026-07-18T21:07:29.478+0000] {logging_mixin.py:190} INFO - [2026-07-18T21:07:29.478+0000] {dag.py:4180} INFO - Setting next_dagrun for consume_1_and_2_with_dataset_expressions to None, run_after=None
[2026-07-18T21:07:29.483+0000] {logging_mixin.py:190} INFO - [2026-07-18T21:07:29.482+0000] {dag.py:4180} INFO - Setting next_dagrun for consume_1_or_2_with_dataset_expressions to None, run_after=None
[2026-07-18T21:07:29.488+0000] {logging_mixin.py:190} INFO - [2026-07-18T21:07:29.488+0000] {dag.py:4180} INFO - Setting next_dagrun for consume_1_or_both_2_and_3_with_dataset_expressions to None, run_after=None
[2026-07-18T21:07:29.493+0000] {logging_mixin.py:190} INFO - [2026-07-18T21:07:29.493+0000] {dag.py:4180} INFO - Setting next_dagrun for dataset_consumes_1 to None, run_after=None
[2026-07-18T21:07:29.497+0000] {logging_mixin.py:190} INFO - [2026-07-18T21:07:29.497+0000] {dag.py:4180} INFO - Setting next_dagrun for dataset_consumes_1_and_2 to None, run_after=None
[2026-07-18T21:07:29.501+0000] {logging_mixin.py:190} INFO - [2026-07-18T21:07:29.501+0000] {dag.py:4180} INFO - Setting next_dagrun for dataset_consumes_1_never_scheduled to None, run_after=None
[2026-07-18T21:07:29.506+0000] {logging_mixin.py:190} INFO - [2026-07-18T21:07:29.505+0000] {dag.py:4180} INFO - Setting next_dagrun for dataset_consumes_unknown_never_scheduled to None, run_after=None
[2026-07-18T21:07:29.512+0000] {logging_mixin.py:190} INFO - [2026-07-18T21:07:29.512+0000] {dag.py:4180} INFO - Setting next_dagrun for dataset_produces_1 to 2026-07-17 00:00:00+00:00, run_after=2026-07-18 00:00:00+00:00
[2026-07-18T21:07:29.516+0000] {logging_mixin.py:190} INFO - [2026-07-18T21:07:29.516+0000] {dag.py:4180} INFO - Setting next_dagrun for dataset_produces_2 to None, run_after=None
[2026-07-18T21:07:29.579+0000] {processor.py:208} INFO - Processing /home/airflow/.local/lib/python3.12/site-packages/airflow/example_dags/example_datasets.py took 1.109 seconds
[2026-07-18T21:08:00.630+0000] {processor.py:186} INFO - Started process (PID=2293) to work on /home/airflow/.local/lib/python3.12/site-packages/airflow/example_dags/example_datasets.py
[2026-07-18T21:08:00.635+0000] {processor.py:914} INFO - Processing file /home/airflow/.local/lib/python3.12/site-packages/airflow/example_dags/example_datasets.py for tasks to queue
[2026-07-18T21:08:00.642+0000] {logging_mixin.py:190} INFO - [2026-07-18T21:08:00.641+0000] {dagbag.py:588} INFO - Filling up the DagBag from /home/airflow/.local/lib/python3.12/site-packages/airflow/example_dags/example_datasets.py
[2026-07-18T21:08:01.842+0000] {processor.py:925} INFO - DAG(s) 'dataset_produces_1', 'dataset_consumes_unknown_never_scheduled', 'dataset_produces_2', 'dataset_consumes_1', 'consume_1_or_both_2_and_3_with_dataset_expressions', 'consume_1_and_2_with_dataset_expressions', 'consume_1_or_2_with_dataset_expressions', 'dataset_consumes_1_never_scheduled', 'dataset_consumes_1_and_2', 'conditional_dataset_and_time_based_timetable' retrieved from /home/airflow/.local/lib/python3.12/site-packages/airflow/example_dags/example_datasets.py
[2026-07-18T21:08:01.945+0000] {logging_mixin.py:190} INFO - [2026-07-18T21:08:01.944+0000] {dag.py:3239} INFO - Sync 10 DAGs
[2026-07-18T21:08:01.996+0000] {logging_mixin.py:190} INFO - [2026-07-18T21:08:01.996+0000] {dag.py:4180} INFO - Setting next_dagrun for conditional_dataset_and_time_based_timetable to 2026-07-15 01:00:00+00:00, run_after=2026-07-15 01:00:00+00:00
[2026-07-18T21:08:02.010+0000] {logging_mixin.py:190} INFO - [2026-07-18T21:08:02.009+0000] {dag.py:4180} INFO - Setting next_dagrun for consume_1_and_2_with_dataset_expressions to None, run_after=None
[2026-07-18T21:08:02.017+0000] {logging_mixin.py:190} INFO - [2026-07-18T21:08:02.016+0000] {dag.py:4180} INFO - Setting next_dagrun for consume_1_or_2_with_dataset_expressions to None, run_after=None
[2026-07-18T21:08:02.024+0000] {logging_mixin.py:190} INFO - [2026-07-18T21:08:02.023+0000] {dag.py:4180} INFO - Setting next_dagrun for consume_1_or_both_2_and_3_with_dataset_expressions to None, run_after=None
[2026-07-18T21:08:02.030+0000] {logging_mixin.py:190} INFO - [2026-07-18T21:08:02.029+0000] {dag.py:4180} INFO - Setting next_dagrun for dataset_consumes_1 to None, run_after=None
[2026-07-18T21:08:02.036+0000] {logging_mixin.py:190} INFO - [2026-07-18T21:08:02.035+0000] {dag.py:4180} INFO - Setting next_dagrun for dataset_consumes_1_and_2 to None, run_after=None
[2026-07-18T21:08:02.042+0000] {logging_mixin.py:190} INFO - [2026-07-18T21:08:02.042+0000] {dag.py:4180} INFO - Setting next_dagrun for dataset_consumes_1_never_scheduled to None, run_after=None
[2026-07-18T21:08:02.048+0000] {logging_mixin.py:190} INFO - [2026-07-18T21:08:02.047+0000] {dag.py:4180} INFO - Setting next_dagrun for dataset_consumes_unknown_never_scheduled to None, run_after=None
[2026-07-18T21:08:02.057+0000] {logging_mixin.py:190} INFO - [2026-07-18T21:08:02.057+0000] {dag.py:4180} INFO - Setting next_dagrun for dataset_produces_1 to 2026-07-17 00:00:00+00:00, run_after=2026-07-18 00:00:00+00:00
[2026-07-18T21:08:02.063+0000] {logging_mixin.py:190} INFO - [2026-07-18T21:08:02.062+0000] {dag.py:4180} INFO - Setting next_dagrun for dataset_produces_2 to None, run_after=None
[2026-07-18T21:08:02.162+0000] {processor.py:208} INFO - Processing /home/airflow/.local/lib/python3.12/site-packages/airflow/example_dags/example_datasets.py took 1.562 seconds
[2026-07-18T21:16:33.925+0000] {processor.py:186} INFO - Started process (PID=2393) to work on /home/airflow/.local/lib/python3.12/site-packages/airflow/example_dags/example_datasets.py
[2026-07-18T21:16:33.932+0000] {processor.py:914} INFO - Processing file /home/airflow/.local/lib/python3.12/site-packages/airflow/example_dags/example_datasets.py for tasks to queue
[2026-07-18T21:16:33.938+0000] {logging_mixin.py:190} INFO - [2026-07-18T21:16:33.937+0000] {dagbag.py:588} INFO - Filling up the DagBag from /home/airflow/.local/lib/python3.12/site-packages/airflow/example_dags/example_datasets.py
[2026-07-18T21:16:35.145+0000] {processor.py:925} INFO - DAG(s) 'dataset_consumes_1_never_scheduled', 'consume_1_or_2_with_dataset_expressions', 'dataset_produces_2', 'dataset_produces_1', 'consume_1_or_both_2_and_3_with_dataset_expressions', 'dataset_consumes_unknown_never_scheduled', 'conditional_dataset_and_time_based_timetable', 'dataset_consumes_1', 'consume_1_and_2_with_dataset_expressions', 'dataset_consumes_1_and_2' retrieved from /home/airflow/.local/lib/python3.12/site-packages/airflow/example_dags/example_datasets.py
[2026-07-18T21:16:35.243+0000] {logging_mixin.py:190} INFO - [2026-07-18T21:16:35.242+0000] {dag.py:3239} INFO - Sync 10 DAGs
[2026-07-18T21:16:35.297+0000] {logging_mixin.py:190} INFO - [2026-07-18T21:16:35.295+0000] {dag.py:4180} INFO - Setting next_dagrun for conditional_dataset_and_time_based_timetable to 2026-07-15 01:00:00+00:00, run_after=2026-07-15 01:00:00+00:00
[2026-07-18T21:16:35.316+0000] {logging_mixin.py:190} INFO - [2026-07-18T21:16:35.315+0000] {dag.py:4180} INFO - Setting next_dagrun for consume_1_and_2_with_dataset_expressions to None, run_after=None
[2026-07-18T21:16:35.321+0000] {logging_mixin.py:190} INFO - [2026-07-18T21:16:35.321+0000] {dag.py:4180} INFO - Setting next_dagrun for consume_1_or_2_with_dataset_expressions to None, run_after=None
[2026-07-18T21:16:35.326+0000] {logging_mixin.py:190} INFO - [2026-07-18T21:16:35.325+0000] {dag.py:4180} INFO - Setting next_dagrun for consume_1_or_both_2_and_3_with_dataset_expressions to None, run_after=None
[2026-07-18T21:16:35.330+0000] {logging_mixin.py:190} INFO - [2026-07-18T21:16:35.329+0000] {dag.py:4180} INFO - Setting next_dagrun for dataset_consumes_1 to None, run_after=None
[2026-07-18T21:16:35.334+0000] {logging_mixin.py:190} INFO - [2026-07-18T21:16:35.333+0000] {dag.py:4180} INFO - Setting next_dagrun for dataset_consumes_1_and_2 to None, run_after=None
[2026-07-18T21:16:35.338+0000] {logging_mixin.py:190} INFO - [2026-07-18T21:16:35.337+0000] {dag.py:4180} INFO - Setting next_dagrun for dataset_consumes_1_never_scheduled to None, run_after=None
[2026-07-18T21:16:35.342+0000] {logging_mixin.py:190} INFO - [2026-07-18T21:16:35.342+0000] {dag.py:4180} INFO - Setting next_dagrun for dataset_consumes_unknown_never_scheduled to None, run_after=None
[2026-07-18T21:16:35.358+0000] {logging_mixin.py:190} INFO - [2026-07-18T21:16:35.358+0000] {dag.py:4180} INFO - Setting next_dagrun for dataset_produces_1 to 2026-07-17 00:00:00+00:00, run_after=2026-07-18 00:00:00+00:00
[2026-07-18T21:16:35.367+0000] {logging_mixin.py:190} INFO - [2026-07-18T21:16:35.366+0000] {dag.py:4180} INFO - Setting next_dagrun for dataset_produces_2 to None, run_after=None
[2026-07-18T21:16:35.445+0000] {processor.py:208} INFO - Processing /home/airflow/.local/lib/python3.12/site-packages/airflow/example_dags/example_datasets.py took 1.535 seconds
[2026-07-18T21:17:05.630+0000] {processor.py:186} INFO - Started process (PID=2461) to work on /home/airflow/.local/lib/python3.12/site-packages/airflow/example_dags/example_datasets.py
[2026-07-18T21:17:05.634+0000] {processor.py:914} INFO - Processing file /home/airflow/.local/lib/python3.12/site-packages/airflow/example_dags/example_datasets.py for tasks to queue
[2026-07-18T21:17:05.639+0000] {logging_mixin.py:190} INFO - [2026-07-18T21:17:05.638+0000] {dagbag.py:588} INFO - Filling up the DagBag from /home/airflow/.local/lib/python3.12/site-packages/airflow/example_dags/example_datasets.py
[2026-07-18T21:17:06.838+0000] {processor.py:925} INFO - DAG(s) 'dataset_produces_1', 'dataset_produces_2', 'consume_1_or_both_2_and_3_with_dataset_expressions', 'dataset_consumes_unknown_never_scheduled', 'dataset_consumes_1', 'dataset_consumes_1_never_scheduled', 'dataset_consumes_1_and_2', 'consume_1_and_2_with_dataset_expressions', 'consume_1_or_2_with_dataset_expressions', 'conditional_dataset_and_time_based_timetable' retrieved from /home/airflow/.local/lib/python3.12/site-packages/airflow/example_dags/example_datasets.py
[2026-07-18T21:17:06.927+0000] {logging_mixin.py:190} INFO - [2026-07-18T21:17:06.926+0000] {dag.py:3239} INFO - Sync 10 DAGs
[2026-07-18T21:17:06.972+0000] {logging_mixin.py:190} INFO - [2026-07-18T21:17:06.972+0000] {dag.py:4180} INFO - Setting next_dagrun for conditional_dataset_and_time_based_timetable to 2026-07-15 01:00:00+00:00, run_after=2026-07-15 01:00:00+00:00
[2026-07-18T21:17:06.980+0000] {logging_mixin.py:190} INFO - [2026-07-18T21:17:06.980+0000] {dag.py:4180} INFO - Setting next_dagrun for consume_1_and_2_with_dataset_expressions to None, run_after=None
[2026-07-18T21:17:06.985+0000] {logging_mixin.py:190} INFO - [2026-07-18T21:17:06.985+0000] {dag.py:4180} INFO - Setting next_dagrun for consume_1_or_2_with_dataset_expressions to None, run_after=None
[2026-07-18T21:17:06.990+0000] {logging_mixin.py:190} INFO - [2026-07-18T21:17:06.989+0000] {dag.py:4180} INFO - Setting next_dagrun for consume_1_or_both_2_and_3_with_dataset_expressions to None, run_after=None
[2026-07-18T21:17:06.996+0000] {logging_mixin.py:190} INFO - [2026-07-18T21:17:06.995+0000] {dag.py:4180} INFO - Setting next_dagrun for dataset_consumes_1 to None, run_after=None
[2026-07-18T21:17:07.001+0000] {logging_mixin.py:190} INFO - [2026-07-18T21:17:07.000+0000] {dag.py:4180} INFO - Setting next_dagrun for dataset_consumes_1_and_2 to None, run_after=None
[2026-07-18T21:17:07.005+0000] {logging_mixin.py:190} INFO - [2026-07-18T21:17:07.004+0000] {dag.py:4180} INFO - Setting next_dagrun for dataset_consumes_1_never_scheduled to None, run_after=None
[2026-07-18T21:17:07.009+0000] {logging_mixin.py:190} INFO - [2026-07-18T21:17:07.008+0000] {dag.py:4180} INFO - Setting next_dagrun for dataset_consumes_unknown_never_scheduled to None, run_after=None
[2026-07-18T21:17:07.017+0000] {logging_mixin.py:190} INFO - [2026-07-18T21:17:07.016+0000] {dag.py:4180} INFO - Setting next_dagrun for dataset_produces_1 to 2026-07-17 00:00:00+00:00, run_after=2026-07-18 00:00:00+00:00
[2026-07-18T21:17:07.021+0000] {logging_mixin.py:190} INFO - [2026-07-18T21:17:07.020+0000] {dag.py:4180} INFO - Setting next_dagrun for dataset_produces_2 to None, run_after=None
[2026-07-18T21:17:07.100+0000] {processor.py:208} INFO - Processing /home/airflow/.local/lib/python3.12/site-packages/airflow/example_dags/example_datasets.py took 1.479 seconds
[2026-07-18T21:17:37.774+0000] {processor.py:186} INFO - Started process (PID=2529) to work on /home/airflow/.local/lib/python3.12/site-packages/airflow/example_dags/example_datasets.py
[2026-07-18T21:17:37.777+0000] {processor.py:914} INFO - Processing file /home/airflow/.local/lib/python3.12/site-packages/airflow/example_dags/example_datasets.py for tasks to queue
[2026-07-18T21:17:37.781+0000] {logging_mixin.py:190} INFO - [2026-07-18T21:17:37.781+0000] {dagbag.py:588} INFO - Filling up the DagBag from /home/airflow/.local/lib/python3.12/site-packages/airflow/example_dags/example_datasets.py
[2026-07-18T21:17:38.734+0000] {processor.py:925} INFO - DAG(s) 'consume_1_or_2_with_dataset_expressions', 'dataset_produces_2', 'consume_1_and_2_with_dataset_expressions', 'dataset_consumes_1_never_scheduled', 'conditional_dataset_and_time_based_timetable', 'dataset_produces_1', 'dataset_consumes_unknown_never_scheduled', 'dataset_consumes_1_and_2', 'consume_1_or_both_2_and_3_with_dataset_expressions', 'dataset_consumes_1' retrieved from /home/airflow/.local/lib/python3.12/site-packages/airflow/example_dags/example_datasets.py
[2026-07-18T21:17:38.818+0000] {logging_mixin.py:190} INFO - [2026-07-18T21:17:38.818+0000] {dag.py:3239} INFO - Sync 10 DAGs
[2026-07-18T21:17:38.867+0000] {logging_mixin.py:190} INFO - [2026-07-18T21:17:38.867+0000] {dag.py:4180} INFO - Setting next_dagrun for conditional_dataset_and_time_based_timetable to 2026-07-15 01:00:00+00:00, run_after=2026-07-15 01:00:00+00:00
[2026-07-18T21:17:38.874+0000] {logging_mixin.py:190} INFO - [2026-07-18T21:17:38.874+0000] {dag.py:4180} INFO - Setting next_dagrun for consume_1_and_2_with_dataset_expressions to None, run_after=None
[2026-07-18T21:17:38.880+0000] {logging_mixin.py:190} INFO - [2026-07-18T21:17:38.879+0000] {dag.py:4180} INFO - Setting next_dagrun for consume_1_or_2_with_dataset_expressions to None, run_after=None
[2026-07-18T21:17:38.885+0000] {logging_mixin.py:190} INFO - [2026-07-18T21:17:38.884+0000] {dag.py:4180} INFO - Setting next_dagrun for consume_1_or_both_2_and_3_with_dataset_expressions to None, run_after=None
[2026-07-18T21:17:38.888+0000] {logging_mixin.py:190} INFO - [2026-07-18T21:17:38.888+0000] {dag.py:4180} INFO - Setting next_dagrun for dataset_consumes_1 to None, run_after=None
[2026-07-18T21:17:38.891+0000] {logging_mixin.py:190} INFO - [2026-07-18T21:17:38.891+0000] {dag.py:4180} INFO - Setting next_dagrun for dataset_consumes_1_and_2 to None, run_after=None
[2026-07-18T21:17:38.895+0000] {logging_mixin.py:190} INFO - [2026-07-18T21:17:38.894+0000] {dag.py:4180} INFO - Setting next_dagrun for dataset_consumes_1_never_scheduled to None, run_after=None
[2026-07-18T21:17:38.898+0000] {logging_mixin.py:190} INFO - [2026-07-18T21:17:38.898+0000] {dag.py:4180} INFO - Setting next_dagrun for dataset_consumes_unknown_never_scheduled to None, run_after=None
[2026-07-18T21:17:38.904+0000] {logging_mixin.py:190} INFO - [2026-07-18T21:17:38.904+0000] {dag.py:4180} INFO - Setting next_dagrun for dataset_produces_1 to 2026-07-17 00:00:00+00:00, run_after=2026-07-18 00:00:00+00:00
[2026-07-18T21:17:38.908+0000] {logging_mixin.py:190} INFO - [2026-07-18T21:17:38.908+0000] {dag.py:4180} INFO - Setting next_dagrun for dataset_produces_2 to None, run_after=None
[2026-07-18T21:17:38.963+0000] {processor.py:208} INFO - Processing /home/airflow/.local/lib/python3.12/site-packages/airflow/example_dags/example_datasets.py took 1.196 seconds
[2026-07-18T21:18:09.956+0000] {processor.py:186} INFO - Started process (PID=2594) to work on /home/airflow/.local/lib/python3.12/site-packages/airflow/example_dags/example_datasets.py
[2026-07-18T21:18:09.960+0000] {processor.py:914} INFO - Processing file /home/airflow/.local/lib/python3.12/site-packages/airflow/example_dags/example_datasets.py for tasks to queue
[2026-07-18T21:18:09.969+0000] {logging_mixin.py:190} INFO - [2026-07-18T21:18:09.968+0000] {dagbag.py:588} INFO - Filling up the DagBag from /home/airflow/.local/lib/python3.12/site-packages/airflow/example_dags/example_datasets.py
[2026-07-18T21:18:11.176+0000] {processor.py:925} INFO - DAG(s) 'consume_1_and_2_with_dataset_expressions', 'consume_1_or_2_with_dataset_expressions', 'dataset_consumes_unknown_never_scheduled', 'dataset_produces_1', 'dataset_produces_2', 'dataset_consumes_1', 'consume_1_or_both_2_and_3_with_dataset_expressions', 'dataset_consumes_1_never_scheduled', 'dataset_consumes_1_and_2', 'conditional_dataset_and_time_based_timetable' retrieved from /home/airflow/.local/lib/python3.12/site-packages/airflow/example_dags/example_datasets.py
[2026-07-18T21:18:11.250+0000] {logging_mixin.py:190} INFO - [2026-07-18T21:18:11.250+0000] {dag.py:3239} INFO - Sync 10 DAGs
[2026-07-18T21:18:11.292+0000] {logging_mixin.py:190} INFO - [2026-07-18T21:18:11.291+0000] {dag.py:4180} INFO - Setting next_dagrun for conditional_dataset_and_time_based_timetable to 2026-07-15 01:00:00+00:00, run_after=2026-07-15 01:00:00+00:00
[2026-07-18T21:18:11.298+0000] {logging_mixin.py:190} INFO - [2026-07-18T21:18:11.298+0000] {dag.py:4180} INFO - Setting next_dagrun for consume_1_and_2_with_dataset_expressions to None, run_after=None
[2026-07-18T21:18:11.301+0000] {logging_mixin.py:190} INFO - [2026-07-18T21:18:11.301+0000] {dag.py:4180} INFO - Setting next_dagrun for consume_1_or_2_with_dataset_expressions to None, run_after=None
[2026-07-18T21:18:11.305+0000] {logging_mixin.py:190} INFO - [2026-07-18T21:18:11.304+0000] {dag.py:4180} INFO - Setting next_dagrun for consume_1_or_both_2_and_3_with_dataset_expressions to None, run_after=None
[2026-07-18T21:18:11.309+0000] {logging_mixin.py:190} INFO - [2026-07-18T21:18:11.309+0000] {dag.py:4180} INFO - Setting next_dagrun for dataset_consumes_1 to None, run_after=None
[2026-07-18T21:18:11.313+0000] {logging_mixin.py:190} INFO - [2026-07-18T21:18:11.312+0000] {dag.py:4180} INFO - Setting next_dagrun for dataset_consumes_1_and_2 to None, run_after=None
[2026-07-18T21:18:11.316+0000] {logging_mixin.py:190} INFO - [2026-07-18T21:18:11.316+0000] {dag.py:4180} INFO - Setting next_dagrun for dataset_consumes_1_never_scheduled to None, run_after=None
[2026-07-18T21:18:11.319+0000] {logging_mixin.py:190} INFO - [2026-07-18T21:18:11.319+0000] {dag.py:4180} INFO - Setting next_dagrun for dataset_consumes_unknown_never_scheduled to None, run_after=None
[2026-07-18T21:18:11.324+0000] {logging_mixin.py:190} INFO - [2026-07-18T21:18:11.324+0000] {dag.py:4180} INFO - Setting next_dagrun for dataset_produces_1 to 2026-07-17 00:00:00+00:00, run_after=2026-07-18 00:00:00+00:00
[2026-07-18T21:18:11.328+0000] {logging_mixin.py:190} INFO - [2026-07-18T21:18:11.328+0000] {dag.py:4180} INFO - Setting next_dagrun for dataset_produces_2 to None, run_after=None
[2026-07-18T21:18:11.381+0000] {processor.py:208} INFO - Processing /home/airflow/.local/lib/python3.12/site-packages/airflow/example_dags/example_datasets.py took 1.440 seconds
[2026-07-18T21:18:41.758+0000] {processor.py:186} INFO - Started process (PID=2657) to work on /home/airflow/.local/lib/python3.12/site-packages/airflow/example_dags/example_datasets.py
[2026-07-18T21:18:41.761+0000] {processor.py:914} INFO - Processing file /home/airflow/.local/lib/python3.12/site-packages/airflow/example_dags/example_datasets.py for tasks to queue
[2026-07-18T21:18:41.767+0000] {logging_mixin.py:190} INFO - [2026-07-18T21:18:41.766+0000] {dagbag.py:588} INFO - Filling up the DagBag from /home/airflow/.local/lib/python3.12/site-packages/airflow/example_dags/example_datasets.py
[2026-07-18T21:18:42.771+0000] {processor.py:925} INFO - DAG(s) 'consume_1_or_both_2_and_3_with_dataset_expressions', 'dataset_consumes_1_never_scheduled', 'consume_1_and_2_with_dataset_expressions', 'consume_1_or_2_with_dataset_expressions', 'dataset_consumes_unknown_never_scheduled', 'dataset_produces_1', 'dataset_consumes_1', 'conditional_dataset_and_time_based_timetable', 'dataset_produces_2', 'dataset_consumes_1_and_2' retrieved from /home/airflow/.local/lib/python3.12/site-packages/airflow/example_dags/example_datasets.py
[2026-07-18T21:18:42.840+0000] {logging_mixin.py:190} INFO - [2026-07-18T21:18:42.840+0000] {dag.py:3239} INFO - Sync 10 DAGs
[2026-07-18T21:18:42.875+0000] {logging_mixin.py:190} INFO - [2026-07-18T21:18:42.875+0000] {dag.py:4180} INFO - Setting next_dagrun for conditional_dataset_and_time_based_timetable to 2026-07-15 01:00:00+00:00, run_after=2026-07-15 01:00:00+00:00
[2026-07-18T21:18:42.881+0000] {logging_mixin.py:190} INFO - [2026-07-18T21:18:42.881+0000] {dag.py:4180} INFO - Setting next_dagrun for consume_1_and_2_with_dataset_expressions to None, run_after=None
[2026-07-18T21:18:42.887+0000] {logging_mixin.py:190} INFO - [2026-07-18T21:18:42.886+0000] {dag.py:4180} INFO - Setting next_dagrun for consume_1_or_2_with_dataset_expressions to None, run_after=None
[2026-07-18T21:18:42.891+0000] {logging_mixin.py:190} INFO - [2026-07-18T21:18:42.891+0000] {dag.py:4180} INFO - Setting next_dagrun for consume_1_or_both_2_and_3_with_dataset_expressions to None, run_after=None
[2026-07-18T21:18:42.895+0000] {logging_mixin.py:190} INFO - [2026-07-18T21:18:42.894+0000] {dag.py:4180} INFO - Setting next_dagrun for dataset_consumes_1 to None, run_after=None
[2026-07-18T21:18:42.898+0000] {logging_mixin.py:190} INFO - [2026-07-18T21:18:42.898+0000] {dag.py:4180} INFO - Setting next_dagrun for dataset_consumes_1_and_2 to None, run_after=None
[2026-07-18T21:18:42.903+0000] {logging_mixin.py:190} INFO - [2026-07-18T21:18:42.903+0000] {dag.py:4180} INFO - Setting next_dagrun for dataset_consumes_1_never_scheduled to None, run_after=None
[2026-07-18T21:18:42.907+0000] {logging_mixin.py:190} INFO - [2026-07-18T21:18:42.907+0000] {dag.py:4180} INFO - Setting next_dagrun for dataset_consumes_unknown_never_scheduled to None, run_after=None
[2026-07-18T21:18:42.913+0000] {logging_mixin.py:190} INFO - [2026-07-18T21:18:42.912+0000] {dag.py:4180} INFO - Setting next_dagrun for dataset_produces_1 to 2026-07-17 00:00:00+00:00, run_after=2026-07-18 00:00:00+00:00
[2026-07-18T21:18:42.917+0000] {logging_mixin.py:190} INFO - [2026-07-18T21:18:42.916+0000] {dag.py:4180} INFO - Setting next_dagrun for dataset_produces_2 to None, run_after=None
[2026-07-18T21:18:42.967+0000] {processor.py:208} INFO - Processing /home/airflow/.local/lib/python3.12/site-packages/airflow/example_dags/example_datasets.py took 1.222 seconds
[2026-07-18T21:19:13.466+0000] {processor.py:186} INFO - Started process (PID=2720) to work on /home/airflow/.local/lib/python3.12/site-packages/airflow/example_dags/example_datasets.py
[2026-07-18T21:19:13.469+0000] {processor.py:914} INFO - Processing file /home/airflow/.local/lib/python3.12/site-packages/airflow/example_dags/example_datasets.py for tasks to queue
[2026-07-18T21:19:13.473+0000] {logging_mixin.py:190} INFO - [2026-07-18T21:19:13.472+0000] {dagbag.py:588} INFO - Filling up the DagBag from /home/airflow/.local/lib/python3.12/site-packages/airflow/example_dags/example_datasets.py
[2026-07-18T21:19:14.372+0000] {processor.py:925} INFO - DAG(s) 'consume_1_or_both_2_and_3_with_dataset_expressions', 'dataset_produces_1', 'dataset_consumes_1', 'dataset_consumes_1_and_2', 'conditional_dataset_and_time_based_timetable', 'consume_1_and_2_with_dataset_expressions', 'dataset_produces_2', 'dataset_consumes_1_never_scheduled', 'consume_1_or_2_with_dataset_expressions', 'dataset_consumes_unknown_never_scheduled' retrieved from /home/airflow/.local/lib/python3.12/site-packages/airflow/example_dags/example_datasets.py
[2026-07-18T21:19:14.499+0000] {logging_mixin.py:190} INFO - [2026-07-18T21:19:14.499+0000] {dag.py:3239} INFO - Sync 10 DAGs
[2026-07-18T21:19:14.533+0000] {logging_mixin.py:190} INFO - [2026-07-18T21:19:14.533+0000] {dag.py:4180} INFO - Setting next_dagrun for conditional_dataset_and_time_based_timetable to 2026-07-15 01:00:00+00:00, run_after=2026-07-15 01:00:00+00:00
[2026-07-18T21:19:14.543+0000] {logging_mixin.py:190} INFO - [2026-07-18T21:19:14.543+0000] {dag.py:4180} INFO - Setting next_dagrun for consume_1_and_2_with_dataset_expressions to None, run_after=None
[2026-07-18T21:19:14.547+0000] {logging_mixin.py:190} INFO - [2026-07-18T21:19:14.546+0000] {dag.py:4180} INFO - Setting next_dagrun for consume_1_or_2_with_dataset_expressions to None, run_after=None
[2026-07-18T21:19:14.552+0000] {logging_mixin.py:190} INFO - [2026-07-18T21:19:14.551+0000] {dag.py:4180} INFO - Setting next_dagrun for consume_1_or_both_2_and_3_with_dataset_expressions to None, run_after=None
[2026-07-18T21:19:14.564+0000] {logging_mixin.py:190} INFO - [2026-07-18T21:19:14.563+0000] {dag.py:4180} INFO - Setting next_dagrun for dataset_consumes_1 to None, run_after=None
[2026-07-18T21:19:14.569+0000] {logging_mixin.py:190} INFO - [2026-07-18T21:19:14.569+0000] {dag.py:4180} INFO - Setting next_dagrun for dataset_consumes_1_and_2 to None, run_after=None
[2026-07-18T21:19:14.575+0000] {logging_mixin.py:190} INFO - [2026-07-18T21:19:14.573+0000] {dag.py:4180} INFO - Setting next_dagrun for dataset_consumes_1_never_scheduled to None, run_after=None
[2026-07-18T21:19:14.579+0000] {logging_mixin.py:190} INFO - [2026-07-18T21:19:14.578+0000] {dag.py:4180} INFO - Setting next_dagrun for dataset_consumes_unknown_never_scheduled to None, run_after=None
[2026-07-18T21:19:14.585+0000] {logging_mixin.py:190} INFO - [2026-07-18T21:19:14.585+0000] {dag.py:4180} INFO - Setting next_dagrun for dataset_produces_1 to 2026-07-17 00:00:00+00:00, run_after=2026-07-18 00:00:00+00:00
[2026-07-18T21:19:14.592+0000] {logging_mixin.py:190} INFO - [2026-07-18T21:19:14.591+0000] {dag.py:4180} INFO - Setting next_dagrun for dataset_produces_2 to None, run_after=None
[2026-07-18T21:19:14.672+0000] {processor.py:208} INFO - Processing /home/airflow/.local/lib/python3.12/site-packages/airflow/example_dags/example_datasets.py took 1.212 seconds
[2026-07-18T21:19:45.272+0000] {processor.py:186} INFO - Started process (PID=2783) to work on /home/airflow/.local/lib/python3.12/site-packages/airflow/example_dags/example_datasets.py
[2026-07-18T21:19:45.276+0000] {processor.py:914} INFO - Processing file /home/airflow/.local/lib/python3.12/site-packages/airflow/example_dags/example_datasets.py for tasks to queue
[2026-07-18T21:19:45.282+0000] {logging_mixin.py:190} INFO - [2026-07-18T21:19:45.281+0000] {dagbag.py:588} INFO - Filling up the DagBag from /home/airflow/.local/lib/python3.12/site-packages/airflow/example_dags/example_datasets.py
[2026-07-18T21:19:46.400+0000] {processor.py:925} INFO - DAG(s) 'consume_1_or_both_2_and_3_with_dataset_expressions', 'dataset_produces_2', 'conditional_dataset_and_time_based_timetable', 'dataset_produces_1', 'consume_1_or_2_with_dataset_expressions', 'consume_1_and_2_with_dataset_expressions', 'dataset_consumes_1_and_2', 'dataset_consumes_1', 'dataset_consumes_1_never_scheduled', 'dataset_consumes_unknown_never_scheduled' retrieved from /home/airflow/.local/lib/python3.12/site-packages/airflow/example_dags/example_datasets.py
[2026-07-18T21:19:46.481+0000] {logging_mixin.py:190} INFO - [2026-07-18T21:19:46.480+0000] {dag.py:3239} INFO - Sync 10 DAGs
[2026-07-18T21:19:46.519+0000] {logging_mixin.py:190} INFO - [2026-07-18T21:19:46.519+0000] {dag.py:4180} INFO - Setting next_dagrun for conditional_dataset_and_time_based_timetable to 2026-07-15 01:00:00+00:00, run_after=2026-07-15 01:00:00+00:00
[2026-07-18T21:19:46.527+0000] {logging_mixin.py:190} INFO - [2026-07-18T21:19:46.526+0000] {dag.py:4180} INFO - Setting next_dagrun for consume_1_and_2_with_dataset_expressions to None, run_after=None
[2026-07-18T21:19:46.530+0000] {logging_mixin.py:190} INFO - [2026-07-18T21:19:46.530+0000] {dag.py:4180} INFO - Setting next_dagrun for consume_1_or_2_with_dataset_expressions to None, run_after=None
[2026-07-18T21:19:46.533+0000] {logging_mixin.py:190} INFO - [2026-07-18T21:19:46.533+0000] {dag.py:4180} INFO - Setting next_dagrun for consume_1_or_both_2_and_3_with_dataset_expressions to None, run_after=None
[2026-07-18T21:19:46.537+0000] {logging_mixin.py:190} INFO - [2026-07-18T21:19:46.536+0000] {dag.py:4180} INFO - Setting next_dagrun for dataset_consumes_1 to None, run_after=None
[2026-07-18T21:19:46.541+0000] {logging_mixin.py:190} INFO - [2026-07-18T21:19:46.540+0000] {dag.py:4180} INFO - Setting next_dagrun for dataset_consumes_1_and_2 to None, run_after=None
[2026-07-18T21:19:46.544+0000] {logging_mixin.py:190} INFO - [2026-07-18T21:19:46.543+0000] {dag.py:4180} INFO - Setting next_dagrun for dataset_consumes_1_never_scheduled to None, run_after=None
[2026-07-18T21:19:46.547+0000] {logging_mixin.py:190} INFO - [2026-07-18T21:19:46.547+0000] {dag.py:4180} INFO - Setting next_dagrun for dataset_consumes_unknown_never_scheduled to None, run_after=None
[2026-07-18T21:19:46.552+0000] {logging_mixin.py:190} INFO - [2026-07-18T21:19:46.552+0000] {dag.py:4180} INFO - Setting next_dagrun for dataset_produces_1 to 2026-07-17 00:00:00+00:00, run_after=2026-07-18 00:00:00+00:00
[2026-07-18T21:19:46.555+0000] {logging_mixin.py:190} INFO - [2026-07-18T21:19:46.555+0000] {dag.py:4180} INFO - Setting next_dagrun for dataset_produces_2 to None, run_after=None
[2026-07-18T21:19:46.596+0000] {processor.py:208} INFO - Processing /home/airflow/.local/lib/python3.12/site-packages/airflow/example_dags/example_datasets.py took 1.332 seconds
[2026-07-18T21:20:17.528+0000] {processor.py:186} INFO - Started process (PID=2846) to work on /home/airflow/.local/lib/python3.12/site-packages/airflow/example_dags/example_datasets.py
[2026-07-18T21:20:17.531+0000] {processor.py:914} INFO - Processing file /home/airflow/.local/lib/python3.12/site-packages/airflow/example_dags/example_datasets.py for tasks to queue
[2026-07-18T21:20:17.536+0000] {logging_mixin.py:190} INFO - [2026-07-18T21:20:17.535+0000] {dagbag.py:588} INFO - Filling up the DagBag from /home/airflow/.local/lib/python3.12/site-packages/airflow/example_dags/example_datasets.py
[2026-07-18T21:20:18.489+0000] {processor.py:925} INFO - DAG(s) 'dataset_consumes_1', 'consume_1_or_both_2_and_3_with_dataset_expressions', 'consume_1_or_2_with_dataset_expressions', 'dataset_produces_2', 'dataset_consumes_unknown_never_scheduled', 'dataset_consumes_1_and_2', 'conditional_dataset_and_time_based_timetable', 'dataset_consumes_1_never_scheduled', 'consume_1_and_2_with_dataset_expressions', 'dataset_produces_1' retrieved from /home/airflow/.local/lib/python3.12/site-packages/airflow/example_dags/example_datasets.py
[2026-07-18T21:20:18.547+0000] {logging_mixin.py:190} INFO - [2026-07-18T21:20:18.547+0000] {dag.py:3239} INFO - Sync 10 DAGs
[2026-07-18T21:20:18.591+0000] {logging_mixin.py:190} INFO - [2026-07-18T21:20:18.590+0000] {dag.py:4180} INFO - Setting next_dagrun for conditional_dataset_and_time_based_timetable to 2026-07-15 01:00:00+00:00, run_after=2026-07-15 01:00:00+00:00
[2026-07-18T21:20:18.600+0000] {logging_mixin.py:190} INFO - [2026-07-18T21:20:18.600+0000] {dag.py:4180} INFO - Setting next_dagrun for consume_1_and_2_with_dataset_expressions to None, run_after=None
[2026-07-18T21:20:18.605+0000] {logging_mixin.py:190} INFO - [2026-07-18T21:20:18.604+0000] {dag.py:4180} INFO - Setting next_dagrun for consume_1_or_2_with_dataset_expressions to None, run_after=None
[2026-07-18T21:20:18.609+0000] {logging_mixin.py:190} INFO - [2026-07-18T21:20:18.609+0000] {dag.py:4180} INFO - Setting next_dagrun for consume_1_or_both_2_and_3_with_dataset_expressions to None, run_after=None
[2026-07-18T21:20:18.613+0000] {logging_mixin.py:190} INFO - [2026-07-18T21:20:18.613+0000] {dag.py:4180} INFO - Setting next_dagrun for dataset_consumes_1 to None, run_after=None
[2026-07-18T21:20:18.616+0000] {logging_mixin.py:190} INFO - [2026-07-18T21:20:18.616+0000] {dag.py:4180} INFO - Setting next_dagrun for dataset_consumes_1_and_2 to None, run_after=None
[2026-07-18T21:20:18.619+0000] {logging_mixin.py:190} INFO - [2026-07-18T21:20:18.619+0000] {dag.py:4180} INFO - Setting next_dagrun for dataset_consumes_1_never_scheduled to None, run_after=None
[2026-07-18T21:20:18.622+0000] {logging_mixin.py:190} INFO - [2026-07-18T21:20:18.622+0000] {dag.py:4180} INFO - Setting next_dagrun for dataset_consumes_unknown_never_scheduled to None, run_after=None
[2026-07-18T21:20:18.628+0000] {logging_mixin.py:190} INFO - [2026-07-18T21:20:18.628+0000] {dag.py:4180} INFO - Setting next_dagrun for dataset_produces_1 to 2026-07-17 00:00:00+00:00, run_after=2026-07-18 00:00:00+00:00
[2026-07-18T21:20:18.632+0000] {logging_mixin.py:190} INFO - [2026-07-18T21:20:18.632+0000] {dag.py:4180} INFO - Setting next_dagrun for dataset_produces_2 to None, run_after=None
[2026-07-18T21:20:18.677+0000] {processor.py:208} INFO - Processing /home/airflow/.local/lib/python3.12/site-packages/airflow/example_dags/example_datasets.py took 1.160 seconds
[2026-07-18T21:20:49.447+0000] {processor.py:186} INFO - Started process (PID=2909) to work on /home/airflow/.local/lib/python3.12/site-packages/airflow/example_dags/example_datasets.py
[2026-07-18T21:20:49.449+0000] {processor.py:914} INFO - Processing file /home/airflow/.local/lib/python3.12/site-packages/airflow/example_dags/example_datasets.py for tasks to queue
[2026-07-18T21:20:49.456+0000] {logging_mixin.py:190} INFO - [2026-07-18T21:20:49.455+0000] {dagbag.py:588} INFO - Filling up the DagBag from /home/airflow/.local/lib/python3.12/site-packages/airflow/example_dags/example_datasets.py
[2026-07-18T21:20:50.457+0000] {processor.py:925} INFO - DAG(s) 'dataset_consumes_1_never_scheduled', 'consume_1_or_both_2_and_3_with_dataset_expressions', 'dataset_produces_1', 'consume_1_and_2_with_dataset_expressions', 'dataset_consumes_1', 'consume_1_or_2_with_dataset_expressions', 'conditional_dataset_and_time_based_timetable', 'dataset_consumes_1_and_2', 'dataset_consumes_unknown_never_scheduled', 'dataset_produces_2' retrieved from /home/airflow/.local/lib/python3.12/site-packages/airflow/example_dags/example_datasets.py
[2026-07-18T21:20:50.522+0000] {logging_mixin.py:190} INFO - [2026-07-18T21:20:50.522+0000] {dag.py:3239} INFO - Sync 10 DAGs
[2026-07-18T21:20:50.559+0000] {logging_mixin.py:190} INFO - [2026-07-18T21:20:50.559+0000] {dag.py:4180} INFO - Setting next_dagrun for conditional_dataset_and_time_based_timetable to 2026-07-15 01:00:00+00:00, run_after=2026-07-15 01:00:00+00:00
[2026-07-18T21:20:50.568+0000] {logging_mixin.py:190} INFO - [2026-07-18T21:20:50.567+0000] {dag.py:4180} INFO - Setting next_dagrun for consume_1_and_2_with_dataset_expressions to None, run_after=None
[2026-07-18T21:20:50.572+0000] {logging_mixin.py:190} INFO - [2026-07-18T21:20:50.572+0000] {dag.py:4180} INFO - Setting next_dagrun for consume_1_or_2_with_dataset_expressions to None, run_after=None
[2026-07-18T21:20:50.575+0000] {logging_mixin.py:190} INFO - [2026-07-18T21:20:50.575+0000] {dag.py:4180} INFO - Setting next_dagrun for consume_1_or_both_2_and_3_with_dataset_expressions to None, run_after=None
[2026-07-18T21:20:50.579+0000] {logging_mixin.py:190} INFO - [2026-07-18T21:20:50.578+0000] {dag.py:4180} INFO - Setting next_dagrun for dataset_consumes_1 to None, run_after=None
[2026-07-18T21:20:50.583+0000] {logging_mixin.py:190} INFO - [2026-07-18T21:20:50.582+0000] {dag.py:4180} INFO - Setting next_dagrun for dataset_consumes_1_and_2 to None, run_after=None
[2026-07-18T21:20:50.587+0000] {logging_mixin.py:190} INFO - [2026-07-18T21:20:50.586+0000] {dag.py:4180} INFO - Setting next_dagrun for dataset_consumes_1_never_scheduled to None, run_after=None
[2026-07-18T21:20:50.590+0000] {logging_mixin.py:190} INFO - [2026-07-18T21:20:50.590+0000] {dag.py:4180} INFO - Setting next_dagrun for dataset_consumes_unknown_never_scheduled to None, run_after=None
[2026-07-18T21:20:50.599+0000] {logging_mixin.py:190} INFO - [2026-07-18T21:20:50.598+0000] {dag.py:4180} INFO - Setting next_dagrun for dataset_produces_1 to 2026-07-17 00:00:00+00:00, run_after=2026-07-18 00:00:00+00:00
[2026-07-18T21:20:50.604+0000] {logging_mixin.py:190} INFO - [2026-07-18T21:20:50.604+0000] {dag.py:4180} INFO - Setting next_dagrun for dataset_produces_2 to None, run_after=None
[2026-07-18T21:20:50.695+0000] {processor.py:208} INFO - Processing /home/airflow/.local/lib/python3.12/site-packages/airflow/example_dags/example_datasets.py took 1.261 seconds
[2026-07-18T21:21:21.467+0000] {processor.py:186} INFO - Started process (PID=2972) to work on /home/airflow/.local/lib/python3.12/site-packages/airflow/example_dags/example_datasets.py
[2026-07-18T21:21:21.470+0000] {processor.py:914} INFO - Processing file /home/airflow/.local/lib/python3.12/site-packages/airflow/example_dags/example_datasets.py for tasks to queue
[2026-07-18T21:21:21.476+0000] {logging_mixin.py:190} INFO - [2026-07-18T21:21:21.476+0000] {dagbag.py:588} INFO - Filling up the DagBag from /home/airflow/.local/lib/python3.12/site-packages/airflow/example_dags/example_datasets.py
[2026-07-18T21:21:22.442+0000] {processor.py:925} INFO - DAG(s) 'dataset_produces_1', 'dataset_consumes_1_never_scheduled', 'consume_1_or_both_2_and_3_with_dataset_expressions', 'consume_1_and_2_with_dataset_expressions', 'consume_1_or_2_with_dataset_expressions', 'dataset_consumes_unknown_never_scheduled', 'dataset_consumes_1_and_2', 'dataset_produces_2', 'conditional_dataset_and_time_based_timetable', 'dataset_consumes_1' retrieved from /home/airflow/.local/lib/python3.12/site-packages/airflow/example_dags/example_datasets.py
[2026-07-18T21:21:22.513+0000] {logging_mixin.py:190} INFO - [2026-07-18T21:21:22.512+0000] {dag.py:3239} INFO - Sync 10 DAGs
[2026-07-18T21:21:22.552+0000] {logging_mixin.py:190} INFO - [2026-07-18T21:21:22.551+0000] {dag.py:4180} INFO - Setting next_dagrun for conditional_dataset_and_time_based_timetable to 2026-07-15 01:00:00+00:00, run_after=2026-07-15 01:00:00+00:00
[2026-07-18T21:21:22.561+0000] {logging_mixin.py:190} INFO - [2026-07-18T21:21:22.561+0000] {dag.py:4180} INFO - Setting next_dagrun for consume_1_and_2_with_dataset_expressions to None, run_after=None
[2026-07-18T21:21:22.565+0000] {logging_mixin.py:190} INFO - [2026-07-18T21:21:22.565+0000] {dag.py:4180} INFO - Setting next_dagrun for consume_1_or_2_with_dataset_expressions to None, run_after=None
[2026-07-18T21:21:22.569+0000] {logging_mixin.py:190} INFO - [2026-07-18T21:21:22.569+0000] {dag.py:4180} INFO - Setting next_dagrun for consume_1_or_both_2_and_3_with_dataset_expressions to None, run_after=None
[2026-07-18T21:21:22.573+0000] {logging_mixin.py:190} INFO - [2026-07-18T21:21:22.573+0000] {dag.py:4180} INFO - Setting next_dagrun for dataset_consumes_1 to None, run_after=None
[2026-07-18T21:21:22.576+0000] {logging_mixin.py:190} INFO - [2026-07-18T21:21:22.576+0000] {dag.py:4180} INFO - Setting next_dagrun for dataset_consumes_1_and_2 to None, run_after=None
[2026-07-18T21:21:22.580+0000] {logging_mixin.py:190} INFO - [2026-07-18T21:21:22.580+0000] {dag.py:4180} INFO - Setting next_dagrun for dataset_consumes_1_never_scheduled to None, run_after=None
[2026-07-18T21:21:22.585+0000] {logging_mixin.py:190} INFO - [2026-07-18T21:21:22.584+0000] {dag.py:4180} INFO - Setting next_dagrun for dataset_consumes_unknown_never_scheduled to None, run_after=None
[2026-07-18T21:21:22.591+0000] {logging_mixin.py:190} INFO - [2026-07-18T21:21:22.590+0000] {dag.py:4180} INFO - Setting next_dagrun for dataset_produces_1 to 2026-07-17 00:00:00+00:00, run_after=2026-07-18 00:00:00+00:00
[2026-07-18T21:21:22.595+0000] {logging_mixin.py:190} INFO - [2026-07-18T21:21:22.595+0000] {dag.py:4180} INFO - Setting next_dagrun for dataset_produces_2 to None, run_after=None
[2026-07-18T21:21:22.680+0000] {processor.py:208} INFO - Processing /home/airflow/.local/lib/python3.12/site-packages/airflow/example_dags/example_datasets.py took 1.229 seconds
[2026-07-18T21:21:53.052+0000] {processor.py:186} INFO - Started process (PID=3035) to work on /home/airflow/.local/lib/python3.12/site-packages/airflow/example_dags/example_datasets.py
[2026-07-18T21:21:53.054+0000] {processor.py:914} INFO - Processing file /home/airflow/.local/lib/python3.12/site-packages/airflow/example_dags/example_datasets.py for tasks to queue
[2026-07-18T21:21:53.060+0000] {logging_mixin.py:190} INFO - [2026-07-18T21:21:53.059+0000] {dagbag.py:588} INFO - Filling up the DagBag from /home/airflow/.local/lib/python3.12/site-packages/airflow/example_dags/example_datasets.py
[2026-07-18T21:21:54.291+0000] {processor.py:925} INFO - DAG(s) 'conditional_dataset_and_time_based_timetable', 'dataset_consumes_1', 'consume_1_or_both_2_and_3_with_dataset_expressions', 'consume_1_and_2_with_dataset_expressions', 'dataset_consumes_unknown_never_scheduled', 'dataset_produces_1', 'consume_1_or_2_with_dataset_expressions', 'dataset_consumes_1_and_2', 'dataset_produces_2', 'dataset_consumes_1_never_scheduled' retrieved from /home/airflow/.local/lib/python3.12/site-packages/airflow/example_dags/example_datasets.py
[2026-07-18T21:21:54.548+0000] {logging_mixin.py:190} INFO - [2026-07-18T21:21:54.547+0000] {dag.py:3239} INFO - Sync 10 DAGs
[2026-07-18T21:21:54.653+0000] {logging_mixin.py:190} INFO - [2026-07-18T21:21:54.652+0000] {dag.py:4180} INFO - Setting next_dagrun for conditional_dataset_and_time_based_timetable to 2026-07-15 01:00:00+00:00, run_after=2026-07-15 01:00:00+00:00
[2026-07-18T21:21:54.672+0000] {logging_mixin.py:190} INFO - [2026-07-18T21:21:54.671+0000] {dag.py:4180} INFO - Setting next_dagrun for consume_1_and_2_with_dataset_expressions to None, run_after=None
[2026-07-18T21:21:54.677+0000] {logging_mixin.py:190} INFO - [2026-07-18T21:21:54.676+0000] {dag.py:4180} INFO - Setting next_dagrun for consume_1_or_2_with_dataset_expressions to None, run_after=None
[2026-07-18T21:21:54.680+0000] {logging_mixin.py:190} INFO - [2026-07-18T21:21:54.680+0000] {dag.py:4180} INFO - Setting next_dagrun for consume_1_or_both_2_and_3_with_dataset_expressions to None, run_after=None
[2026-07-18T21:21:54.684+0000] {logging_mixin.py:190} INFO - [2026-07-18T21:21:54.684+0000] {dag.py:4180} INFO - Setting next_dagrun for dataset_consumes_1 to None, run_after=None
[2026-07-18T21:21:54.687+0000] {logging_mixin.py:190} INFO - [2026-07-18T21:21:54.687+0000] {dag.py:4180} INFO - Setting next_dagrun for dataset_consumes_1_and_2 to None, run_after=None
[2026-07-18T21:21:54.691+0000] {logging_mixin.py:190} INFO - [2026-07-18T21:21:54.690+0000] {dag.py:4180} INFO - Setting next_dagrun for dataset_consumes_1_never_scheduled to None, run_after=None
[2026-07-18T21:21:54.694+0000] {logging_mixin.py:190} INFO - [2026-07-18T21:21:54.694+0000] {dag.py:4180} INFO - Setting next_dagrun for dataset_consumes_unknown_never_scheduled to None, run_after=None
[2026-07-18T21:21:54.699+0000] {logging_mixin.py:190} INFO - [2026-07-18T21:21:54.699+0000] {dag.py:4180} INFO - Setting next_dagrun for dataset_produces_1 to 2026-07-17 00:00:00+00:00, run_after=2026-07-18 00:00:00+00:00
[2026-07-18T21:21:54.702+0000] {logging_mixin.py:190} INFO - [2026-07-18T21:21:54.702+0000] {dag.py:4180} INFO - Setting next_dagrun for dataset_produces_2 to None, run_after=None
[2026-07-18T21:21:54.753+0000] {processor.py:208} INFO - Processing /home/airflow/.local/lib/python3.12/site-packages/airflow/example_dags/example_datasets.py took 1.712 seconds
[2026-07-18T21:22:25.326+0000] {processor.py:186} INFO - Started process (PID=3104) to work on /home/airflow/.local/lib/python3.12/site-packages/airflow/example_dags/example_datasets.py
[2026-07-18T21:22:25.328+0000] {processor.py:914} INFO - Processing file /home/airflow/.local/lib/python3.12/site-packages/airflow/example_dags/example_datasets.py for tasks to queue
[2026-07-18T21:22:25.335+0000] {logging_mixin.py:190} INFO - [2026-07-18T21:22:25.334+0000] {dagbag.py:588} INFO - Filling up the DagBag from /home/airflow/.local/lib/python3.12/site-packages/airflow/example_dags/example_datasets.py
[2026-07-18T21:22:26.424+0000] {processor.py:925} INFO - DAG(s) 'consume_1_or_both_2_and_3_with_dataset_expressions', 'dataset_produces_2', 'dataset_consumes_unknown_never_scheduled', 'consume_1_or_2_with_dataset_expressions', 'dataset_consumes_1_and_2', 'dataset_produces_1', 'dataset_consumes_1', 'conditional_dataset_and_time_based_timetable', 'dataset_consumes_1_never_scheduled', 'consume_1_and_2_with_dataset_expressions' retrieved from /home/airflow/.local/lib/python3.12/site-packages/airflow/example_dags/example_datasets.py
[2026-07-18T21:22:26.510+0000] {logging_mixin.py:190} INFO - [2026-07-18T21:22:26.510+0000] {dag.py:3239} INFO - Sync 10 DAGs
[2026-07-18T21:22:26.563+0000] {logging_mixin.py:190} INFO - [2026-07-18T21:22:26.563+0000] {dag.py:4180} INFO - Setting next_dagrun for conditional_dataset_and_time_based_timetable to 2026-07-15 01:00:00+00:00, run_after=2026-07-15 01:00:00+00:00
[2026-07-18T21:22:26.573+0000] {logging_mixin.py:190} INFO - [2026-07-18T21:22:26.572+0000] {dag.py:4180} INFO - Setting next_dagrun for consume_1_and_2_with_dataset_expressions to None, run_after=None
[2026-07-18T21:22:26.578+0000] {logging_mixin.py:190} INFO - [2026-07-18T21:22:26.577+0000] {dag.py:4180} INFO - Setting next_dagrun for consume_1_or_2_with_dataset_expressions to None, run_after=None
[2026-07-18T21:22:26.581+0000] {logging_mixin.py:190} INFO - [2026-07-18T21:22:26.581+0000] {dag.py:4180} INFO - Setting next_dagrun for consume_1_or_both_2_and_3_with_dataset_expressions to None, run_after=None
[2026-07-18T21:22:26.585+0000] {logging_mixin.py:190} INFO - [2026-07-18T21:22:26.585+0000] {dag.py:4180} INFO - Setting next_dagrun for dataset_consumes_1 to None, run_after=None
[2026-07-18T21:22:26.589+0000] {logging_mixin.py:190} INFO - [2026-07-18T21:22:26.589+0000] {dag.py:4180} INFO - Setting next_dagrun for dataset_consumes_1_and_2 to None, run_after=None
[2026-07-18T21:22:26.593+0000] {logging_mixin.py:190} INFO - [2026-07-18T21:22:26.593+0000] {dag.py:4180} INFO - Setting next_dagrun for dataset_consumes_1_never_scheduled to None, run_after=None
[2026-07-18T21:22:26.596+0000] {logging_mixin.py:190} INFO - [2026-07-18T21:22:26.596+0000] {dag.py:4180} INFO - Setting next_dagrun for dataset_consumes_unknown_never_scheduled to None, run_after=None
[2026-07-18T21:22:26.603+0000] {logging_mixin.py:190} INFO - [2026-07-18T21:22:26.603+0000] {dag.py:4180} INFO - Setting next_dagrun for dataset_produces_1 to 2026-07-17 00:00:00+00:00, run_after=2026-07-18 00:00:00+00:00
[2026-07-18T21:22:26.607+0000] {logging_mixin.py:190} INFO - [2026-07-18T21:22:26.607+0000] {dag.py:4180} INFO - Setting next_dagrun for dataset_produces_2 to None, run_after=None
[2026-07-18T21:22:26.673+0000] {processor.py:208} INFO - Processing /home/airflow/.local/lib/python3.12/site-packages/airflow/example_dags/example_datasets.py took 1.357 seconds
[2026-07-18T21:26:01.393+0000] {processor.py:186} INFO - Started process (PID=145) to work on /home/airflow/.local/lib/python3.12/site-packages/airflow/example_dags/example_datasets.py
[2026-07-18T21:26:01.397+0000] {processor.py:914} INFO - Processing file /home/airflow/.local/lib/python3.12/site-packages/airflow/example_dags/example_datasets.py for tasks to queue
[2026-07-18T21:26:01.403+0000] {logging_mixin.py:190} INFO - [2026-07-18T21:26:01.402+0000] {dagbag.py:588} INFO - Filling up the DagBag from /home/airflow/.local/lib/python3.12/site-packages/airflow/example_dags/example_datasets.py
[2026-07-18T21:26:02.424+0000] {processor.py:925} INFO - DAG(s) 'consume_1_or_2_with_dataset_expressions', 'dataset_consumes_1_and_2', 'dataset_consumes_1', 'dataset_produces_2', 'dataset_produces_1', 'consume_1_and_2_with_dataset_expressions', 'consume_1_or_both_2_and_3_with_dataset_expressions', 'dataset_consumes_1_never_scheduled', 'conditional_dataset_and_time_based_timetable', 'dataset_consumes_unknown_never_scheduled' retrieved from /home/airflow/.local/lib/python3.12/site-packages/airflow/example_dags/example_datasets.py
[2026-07-18T21:26:02.484+0000] {logging_mixin.py:190} INFO - [2026-07-18T21:26:02.484+0000] {dag.py:3239} INFO - Sync 10 DAGs
[2026-07-18T21:26:02.523+0000] {logging_mixin.py:190} INFO - [2026-07-18T21:26:02.522+0000] {dag.py:4180} INFO - Setting next_dagrun for conditional_dataset_and_time_based_timetable to 2026-07-15 01:00:00+00:00, run_after=2026-07-15 01:00:00+00:00
[2026-07-18T21:26:02.530+0000] {logging_mixin.py:190} INFO - [2026-07-18T21:26:02.529+0000] {dag.py:4180} INFO - Setting next_dagrun for consume_1_and_2_with_dataset_expressions to None, run_after=None
[2026-07-18T21:26:02.533+0000] {logging_mixin.py:190} INFO - [2026-07-18T21:26:02.532+0000] {dag.py:4180} INFO - Setting next_dagrun for consume_1_or_2_with_dataset_expressions to None, run_after=None
[2026-07-18T21:26:02.536+0000] {logging_mixin.py:190} INFO - [2026-07-18T21:26:02.536+0000] {dag.py:4180} INFO - Setting next_dagrun for consume_1_or_both_2_and_3_with_dataset_expressions to None, run_after=None
[2026-07-18T21:26:02.539+0000] {logging_mixin.py:190} INFO - [2026-07-18T21:26:02.539+0000] {dag.py:4180} INFO - Setting next_dagrun for dataset_consumes_1 to None, run_after=None
[2026-07-18T21:26:02.543+0000] {logging_mixin.py:190} INFO - [2026-07-18T21:26:02.542+0000] {dag.py:4180} INFO - Setting next_dagrun for dataset_consumes_1_and_2 to None, run_after=None
[2026-07-18T21:26:02.548+0000] {logging_mixin.py:190} INFO - [2026-07-18T21:26:02.547+0000] {dag.py:4180} INFO - Setting next_dagrun for dataset_consumes_1_never_scheduled to None, run_after=None
[2026-07-18T21:26:02.552+0000] {logging_mixin.py:190} INFO - [2026-07-18T21:26:02.551+0000] {dag.py:4180} INFO - Setting next_dagrun for dataset_consumes_unknown_never_scheduled to None, run_after=None
[2026-07-18T21:26:02.556+0000] {logging_mixin.py:190} INFO - [2026-07-18T21:26:02.556+0000] {dag.py:4180} INFO - Setting next_dagrun for dataset_produces_1 to 2026-07-17 00:00:00+00:00, run_after=2026-07-18 00:00:00+00:00
[2026-07-18T21:26:02.561+0000] {logging_mixin.py:190} INFO - [2026-07-18T21:26:02.560+0000] {dag.py:4180} INFO - Setting next_dagrun for dataset_produces_2 to None, run_after=None
[2026-07-18T21:26:02.614+0000] {processor.py:208} INFO - Processing /home/airflow/.local/lib/python3.12/site-packages/airflow/example_dags/example_datasets.py took 1.231 seconds
[2026-07-18T21:26:32.685+0000] {processor.py:186} INFO - Started process (PID=209) to work on /home/airflow/.local/lib/python3.12/site-packages/airflow/example_dags/example_datasets.py
[2026-07-18T21:26:32.688+0000] {processor.py:914} INFO - Processing file /home/airflow/.local/lib/python3.12/site-packages/airflow/example_dags/example_datasets.py for tasks to queue
[2026-07-18T21:26:32.693+0000] {logging_mixin.py:190} INFO - [2026-07-18T21:26:32.692+0000] {dagbag.py:588} INFO - Filling up the DagBag from /home/airflow/.local/lib/python3.12/site-packages/airflow/example_dags/example_datasets.py
[2026-07-18T21:26:33.536+0000] {processor.py:925} INFO - DAG(s) 'dataset_produces_1', 'dataset_consumes_1_never_scheduled', 'dataset_consumes_1', 'dataset_produces_2', 'consume_1_or_2_with_dataset_expressions', 'consume_1_and_2_with_dataset_expressions', 'dataset_consumes_1_and_2', 'conditional_dataset_and_time_based_timetable', 'consume_1_or_both_2_and_3_with_dataset_expressions', 'dataset_consumes_unknown_never_scheduled' retrieved from /home/airflow/.local/lib/python3.12/site-packages/airflow/example_dags/example_datasets.py
[2026-07-18T21:26:33.607+0000] {logging_mixin.py:190} INFO - [2026-07-18T21:26:33.606+0000] {dag.py:3239} INFO - Sync 10 DAGs
[2026-07-18T21:26:33.657+0000] {logging_mixin.py:190} INFO - [2026-07-18T21:26:33.657+0000] {dag.py:4180} INFO - Setting next_dagrun for conditional_dataset_and_time_based_timetable to 2026-07-15 01:00:00+00:00, run_after=2026-07-15 01:00:00+00:00
[2026-07-18T21:26:33.669+0000] {logging_mixin.py:190} INFO - [2026-07-18T21:26:33.668+0000] {dag.py:4180} INFO - Setting next_dagrun for consume_1_and_2_with_dataset_expressions to None, run_after=None
[2026-07-18T21:26:33.674+0000] {logging_mixin.py:190} INFO - [2026-07-18T21:26:33.673+0000] {dag.py:4180} INFO - Setting next_dagrun for consume_1_or_2_with_dataset_expressions to None, run_after=None
[2026-07-18T21:26:33.679+0000] {logging_mixin.py:190} INFO - [2026-07-18T21:26:33.678+0000] {dag.py:4180} INFO - Setting next_dagrun for consume_1_or_both_2_and_3_with_dataset_expressions to None, run_after=None
[2026-07-18T21:26:33.683+0000] {logging_mixin.py:190} INFO - [2026-07-18T21:26:33.682+0000] {dag.py:4180} INFO - Setting next_dagrun for dataset_consumes_1 to None, run_after=None
[2026-07-18T21:26:33.687+0000] {logging_mixin.py:190} INFO - [2026-07-18T21:26:33.686+0000] {dag.py:4180} INFO - Setting next_dagrun for dataset_consumes_1_and_2 to None, run_after=None
[2026-07-18T21:26:33.690+0000] {logging_mixin.py:190} INFO - [2026-07-18T21:26:33.690+0000] {dag.py:4180} INFO - Setting next_dagrun for dataset_consumes_1_never_scheduled to None, run_after=None
[2026-07-18T21:26:33.694+0000] {logging_mixin.py:190} INFO - [2026-07-18T21:26:33.694+0000] {dag.py:4180} INFO - Setting next_dagrun for dataset_consumes_unknown_never_scheduled to None, run_after=None
[2026-07-18T21:26:33.699+0000] {logging_mixin.py:190} INFO - [2026-07-18T21:26:33.699+0000] {dag.py:4180} INFO - Setting next_dagrun for dataset_produces_1 to 2026-07-17 00:00:00+00:00, run_after=2026-07-18 00:00:00+00:00
[2026-07-18T21:26:33.703+0000] {logging_mixin.py:190} INFO - [2026-07-18T21:26:33.703+0000] {dag.py:4180} INFO - Setting next_dagrun for dataset_produces_2 to None, run_after=None
[2026-07-18T21:26:33.761+0000] {processor.py:208} INFO - Processing /home/airflow/.local/lib/python3.12/site-packages/airflow/example_dags/example_datasets.py took 1.082 seconds
[2026-07-18T21:27:04.881+0000] {processor.py:186} INFO - Started process (PID=271) to work on /home/airflow/.local/lib/python3.12/site-packages/airflow/example_dags/example_datasets.py
[2026-07-18T21:27:04.883+0000] {processor.py:914} INFO - Processing file /home/airflow/.local/lib/python3.12/site-packages/airflow/example_dags/example_datasets.py for tasks to queue
[2026-07-18T21:27:04.891+0000] {logging_mixin.py:190} INFO - [2026-07-18T21:27:04.890+0000] {dagbag.py:588} INFO - Filling up the DagBag from /home/airflow/.local/lib/python3.12/site-packages/airflow/example_dags/example_datasets.py
[2026-07-18T21:27:06.206+0000] {processor.py:925} INFO - DAG(s) 'dataset_consumes_1_and_2', 'dataset_consumes_1_never_scheduled', 'consume_1_or_2_with_dataset_expressions', 'dataset_consumes_unknown_never_scheduled', 'conditional_dataset_and_time_based_timetable', 'dataset_consumes_1', 'consume_1_and_2_with_dataset_expressions', 'consume_1_or_both_2_and_3_with_dataset_expressions', 'dataset_produces_2', 'dataset_produces_1' retrieved from /home/airflow/.local/lib/python3.12/site-packages/airflow/example_dags/example_datasets.py
[2026-07-18T21:27:06.288+0000] {logging_mixin.py:190} INFO - [2026-07-18T21:27:06.287+0000] {dag.py:3239} INFO - Sync 10 DAGs
[2026-07-18T21:27:06.348+0000] {logging_mixin.py:190} INFO - [2026-07-18T21:27:06.348+0000] {dag.py:4180} INFO - Setting next_dagrun for conditional_dataset_and_time_based_timetable to 2026-07-15 01:00:00+00:00, run_after=2026-07-15 01:00:00+00:00
[2026-07-18T21:27:06.355+0000] {logging_mixin.py:190} INFO - [2026-07-18T21:27:06.355+0000] {dag.py:4180} INFO - Setting next_dagrun for consume_1_and_2_with_dataset_expressions to None, run_after=None
[2026-07-18T21:27:06.360+0000] {logging_mixin.py:190} INFO - [2026-07-18T21:27:06.359+0000] {dag.py:4180} INFO - Setting next_dagrun for consume_1_or_2_with_dataset_expressions to None, run_after=None
[2026-07-18T21:27:06.364+0000] {logging_mixin.py:190} INFO - [2026-07-18T21:27:06.363+0000] {dag.py:4180} INFO - Setting next_dagrun for consume_1_or_both_2_and_3_with_dataset_expressions to None, run_after=None
[2026-07-18T21:27:06.367+0000] {logging_mixin.py:190} INFO - [2026-07-18T21:27:06.367+0000] {dag.py:4180} INFO - Setting next_dagrun for dataset_consumes_1 to None, run_after=None
[2026-07-18T21:27:06.370+0000] {logging_mixin.py:190} INFO - [2026-07-18T21:27:06.370+0000] {dag.py:4180} INFO - Setting next_dagrun for dataset_consumes_1_and_2 to None, run_after=None
[2026-07-18T21:27:06.374+0000] {logging_mixin.py:190} INFO - [2026-07-18T21:27:06.374+0000] {dag.py:4180} INFO - Setting next_dagrun for dataset_consumes_1_never_scheduled to None, run_after=None
[2026-07-18T21:27:06.377+0000] {logging_mixin.py:190} INFO - [2026-07-18T21:27:06.377+0000] {dag.py:4180} INFO - Setting next_dagrun for dataset_consumes_unknown_never_scheduled to None, run_after=None
[2026-07-18T21:27:06.382+0000] {logging_mixin.py:190} INFO - [2026-07-18T21:27:06.382+0000] {dag.py:4180} INFO - Setting next_dagrun for dataset_produces_1 to 2026-07-17 00:00:00+00:00, run_after=2026-07-18 00:00:00+00:00
[2026-07-18T21:27:06.385+0000] {logging_mixin.py:190} INFO - [2026-07-18T21:27:06.385+0000] {dag.py:4180} INFO - Setting next_dagrun for dataset_produces_2 to None, run_after=None
[2026-07-18T21:27:06.444+0000] {processor.py:208} INFO - Processing /home/airflow/.local/lib/python3.12/site-packages/airflow/example_dags/example_datasets.py took 1.574 seconds
[2026-07-18T21:27:36.674+0000] {processor.py:186} INFO - Started process (PID=334) to work on /home/airflow/.local/lib/python3.12/site-packages/airflow/example_dags/example_datasets.py
[2026-07-18T21:27:36.677+0000] {processor.py:914} INFO - Processing file /home/airflow/.local/lib/python3.12/site-packages/airflow/example_dags/example_datasets.py for tasks to queue
[2026-07-18T21:27:36.683+0000] {logging_mixin.py:190} INFO - [2026-07-18T21:27:36.682+0000] {dagbag.py:588} INFO - Filling up the DagBag from /home/airflow/.local/lib/python3.12/site-packages/airflow/example_dags/example_datasets.py
[2026-07-18T21:27:37.992+0000] {processor.py:925} INFO - DAG(s) 'dataset_produces_2', 'dataset_consumes_1', 'dataset_consumes_1_and_2', 'consume_1_or_both_2_and_3_with_dataset_expressions', 'consume_1_and_2_with_dataset_expressions', 'dataset_consumes_unknown_never_scheduled', 'dataset_consumes_1_never_scheduled', 'dataset_produces_1', 'consume_1_or_2_with_dataset_expressions', 'conditional_dataset_and_time_based_timetable' retrieved from /home/airflow/.local/lib/python3.12/site-packages/airflow/example_dags/example_datasets.py
[2026-07-18T21:27:38.069+0000] {logging_mixin.py:190} INFO - [2026-07-18T21:27:38.069+0000] {dag.py:3239} INFO - Sync 10 DAGs
[2026-07-18T21:27:38.108+0000] {logging_mixin.py:190} INFO - [2026-07-18T21:27:38.108+0000] {dag.py:4180} INFO - Setting next_dagrun for conditional_dataset_and_time_based_timetable to 2026-07-15 01:00:00+00:00, run_after=2026-07-15 01:00:00+00:00
[2026-07-18T21:27:38.117+0000] {logging_mixin.py:190} INFO - [2026-07-18T21:27:38.117+0000] {dag.py:4180} INFO - Setting next_dagrun for consume_1_and_2_with_dataset_expressions to None, run_after=None
[2026-07-18T21:27:38.121+0000] {logging_mixin.py:190} INFO - [2026-07-18T21:27:38.121+0000] {dag.py:4180} INFO - Setting next_dagrun for consume_1_or_2_with_dataset_expressions to None, run_after=None
[2026-07-18T21:27:38.127+0000] {logging_mixin.py:190} INFO - [2026-07-18T21:27:38.126+0000] {dag.py:4180} INFO - Setting next_dagrun for consume_1_or_both_2_and_3_with_dataset_expressions to None, run_after=None
[2026-07-18T21:27:38.134+0000] {logging_mixin.py:190} INFO - [2026-07-18T21:27:38.133+0000] {dag.py:4180} INFO - Setting next_dagrun for dataset_consumes_1 to None, run_after=None
[2026-07-18T21:27:38.143+0000] {logging_mixin.py:190} INFO - [2026-07-18T21:27:38.142+0000] {dag.py:4180} INFO - Setting next_dagrun for dataset_consumes_1_and_2 to None, run_after=None
[2026-07-18T21:27:38.152+0000] {logging_mixin.py:190} INFO - [2026-07-18T21:27:38.151+0000] {dag.py:4180} INFO - Setting next_dagrun for dataset_consumes_1_never_scheduled to None, run_after=None
[2026-07-18T21:27:38.157+0000] {logging_mixin.py:190} INFO - [2026-07-18T21:27:38.156+0000] {dag.py:4180} INFO - Setting next_dagrun for dataset_consumes_unknown_never_scheduled to None, run_after=None
[2026-07-18T21:27:38.164+0000] {logging_mixin.py:190} INFO - [2026-07-18T21:27:38.164+0000] {dag.py:4180} INFO - Setting next_dagrun for dataset_produces_1 to 2026-07-17 00:00:00+00:00, run_after=2026-07-18 00:00:00+00:00
[2026-07-18T21:27:38.168+0000] {logging_mixin.py:190} INFO - [2026-07-18T21:27:38.168+0000] {dag.py:4180} INFO - Setting next_dagrun for dataset_produces_2 to None, run_after=None
[2026-07-18T21:27:38.239+0000] {processor.py:208} INFO - Processing /home/airflow/.local/lib/python3.12/site-packages/airflow/example_dags/example_datasets.py took 1.580 seconds
[2026-07-18T21:28:08.429+0000] {processor.py:186} INFO - Started process (PID=398) to work on /home/airflow/.local/lib/python3.12/site-packages/airflow/example_dags/example_datasets.py
[2026-07-18T21:28:08.432+0000] {processor.py:914} INFO - Processing file /home/airflow/.local/lib/python3.12/site-packages/airflow/example_dags/example_datasets.py for tasks to queue
[2026-07-18T21:28:08.438+0000] {logging_mixin.py:190} INFO - [2026-07-18T21:28:08.438+0000] {dagbag.py:588} INFO - Filling up the DagBag from /home/airflow/.local/lib/python3.12/site-packages/airflow/example_dags/example_datasets.py
[2026-07-18T21:28:09.550+0000] {processor.py:925} INFO - DAG(s) 'dataset_produces_1', 'conditional_dataset_and_time_based_timetable', 'dataset_consumes_1_never_scheduled', 'dataset_produces_2', 'consume_1_and_2_with_dataset_expressions', 'dataset_consumes_unknown_never_scheduled', 'consume_1_or_both_2_and_3_with_dataset_expressions', 'dataset_consumes_1_and_2', 'consume_1_or_2_with_dataset_expressions', 'dataset_consumes_1' retrieved from /home/airflow/.local/lib/python3.12/site-packages/airflow/example_dags/example_datasets.py
[2026-07-18T21:28:09.634+0000] {logging_mixin.py:190} INFO - [2026-07-18T21:28:09.634+0000] {dag.py:3239} INFO - Sync 10 DAGs
[2026-07-18T21:28:09.677+0000] {logging_mixin.py:190} INFO - [2026-07-18T21:28:09.677+0000] {dag.py:4180} INFO - Setting next_dagrun for conditional_dataset_and_time_based_timetable to 2026-07-15 01:00:00+00:00, run_after=2026-07-15 01:00:00+00:00
[2026-07-18T21:28:09.685+0000] {logging_mixin.py:190} INFO - [2026-07-18T21:28:09.684+0000] {dag.py:4180} INFO - Setting next_dagrun for consume_1_and_2_with_dataset_expressions to None, run_after=None
[2026-07-18T21:28:09.689+0000] {logging_mixin.py:190} INFO - [2026-07-18T21:28:09.689+0000] {dag.py:4180} INFO - Setting next_dagrun for consume_1_or_2_with_dataset_expressions to None, run_after=None
[2026-07-18T21:28:09.693+0000] {logging_mixin.py:190} INFO - [2026-07-18T21:28:09.692+0000] {dag.py:4180} INFO - Setting next_dagrun for consume_1_or_both_2_and_3_with_dataset_expressions to None, run_after=None
[2026-07-18T21:28:09.697+0000] {logging_mixin.py:190} INFO - [2026-07-18T21:28:09.696+0000] {dag.py:4180} INFO - Setting next_dagrun for dataset_consumes_1 to None, run_after=None
[2026-07-18T21:28:09.701+0000] {logging_mixin.py:190} INFO - [2026-07-18T21:28:09.700+0000] {dag.py:4180} INFO - Setting next_dagrun for dataset_consumes_1_and_2 to None, run_after=None
[2026-07-18T21:28:09.705+0000] {logging_mixin.py:190} INFO - [2026-07-18T21:28:09.704+0000] {dag.py:4180} INFO - Setting next_dagrun for dataset_consumes_1_never_scheduled to None, run_after=None
[2026-07-18T21:28:09.709+0000] {logging_mixin.py:190} INFO - [2026-07-18T21:28:09.709+0000] {dag.py:4180} INFO - Setting next_dagrun for dataset_consumes_unknown_never_scheduled to None, run_after=None
[2026-07-18T21:28:09.715+0000] {logging_mixin.py:190} INFO - [2026-07-18T21:28:09.715+0000] {dag.py:4180} INFO - Setting next_dagrun for dataset_produces_1 to 2026-07-17 00:00:00+00:00, run_after=2026-07-18 00:00:00+00:00
[2026-07-18T21:28:09.720+0000] {logging_mixin.py:190} INFO - [2026-07-18T21:28:09.719+0000] {dag.py:4180} INFO - Setting next_dagrun for dataset_produces_2 to None, run_after=None
[2026-07-18T21:28:09.786+0000] {processor.py:208} INFO - Processing /home/airflow/.local/lib/python3.12/site-packages/airflow/example_dags/example_datasets.py took 1.369 seconds
[2026-07-18T21:28:40.396+0000] {processor.py:186} INFO - Started process (PID=461) to work on /home/airflow/.local/lib/python3.12/site-packages/airflow/example_dags/example_datasets.py
[2026-07-18T21:28:40.398+0000] {processor.py:914} INFO - Processing file /home/airflow/.local/lib/python3.12/site-packages/airflow/example_dags/example_datasets.py for tasks to queue
[2026-07-18T21:28:40.405+0000] {logging_mixin.py:190} INFO - [2026-07-18T21:28:40.404+0000] {dagbag.py:588} INFO - Filling up the DagBag from /home/airflow/.local/lib/python3.12/site-packages/airflow/example_dags/example_datasets.py
[2026-07-18T21:28:41.356+0000] {processor.py:925} INFO - DAG(s) 'dataset_consumes_1_never_scheduled', 'dataset_produces_1', 'dataset_produces_2', 'dataset_consumes_1_and_2', 'consume_1_and_2_with_dataset_expressions', 'consume_1_or_2_with_dataset_expressions', 'consume_1_or_both_2_and_3_with_dataset_expressions', 'dataset_consumes_unknown_never_scheduled', 'dataset_consumes_1', 'conditional_dataset_and_time_based_timetable' retrieved from /home/airflow/.local/lib/python3.12/site-packages/airflow/example_dags/example_datasets.py
[2026-07-18T21:28:41.416+0000] {logging_mixin.py:190} INFO - [2026-07-18T21:28:41.416+0000] {dag.py:3239} INFO - Sync 10 DAGs
[2026-07-18T21:28:41.458+0000] {logging_mixin.py:190} INFO - [2026-07-18T21:28:41.457+0000] {dag.py:4180} INFO - Setting next_dagrun for conditional_dataset_and_time_based_timetable to 2026-07-15 01:00:00+00:00, run_after=2026-07-15 01:00:00+00:00
[2026-07-18T21:28:41.464+0000] {logging_mixin.py:190} INFO - [2026-07-18T21:28:41.464+0000] {dag.py:4180} INFO - Setting next_dagrun for consume_1_and_2_with_dataset_expressions to None, run_after=None
[2026-07-18T21:28:41.467+0000] {logging_mixin.py:190} INFO - [2026-07-18T21:28:41.467+0000] {dag.py:4180} INFO - Setting next_dagrun for consume_1_or_2_with_dataset_expressions to None, run_after=None
[2026-07-18T21:28:41.471+0000] {logging_mixin.py:190} INFO - [2026-07-18T21:28:41.470+0000] {dag.py:4180} INFO - Setting next_dagrun for consume_1_or_both_2_and_3_with_dataset_expressions to None, run_after=None
[2026-07-18T21:28:41.474+0000] {logging_mixin.py:190} INFO - [2026-07-18T21:28:41.474+0000] {dag.py:4180} INFO - Setting next_dagrun for dataset_consumes_1 to None, run_after=None
[2026-07-18T21:28:41.477+0000] {logging_mixin.py:190} INFO - [2026-07-18T21:28:41.477+0000] {dag.py:4180} INFO - Setting next_dagrun for dataset_consumes_1_and_2 to None, run_after=None
[2026-07-18T21:28:41.481+0000] {logging_mixin.py:190} INFO - [2026-07-18T21:28:41.480+0000] {dag.py:4180} INFO - Setting next_dagrun for dataset_consumes_1_never_scheduled to None, run_after=None
[2026-07-18T21:28:41.484+0000] {logging_mixin.py:190} INFO - [2026-07-18T21:28:41.484+0000] {dag.py:4180} INFO - Setting next_dagrun for dataset_consumes_unknown_never_scheduled to None, run_after=None
[2026-07-18T21:28:41.489+0000] {logging_mixin.py:190} INFO - [2026-07-18T21:28:41.489+0000] {dag.py:4180} INFO - Setting next_dagrun for dataset_produces_1 to 2026-07-17 00:00:00+00:00, run_after=2026-07-18 00:00:00+00:00
[2026-07-18T21:28:41.493+0000] {logging_mixin.py:190} INFO - [2026-07-18T21:28:41.492+0000] {dag.py:4180} INFO - Setting next_dagrun for dataset_produces_2 to None, run_after=None
[2026-07-18T21:28:41.621+0000] {processor.py:208} INFO - Processing /home/airflow/.local/lib/python3.12/site-packages/airflow/example_dags/example_datasets.py took 1.237 seconds
[2026-07-18T21:29:11.867+0000] {processor.py:186} INFO - Started process (PID=524) to work on /home/airflow/.local/lib/python3.12/site-packages/airflow/example_dags/example_datasets.py
[2026-07-18T21:29:11.869+0000] {processor.py:914} INFO - Processing file /home/airflow/.local/lib/python3.12/site-packages/airflow/example_dags/example_datasets.py for tasks to queue
[2026-07-18T21:29:11.873+0000] {logging_mixin.py:190} INFO - [2026-07-18T21:29:11.872+0000] {dagbag.py:588} INFO - Filling up the DagBag from /home/airflow/.local/lib/python3.12/site-packages/airflow/example_dags/example_datasets.py
[2026-07-18T21:29:12.841+0000] {processor.py:925} INFO - DAG(s) 'dataset_produces_2', 'consume_1_and_2_with_dataset_expressions', 'consume_1_or_both_2_and_3_with_dataset_expressions', 'dataset_consumes_unknown_never_scheduled', 'dataset_consumes_1_never_scheduled', 'dataset_consumes_1', 'dataset_produces_1', 'conditional_dataset_and_time_based_timetable', 'consume_1_or_2_with_dataset_expressions', 'dataset_consumes_1_and_2' retrieved from /home/airflow/.local/lib/python3.12/site-packages/airflow/example_dags/example_datasets.py
[2026-07-18T21:29:12.912+0000] {logging_mixin.py:190} INFO - [2026-07-18T21:29:12.912+0000] {dag.py:3239} INFO - Sync 10 DAGs
[2026-07-18T21:29:12.953+0000] {logging_mixin.py:190} INFO - [2026-07-18T21:29:12.953+0000] {dag.py:4180} INFO - Setting next_dagrun for conditional_dataset_and_time_based_timetable to 2026-07-15 01:00:00+00:00, run_after=2026-07-15 01:00:00+00:00
[2026-07-18T21:29:12.962+0000] {logging_mixin.py:190} INFO - [2026-07-18T21:29:12.962+0000] {dag.py:4180} INFO - Setting next_dagrun for consume_1_and_2_with_dataset_expressions to None, run_after=None
[2026-07-18T21:29:12.965+0000] {logging_mixin.py:190} INFO - [2026-07-18T21:29:12.965+0000] {dag.py:4180} INFO - Setting next_dagrun for consume_1_or_2_with_dataset_expressions to None, run_after=None
[2026-07-18T21:29:12.968+0000] {logging_mixin.py:190} INFO - [2026-07-18T21:29:12.968+0000] {dag.py:4180} INFO - Setting next_dagrun for consume_1_or_both_2_and_3_with_dataset_expressions to None, run_after=None
[2026-07-18T21:29:12.972+0000] {logging_mixin.py:190} INFO - [2026-07-18T21:29:12.972+0000] {dag.py:4180} INFO - Setting next_dagrun for dataset_consumes_1 to None, run_after=None
[2026-07-18T21:29:12.975+0000] {logging_mixin.py:190} INFO - [2026-07-18T21:29:12.975+0000] {dag.py:4180} INFO - Setting next_dagrun for dataset_consumes_1_and_2 to None, run_after=None
[2026-07-18T21:29:12.979+0000] {logging_mixin.py:190} INFO - [2026-07-18T21:29:12.979+0000] {dag.py:4180} INFO - Setting next_dagrun for dataset_consumes_1_never_scheduled to None, run_after=None
[2026-07-18T21:29:12.983+0000] {logging_mixin.py:190} INFO - [2026-07-18T21:29:12.983+0000] {dag.py:4180} INFO - Setting next_dagrun for dataset_consumes_unknown_never_scheduled to None, run_after=None
[2026-07-18T21:29:12.989+0000] {logging_mixin.py:190} INFO - [2026-07-18T21:29:12.989+0000] {dag.py:4180} INFO - Setting next_dagrun for dataset_produces_1 to 2026-07-17 00:00:00+00:00, run_after=2026-07-18 00:00:00+00:00
[2026-07-18T21:29:12.993+0000] {logging_mixin.py:190} INFO - [2026-07-18T21:29:12.993+0000] {dag.py:4180} INFO - Setting next_dagrun for dataset_produces_2 to None, run_after=None
[2026-07-18T21:29:13.052+0000] {processor.py:208} INFO - Processing /home/airflow/.local/lib/python3.12/site-packages/airflow/example_dags/example_datasets.py took 1.198 seconds
[2026-07-18T21:29:43.812+0000] {processor.py:186} INFO - Started process (PID=588) to work on /home/airflow/.local/lib/python3.12/site-packages/airflow/example_dags/example_datasets.py
[2026-07-18T21:29:43.814+0000] {processor.py:914} INFO - Processing file /home/airflow/.local/lib/python3.12/site-packages/airflow/example_dags/example_datasets.py for tasks to queue
[2026-07-18T21:29:43.820+0000] {logging_mixin.py:190} INFO - [2026-07-18T21:29:43.820+0000] {dagbag.py:588} INFO - Filling up the DagBag from /home/airflow/.local/lib/python3.12/site-packages/airflow/example_dags/example_datasets.py
[2026-07-18T21:29:44.478+0000] {processor.py:925} INFO - DAG(s) 'dataset_consumes_1_never_scheduled', 'consume_1_or_both_2_and_3_with_dataset_expressions', 'dataset_consumes_1_and_2', 'consume_1_or_2_with_dataset_expressions', 'conditional_dataset_and_time_based_timetable', 'dataset_produces_2', 'dataset_consumes_1', 'dataset_consumes_unknown_never_scheduled', 'dataset_produces_1', 'consume_1_and_2_with_dataset_expressions' retrieved from /home/airflow/.local/lib/python3.12/site-packages/airflow/example_dags/example_datasets.py
[2026-07-18T21:29:44.535+0000] {logging_mixin.py:190} INFO - [2026-07-18T21:29:44.535+0000] {dag.py:3239} INFO - Sync 10 DAGs
[2026-07-18T21:29:44.625+0000] {logging_mixin.py:190} INFO - [2026-07-18T21:29:44.625+0000] {dag.py:4180} INFO - Setting next_dagrun for conditional_dataset_and_time_based_timetable to 2026-07-15 01:00:00+00:00, run_after=2026-07-15 01:00:00+00:00
[2026-07-18T21:29:44.633+0000] {logging_mixin.py:190} INFO - [2026-07-18T21:29:44.633+0000] {dag.py:4180} INFO - Setting next_dagrun for consume_1_and_2_with_dataset_expressions to None, run_after=None
[2026-07-18T21:29:44.636+0000] {logging_mixin.py:190} INFO - [2026-07-18T21:29:44.636+0000] {dag.py:4180} INFO - Setting next_dagrun for consume_1_or_2_with_dataset_expressions to None, run_after=None
[2026-07-18T21:29:44.639+0000] {logging_mixin.py:190} INFO - [2026-07-18T21:29:44.639+0000] {dag.py:4180} INFO - Setting next_dagrun for consume_1_or_both_2_and_3_with_dataset_expressions to None, run_after=None
[2026-07-18T21:29:44.645+0000] {logging_mixin.py:190} INFO - [2026-07-18T21:29:44.644+0000] {dag.py:4180} INFO - Setting next_dagrun for dataset_consumes_1 to None, run_after=None
[2026-07-18T21:29:44.650+0000] {logging_mixin.py:190} INFO - [2026-07-18T21:29:44.649+0000] {dag.py:4180} INFO - Setting next_dagrun for dataset_consumes_1_and_2 to None, run_after=None
[2026-07-18T21:29:44.653+0000] {logging_mixin.py:190} INFO - [2026-07-18T21:29:44.653+0000] {dag.py:4180} INFO - Setting next_dagrun for dataset_consumes_1_never_scheduled to None, run_after=None
[2026-07-18T21:29:44.657+0000] {logging_mixin.py:190} INFO - [2026-07-18T21:29:44.657+0000] {dag.py:4180} INFO - Setting next_dagrun for dataset_consumes_unknown_never_scheduled to None, run_after=None
[2026-07-18T21:29:44.663+0000] {logging_mixin.py:190} INFO - [2026-07-18T21:29:44.663+0000] {dag.py:4180} INFO - Setting next_dagrun for dataset_produces_1 to 2026-07-17 00:00:00+00:00, run_after=2026-07-18 00:00:00+00:00
[2026-07-18T21:29:44.667+0000] {logging_mixin.py:190} INFO - [2026-07-18T21:29:44.667+0000] {dag.py:4180} INFO - Setting next_dagrun for dataset_produces_2 to None, run_after=None
[2026-07-18T21:29:44.720+0000] {processor.py:208} INFO - Processing /home/airflow/.local/lib/python3.12/site-packages/airflow/example_dags/example_datasets.py took 0.916 seconds
[2026-07-18T21:30:14.912+0000] {processor.py:186} INFO - Started process (PID=651) to work on /home/airflow/.local/lib/python3.12/site-packages/airflow/example_dags/example_datasets.py
[2026-07-18T21:30:14.915+0000] {processor.py:914} INFO - Processing file /home/airflow/.local/lib/python3.12/site-packages/airflow/example_dags/example_datasets.py for tasks to queue
[2026-07-18T21:30:14.921+0000] {logging_mixin.py:190} INFO - [2026-07-18T21:30:14.921+0000] {dagbag.py:588} INFO - Filling up the DagBag from /home/airflow/.local/lib/python3.12/site-packages/airflow/example_dags/example_datasets.py
[2026-07-18T21:30:15.963+0000] {processor.py:925} INFO - DAG(s) 'dataset_consumes_1', 'consume_1_or_2_with_dataset_expressions', 'consume_1_and_2_with_dataset_expressions', 'dataset_consumes_1_and_2', 'consume_1_or_both_2_and_3_with_dataset_expressions', 'dataset_consumes_unknown_never_scheduled', 'dataset_consumes_1_never_scheduled', 'dataset_produces_2', 'conditional_dataset_and_time_based_timetable', 'dataset_produces_1' retrieved from /home/airflow/.local/lib/python3.12/site-packages/airflow/example_dags/example_datasets.py
[2026-07-18T21:30:16.092+0000] {logging_mixin.py:190} INFO - [2026-07-18T21:30:16.091+0000] {dag.py:3239} INFO - Sync 10 DAGs
[2026-07-18T21:30:16.135+0000] {logging_mixin.py:190} INFO - [2026-07-18T21:30:16.134+0000] {dag.py:4180} INFO - Setting next_dagrun for conditional_dataset_and_time_based_timetable to 2026-07-15 01:00:00+00:00, run_after=2026-07-15 01:00:00+00:00
[2026-07-18T21:30:16.143+0000] {logging_mixin.py:190} INFO - [2026-07-18T21:30:16.143+0000] {dag.py:4180} INFO - Setting next_dagrun for consume_1_and_2_with_dataset_expressions to None, run_after=None
[2026-07-18T21:30:16.149+0000] {logging_mixin.py:190} INFO - [2026-07-18T21:30:16.148+0000] {dag.py:4180} INFO - Setting next_dagrun for consume_1_or_2_with_dataset_expressions to None, run_after=None
[2026-07-18T21:30:16.155+0000] {logging_mixin.py:190} INFO - [2026-07-18T21:30:16.154+0000] {dag.py:4180} INFO - Setting next_dagrun for consume_1_or_both_2_and_3_with_dataset_expressions to None, run_after=None
[2026-07-18T21:30:16.161+0000] {logging_mixin.py:190} INFO - [2026-07-18T21:30:16.160+0000] {dag.py:4180} INFO - Setting next_dagrun for dataset_consumes_1 to None, run_after=None
[2026-07-18T21:30:16.168+0000] {logging_mixin.py:190} INFO - [2026-07-18T21:30:16.167+0000] {dag.py:4180} INFO - Setting next_dagrun for dataset_consumes_1_and_2 to None, run_after=None
[2026-07-18T21:30:16.173+0000] {logging_mixin.py:190} INFO - [2026-07-18T21:30:16.172+0000] {dag.py:4180} INFO - Setting next_dagrun for dataset_consumes_1_never_scheduled to None, run_after=None
[2026-07-18T21:30:16.178+0000] {logging_mixin.py:190} INFO - [2026-07-18T21:30:16.177+0000] {dag.py:4180} INFO - Setting next_dagrun for dataset_consumes_unknown_never_scheduled to None, run_after=None
[2026-07-18T21:30:16.186+0000] {logging_mixin.py:190} INFO - [2026-07-18T21:30:16.185+0000] {dag.py:4180} INFO - Setting next_dagrun for dataset_produces_1 to 2026-07-17 00:00:00+00:00, run_after=2026-07-18 00:00:00+00:00
[2026-07-18T21:30:16.190+0000] {logging_mixin.py:190} INFO - [2026-07-18T21:30:16.190+0000] {dag.py:4180} INFO - Setting next_dagrun for dataset_produces_2 to None, run_after=None
[2026-07-18T21:30:16.257+0000] {processor.py:208} INFO - Processing /home/airflow/.local/lib/python3.12/site-packages/airflow/example_dags/example_datasets.py took 1.356 seconds
[2026-07-18T21:30:46.587+0000] {processor.py:186} INFO - Started process (PID=714) to work on /home/airflow/.local/lib/python3.12/site-packages/airflow/example_dags/example_datasets.py
[2026-07-18T21:30:46.589+0000] {processor.py:914} INFO - Processing file /home/airflow/.local/lib/python3.12/site-packages/airflow/example_dags/example_datasets.py for tasks to queue
[2026-07-18T21:30:46.595+0000] {logging_mixin.py:190} INFO - [2026-07-18T21:30:46.594+0000] {dagbag.py:588} INFO - Filling up the DagBag from /home/airflow/.local/lib/python3.12/site-packages/airflow/example_dags/example_datasets.py
[2026-07-18T21:30:47.411+0000] {processor.py:925} INFO - DAG(s) 'consume_1_or_2_with_dataset_expressions', 'dataset_produces_1', 'dataset_consumes_unknown_never_scheduled', 'dataset_consumes_1_never_scheduled', 'dataset_produces_2', 'dataset_consumes_1_and_2', 'consume_1_or_both_2_and_3_with_dataset_expressions', 'conditional_dataset_and_time_based_timetable', 'consume_1_and_2_with_dataset_expressions', 'dataset_consumes_1' retrieved from /home/airflow/.local/lib/python3.12/site-packages/airflow/example_dags/example_datasets.py
[2026-07-18T21:30:47.498+0000] {logging_mixin.py:190} INFO - [2026-07-18T21:30:47.498+0000] {dag.py:3239} INFO - Sync 10 DAGs
[2026-07-18T21:30:47.539+0000] {logging_mixin.py:190} INFO - [2026-07-18T21:30:47.539+0000] {dag.py:4180} INFO - Setting next_dagrun for conditional_dataset_and_time_based_timetable to 2026-07-15 01:00:00+00:00, run_after=2026-07-15 01:00:00+00:00
[2026-07-18T21:30:47.548+0000] {logging_mixin.py:190} INFO - [2026-07-18T21:30:47.547+0000] {dag.py:4180} INFO - Setting next_dagrun for consume_1_and_2_with_dataset_expressions to None, run_after=None
[2026-07-18T21:30:47.552+0000] {logging_mixin.py:190} INFO - [2026-07-18T21:30:47.552+0000] {dag.py:4180} INFO - Setting next_dagrun for consume_1_or_2_with_dataset_expressions to None, run_after=None
[2026-07-18T21:30:47.557+0000] {logging_mixin.py:190} INFO - [2026-07-18T21:30:47.556+0000] {dag.py:4180} INFO - Setting next_dagrun for consume_1_or_both_2_and_3_with_dataset_expressions to None, run_after=None
[2026-07-18T21:30:47.561+0000] {logging_mixin.py:190} INFO - [2026-07-18T21:30:47.560+0000] {dag.py:4180} INFO - Setting next_dagrun for dataset_consumes_1 to None, run_after=None
[2026-07-18T21:30:47.568+0000] {logging_mixin.py:190} INFO - [2026-07-18T21:30:47.568+0000] {dag.py:4180} INFO - Setting next_dagrun for dataset_consumes_1_and_2 to None, run_after=None
[2026-07-18T21:30:47.572+0000] {logging_mixin.py:190} INFO - [2026-07-18T21:30:47.572+0000] {dag.py:4180} INFO - Setting next_dagrun for dataset_consumes_1_never_scheduled to None, run_after=None
[2026-07-18T21:30:47.576+0000] {logging_mixin.py:190} INFO - [2026-07-18T21:30:47.576+0000] {dag.py:4180} INFO - Setting next_dagrun for dataset_consumes_unknown_never_scheduled to None, run_after=None
[2026-07-18T21:30:47.584+0000] {logging_mixin.py:190} INFO - [2026-07-18T21:30:47.583+0000] {dag.py:4180} INFO - Setting next_dagrun for dataset_produces_1 to 2026-07-17 00:00:00+00:00, run_after=2026-07-18 00:00:00+00:00
[2026-07-18T21:30:47.588+0000] {logging_mixin.py:190} INFO - [2026-07-18T21:30:47.587+0000] {dag.py:4180} INFO - Setting next_dagrun for dataset_produces_2 to None, run_after=None
[2026-07-18T21:30:47.701+0000] {processor.py:208} INFO - Processing /home/airflow/.local/lib/python3.12/site-packages/airflow/example_dags/example_datasets.py took 1.128 seconds
[2026-07-18T21:31:18.326+0000] {processor.py:186} INFO - Started process (PID=778) to work on /home/airflow/.local/lib/python3.12/site-packages/airflow/example_dags/example_datasets.py
[2026-07-18T21:31:18.330+0000] {processor.py:914} INFO - Processing file /home/airflow/.local/lib/python3.12/site-packages/airflow/example_dags/example_datasets.py for tasks to queue
[2026-07-18T21:31:18.335+0000] {logging_mixin.py:190} INFO - [2026-07-18T21:31:18.334+0000] {dagbag.py:588} INFO - Filling up the DagBag from /home/airflow/.local/lib/python3.12/site-packages/airflow/example_dags/example_datasets.py
[2026-07-18T21:31:19.065+0000] {processor.py:925} INFO - DAG(s) 'dataset_consumes_1_and_2', 'dataset_produces_1', 'dataset_consumes_unknown_never_scheduled', 'conditional_dataset_and_time_based_timetable', 'dataset_consumes_1', 'consume_1_and_2_with_dataset_expressions', 'dataset_produces_2', 'consume_1_or_both_2_and_3_with_dataset_expressions', 'dataset_consumes_1_never_scheduled', 'consume_1_or_2_with_dataset_expressions' retrieved from /home/airflow/.local/lib/python3.12/site-packages/airflow/example_dags/example_datasets.py
[2026-07-18T21:31:19.133+0000] {logging_mixin.py:190} INFO - [2026-07-18T21:31:19.133+0000] {dag.py:3239} INFO - Sync 10 DAGs
[2026-07-18T21:31:19.165+0000] {logging_mixin.py:190} INFO - [2026-07-18T21:31:19.165+0000] {dag.py:4180} INFO - Setting next_dagrun for conditional_dataset_and_time_based_timetable to 2026-07-15 01:00:00+00:00, run_after=2026-07-15 01:00:00+00:00
[2026-07-18T21:31:19.173+0000] {logging_mixin.py:190} INFO - [2026-07-18T21:31:19.172+0000] {dag.py:4180} INFO - Setting next_dagrun for consume_1_and_2_with_dataset_expressions to None, run_after=None
[2026-07-18T21:31:19.175+0000] {logging_mixin.py:190} INFO - [2026-07-18T21:31:19.175+0000] {dag.py:4180} INFO - Setting next_dagrun for consume_1_or_2_with_dataset_expressions to None, run_after=None
[2026-07-18T21:31:19.179+0000] {logging_mixin.py:190} INFO - [2026-07-18T21:31:19.178+0000] {dag.py:4180} INFO - Setting next_dagrun for consume_1_or_both_2_and_3_with_dataset_expressions to None, run_after=None
[2026-07-18T21:31:19.182+0000] {logging_mixin.py:190} INFO - [2026-07-18T21:31:19.181+0000] {dag.py:4180} INFO - Setting next_dagrun for dataset_consumes_1 to None, run_after=None
[2026-07-18T21:31:19.185+0000] {logging_mixin.py:190} INFO - [2026-07-18T21:31:19.184+0000] {dag.py:4180} INFO - Setting next_dagrun for dataset_consumes_1_and_2 to None, run_after=None
[2026-07-18T21:31:19.188+0000] {logging_mixin.py:190} INFO - [2026-07-18T21:31:19.187+0000] {dag.py:4180} INFO - Setting next_dagrun for dataset_consumes_1_never_scheduled to None, run_after=None
[2026-07-18T21:31:19.191+0000] {logging_mixin.py:190} INFO - [2026-07-18T21:31:19.190+0000] {dag.py:4180} INFO - Setting next_dagrun for dataset_consumes_unknown_never_scheduled to None, run_after=None
[2026-07-18T21:31:19.195+0000] {logging_mixin.py:190} INFO - [2026-07-18T21:31:19.195+0000] {dag.py:4180} INFO - Setting next_dagrun for dataset_produces_1 to 2026-07-17 00:00:00+00:00, run_after=2026-07-18 00:00:00+00:00
[2026-07-18T21:31:19.199+0000] {logging_mixin.py:190} INFO - [2026-07-18T21:31:19.198+0000] {dag.py:4180} INFO - Setting next_dagrun for dataset_produces_2 to None, run_after=None
[2026-07-18T21:31:19.290+0000] {processor.py:208} INFO - Processing /home/airflow/.local/lib/python3.12/site-packages/airflow/example_dags/example_datasets.py took 0.981 seconds
[2026-07-18T21:31:49.835+0000] {processor.py:186} INFO - Started process (PID=842) to work on /home/airflow/.local/lib/python3.12/site-packages/airflow/example_dags/example_datasets.py
[2026-07-18T21:31:49.838+0000] {processor.py:914} INFO - Processing file /home/airflow/.local/lib/python3.12/site-packages/airflow/example_dags/example_datasets.py for tasks to queue
[2026-07-18T21:31:49.842+0000] {logging_mixin.py:190} INFO - [2026-07-18T21:31:49.841+0000] {dagbag.py:588} INFO - Filling up the DagBag from /home/airflow/.local/lib/python3.12/site-packages/airflow/example_dags/example_datasets.py
[2026-07-18T21:31:50.676+0000] {processor.py:925} INFO - DAG(s) 'consume_1_and_2_with_dataset_expressions', 'dataset_produces_1', 'dataset_consumes_1', 'consume_1_or_2_with_dataset_expressions', 'dataset_consumes_1_and_2', 'dataset_produces_2', 'dataset_consumes_unknown_never_scheduled', 'consume_1_or_both_2_and_3_with_dataset_expressions', 'dataset_consumes_1_never_scheduled', 'conditional_dataset_and_time_based_timetable' retrieved from /home/airflow/.local/lib/python3.12/site-packages/airflow/example_dags/example_datasets.py
[2026-07-18T21:31:50.785+0000] {logging_mixin.py:190} INFO - [2026-07-18T21:31:50.784+0000] {dag.py:3239} INFO - Sync 10 DAGs
[2026-07-18T21:31:50.851+0000] {logging_mixin.py:190} INFO - [2026-07-18T21:31:50.850+0000] {dag.py:4180} INFO - Setting next_dagrun for conditional_dataset_and_time_based_timetable to 2026-07-15 01:00:00+00:00, run_after=2026-07-15 01:00:00+00:00
[2026-07-18T21:31:50.863+0000] {logging_mixin.py:190} INFO - [2026-07-18T21:31:50.863+0000] {dag.py:4180} INFO - Setting next_dagrun for consume_1_and_2_with_dataset_expressions to None, run_after=None
[2026-07-18T21:31:50.866+0000] {logging_mixin.py:190} INFO - [2026-07-18T21:31:50.866+0000] {dag.py:4180} INFO - Setting next_dagrun for consume_1_or_2_with_dataset_expressions to None, run_after=None
[2026-07-18T21:31:50.872+0000] {logging_mixin.py:190} INFO - [2026-07-18T21:31:50.872+0000] {dag.py:4180} INFO - Setting next_dagrun for consume_1_or_both_2_and_3_with_dataset_expressions to None, run_after=None
[2026-07-18T21:31:50.876+0000] {logging_mixin.py:190} INFO - [2026-07-18T21:31:50.876+0000] {dag.py:4180} INFO - Setting next_dagrun for dataset_consumes_1 to None, run_after=None
[2026-07-18T21:31:50.893+0000] {logging_mixin.py:190} INFO - [2026-07-18T21:31:50.892+0000] {dag.py:4180} INFO - Setting next_dagrun for dataset_consumes_1_and_2 to None, run_after=None
[2026-07-18T21:31:50.902+0000] {logging_mixin.py:190} INFO - [2026-07-18T21:31:50.901+0000] {dag.py:4180} INFO - Setting next_dagrun for dataset_consumes_1_never_scheduled to None, run_after=None
[2026-07-18T21:31:50.907+0000] {logging_mixin.py:190} INFO - [2026-07-18T21:31:50.907+0000] {dag.py:4180} INFO - Setting next_dagrun for dataset_consumes_unknown_never_scheduled to None, run_after=None
[2026-07-18T21:31:50.920+0000] {logging_mixin.py:190} INFO - [2026-07-18T21:31:50.919+0000] {dag.py:4180} INFO - Setting next_dagrun for dataset_produces_1 to 2026-07-17 00:00:00+00:00, run_after=2026-07-18 00:00:00+00:00
[2026-07-18T21:31:50.925+0000] {logging_mixin.py:190} INFO - [2026-07-18T21:31:50.924+0000] {dag.py:4180} INFO - Setting next_dagrun for dataset_produces_2 to None, run_after=None
[2026-07-18T21:31:51.041+0000] {processor.py:208} INFO - Processing /home/airflow/.local/lib/python3.12/site-packages/airflow/example_dags/example_datasets.py took 1.214 seconds
[2026-07-18T21:32:21.537+0000] {processor.py:186} INFO - Started process (PID=906) to work on /home/airflow/.local/lib/python3.12/site-packages/airflow/example_dags/example_datasets.py
[2026-07-18T21:32:21.540+0000] {processor.py:914} INFO - Processing file /home/airflow/.local/lib/python3.12/site-packages/airflow/example_dags/example_datasets.py for tasks to queue
[2026-07-18T21:32:21.545+0000] {logging_mixin.py:190} INFO - [2026-07-18T21:32:21.545+0000] {dagbag.py:588} INFO - Filling up the DagBag from /home/airflow/.local/lib/python3.12/site-packages/airflow/example_dags/example_datasets.py
[2026-07-18T21:32:22.558+0000] {processor.py:925} INFO - DAG(s) 'dataset_consumes_1_and_2', 'consume_1_or_2_with_dataset_expressions', 'consume_1_or_both_2_and_3_with_dataset_expressions', 'dataset_consumes_1_never_scheduled', 'dataset_produces_1', 'consume_1_and_2_with_dataset_expressions', 'dataset_consumes_1', 'conditional_dataset_and_time_based_timetable', 'dataset_consumes_unknown_never_scheduled', 'dataset_produces_2' retrieved from /home/airflow/.local/lib/python3.12/site-packages/airflow/example_dags/example_datasets.py
[2026-07-18T21:32:22.615+0000] {logging_mixin.py:190} INFO - [2026-07-18T21:32:22.615+0000] {dag.py:3239} INFO - Sync 10 DAGs
[2026-07-18T21:32:22.659+0000] {logging_mixin.py:190} INFO - [2026-07-18T21:32:22.658+0000] {dag.py:4180} INFO - Setting next_dagrun for conditional_dataset_and_time_based_timetable to 2026-07-15 01:00:00+00:00, run_after=2026-07-15 01:00:00+00:00
[2026-07-18T21:32:22.664+0000] {logging_mixin.py:190} INFO - [2026-07-18T21:32:22.664+0000] {dag.py:4180} INFO - Setting next_dagrun for consume_1_and_2_with_dataset_expressions to None, run_after=None
[2026-07-18T21:32:22.668+0000] {logging_mixin.py:190} INFO - [2026-07-18T21:32:22.667+0000] {dag.py:4180} INFO - Setting next_dagrun for consume_1_or_2_with_dataset_expressions to None, run_after=None
[2026-07-18T21:32:22.670+0000] {logging_mixin.py:190} INFO - [2026-07-18T21:32:22.670+0000] {dag.py:4180} INFO - Setting next_dagrun for consume_1_or_both_2_and_3_with_dataset_expressions to None, run_after=None
[2026-07-18T21:32:22.673+0000] {logging_mixin.py:190} INFO - [2026-07-18T21:32:22.673+0000] {dag.py:4180} INFO - Setting next_dagrun for dataset_consumes_1 to None, run_after=None
[2026-07-18T21:32:22.676+0000] {logging_mixin.py:190} INFO - [2026-07-18T21:32:22.676+0000] {dag.py:4180} INFO - Setting next_dagrun for dataset_consumes_1_and_2 to None, run_after=None
[2026-07-18T21:32:22.679+0000] {logging_mixin.py:190} INFO - [2026-07-18T21:32:22.678+0000] {dag.py:4180} INFO - Setting next_dagrun for dataset_consumes_1_never_scheduled to None, run_after=None
[2026-07-18T21:32:22.682+0000] {logging_mixin.py:190} INFO - [2026-07-18T21:32:22.681+0000] {dag.py:4180} INFO - Setting next_dagrun for dataset_consumes_unknown_never_scheduled to None, run_after=None
[2026-07-18T21:32:22.686+0000] {logging_mixin.py:190} INFO - [2026-07-18T21:32:22.686+0000] {dag.py:4180} INFO - Setting next_dagrun for dataset_produces_1 to 2026-07-17 00:00:00+00:00, run_after=2026-07-18 00:00:00+00:00
[2026-07-18T21:32:22.690+0000] {logging_mixin.py:190} INFO - [2026-07-18T21:32:22.689+0000] {dag.py:4180} INFO - Setting next_dagrun for dataset_produces_2 to None, run_after=None
[2026-07-18T21:32:22.742+0000] {processor.py:208} INFO - Processing /home/airflow/.local/lib/python3.12/site-packages/airflow/example_dags/example_datasets.py took 1.216 seconds
[2026-07-18T21:32:53.576+0000] {processor.py:186} INFO - Started process (PID=971) to work on /home/airflow/.local/lib/python3.12/site-packages/airflow/example_dags/example_datasets.py
[2026-07-18T21:32:53.579+0000] {processor.py:914} INFO - Processing file /home/airflow/.local/lib/python3.12/site-packages/airflow/example_dags/example_datasets.py for tasks to queue
[2026-07-18T21:32:53.584+0000] {logging_mixin.py:190} INFO - [2026-07-18T21:32:53.583+0000] {dagbag.py:588} INFO - Filling up the DagBag from /home/airflow/.local/lib/python3.12/site-packages/airflow/example_dags/example_datasets.py
[2026-07-18T21:32:54.437+0000] {processor.py:925} INFO - DAG(s) 'dataset_consumes_unknown_never_scheduled', 'dataset_consumes_1_never_scheduled', 'dataset_produces_2', 'consume_1_or_both_2_and_3_with_dataset_expressions', 'conditional_dataset_and_time_based_timetable', 'dataset_consumes_1_and_2', 'consume_1_or_2_with_dataset_expressions', 'dataset_consumes_1', 'dataset_produces_1', 'consume_1_and_2_with_dataset_expressions' retrieved from /home/airflow/.local/lib/python3.12/site-packages/airflow/example_dags/example_datasets.py
[2026-07-18T21:32:54.518+0000] {logging_mixin.py:190} INFO - [2026-07-18T21:32:54.518+0000] {dag.py:3239} INFO - Sync 10 DAGs
[2026-07-18T21:32:54.561+0000] {logging_mixin.py:190} INFO - [2026-07-18T21:32:54.561+0000] {dag.py:4180} INFO - Setting next_dagrun for conditional_dataset_and_time_based_timetable to 2026-07-15 01:00:00+00:00, run_after=2026-07-15 01:00:00+00:00
[2026-07-18T21:32:54.570+0000] {logging_mixin.py:190} INFO - [2026-07-18T21:32:54.569+0000] {dag.py:4180} INFO - Setting next_dagrun for consume_1_and_2_with_dataset_expressions to None, run_after=None
[2026-07-18T21:32:54.575+0000] {logging_mixin.py:190} INFO - [2026-07-18T21:32:54.574+0000] {dag.py:4180} INFO - Setting next_dagrun for consume_1_or_2_with_dataset_expressions to None, run_after=None
[2026-07-18T21:32:54.579+0000] {logging_mixin.py:190} INFO - [2026-07-18T21:32:54.579+0000] {dag.py:4180} INFO - Setting next_dagrun for consume_1_or_both_2_and_3_with_dataset_expressions to None, run_after=None
[2026-07-18T21:32:54.583+0000] {logging_mixin.py:190} INFO - [2026-07-18T21:32:54.583+0000] {dag.py:4180} INFO - Setting next_dagrun for dataset_consumes_1 to None, run_after=None
[2026-07-18T21:32:54.587+0000] {logging_mixin.py:190} INFO - [2026-07-18T21:32:54.586+0000] {dag.py:4180} INFO - Setting next_dagrun for dataset_consumes_1_and_2 to None, run_after=None
[2026-07-18T21:32:54.590+0000] {logging_mixin.py:190} INFO - [2026-07-18T21:32:54.590+0000] {dag.py:4180} INFO - Setting next_dagrun for dataset_consumes_1_never_scheduled to None, run_after=None
[2026-07-18T21:32:54.594+0000] {logging_mixin.py:190} INFO - [2026-07-18T21:32:54.594+0000] {dag.py:4180} INFO - Setting next_dagrun for dataset_consumes_unknown_never_scheduled to None, run_after=None
[2026-07-18T21:32:54.599+0000] {logging_mixin.py:190} INFO - [2026-07-18T21:32:54.598+0000] {dag.py:4180} INFO - Setting next_dagrun for dataset_produces_1 to 2026-07-17 00:00:00+00:00, run_after=2026-07-18 00:00:00+00:00
[2026-07-18T21:32:54.602+0000] {logging_mixin.py:190} INFO - [2026-07-18T21:32:54.602+0000] {dag.py:4180} INFO - Setting next_dagrun for dataset_produces_2 to None, run_after=None
[2026-07-18T21:32:54.661+0000] {processor.py:208} INFO - Processing /home/airflow/.local/lib/python3.12/site-packages/airflow/example_dags/example_datasets.py took 1.098 seconds
[2026-07-18T21:33:24.926+0000] {processor.py:186} INFO - Started process (PID=1042) to work on /home/airflow/.local/lib/python3.12/site-packages/airflow/example_dags/example_datasets.py
[2026-07-18T21:33:24.930+0000] {processor.py:914} INFO - Processing file /home/airflow/.local/lib/python3.12/site-packages/airflow/example_dags/example_datasets.py for tasks to queue
[2026-07-18T21:33:24.936+0000] {logging_mixin.py:190} INFO - [2026-07-18T21:33:24.935+0000] {dagbag.py:588} INFO - Filling up the DagBag from /home/airflow/.local/lib/python3.12/site-packages/airflow/example_dags/example_datasets.py
[2026-07-18T21:33:26.116+0000] {processor.py:925} INFO - DAG(s) 'dataset_consumes_unknown_never_scheduled', 'conditional_dataset_and_time_based_timetable', 'dataset_consumes_1_and_2', 'consume_1_or_2_with_dataset_expressions', 'dataset_consumes_1_never_scheduled', 'consume_1_and_2_with_dataset_expressions', 'dataset_produces_1', 'dataset_produces_2', 'consume_1_or_both_2_and_3_with_dataset_expressions', 'dataset_consumes_1' retrieved from /home/airflow/.local/lib/python3.12/site-packages/airflow/example_dags/example_datasets.py
[2026-07-18T21:33:26.176+0000] {logging_mixin.py:190} INFO - [2026-07-18T21:33:26.175+0000] {dag.py:3239} INFO - Sync 10 DAGs
[2026-07-18T21:33:26.216+0000] {logging_mixin.py:190} INFO - [2026-07-18T21:33:26.216+0000] {dag.py:4180} INFO - Setting next_dagrun for conditional_dataset_and_time_based_timetable to 2026-07-15 01:00:00+00:00, run_after=2026-07-15 01:00:00+00:00
[2026-07-18T21:33:26.224+0000] {logging_mixin.py:190} INFO - [2026-07-18T21:33:26.224+0000] {dag.py:4180} INFO - Setting next_dagrun for consume_1_and_2_with_dataset_expressions to None, run_after=None
[2026-07-18T21:33:26.229+0000] {logging_mixin.py:190} INFO - [2026-07-18T21:33:26.228+0000] {dag.py:4180} INFO - Setting next_dagrun for consume_1_or_2_with_dataset_expressions to None, run_after=None
[2026-07-18T21:33:26.232+0000] {logging_mixin.py:190} INFO - [2026-07-18T21:33:26.232+0000] {dag.py:4180} INFO - Setting next_dagrun for consume_1_or_both_2_and_3_with_dataset_expressions to None, run_after=None
[2026-07-18T21:33:26.236+0000] {logging_mixin.py:190} INFO - [2026-07-18T21:33:26.235+0000] {dag.py:4180} INFO - Setting next_dagrun for dataset_consumes_1 to None, run_after=None
[2026-07-18T21:33:26.240+0000] {logging_mixin.py:190} INFO - [2026-07-18T21:33:26.239+0000] {dag.py:4180} INFO - Setting next_dagrun for dataset_consumes_1_and_2 to None, run_after=None
[2026-07-18T21:33:26.243+0000] {logging_mixin.py:190} INFO - [2026-07-18T21:33:26.242+0000] {dag.py:4180} INFO - Setting next_dagrun for dataset_consumes_1_never_scheduled to None, run_after=None
[2026-07-18T21:33:26.246+0000] {logging_mixin.py:190} INFO - [2026-07-18T21:33:26.245+0000] {dag.py:4180} INFO - Setting next_dagrun for dataset_consumes_unknown_never_scheduled to None, run_after=None
[2026-07-18T21:33:26.251+0000] {logging_mixin.py:190} INFO - [2026-07-18T21:33:26.250+0000] {dag.py:4180} INFO - Setting next_dagrun for dataset_produces_1 to 2026-07-17 00:00:00+00:00, run_after=2026-07-18 00:00:00+00:00
[2026-07-18T21:33:26.254+0000] {logging_mixin.py:190} INFO - [2026-07-18T21:33:26.254+0000] {dag.py:4180} INFO - Setting next_dagrun for dataset_produces_2 to None, run_after=None
[2026-07-18T21:33:26.299+0000] {processor.py:208} INFO - Processing /home/airflow/.local/lib/python3.12/site-packages/airflow/example_dags/example_datasets.py took 1.383 seconds
[2026-07-18T21:33:56.491+0000] {processor.py:186} INFO - Started process (PID=1106) to work on /home/airflow/.local/lib/python3.12/site-packages/airflow/example_dags/example_datasets.py
[2026-07-18T21:33:56.493+0000] {processor.py:914} INFO - Processing file /home/airflow/.local/lib/python3.12/site-packages/airflow/example_dags/example_datasets.py for tasks to queue
[2026-07-18T21:33:56.501+0000] {logging_mixin.py:190} INFO - [2026-07-18T21:33:56.500+0000] {dagbag.py:588} INFO - Filling up the DagBag from /home/airflow/.local/lib/python3.12/site-packages/airflow/example_dags/example_datasets.py
[2026-07-18T21:33:57.773+0000] {processor.py:925} INFO - DAG(s) 'consume_1_or_both_2_and_3_with_dataset_expressions', 'dataset_produces_2', 'dataset_consumes_1_and_2', 'consume_1_or_2_with_dataset_expressions', 'dataset_consumes_1_never_scheduled', 'dataset_consumes_1', 'consume_1_and_2_with_dataset_expressions', 'conditional_dataset_and_time_based_timetable', 'dataset_produces_1', 'dataset_consumes_unknown_never_scheduled' retrieved from /home/airflow/.local/lib/python3.12/site-packages/airflow/example_dags/example_datasets.py
[2026-07-18T21:33:57.844+0000] {logging_mixin.py:190} INFO - [2026-07-18T21:33:57.843+0000] {dag.py:3239} INFO - Sync 10 DAGs
[2026-07-18T21:33:57.899+0000] {logging_mixin.py:190} INFO - [2026-07-18T21:33:57.898+0000] {dag.py:4180} INFO - Setting next_dagrun for conditional_dataset_and_time_based_timetable to 2026-07-15 01:00:00+00:00, run_after=2026-07-15 01:00:00+00:00
[2026-07-18T21:33:57.915+0000] {logging_mixin.py:190} INFO - [2026-07-18T21:33:57.914+0000] {dag.py:4180} INFO - Setting next_dagrun for consume_1_and_2_with_dataset_expressions to None, run_after=None
[2026-07-18T21:33:57.920+0000] {logging_mixin.py:190} INFO - [2026-07-18T21:33:57.920+0000] {dag.py:4180} INFO - Setting next_dagrun for consume_1_or_2_with_dataset_expressions to None, run_after=None
[2026-07-18T21:33:57.928+0000] {logging_mixin.py:190} INFO - [2026-07-18T21:33:57.927+0000] {dag.py:4180} INFO - Setting next_dagrun for consume_1_or_both_2_and_3_with_dataset_expressions to None, run_after=None
[2026-07-18T21:33:57.935+0000] {logging_mixin.py:190} INFO - [2026-07-18T21:33:57.934+0000] {dag.py:4180} INFO - Setting next_dagrun for dataset_consumes_1 to None, run_after=None
[2026-07-18T21:33:57.942+0000] {logging_mixin.py:190} INFO - [2026-07-18T21:33:57.942+0000] {dag.py:4180} INFO - Setting next_dagrun for dataset_consumes_1_and_2 to None, run_after=None
[2026-07-18T21:33:57.947+0000] {logging_mixin.py:190} INFO - [2026-07-18T21:33:57.947+0000] {dag.py:4180} INFO - Setting next_dagrun for dataset_consumes_1_never_scheduled to None, run_after=None
[2026-07-18T21:33:57.952+0000] {logging_mixin.py:190} INFO - [2026-07-18T21:33:57.951+0000] {dag.py:4180} INFO - Setting next_dagrun for dataset_consumes_unknown_never_scheduled to None, run_after=None
[2026-07-18T21:33:57.960+0000] {logging_mixin.py:190} INFO - [2026-07-18T21:33:57.960+0000] {dag.py:4180} INFO - Setting next_dagrun for dataset_produces_1 to 2026-07-17 00:00:00+00:00, run_after=2026-07-18 00:00:00+00:00
[2026-07-18T21:33:57.964+0000] {logging_mixin.py:190} INFO - [2026-07-18T21:33:57.964+0000] {dag.py:4180} INFO - Setting next_dagrun for dataset_produces_2 to None, run_after=None
[2026-07-18T21:33:58.033+0000] {processor.py:208} INFO - Processing /home/airflow/.local/lib/python3.12/site-packages/airflow/example_dags/example_datasets.py took 1.555 seconds
[2026-07-18T21:34:28.363+0000] {processor.py:186} INFO - Started process (PID=1170) to work on /home/airflow/.local/lib/python3.12/site-packages/airflow/example_dags/example_datasets.py
[2026-07-18T21:34:28.367+0000] {processor.py:914} INFO - Processing file /home/airflow/.local/lib/python3.12/site-packages/airflow/example_dags/example_datasets.py for tasks to queue
[2026-07-18T21:34:28.374+0000] {logging_mixin.py:190} INFO - [2026-07-18T21:34:28.373+0000] {dagbag.py:588} INFO - Filling up the DagBag from /home/airflow/.local/lib/python3.12/site-packages/airflow/example_dags/example_datasets.py
[2026-07-18T21:34:29.586+0000] {processor.py:925} INFO - DAG(s) 'dataset_consumes_unknown_never_scheduled', 'consume_1_and_2_with_dataset_expressions', 'consume_1_or_2_with_dataset_expressions', 'dataset_consumes_1_never_scheduled', 'dataset_produces_1', 'dataset_consumes_1', 'dataset_consumes_1_and_2', 'dataset_produces_2', 'consume_1_or_both_2_and_3_with_dataset_expressions', 'conditional_dataset_and_time_based_timetable' retrieved from /home/airflow/.local/lib/python3.12/site-packages/airflow/example_dags/example_datasets.py
[2026-07-18T21:34:29.692+0000] {logging_mixin.py:190} INFO - [2026-07-18T21:34:29.692+0000] {dag.py:3239} INFO - Sync 10 DAGs
[2026-07-18T21:34:29.742+0000] {logging_mixin.py:190} INFO - [2026-07-18T21:34:29.742+0000] {dag.py:4180} INFO - Setting next_dagrun for conditional_dataset_and_time_based_timetable to 2026-07-15 01:00:00+00:00, run_after=2026-07-15 01:00:00+00:00
[2026-07-18T21:34:29.748+0000] {logging_mixin.py:190} INFO - [2026-07-18T21:34:29.748+0000] {dag.py:4180} INFO - Setting next_dagrun for consume_1_and_2_with_dataset_expressions to None, run_after=None
[2026-07-18T21:34:29.752+0000] {logging_mixin.py:190} INFO - [2026-07-18T21:34:29.752+0000] {dag.py:4180} INFO - Setting next_dagrun for consume_1_or_2_with_dataset_expressions to None, run_after=None
[2026-07-18T21:34:29.755+0000] {logging_mixin.py:190} INFO - [2026-07-18T21:34:29.755+0000] {dag.py:4180} INFO - Setting next_dagrun for consume_1_or_both_2_and_3_with_dataset_expressions to None, run_after=None
[2026-07-18T21:34:29.758+0000] {logging_mixin.py:190} INFO - [2026-07-18T21:34:29.758+0000] {dag.py:4180} INFO - Setting next_dagrun for dataset_consumes_1 to None, run_after=None
[2026-07-18T21:34:29.761+0000] {logging_mixin.py:190} INFO - [2026-07-18T21:34:29.760+0000] {dag.py:4180} INFO - Setting next_dagrun for dataset_consumes_1_and_2 to None, run_after=None
[2026-07-18T21:34:29.765+0000] {logging_mixin.py:190} INFO - [2026-07-18T21:34:29.764+0000] {dag.py:4180} INFO - Setting next_dagrun for dataset_consumes_1_never_scheduled to None, run_after=None
[2026-07-18T21:34:29.769+0000] {logging_mixin.py:190} INFO - [2026-07-18T21:34:29.769+0000] {dag.py:4180} INFO - Setting next_dagrun for dataset_consumes_unknown_never_scheduled to None, run_after=None
[2026-07-18T21:34:29.773+0000] {logging_mixin.py:190} INFO - [2026-07-18T21:34:29.773+0000] {dag.py:4180} INFO - Setting next_dagrun for dataset_produces_1 to 2026-07-17 00:00:00+00:00, run_after=2026-07-18 00:00:00+00:00
[2026-07-18T21:34:29.777+0000] {logging_mixin.py:190} INFO - [2026-07-18T21:34:29.776+0000] {dag.py:4180} INFO - Setting next_dagrun for dataset_produces_2 to None, run_after=None
[2026-07-18T21:34:29.825+0000] {processor.py:208} INFO - Processing /home/airflow/.local/lib/python3.12/site-packages/airflow/example_dags/example_datasets.py took 1.479 seconds
[2026-07-18T21:35:00.708+0000] {processor.py:186} INFO - Started process (PID=1234) to work on /home/airflow/.local/lib/python3.12/site-packages/airflow/example_dags/example_datasets.py
[2026-07-18T21:35:00.710+0000] {processor.py:914} INFO - Processing file /home/airflow/.local/lib/python3.12/site-packages/airflow/example_dags/example_datasets.py for tasks to queue
[2026-07-18T21:35:00.716+0000] {logging_mixin.py:190} INFO - [2026-07-18T21:35:00.715+0000] {dagbag.py:588} INFO - Filling up the DagBag from /home/airflow/.local/lib/python3.12/site-packages/airflow/example_dags/example_datasets.py
[2026-07-18T21:35:01.554+0000] {processor.py:925} INFO - DAG(s) 'dataset_produces_1', 'dataset_consumes_1', 'dataset_produces_2', 'dataset_consumes_unknown_never_scheduled', 'conditional_dataset_and_time_based_timetable', 'consume_1_and_2_with_dataset_expressions', 'dataset_consumes_1_never_scheduled', 'dataset_consumes_1_and_2', 'consume_1_or_2_with_dataset_expressions', 'consume_1_or_both_2_and_3_with_dataset_expressions' retrieved from /home/airflow/.local/lib/python3.12/site-packages/airflow/example_dags/example_datasets.py
[2026-07-18T21:35:01.670+0000] {logging_mixin.py:190} INFO - [2026-07-18T21:35:01.669+0000] {dag.py:3239} INFO - Sync 10 DAGs
[2026-07-18T21:35:01.792+0000] {logging_mixin.py:190} INFO - [2026-07-18T21:35:01.791+0000] {dag.py:4180} INFO - Setting next_dagrun for conditional_dataset_and_time_based_timetable to 2026-07-15 01:00:00+00:00, run_after=2026-07-15 01:00:00+00:00
[2026-07-18T21:35:01.798+0000] {logging_mixin.py:190} INFO - [2026-07-18T21:35:01.797+0000] {dag.py:4180} INFO - Setting next_dagrun for consume_1_and_2_with_dataset_expressions to None, run_after=None
[2026-07-18T21:35:01.802+0000] {logging_mixin.py:190} INFO - [2026-07-18T21:35:01.801+0000] {dag.py:4180} INFO - Setting next_dagrun for consume_1_or_2_with_dataset_expressions to None, run_after=None
[2026-07-18T21:35:01.806+0000] {logging_mixin.py:190} INFO - [2026-07-18T21:35:01.805+0000] {dag.py:4180} INFO - Setting next_dagrun for consume_1_or_both_2_and_3_with_dataset_expressions to None, run_after=None
[2026-07-18T21:35:01.810+0000] {logging_mixin.py:190} INFO - [2026-07-18T21:35:01.809+0000] {dag.py:4180} INFO - Setting next_dagrun for dataset_consumes_1 to None, run_after=None
[2026-07-18T21:35:01.816+0000] {logging_mixin.py:190} INFO - [2026-07-18T21:35:01.815+0000] {dag.py:4180} INFO - Setting next_dagrun for dataset_consumes_1_and_2 to None, run_after=None
[2026-07-18T21:35:01.823+0000] {logging_mixin.py:190} INFO - [2026-07-18T21:35:01.822+0000] {dag.py:4180} INFO - Setting next_dagrun for dataset_consumes_1_never_scheduled to None, run_after=None
[2026-07-18T21:35:01.831+0000] {logging_mixin.py:190} INFO - [2026-07-18T21:35:01.830+0000] {dag.py:4180} INFO - Setting next_dagrun for dataset_consumes_unknown_never_scheduled to None, run_after=None
[2026-07-18T21:35:01.843+0000] {logging_mixin.py:190} INFO - [2026-07-18T21:35:01.842+0000] {dag.py:4180} INFO - Setting next_dagrun for dataset_produces_1 to 2026-07-17 00:00:00+00:00, run_after=2026-07-18 00:00:00+00:00
[2026-07-18T21:35:01.850+0000] {logging_mixin.py:190} INFO - [2026-07-18T21:35:01.849+0000] {dag.py:4180} INFO - Setting next_dagrun for dataset_produces_2 to None, run_after=None
[2026-07-18T21:35:01.939+0000] {processor.py:208} INFO - Processing /home/airflow/.local/lib/python3.12/site-packages/airflow/example_dags/example_datasets.py took 1.240 seconds
[2026-07-18T21:35:32.388+0000] {processor.py:186} INFO - Started process (PID=1302) to work on /home/airflow/.local/lib/python3.12/site-packages/airflow/example_dags/example_datasets.py
[2026-07-18T21:35:32.391+0000] {processor.py:914} INFO - Processing file /home/airflow/.local/lib/python3.12/site-packages/airflow/example_dags/example_datasets.py for tasks to queue
[2026-07-18T21:35:32.399+0000] {logging_mixin.py:190} INFO - [2026-07-18T21:35:32.398+0000] {dagbag.py:588} INFO - Filling up the DagBag from /home/airflow/.local/lib/python3.12/site-packages/airflow/example_dags/example_datasets.py
[2026-07-18T21:35:33.527+0000] {processor.py:925} INFO - DAG(s) 'dataset_consumes_1_and_2', 'dataset_produces_2', 'consume_1_and_2_with_dataset_expressions', 'consume_1_or_2_with_dataset_expressions', 'consume_1_or_both_2_and_3_with_dataset_expressions', 'dataset_produces_1', 'conditional_dataset_and_time_based_timetable', 'dataset_consumes_1', 'dataset_consumes_1_never_scheduled', 'dataset_consumes_unknown_never_scheduled' retrieved from /home/airflow/.local/lib/python3.12/site-packages/airflow/example_dags/example_datasets.py
[2026-07-18T21:35:33.656+0000] {logging_mixin.py:190} INFO - [2026-07-18T21:35:33.655+0000] {dag.py:3239} INFO - Sync 10 DAGs
[2026-07-18T21:35:33.741+0000] {logging_mixin.py:190} INFO - [2026-07-18T21:35:33.741+0000] {dag.py:4180} INFO - Setting next_dagrun for conditional_dataset_and_time_based_timetable to 2026-07-15 01:00:00+00:00, run_after=2026-07-15 01:00:00+00:00
[2026-07-18T21:35:33.752+0000] {logging_mixin.py:190} INFO - [2026-07-18T21:35:33.751+0000] {dag.py:4180} INFO - Setting next_dagrun for consume_1_and_2_with_dataset_expressions to None, run_after=None
[2026-07-18T21:35:33.758+0000] {logging_mixin.py:190} INFO - [2026-07-18T21:35:33.757+0000] {dag.py:4180} INFO - Setting next_dagrun for consume_1_or_2_with_dataset_expressions to None, run_after=None
[2026-07-18T21:35:33.763+0000] {logging_mixin.py:190} INFO - [2026-07-18T21:35:33.762+0000] {dag.py:4180} INFO - Setting next_dagrun for consume_1_or_both_2_and_3_with_dataset_expressions to None, run_after=None
[2026-07-18T21:35:33.768+0000] {logging_mixin.py:190} INFO - [2026-07-18T21:35:33.767+0000] {dag.py:4180} INFO - Setting next_dagrun for dataset_consumes_1 to None, run_after=None
[2026-07-18T21:35:33.773+0000] {logging_mixin.py:190} INFO - [2026-07-18T21:35:33.772+0000] {dag.py:4180} INFO - Setting next_dagrun for dataset_consumes_1_and_2 to None, run_after=None
[2026-07-18T21:35:33.779+0000] {logging_mixin.py:190} INFO - [2026-07-18T21:35:33.778+0000] {dag.py:4180} INFO - Setting next_dagrun for dataset_consumes_1_never_scheduled to None, run_after=None
[2026-07-18T21:35:33.782+0000] {logging_mixin.py:190} INFO - [2026-07-18T21:35:33.782+0000] {dag.py:4180} INFO - Setting next_dagrun for dataset_consumes_unknown_never_scheduled to None, run_after=None
[2026-07-18T21:35:33.790+0000] {logging_mixin.py:190} INFO - [2026-07-18T21:35:33.789+0000] {dag.py:4180} INFO - Setting next_dagrun for dataset_produces_1 to 2026-07-17 00:00:00+00:00, run_after=2026-07-18 00:00:00+00:00
[2026-07-18T21:35:33.794+0000] {logging_mixin.py:190} INFO - [2026-07-18T21:35:33.794+0000] {dag.py:4180} INFO - Setting next_dagrun for dataset_produces_2 to None, run_after=None
[2026-07-18T21:35:33.880+0000] {processor.py:208} INFO - Processing /home/airflow/.local/lib/python3.12/site-packages/airflow/example_dags/example_datasets.py took 1.508 seconds
[2026-07-18T21:36:04.124+0000] {processor.py:186} INFO - Started process (PID=1370) to work on /home/airflow/.local/lib/python3.12/site-packages/airflow/example_dags/example_datasets.py
[2026-07-18T21:36:04.127+0000] {processor.py:914} INFO - Processing file /home/airflow/.local/lib/python3.12/site-packages/airflow/example_dags/example_datasets.py for tasks to queue
[2026-07-18T21:36:04.133+0000] {logging_mixin.py:190} INFO - [2026-07-18T21:36:04.132+0000] {dagbag.py:588} INFO - Filling up the DagBag from /home/airflow/.local/lib/python3.12/site-packages/airflow/example_dags/example_datasets.py
[2026-07-18T21:36:05.005+0000] {processor.py:925} INFO - DAG(s) 'consume_1_or_2_with_dataset_expressions', 'dataset_produces_1', 'consume_1_and_2_with_dataset_expressions', 'dataset_produces_2', 'consume_1_or_both_2_and_3_with_dataset_expressions', 'dataset_consumes_unknown_never_scheduled', 'dataset_consumes_1', 'dataset_consumes_1_never_scheduled', 'dataset_consumes_1_and_2', 'conditional_dataset_and_time_based_timetable' retrieved from /home/airflow/.local/lib/python3.12/site-packages/airflow/example_dags/example_datasets.py
[2026-07-18T21:36:05.088+0000] {logging_mixin.py:190} INFO - [2026-07-18T21:36:05.087+0000] {dag.py:3239} INFO - Sync 10 DAGs
[2026-07-18T21:36:05.134+0000] {logging_mixin.py:190} INFO - [2026-07-18T21:36:05.133+0000] {dag.py:4180} INFO - Setting next_dagrun for conditional_dataset_and_time_based_timetable to 2026-07-15 01:00:00+00:00, run_after=2026-07-15 01:00:00+00:00
[2026-07-18T21:36:05.141+0000] {logging_mixin.py:190} INFO - [2026-07-18T21:36:05.140+0000] {dag.py:4180} INFO - Setting next_dagrun for consume_1_and_2_with_dataset_expressions to None, run_after=None
[2026-07-18T21:36:05.144+0000] {logging_mixin.py:190} INFO - [2026-07-18T21:36:05.144+0000] {dag.py:4180} INFO - Setting next_dagrun for consume_1_or_2_with_dataset_expressions to None, run_after=None
[2026-07-18T21:36:05.147+0000] {logging_mixin.py:190} INFO - [2026-07-18T21:36:05.147+0000] {dag.py:4180} INFO - Setting next_dagrun for consume_1_or_both_2_and_3_with_dataset_expressions to None, run_after=None
[2026-07-18T21:36:05.151+0000] {logging_mixin.py:190} INFO - [2026-07-18T21:36:05.150+0000] {dag.py:4180} INFO - Setting next_dagrun for dataset_consumes_1 to None, run_after=None
[2026-07-18T21:36:05.154+0000] {logging_mixin.py:190} INFO - [2026-07-18T21:36:05.154+0000] {dag.py:4180} INFO - Setting next_dagrun for dataset_consumes_1_and_2 to None, run_after=None
[2026-07-18T21:36:05.157+0000] {logging_mixin.py:190} INFO - [2026-07-18T21:36:05.157+0000] {dag.py:4180} INFO - Setting next_dagrun for dataset_consumes_1_never_scheduled to None, run_after=None
[2026-07-18T21:36:05.161+0000] {logging_mixin.py:190} INFO - [2026-07-18T21:36:05.160+0000] {dag.py:4180} INFO - Setting next_dagrun for dataset_consumes_unknown_never_scheduled to None, run_after=None
[2026-07-18T21:36:05.166+0000] {logging_mixin.py:190} INFO - [2026-07-18T21:36:05.165+0000] {dag.py:4180} INFO - Setting next_dagrun for dataset_produces_1 to 2026-07-17 00:00:00+00:00, run_after=2026-07-18 00:00:00+00:00
[2026-07-18T21:36:05.171+0000] {logging_mixin.py:190} INFO - [2026-07-18T21:36:05.170+0000] {dag.py:4180} INFO - Setting next_dagrun for dataset_produces_2 to None, run_after=None
[2026-07-18T21:36:05.219+0000] {processor.py:208} INFO - Processing /home/airflow/.local/lib/python3.12/site-packages/airflow/example_dags/example_datasets.py took 1.106 seconds
[2026-07-18T21:36:35.890+0000] {processor.py:186} INFO - Started process (PID=1435) to work on /home/airflow/.local/lib/python3.12/site-packages/airflow/example_dags/example_datasets.py
[2026-07-18T21:36:35.892+0000] {processor.py:914} INFO - Processing file /home/airflow/.local/lib/python3.12/site-packages/airflow/example_dags/example_datasets.py for tasks to queue
[2026-07-18T21:36:35.899+0000] {logging_mixin.py:190} INFO - [2026-07-18T21:36:35.898+0000] {dagbag.py:588} INFO - Filling up the DagBag from /home/airflow/.local/lib/python3.12/site-packages/airflow/example_dags/example_datasets.py
[2026-07-18T21:36:36.835+0000] {processor.py:925} INFO - DAG(s) 'dataset_produces_2', 'dataset_consumes_1_never_scheduled', 'dataset_consumes_1', 'dataset_produces_1', 'consume_1_or_2_with_dataset_expressions', 'dataset_consumes_unknown_never_scheduled', 'consume_1_or_both_2_and_3_with_dataset_expressions', 'dataset_consumes_1_and_2', 'conditional_dataset_and_time_based_timetable', 'consume_1_and_2_with_dataset_expressions' retrieved from /home/airflow/.local/lib/python3.12/site-packages/airflow/example_dags/example_datasets.py
[2026-07-18T21:36:36.916+0000] {logging_mixin.py:190} INFO - [2026-07-18T21:36:36.915+0000] {dag.py:3239} INFO - Sync 10 DAGs
[2026-07-18T21:36:36.955+0000] {logging_mixin.py:190} INFO - [2026-07-18T21:36:36.955+0000] {dag.py:4180} INFO - Setting next_dagrun for conditional_dataset_and_time_based_timetable to 2026-07-15 01:00:00+00:00, run_after=2026-07-15 01:00:00+00:00
[2026-07-18T21:36:36.963+0000] {logging_mixin.py:190} INFO - [2026-07-18T21:36:36.962+0000] {dag.py:4180} INFO - Setting next_dagrun for consume_1_and_2_with_dataset_expressions to None, run_after=None
[2026-07-18T21:36:36.966+0000] {logging_mixin.py:190} INFO - [2026-07-18T21:36:36.966+0000] {dag.py:4180} INFO - Setting next_dagrun for consume_1_or_2_with_dataset_expressions to None, run_after=None
[2026-07-18T21:36:36.970+0000] {logging_mixin.py:190} INFO - [2026-07-18T21:36:36.969+0000] {dag.py:4180} INFO - Setting next_dagrun for consume_1_or_both_2_and_3_with_dataset_expressions to None, run_after=None
[2026-07-18T21:36:36.973+0000] {logging_mixin.py:190} INFO - [2026-07-18T21:36:36.973+0000] {dag.py:4180} INFO - Setting next_dagrun for dataset_consumes_1 to None, run_after=None
[2026-07-18T21:36:36.977+0000] {logging_mixin.py:190} INFO - [2026-07-18T21:36:36.977+0000] {dag.py:4180} INFO - Setting next_dagrun for dataset_consumes_1_and_2 to None, run_after=None
[2026-07-18T21:36:36.980+0000] {logging_mixin.py:190} INFO - [2026-07-18T21:36:36.980+0000] {dag.py:4180} INFO - Setting next_dagrun for dataset_consumes_1_never_scheduled to None, run_after=None
[2026-07-18T21:36:36.984+0000] {logging_mixin.py:190} INFO - [2026-07-18T21:36:36.983+0000] {dag.py:4180} INFO - Setting next_dagrun for dataset_consumes_unknown_never_scheduled to None, run_after=None
[2026-07-18T21:36:36.988+0000] {logging_mixin.py:190} INFO - [2026-07-18T21:36:36.988+0000] {dag.py:4180} INFO - Setting next_dagrun for dataset_produces_1 to 2026-07-17 00:00:00+00:00, run_after=2026-07-18 00:00:00+00:00
[2026-07-18T21:36:36.991+0000] {logging_mixin.py:190} INFO - [2026-07-18T21:36:36.991+0000] {dag.py:4180} INFO - Setting next_dagrun for dataset_produces_2 to None, run_after=None
[2026-07-18T21:36:37.041+0000] {processor.py:208} INFO - Processing /home/airflow/.local/lib/python3.12/site-packages/airflow/example_dags/example_datasets.py took 1.161 seconds
[2026-07-18T21:37:07.549+0000] {processor.py:186} INFO - Started process (PID=1501) to work on /home/airflow/.local/lib/python3.12/site-packages/airflow/example_dags/example_datasets.py
[2026-07-18T21:37:07.552+0000] {processor.py:914} INFO - Processing file /home/airflow/.local/lib/python3.12/site-packages/airflow/example_dags/example_datasets.py for tasks to queue
[2026-07-18T21:37:07.557+0000] {logging_mixin.py:190} INFO - [2026-07-18T21:37:07.556+0000] {dagbag.py:588} INFO - Filling up the DagBag from /home/airflow/.local/lib/python3.12/site-packages/airflow/example_dags/example_datasets.py
[2026-07-18T21:37:08.629+0000] {processor.py:925} INFO - DAG(s) 'consume_1_or_2_with_dataset_expressions', 'consume_1_and_2_with_dataset_expressions', 'dataset_consumes_unknown_never_scheduled', 'dataset_consumes_1_never_scheduled', 'consume_1_or_both_2_and_3_with_dataset_expressions', 'conditional_dataset_and_time_based_timetable', 'dataset_consumes_1', 'dataset_produces_2', 'dataset_produces_1', 'dataset_consumes_1_and_2' retrieved from /home/airflow/.local/lib/python3.12/site-packages/airflow/example_dags/example_datasets.py
[2026-07-18T21:37:08.743+0000] {logging_mixin.py:190} INFO - [2026-07-18T21:37:08.743+0000] {dag.py:3239} INFO - Sync 10 DAGs
[2026-07-18T21:37:08.790+0000] {logging_mixin.py:190} INFO - [2026-07-18T21:37:08.789+0000] {dag.py:4180} INFO - Setting next_dagrun for conditional_dataset_and_time_based_timetable to 2026-07-15 01:00:00+00:00, run_after=2026-07-15 01:00:00+00:00
[2026-07-18T21:37:08.802+0000] {logging_mixin.py:190} INFO - [2026-07-18T21:37:08.801+0000] {dag.py:4180} INFO - Setting next_dagrun for consume_1_and_2_with_dataset_expressions to None, run_after=None
[2026-07-18T21:37:08.808+0000] {logging_mixin.py:190} INFO - [2026-07-18T21:37:08.807+0000] {dag.py:4180} INFO - Setting next_dagrun for consume_1_or_2_with_dataset_expressions to None, run_after=None
[2026-07-18T21:37:08.814+0000] {logging_mixin.py:190} INFO - [2026-07-18T21:37:08.813+0000] {dag.py:4180} INFO - Setting next_dagrun for consume_1_or_both_2_and_3_with_dataset_expressions to None, run_after=None
[2026-07-18T21:37:08.819+0000] {logging_mixin.py:190} INFO - [2026-07-18T21:37:08.818+0000] {dag.py:4180} INFO - Setting next_dagrun for dataset_consumes_1 to None, run_after=None
[2026-07-18T21:37:08.824+0000] {logging_mixin.py:190} INFO - [2026-07-18T21:37:08.823+0000] {dag.py:4180} INFO - Setting next_dagrun for dataset_consumes_1_and_2 to None, run_after=None
[2026-07-18T21:37:08.829+0000] {logging_mixin.py:190} INFO - [2026-07-18T21:37:08.829+0000] {dag.py:4180} INFO - Setting next_dagrun for dataset_consumes_1_never_scheduled to None, run_after=None
[2026-07-18T21:37:08.834+0000] {logging_mixin.py:190} INFO - [2026-07-18T21:37:08.833+0000] {dag.py:4180} INFO - Setting next_dagrun for dataset_consumes_unknown_never_scheduled to None, run_after=None
[2026-07-18T21:37:08.843+0000] {logging_mixin.py:190} INFO - [2026-07-18T21:37:08.843+0000] {dag.py:4180} INFO - Setting next_dagrun for dataset_produces_1 to 2026-07-17 00:00:00+00:00, run_after=2026-07-18 00:00:00+00:00
[2026-07-18T21:37:08.848+0000] {logging_mixin.py:190} INFO - [2026-07-18T21:37:08.847+0000] {dag.py:4180} INFO - Setting next_dagrun for dataset_produces_2 to None, run_after=None
[2026-07-18T21:37:08.910+0000] {processor.py:208} INFO - Processing /home/airflow/.local/lib/python3.12/site-packages/airflow/example_dags/example_datasets.py took 1.372 seconds
[2026-07-18T21:37:39.127+0000] {processor.py:186} INFO - Started process (PID=1567) to work on /home/airflow/.local/lib/python3.12/site-packages/airflow/example_dags/example_datasets.py
[2026-07-18T21:37:39.129+0000] {processor.py:914} INFO - Processing file /home/airflow/.local/lib/python3.12/site-packages/airflow/example_dags/example_datasets.py for tasks to queue
[2026-07-18T21:37:39.133+0000] {logging_mixin.py:190} INFO - [2026-07-18T21:37:39.132+0000] {dagbag.py:588} INFO - Filling up the DagBag from /home/airflow/.local/lib/python3.12/site-packages/airflow/example_dags/example_datasets.py
[2026-07-18T21:37:39.859+0000] {processor.py:925} INFO - DAG(s) 'consume_1_and_2_with_dataset_expressions', 'dataset_produces_1', 'dataset_consumes_1_and_2', 'dataset_consumes_1', 'consume_1_or_2_with_dataset_expressions', 'dataset_consumes_1_never_scheduled', 'dataset_produces_2', 'dataset_consumes_unknown_never_scheduled', 'conditional_dataset_and_time_based_timetable', 'consume_1_or_both_2_and_3_with_dataset_expressions' retrieved from /home/airflow/.local/lib/python3.12/site-packages/airflow/example_dags/example_datasets.py
[2026-07-18T21:37:39.930+0000] {logging_mixin.py:190} INFO - [2026-07-18T21:37:39.930+0000] {dag.py:3239} INFO - Sync 10 DAGs
[2026-07-18T21:37:39.998+0000] {logging_mixin.py:190} INFO - [2026-07-18T21:37:39.998+0000] {dag.py:4180} INFO - Setting next_dagrun for conditional_dataset_and_time_based_timetable to 2026-07-15 01:00:00+00:00, run_after=2026-07-15 01:00:00+00:00
[2026-07-18T21:37:40.012+0000] {logging_mixin.py:190} INFO - [2026-07-18T21:37:40.012+0000] {dag.py:4180} INFO - Setting next_dagrun for consume_1_and_2_with_dataset_expressions to None, run_after=None
[2026-07-18T21:37:40.016+0000] {logging_mixin.py:190} INFO - [2026-07-18T21:37:40.016+0000] {dag.py:4180} INFO - Setting next_dagrun for consume_1_or_2_with_dataset_expressions to None, run_after=None
[2026-07-18T21:37:40.020+0000] {logging_mixin.py:190} INFO - [2026-07-18T21:37:40.020+0000] {dag.py:4180} INFO - Setting next_dagrun for consume_1_or_both_2_and_3_with_dataset_expressions to None, run_after=None
[2026-07-18T21:37:40.025+0000] {logging_mixin.py:190} INFO - [2026-07-18T21:37:40.025+0000] {dag.py:4180} INFO - Setting next_dagrun for dataset_consumes_1 to None, run_after=None
[2026-07-18T21:37:40.030+0000] {logging_mixin.py:190} INFO - [2026-07-18T21:37:40.030+0000] {dag.py:4180} INFO - Setting next_dagrun for dataset_consumes_1_and_2 to None, run_after=None
[2026-07-18T21:37:40.035+0000] {logging_mixin.py:190} INFO - [2026-07-18T21:37:40.034+0000] {dag.py:4180} INFO - Setting next_dagrun for dataset_consumes_1_never_scheduled to None, run_after=None
[2026-07-18T21:37:40.040+0000] {logging_mixin.py:190} INFO - [2026-07-18T21:37:40.039+0000] {dag.py:4180} INFO - Setting next_dagrun for dataset_consumes_unknown_never_scheduled to None, run_after=None
[2026-07-18T21:37:40.047+0000] {logging_mixin.py:190} INFO - [2026-07-18T21:37:40.047+0000] {dag.py:4180} INFO - Setting next_dagrun for dataset_produces_1 to 2026-07-17 00:00:00+00:00, run_after=2026-07-18 00:00:00+00:00
[2026-07-18T21:37:40.051+0000] {logging_mixin.py:190} INFO - [2026-07-18T21:37:40.051+0000] {dag.py:4180} INFO - Setting next_dagrun for dataset_produces_2 to None, run_after=None
[2026-07-18T21:37:40.130+0000] {processor.py:208} INFO - Processing /home/airflow/.local/lib/python3.12/site-packages/airflow/example_dags/example_datasets.py took 1.013 seconds
[2026-07-18T21:38:12.626+0000] {processor.py:186} INFO - Started process (PID=1635) to work on /home/airflow/.local/lib/python3.12/site-packages/airflow/example_dags/example_datasets.py
[2026-07-18T21:38:12.628+0000] {processor.py:914} INFO - Processing file /home/airflow/.local/lib/python3.12/site-packages/airflow/example_dags/example_datasets.py for tasks to queue
[2026-07-18T21:38:12.633+0000] {logging_mixin.py:190} INFO - [2026-07-18T21:38:12.632+0000] {dagbag.py:588} INFO - Filling up the DagBag from /home/airflow/.local/lib/python3.12/site-packages/airflow/example_dags/example_datasets.py
[2026-07-18T21:38:13.516+0000] {processor.py:925} INFO - DAG(s) 'dataset_consumes_unknown_never_scheduled', 'dataset_produces_1', 'consume_1_or_2_with_dataset_expressions', 'consume_1_and_2_with_dataset_expressions', 'conditional_dataset_and_time_based_timetable', 'dataset_consumes_1', 'dataset_consumes_1_and_2', 'dataset_produces_2', 'dataset_consumes_1_never_scheduled', 'consume_1_or_both_2_and_3_with_dataset_expressions' retrieved from /home/airflow/.local/lib/python3.12/site-packages/airflow/example_dags/example_datasets.py
[2026-07-18T21:38:13.576+0000] {logging_mixin.py:190} INFO - [2026-07-18T21:38:13.576+0000] {dag.py:3239} INFO - Sync 10 DAGs
[2026-07-18T21:38:13.608+0000] {logging_mixin.py:190} INFO - [2026-07-18T21:38:13.607+0000] {dag.py:4180} INFO - Setting next_dagrun for conditional_dataset_and_time_based_timetable to 2026-07-15 01:00:00+00:00, run_after=2026-07-15 01:00:00+00:00
[2026-07-18T21:38:13.615+0000] {logging_mixin.py:190} INFO - [2026-07-18T21:38:13.615+0000] {dag.py:4180} INFO - Setting next_dagrun for consume_1_and_2_with_dataset_expressions to None, run_after=None
[2026-07-18T21:38:13.618+0000] {logging_mixin.py:190} INFO - [2026-07-18T21:38:13.618+0000] {dag.py:4180} INFO - Setting next_dagrun for consume_1_or_2_with_dataset_expressions to None, run_after=None
[2026-07-18T21:38:13.621+0000] {logging_mixin.py:190} INFO - [2026-07-18T21:38:13.621+0000] {dag.py:4180} INFO - Setting next_dagrun for consume_1_or_both_2_and_3_with_dataset_expressions to None, run_after=None
[2026-07-18T21:38:13.624+0000] {logging_mixin.py:190} INFO - [2026-07-18T21:38:13.624+0000] {dag.py:4180} INFO - Setting next_dagrun for dataset_consumes_1 to None, run_after=None
[2026-07-18T21:38:13.629+0000] {logging_mixin.py:190} INFO - [2026-07-18T21:38:13.629+0000] {dag.py:4180} INFO - Setting next_dagrun for dataset_consumes_1_and_2 to None, run_after=None
[2026-07-18T21:38:13.632+0000] {logging_mixin.py:190} INFO - [2026-07-18T21:38:13.632+0000] {dag.py:4180} INFO - Setting next_dagrun for dataset_consumes_1_never_scheduled to None, run_after=None
[2026-07-18T21:38:13.635+0000] {logging_mixin.py:190} INFO - [2026-07-18T21:38:13.635+0000] {dag.py:4180} INFO - Setting next_dagrun for dataset_consumes_unknown_never_scheduled to None, run_after=None
[2026-07-18T21:38:13.642+0000] {logging_mixin.py:190} INFO - [2026-07-18T21:38:13.641+0000] {dag.py:4180} INFO - Setting next_dagrun for dataset_produces_1 to 2026-07-17 00:00:00+00:00, run_after=2026-07-18 00:00:00+00:00
[2026-07-18T21:38:13.645+0000] {logging_mixin.py:190} INFO - [2026-07-18T21:38:13.645+0000] {dag.py:4180} INFO - Setting next_dagrun for dataset_produces_2 to None, run_after=None
[2026-07-18T21:38:13.704+0000] {processor.py:208} INFO - Processing /home/airflow/.local/lib/python3.12/site-packages/airflow/example_dags/example_datasets.py took 1.086 seconds
[2026-07-18T21:38:43.978+0000] {processor.py:186} INFO - Started process (PID=1699) to work on /home/airflow/.local/lib/python3.12/site-packages/airflow/example_dags/example_datasets.py
[2026-07-18T21:38:43.982+0000] {processor.py:914} INFO - Processing file /home/airflow/.local/lib/python3.12/site-packages/airflow/example_dags/example_datasets.py for tasks to queue
[2026-07-18T21:38:43.989+0000] {logging_mixin.py:190} INFO - [2026-07-18T21:38:43.988+0000] {dagbag.py:588} INFO - Filling up the DagBag from /home/airflow/.local/lib/python3.12/site-packages/airflow/example_dags/example_datasets.py
[2026-07-18T21:38:44.915+0000] {processor.py:925} INFO - DAG(s) 'consume_1_or_both_2_and_3_with_dataset_expressions', 'conditional_dataset_and_time_based_timetable', 'dataset_produces_1', 'dataset_consumes_unknown_never_scheduled', 'dataset_consumes_1', 'consume_1_or_2_with_dataset_expressions', 'dataset_consumes_1_never_scheduled', 'dataset_produces_2', 'consume_1_and_2_with_dataset_expressions', 'dataset_consumes_1_and_2' retrieved from /home/airflow/.local/lib/python3.12/site-packages/airflow/example_dags/example_datasets.py
[2026-07-18T21:38:44.982+0000] {logging_mixin.py:190} INFO - [2026-07-18T21:38:44.981+0000] {dag.py:3239} INFO - Sync 10 DAGs
[2026-07-18T21:38:45.018+0000] {logging_mixin.py:190} INFO - [2026-07-18T21:38:45.018+0000] {dag.py:4180} INFO - Setting next_dagrun for conditional_dataset_and_time_based_timetable to 2026-07-15 01:00:00+00:00, run_after=2026-07-15 01:00:00+00:00
[2026-07-18T21:38:45.026+0000] {logging_mixin.py:190} INFO - [2026-07-18T21:38:45.025+0000] {dag.py:4180} INFO - Setting next_dagrun for consume_1_and_2_with_dataset_expressions to None, run_after=None
[2026-07-18T21:38:45.031+0000] {logging_mixin.py:190} INFO - [2026-07-18T21:38:45.030+0000] {dag.py:4180} INFO - Setting next_dagrun for consume_1_or_2_with_dataset_expressions to None, run_after=None
[2026-07-18T21:38:45.034+0000] {logging_mixin.py:190} INFO - [2026-07-18T21:38:45.034+0000] {dag.py:4180} INFO - Setting next_dagrun for consume_1_or_both_2_and_3_with_dataset_expressions to None, run_after=None
[2026-07-18T21:38:45.038+0000] {logging_mixin.py:190} INFO - [2026-07-18T21:38:45.038+0000] {dag.py:4180} INFO - Setting next_dagrun for dataset_consumes_1 to None, run_after=None
[2026-07-18T21:38:45.042+0000] {logging_mixin.py:190} INFO - [2026-07-18T21:38:45.041+0000] {dag.py:4180} INFO - Setting next_dagrun for dataset_consumes_1_and_2 to None, run_after=None
[2026-07-18T21:38:45.045+0000] {logging_mixin.py:190} INFO - [2026-07-18T21:38:45.045+0000] {dag.py:4180} INFO - Setting next_dagrun for dataset_consumes_1_never_scheduled to None, run_after=None
[2026-07-18T21:38:45.049+0000] {logging_mixin.py:190} INFO - [2026-07-18T21:38:45.048+0000] {dag.py:4180} INFO - Setting next_dagrun for dataset_consumes_unknown_never_scheduled to None, run_after=None
[2026-07-18T21:38:45.055+0000] {logging_mixin.py:190} INFO - [2026-07-18T21:38:45.055+0000] {dag.py:4180} INFO - Setting next_dagrun for dataset_produces_1 to 2026-07-17 00:00:00+00:00, run_after=2026-07-18 00:00:00+00:00
[2026-07-18T21:38:45.058+0000] {logging_mixin.py:190} INFO - [2026-07-18T21:38:45.058+0000] {dag.py:4180} INFO - Setting next_dagrun for dataset_produces_2 to None, run_after=None
[2026-07-18T21:38:45.105+0000] {processor.py:208} INFO - Processing /home/airflow/.local/lib/python3.12/site-packages/airflow/example_dags/example_datasets.py took 1.142 seconds
[2026-07-18T21:39:15.207+0000] {processor.py:186} INFO - Started process (PID=1763) to work on /home/airflow/.local/lib/python3.12/site-packages/airflow/example_dags/example_datasets.py
[2026-07-18T21:39:15.209+0000] {processor.py:914} INFO - Processing file /home/airflow/.local/lib/python3.12/site-packages/airflow/example_dags/example_datasets.py for tasks to queue
[2026-07-18T21:39:15.215+0000] {logging_mixin.py:190} INFO - [2026-07-18T21:39:15.214+0000] {dagbag.py:588} INFO - Filling up the DagBag from /home/airflow/.local/lib/python3.12/site-packages/airflow/example_dags/example_datasets.py
[2026-07-18T21:39:16.155+0000] {processor.py:925} INFO - DAG(s) 'conditional_dataset_and_time_based_timetable', 'dataset_consumes_unknown_never_scheduled', 'consume_1_or_2_with_dataset_expressions', 'consume_1_or_both_2_and_3_with_dataset_expressions', 'consume_1_and_2_with_dataset_expressions', 'dataset_consumes_1_never_scheduled', 'dataset_produces_1', 'dataset_produces_2', 'dataset_consumes_1_and_2', 'dataset_consumes_1' retrieved from /home/airflow/.local/lib/python3.12/site-packages/airflow/example_dags/example_datasets.py
[2026-07-18T21:39:16.219+0000] {logging_mixin.py:190} INFO - [2026-07-18T21:39:16.218+0000] {dag.py:3239} INFO - Sync 10 DAGs
[2026-07-18T21:39:16.250+0000] {logging_mixin.py:190} INFO - [2026-07-18T21:39:16.250+0000] {dag.py:4180} INFO - Setting next_dagrun for conditional_dataset_and_time_based_timetable to 2026-07-15 01:00:00+00:00, run_after=2026-07-15 01:00:00+00:00
[2026-07-18T21:39:16.256+0000] {logging_mixin.py:190} INFO - [2026-07-18T21:39:16.256+0000] {dag.py:4180} INFO - Setting next_dagrun for consume_1_and_2_with_dataset_expressions to None, run_after=None
[2026-07-18T21:39:16.260+0000] {logging_mixin.py:190} INFO - [2026-07-18T21:39:16.259+0000] {dag.py:4180} INFO - Setting next_dagrun for consume_1_or_2_with_dataset_expressions to None, run_after=None
[2026-07-18T21:39:16.263+0000] {logging_mixin.py:190} INFO - [2026-07-18T21:39:16.263+0000] {dag.py:4180} INFO - Setting next_dagrun for consume_1_or_both_2_and_3_with_dataset_expressions to None, run_after=None
[2026-07-18T21:39:16.266+0000] {logging_mixin.py:190} INFO - [2026-07-18T21:39:16.266+0000] {dag.py:4180} INFO - Setting next_dagrun for dataset_consumes_1 to None, run_after=None
[2026-07-18T21:39:16.269+0000] {logging_mixin.py:190} INFO - [2026-07-18T21:39:16.269+0000] {dag.py:4180} INFO - Setting next_dagrun for dataset_consumes_1_and_2 to None, run_after=None
[2026-07-18T21:39:16.272+0000] {logging_mixin.py:190} INFO - [2026-07-18T21:39:16.271+0000] {dag.py:4180} INFO - Setting next_dagrun for dataset_consumes_1_never_scheduled to None, run_after=None
[2026-07-18T21:39:16.275+0000] {logging_mixin.py:190} INFO - [2026-07-18T21:39:16.274+0000] {dag.py:4180} INFO - Setting next_dagrun for dataset_consumes_unknown_never_scheduled to None, run_after=None
[2026-07-18T21:39:16.279+0000] {logging_mixin.py:190} INFO - [2026-07-18T21:39:16.279+0000] {dag.py:4180} INFO - Setting next_dagrun for dataset_produces_1 to 2026-07-17 00:00:00+00:00, run_after=2026-07-18 00:00:00+00:00
[2026-07-18T21:39:16.283+0000] {logging_mixin.py:190} INFO - [2026-07-18T21:39:16.282+0000] {dag.py:4180} INFO - Setting next_dagrun for dataset_produces_2 to None, run_after=None
[2026-07-18T21:39:16.336+0000] {processor.py:208} INFO - Processing /home/airflow/.local/lib/python3.12/site-packages/airflow/example_dags/example_datasets.py took 1.139 seconds
[2026-07-18T21:39:48.457+0000] {processor.py:186} INFO - Started process (PID=1818) to work on /home/airflow/.local/lib/python3.12/site-packages/airflow/example_dags/example_datasets.py
[2026-07-18T21:39:48.463+0000] {processor.py:914} INFO - Processing file /home/airflow/.local/lib/python3.12/site-packages/airflow/example_dags/example_datasets.py for tasks to queue
[2026-07-18T21:39:48.473+0000] {logging_mixin.py:190} INFO - [2026-07-18T21:39:48.472+0000] {dagbag.py:588} INFO - Filling up the DagBag from /home/airflow/.local/lib/python3.12/site-packages/airflow/example_dags/example_datasets.py
[2026-07-18T21:39:49.310+0000] {processor.py:925} INFO - DAG(s) 'dataset_produces_1', 'dataset_produces_2', 'consume_1_or_both_2_and_3_with_dataset_expressions', 'dataset_consumes_1_never_scheduled', 'dataset_consumes_unknown_never_scheduled', 'dataset_consumes_1', 'dataset_consumes_1_and_2', 'conditional_dataset_and_time_based_timetable', 'consume_1_or_2_with_dataset_expressions', 'consume_1_and_2_with_dataset_expressions' retrieved from /home/airflow/.local/lib/python3.12/site-packages/airflow/example_dags/example_datasets.py
[2026-07-18T21:39:49.430+0000] {logging_mixin.py:190} INFO - [2026-07-18T21:39:49.430+0000] {dag.py:3239} INFO - Sync 10 DAGs
[2026-07-18T21:39:49.478+0000] {logging_mixin.py:190} INFO - [2026-07-18T21:39:49.477+0000] {dag.py:4180} INFO - Setting next_dagrun for conditional_dataset_and_time_based_timetable to 2026-07-15 01:00:00+00:00, run_after=2026-07-15 01:00:00+00:00
[2026-07-18T21:39:49.486+0000] {logging_mixin.py:190} INFO - [2026-07-18T21:39:49.486+0000] {dag.py:4180} INFO - Setting next_dagrun for consume_1_and_2_with_dataset_expressions to None, run_after=None
[2026-07-18T21:39:49.495+0000] {logging_mixin.py:190} INFO - [2026-07-18T21:39:49.495+0000] {dag.py:4180} INFO - Setting next_dagrun for consume_1_or_2_with_dataset_expressions to None, run_after=None
[2026-07-18T21:39:49.500+0000] {logging_mixin.py:190} INFO - [2026-07-18T21:39:49.499+0000] {dag.py:4180} INFO - Setting next_dagrun for consume_1_or_both_2_and_3_with_dataset_expressions to None, run_after=None
[2026-07-18T21:39:49.504+0000] {logging_mixin.py:190} INFO - [2026-07-18T21:39:49.503+0000] {dag.py:4180} INFO - Setting next_dagrun for dataset_consumes_1 to None, run_after=None
[2026-07-18T21:39:49.508+0000] {logging_mixin.py:190} INFO - [2026-07-18T21:39:49.508+0000] {dag.py:4180} INFO - Setting next_dagrun for dataset_consumes_1_and_2 to None, run_after=None
[2026-07-18T21:39:49.515+0000] {logging_mixin.py:190} INFO - [2026-07-18T21:39:49.514+0000] {dag.py:4180} INFO - Setting next_dagrun for dataset_consumes_1_never_scheduled to None, run_after=None
[2026-07-18T21:39:49.521+0000] {logging_mixin.py:190} INFO - [2026-07-18T21:39:49.521+0000] {dag.py:4180} INFO - Setting next_dagrun for dataset_consumes_unknown_never_scheduled to None, run_after=None
[2026-07-18T21:39:49.528+0000] {logging_mixin.py:190} INFO - [2026-07-18T21:39:49.528+0000] {dag.py:4180} INFO - Setting next_dagrun for dataset_produces_1 to 2026-07-17 00:00:00+00:00, run_after=2026-07-18 00:00:00+00:00
[2026-07-18T21:39:49.538+0000] {logging_mixin.py:190} INFO - [2026-07-18T21:39:49.538+0000] {dag.py:4180} INFO - Setting next_dagrun for dataset_produces_2 to None, run_after=None
[2026-07-18T21:39:49.615+0000] {processor.py:208} INFO - Processing /home/airflow/.local/lib/python3.12/site-packages/airflow/example_dags/example_datasets.py took 1.177 seconds
[2026-07-18T21:40:20.265+0000] {processor.py:186} INFO - Started process (PID=1882) to work on /home/airflow/.local/lib/python3.12/site-packages/airflow/example_dags/example_datasets.py
[2026-07-18T21:40:20.269+0000] {processor.py:914} INFO - Processing file /home/airflow/.local/lib/python3.12/site-packages/airflow/example_dags/example_datasets.py for tasks to queue
[2026-07-18T21:40:20.279+0000] {logging_mixin.py:190} INFO - [2026-07-18T21:40:20.278+0000] {dagbag.py:588} INFO - Filling up the DagBag from /home/airflow/.local/lib/python3.12/site-packages/airflow/example_dags/example_datasets.py
[2026-07-18T21:40:21.526+0000] {processor.py:925} INFO - DAG(s) 'consume_1_or_both_2_and_3_with_dataset_expressions', 'dataset_produces_1', 'consume_1_and_2_with_dataset_expressions', 'conditional_dataset_and_time_based_timetable', 'dataset_consumes_unknown_never_scheduled', 'dataset_produces_2', 'dataset_consumes_1_and_2', 'consume_1_or_2_with_dataset_expressions', 'dataset_consumes_1', 'dataset_consumes_1_never_scheduled' retrieved from /home/airflow/.local/lib/python3.12/site-packages/airflow/example_dags/example_datasets.py
[2026-07-18T21:40:21.663+0000] {logging_mixin.py:190} INFO - [2026-07-18T21:40:21.662+0000] {dag.py:3239} INFO - Sync 10 DAGs
[2026-07-18T21:40:21.726+0000] {logging_mixin.py:190} INFO - [2026-07-18T21:40:21.725+0000] {dag.py:4180} INFO - Setting next_dagrun for conditional_dataset_and_time_based_timetable to 2026-07-15 01:00:00+00:00, run_after=2026-07-15 01:00:00+00:00
[2026-07-18T21:40:21.735+0000] {logging_mixin.py:190} INFO - [2026-07-18T21:40:21.734+0000] {dag.py:4180} INFO - Setting next_dagrun for consume_1_and_2_with_dataset_expressions to None, run_after=None
[2026-07-18T21:40:21.739+0000] {logging_mixin.py:190} INFO - [2026-07-18T21:40:21.738+0000] {dag.py:4180} INFO - Setting next_dagrun for consume_1_or_2_with_dataset_expressions to None, run_after=None
[2026-07-18T21:40:21.743+0000] {logging_mixin.py:190} INFO - [2026-07-18T21:40:21.742+0000] {dag.py:4180} INFO - Setting next_dagrun for consume_1_or_both_2_and_3_with_dataset_expressions to None, run_after=None
[2026-07-18T21:40:21.748+0000] {logging_mixin.py:190} INFO - [2026-07-18T21:40:21.747+0000] {dag.py:4180} INFO - Setting next_dagrun for dataset_consumes_1 to None, run_after=None
[2026-07-18T21:40:21.752+0000] {logging_mixin.py:190} INFO - [2026-07-18T21:40:21.752+0000] {dag.py:4180} INFO - Setting next_dagrun for dataset_consumes_1_and_2 to None, run_after=None
[2026-07-18T21:40:21.756+0000] {logging_mixin.py:190} INFO - [2026-07-18T21:40:21.756+0000] {dag.py:4180} INFO - Setting next_dagrun for dataset_consumes_1_never_scheduled to None, run_after=None
[2026-07-18T21:40:21.760+0000] {logging_mixin.py:190} INFO - [2026-07-18T21:40:21.760+0000] {dag.py:4180} INFO - Setting next_dagrun for dataset_consumes_unknown_never_scheduled to None, run_after=None
[2026-07-18T21:40:21.766+0000] {logging_mixin.py:190} INFO - [2026-07-18T21:40:21.766+0000] {dag.py:4180} INFO - Setting next_dagrun for dataset_produces_1 to 2026-07-17 00:00:00+00:00, run_after=2026-07-18 00:00:00+00:00
[2026-07-18T21:40:21.772+0000] {logging_mixin.py:190} INFO - [2026-07-18T21:40:21.771+0000] {dag.py:4180} INFO - Setting next_dagrun for dataset_produces_2 to None, run_after=None
[2026-07-18T21:40:21.920+0000] {processor.py:208} INFO - Processing /home/airflow/.local/lib/python3.12/site-packages/airflow/example_dags/example_datasets.py took 1.673 seconds
[2026-07-18T21:40:52.067+0000] {processor.py:186} INFO - Started process (PID=1951) to work on /home/airflow/.local/lib/python3.12/site-packages/airflow/example_dags/example_datasets.py
[2026-07-18T21:40:52.069+0000] {processor.py:914} INFO - Processing file /home/airflow/.local/lib/python3.12/site-packages/airflow/example_dags/example_datasets.py for tasks to queue
[2026-07-18T21:40:52.073+0000] {logging_mixin.py:190} INFO - [2026-07-18T21:40:52.073+0000] {dagbag.py:588} INFO - Filling up the DagBag from /home/airflow/.local/lib/python3.12/site-packages/airflow/example_dags/example_datasets.py
[2026-07-18T21:40:52.715+0000] {processor.py:925} INFO - DAG(s) 'dataset_produces_1', 'dataset_consumes_1_never_scheduled', 'dataset_consumes_1', 'consume_1_or_both_2_and_3_with_dataset_expressions', 'conditional_dataset_and_time_based_timetable', 'consume_1_or_2_with_dataset_expressions', 'dataset_produces_2', 'consume_1_and_2_with_dataset_expressions', 'dataset_consumes_unknown_never_scheduled', 'dataset_consumes_1_and_2' retrieved from /home/airflow/.local/lib/python3.12/site-packages/airflow/example_dags/example_datasets.py
[2026-07-18T21:40:52.770+0000] {logging_mixin.py:190} INFO - [2026-07-18T21:40:52.770+0000] {dag.py:3239} INFO - Sync 10 DAGs
[2026-07-18T21:40:52.804+0000] {logging_mixin.py:190} INFO - [2026-07-18T21:40:52.804+0000] {dag.py:4180} INFO - Setting next_dagrun for conditional_dataset_and_time_based_timetable to 2026-07-15 01:00:00+00:00, run_after=2026-07-15 01:00:00+00:00
[2026-07-18T21:40:52.812+0000] {logging_mixin.py:190} INFO - [2026-07-18T21:40:52.811+0000] {dag.py:4180} INFO - Setting next_dagrun for consume_1_and_2_with_dataset_expressions to None, run_after=None
[2026-07-18T21:40:52.815+0000] {logging_mixin.py:190} INFO - [2026-07-18T21:40:52.815+0000] {dag.py:4180} INFO - Setting next_dagrun for consume_1_or_2_with_dataset_expressions to None, run_after=None
[2026-07-18T21:40:52.818+0000] {logging_mixin.py:190} INFO - [2026-07-18T21:40:52.818+0000] {dag.py:4180} INFO - Setting next_dagrun for consume_1_or_both_2_and_3_with_dataset_expressions to None, run_after=None
[2026-07-18T21:40:52.822+0000] {logging_mixin.py:190} INFO - [2026-07-18T21:40:52.821+0000] {dag.py:4180} INFO - Setting next_dagrun for dataset_consumes_1 to None, run_after=None
[2026-07-18T21:40:52.825+0000] {logging_mixin.py:190} INFO - [2026-07-18T21:40:52.824+0000] {dag.py:4180} INFO - Setting next_dagrun for dataset_consumes_1_and_2 to None, run_after=None
[2026-07-18T21:40:52.829+0000] {logging_mixin.py:190} INFO - [2026-07-18T21:40:52.829+0000] {dag.py:4180} INFO - Setting next_dagrun for dataset_consumes_1_never_scheduled to None, run_after=None
[2026-07-18T21:40:52.832+0000] {logging_mixin.py:190} INFO - [2026-07-18T21:40:52.832+0000] {dag.py:4180} INFO - Setting next_dagrun for dataset_consumes_unknown_never_scheduled to None, run_after=None
[2026-07-18T21:40:52.836+0000] {logging_mixin.py:190} INFO - [2026-07-18T21:40:52.835+0000] {dag.py:4180} INFO - Setting next_dagrun for dataset_produces_1 to 2026-07-17 00:00:00+00:00, run_after=2026-07-18 00:00:00+00:00
[2026-07-18T21:40:52.839+0000] {logging_mixin.py:190} INFO - [2026-07-18T21:40:52.839+0000] {dag.py:4180} INFO - Setting next_dagrun for dataset_produces_2 to None, run_after=None
[2026-07-18T21:40:52.935+0000] {processor.py:208} INFO - Processing /home/airflow/.local/lib/python3.12/site-packages/airflow/example_dags/example_datasets.py took 0.877 seconds
[2026-07-18T21:41:24.327+0000] {processor.py:186} INFO - Started process (PID=2019) to work on /home/airflow/.local/lib/python3.12/site-packages/airflow/example_dags/example_datasets.py
[2026-07-18T21:41:24.330+0000] {processor.py:914} INFO - Processing file /home/airflow/.local/lib/python3.12/site-packages/airflow/example_dags/example_datasets.py for tasks to queue
[2026-07-18T21:41:24.334+0000] {logging_mixin.py:190} INFO - [2026-07-18T21:41:24.334+0000] {dagbag.py:588} INFO - Filling up the DagBag from /home/airflow/.local/lib/python3.12/site-packages/airflow/example_dags/example_datasets.py
[2026-07-18T21:41:25.299+0000] {processor.py:925} INFO - DAG(s) 'conditional_dataset_and_time_based_timetable', 'dataset_produces_1', 'dataset_consumes_unknown_never_scheduled', 'dataset_produces_2', 'consume_1_or_2_with_dataset_expressions', 'consume_1_or_both_2_and_3_with_dataset_expressions', 'consume_1_and_2_with_dataset_expressions', 'dataset_consumes_1_and_2', 'dataset_consumes_1', 'dataset_consumes_1_never_scheduled' retrieved from /home/airflow/.local/lib/python3.12/site-packages/airflow/example_dags/example_datasets.py
[2026-07-18T21:41:25.365+0000] {logging_mixin.py:190} INFO - [2026-07-18T21:41:25.365+0000] {dag.py:3239} INFO - Sync 10 DAGs
[2026-07-18T21:41:25.399+0000] {logging_mixin.py:190} INFO - [2026-07-18T21:41:25.399+0000] {dag.py:4180} INFO - Setting next_dagrun for conditional_dataset_and_time_based_timetable to 2026-07-15 01:00:00+00:00, run_after=2026-07-15 01:00:00+00:00
[2026-07-18T21:41:25.406+0000] {logging_mixin.py:190} INFO - [2026-07-18T21:41:25.406+0000] {dag.py:4180} INFO - Setting next_dagrun for consume_1_and_2_with_dataset_expressions to None, run_after=None
[2026-07-18T21:41:25.410+0000] {logging_mixin.py:190} INFO - [2026-07-18T21:41:25.409+0000] {dag.py:4180} INFO - Setting next_dagrun for consume_1_or_2_with_dataset_expressions to None, run_after=None
[2026-07-18T21:41:25.413+0000] {logging_mixin.py:190} INFO - [2026-07-18T21:41:25.413+0000] {dag.py:4180} INFO - Setting next_dagrun for consume_1_or_both_2_and_3_with_dataset_expressions to None, run_after=None
[2026-07-18T21:41:25.416+0000] {logging_mixin.py:190} INFO - [2026-07-18T21:41:25.416+0000] {dag.py:4180} INFO - Setting next_dagrun for dataset_consumes_1 to None, run_after=None
[2026-07-18T21:41:25.421+0000] {logging_mixin.py:190} INFO - [2026-07-18T21:41:25.420+0000] {dag.py:4180} INFO - Setting next_dagrun for dataset_consumes_1_and_2 to None, run_after=None
[2026-07-18T21:41:25.423+0000] {logging_mixin.py:190} INFO - [2026-07-18T21:41:25.423+0000] {dag.py:4180} INFO - Setting next_dagrun for dataset_consumes_1_never_scheduled to None, run_after=None
[2026-07-18T21:41:25.427+0000] {logging_mixin.py:190} INFO - [2026-07-18T21:41:25.427+0000] {dag.py:4180} INFO - Setting next_dagrun for dataset_consumes_unknown_never_scheduled to None, run_after=None
[2026-07-18T21:41:25.431+0000] {logging_mixin.py:190} INFO - [2026-07-18T21:41:25.431+0000] {dag.py:4180} INFO - Setting next_dagrun for dataset_produces_1 to 2026-07-17 00:00:00+00:00, run_after=2026-07-18 00:00:00+00:00
[2026-07-18T21:41:25.435+0000] {logging_mixin.py:190} INFO - [2026-07-18T21:41:25.434+0000] {dag.py:4180} INFO - Setting next_dagrun for dataset_produces_2 to None, run_after=None
[2026-07-18T21:41:25.525+0000] {processor.py:208} INFO - Processing /home/airflow/.local/lib/python3.12/site-packages/airflow/example_dags/example_datasets.py took 1.205 seconds
[2026-07-18T21:41:55.950+0000] {processor.py:186} INFO - Started process (PID=2085) to work on /home/airflow/.local/lib/python3.12/site-packages/airflow/example_dags/example_datasets.py
[2026-07-18T21:41:55.955+0000] {processor.py:914} INFO - Processing file /home/airflow/.local/lib/python3.12/site-packages/airflow/example_dags/example_datasets.py for tasks to queue
[2026-07-18T21:41:55.963+0000] {logging_mixin.py:190} INFO - [2026-07-18T21:41:55.962+0000] {dagbag.py:588} INFO - Filling up the DagBag from /home/airflow/.local/lib/python3.12/site-packages/airflow/example_dags/example_datasets.py
[2026-07-18T21:41:57.164+0000] {processor.py:925} INFO - DAG(s) 'dataset_consumes_1_and_2', 'dataset_produces_2', 'consume_1_or_2_with_dataset_expressions', 'conditional_dataset_and_time_based_timetable', 'consume_1_or_both_2_and_3_with_dataset_expressions', 'dataset_consumes_unknown_never_scheduled', 'dataset_consumes_1_never_scheduled', 'consume_1_and_2_with_dataset_expressions', 'dataset_consumes_1', 'dataset_produces_1' retrieved from /home/airflow/.local/lib/python3.12/site-packages/airflow/example_dags/example_datasets.py
[2026-07-18T21:41:57.224+0000] {logging_mixin.py:190} INFO - [2026-07-18T21:41:57.224+0000] {dag.py:3239} INFO - Sync 10 DAGs
[2026-07-18T21:41:57.258+0000] {logging_mixin.py:190} INFO - [2026-07-18T21:41:57.258+0000] {dag.py:4180} INFO - Setting next_dagrun for conditional_dataset_and_time_based_timetable to 2026-07-15 01:00:00+00:00, run_after=2026-07-15 01:00:00+00:00
[2026-07-18T21:41:57.267+0000] {logging_mixin.py:190} INFO - [2026-07-18T21:41:57.267+0000] {dag.py:4180} INFO - Setting next_dagrun for consume_1_and_2_with_dataset_expressions to None, run_after=None
[2026-07-18T21:41:57.270+0000] {logging_mixin.py:190} INFO - [2026-07-18T21:41:57.270+0000] {dag.py:4180} INFO - Setting next_dagrun for consume_1_or_2_with_dataset_expressions to None, run_after=None
[2026-07-18T21:41:57.273+0000] {logging_mixin.py:190} INFO - [2026-07-18T21:41:57.273+0000] {dag.py:4180} INFO - Setting next_dagrun for consume_1_or_both_2_and_3_with_dataset_expressions to None, run_after=None
[2026-07-18T21:41:57.277+0000] {logging_mixin.py:190} INFO - [2026-07-18T21:41:57.277+0000] {dag.py:4180} INFO - Setting next_dagrun for dataset_consumes_1 to None, run_after=None
[2026-07-18T21:41:57.280+0000] {logging_mixin.py:190} INFO - [2026-07-18T21:41:57.280+0000] {dag.py:4180} INFO - Setting next_dagrun for dataset_consumes_1_and_2 to None, run_after=None
[2026-07-18T21:41:57.283+0000] {logging_mixin.py:190} INFO - [2026-07-18T21:41:57.282+0000] {dag.py:4180} INFO - Setting next_dagrun for dataset_consumes_1_never_scheduled to None, run_after=None
[2026-07-18T21:41:57.285+0000] {logging_mixin.py:190} INFO - [2026-07-18T21:41:57.285+0000] {dag.py:4180} INFO - Setting next_dagrun for dataset_consumes_unknown_never_scheduled to None, run_after=None
[2026-07-18T21:41:57.289+0000] {logging_mixin.py:190} INFO - [2026-07-18T21:41:57.289+0000] {dag.py:4180} INFO - Setting next_dagrun for dataset_produces_1 to 2026-07-17 00:00:00+00:00, run_after=2026-07-18 00:00:00+00:00
[2026-07-18T21:41:57.292+0000] {logging_mixin.py:190} INFO - [2026-07-18T21:41:57.292+0000] {dag.py:4180} INFO - Setting next_dagrun for dataset_produces_2 to None, run_after=None
[2026-07-18T21:41:57.350+0000] {processor.py:208} INFO - Processing /home/airflow/.local/lib/python3.12/site-packages/airflow/example_dags/example_datasets.py took 1.418 seconds
[2026-07-18T21:42:27.451+0000] {processor.py:186} INFO - Started process (PID=2157) to work on /home/airflow/.local/lib/python3.12/site-packages/airflow/example_dags/example_datasets.py
[2026-07-18T21:42:27.453+0000] {processor.py:914} INFO - Processing file /home/airflow/.local/lib/python3.12/site-packages/airflow/example_dags/example_datasets.py for tasks to queue
[2026-07-18T21:42:27.458+0000] {logging_mixin.py:190} INFO - [2026-07-18T21:42:27.457+0000] {dagbag.py:588} INFO - Filling up the DagBag from /home/airflow/.local/lib/python3.12/site-packages/airflow/example_dags/example_datasets.py
[2026-07-18T21:42:28.520+0000] {processor.py:925} INFO - DAG(s) 'consume_1_or_both_2_and_3_with_dataset_expressions', 'conditional_dataset_and_time_based_timetable', 'dataset_produces_1', 'dataset_consumes_unknown_never_scheduled', 'consume_1_or_2_with_dataset_expressions', 'dataset_produces_2', 'dataset_consumes_1_never_scheduled', 'dataset_consumes_1', 'consume_1_and_2_with_dataset_expressions', 'dataset_consumes_1_and_2' retrieved from /home/airflow/.local/lib/python3.12/site-packages/airflow/example_dags/example_datasets.py
[2026-07-18T21:42:28.600+0000] {logging_mixin.py:190} INFO - [2026-07-18T21:42:28.600+0000] {dag.py:3239} INFO - Sync 10 DAGs
[2026-07-18T21:42:28.643+0000] {logging_mixin.py:190} INFO - [2026-07-18T21:42:28.643+0000] {dag.py:4180} INFO - Setting next_dagrun for conditional_dataset_and_time_based_timetable to 2026-07-15 01:00:00+00:00, run_after=2026-07-15 01:00:00+00:00
[2026-07-18T21:42:28.651+0000] {logging_mixin.py:190} INFO - [2026-07-18T21:42:28.650+0000] {dag.py:4180} INFO - Setting next_dagrun for consume_1_and_2_with_dataset_expressions to None, run_after=None
[2026-07-18T21:42:28.656+0000] {logging_mixin.py:190} INFO - [2026-07-18T21:42:28.655+0000] {dag.py:4180} INFO - Setting next_dagrun for consume_1_or_2_with_dataset_expressions to None, run_after=None
[2026-07-18T21:42:28.660+0000] {logging_mixin.py:190} INFO - [2026-07-18T21:42:28.660+0000] {dag.py:4180} INFO - Setting next_dagrun for consume_1_or_both_2_and_3_with_dataset_expressions to None, run_after=None
[2026-07-18T21:42:28.665+0000] {logging_mixin.py:190} INFO - [2026-07-18T21:42:28.665+0000] {dag.py:4180} INFO - Setting next_dagrun for dataset_consumes_1 to None, run_after=None
[2026-07-18T21:42:28.676+0000] {logging_mixin.py:190} INFO - [2026-07-18T21:42:28.675+0000] {dag.py:4180} INFO - Setting next_dagrun for dataset_consumes_1_and_2 to None, run_after=None
[2026-07-18T21:42:28.681+0000] {logging_mixin.py:190} INFO - [2026-07-18T21:42:28.680+0000] {dag.py:4180} INFO - Setting next_dagrun for dataset_consumes_1_never_scheduled to None, run_after=None
[2026-07-18T21:42:28.686+0000] {logging_mixin.py:190} INFO - [2026-07-18T21:42:28.685+0000] {dag.py:4180} INFO - Setting next_dagrun for dataset_consumes_unknown_never_scheduled to None, run_after=None
[2026-07-18T21:42:28.694+0000] {logging_mixin.py:190} INFO - [2026-07-18T21:42:28.694+0000] {dag.py:4180} INFO - Setting next_dagrun for dataset_produces_1 to 2026-07-17 00:00:00+00:00, run_after=2026-07-18 00:00:00+00:00
[2026-07-18T21:42:28.701+0000] {logging_mixin.py:190} INFO - [2026-07-18T21:42:28.700+0000] {dag.py:4180} INFO - Setting next_dagrun for dataset_produces_2 to None, run_after=None
[2026-07-18T21:42:28.796+0000] {processor.py:208} INFO - Processing /home/airflow/.local/lib/python3.12/site-packages/airflow/example_dags/example_datasets.py took 1.352 seconds
[2026-07-18T21:42:59.048+0000] {processor.py:186} INFO - Started process (PID=2227) to work on /home/airflow/.local/lib/python3.12/site-packages/airflow/example_dags/example_datasets.py
[2026-07-18T21:42:59.050+0000] {processor.py:914} INFO - Processing file /home/airflow/.local/lib/python3.12/site-packages/airflow/example_dags/example_datasets.py for tasks to queue
[2026-07-18T21:42:59.054+0000] {logging_mixin.py:190} INFO - [2026-07-18T21:42:59.054+0000] {dagbag.py:588} INFO - Filling up the DagBag from /home/airflow/.local/lib/python3.12/site-packages/airflow/example_dags/example_datasets.py
[2026-07-18T21:42:59.787+0000] {processor.py:925} INFO - DAG(s) 'consume_1_or_2_with_dataset_expressions', 'consume_1_and_2_with_dataset_expressions', 'conditional_dataset_and_time_based_timetable', 'consume_1_or_both_2_and_3_with_dataset_expressions', 'dataset_consumes_unknown_never_scheduled', 'dataset_consumes_1', 'dataset_consumes_1_never_scheduled', 'dataset_produces_2', 'dataset_produces_1', 'dataset_consumes_1_and_2' retrieved from /home/airflow/.local/lib/python3.12/site-packages/airflow/example_dags/example_datasets.py
[2026-07-18T21:42:59.876+0000] {logging_mixin.py:190} INFO - [2026-07-18T21:42:59.876+0000] {dag.py:3239} INFO - Sync 10 DAGs
[2026-07-18T21:42:59.952+0000] {logging_mixin.py:190} INFO - [2026-07-18T21:42:59.952+0000] {dag.py:4180} INFO - Setting next_dagrun for conditional_dataset_and_time_based_timetable to 2026-07-15 01:00:00+00:00, run_after=2026-07-15 01:00:00+00:00
[2026-07-18T21:42:59.959+0000] {logging_mixin.py:190} INFO - [2026-07-18T21:42:59.959+0000] {dag.py:4180} INFO - Setting next_dagrun for consume_1_and_2_with_dataset_expressions to None, run_after=None
[2026-07-18T21:42:59.967+0000] {logging_mixin.py:190} INFO - [2026-07-18T21:42:59.965+0000] {dag.py:4180} INFO - Setting next_dagrun for consume_1_or_2_with_dataset_expressions to None, run_after=None
[2026-07-18T21:42:59.971+0000] {logging_mixin.py:190} INFO - [2026-07-18T21:42:59.971+0000] {dag.py:4180} INFO - Setting next_dagrun for consume_1_or_both_2_and_3_with_dataset_expressions to None, run_after=None
[2026-07-18T21:42:59.975+0000] {logging_mixin.py:190} INFO - [2026-07-18T21:42:59.975+0000] {dag.py:4180} INFO - Setting next_dagrun for dataset_consumes_1 to None, run_after=None
[2026-07-18T21:42:59.979+0000] {logging_mixin.py:190} INFO - [2026-07-18T21:42:59.979+0000] {dag.py:4180} INFO - Setting next_dagrun for dataset_consumes_1_and_2 to None, run_after=None
[2026-07-18T21:42:59.984+0000] {logging_mixin.py:190} INFO - [2026-07-18T21:42:59.983+0000] {dag.py:4180} INFO - Setting next_dagrun for dataset_consumes_1_never_scheduled to None, run_after=None
[2026-07-18T21:42:59.988+0000] {logging_mixin.py:190} INFO - [2026-07-18T21:42:59.988+0000] {dag.py:4180} INFO - Setting next_dagrun for dataset_consumes_unknown_never_scheduled to None, run_after=None
[2026-07-18T21:42:59.994+0000] {logging_mixin.py:190} INFO - [2026-07-18T21:42:59.994+0000] {dag.py:4180} INFO - Setting next_dagrun for dataset_produces_1 to 2026-07-17 00:00:00+00:00, run_after=2026-07-18 00:00:00+00:00
[2026-07-18T21:43:00.000+0000] {logging_mixin.py:190} INFO - [2026-07-18T21:43:00.000+0000] {dag.py:4180} INFO - Setting next_dagrun for dataset_produces_2 to None, run_after=None
[2026-07-18T21:43:00.123+0000] {processor.py:208} INFO - Processing /home/airflow/.local/lib/python3.12/site-packages/airflow/example_dags/example_datasets.py took 1.084 seconds
[2026-07-18T21:43:30.435+0000] {processor.py:186} INFO - Started process (PID=2292) to work on /home/airflow/.local/lib/python3.12/site-packages/airflow/example_dags/example_datasets.py
[2026-07-18T21:43:30.438+0000] {processor.py:914} INFO - Processing file /home/airflow/.local/lib/python3.12/site-packages/airflow/example_dags/example_datasets.py for tasks to queue
[2026-07-18T21:43:30.444+0000] {logging_mixin.py:190} INFO - [2026-07-18T21:43:30.443+0000] {dagbag.py:588} INFO - Filling up the DagBag from /home/airflow/.local/lib/python3.12/site-packages/airflow/example_dags/example_datasets.py
[2026-07-18T21:43:31.512+0000] {processor.py:925} INFO - DAG(s) 'consume_1_or_2_with_dataset_expressions', 'consume_1_or_both_2_and_3_with_dataset_expressions', 'consume_1_and_2_with_dataset_expressions', 'dataset_consumes_1', 'dataset_consumes_1_and_2', 'conditional_dataset_and_time_based_timetable', 'dataset_consumes_1_never_scheduled', 'dataset_produces_1', 'dataset_consumes_unknown_never_scheduled', 'dataset_produces_2' retrieved from /home/airflow/.local/lib/python3.12/site-packages/airflow/example_dags/example_datasets.py
[2026-07-18T21:43:31.584+0000] {logging_mixin.py:190} INFO - [2026-07-18T21:43:31.583+0000] {dag.py:3239} INFO - Sync 10 DAGs
[2026-07-18T21:43:31.619+0000] {logging_mixin.py:190} INFO - [2026-07-18T21:43:31.618+0000] {dag.py:4180} INFO - Setting next_dagrun for conditional_dataset_and_time_based_timetable to 2026-07-15 01:00:00+00:00, run_after=2026-07-15 01:00:00+00:00
[2026-07-18T21:43:31.625+0000] {logging_mixin.py:190} INFO - [2026-07-18T21:43:31.624+0000] {dag.py:4180} INFO - Setting next_dagrun for consume_1_and_2_with_dataset_expressions to None, run_after=None
[2026-07-18T21:43:31.628+0000] {logging_mixin.py:190} INFO - [2026-07-18T21:43:31.628+0000] {dag.py:4180} INFO - Setting next_dagrun for consume_1_or_2_with_dataset_expressions to None, run_after=None
[2026-07-18T21:43:31.632+0000] {logging_mixin.py:190} INFO - [2026-07-18T21:43:31.631+0000] {dag.py:4180} INFO - Setting next_dagrun for consume_1_or_both_2_and_3_with_dataset_expressions to None, run_after=None
[2026-07-18T21:43:31.635+0000] {logging_mixin.py:190} INFO - [2026-07-18T21:43:31.635+0000] {dag.py:4180} INFO - Setting next_dagrun for dataset_consumes_1 to None, run_after=None
[2026-07-18T21:43:31.638+0000] {logging_mixin.py:190} INFO - [2026-07-18T21:43:31.638+0000] {dag.py:4180} INFO - Setting next_dagrun for dataset_consumes_1_and_2 to None, run_after=None
[2026-07-18T21:43:31.641+0000] {logging_mixin.py:190} INFO - [2026-07-18T21:43:31.641+0000] {dag.py:4180} INFO - Setting next_dagrun for dataset_consumes_1_never_scheduled to None, run_after=None
[2026-07-18T21:43:31.645+0000] {logging_mixin.py:190} INFO - [2026-07-18T21:43:31.644+0000] {dag.py:4180} INFO - Setting next_dagrun for dataset_consumes_unknown_never_scheduled to None, run_after=None
[2026-07-18T21:43:31.649+0000] {logging_mixin.py:190} INFO - [2026-07-18T21:43:31.649+0000] {dag.py:4180} INFO - Setting next_dagrun for dataset_produces_1 to 2026-07-17 00:00:00+00:00, run_after=2026-07-18 00:00:00+00:00
[2026-07-18T21:43:31.652+0000] {logging_mixin.py:190} INFO - [2026-07-18T21:43:31.652+0000] {dag.py:4180} INFO - Setting next_dagrun for dataset_produces_2 to None, run_after=None
[2026-07-18T21:43:31.693+0000] {processor.py:208} INFO - Processing /home/airflow/.local/lib/python3.12/site-packages/airflow/example_dags/example_datasets.py took 1.269 seconds
[2026-07-18T21:44:02.231+0000] {processor.py:186} INFO - Started process (PID=2362) to work on /home/airflow/.local/lib/python3.12/site-packages/airflow/example_dags/example_datasets.py
[2026-07-18T21:44:02.235+0000] {processor.py:914} INFO - Processing file /home/airflow/.local/lib/python3.12/site-packages/airflow/example_dags/example_datasets.py for tasks to queue
[2026-07-18T21:44:02.242+0000] {logging_mixin.py:190} INFO - [2026-07-18T21:44:02.242+0000] {dagbag.py:588} INFO - Filling up the DagBag from /home/airflow/.local/lib/python3.12/site-packages/airflow/example_dags/example_datasets.py
[2026-07-18T21:44:03.343+0000] {processor.py:925} INFO - DAG(s) 'dataset_produces_1', 'dataset_produces_2', 'consume_1_and_2_with_dataset_expressions', 'dataset_consumes_1_never_scheduled', 'dataset_consumes_1_and_2', 'dataset_consumes_unknown_never_scheduled', 'consume_1_or_both_2_and_3_with_dataset_expressions', 'consume_1_or_2_with_dataset_expressions', 'conditional_dataset_and_time_based_timetable', 'dataset_consumes_1' retrieved from /home/airflow/.local/lib/python3.12/site-packages/airflow/example_dags/example_datasets.py
[2026-07-18T21:44:03.493+0000] {logging_mixin.py:190} INFO - [2026-07-18T21:44:03.493+0000] {dag.py:3239} INFO - Sync 10 DAGs
[2026-07-18T21:44:03.603+0000] {logging_mixin.py:190} INFO - [2026-07-18T21:44:03.594+0000] {dag.py:4180} INFO - Setting next_dagrun for conditional_dataset_and_time_based_timetable to 2026-07-15 01:00:00+00:00, run_after=2026-07-15 01:00:00+00:00
[2026-07-18T21:44:03.625+0000] {logging_mixin.py:190} INFO - [2026-07-18T21:44:03.625+0000] {dag.py:4180} INFO - Setting next_dagrun for consume_1_and_2_with_dataset_expressions to None, run_after=None
[2026-07-18T21:44:03.638+0000] {logging_mixin.py:190} INFO - [2026-07-18T21:44:03.633+0000] {dag.py:4180} INFO - Setting next_dagrun for consume_1_or_2_with_dataset_expressions to None, run_after=None
[2026-07-18T21:44:03.646+0000] {logging_mixin.py:190} INFO - [2026-07-18T21:44:03.645+0000] {dag.py:4180} INFO - Setting next_dagrun for consume_1_or_both_2_and_3_with_dataset_expressions to None, run_after=None
[2026-07-18T21:44:03.655+0000] {logging_mixin.py:190} INFO - [2026-07-18T21:44:03.655+0000] {dag.py:4180} INFO - Setting next_dagrun for dataset_consumes_1 to None, run_after=None
[2026-07-18T21:44:03.663+0000] {logging_mixin.py:190} INFO - [2026-07-18T21:44:03.662+0000] {dag.py:4180} INFO - Setting next_dagrun for dataset_consumes_1_and_2 to None, run_after=None
[2026-07-18T21:44:03.668+0000] {logging_mixin.py:190} INFO - [2026-07-18T21:44:03.668+0000] {dag.py:4180} INFO - Setting next_dagrun for dataset_consumes_1_never_scheduled to None, run_after=None
[2026-07-18T21:44:03.676+0000] {logging_mixin.py:190} INFO - [2026-07-18T21:44:03.675+0000] {dag.py:4180} INFO - Setting next_dagrun for dataset_consumes_unknown_never_scheduled to None, run_after=None
[2026-07-18T21:44:03.683+0000] {logging_mixin.py:190} INFO - [2026-07-18T21:44:03.683+0000] {dag.py:4180} INFO - Setting next_dagrun for dataset_produces_1 to 2026-07-17 00:00:00+00:00, run_after=2026-07-18 00:00:00+00:00
[2026-07-18T21:44:03.695+0000] {logging_mixin.py:190} INFO - [2026-07-18T21:44:03.695+0000] {dag.py:4180} INFO - Setting next_dagrun for dataset_produces_2 to None, run_after=None
[2026-07-18T21:44:03.836+0000] {processor.py:208} INFO - Processing /home/airflow/.local/lib/python3.12/site-packages/airflow/example_dags/example_datasets.py took 1.623 seconds
[2026-07-18T21:44:34.455+0000] {processor.py:186} INFO - Started process (PID=2427) to work on /home/airflow/.local/lib/python3.12/site-packages/airflow/example_dags/example_datasets.py
[2026-07-18T21:44:34.457+0000] {processor.py:914} INFO - Processing file /home/airflow/.local/lib/python3.12/site-packages/airflow/example_dags/example_datasets.py for tasks to queue
[2026-07-18T21:44:34.461+0000] {logging_mixin.py:190} INFO - [2026-07-18T21:44:34.461+0000] {dagbag.py:588} INFO - Filling up the DagBag from /home/airflow/.local/lib/python3.12/site-packages/airflow/example_dags/example_datasets.py
[2026-07-18T21:44:35.163+0000] {processor.py:925} INFO - DAG(s) 'dataset_produces_1', 'consume_1_or_both_2_and_3_with_dataset_expressions', 'dataset_consumes_1_and_2', 'dataset_produces_2', 'dataset_consumes_1', 'dataset_consumes_1_never_scheduled', 'dataset_consumes_unknown_never_scheduled', 'conditional_dataset_and_time_based_timetable', 'consume_1_and_2_with_dataset_expressions', 'consume_1_or_2_with_dataset_expressions' retrieved from /home/airflow/.local/lib/python3.12/site-packages/airflow/example_dags/example_datasets.py
[2026-07-18T21:44:35.217+0000] {logging_mixin.py:190} INFO - [2026-07-18T21:44:35.217+0000] {dag.py:3239} INFO - Sync 10 DAGs
[2026-07-18T21:44:35.271+0000] {logging_mixin.py:190} INFO - [2026-07-18T21:44:35.271+0000] {dag.py:4180} INFO - Setting next_dagrun for conditional_dataset_and_time_based_timetable to 2026-07-15 01:00:00+00:00, run_after=2026-07-15 01:00:00+00:00
[2026-07-18T21:44:35.278+0000] {logging_mixin.py:190} INFO - [2026-07-18T21:44:35.278+0000] {dag.py:4180} INFO - Setting next_dagrun for consume_1_and_2_with_dataset_expressions to None, run_after=None
[2026-07-18T21:44:35.283+0000] {logging_mixin.py:190} INFO - [2026-07-18T21:44:35.283+0000] {dag.py:4180} INFO - Setting next_dagrun for consume_1_or_2_with_dataset_expressions to None, run_after=None
[2026-07-18T21:44:35.288+0000] {logging_mixin.py:190} INFO - [2026-07-18T21:44:35.287+0000] {dag.py:4180} INFO - Setting next_dagrun for consume_1_or_both_2_and_3_with_dataset_expressions to None, run_after=None
[2026-07-18T21:44:35.291+0000] {logging_mixin.py:190} INFO - [2026-07-18T21:44:35.291+0000] {dag.py:4180} INFO - Setting next_dagrun for dataset_consumes_1 to None, run_after=None
[2026-07-18T21:44:35.295+0000] {logging_mixin.py:190} INFO - [2026-07-18T21:44:35.295+0000] {dag.py:4180} INFO - Setting next_dagrun for dataset_consumes_1_and_2 to None, run_after=None
[2026-07-18T21:44:35.299+0000] {logging_mixin.py:190} INFO - [2026-07-18T21:44:35.298+0000] {dag.py:4180} INFO - Setting next_dagrun for dataset_consumes_1_never_scheduled to None, run_after=None
[2026-07-18T21:44:35.304+0000] {logging_mixin.py:190} INFO - [2026-07-18T21:44:35.303+0000] {dag.py:4180} INFO - Setting next_dagrun for dataset_consumes_unknown_never_scheduled to None, run_after=None
[2026-07-18T21:44:35.309+0000] {logging_mixin.py:190} INFO - [2026-07-18T21:44:35.309+0000] {dag.py:4180} INFO - Setting next_dagrun for dataset_produces_1 to 2026-07-17 00:00:00+00:00, run_after=2026-07-18 00:00:00+00:00
[2026-07-18T21:44:35.313+0000] {logging_mixin.py:190} INFO - [2026-07-18T21:44:35.313+0000] {dag.py:4180} INFO - Setting next_dagrun for dataset_produces_2 to None, run_after=None
[2026-07-18T21:44:35.361+0000] {processor.py:208} INFO - Processing /home/airflow/.local/lib/python3.12/site-packages/airflow/example_dags/example_datasets.py took 0.916 seconds
[2026-07-18T21:45:05.921+0000] {processor.py:186} INFO - Started process (PID=2491) to work on /home/airflow/.local/lib/python3.12/site-packages/airflow/example_dags/example_datasets.py
[2026-07-18T21:45:05.925+0000] {processor.py:914} INFO - Processing file /home/airflow/.local/lib/python3.12/site-packages/airflow/example_dags/example_datasets.py for tasks to queue
[2026-07-18T21:45:05.933+0000] {logging_mixin.py:190} INFO - [2026-07-18T21:45:05.933+0000] {dagbag.py:588} INFO - Filling up the DagBag from /home/airflow/.local/lib/python3.12/site-packages/airflow/example_dags/example_datasets.py
[2026-07-18T21:45:06.908+0000] {processor.py:925} INFO - DAG(s) 'dataset_consumes_unknown_never_scheduled', 'dataset_consumes_1_never_scheduled', 'dataset_consumes_1_and_2', 'dataset_consumes_1', 'consume_1_or_both_2_and_3_with_dataset_expressions', 'conditional_dataset_and_time_based_timetable', 'consume_1_and_2_with_dataset_expressions', 'dataset_produces_2', 'consume_1_or_2_with_dataset_expressions', 'dataset_produces_1' retrieved from /home/airflow/.local/lib/python3.12/site-packages/airflow/example_dags/example_datasets.py
[2026-07-18T21:45:06.968+0000] {logging_mixin.py:190} INFO - [2026-07-18T21:45:06.968+0000] {dag.py:3239} INFO - Sync 10 DAGs
[2026-07-18T21:45:07.025+0000] {logging_mixin.py:190} INFO - [2026-07-18T21:45:07.025+0000] {dag.py:4180} INFO - Setting next_dagrun for conditional_dataset_and_time_based_timetable to 2026-07-15 01:00:00+00:00, run_after=2026-07-15 01:00:00+00:00
[2026-07-18T21:45:07.035+0000] {logging_mixin.py:190} INFO - [2026-07-18T21:45:07.034+0000] {dag.py:4180} INFO - Setting next_dagrun for consume_1_and_2_with_dataset_expressions to None, run_after=None
[2026-07-18T21:45:07.039+0000] {logging_mixin.py:190} INFO - [2026-07-18T21:45:07.039+0000] {dag.py:4180} INFO - Setting next_dagrun for consume_1_or_2_with_dataset_expressions to None, run_after=None
[2026-07-18T21:45:07.043+0000] {logging_mixin.py:190} INFO - [2026-07-18T21:45:07.043+0000] {dag.py:4180} INFO - Setting next_dagrun for consume_1_or_both_2_and_3_with_dataset_expressions to None, run_after=None
[2026-07-18T21:45:07.048+0000] {logging_mixin.py:190} INFO - [2026-07-18T21:45:07.047+0000] {dag.py:4180} INFO - Setting next_dagrun for dataset_consumes_1 to None, run_after=None
[2026-07-18T21:45:07.051+0000] {logging_mixin.py:190} INFO - [2026-07-18T21:45:07.051+0000] {dag.py:4180} INFO - Setting next_dagrun for dataset_consumes_1_and_2 to None, run_after=None
[2026-07-18T21:45:07.054+0000] {logging_mixin.py:190} INFO - [2026-07-18T21:45:07.054+0000] {dag.py:4180} INFO - Setting next_dagrun for dataset_consumes_1_never_scheduled to None, run_after=None
[2026-07-18T21:45:07.057+0000] {logging_mixin.py:190} INFO - [2026-07-18T21:45:07.057+0000] {dag.py:4180} INFO - Setting next_dagrun for dataset_consumes_unknown_never_scheduled to None, run_after=None
[2026-07-18T21:45:07.061+0000] {logging_mixin.py:190} INFO - [2026-07-18T21:45:07.061+0000] {dag.py:4180} INFO - Setting next_dagrun for dataset_produces_1 to 2026-07-17 00:00:00+00:00, run_after=2026-07-18 00:00:00+00:00
[2026-07-18T21:45:07.065+0000] {logging_mixin.py:190} INFO - [2026-07-18T21:45:07.065+0000] {dag.py:4180} INFO - Setting next_dagrun for dataset_produces_2 to None, run_after=None
[2026-07-18T21:45:07.182+0000] {processor.py:208} INFO - Processing /home/airflow/.local/lib/python3.12/site-packages/airflow/example_dags/example_datasets.py took 1.276 seconds
[2026-07-18T21:45:37.671+0000] {processor.py:186} INFO - Started process (PID=2555) to work on /home/airflow/.local/lib/python3.12/site-packages/airflow/example_dags/example_datasets.py
[2026-07-18T21:45:37.675+0000] {processor.py:914} INFO - Processing file /home/airflow/.local/lib/python3.12/site-packages/airflow/example_dags/example_datasets.py for tasks to queue
[2026-07-18T21:45:37.684+0000] {logging_mixin.py:190} INFO - [2026-07-18T21:45:37.683+0000] {dagbag.py:588} INFO - Filling up the DagBag from /home/airflow/.local/lib/python3.12/site-packages/airflow/example_dags/example_datasets.py
[2026-07-18T21:45:38.619+0000] {processor.py:925} INFO - DAG(s) 'conditional_dataset_and_time_based_timetable', 'dataset_consumes_unknown_never_scheduled', 'consume_1_or_both_2_and_3_with_dataset_expressions', 'dataset_consumes_1', 'dataset_produces_2', 'dataset_produces_1', 'consume_1_and_2_with_dataset_expressions', 'consume_1_or_2_with_dataset_expressions', 'dataset_consumes_1_never_scheduled', 'dataset_consumes_1_and_2' retrieved from /home/airflow/.local/lib/python3.12/site-packages/airflow/example_dags/example_datasets.py
[2026-07-18T21:45:38.696+0000] {logging_mixin.py:190} INFO - [2026-07-18T21:45:38.695+0000] {dag.py:3239} INFO - Sync 10 DAGs
[2026-07-18T21:45:38.734+0000] {logging_mixin.py:190} INFO - [2026-07-18T21:45:38.734+0000] {dag.py:4180} INFO - Setting next_dagrun for conditional_dataset_and_time_based_timetable to 2026-07-15 01:00:00+00:00, run_after=2026-07-15 01:00:00+00:00
[2026-07-18T21:45:38.742+0000] {logging_mixin.py:190} INFO - [2026-07-18T21:45:38.741+0000] {dag.py:4180} INFO - Setting next_dagrun for consume_1_and_2_with_dataset_expressions to None, run_after=None
[2026-07-18T21:45:38.746+0000] {logging_mixin.py:190} INFO - [2026-07-18T21:45:38.746+0000] {dag.py:4180} INFO - Setting next_dagrun for consume_1_or_2_with_dataset_expressions to None, run_after=None
[2026-07-18T21:45:38.749+0000] {logging_mixin.py:190} INFO - [2026-07-18T21:45:38.749+0000] {dag.py:4180} INFO - Setting next_dagrun for consume_1_or_both_2_and_3_with_dataset_expressions to None, run_after=None
[2026-07-18T21:45:38.752+0000] {logging_mixin.py:190} INFO - [2026-07-18T21:45:38.752+0000] {dag.py:4180} INFO - Setting next_dagrun for dataset_consumes_1 to None, run_after=None
[2026-07-18T21:45:38.755+0000] {logging_mixin.py:190} INFO - [2026-07-18T21:45:38.755+0000] {dag.py:4180} INFO - Setting next_dagrun for dataset_consumes_1_and_2 to None, run_after=None
[2026-07-18T21:45:38.758+0000] {logging_mixin.py:190} INFO - [2026-07-18T21:45:38.758+0000] {dag.py:4180} INFO - Setting next_dagrun for dataset_consumes_1_never_scheduled to None, run_after=None
[2026-07-18T21:45:38.761+0000] {logging_mixin.py:190} INFO - [2026-07-18T21:45:38.761+0000] {dag.py:4180} INFO - Setting next_dagrun for dataset_consumes_unknown_never_scheduled to None, run_after=None
[2026-07-18T21:45:38.765+0000] {logging_mixin.py:190} INFO - [2026-07-18T21:45:38.765+0000] {dag.py:4180} INFO - Setting next_dagrun for dataset_produces_1 to 2026-07-17 00:00:00+00:00, run_after=2026-07-18 00:00:00+00:00
[2026-07-18T21:45:38.768+0000] {logging_mixin.py:190} INFO - [2026-07-18T21:45:38.768+0000] {dag.py:4180} INFO - Setting next_dagrun for dataset_produces_2 to None, run_after=None
[2026-07-18T21:45:38.874+0000] {processor.py:208} INFO - Processing /home/airflow/.local/lib/python3.12/site-packages/airflow/example_dags/example_datasets.py took 1.225 seconds
[2026-07-18T21:46:09.273+0000] {processor.py:186} INFO - Started process (PID=2619) to work on /home/airflow/.local/lib/python3.12/site-packages/airflow/example_dags/example_datasets.py
[2026-07-18T21:46:09.276+0000] {processor.py:914} INFO - Processing file /home/airflow/.local/lib/python3.12/site-packages/airflow/example_dags/example_datasets.py for tasks to queue
[2026-07-18T21:46:09.280+0000] {logging_mixin.py:190} INFO - [2026-07-18T21:46:09.279+0000] {dagbag.py:588} INFO - Filling up the DagBag from /home/airflow/.local/lib/python3.12/site-packages/airflow/example_dags/example_datasets.py
[2026-07-18T21:46:10.011+0000] {processor.py:925} INFO - DAG(s) 'dataset_produces_1', 'dataset_produces_2', 'consume_1_and_2_with_dataset_expressions', 'conditional_dataset_and_time_based_timetable', 'consume_1_or_2_with_dataset_expressions', 'consume_1_or_both_2_and_3_with_dataset_expressions', 'dataset_consumes_1_never_scheduled', 'dataset_consumes_1_and_2', 'dataset_consumes_unknown_never_scheduled', 'dataset_consumes_1' retrieved from /home/airflow/.local/lib/python3.12/site-packages/airflow/example_dags/example_datasets.py
[2026-07-18T21:46:10.071+0000] {logging_mixin.py:190} INFO - [2026-07-18T21:46:10.070+0000] {dag.py:3239} INFO - Sync 10 DAGs
[2026-07-18T21:46:10.105+0000] {logging_mixin.py:190} INFO - [2026-07-18T21:46:10.105+0000] {dag.py:4180} INFO - Setting next_dagrun for conditional_dataset_and_time_based_timetable to 2026-07-15 01:00:00+00:00, run_after=2026-07-15 01:00:00+00:00
[2026-07-18T21:46:10.111+0000] {logging_mixin.py:190} INFO - [2026-07-18T21:46:10.111+0000] {dag.py:4180} INFO - Setting next_dagrun for consume_1_and_2_with_dataset_expressions to None, run_after=None
[2026-07-18T21:46:10.115+0000] {logging_mixin.py:190} INFO - [2026-07-18T21:46:10.115+0000] {dag.py:4180} INFO - Setting next_dagrun for consume_1_or_2_with_dataset_expressions to None, run_after=None
[2026-07-18T21:46:10.119+0000] {logging_mixin.py:190} INFO - [2026-07-18T21:46:10.118+0000] {dag.py:4180} INFO - Setting next_dagrun for consume_1_or_both_2_and_3_with_dataset_expressions to None, run_after=None
[2026-07-18T21:46:10.122+0000] {logging_mixin.py:190} INFO - [2026-07-18T21:46:10.122+0000] {dag.py:4180} INFO - Setting next_dagrun for dataset_consumes_1 to None, run_after=None
[2026-07-18T21:46:10.125+0000] {logging_mixin.py:190} INFO - [2026-07-18T21:46:10.125+0000] {dag.py:4180} INFO - Setting next_dagrun for dataset_consumes_1_and_2 to None, run_after=None
[2026-07-18T21:46:10.129+0000] {logging_mixin.py:190} INFO - [2026-07-18T21:46:10.128+0000] {dag.py:4180} INFO - Setting next_dagrun for dataset_consumes_1_never_scheduled to None, run_after=None
[2026-07-18T21:46:10.132+0000] {logging_mixin.py:190} INFO - [2026-07-18T21:46:10.132+0000] {dag.py:4180} INFO - Setting next_dagrun for dataset_consumes_unknown_never_scheduled to None, run_after=None
[2026-07-18T21:46:10.138+0000] {logging_mixin.py:190} INFO - [2026-07-18T21:46:10.138+0000] {dag.py:4180} INFO - Setting next_dagrun for dataset_produces_1 to 2026-07-17 00:00:00+00:00, run_after=2026-07-18 00:00:00+00:00
[2026-07-18T21:46:10.142+0000] {logging_mixin.py:190} INFO - [2026-07-18T21:46:10.141+0000] {dag.py:4180} INFO - Setting next_dagrun for dataset_produces_2 to None, run_after=None
[2026-07-18T21:46:10.190+0000] {processor.py:208} INFO - Processing /home/airflow/.local/lib/python3.12/site-packages/airflow/example_dags/example_datasets.py took 0.924 seconds
[2026-07-18T21:46:40.264+0000] {processor.py:186} INFO - Started process (PID=2683) to work on /home/airflow/.local/lib/python3.12/site-packages/airflow/example_dags/example_datasets.py
[2026-07-18T21:46:40.267+0000] {processor.py:914} INFO - Processing file /home/airflow/.local/lib/python3.12/site-packages/airflow/example_dags/example_datasets.py for tasks to queue
[2026-07-18T21:46:40.271+0000] {logging_mixin.py:190} INFO - [2026-07-18T21:46:40.270+0000] {dagbag.py:588} INFO - Filling up the DagBag from /home/airflow/.local/lib/python3.12/site-packages/airflow/example_dags/example_datasets.py
[2026-07-18T21:46:41.027+0000] {processor.py:925} INFO - DAG(s) 'dataset_consumes_1', 'dataset_consumes_1_never_scheduled', 'dataset_produces_1', 'dataset_consumes_unknown_never_scheduled', 'consume_1_and_2_with_dataset_expressions', 'conditional_dataset_and_time_based_timetable', 'dataset_consumes_1_and_2', 'dataset_produces_2', 'consume_1_or_both_2_and_3_with_dataset_expressions', 'consume_1_or_2_with_dataset_expressions' retrieved from /home/airflow/.local/lib/python3.12/site-packages/airflow/example_dags/example_datasets.py
[2026-07-18T21:46:41.092+0000] {logging_mixin.py:190} INFO - [2026-07-18T21:46:41.092+0000] {dag.py:3239} INFO - Sync 10 DAGs
[2026-07-18T21:46:41.125+0000] {logging_mixin.py:190} INFO - [2026-07-18T21:46:41.125+0000] {dag.py:4180} INFO - Setting next_dagrun for conditional_dataset_and_time_based_timetable to 2026-07-15 01:00:00+00:00, run_after=2026-07-15 01:00:00+00:00
[2026-07-18T21:46:41.132+0000] {logging_mixin.py:190} INFO - [2026-07-18T21:46:41.131+0000] {dag.py:4180} INFO - Setting next_dagrun for consume_1_and_2_with_dataset_expressions to None, run_after=None
[2026-07-18T21:46:41.135+0000] {logging_mixin.py:190} INFO - [2026-07-18T21:46:41.135+0000] {dag.py:4180} INFO - Setting next_dagrun for consume_1_or_2_with_dataset_expressions to None, run_after=None
[2026-07-18T21:46:41.138+0000] {logging_mixin.py:190} INFO - [2026-07-18T21:46:41.138+0000] {dag.py:4180} INFO - Setting next_dagrun for consume_1_or_both_2_and_3_with_dataset_expressions to None, run_after=None
[2026-07-18T21:46:41.142+0000] {logging_mixin.py:190} INFO - [2026-07-18T21:46:41.141+0000] {dag.py:4180} INFO - Setting next_dagrun for dataset_consumes_1 to None, run_after=None
[2026-07-18T21:46:41.144+0000] {logging_mixin.py:190} INFO - [2026-07-18T21:46:41.144+0000] {dag.py:4180} INFO - Setting next_dagrun for dataset_consumes_1_and_2 to None, run_after=None
[2026-07-18T21:46:41.147+0000] {logging_mixin.py:190} INFO - [2026-07-18T21:46:41.147+0000] {dag.py:4180} INFO - Setting next_dagrun for dataset_consumes_1_never_scheduled to None, run_after=None
[2026-07-18T21:46:41.150+0000] {logging_mixin.py:190} INFO - [2026-07-18T21:46:41.150+0000] {dag.py:4180} INFO - Setting next_dagrun for dataset_consumes_unknown_never_scheduled to None, run_after=None
[2026-07-18T21:46:41.154+0000] {logging_mixin.py:190} INFO - [2026-07-18T21:46:41.154+0000] {dag.py:4180} INFO - Setting next_dagrun for dataset_produces_1 to 2026-07-17 00:00:00+00:00, run_after=2026-07-18 00:00:00+00:00
[2026-07-18T21:46:41.156+0000] {logging_mixin.py:190} INFO - [2026-07-18T21:46:41.156+0000] {dag.py:4180} INFO - Setting next_dagrun for dataset_produces_2 to None, run_after=None
[2026-07-18T21:46:41.257+0000] {processor.py:208} INFO - Processing /home/airflow/.local/lib/python3.12/site-packages/airflow/example_dags/example_datasets.py took 1.001 seconds
[2026-07-18T21:47:11.635+0000] {processor.py:186} INFO - Started process (PID=2747) to work on /home/airflow/.local/lib/python3.12/site-packages/airflow/example_dags/example_datasets.py
[2026-07-18T21:47:11.637+0000] {processor.py:914} INFO - Processing file /home/airflow/.local/lib/python3.12/site-packages/airflow/example_dags/example_datasets.py for tasks to queue
[2026-07-18T21:47:11.641+0000] {logging_mixin.py:190} INFO - [2026-07-18T21:47:11.641+0000] {dagbag.py:588} INFO - Filling up the DagBag from /home/airflow/.local/lib/python3.12/site-packages/airflow/example_dags/example_datasets.py
[2026-07-18T21:47:12.385+0000] {processor.py:925} INFO - DAG(s) 'dataset_produces_1', 'consume_1_and_2_with_dataset_expressions', 'consume_1_or_both_2_and_3_with_dataset_expressions', 'dataset_consumes_1_never_scheduled', 'dataset_consumes_1_and_2', 'dataset_consumes_1', 'dataset_produces_2', 'consume_1_or_2_with_dataset_expressions', 'conditional_dataset_and_time_based_timetable', 'dataset_consumes_unknown_never_scheduled' retrieved from /home/airflow/.local/lib/python3.12/site-packages/airflow/example_dags/example_datasets.py
[2026-07-18T21:47:12.438+0000] {logging_mixin.py:190} INFO - [2026-07-18T21:47:12.438+0000] {dag.py:3239} INFO - Sync 10 DAGs
[2026-07-18T21:47:12.470+0000] {logging_mixin.py:190} INFO - [2026-07-18T21:47:12.470+0000] {dag.py:4180} INFO - Setting next_dagrun for conditional_dataset_and_time_based_timetable to 2026-07-15 01:00:00+00:00, run_after=2026-07-15 01:00:00+00:00
[2026-07-18T21:47:12.476+0000] {logging_mixin.py:190} INFO - [2026-07-18T21:47:12.476+0000] {dag.py:4180} INFO - Setting next_dagrun for consume_1_and_2_with_dataset_expressions to None, run_after=None
[2026-07-18T21:47:12.480+0000] {logging_mixin.py:190} INFO - [2026-07-18T21:47:12.479+0000] {dag.py:4180} INFO - Setting next_dagrun for consume_1_or_2_with_dataset_expressions to None, run_after=None
[2026-07-18T21:47:12.483+0000] {logging_mixin.py:190} INFO - [2026-07-18T21:47:12.483+0000] {dag.py:4180} INFO - Setting next_dagrun for consume_1_or_both_2_and_3_with_dataset_expressions to None, run_after=None
[2026-07-18T21:47:12.486+0000] {logging_mixin.py:190} INFO - [2026-07-18T21:47:12.486+0000] {dag.py:4180} INFO - Setting next_dagrun for dataset_consumes_1 to None, run_after=None
[2026-07-18T21:47:12.490+0000] {logging_mixin.py:190} INFO - [2026-07-18T21:47:12.490+0000] {dag.py:4180} INFO - Setting next_dagrun for dataset_consumes_1_and_2 to None, run_after=None
[2026-07-18T21:47:12.493+0000] {logging_mixin.py:190} INFO - [2026-07-18T21:47:12.493+0000] {dag.py:4180} INFO - Setting next_dagrun for dataset_consumes_1_never_scheduled to None, run_after=None
[2026-07-18T21:47:12.497+0000] {logging_mixin.py:190} INFO - [2026-07-18T21:47:12.496+0000] {dag.py:4180} INFO - Setting next_dagrun for dataset_consumes_unknown_never_scheduled to None, run_after=None
[2026-07-18T21:47:12.501+0000] {logging_mixin.py:190} INFO - [2026-07-18T21:47:12.501+0000] {dag.py:4180} INFO - Setting next_dagrun for dataset_produces_1 to 2026-07-17 00:00:00+00:00, run_after=2026-07-18 00:00:00+00:00
[2026-07-18T21:47:12.505+0000] {logging_mixin.py:190} INFO - [2026-07-18T21:47:12.505+0000] {dag.py:4180} INFO - Setting next_dagrun for dataset_produces_2 to None, run_after=None
[2026-07-18T21:47:12.636+0000] {processor.py:208} INFO - Processing /home/airflow/.local/lib/python3.12/site-packages/airflow/example_dags/example_datasets.py took 1.008 seconds
[2026-07-18T21:47:42.710+0000] {processor.py:186} INFO - Started process (PID=2811) to work on /home/airflow/.local/lib/python3.12/site-packages/airflow/example_dags/example_datasets.py
[2026-07-18T21:47:42.713+0000] {processor.py:914} INFO - Processing file /home/airflow/.local/lib/python3.12/site-packages/airflow/example_dags/example_datasets.py for tasks to queue
[2026-07-18T21:47:42.718+0000] {logging_mixin.py:190} INFO - [2026-07-18T21:47:42.717+0000] {dagbag.py:588} INFO - Filling up the DagBag from /home/airflow/.local/lib/python3.12/site-packages/airflow/example_dags/example_datasets.py
[2026-07-18T21:47:43.449+0000] {processor.py:925} INFO - DAG(s) 'consume_1_or_2_with_dataset_expressions', 'consume_1_and_2_with_dataset_expressions', 'conditional_dataset_and_time_based_timetable', 'dataset_consumes_1_and_2', 'consume_1_or_both_2_and_3_with_dataset_expressions', 'dataset_consumes_1_never_scheduled', 'dataset_consumes_unknown_never_scheduled', 'dataset_consumes_1', 'dataset_produces_2', 'dataset_produces_1' retrieved from /home/airflow/.local/lib/python3.12/site-packages/airflow/example_dags/example_datasets.py
[2026-07-18T21:47:43.504+0000] {logging_mixin.py:190} INFO - [2026-07-18T21:47:43.504+0000] {dag.py:3239} INFO - Sync 10 DAGs
[2026-07-18T21:47:43.534+0000] {logging_mixin.py:190} INFO - [2026-07-18T21:47:43.534+0000] {dag.py:4180} INFO - Setting next_dagrun for conditional_dataset_and_time_based_timetable to 2026-07-15 01:00:00+00:00, run_after=2026-07-15 01:00:00+00:00
[2026-07-18T21:47:43.541+0000] {logging_mixin.py:190} INFO - [2026-07-18T21:47:43.541+0000] {dag.py:4180} INFO - Setting next_dagrun for consume_1_and_2_with_dataset_expressions to None, run_after=None
[2026-07-18T21:47:43.544+0000] {logging_mixin.py:190} INFO - [2026-07-18T21:47:43.544+0000] {dag.py:4180} INFO - Setting next_dagrun for consume_1_or_2_with_dataset_expressions to None, run_after=None
[2026-07-18T21:47:43.547+0000] {logging_mixin.py:190} INFO - [2026-07-18T21:47:43.547+0000] {dag.py:4180} INFO - Setting next_dagrun for consume_1_or_both_2_and_3_with_dataset_expressions to None, run_after=None
[2026-07-18T21:47:43.551+0000] {logging_mixin.py:190} INFO - [2026-07-18T21:47:43.550+0000] {dag.py:4180} INFO - Setting next_dagrun for dataset_consumes_1 to None, run_after=None
[2026-07-18T21:47:43.554+0000] {logging_mixin.py:190} INFO - [2026-07-18T21:47:43.553+0000] {dag.py:4180} INFO - Setting next_dagrun for dataset_consumes_1_and_2 to None, run_after=None
[2026-07-18T21:47:43.557+0000] {logging_mixin.py:190} INFO - [2026-07-18T21:47:43.557+0000] {dag.py:4180} INFO - Setting next_dagrun for dataset_consumes_1_never_scheduled to None, run_after=None
[2026-07-18T21:47:43.560+0000] {logging_mixin.py:190} INFO - [2026-07-18T21:47:43.559+0000] {dag.py:4180} INFO - Setting next_dagrun for dataset_consumes_unknown_never_scheduled to None, run_after=None
[2026-07-18T21:47:43.564+0000] {logging_mixin.py:190} INFO - [2026-07-18T21:47:43.564+0000] {dag.py:4180} INFO - Setting next_dagrun for dataset_produces_1 to 2026-07-17 00:00:00+00:00, run_after=2026-07-18 00:00:00+00:00
[2026-07-18T21:47:43.567+0000] {logging_mixin.py:190} INFO - [2026-07-18T21:47:43.567+0000] {dag.py:4180} INFO - Setting next_dagrun for dataset_produces_2 to None, run_after=None
[2026-07-18T21:47:43.638+0000] {processor.py:208} INFO - Processing /home/airflow/.local/lib/python3.12/site-packages/airflow/example_dags/example_datasets.py took 0.935 seconds
[2026-07-18T21:48:13.989+0000] {processor.py:186} INFO - Started process (PID=2875) to work on /home/airflow/.local/lib/python3.12/site-packages/airflow/example_dags/example_datasets.py
[2026-07-18T21:48:13.993+0000] {processor.py:914} INFO - Processing file /home/airflow/.local/lib/python3.12/site-packages/airflow/example_dags/example_datasets.py for tasks to queue
[2026-07-18T21:48:13.999+0000] {logging_mixin.py:190} INFO - [2026-07-18T21:48:13.998+0000] {dagbag.py:588} INFO - Filling up the DagBag from /home/airflow/.local/lib/python3.12/site-packages/airflow/example_dags/example_datasets.py
[2026-07-18T21:48:14.891+0000] {processor.py:925} INFO - DAG(s) 'consume_1_or_both_2_and_3_with_dataset_expressions', 'dataset_consumes_1_and_2', 'dataset_consumes_1', 'dataset_produces_2', 'conditional_dataset_and_time_based_timetable', 'consume_1_and_2_with_dataset_expressions', 'consume_1_or_2_with_dataset_expressions', 'dataset_consumes_1_never_scheduled', 'dataset_produces_1', 'dataset_consumes_unknown_never_scheduled' retrieved from /home/airflow/.local/lib/python3.12/site-packages/airflow/example_dags/example_datasets.py
[2026-07-18T21:48:15.013+0000] {logging_mixin.py:190} INFO - [2026-07-18T21:48:15.012+0000] {dag.py:3239} INFO - Sync 10 DAGs
[2026-07-18T21:48:15.067+0000] {logging_mixin.py:190} INFO - [2026-07-18T21:48:15.067+0000] {dag.py:4180} INFO - Setting next_dagrun for conditional_dataset_and_time_based_timetable to 2026-07-15 01:00:00+00:00, run_after=2026-07-15 01:00:00+00:00
[2026-07-18T21:48:15.076+0000] {logging_mixin.py:190} INFO - [2026-07-18T21:48:15.076+0000] {dag.py:4180} INFO - Setting next_dagrun for consume_1_and_2_with_dataset_expressions to None, run_after=None
[2026-07-18T21:48:15.080+0000] {logging_mixin.py:190} INFO - [2026-07-18T21:48:15.079+0000] {dag.py:4180} INFO - Setting next_dagrun for consume_1_or_2_with_dataset_expressions to None, run_after=None
[2026-07-18T21:48:15.082+0000] {logging_mixin.py:190} INFO - [2026-07-18T21:48:15.082+0000] {dag.py:4180} INFO - Setting next_dagrun for consume_1_or_both_2_and_3_with_dataset_expressions to None, run_after=None
[2026-07-18T21:48:15.086+0000] {logging_mixin.py:190} INFO - [2026-07-18T21:48:15.085+0000] {dag.py:4180} INFO - Setting next_dagrun for dataset_consumes_1 to None, run_after=None
[2026-07-18T21:48:15.089+0000] {logging_mixin.py:190} INFO - [2026-07-18T21:48:15.089+0000] {dag.py:4180} INFO - Setting next_dagrun for dataset_consumes_1_and_2 to None, run_after=None
[2026-07-18T21:48:15.093+0000] {logging_mixin.py:190} INFO - [2026-07-18T21:48:15.092+0000] {dag.py:4180} INFO - Setting next_dagrun for dataset_consumes_1_never_scheduled to None, run_after=None
[2026-07-18T21:48:15.096+0000] {logging_mixin.py:190} INFO - [2026-07-18T21:48:15.096+0000] {dag.py:4180} INFO - Setting next_dagrun for dataset_consumes_unknown_never_scheduled to None, run_after=None
[2026-07-18T21:48:15.102+0000] {logging_mixin.py:190} INFO - [2026-07-18T21:48:15.101+0000] {dag.py:4180} INFO - Setting next_dagrun for dataset_produces_1 to 2026-07-17 00:00:00+00:00, run_after=2026-07-18 00:00:00+00:00
[2026-07-18T21:48:15.106+0000] {logging_mixin.py:190} INFO - [2026-07-18T21:48:15.105+0000] {dag.py:4180} INFO - Setting next_dagrun for dataset_produces_2 to None, run_after=None
[2026-07-18T21:48:15.163+0000] {processor.py:208} INFO - Processing /home/airflow/.local/lib/python3.12/site-packages/airflow/example_dags/example_datasets.py took 1.182 seconds
[2026-07-18T21:48:45.826+0000] {processor.py:186} INFO - Started process (PID=2939) to work on /home/airflow/.local/lib/python3.12/site-packages/airflow/example_dags/example_datasets.py
[2026-07-18T21:48:45.828+0000] {processor.py:914} INFO - Processing file /home/airflow/.local/lib/python3.12/site-packages/airflow/example_dags/example_datasets.py for tasks to queue
[2026-07-18T21:48:45.832+0000] {logging_mixin.py:190} INFO - [2026-07-18T21:48:45.832+0000] {dagbag.py:588} INFO - Filling up the DagBag from /home/airflow/.local/lib/python3.12/site-packages/airflow/example_dags/example_datasets.py
[2026-07-18T21:48:46.679+0000] {processor.py:925} INFO - DAG(s) 'dataset_produces_1', 'conditional_dataset_and_time_based_timetable', 'dataset_consumes_unknown_never_scheduled', 'consume_1_or_2_with_dataset_expressions', 'dataset_consumes_1_and_2', 'consume_1_or_both_2_and_3_with_dataset_expressions', 'dataset_consumes_1_never_scheduled', 'dataset_consumes_1', 'dataset_produces_2', 'consume_1_and_2_with_dataset_expressions' retrieved from /home/airflow/.local/lib/python3.12/site-packages/airflow/example_dags/example_datasets.py
[2026-07-18T21:48:46.742+0000] {logging_mixin.py:190} INFO - [2026-07-18T21:48:46.742+0000] {dag.py:3239} INFO - Sync 10 DAGs
[2026-07-18T21:48:46.783+0000] {logging_mixin.py:190} INFO - [2026-07-18T21:48:46.783+0000] {dag.py:4180} INFO - Setting next_dagrun for conditional_dataset_and_time_based_timetable to 2026-07-15 01:00:00+00:00, run_after=2026-07-15 01:00:00+00:00
[2026-07-18T21:48:46.790+0000] {logging_mixin.py:190} INFO - [2026-07-18T21:48:46.790+0000] {dag.py:4180} INFO - Setting next_dagrun for consume_1_and_2_with_dataset_expressions to None, run_after=None
[2026-07-18T21:48:46.794+0000] {logging_mixin.py:190} INFO - [2026-07-18T21:48:46.794+0000] {dag.py:4180} INFO - Setting next_dagrun for consume_1_or_2_with_dataset_expressions to None, run_after=None
[2026-07-18T21:48:46.797+0000] {logging_mixin.py:190} INFO - [2026-07-18T21:48:46.797+0000] {dag.py:4180} INFO - Setting next_dagrun for consume_1_or_both_2_and_3_with_dataset_expressions to None, run_after=None
[2026-07-18T21:48:46.800+0000] {logging_mixin.py:190} INFO - [2026-07-18T21:48:46.800+0000] {dag.py:4180} INFO - Setting next_dagrun for dataset_consumes_1 to None, run_after=None
[2026-07-18T21:48:46.803+0000] {logging_mixin.py:190} INFO - [2026-07-18T21:48:46.803+0000] {dag.py:4180} INFO - Setting next_dagrun for dataset_consumes_1_and_2 to None, run_after=None
[2026-07-18T21:48:46.806+0000] {logging_mixin.py:190} INFO - [2026-07-18T21:48:46.806+0000] {dag.py:4180} INFO - Setting next_dagrun for dataset_consumes_1_never_scheduled to None, run_after=None
[2026-07-18T21:48:46.810+0000] {logging_mixin.py:190} INFO - [2026-07-18T21:48:46.810+0000] {dag.py:4180} INFO - Setting next_dagrun for dataset_consumes_unknown_never_scheduled to None, run_after=None
[2026-07-18T21:48:46.815+0000] {logging_mixin.py:190} INFO - [2026-07-18T21:48:46.814+0000] {dag.py:4180} INFO - Setting next_dagrun for dataset_produces_1 to 2026-07-17 00:00:00+00:00, run_after=2026-07-18 00:00:00+00:00
[2026-07-18T21:48:46.819+0000] {logging_mixin.py:190} INFO - [2026-07-18T21:48:46.819+0000] {dag.py:4180} INFO - Setting next_dagrun for dataset_produces_2 to None, run_after=None
[2026-07-18T21:48:46.873+0000] {processor.py:208} INFO - Processing /home/airflow/.local/lib/python3.12/site-packages/airflow/example_dags/example_datasets.py took 1.057 seconds
[2026-07-18T21:49:17.311+0000] {processor.py:186} INFO - Started process (PID=3003) to work on /home/airflow/.local/lib/python3.12/site-packages/airflow/example_dags/example_datasets.py
[2026-07-18T21:49:17.314+0000] {processor.py:914} INFO - Processing file /home/airflow/.local/lib/python3.12/site-packages/airflow/example_dags/example_datasets.py for tasks to queue
[2026-07-18T21:49:17.320+0000] {logging_mixin.py:190} INFO - [2026-07-18T21:49:17.319+0000] {dagbag.py:588} INFO - Filling up the DagBag from /home/airflow/.local/lib/python3.12/site-packages/airflow/example_dags/example_datasets.py
[2026-07-18T21:49:18.071+0000] {processor.py:925} INFO - DAG(s) 'dataset_consumes_1_and_2', 'dataset_consumes_unknown_never_scheduled', 'consume_1_or_both_2_and_3_with_dataset_expressions', 'dataset_produces_1', 'consume_1_and_2_with_dataset_expressions', 'dataset_produces_2', 'conditional_dataset_and_time_based_timetable', 'dataset_consumes_1_never_scheduled', 'consume_1_or_2_with_dataset_expressions', 'dataset_consumes_1' retrieved from /home/airflow/.local/lib/python3.12/site-packages/airflow/example_dags/example_datasets.py
[2026-07-18T21:49:18.139+0000] {logging_mixin.py:190} INFO - [2026-07-18T21:49:18.139+0000] {dag.py:3239} INFO - Sync 10 DAGs
[2026-07-18T21:49:18.186+0000] {logging_mixin.py:190} INFO - [2026-07-18T21:49:18.186+0000] {dag.py:4180} INFO - Setting next_dagrun for conditional_dataset_and_time_based_timetable to 2026-07-15 01:00:00+00:00, run_after=2026-07-15 01:00:00+00:00
[2026-07-18T21:49:18.193+0000] {logging_mixin.py:190} INFO - [2026-07-18T21:49:18.193+0000] {dag.py:4180} INFO - Setting next_dagrun for consume_1_and_2_with_dataset_expressions to None, run_after=None
[2026-07-18T21:49:18.198+0000] {logging_mixin.py:190} INFO - [2026-07-18T21:49:18.197+0000] {dag.py:4180} INFO - Setting next_dagrun for consume_1_or_2_with_dataset_expressions to None, run_after=None
[2026-07-18T21:49:18.201+0000] {logging_mixin.py:190} INFO - [2026-07-18T21:49:18.201+0000] {dag.py:4180} INFO - Setting next_dagrun for consume_1_or_both_2_and_3_with_dataset_expressions to None, run_after=None
[2026-07-18T21:49:18.205+0000] {logging_mixin.py:190} INFO - [2026-07-18T21:49:18.205+0000] {dag.py:4180} INFO - Setting next_dagrun for dataset_consumes_1 to None, run_after=None
[2026-07-18T21:49:18.209+0000] {logging_mixin.py:190} INFO - [2026-07-18T21:49:18.209+0000] {dag.py:4180} INFO - Setting next_dagrun for dataset_consumes_1_and_2 to None, run_after=None
[2026-07-18T21:49:18.212+0000] {logging_mixin.py:190} INFO - [2026-07-18T21:49:18.212+0000] {dag.py:4180} INFO - Setting next_dagrun for dataset_consumes_1_never_scheduled to None, run_after=None
[2026-07-18T21:49:18.216+0000] {logging_mixin.py:190} INFO - [2026-07-18T21:49:18.216+0000] {dag.py:4180} INFO - Setting next_dagrun for dataset_consumes_unknown_never_scheduled to None, run_after=None
[2026-07-18T21:49:18.222+0000] {logging_mixin.py:190} INFO - [2026-07-18T21:49:18.221+0000] {dag.py:4180} INFO - Setting next_dagrun for dataset_produces_1 to 2026-07-17 00:00:00+00:00, run_after=2026-07-18 00:00:00+00:00
[2026-07-18T21:49:18.226+0000] {logging_mixin.py:190} INFO - [2026-07-18T21:49:18.225+0000] {dag.py:4180} INFO - Setting next_dagrun for dataset_produces_2 to None, run_after=None
[2026-07-18T21:49:18.273+0000] {processor.py:208} INFO - Processing /home/airflow/.local/lib/python3.12/site-packages/airflow/example_dags/example_datasets.py took 0.975 seconds
[2026-07-18T22:00:43.312+0000] {processor.py:186} INFO - Started process (PID=3048) to work on /home/airflow/.local/lib/python3.12/site-packages/airflow/example_dags/example_datasets.py
[2026-07-18T22:00:43.316+0000] {processor.py:914} INFO - Processing file /home/airflow/.local/lib/python3.12/site-packages/airflow/example_dags/example_datasets.py for tasks to queue
[2026-07-18T22:00:43.321+0000] {logging_mixin.py:190} INFO - [2026-07-18T22:00:43.319+0000] {dagbag.py:588} INFO - Filling up the DagBag from /home/airflow/.local/lib/python3.12/site-packages/airflow/example_dags/example_datasets.py
[2026-07-18T22:00:44.979+0000] {processor.py:925} INFO - DAG(s) 'consume_1_or_both_2_and_3_with_dataset_expressions', 'dataset_consumes_1_never_scheduled', 'dataset_consumes_unknown_never_scheduled', 'dataset_produces_1', 'dataset_produces_2', 'dataset_consumes_1', 'consume_1_or_2_with_dataset_expressions', 'consume_1_and_2_with_dataset_expressions', 'conditional_dataset_and_time_based_timetable', 'dataset_consumes_1_and_2' retrieved from /home/airflow/.local/lib/python3.12/site-packages/airflow/example_dags/example_datasets.py
[2026-07-18T22:00:45.164+0000] {logging_mixin.py:190} INFO - [2026-07-18T22:00:45.164+0000] {dag.py:3239} INFO - Sync 10 DAGs
[2026-07-18T22:00:45.260+0000] {logging_mixin.py:190} INFO - [2026-07-18T22:00:45.260+0000] {dag.py:4180} INFO - Setting next_dagrun for conditional_dataset_and_time_based_timetable to 2026-07-15 01:00:00+00:00, run_after=2026-07-15 01:00:00+00:00
[2026-07-18T22:00:45.280+0000] {logging_mixin.py:190} INFO - [2026-07-18T22:00:45.273+0000] {dag.py:4180} INFO - Setting next_dagrun for consume_1_and_2_with_dataset_expressions to None, run_after=None
[2026-07-18T22:00:45.285+0000] {logging_mixin.py:190} INFO - [2026-07-18T22:00:45.284+0000] {dag.py:4180} INFO - Setting next_dagrun for consume_1_or_2_with_dataset_expressions to None, run_after=None
[2026-07-18T22:00:45.290+0000] {logging_mixin.py:190} INFO - [2026-07-18T22:00:45.289+0000] {dag.py:4180} INFO - Setting next_dagrun for consume_1_or_both_2_and_3_with_dataset_expressions to None, run_after=None
[2026-07-18T22:00:45.295+0000] {logging_mixin.py:190} INFO - [2026-07-18T22:00:45.295+0000] {dag.py:4180} INFO - Setting next_dagrun for dataset_consumes_1 to None, run_after=None
[2026-07-18T22:00:45.300+0000] {logging_mixin.py:190} INFO - [2026-07-18T22:00:45.299+0000] {dag.py:4180} INFO - Setting next_dagrun for dataset_consumes_1_and_2 to None, run_after=None
[2026-07-18T22:00:45.306+0000] {logging_mixin.py:190} INFO - [2026-07-18T22:00:45.306+0000] {dag.py:4180} INFO - Setting next_dagrun for dataset_consumes_1_never_scheduled to None, run_after=None
[2026-07-18T22:00:45.311+0000] {logging_mixin.py:190} INFO - [2026-07-18T22:00:45.310+0000] {dag.py:4180} INFO - Setting next_dagrun for dataset_consumes_unknown_never_scheduled to None, run_after=None
[2026-07-18T22:00:45.318+0000] {logging_mixin.py:190} INFO - [2026-07-18T22:00:45.318+0000] {dag.py:4180} INFO - Setting next_dagrun for dataset_produces_1 to 2026-07-17 00:00:00+00:00, run_after=2026-07-18 00:00:00+00:00
[2026-07-18T22:00:45.325+0000] {logging_mixin.py:190} INFO - [2026-07-18T22:00:45.325+0000] {dag.py:4180} INFO - Setting next_dagrun for dataset_produces_2 to None, run_after=None
[2026-07-18T22:00:45.467+0000] {processor.py:208} INFO - Processing /home/airflow/.local/lib/python3.12/site-packages/airflow/example_dags/example_datasets.py took 2.184 seconds
[2026-07-18T22:01:15.622+0000] {processor.py:186} INFO - Started process (PID=3114) to work on /home/airflow/.local/lib/python3.12/site-packages/airflow/example_dags/example_datasets.py
[2026-07-18T22:01:15.624+0000] {processor.py:914} INFO - Processing file /home/airflow/.local/lib/python3.12/site-packages/airflow/example_dags/example_datasets.py for tasks to queue
[2026-07-18T22:01:15.628+0000] {logging_mixin.py:190} INFO - [2026-07-18T22:01:15.627+0000] {dagbag.py:588} INFO - Filling up the DagBag from /home/airflow/.local/lib/python3.12/site-packages/airflow/example_dags/example_datasets.py
[2026-07-18T22:01:16.507+0000] {processor.py:925} INFO - DAG(s) 'dataset_consumes_1_and_2', 'dataset_consumes_1', 'consume_1_and_2_with_dataset_expressions', 'consume_1_or_2_with_dataset_expressions', 'dataset_consumes_unknown_never_scheduled', 'dataset_produces_2', 'dataset_consumes_1_never_scheduled', 'dataset_produces_1', 'consume_1_or_both_2_and_3_with_dataset_expressions', 'conditional_dataset_and_time_based_timetable' retrieved from /home/airflow/.local/lib/python3.12/site-packages/airflow/example_dags/example_datasets.py
[2026-07-18T22:01:16.599+0000] {logging_mixin.py:190} INFO - [2026-07-18T22:01:16.598+0000] {dag.py:3239} INFO - Sync 10 DAGs
[2026-07-18T22:01:16.681+0000] {logging_mixin.py:190} INFO - [2026-07-18T22:01:16.680+0000] {dag.py:4180} INFO - Setting next_dagrun for conditional_dataset_and_time_based_timetable to 2026-07-15 01:00:00+00:00, run_after=2026-07-15 01:00:00+00:00
[2026-07-18T22:01:16.691+0000] {logging_mixin.py:190} INFO - [2026-07-18T22:01:16.690+0000] {dag.py:4180} INFO - Setting next_dagrun for consume_1_and_2_with_dataset_expressions to None, run_after=None
[2026-07-18T22:01:16.696+0000] {logging_mixin.py:190} INFO - [2026-07-18T22:01:16.695+0000] {dag.py:4180} INFO - Setting next_dagrun for consume_1_or_2_with_dataset_expressions to None, run_after=None
[2026-07-18T22:01:16.701+0000] {logging_mixin.py:190} INFO - [2026-07-18T22:01:16.700+0000] {dag.py:4180} INFO - Setting next_dagrun for consume_1_or_both_2_and_3_with_dataset_expressions to None, run_after=None
[2026-07-18T22:01:16.705+0000] {logging_mixin.py:190} INFO - [2026-07-18T22:01:16.704+0000] {dag.py:4180} INFO - Setting next_dagrun for dataset_consumes_1 to None, run_after=None
[2026-07-18T22:01:16.709+0000] {logging_mixin.py:190} INFO - [2026-07-18T22:01:16.709+0000] {dag.py:4180} INFO - Setting next_dagrun for dataset_consumes_1_and_2 to None, run_after=None
[2026-07-18T22:01:16.714+0000] {logging_mixin.py:190} INFO - [2026-07-18T22:01:16.714+0000] {dag.py:4180} INFO - Setting next_dagrun for dataset_consumes_1_never_scheduled to None, run_after=None
[2026-07-18T22:01:16.718+0000] {logging_mixin.py:190} INFO - [2026-07-18T22:01:16.718+0000] {dag.py:4180} INFO - Setting next_dagrun for dataset_consumes_unknown_never_scheduled to None, run_after=None
[2026-07-18T22:01:16.723+0000] {logging_mixin.py:190} INFO - [2026-07-18T22:01:16.723+0000] {dag.py:4180} INFO - Setting next_dagrun for dataset_produces_1 to 2026-07-17 00:00:00+00:00, run_after=2026-07-18 00:00:00+00:00
[2026-07-18T22:01:16.727+0000] {logging_mixin.py:190} INFO - [2026-07-18T22:01:16.727+0000] {dag.py:4180} INFO - Setting next_dagrun for dataset_produces_2 to None, run_after=None
[2026-07-18T22:01:16.814+0000] {processor.py:208} INFO - Processing /home/airflow/.local/lib/python3.12/site-packages/airflow/example_dags/example_datasets.py took 1.199 seconds
[2026-07-18T22:01:47.100+0000] {processor.py:186} INFO - Started process (PID=3180) to work on /home/airflow/.local/lib/python3.12/site-packages/airflow/example_dags/example_datasets.py
[2026-07-18T22:01:47.102+0000] {processor.py:914} INFO - Processing file /home/airflow/.local/lib/python3.12/site-packages/airflow/example_dags/example_datasets.py for tasks to queue
[2026-07-18T22:01:47.106+0000] {logging_mixin.py:190} INFO - [2026-07-18T22:01:47.105+0000] {dagbag.py:588} INFO - Filling up the DagBag from /home/airflow/.local/lib/python3.12/site-packages/airflow/example_dags/example_datasets.py
[2026-07-18T22:01:48.206+0000] {processor.py:925} INFO - DAG(s) 'dataset_consumes_unknown_never_scheduled', 'dataset_produces_1', 'dataset_consumes_1_never_scheduled', 'dataset_consumes_1_and_2', 'consume_1_and_2_with_dataset_expressions', 'dataset_produces_2', 'conditional_dataset_and_time_based_timetable', 'consume_1_or_2_with_dataset_expressions', 'dataset_consumes_1', 'consume_1_or_both_2_and_3_with_dataset_expressions' retrieved from /home/airflow/.local/lib/python3.12/site-packages/airflow/example_dags/example_datasets.py
[2026-07-18T22:01:48.272+0000] {logging_mixin.py:190} INFO - [2026-07-18T22:01:48.272+0000] {dag.py:3239} INFO - Sync 10 DAGs
[2026-07-18T22:01:48.309+0000] {logging_mixin.py:190} INFO - [2026-07-18T22:01:48.309+0000] {dag.py:4180} INFO - Setting next_dagrun for conditional_dataset_and_time_based_timetable to 2026-07-15 01:00:00+00:00, run_after=2026-07-15 01:00:00+00:00
[2026-07-18T22:01:48.318+0000] {logging_mixin.py:190} INFO - [2026-07-18T22:01:48.318+0000] {dag.py:4180} INFO - Setting next_dagrun for consume_1_and_2_with_dataset_expressions to None, run_after=None
[2026-07-18T22:01:48.326+0000] {logging_mixin.py:190} INFO - [2026-07-18T22:01:48.325+0000] {dag.py:4180} INFO - Setting next_dagrun for consume_1_or_2_with_dataset_expressions to None, run_after=None
[2026-07-18T22:01:48.330+0000] {logging_mixin.py:190} INFO - [2026-07-18T22:01:48.330+0000] {dag.py:4180} INFO - Setting next_dagrun for consume_1_or_both_2_and_3_with_dataset_expressions to None, run_after=None
[2026-07-18T22:01:48.334+0000] {logging_mixin.py:190} INFO - [2026-07-18T22:01:48.334+0000] {dag.py:4180} INFO - Setting next_dagrun for dataset_consumes_1 to None, run_after=None
[2026-07-18T22:01:48.338+0000] {logging_mixin.py:190} INFO - [2026-07-18T22:01:48.338+0000] {dag.py:4180} INFO - Setting next_dagrun for dataset_consumes_1_and_2 to None, run_after=None
[2026-07-18T22:01:48.341+0000] {logging_mixin.py:190} INFO - [2026-07-18T22:01:48.341+0000] {dag.py:4180} INFO - Setting next_dagrun for dataset_consumes_1_never_scheduled to None, run_after=None
[2026-07-18T22:01:48.345+0000] {logging_mixin.py:190} INFO - [2026-07-18T22:01:48.345+0000] {dag.py:4180} INFO - Setting next_dagrun for dataset_consumes_unknown_never_scheduled to None, run_after=None
[2026-07-18T22:01:48.351+0000] {logging_mixin.py:190} INFO - [2026-07-18T22:01:48.351+0000] {dag.py:4180} INFO - Setting next_dagrun for dataset_produces_1 to 2026-07-17 00:00:00+00:00, run_after=2026-07-18 00:00:00+00:00
[2026-07-18T22:01:48.355+0000] {logging_mixin.py:190} INFO - [2026-07-18T22:01:48.355+0000] {dag.py:4180} INFO - Setting next_dagrun for dataset_produces_2 to None, run_after=None
[2026-07-18T22:01:48.426+0000] {processor.py:208} INFO - Processing /home/airflow/.local/lib/python3.12/site-packages/airflow/example_dags/example_datasets.py took 1.333 seconds
[2026-07-18T22:02:18.619+0000] {processor.py:186} INFO - Started process (PID=3244) to work on /home/airflow/.local/lib/python3.12/site-packages/airflow/example_dags/example_datasets.py
[2026-07-18T22:02:18.622+0000] {processor.py:914} INFO - Processing file /home/airflow/.local/lib/python3.12/site-packages/airflow/example_dags/example_datasets.py for tasks to queue
[2026-07-18T22:02:18.627+0000] {logging_mixin.py:190} INFO - [2026-07-18T22:02:18.626+0000] {dagbag.py:588} INFO - Filling up the DagBag from /home/airflow/.local/lib/python3.12/site-packages/airflow/example_dags/example_datasets.py
[2026-07-18T22:02:19.558+0000] {processor.py:925} INFO - DAG(s) 'consume_1_and_2_with_dataset_expressions', 'consume_1_or_2_with_dataset_expressions', 'dataset_produces_1', 'dataset_produces_2', 'dataset_consumes_1_never_scheduled', 'dataset_consumes_1_and_2', 'dataset_consumes_1', 'dataset_consumes_unknown_never_scheduled', 'consume_1_or_both_2_and_3_with_dataset_expressions', 'conditional_dataset_and_time_based_timetable' retrieved from /home/airflow/.local/lib/python3.12/site-packages/airflow/example_dags/example_datasets.py
[2026-07-18T22:02:19.667+0000] {logging_mixin.py:190} INFO - [2026-07-18T22:02:19.667+0000] {dag.py:3239} INFO - Sync 10 DAGs
[2026-07-18T22:02:19.716+0000] {logging_mixin.py:190} INFO - [2026-07-18T22:02:19.716+0000] {dag.py:4180} INFO - Setting next_dagrun for conditional_dataset_and_time_based_timetable to 2026-07-15 01:00:00+00:00, run_after=2026-07-15 01:00:00+00:00
[2026-07-18T22:02:19.724+0000] {logging_mixin.py:190} INFO - [2026-07-18T22:02:19.724+0000] {dag.py:4180} INFO - Setting next_dagrun for consume_1_and_2_with_dataset_expressions to None, run_after=None
[2026-07-18T22:02:19.728+0000] {logging_mixin.py:190} INFO - [2026-07-18T22:02:19.727+0000] {dag.py:4180} INFO - Setting next_dagrun for consume_1_or_2_with_dataset_expressions to None, run_after=None
[2026-07-18T22:02:19.731+0000] {logging_mixin.py:190} INFO - [2026-07-18T22:02:19.731+0000] {dag.py:4180} INFO - Setting next_dagrun for consume_1_or_both_2_and_3_with_dataset_expressions to None, run_after=None
[2026-07-18T22:02:19.735+0000] {logging_mixin.py:190} INFO - [2026-07-18T22:02:19.734+0000] {dag.py:4180} INFO - Setting next_dagrun for dataset_consumes_1 to None, run_after=None
[2026-07-18T22:02:19.738+0000] {logging_mixin.py:190} INFO - [2026-07-18T22:02:19.738+0000] {dag.py:4180} INFO - Setting next_dagrun for dataset_consumes_1_and_2 to None, run_after=None
[2026-07-18T22:02:19.742+0000] {logging_mixin.py:190} INFO - [2026-07-18T22:02:19.741+0000] {dag.py:4180} INFO - Setting next_dagrun for dataset_consumes_1_never_scheduled to None, run_after=None
[2026-07-18T22:02:19.745+0000] {logging_mixin.py:190} INFO - [2026-07-18T22:02:19.745+0000] {dag.py:4180} INFO - Setting next_dagrun for dataset_consumes_unknown_never_scheduled to None, run_after=None
[2026-07-18T22:02:19.751+0000] {logging_mixin.py:190} INFO - [2026-07-18T22:02:19.750+0000] {dag.py:4180} INFO - Setting next_dagrun for dataset_produces_1 to 2026-07-17 00:00:00+00:00, run_after=2026-07-18 00:00:00+00:00
[2026-07-18T22:02:19.764+0000] {logging_mixin.py:190} INFO - [2026-07-18T22:02:19.763+0000] {dag.py:4180} INFO - Setting next_dagrun for dataset_produces_2 to None, run_after=None
[2026-07-18T22:02:19.929+0000] {processor.py:208} INFO - Processing /home/airflow/.local/lib/python3.12/site-packages/airflow/example_dags/example_datasets.py took 1.324 seconds
[2026-07-18T22:02:50.339+0000] {processor.py:186} INFO - Started process (PID=3308) to work on /home/airflow/.local/lib/python3.12/site-packages/airflow/example_dags/example_datasets.py
[2026-07-18T22:02:50.342+0000] {processor.py:914} INFO - Processing file /home/airflow/.local/lib/python3.12/site-packages/airflow/example_dags/example_datasets.py for tasks to queue
[2026-07-18T22:02:50.348+0000] {logging_mixin.py:190} INFO - [2026-07-18T22:02:50.346+0000] {dagbag.py:588} INFO - Filling up the DagBag from /home/airflow/.local/lib/python3.12/site-packages/airflow/example_dags/example_datasets.py
[2026-07-18T22:02:51.170+0000] {processor.py:925} INFO - DAG(s) 'consume_1_or_both_2_and_3_with_dataset_expressions', 'dataset_produces_1', 'consume_1_and_2_with_dataset_expressions', 'dataset_consumes_1', 'dataset_produces_2', 'consume_1_or_2_with_dataset_expressions', 'conditional_dataset_and_time_based_timetable', 'dataset_consumes_1_and_2', 'dataset_consumes_unknown_never_scheduled', 'dataset_consumes_1_never_scheduled' retrieved from /home/airflow/.local/lib/python3.12/site-packages/airflow/example_dags/example_datasets.py
[2026-07-18T22:02:51.229+0000] {logging_mixin.py:190} INFO - [2026-07-18T22:02:51.229+0000] {dag.py:3239} INFO - Sync 10 DAGs
[2026-07-18T22:02:51.261+0000] {logging_mixin.py:190} INFO - [2026-07-18T22:02:51.261+0000] {dag.py:4180} INFO - Setting next_dagrun for conditional_dataset_and_time_based_timetable to 2026-07-15 01:00:00+00:00, run_after=2026-07-15 01:00:00+00:00
[2026-07-18T22:02:51.269+0000] {logging_mixin.py:190} INFO - [2026-07-18T22:02:51.268+0000] {dag.py:4180} INFO - Setting next_dagrun for consume_1_and_2_with_dataset_expressions to None, run_after=None
[2026-07-18T22:02:51.273+0000] {logging_mixin.py:190} INFO - [2026-07-18T22:02:51.273+0000] {dag.py:4180} INFO - Setting next_dagrun for consume_1_or_2_with_dataset_expressions to None, run_after=None
[2026-07-18T22:02:51.277+0000] {logging_mixin.py:190} INFO - [2026-07-18T22:02:51.277+0000] {dag.py:4180} INFO - Setting next_dagrun for consume_1_or_both_2_and_3_with_dataset_expressions to None, run_after=None
[2026-07-18T22:02:51.281+0000] {logging_mixin.py:190} INFO - [2026-07-18T22:02:51.281+0000] {dag.py:4180} INFO - Setting next_dagrun for dataset_consumes_1 to None, run_after=None
[2026-07-18T22:02:51.286+0000] {logging_mixin.py:190} INFO - [2026-07-18T22:02:51.285+0000] {dag.py:4180} INFO - Setting next_dagrun for dataset_consumes_1_and_2 to None, run_after=None
[2026-07-18T22:02:51.291+0000] {logging_mixin.py:190} INFO - [2026-07-18T22:02:51.290+0000] {dag.py:4180} INFO - Setting next_dagrun for dataset_consumes_1_never_scheduled to None, run_after=None
[2026-07-18T22:02:51.294+0000] {logging_mixin.py:190} INFO - [2026-07-18T22:02:51.294+0000] {dag.py:4180} INFO - Setting next_dagrun for dataset_consumes_unknown_never_scheduled to None, run_after=None
[2026-07-18T22:02:51.301+0000] {logging_mixin.py:190} INFO - [2026-07-18T22:02:51.301+0000] {dag.py:4180} INFO - Setting next_dagrun for dataset_produces_1 to 2026-07-17 00:00:00+00:00, run_after=2026-07-18 00:00:00+00:00
[2026-07-18T22:02:51.309+0000] {logging_mixin.py:190} INFO - [2026-07-18T22:02:51.308+0000] {dag.py:4180} INFO - Setting next_dagrun for dataset_produces_2 to None, run_after=None
[2026-07-18T22:02:51.392+0000] {processor.py:208} INFO - Processing /home/airflow/.local/lib/python3.12/site-packages/airflow/example_dags/example_datasets.py took 1.072 seconds
[2026-07-18T22:03:21.593+0000] {processor.py:186} INFO - Started process (PID=3372) to work on /home/airflow/.local/lib/python3.12/site-packages/airflow/example_dags/example_datasets.py
[2026-07-18T22:03:21.595+0000] {processor.py:914} INFO - Processing file /home/airflow/.local/lib/python3.12/site-packages/airflow/example_dags/example_datasets.py for tasks to queue
[2026-07-18T22:03:21.598+0000] {logging_mixin.py:190} INFO - [2026-07-18T22:03:21.597+0000] {dagbag.py:588} INFO - Filling up the DagBag from /home/airflow/.local/lib/python3.12/site-packages/airflow/example_dags/example_datasets.py
[2026-07-18T22:03:22.434+0000] {processor.py:925} INFO - DAG(s) 'consume_1_or_2_with_dataset_expressions', 'dataset_consumes_unknown_never_scheduled', 'consume_1_and_2_with_dataset_expressions', 'dataset_consumes_1', 'consume_1_or_both_2_and_3_with_dataset_expressions', 'dataset_consumes_1_and_2', 'conditional_dataset_and_time_based_timetable', 'dataset_produces_1', 'dataset_produces_2', 'dataset_consumes_1_never_scheduled' retrieved from /home/airflow/.local/lib/python3.12/site-packages/airflow/example_dags/example_datasets.py
[2026-07-18T22:03:22.498+0000] {logging_mixin.py:190} INFO - [2026-07-18T22:03:22.498+0000] {dag.py:3239} INFO - Sync 10 DAGs
[2026-07-18T22:03:22.537+0000] {logging_mixin.py:190} INFO - [2026-07-18T22:03:22.537+0000] {dag.py:4180} INFO - Setting next_dagrun for conditional_dataset_and_time_based_timetable to 2026-07-15 01:00:00+00:00, run_after=2026-07-15 01:00:00+00:00
[2026-07-18T22:03:22.546+0000] {logging_mixin.py:190} INFO - [2026-07-18T22:03:22.546+0000] {dag.py:4180} INFO - Setting next_dagrun for consume_1_and_2_with_dataset_expressions to None, run_after=None
[2026-07-18T22:03:22.550+0000] {logging_mixin.py:190} INFO - [2026-07-18T22:03:22.550+0000] {dag.py:4180} INFO - Setting next_dagrun for consume_1_or_2_with_dataset_expressions to None, run_after=None
[2026-07-18T22:03:22.553+0000] {logging_mixin.py:190} INFO - [2026-07-18T22:03:22.553+0000] {dag.py:4180} INFO - Setting next_dagrun for consume_1_or_both_2_and_3_with_dataset_expressions to None, run_after=None
[2026-07-18T22:03:22.557+0000] {logging_mixin.py:190} INFO - [2026-07-18T22:03:22.556+0000] {dag.py:4180} INFO - Setting next_dagrun for dataset_consumes_1 to None, run_after=None
[2026-07-18T22:03:22.560+0000] {logging_mixin.py:190} INFO - [2026-07-18T22:03:22.560+0000] {dag.py:4180} INFO - Setting next_dagrun for dataset_consumes_1_and_2 to None, run_after=None
[2026-07-18T22:03:22.564+0000] {logging_mixin.py:190} INFO - [2026-07-18T22:03:22.564+0000] {dag.py:4180} INFO - Setting next_dagrun for dataset_consumes_1_never_scheduled to None, run_after=None
[2026-07-18T22:03:22.568+0000] {logging_mixin.py:190} INFO - [2026-07-18T22:03:22.568+0000] {dag.py:4180} INFO - Setting next_dagrun for dataset_consumes_unknown_never_scheduled to None, run_after=None
[2026-07-18T22:03:22.572+0000] {logging_mixin.py:190} INFO - [2026-07-18T22:03:22.572+0000] {dag.py:4180} INFO - Setting next_dagrun for dataset_produces_1 to 2026-07-17 00:00:00+00:00, run_after=2026-07-18 00:00:00+00:00
[2026-07-18T22:03:22.576+0000] {logging_mixin.py:190} INFO - [2026-07-18T22:03:22.576+0000] {dag.py:4180} INFO - Setting next_dagrun for dataset_produces_2 to None, run_after=None
[2026-07-18T22:03:22.632+0000] {processor.py:208} INFO - Processing /home/airflow/.local/lib/python3.12/site-packages/airflow/example_dags/example_datasets.py took 1.048 seconds
[2026-07-18T22:03:54.663+0000] {processor.py:186} INFO - Started process (PID=3436) to work on /home/airflow/.local/lib/python3.12/site-packages/airflow/example_dags/example_datasets.py
[2026-07-18T22:03:54.666+0000] {processor.py:914} INFO - Processing file /home/airflow/.local/lib/python3.12/site-packages/airflow/example_dags/example_datasets.py for tasks to queue
[2026-07-18T22:03:54.670+0000] {logging_mixin.py:190} INFO - [2026-07-18T22:03:54.669+0000] {dagbag.py:588} INFO - Filling up the DagBag from /home/airflow/.local/lib/python3.12/site-packages/airflow/example_dags/example_datasets.py
[2026-07-18T22:03:55.516+0000] {processor.py:925} INFO - DAG(s) 'conditional_dataset_and_time_based_timetable', 'dataset_consumes_1', 'dataset_produces_1', 'consume_1_and_2_with_dataset_expressions', 'consume_1_or_2_with_dataset_expressions', 'consume_1_or_both_2_and_3_with_dataset_expressions', 'dataset_consumes_unknown_never_scheduled', 'dataset_consumes_1_never_scheduled', 'dataset_produces_2', 'dataset_consumes_1_and_2' retrieved from /home/airflow/.local/lib/python3.12/site-packages/airflow/example_dags/example_datasets.py
[2026-07-18T22:03:55.601+0000] {logging_mixin.py:190} INFO - [2026-07-18T22:03:55.601+0000] {dag.py:3239} INFO - Sync 10 DAGs
[2026-07-18T22:03:55.653+0000] {logging_mixin.py:190} INFO - [2026-07-18T22:03:55.653+0000] {dag.py:4180} INFO - Setting next_dagrun for conditional_dataset_and_time_based_timetable to 2026-07-15 01:00:00+00:00, run_after=2026-07-15 01:00:00+00:00
[2026-07-18T22:03:55.664+0000] {logging_mixin.py:190} INFO - [2026-07-18T22:03:55.663+0000] {dag.py:4180} INFO - Setting next_dagrun for consume_1_and_2_with_dataset_expressions to None, run_after=None
[2026-07-18T22:03:55.670+0000] {logging_mixin.py:190} INFO - [2026-07-18T22:03:55.670+0000] {dag.py:4180} INFO - Setting next_dagrun for consume_1_or_2_with_dataset_expressions to None, run_after=None
[2026-07-18T22:03:55.674+0000] {logging_mixin.py:190} INFO - [2026-07-18T22:03:55.674+0000] {dag.py:4180} INFO - Setting next_dagrun for consume_1_or_both_2_and_3_with_dataset_expressions to None, run_after=None
[2026-07-18T22:03:55.683+0000] {logging_mixin.py:190} INFO - [2026-07-18T22:03:55.683+0000] {dag.py:4180} INFO - Setting next_dagrun for dataset_consumes_1 to None, run_after=None
[2026-07-18T22:03:55.691+0000] {logging_mixin.py:190} INFO - [2026-07-18T22:03:55.690+0000] {dag.py:4180} INFO - Setting next_dagrun for dataset_consumes_1_and_2 to None, run_after=None
[2026-07-18T22:03:55.695+0000] {logging_mixin.py:190} INFO - [2026-07-18T22:03:55.694+0000] {dag.py:4180} INFO - Setting next_dagrun for dataset_consumes_1_never_scheduled to None, run_after=None
[2026-07-18T22:03:55.699+0000] {logging_mixin.py:190} INFO - [2026-07-18T22:03:55.699+0000] {dag.py:4180} INFO - Setting next_dagrun for dataset_consumes_unknown_never_scheduled to None, run_after=None
[2026-07-18T22:03:55.705+0000] {logging_mixin.py:190} INFO - [2026-07-18T22:03:55.705+0000] {dag.py:4180} INFO - Setting next_dagrun for dataset_produces_1 to 2026-07-17 00:00:00+00:00, run_after=2026-07-18 00:00:00+00:00
[2026-07-18T22:03:55.710+0000] {logging_mixin.py:190} INFO - [2026-07-18T22:03:55.710+0000] {dag.py:4180} INFO - Setting next_dagrun for dataset_produces_2 to None, run_after=None
[2026-07-18T22:03:55.764+0000] {processor.py:208} INFO - Processing /home/airflow/.local/lib/python3.12/site-packages/airflow/example_dags/example_datasets.py took 1.112 seconds
[2026-07-18T22:04:26.223+0000] {processor.py:186} INFO - Started process (PID=3506) to work on /home/airflow/.local/lib/python3.12/site-packages/airflow/example_dags/example_datasets.py
[2026-07-18T22:04:26.225+0000] {processor.py:914} INFO - Processing file /home/airflow/.local/lib/python3.12/site-packages/airflow/example_dags/example_datasets.py for tasks to queue
[2026-07-18T22:04:26.228+0000] {logging_mixin.py:190} INFO - [2026-07-18T22:04:26.227+0000] {dagbag.py:588} INFO - Filling up the DagBag from /home/airflow/.local/lib/python3.12/site-packages/airflow/example_dags/example_datasets.py
[2026-07-18T22:04:27.182+0000] {processor.py:925} INFO - DAG(s) 'dataset_consumes_1', 'dataset_consumes_unknown_never_scheduled', 'dataset_produces_1', 'conditional_dataset_and_time_based_timetable', 'consume_1_or_2_with_dataset_expressions', 'consume_1_and_2_with_dataset_expressions', 'consume_1_or_both_2_and_3_with_dataset_expressions', 'dataset_consumes_1_never_scheduled', 'dataset_consumes_1_and_2', 'dataset_produces_2' retrieved from /home/airflow/.local/lib/python3.12/site-packages/airflow/example_dags/example_datasets.py
[2026-07-18T22:04:27.255+0000] {logging_mixin.py:190} INFO - [2026-07-18T22:04:27.254+0000] {dag.py:3239} INFO - Sync 10 DAGs
[2026-07-18T22:04:27.290+0000] {logging_mixin.py:190} INFO - [2026-07-18T22:04:27.290+0000] {dag.py:4180} INFO - Setting next_dagrun for conditional_dataset_and_time_based_timetable to 2026-07-15 01:00:00+00:00, run_after=2026-07-15 01:00:00+00:00
[2026-07-18T22:04:27.297+0000] {logging_mixin.py:190} INFO - [2026-07-18T22:04:27.297+0000] {dag.py:4180} INFO - Setting next_dagrun for consume_1_and_2_with_dataset_expressions to None, run_after=None
[2026-07-18T22:04:27.301+0000] {logging_mixin.py:190} INFO - [2026-07-18T22:04:27.301+0000] {dag.py:4180} INFO - Setting next_dagrun for consume_1_or_2_with_dataset_expressions to None, run_after=None
[2026-07-18T22:04:27.306+0000] {logging_mixin.py:190} INFO - [2026-07-18T22:04:27.305+0000] {dag.py:4180} INFO - Setting next_dagrun for consume_1_or_both_2_and_3_with_dataset_expressions to None, run_after=None
[2026-07-18T22:04:27.310+0000] {logging_mixin.py:190} INFO - [2026-07-18T22:04:27.310+0000] {dag.py:4180} INFO - Setting next_dagrun for dataset_consumes_1 to None, run_after=None
[2026-07-18T22:04:27.314+0000] {logging_mixin.py:190} INFO - [2026-07-18T22:04:27.313+0000] {dag.py:4180} INFO - Setting next_dagrun for dataset_consumes_1_and_2 to None, run_after=None
[2026-07-18T22:04:27.319+0000] {logging_mixin.py:190} INFO - [2026-07-18T22:04:27.318+0000] {dag.py:4180} INFO - Setting next_dagrun for dataset_consumes_1_never_scheduled to None, run_after=None
[2026-07-18T22:04:27.323+0000] {logging_mixin.py:190} INFO - [2026-07-18T22:04:27.322+0000] {dag.py:4180} INFO - Setting next_dagrun for dataset_consumes_unknown_never_scheduled to None, run_after=None
[2026-07-18T22:04:27.327+0000] {logging_mixin.py:190} INFO - [2026-07-18T22:04:27.327+0000] {dag.py:4180} INFO - Setting next_dagrun for dataset_produces_1 to 2026-07-17 00:00:00+00:00, run_after=2026-07-18 00:00:00+00:00
[2026-07-18T22:04:27.331+0000] {logging_mixin.py:190} INFO - [2026-07-18T22:04:27.330+0000] {dag.py:4180} INFO - Setting next_dagrun for dataset_produces_2 to None, run_after=None
[2026-07-18T22:04:27.410+0000] {processor.py:208} INFO - Processing /home/airflow/.local/lib/python3.12/site-packages/airflow/example_dags/example_datasets.py took 1.196 seconds
[2026-07-18T22:04:57.732+0000] {processor.py:186} INFO - Started process (PID=3575) to work on /home/airflow/.local/lib/python3.12/site-packages/airflow/example_dags/example_datasets.py
[2026-07-18T22:04:57.734+0000] {processor.py:914} INFO - Processing file /home/airflow/.local/lib/python3.12/site-packages/airflow/example_dags/example_datasets.py for tasks to queue
[2026-07-18T22:04:57.737+0000] {logging_mixin.py:190} INFO - [2026-07-18T22:04:57.736+0000] {dagbag.py:588} INFO - Filling up the DagBag from /home/airflow/.local/lib/python3.12/site-packages/airflow/example_dags/example_datasets.py
[2026-07-18T22:04:58.636+0000] {processor.py:925} INFO - DAG(s) 'dataset_produces_2', 'consume_1_or_2_with_dataset_expressions', 'conditional_dataset_and_time_based_timetable', 'dataset_consumes_1', 'dataset_consumes_1_and_2', 'consume_1_or_both_2_and_3_with_dataset_expressions', 'dataset_produces_1', 'dataset_consumes_unknown_never_scheduled', 'dataset_consumes_1_never_scheduled', 'consume_1_and_2_with_dataset_expressions' retrieved from /home/airflow/.local/lib/python3.12/site-packages/airflow/example_dags/example_datasets.py
[2026-07-18T22:04:58.701+0000] {logging_mixin.py:190} INFO - [2026-07-18T22:04:58.701+0000] {dag.py:3239} INFO - Sync 10 DAGs
[2026-07-18T22:04:58.738+0000] {logging_mixin.py:190} INFO - [2026-07-18T22:04:58.738+0000] {dag.py:4180} INFO - Setting next_dagrun for conditional_dataset_and_time_based_timetable to 2026-07-15 01:00:00+00:00, run_after=2026-07-15 01:00:00+00:00
[2026-07-18T22:04:58.745+0000] {logging_mixin.py:190} INFO - [2026-07-18T22:04:58.745+0000] {dag.py:4180} INFO - Setting next_dagrun for consume_1_and_2_with_dataset_expressions to None, run_after=None
[2026-07-18T22:04:58.748+0000] {logging_mixin.py:190} INFO - [2026-07-18T22:04:58.748+0000] {dag.py:4180} INFO - Setting next_dagrun for consume_1_or_2_with_dataset_expressions to None, run_after=None
[2026-07-18T22:04:58.752+0000] {logging_mixin.py:190} INFO - [2026-07-18T22:04:58.752+0000] {dag.py:4180} INFO - Setting next_dagrun for consume_1_or_both_2_and_3_with_dataset_expressions to None, run_after=None
[2026-07-18T22:04:58.755+0000] {logging_mixin.py:190} INFO - [2026-07-18T22:04:58.755+0000] {dag.py:4180} INFO - Setting next_dagrun for dataset_consumes_1 to None, run_after=None
[2026-07-18T22:04:58.759+0000] {logging_mixin.py:190} INFO - [2026-07-18T22:04:58.758+0000] {dag.py:4180} INFO - Setting next_dagrun for dataset_consumes_1_and_2 to None, run_after=None
[2026-07-18T22:04:58.762+0000] {logging_mixin.py:190} INFO - [2026-07-18T22:04:58.761+0000] {dag.py:4180} INFO - Setting next_dagrun for dataset_consumes_1_never_scheduled to None, run_after=None
[2026-07-18T22:04:58.765+0000] {logging_mixin.py:190} INFO - [2026-07-18T22:04:58.765+0000] {dag.py:4180} INFO - Setting next_dagrun for dataset_consumes_unknown_never_scheduled to None, run_after=None
[2026-07-18T22:04:58.770+0000] {logging_mixin.py:190} INFO - [2026-07-18T22:04:58.770+0000] {dag.py:4180} INFO - Setting next_dagrun for dataset_produces_1 to 2026-07-17 00:00:00+00:00, run_after=2026-07-18 00:00:00+00:00
[2026-07-18T22:04:58.773+0000] {logging_mixin.py:190} INFO - [2026-07-18T22:04:58.773+0000] {dag.py:4180} INFO - Setting next_dagrun for dataset_produces_2 to None, run_after=None
[2026-07-18T22:04:58.824+0000] {processor.py:208} INFO - Processing /home/airflow/.local/lib/python3.12/site-packages/airflow/example_dags/example_datasets.py took 1.101 seconds
[2026-07-18T22:05:29.747+0000] {processor.py:186} INFO - Started process (PID=3639) to work on /home/airflow/.local/lib/python3.12/site-packages/airflow/example_dags/example_datasets.py
[2026-07-18T22:05:29.749+0000] {processor.py:914} INFO - Processing file /home/airflow/.local/lib/python3.12/site-packages/airflow/example_dags/example_datasets.py for tasks to queue
[2026-07-18T22:05:29.753+0000] {logging_mixin.py:190} INFO - [2026-07-18T22:05:29.752+0000] {dagbag.py:588} INFO - Filling up the DagBag from /home/airflow/.local/lib/python3.12/site-packages/airflow/example_dags/example_datasets.py
[2026-07-18T22:05:30.463+0000] {processor.py:925} INFO - DAG(s) 'conditional_dataset_and_time_based_timetable', 'consume_1_or_2_with_dataset_expressions', 'dataset_consumes_unknown_never_scheduled', 'dataset_produces_1', 'dataset_consumes_1_and_2', 'dataset_consumes_1', 'dataset_produces_2', 'consume_1_or_both_2_and_3_with_dataset_expressions', 'consume_1_and_2_with_dataset_expressions', 'dataset_consumes_1_never_scheduled' retrieved from /home/airflow/.local/lib/python3.12/site-packages/airflow/example_dags/example_datasets.py
[2026-07-18T22:05:30.540+0000] {logging_mixin.py:190} INFO - [2026-07-18T22:05:30.540+0000] {dag.py:3239} INFO - Sync 10 DAGs
[2026-07-18T22:05:30.581+0000] {logging_mixin.py:190} INFO - [2026-07-18T22:05:30.580+0000] {dag.py:4180} INFO - Setting next_dagrun for conditional_dataset_and_time_based_timetable to 2026-07-15 01:00:00+00:00, run_after=2026-07-15 01:00:00+00:00
[2026-07-18T22:05:30.587+0000] {logging_mixin.py:190} INFO - [2026-07-18T22:05:30.587+0000] {dag.py:4180} INFO - Setting next_dagrun for consume_1_and_2_with_dataset_expressions to None, run_after=None
[2026-07-18T22:05:30.592+0000] {logging_mixin.py:190} INFO - [2026-07-18T22:05:30.592+0000] {dag.py:4180} INFO - Setting next_dagrun for consume_1_or_2_with_dataset_expressions to None, run_after=None
[2026-07-18T22:05:30.595+0000] {logging_mixin.py:190} INFO - [2026-07-18T22:05:30.594+0000] {dag.py:4180} INFO - Setting next_dagrun for consume_1_or_both_2_and_3_with_dataset_expressions to None, run_after=None
[2026-07-18T22:05:30.598+0000] {logging_mixin.py:190} INFO - [2026-07-18T22:05:30.598+0000] {dag.py:4180} INFO - Setting next_dagrun for dataset_consumes_1 to None, run_after=None
[2026-07-18T22:05:30.602+0000] {logging_mixin.py:190} INFO - [2026-07-18T22:05:30.601+0000] {dag.py:4180} INFO - Setting next_dagrun for dataset_consumes_1_and_2 to None, run_after=None
[2026-07-18T22:05:30.605+0000] {logging_mixin.py:190} INFO - [2026-07-18T22:05:30.605+0000] {dag.py:4180} INFO - Setting next_dagrun for dataset_consumes_1_never_scheduled to None, run_after=None
[2026-07-18T22:05:30.608+0000] {logging_mixin.py:190} INFO - [2026-07-18T22:05:30.608+0000] {dag.py:4180} INFO - Setting next_dagrun for dataset_consumes_unknown_never_scheduled to None, run_after=None
[2026-07-18T22:05:30.615+0000] {logging_mixin.py:190} INFO - [2026-07-18T22:05:30.614+0000] {dag.py:4180} INFO - Setting next_dagrun for dataset_produces_1 to 2026-07-17 00:00:00+00:00, run_after=2026-07-18 00:00:00+00:00
[2026-07-18T22:05:30.619+0000] {logging_mixin.py:190} INFO - [2026-07-18T22:05:30.618+0000] {dag.py:4180} INFO - Setting next_dagrun for dataset_produces_2 to None, run_after=None
[2026-07-18T22:05:30.676+0000] {processor.py:208} INFO - Processing /home/airflow/.local/lib/python3.12/site-packages/airflow/example_dags/example_datasets.py took 0.939 seconds
[2026-07-18T23:18:27.784+0000] {processor.py:186} INFO - Started process (PID=3704) to work on /home/airflow/.local/lib/python3.12/site-packages/airflow/example_dags/example_datasets.py
[2026-07-18T23:18:27.787+0000] {processor.py:914} INFO - Processing file /home/airflow/.local/lib/python3.12/site-packages/airflow/example_dags/example_datasets.py for tasks to queue
[2026-07-18T23:18:27.791+0000] {logging_mixin.py:190} INFO - [2026-07-18T23:18:27.790+0000] {dagbag.py:588} INFO - Filling up the DagBag from /home/airflow/.local/lib/python3.12/site-packages/airflow/example_dags/example_datasets.py
