[2026-07-18T20:49:57.067+0000] {processor.py:186} INFO - Started process (PID=72) to work on /home/airflow/.local/lib/python3.12/site-packages/airflow/example_dags/example_xcomargs.py
[2026-07-18T20:49:57.071+0000] {processor.py:914} INFO - Processing file /home/airflow/.local/lib/python3.12/site-packages/airflow/example_dags/example_xcomargs.py for tasks to queue
[2026-07-18T20:49:57.077+0000] {logging_mixin.py:190} INFO - [2026-07-18T20:49:57.077+0000] {dagbag.py:588} INFO - Filling up the DagBag from /home/airflow/.local/lib/python3.12/site-packages/airflow/example_dags/example_xcomargs.py
[2026-07-18T20:49:57.146+0000] {processor.py:925} INFO - DAG(s) 'example_xcom_args_with_operators', 'example_xcom_args' retrieved from /home/airflow/.local/lib/python3.12/site-packages/airflow/example_dags/example_xcomargs.py
[2026-07-18T20:49:57.677+0000] {logging_mixin.py:190} INFO - [2026-07-18T20:49:57.676+0000] {override.py:1911} INFO - Created Permission View: can edit on DAG:example_xcom_args_with_operators
[2026-07-18T20:49:57.692+0000] {logging_mixin.py:190} INFO - [2026-07-18T20:49:57.692+0000] {override.py:1911} INFO - Created Permission View: can read on DAG:example_xcom_args_with_operators
[2026-07-18T20:49:57.701+0000] {logging_mixin.py:190} INFO - [2026-07-18T20:49:57.701+0000] {override.py:1911} INFO - Created Permission View: can delete on DAG:example_xcom_args_with_operators
[2026-07-18T20:49:57.713+0000] {logging_mixin.py:190} INFO - [2026-07-18T20:49:57.712+0000] {override.py:1911} INFO - Created Permission View: can create on DAG Run:example_xcom_args_with_operators
[2026-07-18T20:49:57.721+0000] {logging_mixin.py:190} INFO - [2026-07-18T20:49:57.721+0000] {override.py:1911} INFO - Created Permission View: can read on DAG Run:example_xcom_args_with_operators
[2026-07-18T20:49:57.731+0000] {logging_mixin.py:190} INFO - [2026-07-18T20:49:57.731+0000] {override.py:1911} INFO - Created Permission View: menu access on DAG Run:example_xcom_args_with_operators
[2026-07-18T20:49:57.741+0000] {logging_mixin.py:190} INFO - [2026-07-18T20:49:57.741+0000] {override.py:1911} INFO - Created Permission View: can delete on DAG Run:example_xcom_args_with_operators
[2026-07-18T20:49:57.758+0000] {logging_mixin.py:190} INFO - [2026-07-18T20:49:57.758+0000] {override.py:1911} INFO - Created Permission View: can edit on DAG:example_xcom_args
[2026-07-18T20:49:57.768+0000] {logging_mixin.py:190} INFO - [2026-07-18T20:49:57.767+0000] {override.py:1911} INFO - Created Permission View: can read on DAG:example_xcom_args
[2026-07-18T20:49:57.778+0000] {logging_mixin.py:190} INFO - [2026-07-18T20:49:57.778+0000] {override.py:1911} INFO - Created Permission View: can delete on DAG:example_xcom_args
[2026-07-18T20:49:57.788+0000] {logging_mixin.py:190} INFO - [2026-07-18T20:49:57.787+0000] {override.py:1911} INFO - Created Permission View: can create on DAG Run:example_xcom_args
[2026-07-18T20:49:57.798+0000] {logging_mixin.py:190} INFO - [2026-07-18T20:49:57.797+0000] {override.py:1911} INFO - Created Permission View: can read on DAG Run:example_xcom_args
[2026-07-18T20:49:57.809+0000] {logging_mixin.py:190} INFO - [2026-07-18T20:49:57.808+0000] {override.py:1911} INFO - Created Permission View: menu access on DAG Run:example_xcom_args
[2026-07-18T20:49:57.822+0000] {logging_mixin.py:190} INFO - [2026-07-18T20:49:57.821+0000] {override.py:1911} INFO - Created Permission View: can delete on DAG Run:example_xcom_args
[2026-07-18T20:49:57.824+0000] {logging_mixin.py:190} INFO - [2026-07-18T20:49:57.823+0000] {dag.py:3239} INFO - Sync 2 DAGs
[2026-07-18T20:49:57.877+0000] {logging_mixin.py:190} INFO - [2026-07-18T20:49:57.876+0000] {dag.py:3262} INFO - Creating ORM DAG for example_xcom_args_with_operators
[2026-07-18T20:49:57.879+0000] {logging_mixin.py:190} INFO - [2026-07-18T20:49:57.879+0000] {dag.py:3262} INFO - Creating ORM DAG for example_xcom_args
[2026-07-18T20:49:57.881+0000] {logging_mixin.py:190} INFO - [2026-07-18T20:49:57.881+0000] {dag.py:4180} INFO - Setting next_dagrun for example_xcom_args to None, run_after=None
[2026-07-18T20:49:57.884+0000] {logging_mixin.py:190} INFO - [2026-07-18T20:49:57.883+0000] {dag.py:4180} INFO - Setting next_dagrun for example_xcom_args_with_operators to None, run_after=None
[2026-07-18T20:49:57.921+0000] {processor.py:208} INFO - Processing /home/airflow/.local/lib/python3.12/site-packages/airflow/example_dags/example_xcomargs.py took 0.898 seconds
[2026-07-18T20:50:27.987+0000] {processor.py:186} INFO - Started process (PID=136) to work on /home/airflow/.local/lib/python3.12/site-packages/airflow/example_dags/example_xcomargs.py
[2026-07-18T20:50:27.988+0000] {processor.py:914} INFO - Processing file /home/airflow/.local/lib/python3.12/site-packages/airflow/example_dags/example_xcomargs.py for tasks to queue
[2026-07-18T20:50:27.990+0000] {logging_mixin.py:190} INFO - [2026-07-18T20:50:27.990+0000] {dagbag.py:588} INFO - Filling up the DagBag from /home/airflow/.local/lib/python3.12/site-packages/airflow/example_dags/example_xcomargs.py
[2026-07-18T20:50:27.999+0000] {processor.py:925} INFO - DAG(s) 'example_xcom_args', 'example_xcom_args_with_operators' retrieved from /home/airflow/.local/lib/python3.12/site-packages/airflow/example_dags/example_xcomargs.py
[2026-07-18T20:50:28.019+0000] {logging_mixin.py:190} INFO - [2026-07-18T20:50:28.018+0000] {dag.py:3239} INFO - Sync 2 DAGs
[2026-07-18T20:50:28.031+0000] {logging_mixin.py:190} INFO - [2026-07-18T20:50:28.031+0000] {dag.py:4180} INFO - Setting next_dagrun for example_xcom_args to None, run_after=None
[2026-07-18T20:50:28.036+0000] {logging_mixin.py:190} INFO - [2026-07-18T20:50:28.036+0000] {dag.py:4180} INFO - Setting next_dagrun for example_xcom_args_with_operators to None, run_after=None
[2026-07-18T20:50:28.049+0000] {processor.py:208} INFO - Processing /home/airflow/.local/lib/python3.12/site-packages/airflow/example_dags/example_xcomargs.py took 0.067 seconds
[2026-07-18T20:50:58.194+0000] {processor.py:186} INFO - Started process (PID=198) to work on /home/airflow/.local/lib/python3.12/site-packages/airflow/example_dags/example_xcomargs.py
[2026-07-18T20:50:58.196+0000] {processor.py:914} INFO - Processing file /home/airflow/.local/lib/python3.12/site-packages/airflow/example_dags/example_xcomargs.py for tasks to queue
[2026-07-18T20:50:58.199+0000] {logging_mixin.py:190} INFO - [2026-07-18T20:50:58.199+0000] {dagbag.py:588} INFO - Filling up the DagBag from /home/airflow/.local/lib/python3.12/site-packages/airflow/example_dags/example_xcomargs.py
[2026-07-18T20:50:58.213+0000] {processor.py:925} INFO - DAG(s) 'example_xcom_args', 'example_xcom_args_with_operators' retrieved from /home/airflow/.local/lib/python3.12/site-packages/airflow/example_dags/example_xcomargs.py
[2026-07-18T20:50:58.238+0000] {logging_mixin.py:190} INFO - [2026-07-18T20:50:58.238+0000] {dag.py:3239} INFO - Sync 2 DAGs
[2026-07-18T20:50:58.254+0000] {logging_mixin.py:190} INFO - [2026-07-18T20:50:58.253+0000] {dag.py:4180} INFO - Setting next_dagrun for example_xcom_args to None, run_after=None
[2026-07-18T20:50:58.259+0000] {logging_mixin.py:190} INFO - [2026-07-18T20:50:58.258+0000] {dag.py:4180} INFO - Setting next_dagrun for example_xcom_args_with_operators to None, run_after=None
[2026-07-18T20:50:58.275+0000] {processor.py:208} INFO - Processing /home/airflow/.local/lib/python3.12/site-packages/airflow/example_dags/example_xcomargs.py took 0.090 seconds
[2026-07-18T20:51:28.774+0000] {processor.py:186} INFO - Started process (PID=261) to work on /home/airflow/.local/lib/python3.12/site-packages/airflow/example_dags/example_xcomargs.py
[2026-07-18T20:51:28.777+0000] {processor.py:914} INFO - Processing file /home/airflow/.local/lib/python3.12/site-packages/airflow/example_dags/example_xcomargs.py for tasks to queue
[2026-07-18T20:51:28.780+0000] {logging_mixin.py:190} INFO - [2026-07-18T20:51:28.780+0000] {dagbag.py:588} INFO - Filling up the DagBag from /home/airflow/.local/lib/python3.12/site-packages/airflow/example_dags/example_xcomargs.py
[2026-07-18T20:51:28.791+0000] {processor.py:925} INFO - DAG(s) 'example_xcom_args', 'example_xcom_args_with_operators' retrieved from /home/airflow/.local/lib/python3.12/site-packages/airflow/example_dags/example_xcomargs.py
[2026-07-18T20:51:28.810+0000] {logging_mixin.py:190} INFO - [2026-07-18T20:51:28.810+0000] {dag.py:3239} INFO - Sync 2 DAGs
[2026-07-18T20:51:28.824+0000] {logging_mixin.py:190} INFO - [2026-07-18T20:51:28.824+0000] {dag.py:4180} INFO - Setting next_dagrun for example_xcom_args to None, run_after=None
[2026-07-18T20:51:28.828+0000] {logging_mixin.py:190} INFO - [2026-07-18T20:51:28.828+0000] {dag.py:4180} INFO - Setting next_dagrun for example_xcom_args_with_operators to None, run_after=None
[2026-07-18T20:51:28.846+0000] {processor.py:208} INFO - Processing /home/airflow/.local/lib/python3.12/site-packages/airflow/example_dags/example_xcomargs.py took 0.078 seconds
[2026-07-18T20:51:59.148+0000] {processor.py:186} INFO - Started process (PID=325) to work on /home/airflow/.local/lib/python3.12/site-packages/airflow/example_dags/example_xcomargs.py
[2026-07-18T20:51:59.149+0000] {processor.py:914} INFO - Processing file /home/airflow/.local/lib/python3.12/site-packages/airflow/example_dags/example_xcomargs.py for tasks to queue
[2026-07-18T20:51:59.155+0000] {logging_mixin.py:190} INFO - [2026-07-18T20:51:59.155+0000] {dagbag.py:588} INFO - Filling up the DagBag from /home/airflow/.local/lib/python3.12/site-packages/airflow/example_dags/example_xcomargs.py
[2026-07-18T20:51:59.170+0000] {processor.py:925} INFO - DAG(s) 'example_xcom_args', 'example_xcom_args_with_operators' retrieved from /home/airflow/.local/lib/python3.12/site-packages/airflow/example_dags/example_xcomargs.py
[2026-07-18T20:51:59.209+0000] {logging_mixin.py:190} INFO - [2026-07-18T20:51:59.208+0000] {dag.py:3239} INFO - Sync 2 DAGs
[2026-07-18T20:51:59.230+0000] {logging_mixin.py:190} INFO - [2026-07-18T20:51:59.230+0000] {dag.py:4180} INFO - Setting next_dagrun for example_xcom_args to None, run_after=None
[2026-07-18T20:51:59.240+0000] {logging_mixin.py:190} INFO - [2026-07-18T20:51:59.240+0000] {dag.py:4180} INFO - Setting next_dagrun for example_xcom_args_with_operators to None, run_after=None
[2026-07-18T20:51:59.289+0000] {processor.py:208} INFO - Processing /home/airflow/.local/lib/python3.12/site-packages/airflow/example_dags/example_xcomargs.py took 0.150 seconds
[2026-07-18T20:52:29.516+0000] {processor.py:186} INFO - Started process (PID=388) to work on /home/airflow/.local/lib/python3.12/site-packages/airflow/example_dags/example_xcomargs.py
[2026-07-18T20:52:29.518+0000] {processor.py:914} INFO - Processing file /home/airflow/.local/lib/python3.12/site-packages/airflow/example_dags/example_xcomargs.py for tasks to queue
[2026-07-18T20:52:29.528+0000] {logging_mixin.py:190} INFO - [2026-07-18T20:52:29.527+0000] {dagbag.py:588} INFO - Filling up the DagBag from /home/airflow/.local/lib/python3.12/site-packages/airflow/example_dags/example_xcomargs.py
[2026-07-18T20:52:29.567+0000] {processor.py:925} INFO - DAG(s) 'example_xcom_args', 'example_xcom_args_with_operators' retrieved from /home/airflow/.local/lib/python3.12/site-packages/airflow/example_dags/example_xcomargs.py
[2026-07-18T20:52:29.637+0000] {logging_mixin.py:190} INFO - [2026-07-18T20:52:29.637+0000] {dag.py:3239} INFO - Sync 2 DAGs
[2026-07-18T20:52:29.688+0000] {logging_mixin.py:190} INFO - [2026-07-18T20:52:29.688+0000] {dag.py:4180} INFO - Setting next_dagrun for example_xcom_args to None, run_after=None
[2026-07-18T20:52:29.702+0000] {logging_mixin.py:190} INFO - [2026-07-18T20:52:29.701+0000] {dag.py:4180} INFO - Setting next_dagrun for example_xcom_args_with_operators to None, run_after=None
[2026-07-18T20:52:29.745+0000] {processor.py:208} INFO - Processing /home/airflow/.local/lib/python3.12/site-packages/airflow/example_dags/example_xcomargs.py took 0.247 seconds
[2026-07-18T20:52:59.884+0000] {processor.py:186} INFO - Started process (PID=451) to work on /home/airflow/.local/lib/python3.12/site-packages/airflow/example_dags/example_xcomargs.py
[2026-07-18T20:52:59.886+0000] {processor.py:914} INFO - Processing file /home/airflow/.local/lib/python3.12/site-packages/airflow/example_dags/example_xcomargs.py for tasks to queue
[2026-07-18T20:52:59.889+0000] {logging_mixin.py:190} INFO - [2026-07-18T20:52:59.889+0000] {dagbag.py:588} INFO - Filling up the DagBag from /home/airflow/.local/lib/python3.12/site-packages/airflow/example_dags/example_xcomargs.py
[2026-07-18T20:52:59.898+0000] {processor.py:925} INFO - DAG(s) 'example_xcom_args_with_operators', 'example_xcom_args' retrieved from /home/airflow/.local/lib/python3.12/site-packages/airflow/example_dags/example_xcomargs.py
[2026-07-18T20:52:59.919+0000] {logging_mixin.py:190} INFO - [2026-07-18T20:52:59.919+0000] {dag.py:3239} INFO - Sync 2 DAGs
[2026-07-18T20:52:59.932+0000] {logging_mixin.py:190} INFO - [2026-07-18T20:52:59.932+0000] {dag.py:4180} INFO - Setting next_dagrun for example_xcom_args to None, run_after=None
[2026-07-18T20:52:59.936+0000] {logging_mixin.py:190} INFO - [2026-07-18T20:52:59.936+0000] {dag.py:4180} INFO - Setting next_dagrun for example_xcom_args_with_operators to None, run_after=None
[2026-07-18T20:52:59.951+0000] {processor.py:208} INFO - Processing /home/airflow/.local/lib/python3.12/site-packages/airflow/example_dags/example_xcomargs.py took 0.072 seconds
[2026-07-18T20:53:30.437+0000] {processor.py:186} INFO - Started process (PID=514) to work on /home/airflow/.local/lib/python3.12/site-packages/airflow/example_dags/example_xcomargs.py
[2026-07-18T20:53:30.438+0000] {processor.py:914} INFO - Processing file /home/airflow/.local/lib/python3.12/site-packages/airflow/example_dags/example_xcomargs.py for tasks to queue
[2026-07-18T20:53:30.442+0000] {logging_mixin.py:190} INFO - [2026-07-18T20:53:30.441+0000] {dagbag.py:588} INFO - Filling up the DagBag from /home/airflow/.local/lib/python3.12/site-packages/airflow/example_dags/example_xcomargs.py
[2026-07-18T20:53:30.453+0000] {processor.py:925} INFO - DAG(s) 'example_xcom_args_with_operators', 'example_xcom_args' retrieved from /home/airflow/.local/lib/python3.12/site-packages/airflow/example_dags/example_xcomargs.py
[2026-07-18T20:53:30.480+0000] {logging_mixin.py:190} INFO - [2026-07-18T20:53:30.480+0000] {dag.py:3239} INFO - Sync 2 DAGs
[2026-07-18T20:53:30.495+0000] {logging_mixin.py:190} INFO - [2026-07-18T20:53:30.495+0000] {dag.py:4180} INFO - Setting next_dagrun for example_xcom_args to None, run_after=None
[2026-07-18T20:53:30.501+0000] {logging_mixin.py:190} INFO - [2026-07-18T20:53:30.501+0000] {dag.py:4180} INFO - Setting next_dagrun for example_xcom_args_with_operators to None, run_after=None
[2026-07-18T20:53:30.516+0000] {processor.py:208} INFO - Processing /home/airflow/.local/lib/python3.12/site-packages/airflow/example_dags/example_xcomargs.py took 0.086 seconds
[2026-07-18T20:54:00.612+0000] {processor.py:186} INFO - Started process (PID=577) to work on /home/airflow/.local/lib/python3.12/site-packages/airflow/example_dags/example_xcomargs.py
[2026-07-18T20:54:00.613+0000] {processor.py:914} INFO - Processing file /home/airflow/.local/lib/python3.12/site-packages/airflow/example_dags/example_xcomargs.py for tasks to queue
[2026-07-18T20:54:00.616+0000] {logging_mixin.py:190} INFO - [2026-07-18T20:54:00.616+0000] {dagbag.py:588} INFO - Filling up the DagBag from /home/airflow/.local/lib/python3.12/site-packages/airflow/example_dags/example_xcomargs.py
[2026-07-18T20:54:00.625+0000] {processor.py:925} INFO - DAG(s) 'example_xcom_args_with_operators', 'example_xcom_args' retrieved from /home/airflow/.local/lib/python3.12/site-packages/airflow/example_dags/example_xcomargs.py
[2026-07-18T20:54:00.646+0000] {logging_mixin.py:190} INFO - [2026-07-18T20:54:00.645+0000] {dag.py:3239} INFO - Sync 2 DAGs
[2026-07-18T20:54:00.658+0000] {logging_mixin.py:190} INFO - [2026-07-18T20:54:00.658+0000] {dag.py:4180} INFO - Setting next_dagrun for example_xcom_args to None, run_after=None
[2026-07-18T20:54:00.662+0000] {logging_mixin.py:190} INFO - [2026-07-18T20:54:00.662+0000] {dag.py:4180} INFO - Setting next_dagrun for example_xcom_args_with_operators to None, run_after=None
[2026-07-18T20:54:00.675+0000] {processor.py:208} INFO - Processing /home/airflow/.local/lib/python3.12/site-packages/airflow/example_dags/example_xcomargs.py took 0.068 seconds
[2026-07-18T20:54:30.859+0000] {processor.py:186} INFO - Started process (PID=640) to work on /home/airflow/.local/lib/python3.12/site-packages/airflow/example_dags/example_xcomargs.py
[2026-07-18T20:54:30.861+0000] {processor.py:914} INFO - Processing file /home/airflow/.local/lib/python3.12/site-packages/airflow/example_dags/example_xcomargs.py for tasks to queue
[2026-07-18T20:54:30.865+0000] {logging_mixin.py:190} INFO - [2026-07-18T20:54:30.865+0000] {dagbag.py:588} INFO - Filling up the DagBag from /home/airflow/.local/lib/python3.12/site-packages/airflow/example_dags/example_xcomargs.py
[2026-07-18T20:54:30.877+0000] {processor.py:925} INFO - DAG(s) 'example_xcom_args_with_operators', 'example_xcom_args' retrieved from /home/airflow/.local/lib/python3.12/site-packages/airflow/example_dags/example_xcomargs.py
[2026-07-18T20:54:30.897+0000] {logging_mixin.py:190} INFO - [2026-07-18T20:54:30.896+0000] {dag.py:3239} INFO - Sync 2 DAGs
[2026-07-18T20:54:30.909+0000] {logging_mixin.py:190} INFO - [2026-07-18T20:54:30.909+0000] {dag.py:4180} INFO - Setting next_dagrun for example_xcom_args to None, run_after=None
[2026-07-18T20:54:30.913+0000] {logging_mixin.py:190} INFO - [2026-07-18T20:54:30.913+0000] {dag.py:4180} INFO - Setting next_dagrun for example_xcom_args_with_operators to None, run_after=None
[2026-07-18T20:54:30.927+0000] {processor.py:208} INFO - Processing /home/airflow/.local/lib/python3.12/site-packages/airflow/example_dags/example_xcomargs.py took 0.075 seconds
[2026-07-18T20:55:01.635+0000] {processor.py:186} INFO - Started process (PID=703) to work on /home/airflow/.local/lib/python3.12/site-packages/airflow/example_dags/example_xcomargs.py
[2026-07-18T20:55:01.636+0000] {processor.py:914} INFO - Processing file /home/airflow/.local/lib/python3.12/site-packages/airflow/example_dags/example_xcomargs.py for tasks to queue
[2026-07-18T20:55:01.640+0000] {logging_mixin.py:190} INFO - [2026-07-18T20:55:01.639+0000] {dagbag.py:588} INFO - Filling up the DagBag from /home/airflow/.local/lib/python3.12/site-packages/airflow/example_dags/example_xcomargs.py
[2026-07-18T20:55:01.651+0000] {processor.py:925} INFO - DAG(s) 'example_xcom_args', 'example_xcom_args_with_operators' retrieved from /home/airflow/.local/lib/python3.12/site-packages/airflow/example_dags/example_xcomargs.py
[2026-07-18T20:55:01.679+0000] {logging_mixin.py:190} INFO - [2026-07-18T20:55:01.679+0000] {dag.py:3239} INFO - Sync 2 DAGs
[2026-07-18T20:55:01.693+0000] {logging_mixin.py:190} INFO - [2026-07-18T20:55:01.693+0000] {dag.py:4180} INFO - Setting next_dagrun for example_xcom_args to None, run_after=None
[2026-07-18T20:55:01.699+0000] {logging_mixin.py:190} INFO - [2026-07-18T20:55:01.699+0000] {dag.py:4180} INFO - Setting next_dagrun for example_xcom_args_with_operators to None, run_after=None
[2026-07-18T20:55:01.723+0000] {processor.py:208} INFO - Processing /home/airflow/.local/lib/python3.12/site-packages/airflow/example_dags/example_xcomargs.py took 0.095 seconds
[2026-07-18T20:55:32.151+0000] {processor.py:186} INFO - Started process (PID=766) to work on /home/airflow/.local/lib/python3.12/site-packages/airflow/example_dags/example_xcomargs.py
[2026-07-18T20:55:32.153+0000] {processor.py:914} INFO - Processing file /home/airflow/.local/lib/python3.12/site-packages/airflow/example_dags/example_xcomargs.py for tasks to queue
[2026-07-18T20:55:32.156+0000] {logging_mixin.py:190} INFO - [2026-07-18T20:55:32.156+0000] {dagbag.py:588} INFO - Filling up the DagBag from /home/airflow/.local/lib/python3.12/site-packages/airflow/example_dags/example_xcomargs.py
[2026-07-18T20:55:32.166+0000] {processor.py:925} INFO - DAG(s) 'example_xcom_args', 'example_xcom_args_with_operators' retrieved from /home/airflow/.local/lib/python3.12/site-packages/airflow/example_dags/example_xcomargs.py
[2026-07-18T20:55:32.187+0000] {logging_mixin.py:190} INFO - [2026-07-18T20:55:32.187+0000] {dag.py:3239} INFO - Sync 2 DAGs
[2026-07-18T20:55:32.200+0000] {logging_mixin.py:190} INFO - [2026-07-18T20:55:32.200+0000] {dag.py:4180} INFO - Setting next_dagrun for example_xcom_args to None, run_after=None
[2026-07-18T20:55:32.204+0000] {logging_mixin.py:190} INFO - [2026-07-18T20:55:32.204+0000] {dag.py:4180} INFO - Setting next_dagrun for example_xcom_args_with_operators to None, run_after=None
[2026-07-18T20:55:32.219+0000] {processor.py:208} INFO - Processing /home/airflow/.local/lib/python3.12/site-packages/airflow/example_dags/example_xcomargs.py took 0.074 seconds
[2026-07-18T20:56:02.752+0000] {processor.py:186} INFO - Started process (PID=829) to work on /home/airflow/.local/lib/python3.12/site-packages/airflow/example_dags/example_xcomargs.py
[2026-07-18T20:56:02.754+0000] {processor.py:914} INFO - Processing file /home/airflow/.local/lib/python3.12/site-packages/airflow/example_dags/example_xcomargs.py for tasks to queue
[2026-07-18T20:56:02.757+0000] {logging_mixin.py:190} INFO - [2026-07-18T20:56:02.756+0000] {dagbag.py:588} INFO - Filling up the DagBag from /home/airflow/.local/lib/python3.12/site-packages/airflow/example_dags/example_xcomargs.py
[2026-07-18T20:56:02.766+0000] {processor.py:925} INFO - DAG(s) 'example_xcom_args_with_operators', 'example_xcom_args' retrieved from /home/airflow/.local/lib/python3.12/site-packages/airflow/example_dags/example_xcomargs.py
[2026-07-18T20:56:02.788+0000] {logging_mixin.py:190} INFO - [2026-07-18T20:56:02.788+0000] {dag.py:3239} INFO - Sync 2 DAGs
[2026-07-18T20:56:02.806+0000] {logging_mixin.py:190} INFO - [2026-07-18T20:56:02.806+0000] {dag.py:4180} INFO - Setting next_dagrun for example_xcom_args to None, run_after=None
[2026-07-18T20:56:02.811+0000] {logging_mixin.py:190} INFO - [2026-07-18T20:56:02.810+0000] {dag.py:4180} INFO - Setting next_dagrun for example_xcom_args_with_operators to None, run_after=None
[2026-07-18T20:56:02.827+0000] {processor.py:208} INFO - Processing /home/airflow/.local/lib/python3.12/site-packages/airflow/example_dags/example_xcomargs.py took 0.080 seconds
[2026-07-18T20:56:33.172+0000] {processor.py:186} INFO - Started process (PID=892) to work on /home/airflow/.local/lib/python3.12/site-packages/airflow/example_dags/example_xcomargs.py
[2026-07-18T20:56:33.173+0000] {processor.py:914} INFO - Processing file /home/airflow/.local/lib/python3.12/site-packages/airflow/example_dags/example_xcomargs.py for tasks to queue
[2026-07-18T20:56:33.176+0000] {logging_mixin.py:190} INFO - [2026-07-18T20:56:33.176+0000] {dagbag.py:588} INFO - Filling up the DagBag from /home/airflow/.local/lib/python3.12/site-packages/airflow/example_dags/example_xcomargs.py
[2026-07-18T20:56:33.185+0000] {processor.py:925} INFO - DAG(s) 'example_xcom_args', 'example_xcom_args_with_operators' retrieved from /home/airflow/.local/lib/python3.12/site-packages/airflow/example_dags/example_xcomargs.py
[2026-07-18T20:56:33.205+0000] {logging_mixin.py:190} INFO - [2026-07-18T20:56:33.205+0000] {dag.py:3239} INFO - Sync 2 DAGs
[2026-07-18T20:56:33.217+0000] {logging_mixin.py:190} INFO - [2026-07-18T20:56:33.217+0000] {dag.py:4180} INFO - Setting next_dagrun for example_xcom_args to None, run_after=None
[2026-07-18T20:56:33.221+0000] {logging_mixin.py:190} INFO - [2026-07-18T20:56:33.221+0000] {dag.py:4180} INFO - Setting next_dagrun for example_xcom_args_with_operators to None, run_after=None
[2026-07-18T20:56:33.278+0000] {processor.py:208} INFO - Processing /home/airflow/.local/lib/python3.12/site-packages/airflow/example_dags/example_xcomargs.py took 0.111 seconds
[2026-07-18T20:57:03.733+0000] {processor.py:186} INFO - Started process (PID=961) to work on /home/airflow/.local/lib/python3.12/site-packages/airflow/example_dags/example_xcomargs.py
[2026-07-18T20:57:03.734+0000] {processor.py:914} INFO - Processing file /home/airflow/.local/lib/python3.12/site-packages/airflow/example_dags/example_xcomargs.py for tasks to queue
[2026-07-18T20:57:03.737+0000] {logging_mixin.py:190} INFO - [2026-07-18T20:57:03.737+0000] {dagbag.py:588} INFO - Filling up the DagBag from /home/airflow/.local/lib/python3.12/site-packages/airflow/example_dags/example_xcomargs.py
[2026-07-18T20:57:03.746+0000] {processor.py:925} INFO - DAG(s) 'example_xcom_args', 'example_xcom_args_with_operators' retrieved from /home/airflow/.local/lib/python3.12/site-packages/airflow/example_dags/example_xcomargs.py
[2026-07-18T20:57:03.765+0000] {logging_mixin.py:190} INFO - [2026-07-18T20:57:03.765+0000] {dag.py:3239} INFO - Sync 2 DAGs
[2026-07-18T20:57:03.777+0000] {logging_mixin.py:190} INFO - [2026-07-18T20:57:03.776+0000] {dag.py:4180} INFO - Setting next_dagrun for example_xcom_args to None, run_after=None
[2026-07-18T20:57:03.780+0000] {logging_mixin.py:190} INFO - [2026-07-18T20:57:03.780+0000] {dag.py:4180} INFO - Setting next_dagrun for example_xcom_args_with_operators to None, run_after=None
[2026-07-18T20:57:03.799+0000] {processor.py:208} INFO - Processing /home/airflow/.local/lib/python3.12/site-packages/airflow/example_dags/example_xcomargs.py took 0.070 seconds
[2026-07-18T20:57:33.903+0000] {processor.py:186} INFO - Started process (PID=1024) to work on /home/airflow/.local/lib/python3.12/site-packages/airflow/example_dags/example_xcomargs.py
[2026-07-18T20:57:33.904+0000] {processor.py:914} INFO - Processing file /home/airflow/.local/lib/python3.12/site-packages/airflow/example_dags/example_xcomargs.py for tasks to queue
[2026-07-18T20:57:33.907+0000] {logging_mixin.py:190} INFO - [2026-07-18T20:57:33.907+0000] {dagbag.py:588} INFO - Filling up the DagBag from /home/airflow/.local/lib/python3.12/site-packages/airflow/example_dags/example_xcomargs.py
[2026-07-18T20:57:33.920+0000] {processor.py:925} INFO - DAG(s) 'example_xcom_args_with_operators', 'example_xcom_args' retrieved from /home/airflow/.local/lib/python3.12/site-packages/airflow/example_dags/example_xcomargs.py
[2026-07-18T20:57:33.947+0000] {logging_mixin.py:190} INFO - [2026-07-18T20:57:33.947+0000] {dag.py:3239} INFO - Sync 2 DAGs
[2026-07-18T20:57:33.967+0000] {logging_mixin.py:190} INFO - [2026-07-18T20:57:33.966+0000] {dag.py:4180} INFO - Setting next_dagrun for example_xcom_args to None, run_after=None
[2026-07-18T20:57:33.972+0000] {logging_mixin.py:190} INFO - [2026-07-18T20:57:33.971+0000] {dag.py:4180} INFO - Setting next_dagrun for example_xcom_args_with_operators to None, run_after=None
[2026-07-18T20:57:33.993+0000] {processor.py:208} INFO - Processing /home/airflow/.local/lib/python3.12/site-packages/airflow/example_dags/example_xcomargs.py took 0.096 seconds
[2026-07-18T20:58:04.391+0000] {processor.py:186} INFO - Started process (PID=1086) to work on /home/airflow/.local/lib/python3.12/site-packages/airflow/example_dags/example_xcomargs.py
[2026-07-18T20:58:04.392+0000] {processor.py:914} INFO - Processing file /home/airflow/.local/lib/python3.12/site-packages/airflow/example_dags/example_xcomargs.py for tasks to queue
[2026-07-18T20:58:04.395+0000] {logging_mixin.py:190} INFO - [2026-07-18T20:58:04.394+0000] {dagbag.py:588} INFO - Filling up the DagBag from /home/airflow/.local/lib/python3.12/site-packages/airflow/example_dags/example_xcomargs.py
[2026-07-18T20:58:04.403+0000] {processor.py:925} INFO - DAG(s) 'example_xcom_args', 'example_xcom_args_with_operators' retrieved from /home/airflow/.local/lib/python3.12/site-packages/airflow/example_dags/example_xcomargs.py
[2026-07-18T20:58:04.422+0000] {logging_mixin.py:190} INFO - [2026-07-18T20:58:04.422+0000] {dag.py:3239} INFO - Sync 2 DAGs
[2026-07-18T20:58:04.434+0000] {logging_mixin.py:190} INFO - [2026-07-18T20:58:04.434+0000] {dag.py:4180} INFO - Setting next_dagrun for example_xcom_args to None, run_after=None
[2026-07-18T20:58:04.438+0000] {logging_mixin.py:190} INFO - [2026-07-18T20:58:04.437+0000] {dag.py:4180} INFO - Setting next_dagrun for example_xcom_args_with_operators to None, run_after=None
[2026-07-18T20:58:04.451+0000] {processor.py:208} INFO - Processing /home/airflow/.local/lib/python3.12/site-packages/airflow/example_dags/example_xcomargs.py took 0.066 seconds
[2026-07-18T20:58:34.550+0000] {processor.py:186} INFO - Started process (PID=1149) to work on /home/airflow/.local/lib/python3.12/site-packages/airflow/example_dags/example_xcomargs.py
[2026-07-18T20:58:34.551+0000] {processor.py:914} INFO - Processing file /home/airflow/.local/lib/python3.12/site-packages/airflow/example_dags/example_xcomargs.py for tasks to queue
[2026-07-18T20:58:34.554+0000] {logging_mixin.py:190} INFO - [2026-07-18T20:58:34.554+0000] {dagbag.py:588} INFO - Filling up the DagBag from /home/airflow/.local/lib/python3.12/site-packages/airflow/example_dags/example_xcomargs.py
[2026-07-18T20:58:34.565+0000] {processor.py:925} INFO - DAG(s) 'example_xcom_args', 'example_xcom_args_with_operators' retrieved from /home/airflow/.local/lib/python3.12/site-packages/airflow/example_dags/example_xcomargs.py
[2026-07-18T20:58:34.584+0000] {logging_mixin.py:190} INFO - [2026-07-18T20:58:34.584+0000] {dag.py:3239} INFO - Sync 2 DAGs
[2026-07-18T20:58:34.599+0000] {logging_mixin.py:190} INFO - [2026-07-18T20:58:34.598+0000] {dag.py:4180} INFO - Setting next_dagrun for example_xcom_args to None, run_after=None
[2026-07-18T20:58:34.603+0000] {logging_mixin.py:190} INFO - [2026-07-18T20:58:34.603+0000] {dag.py:4180} INFO - Setting next_dagrun for example_xcom_args_with_operators to None, run_after=None
[2026-07-18T20:58:34.622+0000] {processor.py:208} INFO - Processing /home/airflow/.local/lib/python3.12/site-packages/airflow/example_dags/example_xcomargs.py took 0.079 seconds
[2026-07-18T20:59:04.811+0000] {processor.py:186} INFO - Started process (PID=1212) to work on /home/airflow/.local/lib/python3.12/site-packages/airflow/example_dags/example_xcomargs.py
[2026-07-18T20:59:04.813+0000] {processor.py:914} INFO - Processing file /home/airflow/.local/lib/python3.12/site-packages/airflow/example_dags/example_xcomargs.py for tasks to queue
[2026-07-18T20:59:04.816+0000] {logging_mixin.py:190} INFO - [2026-07-18T20:59:04.816+0000] {dagbag.py:588} INFO - Filling up the DagBag from /home/airflow/.local/lib/python3.12/site-packages/airflow/example_dags/example_xcomargs.py
[2026-07-18T20:59:04.827+0000] {processor.py:925} INFO - DAG(s) 'example_xcom_args', 'example_xcom_args_with_operators' retrieved from /home/airflow/.local/lib/python3.12/site-packages/airflow/example_dags/example_xcomargs.py
[2026-07-18T20:59:04.856+0000] {logging_mixin.py:190} INFO - [2026-07-18T20:59:04.855+0000] {dag.py:3239} INFO - Sync 2 DAGs
[2026-07-18T20:59:04.871+0000] {logging_mixin.py:190} INFO - [2026-07-18T20:59:04.871+0000] {dag.py:4180} INFO - Setting next_dagrun for example_xcom_args to None, run_after=None
[2026-07-18T20:59:04.876+0000] {logging_mixin.py:190} INFO - [2026-07-18T20:59:04.876+0000] {dag.py:4180} INFO - Setting next_dagrun for example_xcom_args_with_operators to None, run_after=None
[2026-07-18T20:59:04.896+0000] {processor.py:208} INFO - Processing /home/airflow/.local/lib/python3.12/site-packages/airflow/example_dags/example_xcomargs.py took 0.093 seconds
[2026-07-18T20:59:35.689+0000] {processor.py:186} INFO - Started process (PID=1275) to work on /home/airflow/.local/lib/python3.12/site-packages/airflow/example_dags/example_xcomargs.py
[2026-07-18T20:59:35.691+0000] {processor.py:914} INFO - Processing file /home/airflow/.local/lib/python3.12/site-packages/airflow/example_dags/example_xcomargs.py for tasks to queue
[2026-07-18T20:59:35.694+0000] {logging_mixin.py:190} INFO - [2026-07-18T20:59:35.694+0000] {dagbag.py:588} INFO - Filling up the DagBag from /home/airflow/.local/lib/python3.12/site-packages/airflow/example_dags/example_xcomargs.py
[2026-07-18T20:59:35.704+0000] {processor.py:925} INFO - DAG(s) 'example_xcom_args_with_operators', 'example_xcom_args' retrieved from /home/airflow/.local/lib/python3.12/site-packages/airflow/example_dags/example_xcomargs.py
[2026-07-18T20:59:35.730+0000] {logging_mixin.py:190} INFO - [2026-07-18T20:59:35.730+0000] {dag.py:3239} INFO - Sync 2 DAGs
[2026-07-18T20:59:35.746+0000] {logging_mixin.py:190} INFO - [2026-07-18T20:59:35.746+0000] {dag.py:4180} INFO - Setting next_dagrun for example_xcom_args to None, run_after=None
[2026-07-18T20:59:35.751+0000] {logging_mixin.py:190} INFO - [2026-07-18T20:59:35.751+0000] {dag.py:4180} INFO - Setting next_dagrun for example_xcom_args_with_operators to None, run_after=None
[2026-07-18T20:59:35.767+0000] {processor.py:208} INFO - Processing /home/airflow/.local/lib/python3.12/site-packages/airflow/example_dags/example_xcomargs.py took 0.085 seconds
[2026-07-18T21:00:06.398+0000] {processor.py:186} INFO - Started process (PID=1338) to work on /home/airflow/.local/lib/python3.12/site-packages/airflow/example_dags/example_xcomargs.py
[2026-07-18T21:00:06.400+0000] {processor.py:914} INFO - Processing file /home/airflow/.local/lib/python3.12/site-packages/airflow/example_dags/example_xcomargs.py for tasks to queue
[2026-07-18T21:00:06.403+0000] {logging_mixin.py:190} INFO - [2026-07-18T21:00:06.402+0000] {dagbag.py:588} INFO - Filling up the DagBag from /home/airflow/.local/lib/python3.12/site-packages/airflow/example_dags/example_xcomargs.py
[2026-07-18T21:00:06.411+0000] {processor.py:925} INFO - DAG(s) 'example_xcom_args_with_operators', 'example_xcom_args' retrieved from /home/airflow/.local/lib/python3.12/site-packages/airflow/example_dags/example_xcomargs.py
[2026-07-18T21:00:06.432+0000] {logging_mixin.py:190} INFO - [2026-07-18T21:00:06.432+0000] {dag.py:3239} INFO - Sync 2 DAGs
[2026-07-18T21:00:06.445+0000] {logging_mixin.py:190} INFO - [2026-07-18T21:00:06.445+0000] {dag.py:4180} INFO - Setting next_dagrun for example_xcom_args to None, run_after=None
[2026-07-18T21:00:06.449+0000] {logging_mixin.py:190} INFO - [2026-07-18T21:00:06.449+0000] {dag.py:4180} INFO - Setting next_dagrun for example_xcom_args_with_operators to None, run_after=None
[2026-07-18T21:00:06.546+0000] {processor.py:208} INFO - Processing /home/airflow/.local/lib/python3.12/site-packages/airflow/example_dags/example_xcomargs.py took 0.154 seconds
[2026-07-18T21:00:37.664+0000] {processor.py:186} INFO - Started process (PID=1401) to work on /home/airflow/.local/lib/python3.12/site-packages/airflow/example_dags/example_xcomargs.py
[2026-07-18T21:00:37.667+0000] {processor.py:914} INFO - Processing file /home/airflow/.local/lib/python3.12/site-packages/airflow/example_dags/example_xcomargs.py for tasks to queue
[2026-07-18T21:00:37.675+0000] {logging_mixin.py:190} INFO - [2026-07-18T21:00:37.673+0000] {dagbag.py:588} INFO - Filling up the DagBag from /home/airflow/.local/lib/python3.12/site-packages/airflow/example_dags/example_xcomargs.py
[2026-07-18T21:00:37.695+0000] {processor.py:925} INFO - DAG(s) 'example_xcom_args_with_operators', 'example_xcom_args' retrieved from /home/airflow/.local/lib/python3.12/site-packages/airflow/example_dags/example_xcomargs.py
[2026-07-18T21:00:37.731+0000] {logging_mixin.py:190} INFO - [2026-07-18T21:00:37.731+0000] {dag.py:3239} INFO - Sync 2 DAGs
[2026-07-18T21:00:37.750+0000] {logging_mixin.py:190} INFO - [2026-07-18T21:00:37.749+0000] {dag.py:4180} INFO - Setting next_dagrun for example_xcom_args to None, run_after=None
[2026-07-18T21:00:37.758+0000] {logging_mixin.py:190} INFO - [2026-07-18T21:00:37.758+0000] {dag.py:4180} INFO - Setting next_dagrun for example_xcom_args_with_operators to None, run_after=None
[2026-07-18T21:00:37.782+0000] {processor.py:208} INFO - Processing /home/airflow/.local/lib/python3.12/site-packages/airflow/example_dags/example_xcomargs.py took 0.129 seconds
[2026-07-18T21:01:10.133+0000] {processor.py:186} INFO - Started process (PID=1464) to work on /home/airflow/.local/lib/python3.12/site-packages/airflow/example_dags/example_xcomargs.py
[2026-07-18T21:01:10.135+0000] {processor.py:914} INFO - Processing file /home/airflow/.local/lib/python3.12/site-packages/airflow/example_dags/example_xcomargs.py for tasks to queue
[2026-07-18T21:01:10.142+0000] {logging_mixin.py:190} INFO - [2026-07-18T21:01:10.141+0000] {dagbag.py:588} INFO - Filling up the DagBag from /home/airflow/.local/lib/python3.12/site-packages/airflow/example_dags/example_xcomargs.py
[2026-07-18T21:01:10.167+0000] {processor.py:925} INFO - DAG(s) 'example_xcom_args_with_operators', 'example_xcom_args' retrieved from /home/airflow/.local/lib/python3.12/site-packages/airflow/example_dags/example_xcomargs.py
[2026-07-18T21:01:10.209+0000] {logging_mixin.py:190} INFO - [2026-07-18T21:01:10.209+0000] {dag.py:3239} INFO - Sync 2 DAGs
[2026-07-18T21:01:10.231+0000] {logging_mixin.py:190} INFO - [2026-07-18T21:01:10.230+0000] {dag.py:4180} INFO - Setting next_dagrun for example_xcom_args to None, run_after=None
[2026-07-18T21:01:10.239+0000] {logging_mixin.py:190} INFO - [2026-07-18T21:01:10.238+0000] {dag.py:4180} INFO - Setting next_dagrun for example_xcom_args_with_operators to None, run_after=None
[2026-07-18T21:01:10.278+0000] {processor.py:208} INFO - Processing /home/airflow/.local/lib/python3.12/site-packages/airflow/example_dags/example_xcomargs.py took 0.160 seconds
[2026-07-18T21:01:40.950+0000] {processor.py:186} INFO - Started process (PID=1527) to work on /home/airflow/.local/lib/python3.12/site-packages/airflow/example_dags/example_xcomargs.py
[2026-07-18T21:01:40.953+0000] {processor.py:914} INFO - Processing file /home/airflow/.local/lib/python3.12/site-packages/airflow/example_dags/example_xcomargs.py for tasks to queue
[2026-07-18T21:01:40.958+0000] {logging_mixin.py:190} INFO - [2026-07-18T21:01:40.957+0000] {dagbag.py:588} INFO - Filling up the DagBag from /home/airflow/.local/lib/python3.12/site-packages/airflow/example_dags/example_xcomargs.py
[2026-07-18T21:01:40.973+0000] {processor.py:925} INFO - DAG(s) 'example_xcom_args', 'example_xcom_args_with_operators' retrieved from /home/airflow/.local/lib/python3.12/site-packages/airflow/example_dags/example_xcomargs.py
[2026-07-18T21:01:41.011+0000] {logging_mixin.py:190} INFO - [2026-07-18T21:01:41.011+0000] {dag.py:3239} INFO - Sync 2 DAGs
[2026-07-18T21:01:41.039+0000] {logging_mixin.py:190} INFO - [2026-07-18T21:01:41.039+0000] {dag.py:4180} INFO - Setting next_dagrun for example_xcom_args to None, run_after=None
[2026-07-18T21:01:41.049+0000] {logging_mixin.py:190} INFO - [2026-07-18T21:01:41.049+0000] {dag.py:4180} INFO - Setting next_dagrun for example_xcom_args_with_operators to None, run_after=None
[2026-07-18T21:01:41.092+0000] {processor.py:208} INFO - Processing /home/airflow/.local/lib/python3.12/site-packages/airflow/example_dags/example_xcomargs.py took 0.150 seconds
[2026-07-18T21:02:11.216+0000] {processor.py:186} INFO - Started process (PID=1585) to work on /home/airflow/.local/lib/python3.12/site-packages/airflow/example_dags/example_xcomargs.py
[2026-07-18T21:02:11.219+0000] {processor.py:914} INFO - Processing file /home/airflow/.local/lib/python3.12/site-packages/airflow/example_dags/example_xcomargs.py for tasks to queue
[2026-07-18T21:02:11.224+0000] {logging_mixin.py:190} INFO - [2026-07-18T21:02:11.223+0000] {dagbag.py:588} INFO - Filling up the DagBag from /home/airflow/.local/lib/python3.12/site-packages/airflow/example_dags/example_xcomargs.py
[2026-07-18T21:02:11.241+0000] {processor.py:925} INFO - DAG(s) 'example_xcom_args_with_operators', 'example_xcom_args' retrieved from /home/airflow/.local/lib/python3.12/site-packages/airflow/example_dags/example_xcomargs.py
[2026-07-18T21:02:11.280+0000] {logging_mixin.py:190} INFO - [2026-07-18T21:02:11.280+0000] {dag.py:3239} INFO - Sync 2 DAGs
[2026-07-18T21:02:11.299+0000] {logging_mixin.py:190} INFO - [2026-07-18T21:02:11.299+0000] {dag.py:4180} INFO - Setting next_dagrun for example_xcom_args to None, run_after=None
[2026-07-18T21:02:11.309+0000] {logging_mixin.py:190} INFO - [2026-07-18T21:02:11.309+0000] {dag.py:4180} INFO - Setting next_dagrun for example_xcom_args_with_operators to None, run_after=None
[2026-07-18T21:02:11.335+0000] {processor.py:208} INFO - Processing /home/airflow/.local/lib/python3.12/site-packages/airflow/example_dags/example_xcomargs.py took 0.129 seconds
[2026-07-18T21:02:41.657+0000] {processor.py:186} INFO - Started process (PID=1640) to work on /home/airflow/.local/lib/python3.12/site-packages/airflow/example_dags/example_xcomargs.py
[2026-07-18T21:02:41.659+0000] {processor.py:914} INFO - Processing file /home/airflow/.local/lib/python3.12/site-packages/airflow/example_dags/example_xcomargs.py for tasks to queue
[2026-07-18T21:02:41.664+0000] {logging_mixin.py:190} INFO - [2026-07-18T21:02:41.663+0000] {dagbag.py:588} INFO - Filling up the DagBag from /home/airflow/.local/lib/python3.12/site-packages/airflow/example_dags/example_xcomargs.py
[2026-07-18T21:02:41.682+0000] {processor.py:925} INFO - DAG(s) 'example_xcom_args', 'example_xcom_args_with_operators' retrieved from /home/airflow/.local/lib/python3.12/site-packages/airflow/example_dags/example_xcomargs.py
[2026-07-18T21:02:41.723+0000] {logging_mixin.py:190} INFO - [2026-07-18T21:02:41.722+0000] {dag.py:3239} INFO - Sync 2 DAGs
[2026-07-18T21:02:41.758+0000] {logging_mixin.py:190} INFO - [2026-07-18T21:02:41.757+0000] {dag.py:4180} INFO - Setting next_dagrun for example_xcom_args to None, run_after=None
[2026-07-18T21:02:41.768+0000] {logging_mixin.py:190} INFO - [2026-07-18T21:02:41.767+0000] {dag.py:4180} INFO - Setting next_dagrun for example_xcom_args_with_operators to None, run_after=None
[2026-07-18T21:02:41.806+0000] {processor.py:208} INFO - Processing /home/airflow/.local/lib/python3.12/site-packages/airflow/example_dags/example_xcomargs.py took 0.159 seconds
[2026-07-18T21:03:13.132+0000] {processor.py:186} INFO - Started process (PID=1703) to work on /home/airflow/.local/lib/python3.12/site-packages/airflow/example_dags/example_xcomargs.py
[2026-07-18T21:03:13.134+0000] {processor.py:914} INFO - Processing file /home/airflow/.local/lib/python3.12/site-packages/airflow/example_dags/example_xcomargs.py for tasks to queue
[2026-07-18T21:03:13.139+0000] {logging_mixin.py:190} INFO - [2026-07-18T21:03:13.138+0000] {dagbag.py:588} INFO - Filling up the DagBag from /home/airflow/.local/lib/python3.12/site-packages/airflow/example_dags/example_xcomargs.py
[2026-07-18T21:03:13.152+0000] {processor.py:925} INFO - DAG(s) 'example_xcom_args_with_operators', 'example_xcom_args' retrieved from /home/airflow/.local/lib/python3.12/site-packages/airflow/example_dags/example_xcomargs.py
[2026-07-18T21:03:13.189+0000] {logging_mixin.py:190} INFO - [2026-07-18T21:03:13.189+0000] {dag.py:3239} INFO - Sync 2 DAGs
[2026-07-18T21:03:13.218+0000] {logging_mixin.py:190} INFO - [2026-07-18T21:03:13.217+0000] {dag.py:4180} INFO - Setting next_dagrun for example_xcom_args to None, run_after=None
[2026-07-18T21:03:13.228+0000] {logging_mixin.py:190} INFO - [2026-07-18T21:03:13.228+0000] {dag.py:4180} INFO - Setting next_dagrun for example_xcom_args_with_operators to None, run_after=None
[2026-07-18T21:03:13.280+0000] {processor.py:208} INFO - Processing /home/airflow/.local/lib/python3.12/site-packages/airflow/example_dags/example_xcomargs.py took 0.158 seconds
[2026-07-18T21:03:43.660+0000] {processor.py:186} INFO - Started process (PID=1763) to work on /home/airflow/.local/lib/python3.12/site-packages/airflow/example_dags/example_xcomargs.py
[2026-07-18T21:03:43.663+0000] {processor.py:914} INFO - Processing file /home/airflow/.local/lib/python3.12/site-packages/airflow/example_dags/example_xcomargs.py for tasks to queue
[2026-07-18T21:03:43.668+0000] {logging_mixin.py:190} INFO - [2026-07-18T21:03:43.668+0000] {dagbag.py:588} INFO - Filling up the DagBag from /home/airflow/.local/lib/python3.12/site-packages/airflow/example_dags/example_xcomargs.py
[2026-07-18T21:03:43.691+0000] {processor.py:925} INFO - DAG(s) 'example_xcom_args', 'example_xcom_args_with_operators' retrieved from /home/airflow/.local/lib/python3.12/site-packages/airflow/example_dags/example_xcomargs.py
[2026-07-18T21:03:43.735+0000] {logging_mixin.py:190} INFO - [2026-07-18T21:03:43.734+0000] {dag.py:3239} INFO - Sync 2 DAGs
[2026-07-18T21:03:43.762+0000] {logging_mixin.py:190} INFO - [2026-07-18T21:03:43.762+0000] {dag.py:4180} INFO - Setting next_dagrun for example_xcom_args to None, run_after=None
[2026-07-18T21:03:43.773+0000] {logging_mixin.py:190} INFO - [2026-07-18T21:03:43.772+0000] {dag.py:4180} INFO - Setting next_dagrun for example_xcom_args_with_operators to None, run_after=None
[2026-07-18T21:03:43.818+0000] {processor.py:208} INFO - Processing /home/airflow/.local/lib/python3.12/site-packages/airflow/example_dags/example_xcomargs.py took 0.169 seconds
[2026-07-18T21:04:14.903+0000] {processor.py:186} INFO - Started process (PID=1823) to work on /home/airflow/.local/lib/python3.12/site-packages/airflow/example_dags/example_xcomargs.py
[2026-07-18T21:04:14.905+0000] {processor.py:914} INFO - Processing file /home/airflow/.local/lib/python3.12/site-packages/airflow/example_dags/example_xcomargs.py for tasks to queue
[2026-07-18T21:04:14.911+0000] {logging_mixin.py:190} INFO - [2026-07-18T21:04:14.911+0000] {dagbag.py:588} INFO - Filling up the DagBag from /home/airflow/.local/lib/python3.12/site-packages/airflow/example_dags/example_xcomargs.py
[2026-07-18T21:04:14.935+0000] {processor.py:925} INFO - DAG(s) 'example_xcom_args_with_operators', 'example_xcom_args' retrieved from /home/airflow/.local/lib/python3.12/site-packages/airflow/example_dags/example_xcomargs.py
[2026-07-18T21:04:14.988+0000] {logging_mixin.py:190} INFO - [2026-07-18T21:04:14.988+0000] {dag.py:3239} INFO - Sync 2 DAGs
[2026-07-18T21:04:15.019+0000] {logging_mixin.py:190} INFO - [2026-07-18T21:04:15.018+0000] {dag.py:4180} INFO - Setting next_dagrun for example_xcom_args to None, run_after=None
[2026-07-18T21:04:15.026+0000] {logging_mixin.py:190} INFO - [2026-07-18T21:04:15.026+0000] {dag.py:4180} INFO - Setting next_dagrun for example_xcom_args_with_operators to None, run_after=None
[2026-07-18T21:04:15.054+0000] {processor.py:208} INFO - Processing /home/airflow/.local/lib/python3.12/site-packages/airflow/example_dags/example_xcomargs.py took 0.161 seconds
[2026-07-18T21:04:45.607+0000] {processor.py:186} INFO - Started process (PID=1881) to work on /home/airflow/.local/lib/python3.12/site-packages/airflow/example_dags/example_xcomargs.py
[2026-07-18T21:04:45.609+0000] {processor.py:914} INFO - Processing file /home/airflow/.local/lib/python3.12/site-packages/airflow/example_dags/example_xcomargs.py for tasks to queue
[2026-07-18T21:04:45.615+0000] {logging_mixin.py:190} INFO - [2026-07-18T21:04:45.614+0000] {dagbag.py:588} INFO - Filling up the DagBag from /home/airflow/.local/lib/python3.12/site-packages/airflow/example_dags/example_xcomargs.py
[2026-07-18T21:04:45.638+0000] {processor.py:925} INFO - DAG(s) 'example_xcom_args', 'example_xcom_args_with_operators' retrieved from /home/airflow/.local/lib/python3.12/site-packages/airflow/example_dags/example_xcomargs.py
[2026-07-18T21:04:45.686+0000] {logging_mixin.py:190} INFO - [2026-07-18T21:04:45.685+0000] {dag.py:3239} INFO - Sync 2 DAGs
[2026-07-18T21:04:45.748+0000] {logging_mixin.py:190} INFO - [2026-07-18T21:04:45.747+0000] {dag.py:4180} INFO - Setting next_dagrun for example_xcom_args to None, run_after=None
[2026-07-18T21:04:45.757+0000] {logging_mixin.py:190} INFO - [2026-07-18T21:04:45.756+0000] {dag.py:4180} INFO - Setting next_dagrun for example_xcom_args_with_operators to None, run_after=None
[2026-07-18T21:04:45.790+0000] {processor.py:208} INFO - Processing /home/airflow/.local/lib/python3.12/site-packages/airflow/example_dags/example_xcomargs.py took 0.193 seconds
[2026-07-18T21:05:16.201+0000] {processor.py:186} INFO - Started process (PID=1943) to work on /home/airflow/.local/lib/python3.12/site-packages/airflow/example_dags/example_xcomargs.py
[2026-07-18T21:05:16.202+0000] {processor.py:914} INFO - Processing file /home/airflow/.local/lib/python3.12/site-packages/airflow/example_dags/example_xcomargs.py for tasks to queue
[2026-07-18T21:05:16.205+0000] {logging_mixin.py:190} INFO - [2026-07-18T21:05:16.204+0000] {dagbag.py:588} INFO - Filling up the DagBag from /home/airflow/.local/lib/python3.12/site-packages/airflow/example_dags/example_xcomargs.py
[2026-07-18T21:05:16.215+0000] {processor.py:925} INFO - DAG(s) 'example_xcom_args', 'example_xcom_args_with_operators' retrieved from /home/airflow/.local/lib/python3.12/site-packages/airflow/example_dags/example_xcomargs.py
[2026-07-18T21:05:16.235+0000] {logging_mixin.py:190} INFO - [2026-07-18T21:05:16.235+0000] {dag.py:3239} INFO - Sync 2 DAGs
[2026-07-18T21:05:16.249+0000] {logging_mixin.py:190} INFO - [2026-07-18T21:05:16.249+0000] {dag.py:4180} INFO - Setting next_dagrun for example_xcom_args to None, run_after=None
[2026-07-18T21:05:16.253+0000] {logging_mixin.py:190} INFO - [2026-07-18T21:05:16.253+0000] {dag.py:4180} INFO - Setting next_dagrun for example_xcom_args_with_operators to None, run_after=None
[2026-07-18T21:05:16.267+0000] {processor.py:208} INFO - Processing /home/airflow/.local/lib/python3.12/site-packages/airflow/example_dags/example_xcomargs.py took 0.072 seconds
[2026-07-18T21:05:46.842+0000] {processor.py:186} INFO - Started process (PID=1995) to work on /home/airflow/.local/lib/python3.12/site-packages/airflow/example_dags/example_xcomargs.py
[2026-07-18T21:05:46.845+0000] {processor.py:914} INFO - Processing file /home/airflow/.local/lib/python3.12/site-packages/airflow/example_dags/example_xcomargs.py for tasks to queue
[2026-07-18T21:05:46.851+0000] {logging_mixin.py:190} INFO - [2026-07-18T21:05:46.850+0000] {dagbag.py:588} INFO - Filling up the DagBag from /home/airflow/.local/lib/python3.12/site-packages/airflow/example_dags/example_xcomargs.py
[2026-07-18T21:05:46.868+0000] {processor.py:925} INFO - DAG(s) 'example_xcom_args_with_operators', 'example_xcom_args' retrieved from /home/airflow/.local/lib/python3.12/site-packages/airflow/example_dags/example_xcomargs.py
[2026-07-18T21:05:46.927+0000] {logging_mixin.py:190} INFO - [2026-07-18T21:05:46.927+0000] {dag.py:3239} INFO - Sync 2 DAGs
[2026-07-18T21:05:46.960+0000] {logging_mixin.py:190} INFO - [2026-07-18T21:05:46.959+0000] {dag.py:4180} INFO - Setting next_dagrun for example_xcom_args to None, run_after=None
[2026-07-18T21:05:46.969+0000] {logging_mixin.py:190} INFO - [2026-07-18T21:05:46.968+0000] {dag.py:4180} INFO - Setting next_dagrun for example_xcom_args_with_operators to None, run_after=None
[2026-07-18T21:05:47.079+0000] {processor.py:208} INFO - Processing /home/airflow/.local/lib/python3.12/site-packages/airflow/example_dags/example_xcomargs.py took 0.247 seconds
[2026-07-18T21:06:18.287+0000] {processor.py:186} INFO - Started process (PID=2057) to work on /home/airflow/.local/lib/python3.12/site-packages/airflow/example_dags/example_xcomargs.py
[2026-07-18T21:06:18.291+0000] {processor.py:914} INFO - Processing file /home/airflow/.local/lib/python3.12/site-packages/airflow/example_dags/example_xcomargs.py for tasks to queue
[2026-07-18T21:06:18.299+0000] {logging_mixin.py:190} INFO - [2026-07-18T21:06:18.298+0000] {dagbag.py:588} INFO - Filling up the DagBag from /home/airflow/.local/lib/python3.12/site-packages/airflow/example_dags/example_xcomargs.py
[2026-07-18T21:06:18.333+0000] {processor.py:925} INFO - DAG(s) 'example_xcom_args_with_operators', 'example_xcom_args' retrieved from /home/airflow/.local/lib/python3.12/site-packages/airflow/example_dags/example_xcomargs.py
[2026-07-18T21:06:18.395+0000] {logging_mixin.py:190} INFO - [2026-07-18T21:06:18.395+0000] {dag.py:3239} INFO - Sync 2 DAGs
[2026-07-18T21:06:18.437+0000] {logging_mixin.py:190} INFO - [2026-07-18T21:06:18.437+0000] {dag.py:4180} INFO - Setting next_dagrun for example_xcom_args to None, run_after=None
[2026-07-18T21:06:18.449+0000] {logging_mixin.py:190} INFO - [2026-07-18T21:06:18.448+0000] {dag.py:4180} INFO - Setting next_dagrun for example_xcom_args_with_operators to None, run_after=None
[2026-07-18T21:06:18.492+0000] {processor.py:208} INFO - Processing /home/airflow/.local/lib/python3.12/site-packages/airflow/example_dags/example_xcomargs.py took 0.224 seconds
[2026-07-18T21:06:48.794+0000] {processor.py:186} INFO - Started process (PID=2115) to work on /home/airflow/.local/lib/python3.12/site-packages/airflow/example_dags/example_xcomargs.py
[2026-07-18T21:06:48.797+0000] {processor.py:914} INFO - Processing file /home/airflow/.local/lib/python3.12/site-packages/airflow/example_dags/example_xcomargs.py for tasks to queue
[2026-07-18T21:06:48.801+0000] {logging_mixin.py:190} INFO - [2026-07-18T21:06:48.801+0000] {dagbag.py:588} INFO - Filling up the DagBag from /home/airflow/.local/lib/python3.12/site-packages/airflow/example_dags/example_xcomargs.py
[2026-07-18T21:06:48.819+0000] {processor.py:925} INFO - DAG(s) 'example_xcom_args', 'example_xcom_args_with_operators' retrieved from /home/airflow/.local/lib/python3.12/site-packages/airflow/example_dags/example_xcomargs.py
[2026-07-18T21:06:48.855+0000] {logging_mixin.py:190} INFO - [2026-07-18T21:06:48.855+0000] {dag.py:3239} INFO - Sync 2 DAGs
[2026-07-18T21:06:48.878+0000] {logging_mixin.py:190} INFO - [2026-07-18T21:06:48.877+0000] {dag.py:4180} INFO - Setting next_dagrun for example_xcom_args to None, run_after=None
[2026-07-18T21:06:48.883+0000] {logging_mixin.py:190} INFO - [2026-07-18T21:06:48.883+0000] {dag.py:4180} INFO - Setting next_dagrun for example_xcom_args_with_operators to None, run_after=None
[2026-07-18T21:06:48.932+0000] {processor.py:208} INFO - Processing /home/airflow/.local/lib/python3.12/site-packages/airflow/example_dags/example_xcomargs.py took 0.148 seconds
[2026-07-18T21:07:19.474+0000] {processor.py:186} INFO - Started process (PID=2177) to work on /home/airflow/.local/lib/python3.12/site-packages/airflow/example_dags/example_xcomargs.py
[2026-07-18T21:07:19.476+0000] {processor.py:914} INFO - Processing file /home/airflow/.local/lib/python3.12/site-packages/airflow/example_dags/example_xcomargs.py for tasks to queue
[2026-07-18T21:07:19.481+0000] {logging_mixin.py:190} INFO - [2026-07-18T21:07:19.481+0000] {dagbag.py:588} INFO - Filling up the DagBag from /home/airflow/.local/lib/python3.12/site-packages/airflow/example_dags/example_xcomargs.py
[2026-07-18T21:07:19.505+0000] {processor.py:925} INFO - DAG(s) 'example_xcom_args', 'example_xcom_args_with_operators' retrieved from /home/airflow/.local/lib/python3.12/site-packages/airflow/example_dags/example_xcomargs.py
[2026-07-18T21:07:19.551+0000] {logging_mixin.py:190} INFO - [2026-07-18T21:07:19.550+0000] {dag.py:3239} INFO - Sync 2 DAGs
[2026-07-18T21:07:19.577+0000] {logging_mixin.py:190} INFO - [2026-07-18T21:07:19.577+0000] {dag.py:4180} INFO - Setting next_dagrun for example_xcom_args to None, run_after=None
[2026-07-18T21:07:19.583+0000] {logging_mixin.py:190} INFO - [2026-07-18T21:07:19.583+0000] {dag.py:4180} INFO - Setting next_dagrun for example_xcom_args_with_operators to None, run_after=None
[2026-07-18T21:07:19.667+0000] {processor.py:208} INFO - Processing /home/airflow/.local/lib/python3.12/site-packages/airflow/example_dags/example_xcomargs.py took 0.201 seconds
[2026-07-18T21:07:49.895+0000] {processor.py:186} INFO - Started process (PID=2238) to work on /home/airflow/.local/lib/python3.12/site-packages/airflow/example_dags/example_xcomargs.py
[2026-07-18T21:07:49.898+0000] {processor.py:914} INFO - Processing file /home/airflow/.local/lib/python3.12/site-packages/airflow/example_dags/example_xcomargs.py for tasks to queue
[2026-07-18T21:07:49.905+0000] {logging_mixin.py:190} INFO - [2026-07-18T21:07:49.904+0000] {dagbag.py:588} INFO - Filling up the DagBag from /home/airflow/.local/lib/python3.12/site-packages/airflow/example_dags/example_xcomargs.py
[2026-07-18T21:07:49.926+0000] {processor.py:925} INFO - DAG(s) 'example_xcom_args', 'example_xcom_args_with_operators' retrieved from /home/airflow/.local/lib/python3.12/site-packages/airflow/example_dags/example_xcomargs.py
[2026-07-18T21:07:49.963+0000] {logging_mixin.py:190} INFO - [2026-07-18T21:07:49.963+0000] {dag.py:3239} INFO - Sync 2 DAGs
[2026-07-18T21:07:49.983+0000] {logging_mixin.py:190} INFO - [2026-07-18T21:07:49.983+0000] {dag.py:4180} INFO - Setting next_dagrun for example_xcom_args to None, run_after=None
[2026-07-18T21:07:49.989+0000] {logging_mixin.py:190} INFO - [2026-07-18T21:07:49.989+0000] {dag.py:4180} INFO - Setting next_dagrun for example_xcom_args_with_operators to None, run_after=None
[2026-07-18T21:07:50.056+0000] {processor.py:208} INFO - Processing /home/airflow/.local/lib/python3.12/site-packages/airflow/example_dags/example_xcomargs.py took 0.171 seconds
[2026-07-18T21:08:20.834+0000] {processor.py:186} INFO - Started process (PID=2301) to work on /home/airflow/.local/lib/python3.12/site-packages/airflow/example_dags/example_xcomargs.py
[2026-07-18T21:08:20.838+0000] {processor.py:914} INFO - Processing file /home/airflow/.local/lib/python3.12/site-packages/airflow/example_dags/example_xcomargs.py for tasks to queue
[2026-07-18T21:08:20.847+0000] {logging_mixin.py:190} INFO - [2026-07-18T21:08:20.846+0000] {dagbag.py:588} INFO - Filling up the DagBag from /home/airflow/.local/lib/python3.12/site-packages/airflow/example_dags/example_xcomargs.py
[2026-07-18T21:08:20.866+0000] {processor.py:925} INFO - DAG(s) 'example_xcom_args', 'example_xcom_args_with_operators' retrieved from /home/airflow/.local/lib/python3.12/site-packages/airflow/example_dags/example_xcomargs.py
[2026-07-18T21:08:20.909+0000] {logging_mixin.py:190} INFO - [2026-07-18T21:08:20.908+0000] {dag.py:3239} INFO - Sync 2 DAGs
[2026-07-18T21:08:20.941+0000] {logging_mixin.py:190} INFO - [2026-07-18T21:08:20.940+0000] {dag.py:4180} INFO - Setting next_dagrun for example_xcom_args to None, run_after=None
[2026-07-18T21:08:20.947+0000] {logging_mixin.py:190} INFO - [2026-07-18T21:08:20.946+0000] {dag.py:4180} INFO - Setting next_dagrun for example_xcom_args_with_operators to None, run_after=None
[2026-07-18T21:08:20.975+0000] {processor.py:208} INFO - Processing /home/airflow/.local/lib/python3.12/site-packages/airflow/example_dags/example_xcomargs.py took 0.154 seconds
[2026-07-18T21:16:25.650+0000] {processor.py:186} INFO - Started process (PID=2363) to work on /home/airflow/.local/lib/python3.12/site-packages/airflow/example_dags/example_xcomargs.py
[2026-07-18T21:16:25.656+0000] {processor.py:914} INFO - Processing file /home/airflow/.local/lib/python3.12/site-packages/airflow/example_dags/example_xcomargs.py for tasks to queue
[2026-07-18T21:16:25.669+0000] {logging_mixin.py:190} INFO - [2026-07-18T21:16:25.668+0000] {dagbag.py:588} INFO - Filling up the DagBag from /home/airflow/.local/lib/python3.12/site-packages/airflow/example_dags/example_xcomargs.py
[2026-07-18T21:16:25.732+0000] {processor.py:925} INFO - DAG(s) 'example_xcom_args_with_operators', 'example_xcom_args' retrieved from /home/airflow/.local/lib/python3.12/site-packages/airflow/example_dags/example_xcomargs.py
[2026-07-18T21:16:25.815+0000] {logging_mixin.py:190} INFO - [2026-07-18T21:16:25.815+0000] {dag.py:3239} INFO - Sync 2 DAGs
[2026-07-18T21:16:25.877+0000] {logging_mixin.py:190} INFO - [2026-07-18T21:16:25.877+0000] {dag.py:4180} INFO - Setting next_dagrun for example_xcom_args to None, run_after=None
[2026-07-18T21:16:25.896+0000] {logging_mixin.py:190} INFO - [2026-07-18T21:16:25.896+0000] {dag.py:4180} INFO - Setting next_dagrun for example_xcom_args_with_operators to None, run_after=None
[2026-07-18T21:16:25.988+0000] {processor.py:208} INFO - Processing /home/airflow/.local/lib/python3.12/site-packages/airflow/example_dags/example_xcomargs.py took 0.375 seconds
[2026-07-18T21:16:56.263+0000] {processor.py:186} INFO - Started process (PID=2426) to work on /home/airflow/.local/lib/python3.12/site-packages/airflow/example_dags/example_xcomargs.py
[2026-07-18T21:16:56.266+0000] {processor.py:914} INFO - Processing file /home/airflow/.local/lib/python3.12/site-packages/airflow/example_dags/example_xcomargs.py for tasks to queue
[2026-07-18T21:16:56.271+0000] {logging_mixin.py:190} INFO - [2026-07-18T21:16:56.270+0000] {dagbag.py:588} INFO - Filling up the DagBag from /home/airflow/.local/lib/python3.12/site-packages/airflow/example_dags/example_xcomargs.py
[2026-07-18T21:16:56.285+0000] {processor.py:925} INFO - DAG(s) 'example_xcom_args', 'example_xcom_args_with_operators' retrieved from /home/airflow/.local/lib/python3.12/site-packages/airflow/example_dags/example_xcomargs.py
[2026-07-18T21:16:56.318+0000] {logging_mixin.py:190} INFO - [2026-07-18T21:16:56.317+0000] {dag.py:3239} INFO - Sync 2 DAGs
[2026-07-18T21:16:56.336+0000] {logging_mixin.py:190} INFO - [2026-07-18T21:16:56.336+0000] {dag.py:4180} INFO - Setting next_dagrun for example_xcom_args to None, run_after=None
[2026-07-18T21:16:56.344+0000] {logging_mixin.py:190} INFO - [2026-07-18T21:16:56.344+0000] {dag.py:4180} INFO - Setting next_dagrun for example_xcom_args_with_operators to None, run_after=None
[2026-07-18T21:16:56.379+0000] {processor.py:208} INFO - Processing /home/airflow/.local/lib/python3.12/site-packages/airflow/example_dags/example_xcomargs.py took 0.126 seconds
[2026-07-18T21:17:26.788+0000] {processor.py:186} INFO - Started process (PID=2486) to work on /home/airflow/.local/lib/python3.12/site-packages/airflow/example_dags/example_xcomargs.py
[2026-07-18T21:17:26.792+0000] {processor.py:914} INFO - Processing file /home/airflow/.local/lib/python3.12/site-packages/airflow/example_dags/example_xcomargs.py for tasks to queue
[2026-07-18T21:17:26.799+0000] {logging_mixin.py:190} INFO - [2026-07-18T21:17:26.798+0000] {dagbag.py:588} INFO - Filling up the DagBag from /home/airflow/.local/lib/python3.12/site-packages/airflow/example_dags/example_xcomargs.py
[2026-07-18T21:17:26.827+0000] {processor.py:925} INFO - DAG(s) 'example_xcom_args_with_operators', 'example_xcom_args' retrieved from /home/airflow/.local/lib/python3.12/site-packages/airflow/example_dags/example_xcomargs.py
[2026-07-18T21:17:26.864+0000] {logging_mixin.py:190} INFO - [2026-07-18T21:17:26.864+0000] {dag.py:3239} INFO - Sync 2 DAGs
[2026-07-18T21:17:26.886+0000] {logging_mixin.py:190} INFO - [2026-07-18T21:17:26.886+0000] {dag.py:4180} INFO - Setting next_dagrun for example_xcom_args to None, run_after=None
[2026-07-18T21:17:26.893+0000] {logging_mixin.py:190} INFO - [2026-07-18T21:17:26.893+0000] {dag.py:4180} INFO - Setting next_dagrun for example_xcom_args_with_operators to None, run_after=None
[2026-07-18T21:17:26.919+0000] {processor.py:208} INFO - Processing /home/airflow/.local/lib/python3.12/site-packages/airflow/example_dags/example_xcomargs.py took 0.146 seconds
[2026-07-18T21:17:57.237+0000] {processor.py:186} INFO - Started process (PID=2549) to work on /home/airflow/.local/lib/python3.12/site-packages/airflow/example_dags/example_xcomargs.py
[2026-07-18T21:17:57.239+0000] {processor.py:914} INFO - Processing file /home/airflow/.local/lib/python3.12/site-packages/airflow/example_dags/example_xcomargs.py for tasks to queue
[2026-07-18T21:17:57.243+0000] {logging_mixin.py:190} INFO - [2026-07-18T21:17:57.243+0000] {dagbag.py:588} INFO - Filling up the DagBag from /home/airflow/.local/lib/python3.12/site-packages/airflow/example_dags/example_xcomargs.py
[2026-07-18T21:17:57.261+0000] {processor.py:925} INFO - DAG(s) 'example_xcom_args', 'example_xcom_args_with_operators' retrieved from /home/airflow/.local/lib/python3.12/site-packages/airflow/example_dags/example_xcomargs.py
[2026-07-18T21:17:57.296+0000] {logging_mixin.py:190} INFO - [2026-07-18T21:17:57.296+0000] {dag.py:3239} INFO - Sync 2 DAGs
[2026-07-18T21:17:57.320+0000] {logging_mixin.py:190} INFO - [2026-07-18T21:17:57.320+0000] {dag.py:4180} INFO - Setting next_dagrun for example_xcom_args to None, run_after=None
[2026-07-18T21:17:57.326+0000] {logging_mixin.py:190} INFO - [2026-07-18T21:17:57.326+0000] {dag.py:4180} INFO - Setting next_dagrun for example_xcom_args_with_operators to None, run_after=None
[2026-07-18T21:17:57.349+0000] {processor.py:208} INFO - Processing /home/airflow/.local/lib/python3.12/site-packages/airflow/example_dags/example_xcomargs.py took 0.120 seconds
[2026-07-18T21:18:27.797+0000] {processor.py:186} INFO - Started process (PID=2612) to work on /home/airflow/.local/lib/python3.12/site-packages/airflow/example_dags/example_xcomargs.py
[2026-07-18T21:18:27.800+0000] {processor.py:914} INFO - Processing file /home/airflow/.local/lib/python3.12/site-packages/airflow/example_dags/example_xcomargs.py for tasks to queue
[2026-07-18T21:18:27.807+0000] {logging_mixin.py:190} INFO - [2026-07-18T21:18:27.806+0000] {dagbag.py:588} INFO - Filling up the DagBag from /home/airflow/.local/lib/python3.12/site-packages/airflow/example_dags/example_xcomargs.py
[2026-07-18T21:18:27.831+0000] {processor.py:925} INFO - DAG(s) 'example_xcom_args', 'example_xcom_args_with_operators' retrieved from /home/airflow/.local/lib/python3.12/site-packages/airflow/example_dags/example_xcomargs.py
[2026-07-18T21:18:27.875+0000] {logging_mixin.py:190} INFO - [2026-07-18T21:18:27.875+0000] {dag.py:3239} INFO - Sync 2 DAGs
[2026-07-18T21:18:27.905+0000] {logging_mixin.py:190} INFO - [2026-07-18T21:18:27.904+0000] {dag.py:4180} INFO - Setting next_dagrun for example_xcom_args to None, run_after=None
[2026-07-18T21:18:27.915+0000] {logging_mixin.py:190} INFO - [2026-07-18T21:18:27.914+0000] {dag.py:4180} INFO - Setting next_dagrun for example_xcom_args_with_operators to None, run_after=None
[2026-07-18T21:18:27.939+0000] {processor.py:208} INFO - Processing /home/airflow/.local/lib/python3.12/site-packages/airflow/example_dags/example_xcomargs.py took 0.161 seconds
[2026-07-18T21:18:58.695+0000] {processor.py:186} INFO - Started process (PID=2674) to work on /home/airflow/.local/lib/python3.12/site-packages/airflow/example_dags/example_xcomargs.py
[2026-07-18T21:18:58.698+0000] {processor.py:914} INFO - Processing file /home/airflow/.local/lib/python3.12/site-packages/airflow/example_dags/example_xcomargs.py for tasks to queue
[2026-07-18T21:18:58.704+0000] {logging_mixin.py:190} INFO - [2026-07-18T21:18:58.704+0000] {dagbag.py:588} INFO - Filling up the DagBag from /home/airflow/.local/lib/python3.12/site-packages/airflow/example_dags/example_xcomargs.py
[2026-07-18T21:18:58.728+0000] {processor.py:925} INFO - DAG(s) 'example_xcom_args', 'example_xcom_args_with_operators' retrieved from /home/airflow/.local/lib/python3.12/site-packages/airflow/example_dags/example_xcomargs.py
[2026-07-18T21:18:58.763+0000] {logging_mixin.py:190} INFO - [2026-07-18T21:18:58.763+0000] {dag.py:3239} INFO - Sync 2 DAGs
[2026-07-18T21:18:58.791+0000] {logging_mixin.py:190} INFO - [2026-07-18T21:18:58.791+0000] {dag.py:4180} INFO - Setting next_dagrun for example_xcom_args to None, run_after=None
[2026-07-18T21:18:58.804+0000] {logging_mixin.py:190} INFO - [2026-07-18T21:18:58.804+0000] {dag.py:4180} INFO - Setting next_dagrun for example_xcom_args_with_operators to None, run_after=None
[2026-07-18T21:18:58.863+0000] {processor.py:208} INFO - Processing /home/airflow/.local/lib/python3.12/site-packages/airflow/example_dags/example_xcomargs.py took 0.185 seconds
[2026-07-18T21:19:29.462+0000] {processor.py:186} INFO - Started process (PID=2737) to work on /home/airflow/.local/lib/python3.12/site-packages/airflow/example_dags/example_xcomargs.py
[2026-07-18T21:19:29.464+0000] {processor.py:914} INFO - Processing file /home/airflow/.local/lib/python3.12/site-packages/airflow/example_dags/example_xcomargs.py for tasks to queue
[2026-07-18T21:19:29.472+0000] {logging_mixin.py:190} INFO - [2026-07-18T21:19:29.472+0000] {dagbag.py:588} INFO - Filling up the DagBag from /home/airflow/.local/lib/python3.12/site-packages/airflow/example_dags/example_xcomargs.py
[2026-07-18T21:19:29.496+0000] {processor.py:925} INFO - DAG(s) 'example_xcom_args_with_operators', 'example_xcom_args' retrieved from /home/airflow/.local/lib/python3.12/site-packages/airflow/example_dags/example_xcomargs.py
[2026-07-18T21:19:29.534+0000] {logging_mixin.py:190} INFO - [2026-07-18T21:19:29.534+0000] {dag.py:3239} INFO - Sync 2 DAGs
[2026-07-18T21:19:29.563+0000] {logging_mixin.py:190} INFO - [2026-07-18T21:19:29.562+0000] {dag.py:4180} INFO - Setting next_dagrun for example_xcom_args to None, run_after=None
[2026-07-18T21:19:29.570+0000] {logging_mixin.py:190} INFO - [2026-07-18T21:19:29.569+0000] {dag.py:4180} INFO - Setting next_dagrun for example_xcom_args_with_operators to None, run_after=None
[2026-07-18T21:19:29.599+0000] {processor.py:208} INFO - Processing /home/airflow/.local/lib/python3.12/site-packages/airflow/example_dags/example_xcomargs.py took 0.150 seconds
[2026-07-18T21:20:00.096+0000] {processor.py:186} INFO - Started process (PID=2800) to work on /home/airflow/.local/lib/python3.12/site-packages/airflow/example_dags/example_xcomargs.py
[2026-07-18T21:20:00.099+0000] {processor.py:914} INFO - Processing file /home/airflow/.local/lib/python3.12/site-packages/airflow/example_dags/example_xcomargs.py for tasks to queue
[2026-07-18T21:20:00.104+0000] {logging_mixin.py:190} INFO - [2026-07-18T21:20:00.103+0000] {dagbag.py:588} INFO - Filling up the DagBag from /home/airflow/.local/lib/python3.12/site-packages/airflow/example_dags/example_xcomargs.py
[2026-07-18T21:20:00.119+0000] {processor.py:925} INFO - DAG(s) 'example_xcom_args', 'example_xcom_args_with_operators' retrieved from /home/airflow/.local/lib/python3.12/site-packages/airflow/example_dags/example_xcomargs.py
[2026-07-18T21:20:00.150+0000] {logging_mixin.py:190} INFO - [2026-07-18T21:20:00.150+0000] {dag.py:3239} INFO - Sync 2 DAGs
[2026-07-18T21:20:00.171+0000] {logging_mixin.py:190} INFO - [2026-07-18T21:20:00.171+0000] {dag.py:4180} INFO - Setting next_dagrun for example_xcom_args to None, run_after=None
[2026-07-18T21:20:00.180+0000] {logging_mixin.py:190} INFO - [2026-07-18T21:20:00.179+0000] {dag.py:4180} INFO - Setting next_dagrun for example_xcom_args_with_operators to None, run_after=None
[2026-07-18T21:20:00.215+0000] {processor.py:208} INFO - Processing /home/airflow/.local/lib/python3.12/site-packages/airflow/example_dags/example_xcomargs.py took 0.129 seconds
[2026-07-18T21:20:30.776+0000] {processor.py:186} INFO - Started process (PID=2863) to work on /home/airflow/.local/lib/python3.12/site-packages/airflow/example_dags/example_xcomargs.py
[2026-07-18T21:20:30.778+0000] {processor.py:914} INFO - Processing file /home/airflow/.local/lib/python3.12/site-packages/airflow/example_dags/example_xcomargs.py for tasks to queue
[2026-07-18T21:20:30.783+0000] {logging_mixin.py:190} INFO - [2026-07-18T21:20:30.782+0000] {dagbag.py:588} INFO - Filling up the DagBag from /home/airflow/.local/lib/python3.12/site-packages/airflow/example_dags/example_xcomargs.py
[2026-07-18T21:20:30.799+0000] {processor.py:925} INFO - DAG(s) 'example_xcom_args', 'example_xcom_args_with_operators' retrieved from /home/airflow/.local/lib/python3.12/site-packages/airflow/example_dags/example_xcomargs.py
[2026-07-18T21:20:30.833+0000] {logging_mixin.py:190} INFO - [2026-07-18T21:20:30.833+0000] {dag.py:3239} INFO - Sync 2 DAGs
[2026-07-18T21:20:30.851+0000] {logging_mixin.py:190} INFO - [2026-07-18T21:20:30.851+0000] {dag.py:4180} INFO - Setting next_dagrun for example_xcom_args to None, run_after=None
[2026-07-18T21:20:30.857+0000] {logging_mixin.py:190} INFO - [2026-07-18T21:20:30.857+0000] {dag.py:4180} INFO - Setting next_dagrun for example_xcom_args_with_operators to None, run_after=None
[2026-07-18T21:20:30.880+0000] {processor.py:208} INFO - Processing /home/airflow/.local/lib/python3.12/site-packages/airflow/example_dags/example_xcomargs.py took 0.116 seconds
[2026-07-18T21:21:01.256+0000] {processor.py:186} INFO - Started process (PID=2926) to work on /home/airflow/.local/lib/python3.12/site-packages/airflow/example_dags/example_xcomargs.py
[2026-07-18T21:21:01.259+0000] {processor.py:914} INFO - Processing file /home/airflow/.local/lib/python3.12/site-packages/airflow/example_dags/example_xcomargs.py for tasks to queue
[2026-07-18T21:21:01.264+0000] {logging_mixin.py:190} INFO - [2026-07-18T21:21:01.264+0000] {dagbag.py:588} INFO - Filling up the DagBag from /home/airflow/.local/lib/python3.12/site-packages/airflow/example_dags/example_xcomargs.py
[2026-07-18T21:21:01.289+0000] {processor.py:925} INFO - DAG(s) 'example_xcom_args_with_operators', 'example_xcom_args' retrieved from /home/airflow/.local/lib/python3.12/site-packages/airflow/example_dags/example_xcomargs.py
[2026-07-18T21:21:01.334+0000] {logging_mixin.py:190} INFO - [2026-07-18T21:21:01.333+0000] {dag.py:3239} INFO - Sync 2 DAGs
[2026-07-18T21:21:01.363+0000] {logging_mixin.py:190} INFO - [2026-07-18T21:21:01.362+0000] {dag.py:4180} INFO - Setting next_dagrun for example_xcom_args to None, run_after=None
[2026-07-18T21:21:01.370+0000] {logging_mixin.py:190} INFO - [2026-07-18T21:21:01.370+0000] {dag.py:4180} INFO - Setting next_dagrun for example_xcom_args_with_operators to None, run_after=None
[2026-07-18T21:21:01.407+0000] {processor.py:208} INFO - Processing /home/airflow/.local/lib/python3.12/site-packages/airflow/example_dags/example_xcomargs.py took 0.163 seconds
[2026-07-18T21:21:31.840+0000] {processor.py:186} INFO - Started process (PID=2989) to work on /home/airflow/.local/lib/python3.12/site-packages/airflow/example_dags/example_xcomargs.py
[2026-07-18T21:21:31.842+0000] {processor.py:914} INFO - Processing file /home/airflow/.local/lib/python3.12/site-packages/airflow/example_dags/example_xcomargs.py for tasks to queue
[2026-07-18T21:21:31.857+0000] {logging_mixin.py:190} INFO - [2026-07-18T21:21:31.857+0000] {dagbag.py:588} INFO - Filling up the DagBag from /home/airflow/.local/lib/python3.12/site-packages/airflow/example_dags/example_xcomargs.py
[2026-07-18T21:21:31.911+0000] {processor.py:925} INFO - DAG(s) 'example_xcom_args', 'example_xcom_args_with_operators' retrieved from /home/airflow/.local/lib/python3.12/site-packages/airflow/example_dags/example_xcomargs.py
[2026-07-18T21:21:31.975+0000] {logging_mixin.py:190} INFO - [2026-07-18T21:21:31.974+0000] {dag.py:3239} INFO - Sync 2 DAGs
[2026-07-18T21:21:32.006+0000] {logging_mixin.py:190} INFO - [2026-07-18T21:21:32.005+0000] {dag.py:4180} INFO - Setting next_dagrun for example_xcom_args to None, run_after=None
[2026-07-18T21:21:32.014+0000] {logging_mixin.py:190} INFO - [2026-07-18T21:21:32.013+0000] {dag.py:4180} INFO - Setting next_dagrun for example_xcom_args_with_operators to None, run_after=None
[2026-07-18T21:21:32.044+0000] {processor.py:208} INFO - Processing /home/airflow/.local/lib/python3.12/site-packages/airflow/example_dags/example_xcomargs.py took 0.227 seconds
[2026-07-18T21:22:02.275+0000] {processor.py:186} INFO - Started process (PID=3052) to work on /home/airflow/.local/lib/python3.12/site-packages/airflow/example_dags/example_xcomargs.py
[2026-07-18T21:22:02.278+0000] {processor.py:914} INFO - Processing file /home/airflow/.local/lib/python3.12/site-packages/airflow/example_dags/example_xcomargs.py for tasks to queue
[2026-07-18T21:22:02.285+0000] {logging_mixin.py:190} INFO - [2026-07-18T21:22:02.284+0000] {dagbag.py:588} INFO - Filling up the DagBag from /home/airflow/.local/lib/python3.12/site-packages/airflow/example_dags/example_xcomargs.py
[2026-07-18T21:22:02.307+0000] {processor.py:925} INFO - DAG(s) 'example_xcom_args_with_operators', 'example_xcom_args' retrieved from /home/airflow/.local/lib/python3.12/site-packages/airflow/example_dags/example_xcomargs.py
[2026-07-18T21:22:02.352+0000] {logging_mixin.py:190} INFO - [2026-07-18T21:22:02.352+0000] {dag.py:3239} INFO - Sync 2 DAGs
[2026-07-18T21:22:02.377+0000] {logging_mixin.py:190} INFO - [2026-07-18T21:22:02.376+0000] {dag.py:4180} INFO - Setting next_dagrun for example_xcom_args to None, run_after=None
[2026-07-18T21:22:02.389+0000] {logging_mixin.py:190} INFO - [2026-07-18T21:22:02.388+0000] {dag.py:4180} INFO - Setting next_dagrun for example_xcom_args_with_operators to None, run_after=None
[2026-07-18T21:22:02.430+0000] {processor.py:208} INFO - Processing /home/airflow/.local/lib/python3.12/site-packages/airflow/example_dags/example_xcomargs.py took 0.174 seconds
[2026-07-18T21:22:32.679+0000] {processor.py:186} INFO - Started process (PID=3115) to work on /home/airflow/.local/lib/python3.12/site-packages/airflow/example_dags/example_xcomargs.py
[2026-07-18T21:22:32.682+0000] {processor.py:914} INFO - Processing file /home/airflow/.local/lib/python3.12/site-packages/airflow/example_dags/example_xcomargs.py for tasks to queue
[2026-07-18T21:22:32.688+0000] {logging_mixin.py:190} INFO - [2026-07-18T21:22:32.687+0000] {dagbag.py:588} INFO - Filling up the DagBag from /home/airflow/.local/lib/python3.12/site-packages/airflow/example_dags/example_xcomargs.py
[2026-07-18T21:22:32.714+0000] {processor.py:925} INFO - DAG(s) 'example_xcom_args', 'example_xcom_args_with_operators' retrieved from /home/airflow/.local/lib/python3.12/site-packages/airflow/example_dags/example_xcomargs.py
[2026-07-18T21:22:32.765+0000] {logging_mixin.py:190} INFO - [2026-07-18T21:22:32.765+0000] {dag.py:3239} INFO - Sync 2 DAGs
[2026-07-18T21:22:32.792+0000] {logging_mixin.py:190} INFO - [2026-07-18T21:22:32.792+0000] {dag.py:4180} INFO - Setting next_dagrun for example_xcom_args to None, run_after=None
[2026-07-18T21:22:32.800+0000] {logging_mixin.py:190} INFO - [2026-07-18T21:22:32.800+0000] {dag.py:4180} INFO - Setting next_dagrun for example_xcom_args_with_operators to None, run_after=None
[2026-07-18T21:22:32.832+0000] {processor.py:208} INFO - Processing /home/airflow/.local/lib/python3.12/site-packages/airflow/example_dags/example_xcomargs.py took 0.166 seconds
[2026-07-18T21:25:54.231+0000] {processor.py:186} INFO - Started process (PID=114) to work on /home/airflow/.local/lib/python3.12/site-packages/airflow/example_dags/example_xcomargs.py
[2026-07-18T21:25:54.239+0000] {processor.py:914} INFO - Processing file /home/airflow/.local/lib/python3.12/site-packages/airflow/example_dags/example_xcomargs.py for tasks to queue
[2026-07-18T21:25:54.259+0000] {logging_mixin.py:190} INFO - [2026-07-18T21:25:54.257+0000] {dagbag.py:588} INFO - Filling up the DagBag from /home/airflow/.local/lib/python3.12/site-packages/airflow/example_dags/example_xcomargs.py
[2026-07-18T21:25:54.326+0000] {processor.py:925} INFO - DAG(s) 'example_xcom_args_with_operators', 'example_xcom_args' retrieved from /home/airflow/.local/lib/python3.12/site-packages/airflow/example_dags/example_xcomargs.py
[2026-07-18T21:25:54.443+0000] {logging_mixin.py:190} INFO - [2026-07-18T21:25:54.443+0000] {dag.py:3239} INFO - Sync 2 DAGs
[2026-07-18T21:25:54.486+0000] {logging_mixin.py:190} INFO - [2026-07-18T21:25:54.486+0000] {dag.py:4180} INFO - Setting next_dagrun for example_xcom_args to None, run_after=None
[2026-07-18T21:25:54.496+0000] {logging_mixin.py:190} INFO - [2026-07-18T21:25:54.496+0000] {dag.py:4180} INFO - Setting next_dagrun for example_xcom_args_with_operators to None, run_after=None
[2026-07-18T21:25:54.541+0000] {processor.py:208} INFO - Processing /home/airflow/.local/lib/python3.12/site-packages/airflow/example_dags/example_xcomargs.py took 0.332 seconds
[2026-07-18T21:26:24.726+0000] {processor.py:186} INFO - Started process (PID=177) to work on /home/airflow/.local/lib/python3.12/site-packages/airflow/example_dags/example_xcomargs.py
[2026-07-18T21:26:24.729+0000] {processor.py:914} INFO - Processing file /home/airflow/.local/lib/python3.12/site-packages/airflow/example_dags/example_xcomargs.py for tasks to queue
[2026-07-18T21:26:24.737+0000] {logging_mixin.py:190} INFO - [2026-07-18T21:26:24.736+0000] {dagbag.py:588} INFO - Filling up the DagBag from /home/airflow/.local/lib/python3.12/site-packages/airflow/example_dags/example_xcomargs.py
[2026-07-18T21:26:24.755+0000] {processor.py:925} INFO - DAG(s) 'example_xcom_args', 'example_xcom_args_with_operators' retrieved from /home/airflow/.local/lib/python3.12/site-packages/airflow/example_dags/example_xcomargs.py
[2026-07-18T21:26:24.791+0000] {logging_mixin.py:190} INFO - [2026-07-18T21:26:24.791+0000] {dag.py:3239} INFO - Sync 2 DAGs
[2026-07-18T21:26:24.825+0000] {logging_mixin.py:190} INFO - [2026-07-18T21:26:24.825+0000] {dag.py:4180} INFO - Setting next_dagrun for example_xcom_args to None, run_after=None
[2026-07-18T21:26:24.833+0000] {logging_mixin.py:190} INFO - [2026-07-18T21:26:24.833+0000] {dag.py:4180} INFO - Setting next_dagrun for example_xcom_args_with_operators to None, run_after=None
[2026-07-18T21:26:24.978+0000] {processor.py:208} INFO - Processing /home/airflow/.local/lib/python3.12/site-packages/airflow/example_dags/example_xcomargs.py took 0.265 seconds
[2026-07-18T21:26:55.291+0000] {processor.py:186} INFO - Started process (PID=240) to work on /home/airflow/.local/lib/python3.12/site-packages/airflow/example_dags/example_xcomargs.py
[2026-07-18T21:26:55.294+0000] {processor.py:914} INFO - Processing file /home/airflow/.local/lib/python3.12/site-packages/airflow/example_dags/example_xcomargs.py for tasks to queue
[2026-07-18T21:26:55.301+0000] {logging_mixin.py:190} INFO - [2026-07-18T21:26:55.301+0000] {dagbag.py:588} INFO - Filling up the DagBag from /home/airflow/.local/lib/python3.12/site-packages/airflow/example_dags/example_xcomargs.py
[2026-07-18T21:26:55.320+0000] {processor.py:925} INFO - DAG(s) 'example_xcom_args_with_operators', 'example_xcom_args' retrieved from /home/airflow/.local/lib/python3.12/site-packages/airflow/example_dags/example_xcomargs.py
[2026-07-18T21:26:55.363+0000] {logging_mixin.py:190} INFO - [2026-07-18T21:26:55.363+0000] {dag.py:3239} INFO - Sync 2 DAGs
[2026-07-18T21:26:55.383+0000] {logging_mixin.py:190} INFO - [2026-07-18T21:26:55.383+0000] {dag.py:4180} INFO - Setting next_dagrun for example_xcom_args to None, run_after=None
[2026-07-18T21:26:55.389+0000] {logging_mixin.py:190} INFO - [2026-07-18T21:26:55.389+0000] {dag.py:4180} INFO - Setting next_dagrun for example_xcom_args_with_operators to None, run_after=None
[2026-07-18T21:26:55.503+0000] {processor.py:208} INFO - Processing /home/airflow/.local/lib/python3.12/site-packages/airflow/example_dags/example_xcomargs.py took 0.228 seconds
[2026-07-18T21:27:26.324+0000] {processor.py:186} INFO - Started process (PID=303) to work on /home/airflow/.local/lib/python3.12/site-packages/airflow/example_dags/example_xcomargs.py
[2026-07-18T21:27:26.328+0000] {processor.py:914} INFO - Processing file /home/airflow/.local/lib/python3.12/site-packages/airflow/example_dags/example_xcomargs.py for tasks to queue
[2026-07-18T21:27:26.334+0000] {logging_mixin.py:190} INFO - [2026-07-18T21:27:26.333+0000] {dagbag.py:588} INFO - Filling up the DagBag from /home/airflow/.local/lib/python3.12/site-packages/airflow/example_dags/example_xcomargs.py
[2026-07-18T21:27:26.356+0000] {processor.py:925} INFO - DAG(s) 'example_xcom_args_with_operators', 'example_xcom_args' retrieved from /home/airflow/.local/lib/python3.12/site-packages/airflow/example_dags/example_xcomargs.py
[2026-07-18T21:27:26.398+0000] {logging_mixin.py:190} INFO - [2026-07-18T21:27:26.397+0000] {dag.py:3239} INFO - Sync 2 DAGs
[2026-07-18T21:27:26.426+0000] {logging_mixin.py:190} INFO - [2026-07-18T21:27:26.425+0000] {dag.py:4180} INFO - Setting next_dagrun for example_xcom_args to None, run_after=None
[2026-07-18T21:27:26.432+0000] {logging_mixin.py:190} INFO - [2026-07-18T21:27:26.432+0000] {dag.py:4180} INFO - Setting next_dagrun for example_xcom_args_with_operators to None, run_after=None
[2026-07-18T21:27:26.481+0000] {processor.py:208} INFO - Processing /home/airflow/.local/lib/python3.12/site-packages/airflow/example_dags/example_xcomargs.py took 0.169 seconds
[2026-07-18T21:27:56.863+0000] {processor.py:186} INFO - Started process (PID=366) to work on /home/airflow/.local/lib/python3.12/site-packages/airflow/example_dags/example_xcomargs.py
[2026-07-18T21:27:56.867+0000] {processor.py:914} INFO - Processing file /home/airflow/.local/lib/python3.12/site-packages/airflow/example_dags/example_xcomargs.py for tasks to queue
[2026-07-18T21:27:56.874+0000] {logging_mixin.py:190} INFO - [2026-07-18T21:27:56.874+0000] {dagbag.py:588} INFO - Filling up the DagBag from /home/airflow/.local/lib/python3.12/site-packages/airflow/example_dags/example_xcomargs.py
[2026-07-18T21:27:56.901+0000] {processor.py:925} INFO - DAG(s) 'example_xcom_args_with_operators', 'example_xcom_args' retrieved from /home/airflow/.local/lib/python3.12/site-packages/airflow/example_dags/example_xcomargs.py
[2026-07-18T21:27:56.940+0000] {logging_mixin.py:190} INFO - [2026-07-18T21:27:56.940+0000] {dag.py:3239} INFO - Sync 2 DAGs
[2026-07-18T21:27:56.968+0000] {logging_mixin.py:190} INFO - [2026-07-18T21:27:56.968+0000] {dag.py:4180} INFO - Setting next_dagrun for example_xcom_args to None, run_after=None
[2026-07-18T21:27:56.975+0000] {logging_mixin.py:190} INFO - [2026-07-18T21:27:56.974+0000] {dag.py:4180} INFO - Setting next_dagrun for example_xcom_args_with_operators to None, run_after=None
[2026-07-18T21:27:57.001+0000] {processor.py:208} INFO - Processing /home/airflow/.local/lib/python3.12/site-packages/airflow/example_dags/example_xcomargs.py took 0.155 seconds
[2026-07-18T21:28:27.604+0000] {processor.py:186} INFO - Started process (PID=429) to work on /home/airflow/.local/lib/python3.12/site-packages/airflow/example_dags/example_xcomargs.py
[2026-07-18T21:28:27.607+0000] {processor.py:914} INFO - Processing file /home/airflow/.local/lib/python3.12/site-packages/airflow/example_dags/example_xcomargs.py for tasks to queue
[2026-07-18T21:28:27.612+0000] {logging_mixin.py:190} INFO - [2026-07-18T21:28:27.612+0000] {dagbag.py:588} INFO - Filling up the DagBag from /home/airflow/.local/lib/python3.12/site-packages/airflow/example_dags/example_xcomargs.py
[2026-07-18T21:28:27.632+0000] {processor.py:925} INFO - DAG(s) 'example_xcom_args_with_operators', 'example_xcom_args' retrieved from /home/airflow/.local/lib/python3.12/site-packages/airflow/example_dags/example_xcomargs.py
[2026-07-18T21:28:27.680+0000] {logging_mixin.py:190} INFO - [2026-07-18T21:28:27.680+0000] {dag.py:3239} INFO - Sync 2 DAGs
[2026-07-18T21:28:27.712+0000] {logging_mixin.py:190} INFO - [2026-07-18T21:28:27.711+0000] {dag.py:4180} INFO - Setting next_dagrun for example_xcom_args to None, run_after=None
[2026-07-18T21:28:27.720+0000] {logging_mixin.py:190} INFO - [2026-07-18T21:28:27.719+0000] {dag.py:4180} INFO - Setting next_dagrun for example_xcom_args_with_operators to None, run_after=None
[2026-07-18T21:28:27.747+0000] {processor.py:208} INFO - Processing /home/airflow/.local/lib/python3.12/site-packages/airflow/example_dags/example_xcomargs.py took 0.155 seconds
[2026-07-18T21:28:58.578+0000] {processor.py:186} INFO - Started process (PID=492) to work on /home/airflow/.local/lib/python3.12/site-packages/airflow/example_dags/example_xcomargs.py
[2026-07-18T21:28:58.581+0000] {processor.py:914} INFO - Processing file /home/airflow/.local/lib/python3.12/site-packages/airflow/example_dags/example_xcomargs.py for tasks to queue
[2026-07-18T21:28:58.586+0000] {logging_mixin.py:190} INFO - [2026-07-18T21:28:58.585+0000] {dagbag.py:588} INFO - Filling up the DagBag from /home/airflow/.local/lib/python3.12/site-packages/airflow/example_dags/example_xcomargs.py
[2026-07-18T21:28:58.605+0000] {processor.py:925} INFO - DAG(s) 'example_xcom_args_with_operators', 'example_xcom_args' retrieved from /home/airflow/.local/lib/python3.12/site-packages/airflow/example_dags/example_xcomargs.py
[2026-07-18T21:28:58.643+0000] {logging_mixin.py:190} INFO - [2026-07-18T21:28:58.643+0000] {dag.py:3239} INFO - Sync 2 DAGs
[2026-07-18T21:28:58.664+0000] {logging_mixin.py:190} INFO - [2026-07-18T21:28:58.664+0000] {dag.py:4180} INFO - Setting next_dagrun for example_xcom_args to None, run_after=None
[2026-07-18T21:28:58.672+0000] {logging_mixin.py:190} INFO - [2026-07-18T21:28:58.671+0000] {dag.py:4180} INFO - Setting next_dagrun for example_xcom_args_with_operators to None, run_after=None
[2026-07-18T21:28:58.785+0000] {processor.py:208} INFO - Processing /home/airflow/.local/lib/python3.12/site-packages/airflow/example_dags/example_xcomargs.py took 0.218 seconds
[2026-07-18T21:29:29.283+0000] {processor.py:186} INFO - Started process (PID=556) to work on /home/airflow/.local/lib/python3.12/site-packages/airflow/example_dags/example_xcomargs.py
[2026-07-18T21:29:29.285+0000] {processor.py:914} INFO - Processing file /home/airflow/.local/lib/python3.12/site-packages/airflow/example_dags/example_xcomargs.py for tasks to queue
[2026-07-18T21:29:29.291+0000] {logging_mixin.py:190} INFO - [2026-07-18T21:29:29.290+0000] {dagbag.py:588} INFO - Filling up the DagBag from /home/airflow/.local/lib/python3.12/site-packages/airflow/example_dags/example_xcomargs.py
[2026-07-18T21:29:29.308+0000] {processor.py:925} INFO - DAG(s) 'example_xcom_args_with_operators', 'example_xcom_args' retrieved from /home/airflow/.local/lib/python3.12/site-packages/airflow/example_dags/example_xcomargs.py
[2026-07-18T21:29:29.346+0000] {logging_mixin.py:190} INFO - [2026-07-18T21:29:29.345+0000] {dag.py:3239} INFO - Sync 2 DAGs
[2026-07-18T21:29:29.365+0000] {logging_mixin.py:190} INFO - [2026-07-18T21:29:29.365+0000] {dag.py:4180} INFO - Setting next_dagrun for example_xcom_args to None, run_after=None
[2026-07-18T21:29:29.371+0000] {logging_mixin.py:190} INFO - [2026-07-18T21:29:29.371+0000] {dag.py:4180} INFO - Setting next_dagrun for example_xcom_args_with_operators to None, run_after=None
[2026-07-18T21:29:29.450+0000] {processor.py:208} INFO - Processing /home/airflow/.local/lib/python3.12/site-packages/airflow/example_dags/example_xcomargs.py took 0.175 seconds
[2026-07-18T21:30:00.374+0000] {processor.py:186} INFO - Started process (PID=619) to work on /home/airflow/.local/lib/python3.12/site-packages/airflow/example_dags/example_xcomargs.py
[2026-07-18T21:30:00.377+0000] {processor.py:914} INFO - Processing file /home/airflow/.local/lib/python3.12/site-packages/airflow/example_dags/example_xcomargs.py for tasks to queue
[2026-07-18T21:30:00.382+0000] {logging_mixin.py:190} INFO - [2026-07-18T21:30:00.382+0000] {dagbag.py:588} INFO - Filling up the DagBag from /home/airflow/.local/lib/python3.12/site-packages/airflow/example_dags/example_xcomargs.py
[2026-07-18T21:30:00.398+0000] {processor.py:925} INFO - DAG(s) 'example_xcom_args_with_operators', 'example_xcom_args' retrieved from /home/airflow/.local/lib/python3.12/site-packages/airflow/example_dags/example_xcomargs.py
[2026-07-18T21:30:00.430+0000] {logging_mixin.py:190} INFO - [2026-07-18T21:30:00.430+0000] {dag.py:3239} INFO - Sync 2 DAGs
[2026-07-18T21:30:00.451+0000] {logging_mixin.py:190} INFO - [2026-07-18T21:30:00.450+0000] {dag.py:4180} INFO - Setting next_dagrun for example_xcom_args to None, run_after=None
[2026-07-18T21:30:00.457+0000] {logging_mixin.py:190} INFO - [2026-07-18T21:30:00.457+0000] {dag.py:4180} INFO - Setting next_dagrun for example_xcom_args_with_operators to None, run_after=None
[2026-07-18T21:30:00.481+0000] {processor.py:208} INFO - Processing /home/airflow/.local/lib/python3.12/site-packages/airflow/example_dags/example_xcomargs.py took 0.117 seconds
[2026-07-18T21:30:30.819+0000] {processor.py:186} INFO - Started process (PID=682) to work on /home/airflow/.local/lib/python3.12/site-packages/airflow/example_dags/example_xcomargs.py
[2026-07-18T21:30:30.822+0000] {processor.py:914} INFO - Processing file /home/airflow/.local/lib/python3.12/site-packages/airflow/example_dags/example_xcomargs.py for tasks to queue
[2026-07-18T21:30:30.827+0000] {logging_mixin.py:190} INFO - [2026-07-18T21:30:30.827+0000] {dagbag.py:588} INFO - Filling up the DagBag from /home/airflow/.local/lib/python3.12/site-packages/airflow/example_dags/example_xcomargs.py
[2026-07-18T21:30:30.847+0000] {processor.py:925} INFO - DAG(s) 'example_xcom_args', 'example_xcom_args_with_operators' retrieved from /home/airflow/.local/lib/python3.12/site-packages/airflow/example_dags/example_xcomargs.py
[2026-07-18T21:30:30.882+0000] {logging_mixin.py:190} INFO - [2026-07-18T21:30:30.881+0000] {dag.py:3239} INFO - Sync 2 DAGs
[2026-07-18T21:30:30.962+0000] {logging_mixin.py:190} INFO - [2026-07-18T21:30:30.962+0000] {dag.py:4180} INFO - Setting next_dagrun for example_xcom_args to None, run_after=None
[2026-07-18T21:30:30.968+0000] {logging_mixin.py:190} INFO - [2026-07-18T21:30:30.968+0000] {dag.py:4180} INFO - Setting next_dagrun for example_xcom_args_with_operators to None, run_after=None
[2026-07-18T21:30:30.993+0000] {processor.py:208} INFO - Processing /home/airflow/.local/lib/python3.12/site-packages/airflow/example_dags/example_xcomargs.py took 0.188 seconds
[2026-07-18T21:31:01.147+0000] {processor.py:186} INFO - Started process (PID=746) to work on /home/airflow/.local/lib/python3.12/site-packages/airflow/example_dags/example_xcomargs.py
[2026-07-18T21:31:01.149+0000] {processor.py:914} INFO - Processing file /home/airflow/.local/lib/python3.12/site-packages/airflow/example_dags/example_xcomargs.py for tasks to queue
[2026-07-18T21:31:01.155+0000] {logging_mixin.py:190} INFO - [2026-07-18T21:31:01.155+0000] {dagbag.py:588} INFO - Filling up the DagBag from /home/airflow/.local/lib/python3.12/site-packages/airflow/example_dags/example_xcomargs.py
[2026-07-18T21:31:01.177+0000] {processor.py:925} INFO - DAG(s) 'example_xcom_args_with_operators', 'example_xcom_args' retrieved from /home/airflow/.local/lib/python3.12/site-packages/airflow/example_dags/example_xcomargs.py
[2026-07-18T21:31:01.292+0000] {logging_mixin.py:190} INFO - [2026-07-18T21:31:01.292+0000] {dag.py:3239} INFO - Sync 2 DAGs
[2026-07-18T21:31:01.313+0000] {logging_mixin.py:190} INFO - [2026-07-18T21:31:01.313+0000] {dag.py:4180} INFO - Setting next_dagrun for example_xcom_args to None, run_after=None
[2026-07-18T21:31:01.320+0000] {logging_mixin.py:190} INFO - [2026-07-18T21:31:01.320+0000] {dag.py:4180} INFO - Setting next_dagrun for example_xcom_args_with_operators to None, run_after=None
[2026-07-18T21:31:01.345+0000] {processor.py:208} INFO - Processing /home/airflow/.local/lib/python3.12/site-packages/airflow/example_dags/example_xcomargs.py took 0.209 seconds
[2026-07-18T21:31:31.649+0000] {processor.py:186} INFO - Started process (PID=810) to work on /home/airflow/.local/lib/python3.12/site-packages/airflow/example_dags/example_xcomargs.py
[2026-07-18T21:31:31.652+0000] {processor.py:914} INFO - Processing file /home/airflow/.local/lib/python3.12/site-packages/airflow/example_dags/example_xcomargs.py for tasks to queue
[2026-07-18T21:31:31.657+0000] {logging_mixin.py:190} INFO - [2026-07-18T21:31:31.656+0000] {dagbag.py:588} INFO - Filling up the DagBag from /home/airflow/.local/lib/python3.12/site-packages/airflow/example_dags/example_xcomargs.py
[2026-07-18T21:31:31.672+0000] {processor.py:925} INFO - DAG(s) 'example_xcom_args', 'example_xcom_args_with_operators' retrieved from /home/airflow/.local/lib/python3.12/site-packages/airflow/example_dags/example_xcomargs.py
[2026-07-18T21:31:31.714+0000] {logging_mixin.py:190} INFO - [2026-07-18T21:31:31.713+0000] {dag.py:3239} INFO - Sync 2 DAGs
[2026-07-18T21:31:31.738+0000] {logging_mixin.py:190} INFO - [2026-07-18T21:31:31.737+0000] {dag.py:4180} INFO - Setting next_dagrun for example_xcom_args to None, run_after=None
[2026-07-18T21:31:31.745+0000] {logging_mixin.py:190} INFO - [2026-07-18T21:31:31.744+0000] {dag.py:4180} INFO - Setting next_dagrun for example_xcom_args_with_operators to None, run_after=None
[2026-07-18T21:31:31.771+0000] {processor.py:208} INFO - Processing /home/airflow/.local/lib/python3.12/site-packages/airflow/example_dags/example_xcomargs.py took 0.132 seconds
[2026-07-18T21:32:02.356+0000] {processor.py:186} INFO - Started process (PID=874) to work on /home/airflow/.local/lib/python3.12/site-packages/airflow/example_dags/example_xcomargs.py
[2026-07-18T21:32:02.359+0000] {processor.py:914} INFO - Processing file /home/airflow/.local/lib/python3.12/site-packages/airflow/example_dags/example_xcomargs.py for tasks to queue
[2026-07-18T21:32:02.369+0000] {logging_mixin.py:190} INFO - [2026-07-18T21:32:02.368+0000] {dagbag.py:588} INFO - Filling up the DagBag from /home/airflow/.local/lib/python3.12/site-packages/airflow/example_dags/example_xcomargs.py
[2026-07-18T21:32:02.395+0000] {processor.py:925} INFO - DAG(s) 'example_xcom_args_with_operators', 'example_xcom_args' retrieved from /home/airflow/.local/lib/python3.12/site-packages/airflow/example_dags/example_xcomargs.py
[2026-07-18T21:32:02.440+0000] {logging_mixin.py:190} INFO - [2026-07-18T21:32:02.440+0000] {dag.py:3239} INFO - Sync 2 DAGs
[2026-07-18T21:32:02.470+0000] {logging_mixin.py:190} INFO - [2026-07-18T21:32:02.470+0000] {dag.py:4180} INFO - Setting next_dagrun for example_xcom_args to None, run_after=None
[2026-07-18T21:32:02.478+0000] {logging_mixin.py:190} INFO - [2026-07-18T21:32:02.478+0000] {dag.py:4180} INFO - Setting next_dagrun for example_xcom_args_with_operators to None, run_after=None
[2026-07-18T21:32:02.511+0000] {processor.py:208} INFO - Processing /home/airflow/.local/lib/python3.12/site-packages/airflow/example_dags/example_xcomargs.py took 0.165 seconds
[2026-07-18T21:32:32.770+0000] {processor.py:186} INFO - Started process (PID=939) to work on /home/airflow/.local/lib/python3.12/site-packages/airflow/example_dags/example_xcomargs.py
[2026-07-18T21:32:32.773+0000] {processor.py:914} INFO - Processing file /home/airflow/.local/lib/python3.12/site-packages/airflow/example_dags/example_xcomargs.py for tasks to queue
[2026-07-18T21:32:32.779+0000] {logging_mixin.py:190} INFO - [2026-07-18T21:32:32.778+0000] {dagbag.py:588} INFO - Filling up the DagBag from /home/airflow/.local/lib/python3.12/site-packages/airflow/example_dags/example_xcomargs.py
[2026-07-18T21:32:32.802+0000] {processor.py:925} INFO - DAG(s) 'example_xcom_args', 'example_xcom_args_with_operators' retrieved from /home/airflow/.local/lib/python3.12/site-packages/airflow/example_dags/example_xcomargs.py
[2026-07-18T21:32:32.844+0000] {logging_mixin.py:190} INFO - [2026-07-18T21:32:32.844+0000] {dag.py:3239} INFO - Sync 2 DAGs
[2026-07-18T21:32:32.869+0000] {logging_mixin.py:190} INFO - [2026-07-18T21:32:32.869+0000] {dag.py:4180} INFO - Setting next_dagrun for example_xcom_args to None, run_after=None
[2026-07-18T21:32:32.876+0000] {logging_mixin.py:190} INFO - [2026-07-18T21:32:32.876+0000] {dag.py:4180} INFO - Setting next_dagrun for example_xcom_args_with_operators to None, run_after=None
[2026-07-18T21:32:32.904+0000] {processor.py:208} INFO - Processing /home/airflow/.local/lib/python3.12/site-packages/airflow/example_dags/example_xcomargs.py took 0.145 seconds
[2026-07-18T21:33:03.519+0000] {processor.py:186} INFO - Started process (PID=1003) to work on /home/airflow/.local/lib/python3.12/site-packages/airflow/example_dags/example_xcomargs.py
[2026-07-18T21:33:03.522+0000] {processor.py:914} INFO - Processing file /home/airflow/.local/lib/python3.12/site-packages/airflow/example_dags/example_xcomargs.py for tasks to queue
[2026-07-18T21:33:03.526+0000] {logging_mixin.py:190} INFO - [2026-07-18T21:33:03.526+0000] {dagbag.py:588} INFO - Filling up the DagBag from /home/airflow/.local/lib/python3.12/site-packages/airflow/example_dags/example_xcomargs.py
[2026-07-18T21:33:03.540+0000] {processor.py:925} INFO - DAG(s) 'example_xcom_args', 'example_xcom_args_with_operators' retrieved from /home/airflow/.local/lib/python3.12/site-packages/airflow/example_dags/example_xcomargs.py
[2026-07-18T21:33:03.575+0000] {logging_mixin.py:190} INFO - [2026-07-18T21:33:03.575+0000] {dag.py:3239} INFO - Sync 2 DAGs
[2026-07-18T21:33:03.595+0000] {logging_mixin.py:190} INFO - [2026-07-18T21:33:03.595+0000] {dag.py:4180} INFO - Setting next_dagrun for example_xcom_args to None, run_after=None
[2026-07-18T21:33:03.602+0000] {logging_mixin.py:190} INFO - [2026-07-18T21:33:03.601+0000] {dag.py:4180} INFO - Setting next_dagrun for example_xcom_args_with_operators to None, run_after=None
[2026-07-18T21:33:03.681+0000] {processor.py:208} INFO - Processing /home/airflow/.local/lib/python3.12/site-packages/airflow/example_dags/example_xcomargs.py took 0.172 seconds
[2026-07-18T21:33:34.227+0000] {processor.py:186} INFO - Started process (PID=1068) to work on /home/airflow/.local/lib/python3.12/site-packages/airflow/example_dags/example_xcomargs.py
[2026-07-18T21:33:34.229+0000] {processor.py:914} INFO - Processing file /home/airflow/.local/lib/python3.12/site-packages/airflow/example_dags/example_xcomargs.py for tasks to queue
[2026-07-18T21:33:34.235+0000] {logging_mixin.py:190} INFO - [2026-07-18T21:33:34.234+0000] {dagbag.py:588} INFO - Filling up the DagBag from /home/airflow/.local/lib/python3.12/site-packages/airflow/example_dags/example_xcomargs.py
[2026-07-18T21:33:34.256+0000] {processor.py:925} INFO - DAG(s) 'example_xcom_args', 'example_xcom_args_with_operators' retrieved from /home/airflow/.local/lib/python3.12/site-packages/airflow/example_dags/example_xcomargs.py
[2026-07-18T21:33:34.292+0000] {logging_mixin.py:190} INFO - [2026-07-18T21:33:34.292+0000] {dag.py:3239} INFO - Sync 2 DAGs
[2026-07-18T21:33:34.314+0000] {logging_mixin.py:190} INFO - [2026-07-18T21:33:34.314+0000] {dag.py:4180} INFO - Setting next_dagrun for example_xcom_args to None, run_after=None
[2026-07-18T21:33:34.320+0000] {logging_mixin.py:190} INFO - [2026-07-18T21:33:34.320+0000] {dag.py:4180} INFO - Setting next_dagrun for example_xcom_args_with_operators to None, run_after=None
[2026-07-18T21:33:34.413+0000] {processor.py:208} INFO - Processing /home/airflow/.local/lib/python3.12/site-packages/airflow/example_dags/example_xcomargs.py took 0.197 seconds
[2026-07-18T21:34:04.672+0000] {processor.py:186} INFO - Started process (PID=1132) to work on /home/airflow/.local/lib/python3.12/site-packages/airflow/example_dags/example_xcomargs.py
[2026-07-18T21:34:04.675+0000] {processor.py:914} INFO - Processing file /home/airflow/.local/lib/python3.12/site-packages/airflow/example_dags/example_xcomargs.py for tasks to queue
[2026-07-18T21:34:04.681+0000] {logging_mixin.py:190} INFO - [2026-07-18T21:34:04.681+0000] {dagbag.py:588} INFO - Filling up the DagBag from /home/airflow/.local/lib/python3.12/site-packages/airflow/example_dags/example_xcomargs.py
[2026-07-18T21:34:04.703+0000] {processor.py:925} INFO - DAG(s) 'example_xcom_args_with_operators', 'example_xcom_args' retrieved from /home/airflow/.local/lib/python3.12/site-packages/airflow/example_dags/example_xcomargs.py
[2026-07-18T21:34:04.742+0000] {logging_mixin.py:190} INFO - [2026-07-18T21:34:04.741+0000] {dag.py:3239} INFO - Sync 2 DAGs
[2026-07-18T21:34:04.771+0000] {logging_mixin.py:190} INFO - [2026-07-18T21:34:04.771+0000] {dag.py:4180} INFO - Setting next_dagrun for example_xcom_args to None, run_after=None
[2026-07-18T21:34:04.779+0000] {logging_mixin.py:190} INFO - [2026-07-18T21:34:04.778+0000] {dag.py:4180} INFO - Setting next_dagrun for example_xcom_args_with_operators to None, run_after=None
[2026-07-18T21:34:04.813+0000] {processor.py:208} INFO - Processing /home/airflow/.local/lib/python3.12/site-packages/airflow/example_dags/example_xcomargs.py took 0.158 seconds
[2026-07-18T21:34:35.232+0000] {processor.py:186} INFO - Started process (PID=1195) to work on /home/airflow/.local/lib/python3.12/site-packages/airflow/example_dags/example_xcomargs.py
[2026-07-18T21:34:35.235+0000] {processor.py:914} INFO - Processing file /home/airflow/.local/lib/python3.12/site-packages/airflow/example_dags/example_xcomargs.py for tasks to queue
[2026-07-18T21:34:35.243+0000] {logging_mixin.py:190} INFO - [2026-07-18T21:34:35.242+0000] {dagbag.py:588} INFO - Filling up the DagBag from /home/airflow/.local/lib/python3.12/site-packages/airflow/example_dags/example_xcomargs.py
[2026-07-18T21:34:35.262+0000] {processor.py:925} INFO - DAG(s) 'example_xcom_args_with_operators', 'example_xcom_args' retrieved from /home/airflow/.local/lib/python3.12/site-packages/airflow/example_dags/example_xcomargs.py
[2026-07-18T21:34:35.310+0000] {logging_mixin.py:190} INFO - [2026-07-18T21:34:35.310+0000] {dag.py:3239} INFO - Sync 2 DAGs
[2026-07-18T21:34:35.346+0000] {logging_mixin.py:190} INFO - [2026-07-18T21:34:35.346+0000] {dag.py:4180} INFO - Setting next_dagrun for example_xcom_args to None, run_after=None
[2026-07-18T21:34:35.359+0000] {logging_mixin.py:190} INFO - [2026-07-18T21:34:35.358+0000] {dag.py:4180} INFO - Setting next_dagrun for example_xcom_args_with_operators to None, run_after=None
[2026-07-18T21:34:35.412+0000] {processor.py:208} INFO - Processing /home/airflow/.local/lib/python3.12/site-packages/airflow/example_dags/example_xcomargs.py took 0.193 seconds
[2026-07-18T21:35:05.798+0000] {processor.py:186} INFO - Started process (PID=1259) to work on /home/airflow/.local/lib/python3.12/site-packages/airflow/example_dags/example_xcomargs.py
[2026-07-18T21:35:05.801+0000] {processor.py:914} INFO - Processing file /home/airflow/.local/lib/python3.12/site-packages/airflow/example_dags/example_xcomargs.py for tasks to queue
[2026-07-18T21:35:05.806+0000] {logging_mixin.py:190} INFO - [2026-07-18T21:35:05.806+0000] {dagbag.py:588} INFO - Filling up the DagBag from /home/airflow/.local/lib/python3.12/site-packages/airflow/example_dags/example_xcomargs.py
[2026-07-18T21:35:05.826+0000] {processor.py:925} INFO - DAG(s) 'example_xcom_args', 'example_xcom_args_with_operators' retrieved from /home/airflow/.local/lib/python3.12/site-packages/airflow/example_dags/example_xcomargs.py
[2026-07-18T21:35:05.867+0000] {logging_mixin.py:190} INFO - [2026-07-18T21:35:05.867+0000] {dag.py:3239} INFO - Sync 2 DAGs
[2026-07-18T21:35:05.899+0000] {logging_mixin.py:190} INFO - [2026-07-18T21:35:05.899+0000] {dag.py:4180} INFO - Setting next_dagrun for example_xcom_args to None, run_after=None
[2026-07-18T21:35:05.906+0000] {logging_mixin.py:190} INFO - [2026-07-18T21:35:05.906+0000] {dag.py:4180} INFO - Setting next_dagrun for example_xcom_args_with_operators to None, run_after=None
[2026-07-18T21:35:06.006+0000] {processor.py:208} INFO - Processing /home/airflow/.local/lib/python3.12/site-packages/airflow/example_dags/example_xcomargs.py took 0.221 seconds
[2026-07-18T21:35:36.256+0000] {processor.py:186} INFO - Started process (PID=1323) to work on /home/airflow/.local/lib/python3.12/site-packages/airflow/example_dags/example_xcomargs.py
[2026-07-18T21:35:36.259+0000] {processor.py:914} INFO - Processing file /home/airflow/.local/lib/python3.12/site-packages/airflow/example_dags/example_xcomargs.py for tasks to queue
[2026-07-18T21:35:36.268+0000] {logging_mixin.py:190} INFO - [2026-07-18T21:35:36.267+0000] {dagbag.py:588} INFO - Filling up the DagBag from /home/airflow/.local/lib/python3.12/site-packages/airflow/example_dags/example_xcomargs.py
[2026-07-18T21:35:36.291+0000] {processor.py:925} INFO - DAG(s) 'example_xcom_args', 'example_xcom_args_with_operators' retrieved from /home/airflow/.local/lib/python3.12/site-packages/airflow/example_dags/example_xcomargs.py
[2026-07-18T21:35:36.336+0000] {logging_mixin.py:190} INFO - [2026-07-18T21:35:36.336+0000] {dag.py:3239} INFO - Sync 2 DAGs
[2026-07-18T21:35:36.359+0000] {logging_mixin.py:190} INFO - [2026-07-18T21:35:36.358+0000] {dag.py:4180} INFO - Setting next_dagrun for example_xcom_args to None, run_after=None
[2026-07-18T21:35:36.364+0000] {logging_mixin.py:190} INFO - [2026-07-18T21:35:36.364+0000] {dag.py:4180} INFO - Setting next_dagrun for example_xcom_args_with_operators to None, run_after=None
[2026-07-18T21:35:36.446+0000] {processor.py:208} INFO - Processing /home/airflow/.local/lib/python3.12/site-packages/airflow/example_dags/example_xcomargs.py took 0.203 seconds
[2026-07-18T21:36:06.865+0000] {processor.py:186} INFO - Started process (PID=1388) to work on /home/airflow/.local/lib/python3.12/site-packages/airflow/example_dags/example_xcomargs.py
[2026-07-18T21:36:06.867+0000] {processor.py:914} INFO - Processing file /home/airflow/.local/lib/python3.12/site-packages/airflow/example_dags/example_xcomargs.py for tasks to queue
[2026-07-18T21:36:06.872+0000] {logging_mixin.py:190} INFO - [2026-07-18T21:36:06.872+0000] {dagbag.py:588} INFO - Filling up the DagBag from /home/airflow/.local/lib/python3.12/site-packages/airflow/example_dags/example_xcomargs.py
[2026-07-18T21:36:06.888+0000] {processor.py:925} INFO - DAG(s) 'example_xcom_args', 'example_xcom_args_with_operators' retrieved from /home/airflow/.local/lib/python3.12/site-packages/airflow/example_dags/example_xcomargs.py
[2026-07-18T21:36:06.919+0000] {logging_mixin.py:190} INFO - [2026-07-18T21:36:06.919+0000] {dag.py:3239} INFO - Sync 2 DAGs
[2026-07-18T21:36:06.943+0000] {logging_mixin.py:190} INFO - [2026-07-18T21:36:06.943+0000] {dag.py:4180} INFO - Setting next_dagrun for example_xcom_args to None, run_after=None
[2026-07-18T21:36:06.950+0000] {logging_mixin.py:190} INFO - [2026-07-18T21:36:06.949+0000] {dag.py:4180} INFO - Setting next_dagrun for example_xcom_args_with_operators to None, run_after=None
[2026-07-18T21:36:07.062+0000] {processor.py:208} INFO - Processing /home/airflow/.local/lib/python3.12/site-packages/airflow/example_dags/example_xcomargs.py took 0.206 seconds
[2026-07-18T21:36:37.458+0000] {processor.py:186} INFO - Started process (PID=1443) to work on /home/airflow/.local/lib/python3.12/site-packages/airflow/example_dags/example_xcomargs.py
[2026-07-18T21:36:37.461+0000] {processor.py:914} INFO - Processing file /home/airflow/.local/lib/python3.12/site-packages/airflow/example_dags/example_xcomargs.py for tasks to queue
[2026-07-18T21:36:37.466+0000] {logging_mixin.py:190} INFO - [2026-07-18T21:36:37.466+0000] {dagbag.py:588} INFO - Filling up the DagBag from /home/airflow/.local/lib/python3.12/site-packages/airflow/example_dags/example_xcomargs.py
[2026-07-18T21:36:37.482+0000] {processor.py:925} INFO - DAG(s) 'example_xcom_args', 'example_xcom_args_with_operators' retrieved from /home/airflow/.local/lib/python3.12/site-packages/airflow/example_dags/example_xcomargs.py
[2026-07-18T21:36:37.516+0000] {logging_mixin.py:190} INFO - [2026-07-18T21:36:37.516+0000] {dag.py:3239} INFO - Sync 2 DAGs
[2026-07-18T21:36:37.541+0000] {logging_mixin.py:190} INFO - [2026-07-18T21:36:37.541+0000] {dag.py:4180} INFO - Setting next_dagrun for example_xcom_args to None, run_after=None
[2026-07-18T21:36:37.549+0000] {logging_mixin.py:190} INFO - [2026-07-18T21:36:37.548+0000] {dag.py:4180} INFO - Setting next_dagrun for example_xcom_args_with_operators to None, run_after=None
[2026-07-18T21:36:37.576+0000] {processor.py:208} INFO - Processing /home/airflow/.local/lib/python3.12/site-packages/airflow/example_dags/example_xcomargs.py took 0.126 seconds
[2026-07-18T21:37:09.202+0000] {processor.py:186} INFO - Started process (PID=1506) to work on /home/airflow/.local/lib/python3.12/site-packages/airflow/example_dags/example_xcomargs.py
[2026-07-18T21:37:09.204+0000] {processor.py:914} INFO - Processing file /home/airflow/.local/lib/python3.12/site-packages/airflow/example_dags/example_xcomargs.py for tasks to queue
[2026-07-18T21:37:09.209+0000] {logging_mixin.py:190} INFO - [2026-07-18T21:37:09.208+0000] {dagbag.py:588} INFO - Filling up the DagBag from /home/airflow/.local/lib/python3.12/site-packages/airflow/example_dags/example_xcomargs.py
[2026-07-18T21:37:09.225+0000] {processor.py:925} INFO - DAG(s) 'example_xcom_args', 'example_xcom_args_with_operators' retrieved from /home/airflow/.local/lib/python3.12/site-packages/airflow/example_dags/example_xcomargs.py
[2026-07-18T21:37:09.262+0000] {logging_mixin.py:190} INFO - [2026-07-18T21:37:09.261+0000] {dag.py:3239} INFO - Sync 2 DAGs
[2026-07-18T21:37:09.284+0000] {logging_mixin.py:190} INFO - [2026-07-18T21:37:09.284+0000] {dag.py:4180} INFO - Setting next_dagrun for example_xcom_args to None, run_after=None
[2026-07-18T21:37:09.291+0000] {logging_mixin.py:190} INFO - [2026-07-18T21:37:09.291+0000] {dag.py:4180} INFO - Setting next_dagrun for example_xcom_args_with_operators to None, run_after=None
[2026-07-18T21:37:09.317+0000] {processor.py:208} INFO - Processing /home/airflow/.local/lib/python3.12/site-packages/airflow/example_dags/example_xcomargs.py took 0.124 seconds
[2026-07-18T21:37:39.639+0000] {processor.py:186} INFO - Started process (PID=1571) to work on /home/airflow/.local/lib/python3.12/site-packages/airflow/example_dags/example_xcomargs.py
[2026-07-18T21:37:39.641+0000] {processor.py:914} INFO - Processing file /home/airflow/.local/lib/python3.12/site-packages/airflow/example_dags/example_xcomargs.py for tasks to queue
[2026-07-18T21:37:39.645+0000] {logging_mixin.py:190} INFO - [2026-07-18T21:37:39.645+0000] {dagbag.py:588} INFO - Filling up the DagBag from /home/airflow/.local/lib/python3.12/site-packages/airflow/example_dags/example_xcomargs.py
[2026-07-18T21:37:39.659+0000] {processor.py:925} INFO - DAG(s) 'example_xcom_args_with_operators', 'example_xcom_args' retrieved from /home/airflow/.local/lib/python3.12/site-packages/airflow/example_dags/example_xcomargs.py
[2026-07-18T21:37:39.689+0000] {logging_mixin.py:190} INFO - [2026-07-18T21:37:39.689+0000] {dag.py:3239} INFO - Sync 2 DAGs
[2026-07-18T21:37:39.706+0000] {logging_mixin.py:190} INFO - [2026-07-18T21:37:39.706+0000] {dag.py:4180} INFO - Setting next_dagrun for example_xcom_args to None, run_after=None
[2026-07-18T21:37:39.711+0000] {logging_mixin.py:190} INFO - [2026-07-18T21:37:39.711+0000] {dag.py:4180} INFO - Setting next_dagrun for example_xcom_args_with_operators to None, run_after=None
[2026-07-18T21:37:39.731+0000] {processor.py:208} INFO - Processing /home/airflow/.local/lib/python3.12/site-packages/airflow/example_dags/example_xcomargs.py took 0.100 seconds
[2026-07-18T21:38:11.843+0000] {processor.py:186} INFO - Started process (PID=1629) to work on /home/airflow/.local/lib/python3.12/site-packages/airflow/example_dags/example_xcomargs.py
[2026-07-18T21:38:11.846+0000] {processor.py:914} INFO - Processing file /home/airflow/.local/lib/python3.12/site-packages/airflow/example_dags/example_xcomargs.py for tasks to queue
[2026-07-18T21:38:11.852+0000] {logging_mixin.py:190} INFO - [2026-07-18T21:38:11.851+0000] {dagbag.py:588} INFO - Filling up the DagBag from /home/airflow/.local/lib/python3.12/site-packages/airflow/example_dags/example_xcomargs.py
[2026-07-18T21:38:11.877+0000] {processor.py:925} INFO - DAG(s) 'example_xcom_args_with_operators', 'example_xcom_args' retrieved from /home/airflow/.local/lib/python3.12/site-packages/airflow/example_dags/example_xcomargs.py
[2026-07-18T21:38:11.919+0000] {logging_mixin.py:190} INFO - [2026-07-18T21:38:11.919+0000] {dag.py:3239} INFO - Sync 2 DAGs
[2026-07-18T21:38:11.960+0000] {logging_mixin.py:190} INFO - [2026-07-18T21:38:11.960+0000] {dag.py:4180} INFO - Setting next_dagrun for example_xcom_args to None, run_after=None
[2026-07-18T21:38:11.973+0000] {logging_mixin.py:190} INFO - [2026-07-18T21:38:11.972+0000] {dag.py:4180} INFO - Setting next_dagrun for example_xcom_args_with_operators to None, run_after=None
[2026-07-18T21:38:12.066+0000] {processor.py:208} INFO - Processing /home/airflow/.local/lib/python3.12/site-packages/airflow/example_dags/example_xcomargs.py took 0.236 seconds
[2026-07-18T21:38:42.263+0000] {processor.py:186} INFO - Started process (PID=1691) to work on /home/airflow/.local/lib/python3.12/site-packages/airflow/example_dags/example_xcomargs.py
[2026-07-18T21:38:42.265+0000] {processor.py:914} INFO - Processing file /home/airflow/.local/lib/python3.12/site-packages/airflow/example_dags/example_xcomargs.py for tasks to queue
[2026-07-18T21:38:42.271+0000] {logging_mixin.py:190} INFO - [2026-07-18T21:38:42.271+0000] {dagbag.py:588} INFO - Filling up the DagBag from /home/airflow/.local/lib/python3.12/site-packages/airflow/example_dags/example_xcomargs.py
[2026-07-18T21:38:42.287+0000] {processor.py:925} INFO - DAG(s) 'example_xcom_args_with_operators', 'example_xcom_args' retrieved from /home/airflow/.local/lib/python3.12/site-packages/airflow/example_dags/example_xcomargs.py
[2026-07-18T21:38:42.319+0000] {logging_mixin.py:190} INFO - [2026-07-18T21:38:42.319+0000] {dag.py:3239} INFO - Sync 2 DAGs
[2026-07-18T21:38:42.342+0000] {logging_mixin.py:190} INFO - [2026-07-18T21:38:42.341+0000] {dag.py:4180} INFO - Setting next_dagrun for example_xcom_args to None, run_after=None
[2026-07-18T21:38:42.349+0000] {logging_mixin.py:190} INFO - [2026-07-18T21:38:42.348+0000] {dag.py:4180} INFO - Setting next_dagrun for example_xcom_args_with_operators to None, run_after=None
[2026-07-18T21:38:42.418+0000] {processor.py:208} INFO - Processing /home/airflow/.local/lib/python3.12/site-packages/airflow/example_dags/example_xcomargs.py took 0.166 seconds
[2026-07-18T21:39:12.873+0000] {processor.py:186} INFO - Started process (PID=1753) to work on /home/airflow/.local/lib/python3.12/site-packages/airflow/example_dags/example_xcomargs.py
[2026-07-18T21:39:12.876+0000] {processor.py:914} INFO - Processing file /home/airflow/.local/lib/python3.12/site-packages/airflow/example_dags/example_xcomargs.py for tasks to queue
[2026-07-18T21:39:12.882+0000] {logging_mixin.py:190} INFO - [2026-07-18T21:39:12.881+0000] {dagbag.py:588} INFO - Filling up the DagBag from /home/airflow/.local/lib/python3.12/site-packages/airflow/example_dags/example_xcomargs.py
[2026-07-18T21:39:12.898+0000] {processor.py:925} INFO - DAG(s) 'example_xcom_args_with_operators', 'example_xcom_args' retrieved from /home/airflow/.local/lib/python3.12/site-packages/airflow/example_dags/example_xcomargs.py
[2026-07-18T21:39:12.933+0000] {logging_mixin.py:190} INFO - [2026-07-18T21:39:12.933+0000] {dag.py:3239} INFO - Sync 2 DAGs
[2026-07-18T21:39:12.957+0000] {logging_mixin.py:190} INFO - [2026-07-18T21:39:12.956+0000] {dag.py:4180} INFO - Setting next_dagrun for example_xcom_args to None, run_after=None
[2026-07-18T21:39:12.965+0000] {logging_mixin.py:190} INFO - [2026-07-18T21:39:12.964+0000] {dag.py:4180} INFO - Setting next_dagrun for example_xcom_args_with_operators to None, run_after=None
[2026-07-18T21:39:13.083+0000] {processor.py:208} INFO - Processing /home/airflow/.local/lib/python3.12/site-packages/airflow/example_dags/example_xcomargs.py took 0.222 seconds
[2026-07-18T21:39:46.673+0000] {processor.py:186} INFO - Started process (PID=1812) to work on /home/airflow/.local/lib/python3.12/site-packages/airflow/example_dags/example_xcomargs.py
[2026-07-18T21:39:46.675+0000] {processor.py:914} INFO - Processing file /home/airflow/.local/lib/python3.12/site-packages/airflow/example_dags/example_xcomargs.py for tasks to queue
[2026-07-18T21:39:46.681+0000] {logging_mixin.py:190} INFO - [2026-07-18T21:39:46.680+0000] {dagbag.py:588} INFO - Filling up the DagBag from /home/airflow/.local/lib/python3.12/site-packages/airflow/example_dags/example_xcomargs.py
[2026-07-18T21:39:46.698+0000] {processor.py:925} INFO - DAG(s) 'example_xcom_args', 'example_xcom_args_with_operators' retrieved from /home/airflow/.local/lib/python3.12/site-packages/airflow/example_dags/example_xcomargs.py
[2026-07-18T21:39:46.737+0000] {logging_mixin.py:190} INFO - [2026-07-18T21:39:46.736+0000] {dag.py:3239} INFO - Sync 2 DAGs
[2026-07-18T21:39:46.765+0000] {logging_mixin.py:190} INFO - [2026-07-18T21:39:46.764+0000] {dag.py:4180} INFO - Setting next_dagrun for example_xcom_args to None, run_after=None
[2026-07-18T21:39:46.771+0000] {logging_mixin.py:190} INFO - [2026-07-18T21:39:46.770+0000] {dag.py:4180} INFO - Setting next_dagrun for example_xcom_args_with_operators to None, run_after=None
[2026-07-18T21:39:46.849+0000] {processor.py:208} INFO - Processing /home/airflow/.local/lib/python3.12/site-packages/airflow/example_dags/example_xcomargs.py took 0.189 seconds
[2026-07-18T21:40:17.074+0000] {processor.py:186} INFO - Started process (PID=1876) to work on /home/airflow/.local/lib/python3.12/site-packages/airflow/example_dags/example_xcomargs.py
[2026-07-18T21:40:17.078+0000] {processor.py:914} INFO - Processing file /home/airflow/.local/lib/python3.12/site-packages/airflow/example_dags/example_xcomargs.py for tasks to queue
[2026-07-18T21:40:17.085+0000] {logging_mixin.py:190} INFO - [2026-07-18T21:40:17.085+0000] {dagbag.py:588} INFO - Filling up the DagBag from /home/airflow/.local/lib/python3.12/site-packages/airflow/example_dags/example_xcomargs.py
[2026-07-18T21:40:17.117+0000] {processor.py:925} INFO - DAG(s) 'example_xcom_args', 'example_xcom_args_with_operators' retrieved from /home/airflow/.local/lib/python3.12/site-packages/airflow/example_dags/example_xcomargs.py
[2026-07-18T21:40:17.171+0000] {logging_mixin.py:190} INFO - [2026-07-18T21:40:17.171+0000] {dag.py:3239} INFO - Sync 2 DAGs
[2026-07-18T21:40:17.200+0000] {logging_mixin.py:190} INFO - [2026-07-18T21:40:17.199+0000] {dag.py:4180} INFO - Setting next_dagrun for example_xcom_args to None, run_after=None
[2026-07-18T21:40:17.207+0000] {logging_mixin.py:190} INFO - [2026-07-18T21:40:17.206+0000] {dag.py:4180} INFO - Setting next_dagrun for example_xcom_args_with_operators to None, run_after=None
[2026-07-18T21:40:17.236+0000] {processor.py:208} INFO - Processing /home/airflow/.local/lib/python3.12/site-packages/airflow/example_dags/example_xcomargs.py took 0.176 seconds
[2026-07-18T21:40:47.344+0000] {processor.py:186} INFO - Started process (PID=1933) to work on /home/airflow/.local/lib/python3.12/site-packages/airflow/example_dags/example_xcomargs.py
[2026-07-18T21:40:47.347+0000] {processor.py:914} INFO - Processing file /home/airflow/.local/lib/python3.12/site-packages/airflow/example_dags/example_xcomargs.py for tasks to queue
[2026-07-18T21:40:47.356+0000] {logging_mixin.py:190} INFO - [2026-07-18T21:40:47.355+0000] {dagbag.py:588} INFO - Filling up the DagBag from /home/airflow/.local/lib/python3.12/site-packages/airflow/example_dags/example_xcomargs.py
[2026-07-18T21:40:47.379+0000] {processor.py:925} INFO - DAG(s) 'example_xcom_args', 'example_xcom_args_with_operators' retrieved from /home/airflow/.local/lib/python3.12/site-packages/airflow/example_dags/example_xcomargs.py
[2026-07-18T21:40:47.418+0000] {logging_mixin.py:190} INFO - [2026-07-18T21:40:47.418+0000] {dag.py:3239} INFO - Sync 2 DAGs
[2026-07-18T21:40:47.451+0000] {logging_mixin.py:190} INFO - [2026-07-18T21:40:47.451+0000] {dag.py:4180} INFO - Setting next_dagrun for example_xcom_args to None, run_after=None
[2026-07-18T21:40:47.459+0000] {logging_mixin.py:190} INFO - [2026-07-18T21:40:47.459+0000] {dag.py:4180} INFO - Setting next_dagrun for example_xcom_args_with_operators to None, run_after=None
[2026-07-18T21:40:47.495+0000] {processor.py:208} INFO - Processing /home/airflow/.local/lib/python3.12/site-packages/airflow/example_dags/example_xcomargs.py took 0.163 seconds
[2026-07-18T21:41:18.039+0000] {processor.py:186} INFO - Started process (PID=1997) to work on /home/airflow/.local/lib/python3.12/site-packages/airflow/example_dags/example_xcomargs.py
[2026-07-18T21:41:18.042+0000] {processor.py:914} INFO - Processing file /home/airflow/.local/lib/python3.12/site-packages/airflow/example_dags/example_xcomargs.py for tasks to queue
[2026-07-18T21:41:18.048+0000] {logging_mixin.py:190} INFO - [2026-07-18T21:41:18.047+0000] {dagbag.py:588} INFO - Filling up the DagBag from /home/airflow/.local/lib/python3.12/site-packages/airflow/example_dags/example_xcomargs.py
[2026-07-18T21:41:18.071+0000] {processor.py:925} INFO - DAG(s) 'example_xcom_args_with_operators', 'example_xcom_args' retrieved from /home/airflow/.local/lib/python3.12/site-packages/airflow/example_dags/example_xcomargs.py
[2026-07-18T21:41:18.110+0000] {logging_mixin.py:190} INFO - [2026-07-18T21:41:18.110+0000] {dag.py:3239} INFO - Sync 2 DAGs
[2026-07-18T21:41:18.134+0000] {logging_mixin.py:190} INFO - [2026-07-18T21:41:18.134+0000] {dag.py:4180} INFO - Setting next_dagrun for example_xcom_args to None, run_after=None
[2026-07-18T21:41:18.141+0000] {logging_mixin.py:190} INFO - [2026-07-18T21:41:18.141+0000] {dag.py:4180} INFO - Setting next_dagrun for example_xcom_args_with_operators to None, run_after=None
[2026-07-18T21:41:18.209+0000] {processor.py:208} INFO - Processing /home/airflow/.local/lib/python3.12/site-packages/airflow/example_dags/example_xcomargs.py took 0.183 seconds
[2026-07-18T21:41:49.320+0000] {processor.py:186} INFO - Started process (PID=2060) to work on /home/airflow/.local/lib/python3.12/site-packages/airflow/example_dags/example_xcomargs.py
[2026-07-18T21:41:49.322+0000] {processor.py:914} INFO - Processing file /home/airflow/.local/lib/python3.12/site-packages/airflow/example_dags/example_xcomargs.py for tasks to queue
[2026-07-18T21:41:49.327+0000] {logging_mixin.py:190} INFO - [2026-07-18T21:41:49.326+0000] {dagbag.py:588} INFO - Filling up the DagBag from /home/airflow/.local/lib/python3.12/site-packages/airflow/example_dags/example_xcomargs.py
[2026-07-18T21:41:49.344+0000] {processor.py:925} INFO - DAG(s) 'example_xcom_args_with_operators', 'example_xcom_args' retrieved from /home/airflow/.local/lib/python3.12/site-packages/airflow/example_dags/example_xcomargs.py
[2026-07-18T21:41:49.379+0000] {logging_mixin.py:190} INFO - [2026-07-18T21:41:49.379+0000] {dag.py:3239} INFO - Sync 2 DAGs
[2026-07-18T21:41:49.399+0000] {logging_mixin.py:190} INFO - [2026-07-18T21:41:49.399+0000] {dag.py:4180} INFO - Setting next_dagrun for example_xcom_args to None, run_after=None
[2026-07-18T21:41:49.406+0000] {logging_mixin.py:190} INFO - [2026-07-18T21:41:49.406+0000] {dag.py:4180} INFO - Setting next_dagrun for example_xcom_args_with_operators to None, run_after=None
[2026-07-18T21:41:49.433+0000] {processor.py:208} INFO - Processing /home/airflow/.local/lib/python3.12/site-packages/airflow/example_dags/example_xcomargs.py took 0.123 seconds
[2026-07-18T21:42:20.027+0000] {processor.py:186} INFO - Started process (PID=2115) to work on /home/airflow/.local/lib/python3.12/site-packages/airflow/example_dags/example_xcomargs.py
[2026-07-18T21:42:20.031+0000] {processor.py:914} INFO - Processing file /home/airflow/.local/lib/python3.12/site-packages/airflow/example_dags/example_xcomargs.py for tasks to queue
[2026-07-18T21:42:20.040+0000] {logging_mixin.py:190} INFO - [2026-07-18T21:42:20.039+0000] {dagbag.py:588} INFO - Filling up the DagBag from /home/airflow/.local/lib/python3.12/site-packages/airflow/example_dags/example_xcomargs.py
[2026-07-18T21:42:20.070+0000] {processor.py:925} INFO - DAG(s) 'example_xcom_args_with_operators', 'example_xcom_args' retrieved from /home/airflow/.local/lib/python3.12/site-packages/airflow/example_dags/example_xcomargs.py
[2026-07-18T21:42:20.126+0000] {logging_mixin.py:190} INFO - [2026-07-18T21:42:20.126+0000] {dag.py:3239} INFO - Sync 2 DAGs
[2026-07-18T21:42:20.159+0000] {logging_mixin.py:190} INFO - [2026-07-18T21:42:20.159+0000] {dag.py:4180} INFO - Setting next_dagrun for example_xcom_args to None, run_after=None
[2026-07-18T21:42:20.167+0000] {logging_mixin.py:190} INFO - [2026-07-18T21:42:20.167+0000] {dag.py:4180} INFO - Setting next_dagrun for example_xcom_args_with_operators to None, run_after=None
[2026-07-18T21:42:20.193+0000] {processor.py:208} INFO - Processing /home/airflow/.local/lib/python3.12/site-packages/airflow/example_dags/example_xcomargs.py took 0.179 seconds
[2026-07-18T21:42:51.139+0000] {processor.py:186} INFO - Started process (PID=2177) to work on /home/airflow/.local/lib/python3.12/site-packages/airflow/example_dags/example_xcomargs.py
[2026-07-18T21:42:51.141+0000] {processor.py:914} INFO - Processing file /home/airflow/.local/lib/python3.12/site-packages/airflow/example_dags/example_xcomargs.py for tasks to queue
[2026-07-18T21:42:51.146+0000] {logging_mixin.py:190} INFO - [2026-07-18T21:42:51.146+0000] {dagbag.py:588} INFO - Filling up the DagBag from /home/airflow/.local/lib/python3.12/site-packages/airflow/example_dags/example_xcomargs.py
[2026-07-18T21:42:51.162+0000] {processor.py:925} INFO - DAG(s) 'example_xcom_args', 'example_xcom_args_with_operators' retrieved from /home/airflow/.local/lib/python3.12/site-packages/airflow/example_dags/example_xcomargs.py
[2026-07-18T21:42:51.214+0000] {logging_mixin.py:190} INFO - [2026-07-18T21:42:51.214+0000] {dag.py:3239} INFO - Sync 2 DAGs
[2026-07-18T21:42:51.243+0000] {logging_mixin.py:190} INFO - [2026-07-18T21:42:51.243+0000] {dag.py:4180} INFO - Setting next_dagrun for example_xcom_args to None, run_after=None
[2026-07-18T21:42:51.251+0000] {logging_mixin.py:190} INFO - [2026-07-18T21:42:51.251+0000] {dag.py:4180} INFO - Setting next_dagrun for example_xcom_args_with_operators to None, run_after=None
[2026-07-18T21:42:51.289+0000] {processor.py:208} INFO - Processing /home/airflow/.local/lib/python3.12/site-packages/airflow/example_dags/example_xcomargs.py took 0.159 seconds
[2026-07-18T21:43:23.361+0000] {processor.py:186} INFO - Started process (PID=2242) to work on /home/airflow/.local/lib/python3.12/site-packages/airflow/example_dags/example_xcomargs.py
[2026-07-18T21:43:23.366+0000] {processor.py:914} INFO - Processing file /home/airflow/.local/lib/python3.12/site-packages/airflow/example_dags/example_xcomargs.py for tasks to queue
[2026-07-18T21:43:23.377+0000] {logging_mixin.py:190} INFO - [2026-07-18T21:43:23.376+0000] {dagbag.py:588} INFO - Filling up the DagBag from /home/airflow/.local/lib/python3.12/site-packages/airflow/example_dags/example_xcomargs.py
[2026-07-18T21:43:23.418+0000] {processor.py:925} INFO - DAG(s) 'example_xcom_args', 'example_xcom_args_with_operators' retrieved from /home/airflow/.local/lib/python3.12/site-packages/airflow/example_dags/example_xcomargs.py
[2026-07-18T21:43:23.508+0000] {logging_mixin.py:190} INFO - [2026-07-18T21:43:23.507+0000] {dag.py:3239} INFO - Sync 2 DAGs
[2026-07-18T21:43:23.563+0000] {logging_mixin.py:190} INFO - [2026-07-18T21:43:23.563+0000] {dag.py:4180} INFO - Setting next_dagrun for example_xcom_args to None, run_after=None
[2026-07-18T21:43:23.580+0000] {logging_mixin.py:190} INFO - [2026-07-18T21:43:23.579+0000] {dag.py:4180} INFO - Setting next_dagrun for example_xcom_args_with_operators to None, run_after=None
[2026-07-18T21:43:23.689+0000] {processor.py:208} INFO - Processing /home/airflow/.local/lib/python3.12/site-packages/airflow/example_dags/example_xcomargs.py took 0.350 seconds
[2026-07-18T21:43:54.546+0000] {processor.py:186} INFO - Started process (PID=2305) to work on /home/airflow/.local/lib/python3.12/site-packages/airflow/example_dags/example_xcomargs.py
[2026-07-18T21:43:54.549+0000] {processor.py:914} INFO - Processing file /home/airflow/.local/lib/python3.12/site-packages/airflow/example_dags/example_xcomargs.py for tasks to queue
[2026-07-18T21:43:54.555+0000] {logging_mixin.py:190} INFO - [2026-07-18T21:43:54.555+0000] {dagbag.py:588} INFO - Filling up the DagBag from /home/airflow/.local/lib/python3.12/site-packages/airflow/example_dags/example_xcomargs.py
[2026-07-18T21:43:54.576+0000] {processor.py:925} INFO - DAG(s) 'example_xcom_args_with_operators', 'example_xcom_args' retrieved from /home/airflow/.local/lib/python3.12/site-packages/airflow/example_dags/example_xcomargs.py
[2026-07-18T21:43:54.616+0000] {logging_mixin.py:190} INFO - [2026-07-18T21:43:54.615+0000] {dag.py:3239} INFO - Sync 2 DAGs
[2026-07-18T21:43:54.648+0000] {logging_mixin.py:190} INFO - [2026-07-18T21:43:54.647+0000] {dag.py:4180} INFO - Setting next_dagrun for example_xcom_args to None, run_after=None
[2026-07-18T21:43:54.655+0000] {logging_mixin.py:190} INFO - [2026-07-18T21:43:54.655+0000] {dag.py:4180} INFO - Setting next_dagrun for example_xcom_args_with_operators to None, run_after=None
[2026-07-18T21:43:54.687+0000] {processor.py:208} INFO - Processing /home/airflow/.local/lib/python3.12/site-packages/airflow/example_dags/example_xcomargs.py took 0.155 seconds
[2026-07-18T21:44:26.010+0000] {processor.py:186} INFO - Started process (PID=2369) to work on /home/airflow/.local/lib/python3.12/site-packages/airflow/example_dags/example_xcomargs.py
[2026-07-18T21:44:26.013+0000] {processor.py:914} INFO - Processing file /home/airflow/.local/lib/python3.12/site-packages/airflow/example_dags/example_xcomargs.py for tasks to queue
[2026-07-18T21:44:26.021+0000] {logging_mixin.py:190} INFO - [2026-07-18T21:44:26.019+0000] {dagbag.py:588} INFO - Filling up the DagBag from /home/airflow/.local/lib/python3.12/site-packages/airflow/example_dags/example_xcomargs.py
[2026-07-18T21:44:26.049+0000] {processor.py:925} INFO - DAG(s) 'example_xcom_args', 'example_xcom_args_with_operators' retrieved from /home/airflow/.local/lib/python3.12/site-packages/airflow/example_dags/example_xcomargs.py
[2026-07-18T21:44:26.127+0000] {logging_mixin.py:190} INFO - [2026-07-18T21:44:26.127+0000] {dag.py:3239} INFO - Sync 2 DAGs
[2026-07-18T21:44:26.161+0000] {logging_mixin.py:190} INFO - [2026-07-18T21:44:26.161+0000] {dag.py:4180} INFO - Setting next_dagrun for example_xcom_args to None, run_after=None
[2026-07-18T21:44:26.167+0000] {logging_mixin.py:190} INFO - [2026-07-18T21:44:26.167+0000] {dag.py:4180} INFO - Setting next_dagrun for example_xcom_args_with_operators to None, run_after=None
[2026-07-18T21:44:26.197+0000] {processor.py:208} INFO - Processing /home/airflow/.local/lib/python3.12/site-packages/airflow/example_dags/example_xcomargs.py took 0.201 seconds
[2026-07-18T21:44:57.324+0000] {processor.py:186} INFO - Started process (PID=2438) to work on /home/airflow/.local/lib/python3.12/site-packages/airflow/example_dags/example_xcomargs.py
[2026-07-18T21:44:57.327+0000] {processor.py:914} INFO - Processing file /home/airflow/.local/lib/python3.12/site-packages/airflow/example_dags/example_xcomargs.py for tasks to queue
[2026-07-18T21:44:57.333+0000] {logging_mixin.py:190} INFO - [2026-07-18T21:44:57.332+0000] {dagbag.py:588} INFO - Filling up the DagBag from /home/airflow/.local/lib/python3.12/site-packages/airflow/example_dags/example_xcomargs.py
[2026-07-18T21:44:57.350+0000] {processor.py:925} INFO - DAG(s) 'example_xcom_args', 'example_xcom_args_with_operators' retrieved from /home/airflow/.local/lib/python3.12/site-packages/airflow/example_dags/example_xcomargs.py
[2026-07-18T21:44:57.389+0000] {logging_mixin.py:190} INFO - [2026-07-18T21:44:57.388+0000] {dag.py:3239} INFO - Sync 2 DAGs
[2026-07-18T21:44:57.412+0000] {logging_mixin.py:190} INFO - [2026-07-18T21:44:57.412+0000] {dag.py:4180} INFO - Setting next_dagrun for example_xcom_args to None, run_after=None
[2026-07-18T21:44:57.420+0000] {logging_mixin.py:190} INFO - [2026-07-18T21:44:57.420+0000] {dag.py:4180} INFO - Setting next_dagrun for example_xcom_args_with_operators to None, run_after=None
[2026-07-18T21:44:57.448+0000] {processor.py:208} INFO - Processing /home/airflow/.local/lib/python3.12/site-packages/airflow/example_dags/example_xcomargs.py took 0.132 seconds
[2026-07-18T21:45:28.548+0000] {processor.py:186} INFO - Started process (PID=2502) to work on /home/airflow/.local/lib/python3.12/site-packages/airflow/example_dags/example_xcomargs.py
[2026-07-18T21:45:28.551+0000] {processor.py:914} INFO - Processing file /home/airflow/.local/lib/python3.12/site-packages/airflow/example_dags/example_xcomargs.py for tasks to queue
[2026-07-18T21:45:28.557+0000] {logging_mixin.py:190} INFO - [2026-07-18T21:45:28.556+0000] {dagbag.py:588} INFO - Filling up the DagBag from /home/airflow/.local/lib/python3.12/site-packages/airflow/example_dags/example_xcomargs.py
[2026-07-18T21:45:28.583+0000] {processor.py:925} INFO - DAG(s) 'example_xcom_args_with_operators', 'example_xcom_args' retrieved from /home/airflow/.local/lib/python3.12/site-packages/airflow/example_dags/example_xcomargs.py
[2026-07-18T21:45:28.617+0000] {logging_mixin.py:190} INFO - [2026-07-18T21:45:28.617+0000] {dag.py:3239} INFO - Sync 2 DAGs
[2026-07-18T21:45:28.646+0000] {logging_mixin.py:190} INFO - [2026-07-18T21:45:28.646+0000] {dag.py:4180} INFO - Setting next_dagrun for example_xcom_args to None, run_after=None
[2026-07-18T21:45:28.655+0000] {logging_mixin.py:190} INFO - [2026-07-18T21:45:28.655+0000] {dag.py:4180} INFO - Setting next_dagrun for example_xcom_args_with_operators to None, run_after=None
[2026-07-18T21:45:28.752+0000] {processor.py:208} INFO - Processing /home/airflow/.local/lib/python3.12/site-packages/airflow/example_dags/example_xcomargs.py took 0.214 seconds
[2026-07-18T21:45:59.260+0000] {processor.py:186} INFO - Started process (PID=2564) to work on /home/airflow/.local/lib/python3.12/site-packages/airflow/example_dags/example_xcomargs.py
[2026-07-18T21:45:59.263+0000] {processor.py:914} INFO - Processing file /home/airflow/.local/lib/python3.12/site-packages/airflow/example_dags/example_xcomargs.py for tasks to queue
[2026-07-18T21:45:59.268+0000] {logging_mixin.py:190} INFO - [2026-07-18T21:45:59.268+0000] {dagbag.py:588} INFO - Filling up the DagBag from /home/airflow/.local/lib/python3.12/site-packages/airflow/example_dags/example_xcomargs.py
[2026-07-18T21:45:59.286+0000] {processor.py:925} INFO - DAG(s) 'example_xcom_args', 'example_xcom_args_with_operators' retrieved from /home/airflow/.local/lib/python3.12/site-packages/airflow/example_dags/example_xcomargs.py
[2026-07-18T21:45:59.319+0000] {logging_mixin.py:190} INFO - [2026-07-18T21:45:59.319+0000] {dag.py:3239} INFO - Sync 2 DAGs
[2026-07-18T21:45:59.339+0000] {logging_mixin.py:190} INFO - [2026-07-18T21:45:59.339+0000] {dag.py:4180} INFO - Setting next_dagrun for example_xcom_args to None, run_after=None
[2026-07-18T21:45:59.371+0000] {logging_mixin.py:190} INFO - [2026-07-18T21:45:59.371+0000] {dag.py:4180} INFO - Setting next_dagrun for example_xcom_args_with_operators to None, run_after=None
[2026-07-18T21:45:59.402+0000] {processor.py:208} INFO - Processing /home/airflow/.local/lib/python3.12/site-packages/airflow/example_dags/example_xcomargs.py took 0.154 seconds
[2026-07-18T21:46:29.652+0000] {processor.py:186} INFO - Started process (PID=2628) to work on /home/airflow/.local/lib/python3.12/site-packages/airflow/example_dags/example_xcomargs.py
[2026-07-18T21:46:29.654+0000] {processor.py:914} INFO - Processing file /home/airflow/.local/lib/python3.12/site-packages/airflow/example_dags/example_xcomargs.py for tasks to queue
[2026-07-18T21:46:29.660+0000] {logging_mixin.py:190} INFO - [2026-07-18T21:46:29.660+0000] {dagbag.py:588} INFO - Filling up the DagBag from /home/airflow/.local/lib/python3.12/site-packages/airflow/example_dags/example_xcomargs.py
[2026-07-18T21:46:29.678+0000] {processor.py:925} INFO - DAG(s) 'example_xcom_args', 'example_xcom_args_with_operators' retrieved from /home/airflow/.local/lib/python3.12/site-packages/airflow/example_dags/example_xcomargs.py
[2026-07-18T21:46:29.717+0000] {logging_mixin.py:190} INFO - [2026-07-18T21:46:29.717+0000] {dag.py:3239} INFO - Sync 2 DAGs
[2026-07-18T21:46:29.742+0000] {logging_mixin.py:190} INFO - [2026-07-18T21:46:29.742+0000] {dag.py:4180} INFO - Setting next_dagrun for example_xcom_args to None, run_after=None
[2026-07-18T21:46:29.749+0000] {logging_mixin.py:190} INFO - [2026-07-18T21:46:29.748+0000] {dag.py:4180} INFO - Setting next_dagrun for example_xcom_args_with_operators to None, run_after=None
[2026-07-18T21:46:29.838+0000] {processor.py:208} INFO - Processing /home/airflow/.local/lib/python3.12/site-packages/airflow/example_dags/example_xcomargs.py took 0.197 seconds
[2026-07-18T21:47:00.599+0000] {processor.py:186} INFO - Started process (PID=2692) to work on /home/airflow/.local/lib/python3.12/site-packages/airflow/example_dags/example_xcomargs.py
[2026-07-18T21:47:00.605+0000] {processor.py:914} INFO - Processing file /home/airflow/.local/lib/python3.12/site-packages/airflow/example_dags/example_xcomargs.py for tasks to queue
[2026-07-18T21:47:00.611+0000] {logging_mixin.py:190} INFO - [2026-07-18T21:47:00.611+0000] {dagbag.py:588} INFO - Filling up the DagBag from /home/airflow/.local/lib/python3.12/site-packages/airflow/example_dags/example_xcomargs.py
[2026-07-18T21:47:00.634+0000] {processor.py:925} INFO - DAG(s) 'example_xcom_args_with_operators', 'example_xcom_args' retrieved from /home/airflow/.local/lib/python3.12/site-packages/airflow/example_dags/example_xcomargs.py
[2026-07-18T21:47:00.666+0000] {logging_mixin.py:190} INFO - [2026-07-18T21:47:00.666+0000] {dag.py:3239} INFO - Sync 2 DAGs
[2026-07-18T21:47:00.685+0000] {logging_mixin.py:190} INFO - [2026-07-18T21:47:00.684+0000] {dag.py:4180} INFO - Setting next_dagrun for example_xcom_args to None, run_after=None
[2026-07-18T21:47:00.691+0000] {logging_mixin.py:190} INFO - [2026-07-18T21:47:00.691+0000] {dag.py:4180} INFO - Setting next_dagrun for example_xcom_args_with_operators to None, run_after=None
[2026-07-18T21:47:00.761+0000] {processor.py:208} INFO - Processing /home/airflow/.local/lib/python3.12/site-packages/airflow/example_dags/example_xcomargs.py took 0.175 seconds
[2026-07-18T21:47:31.025+0000] {processor.py:186} INFO - Started process (PID=2756) to work on /home/airflow/.local/lib/python3.12/site-packages/airflow/example_dags/example_xcomargs.py
[2026-07-18T21:47:31.027+0000] {processor.py:914} INFO - Processing file /home/airflow/.local/lib/python3.12/site-packages/airflow/example_dags/example_xcomargs.py for tasks to queue
[2026-07-18T21:47:31.033+0000] {logging_mixin.py:190} INFO - [2026-07-18T21:47:31.033+0000] {dagbag.py:588} INFO - Filling up the DagBag from /home/airflow/.local/lib/python3.12/site-packages/airflow/example_dags/example_xcomargs.py
[2026-07-18T21:47:31.052+0000] {processor.py:925} INFO - DAG(s) 'example_xcom_args_with_operators', 'example_xcom_args' retrieved from /home/airflow/.local/lib/python3.12/site-packages/airflow/example_dags/example_xcomargs.py
[2026-07-18T21:47:31.092+0000] {logging_mixin.py:190} INFO - [2026-07-18T21:47:31.091+0000] {dag.py:3239} INFO - Sync 2 DAGs
[2026-07-18T21:47:31.113+0000] {logging_mixin.py:190} INFO - [2026-07-18T21:47:31.113+0000] {dag.py:4180} INFO - Setting next_dagrun for example_xcom_args to None, run_after=None
[2026-07-18T21:47:31.121+0000] {logging_mixin.py:190} INFO - [2026-07-18T21:47:31.121+0000] {dag.py:4180} INFO - Setting next_dagrun for example_xcom_args_with_operators to None, run_after=None
[2026-07-18T21:47:31.153+0000] {processor.py:208} INFO - Processing /home/airflow/.local/lib/python3.12/site-packages/airflow/example_dags/example_xcomargs.py took 0.141 seconds
[2026-07-18T21:48:01.705+0000] {processor.py:186} INFO - Started process (PID=2820) to work on /home/airflow/.local/lib/python3.12/site-packages/airflow/example_dags/example_xcomargs.py
[2026-07-18T21:48:01.708+0000] {processor.py:914} INFO - Processing file /home/airflow/.local/lib/python3.12/site-packages/airflow/example_dags/example_xcomargs.py for tasks to queue
[2026-07-18T21:48:01.714+0000] {logging_mixin.py:190} INFO - [2026-07-18T21:48:01.713+0000] {dagbag.py:588} INFO - Filling up the DagBag from /home/airflow/.local/lib/python3.12/site-packages/airflow/example_dags/example_xcomargs.py
[2026-07-18T21:48:01.734+0000] {processor.py:925} INFO - DAG(s) 'example_xcom_args', 'example_xcom_args_with_operators' retrieved from /home/airflow/.local/lib/python3.12/site-packages/airflow/example_dags/example_xcomargs.py
[2026-07-18T21:48:01.773+0000] {logging_mixin.py:190} INFO - [2026-07-18T21:48:01.772+0000] {dag.py:3239} INFO - Sync 2 DAGs
[2026-07-18T21:48:01.792+0000] {logging_mixin.py:190} INFO - [2026-07-18T21:48:01.792+0000] {dag.py:4180} INFO - Setting next_dagrun for example_xcom_args to None, run_after=None
[2026-07-18T21:48:01.798+0000] {logging_mixin.py:190} INFO - [2026-07-18T21:48:01.797+0000] {dag.py:4180} INFO - Setting next_dagrun for example_xcom_args_with_operators to None, run_after=None
[2026-07-18T21:48:01.821+0000] {processor.py:208} INFO - Processing /home/airflow/.local/lib/python3.12/site-packages/airflow/example_dags/example_xcomargs.py took 0.127 seconds
[2026-07-18T21:48:32.590+0000] {processor.py:186} INFO - Started process (PID=2884) to work on /home/airflow/.local/lib/python3.12/site-packages/airflow/example_dags/example_xcomargs.py
[2026-07-18T21:48:32.592+0000] {processor.py:914} INFO - Processing file /home/airflow/.local/lib/python3.12/site-packages/airflow/example_dags/example_xcomargs.py for tasks to queue
[2026-07-18T21:48:32.598+0000] {logging_mixin.py:190} INFO - [2026-07-18T21:48:32.597+0000] {dagbag.py:588} INFO - Filling up the DagBag from /home/airflow/.local/lib/python3.12/site-packages/airflow/example_dags/example_xcomargs.py
[2026-07-18T21:48:32.614+0000] {processor.py:925} INFO - DAG(s) 'example_xcom_args', 'example_xcom_args_with_operators' retrieved from /home/airflow/.local/lib/python3.12/site-packages/airflow/example_dags/example_xcomargs.py
[2026-07-18T21:48:32.652+0000] {logging_mixin.py:190} INFO - [2026-07-18T21:48:32.652+0000] {dag.py:3239} INFO - Sync 2 DAGs
[2026-07-18T21:48:32.675+0000] {logging_mixin.py:190} INFO - [2026-07-18T21:48:32.675+0000] {dag.py:4180} INFO - Setting next_dagrun for example_xcom_args to None, run_after=None
[2026-07-18T21:48:32.681+0000] {logging_mixin.py:190} INFO - [2026-07-18T21:48:32.681+0000] {dag.py:4180} INFO - Setting next_dagrun for example_xcom_args_with_operators to None, run_after=None
[2026-07-18T21:48:32.798+0000] {processor.py:208} INFO - Processing /home/airflow/.local/lib/python3.12/site-packages/airflow/example_dags/example_xcomargs.py took 0.216 seconds
[2026-07-18T21:49:03.174+0000] {processor.py:186} INFO - Started process (PID=2948) to work on /home/airflow/.local/lib/python3.12/site-packages/airflow/example_dags/example_xcomargs.py
[2026-07-18T21:49:03.177+0000] {processor.py:914} INFO - Processing file /home/airflow/.local/lib/python3.12/site-packages/airflow/example_dags/example_xcomargs.py for tasks to queue
[2026-07-18T21:49:03.184+0000] {logging_mixin.py:190} INFO - [2026-07-18T21:49:03.183+0000] {dagbag.py:588} INFO - Filling up the DagBag from /home/airflow/.local/lib/python3.12/site-packages/airflow/example_dags/example_xcomargs.py
[2026-07-18T21:49:03.205+0000] {processor.py:925} INFO - DAG(s) 'example_xcom_args', 'example_xcom_args_with_operators' retrieved from /home/airflow/.local/lib/python3.12/site-packages/airflow/example_dags/example_xcomargs.py
[2026-07-18T21:49:03.251+0000] {logging_mixin.py:190} INFO - [2026-07-18T21:49:03.251+0000] {dag.py:3239} INFO - Sync 2 DAGs
[2026-07-18T21:49:03.274+0000] {logging_mixin.py:190} INFO - [2026-07-18T21:49:03.273+0000] {dag.py:4180} INFO - Setting next_dagrun for example_xcom_args to None, run_after=None
[2026-07-18T21:49:03.281+0000] {logging_mixin.py:190} INFO - [2026-07-18T21:49:03.280+0000] {dag.py:4180} INFO - Setting next_dagrun for example_xcom_args_with_operators to None, run_after=None
[2026-07-18T21:49:03.309+0000] {processor.py:208} INFO - Processing /home/airflow/.local/lib/python3.12/site-packages/airflow/example_dags/example_xcomargs.py took 0.145 seconds
[2026-07-18T21:49:34.631+0000] {processor.py:186} INFO - Started process (PID=3012) to work on /home/airflow/.local/lib/python3.12/site-packages/airflow/example_dags/example_xcomargs.py
[2026-07-18T21:49:34.668+0000] {processor.py:914} INFO - Processing file /home/airflow/.local/lib/python3.12/site-packages/airflow/example_dags/example_xcomargs.py for tasks to queue
[2026-07-18T21:49:34.829+0000] {logging_mixin.py:190} INFO - [2026-07-18T21:49:34.828+0000] {dagbag.py:588} INFO - Filling up the DagBag from /home/airflow/.local/lib/python3.12/site-packages/airflow/example_dags/example_xcomargs.py
[2026-07-18T21:49:34.939+0000] {processor.py:925} INFO - DAG(s) 'example_xcom_args_with_operators', 'example_xcom_args' retrieved from /home/airflow/.local/lib/python3.12/site-packages/airflow/example_dags/example_xcomargs.py
[2026-07-18T21:49:35.322+0000] {logging_mixin.py:190} INFO - [2026-07-18T21:49:35.322+0000] {dag.py:3239} INFO - Sync 2 DAGs
[2026-07-18T21:49:35.675+0000] {logging_mixin.py:190} INFO - [2026-07-18T21:49:35.675+0000] {dag.py:4180} INFO - Setting next_dagrun for example_xcom_args to None, run_after=None
[2026-07-18T21:49:35.758+0000] {logging_mixin.py:190} INFO - [2026-07-18T21:49:35.757+0000] {dag.py:4180} INFO - Setting next_dagrun for example_xcom_args_with_operators to None, run_after=None
[2026-07-18T21:49:35.912+0000] {processor.py:208} INFO - Processing /home/airflow/.local/lib/python3.12/site-packages/airflow/example_dags/example_xcomargs.py took 1.300 seconds
[2026-07-18T22:00:37.388+0000] {processor.py:186} INFO - Started process (PID=3022) to work on /home/airflow/.local/lib/python3.12/site-packages/airflow/example_dags/example_xcomargs.py
[2026-07-18T22:00:37.401+0000] {processor.py:914} INFO - Processing file /home/airflow/.local/lib/python3.12/site-packages/airflow/example_dags/example_xcomargs.py for tasks to queue
[2026-07-18T22:00:37.420+0000] {logging_mixin.py:190} INFO - [2026-07-18T22:00:37.418+0000] {dagbag.py:588} INFO - Filling up the DagBag from /home/airflow/.local/lib/python3.12/site-packages/airflow/example_dags/example_xcomargs.py
[2026-07-18T22:00:37.489+0000] {processor.py:925} INFO - DAG(s) 'example_xcom_args', 'example_xcom_args_with_operators' retrieved from /home/airflow/.local/lib/python3.12/site-packages/airflow/example_dags/example_xcomargs.py
[2026-07-18T22:00:37.585+0000] {logging_mixin.py:190} INFO - [2026-07-18T22:00:37.585+0000] {dag.py:3239} INFO - Sync 2 DAGs
[2026-07-18T22:00:37.646+0000] {logging_mixin.py:190} INFO - [2026-07-18T22:00:37.645+0000] {dag.py:4180} INFO - Setting next_dagrun for example_xcom_args to None, run_after=None
[2026-07-18T22:00:37.657+0000] {logging_mixin.py:190} INFO - [2026-07-18T22:00:37.655+0000] {dag.py:4180} INFO - Setting next_dagrun for example_xcom_args_with_operators to None, run_after=None
[2026-07-18T22:00:37.713+0000] {processor.py:208} INFO - Processing /home/airflow/.local/lib/python3.12/site-packages/airflow/example_dags/example_xcomargs.py took 0.479 seconds
[2026-07-18T22:01:08.691+0000] {processor.py:186} INFO - Started process (PID=3086) to work on /home/airflow/.local/lib/python3.12/site-packages/airflow/example_dags/example_xcomargs.py
[2026-07-18T22:01:08.693+0000] {processor.py:914} INFO - Processing file /home/airflow/.local/lib/python3.12/site-packages/airflow/example_dags/example_xcomargs.py for tasks to queue
[2026-07-18T22:01:08.696+0000] {logging_mixin.py:190} INFO - [2026-07-18T22:01:08.696+0000] {dagbag.py:588} INFO - Filling up the DagBag from /home/airflow/.local/lib/python3.12/site-packages/airflow/example_dags/example_xcomargs.py
[2026-07-18T22:01:08.714+0000] {processor.py:925} INFO - DAG(s) 'example_xcom_args', 'example_xcom_args_with_operators' retrieved from /home/airflow/.local/lib/python3.12/site-packages/airflow/example_dags/example_xcomargs.py
[2026-07-18T22:01:08.760+0000] {logging_mixin.py:190} INFO - [2026-07-18T22:01:08.760+0000] {dag.py:3239} INFO - Sync 2 DAGs
[2026-07-18T22:01:08.790+0000] {logging_mixin.py:190} INFO - [2026-07-18T22:01:08.790+0000] {dag.py:4180} INFO - Setting next_dagrun for example_xcom_args to None, run_after=None
[2026-07-18T22:01:08.798+0000] {logging_mixin.py:190} INFO - [2026-07-18T22:01:08.798+0000] {dag.py:4180} INFO - Setting next_dagrun for example_xcom_args_with_operators to None, run_after=None
[2026-07-18T22:01:08.827+0000] {processor.py:208} INFO - Processing /home/airflow/.local/lib/python3.12/site-packages/airflow/example_dags/example_xcomargs.py took 0.148 seconds
[2026-07-18T22:01:38.958+0000] {processor.py:186} INFO - Started process (PID=3150) to work on /home/airflow/.local/lib/python3.12/site-packages/airflow/example_dags/example_xcomargs.py
[2026-07-18T22:01:38.962+0000] {processor.py:914} INFO - Processing file /home/airflow/.local/lib/python3.12/site-packages/airflow/example_dags/example_xcomargs.py for tasks to queue
[2026-07-18T22:01:38.967+0000] {logging_mixin.py:190} INFO - [2026-07-18T22:01:38.966+0000] {dagbag.py:588} INFO - Filling up the DagBag from /home/airflow/.local/lib/python3.12/site-packages/airflow/example_dags/example_xcomargs.py
[2026-07-18T22:01:39.003+0000] {processor.py:925} INFO - DAG(s) 'example_xcom_args_with_operators', 'example_xcom_args' retrieved from /home/airflow/.local/lib/python3.12/site-packages/airflow/example_dags/example_xcomargs.py
[2026-07-18T22:01:39.094+0000] {logging_mixin.py:190} INFO - [2026-07-18T22:01:39.094+0000] {dag.py:3239} INFO - Sync 2 DAGs
[2026-07-18T22:01:39.143+0000] {logging_mixin.py:190} INFO - [2026-07-18T22:01:39.143+0000] {dag.py:4180} INFO - Setting next_dagrun for example_xcom_args to None, run_after=None
[2026-07-18T22:01:39.156+0000] {logging_mixin.py:190} INFO - [2026-07-18T22:01:39.155+0000] {dag.py:4180} INFO - Setting next_dagrun for example_xcom_args_with_operators to None, run_after=None
[2026-07-18T22:01:39.229+0000] {processor.py:208} INFO - Processing /home/airflow/.local/lib/python3.12/site-packages/airflow/example_dags/example_xcomargs.py took 0.288 seconds
[2026-07-18T22:02:10.181+0000] {processor.py:186} INFO - Started process (PID=3214) to work on /home/airflow/.local/lib/python3.12/site-packages/airflow/example_dags/example_xcomargs.py
[2026-07-18T22:02:10.184+0000] {processor.py:914} INFO - Processing file /home/airflow/.local/lib/python3.12/site-packages/airflow/example_dags/example_xcomargs.py for tasks to queue
[2026-07-18T22:02:10.187+0000] {logging_mixin.py:190} INFO - [2026-07-18T22:02:10.186+0000] {dagbag.py:588} INFO - Filling up the DagBag from /home/airflow/.local/lib/python3.12/site-packages/airflow/example_dags/example_xcomargs.py
[2026-07-18T22:02:10.204+0000] {processor.py:925} INFO - DAG(s) 'example_xcom_args_with_operators', 'example_xcom_args' retrieved from /home/airflow/.local/lib/python3.12/site-packages/airflow/example_dags/example_xcomargs.py
[2026-07-18T22:02:10.240+0000] {logging_mixin.py:190} INFO - [2026-07-18T22:02:10.240+0000] {dag.py:3239} INFO - Sync 2 DAGs
[2026-07-18T22:02:10.264+0000] {logging_mixin.py:190} INFO - [2026-07-18T22:02:10.263+0000] {dag.py:4180} INFO - Setting next_dagrun for example_xcom_args to None, run_after=None
[2026-07-18T22:02:10.270+0000] {logging_mixin.py:190} INFO - [2026-07-18T22:02:10.270+0000] {dag.py:4180} INFO - Setting next_dagrun for example_xcom_args_with_operators to None, run_after=None
[2026-07-18T22:02:10.296+0000] {processor.py:208} INFO - Processing /home/airflow/.local/lib/python3.12/site-packages/airflow/example_dags/example_xcomargs.py took 0.127 seconds
[2026-07-18T22:02:40.425+0000] {processor.py:186} INFO - Started process (PID=3278) to work on /home/airflow/.local/lib/python3.12/site-packages/airflow/example_dags/example_xcomargs.py
[2026-07-18T22:02:40.427+0000] {processor.py:914} INFO - Processing file /home/airflow/.local/lib/python3.12/site-packages/airflow/example_dags/example_xcomargs.py for tasks to queue
[2026-07-18T22:02:40.430+0000] {logging_mixin.py:190} INFO - [2026-07-18T22:02:40.429+0000] {dagbag.py:588} INFO - Filling up the DagBag from /home/airflow/.local/lib/python3.12/site-packages/airflow/example_dags/example_xcomargs.py
[2026-07-18T22:02:40.445+0000] {processor.py:925} INFO - DAG(s) 'example_xcom_args_with_operators', 'example_xcom_args' retrieved from /home/airflow/.local/lib/python3.12/site-packages/airflow/example_dags/example_xcomargs.py
[2026-07-18T22:02:40.476+0000] {logging_mixin.py:190} INFO - [2026-07-18T22:02:40.475+0000] {dag.py:3239} INFO - Sync 2 DAGs
[2026-07-18T22:02:40.494+0000] {logging_mixin.py:190} INFO - [2026-07-18T22:02:40.494+0000] {dag.py:4180} INFO - Setting next_dagrun for example_xcom_args to None, run_after=None
[2026-07-18T22:02:40.500+0000] {logging_mixin.py:190} INFO - [2026-07-18T22:02:40.500+0000] {dag.py:4180} INFO - Setting next_dagrun for example_xcom_args_with_operators to None, run_after=None
[2026-07-18T22:02:40.525+0000] {processor.py:208} INFO - Processing /home/airflow/.local/lib/python3.12/site-packages/airflow/example_dags/example_xcomargs.py took 0.108 seconds
[2026-07-18T22:03:11.310+0000] {processor.py:186} INFO - Started process (PID=3342) to work on /home/airflow/.local/lib/python3.12/site-packages/airflow/example_dags/example_xcomargs.py
[2026-07-18T22:03:11.313+0000] {processor.py:914} INFO - Processing file /home/airflow/.local/lib/python3.12/site-packages/airflow/example_dags/example_xcomargs.py for tasks to queue
[2026-07-18T22:03:11.317+0000] {logging_mixin.py:190} INFO - [2026-07-18T22:03:11.317+0000] {dagbag.py:588} INFO - Filling up the DagBag from /home/airflow/.local/lib/python3.12/site-packages/airflow/example_dags/example_xcomargs.py
[2026-07-18T22:03:11.345+0000] {processor.py:925} INFO - DAG(s) 'example_xcom_args_with_operators', 'example_xcom_args' retrieved from /home/airflow/.local/lib/python3.12/site-packages/airflow/example_dags/example_xcomargs.py
[2026-07-18T22:03:11.392+0000] {logging_mixin.py:190} INFO - [2026-07-18T22:03:11.392+0000] {dag.py:3239} INFO - Sync 2 DAGs
[2026-07-18T22:03:11.420+0000] {logging_mixin.py:190} INFO - [2026-07-18T22:03:11.419+0000] {dag.py:4180} INFO - Setting next_dagrun for example_xcom_args to None, run_after=None
[2026-07-18T22:03:11.428+0000] {logging_mixin.py:190} INFO - [2026-07-18T22:03:11.427+0000] {dag.py:4180} INFO - Setting next_dagrun for example_xcom_args_with_operators to None, run_after=None
[2026-07-18T22:03:11.755+0000] {processor.py:208} INFO - Processing /home/airflow/.local/lib/python3.12/site-packages/airflow/example_dags/example_xcomargs.py took 0.457 seconds
[2026-07-18T22:03:42.041+0000] {processor.py:186} INFO - Started process (PID=3407) to work on /home/airflow/.local/lib/python3.12/site-packages/airflow/example_dags/example_xcomargs.py
[2026-07-18T22:03:42.043+0000] {processor.py:914} INFO - Processing file /home/airflow/.local/lib/python3.12/site-packages/airflow/example_dags/example_xcomargs.py for tasks to queue
[2026-07-18T22:03:42.046+0000] {logging_mixin.py:190} INFO - [2026-07-18T22:03:42.046+0000] {dagbag.py:588} INFO - Filling up the DagBag from /home/airflow/.local/lib/python3.12/site-packages/airflow/example_dags/example_xcomargs.py
[2026-07-18T22:03:42.067+0000] {processor.py:925} INFO - DAG(s) 'example_xcom_args_with_operators', 'example_xcom_args' retrieved from /home/airflow/.local/lib/python3.12/site-packages/airflow/example_dags/example_xcomargs.py
[2026-07-18T22:03:42.110+0000] {logging_mixin.py:190} INFO - [2026-07-18T22:03:42.109+0000] {dag.py:3239} INFO - Sync 2 DAGs
[2026-07-18T22:03:42.133+0000] {logging_mixin.py:190} INFO - [2026-07-18T22:03:42.133+0000] {dag.py:4180} INFO - Setting next_dagrun for example_xcom_args to None, run_after=None
[2026-07-18T22:03:42.139+0000] {logging_mixin.py:190} INFO - [2026-07-18T22:03:42.139+0000] {dag.py:4180} INFO - Setting next_dagrun for example_xcom_args_with_operators to None, run_after=None
[2026-07-18T22:03:42.215+0000] {processor.py:208} INFO - Processing /home/airflow/.local/lib/python3.12/site-packages/airflow/example_dags/example_xcomargs.py took 0.185 seconds
[2026-07-18T22:04:12.383+0000] {processor.py:186} INFO - Started process (PID=3471) to work on /home/airflow/.local/lib/python3.12/site-packages/airflow/example_dags/example_xcomargs.py
[2026-07-18T22:04:12.385+0000] {processor.py:914} INFO - Processing file /home/airflow/.local/lib/python3.12/site-packages/airflow/example_dags/example_xcomargs.py for tasks to queue
[2026-07-18T22:04:12.388+0000] {logging_mixin.py:190} INFO - [2026-07-18T22:04:12.387+0000] {dagbag.py:588} INFO - Filling up the DagBag from /home/airflow/.local/lib/python3.12/site-packages/airflow/example_dags/example_xcomargs.py
[2026-07-18T22:04:12.404+0000] {processor.py:925} INFO - DAG(s) 'example_xcom_args_with_operators', 'example_xcom_args' retrieved from /home/airflow/.local/lib/python3.12/site-packages/airflow/example_dags/example_xcomargs.py
[2026-07-18T22:04:12.436+0000] {logging_mixin.py:190} INFO - [2026-07-18T22:04:12.436+0000] {dag.py:3239} INFO - Sync 2 DAGs
[2026-07-18T22:04:12.458+0000] {logging_mixin.py:190} INFO - [2026-07-18T22:04:12.458+0000] {dag.py:4180} INFO - Setting next_dagrun for example_xcom_args to None, run_after=None
[2026-07-18T22:04:12.465+0000] {logging_mixin.py:190} INFO - [2026-07-18T22:04:12.465+0000] {dag.py:4180} INFO - Setting next_dagrun for example_xcom_args_with_operators to None, run_after=None
[2026-07-18T22:04:12.545+0000] {processor.py:208} INFO - Processing /home/airflow/.local/lib/python3.12/site-packages/airflow/example_dags/example_xcomargs.py took 0.170 seconds
[2026-07-18T22:04:42.922+0000] {processor.py:186} INFO - Started process (PID=3534) to work on /home/airflow/.local/lib/python3.12/site-packages/airflow/example_dags/example_xcomargs.py
[2026-07-18T22:04:42.924+0000] {processor.py:914} INFO - Processing file /home/airflow/.local/lib/python3.12/site-packages/airflow/example_dags/example_xcomargs.py for tasks to queue
[2026-07-18T22:04:42.927+0000] {logging_mixin.py:190} INFO - [2026-07-18T22:04:42.927+0000] {dagbag.py:588} INFO - Filling up the DagBag from /home/airflow/.local/lib/python3.12/site-packages/airflow/example_dags/example_xcomargs.py
[2026-07-18T22:04:42.945+0000] {processor.py:925} INFO - DAG(s) 'example_xcom_args', 'example_xcom_args_with_operators' retrieved from /home/airflow/.local/lib/python3.12/site-packages/airflow/example_dags/example_xcomargs.py
[2026-07-18T22:04:42.979+0000] {logging_mixin.py:190} INFO - [2026-07-18T22:04:42.978+0000] {dag.py:3239} INFO - Sync 2 DAGs
[2026-07-18T22:04:43.273+0000] {logging_mixin.py:190} INFO - [2026-07-18T22:04:43.272+0000] {dag.py:4180} INFO - Setting next_dagrun for example_xcom_args to None, run_after=None
[2026-07-18T22:04:43.279+0000] {logging_mixin.py:190} INFO - [2026-07-18T22:04:43.279+0000] {dag.py:4180} INFO - Setting next_dagrun for example_xcom_args_with_operators to None, run_after=None
[2026-07-18T22:04:43.370+0000] {processor.py:208} INFO - Processing /home/airflow/.local/lib/python3.12/site-packages/airflow/example_dags/example_xcomargs.py took 0.459 seconds
[2026-07-18T22:05:13.525+0000] {processor.py:186} INFO - Started process (PID=3598) to work on /home/airflow/.local/lib/python3.12/site-packages/airflow/example_dags/example_xcomargs.py
[2026-07-18T22:05:13.527+0000] {processor.py:914} INFO - Processing file /home/airflow/.local/lib/python3.12/site-packages/airflow/example_dags/example_xcomargs.py for tasks to queue
[2026-07-18T22:05:13.530+0000] {logging_mixin.py:190} INFO - [2026-07-18T22:05:13.529+0000] {dagbag.py:588} INFO - Filling up the DagBag from /home/airflow/.local/lib/python3.12/site-packages/airflow/example_dags/example_xcomargs.py
[2026-07-18T22:05:13.549+0000] {processor.py:925} INFO - DAG(s) 'example_xcom_args', 'example_xcom_args_with_operators' retrieved from /home/airflow/.local/lib/python3.12/site-packages/airflow/example_dags/example_xcomargs.py
[2026-07-18T22:05:13.584+0000] {logging_mixin.py:190} INFO - [2026-07-18T22:05:13.583+0000] {dag.py:3239} INFO - Sync 2 DAGs
[2026-07-18T22:05:13.605+0000] {logging_mixin.py:190} INFO - [2026-07-18T22:05:13.605+0000] {dag.py:4180} INFO - Setting next_dagrun for example_xcom_args to None, run_after=None
[2026-07-18T22:05:13.611+0000] {logging_mixin.py:190} INFO - [2026-07-18T22:05:13.611+0000] {dag.py:4180} INFO - Setting next_dagrun for example_xcom_args_with_operators to None, run_after=None
[2026-07-18T22:05:13.687+0000] {processor.py:208} INFO - Processing /home/airflow/.local/lib/python3.12/site-packages/airflow/example_dags/example_xcomargs.py took 0.171 seconds
[2026-07-18T22:05:44.030+0000] {processor.py:186} INFO - Started process (PID=3662) to work on /home/airflow/.local/lib/python3.12/site-packages/airflow/example_dags/example_xcomargs.py
[2026-07-18T22:05:44.032+0000] {processor.py:914} INFO - Processing file /home/airflow/.local/lib/python3.12/site-packages/airflow/example_dags/example_xcomargs.py for tasks to queue
[2026-07-18T22:05:44.036+0000] {logging_mixin.py:190} INFO - [2026-07-18T22:05:44.035+0000] {dagbag.py:588} INFO - Filling up the DagBag from /home/airflow/.local/lib/python3.12/site-packages/airflow/example_dags/example_xcomargs.py
[2026-07-18T22:05:44.054+0000] {processor.py:925} INFO - DAG(s) 'example_xcom_args', 'example_xcom_args_with_operators' retrieved from /home/airflow/.local/lib/python3.12/site-packages/airflow/example_dags/example_xcomargs.py
[2026-07-18T22:05:44.092+0000] {logging_mixin.py:190} INFO - [2026-07-18T22:05:44.091+0000] {dag.py:3239} INFO - Sync 2 DAGs
[2026-07-18T22:05:44.116+0000] {logging_mixin.py:190} INFO - [2026-07-18T22:05:44.116+0000] {dag.py:4180} INFO - Setting next_dagrun for example_xcom_args to None, run_after=None
[2026-07-18T22:05:44.125+0000] {logging_mixin.py:190} INFO - [2026-07-18T22:05:44.124+0000] {dag.py:4180} INFO - Setting next_dagrun for example_xcom_args_with_operators to None, run_after=None
[2026-07-18T22:05:44.151+0000] {processor.py:208} INFO - Processing /home/airflow/.local/lib/python3.12/site-packages/airflow/example_dags/example_xcomargs.py took 0.132 seconds
[2026-07-18T23:18:08.855+0000] {processor.py:186} INFO - Started process (PID=3676) to work on /home/airflow/.local/lib/python3.12/site-packages/airflow/example_dags/example_xcomargs.py
[2026-07-18T23:18:08.864+0000] {processor.py:914} INFO - Processing file /home/airflow/.local/lib/python3.12/site-packages/airflow/example_dags/example_xcomargs.py for tasks to queue
[2026-07-18T23:18:08.880+0000] {logging_mixin.py:190} INFO - [2026-07-18T23:18:08.879+0000] {dagbag.py:588} INFO - Filling up the DagBag from /home/airflow/.local/lib/python3.12/site-packages/airflow/example_dags/example_xcomargs.py
[2026-07-18T23:18:08.931+0000] {processor.py:925} INFO - DAG(s) 'example_xcom_args', 'example_xcom_args_with_operators' retrieved from /home/airflow/.local/lib/python3.12/site-packages/airflow/example_dags/example_xcomargs.py
[2026-07-18T23:18:09.044+0000] {logging_mixin.py:190} INFO - [2026-07-18T23:18:09.044+0000] {dag.py:3239} INFO - Sync 2 DAGs
[2026-07-18T23:18:09.127+0000] {logging_mixin.py:190} INFO - [2026-07-18T23:18:09.126+0000] {dag.py:4180} INFO - Setting next_dagrun for example_xcom_args to None, run_after=None
[2026-07-18T23:18:09.146+0000] {logging_mixin.py:190} INFO - [2026-07-18T23:18:09.146+0000] {dag.py:4180} INFO - Setting next_dagrun for example_xcom_args_with_operators to None, run_after=None
[2026-07-18T23:18:09.233+0000] {processor.py:208} INFO - Processing /home/airflow/.local/lib/python3.12/site-packages/airflow/example_dags/example_xcomargs.py took 0.399 seconds
