[2026-07-18T20:50:12.698+0000] {processor.py:186} INFO - Started process (PID=118) to work on /home/airflow/.local/lib/python3.12/site-packages/airflow/example_dags/example_skip_dag.py
[2026-07-18T20:50:12.701+0000] {processor.py:914} INFO - Processing file /home/airflow/.local/lib/python3.12/site-packages/airflow/example_dags/example_skip_dag.py for tasks to queue
[2026-07-18T20:50:12.706+0000] {logging_mixin.py:190} INFO - [2026-07-18T20:50:12.705+0000] {dagbag.py:588} INFO - Filling up the DagBag from /home/airflow/.local/lib/python3.12/site-packages/airflow/example_dags/example_skip_dag.py
[2026-07-18T20:50:12.722+0000] {processor.py:925} INFO - DAG(s) 'example_skip_dag' retrieved from /home/airflow/.local/lib/python3.12/site-packages/airflow/example_dags/example_skip_dag.py
[2026-07-18T20:50:12.994+0000] {logging_mixin.py:190} INFO - [2026-07-18T20:50:12.992+0000] {override.py:1911} INFO - Created Permission View: can edit on DAG:example_skip_dag
[2026-07-18T20:50:13.014+0000] {logging_mixin.py:190} INFO - [2026-07-18T20:50:13.014+0000] {override.py:1911} INFO - Created Permission View: can read on DAG:example_skip_dag
[2026-07-18T20:50:13.025+0000] {logging_mixin.py:190} INFO - [2026-07-18T20:50:13.025+0000] {override.py:1911} INFO - Created Permission View: can delete on DAG:example_skip_dag
[2026-07-18T20:50:13.037+0000] {logging_mixin.py:190} INFO - [2026-07-18T20:50:13.036+0000] {override.py:1911} INFO - Created Permission View: can create on DAG Run:example_skip_dag
[2026-07-18T20:50:13.047+0000] {logging_mixin.py:190} INFO - [2026-07-18T20:50:13.047+0000] {override.py:1911} INFO - Created Permission View: can read on DAG Run:example_skip_dag
[2026-07-18T20:50:13.060+0000] {logging_mixin.py:190} INFO - [2026-07-18T20:50:13.060+0000] {override.py:1911} INFO - Created Permission View: menu access on DAG Run:example_skip_dag
[2026-07-18T20:50:13.073+0000] {logging_mixin.py:190} INFO - [2026-07-18T20:50:13.073+0000] {override.py:1911} INFO - Created Permission View: can delete on DAG Run:example_skip_dag
[2026-07-18T20:50:13.075+0000] {logging_mixin.py:190} INFO - [2026-07-18T20:50:13.075+0000] {dag.py:3239} INFO - Sync 1 DAGs
[2026-07-18T20:50:13.112+0000] {logging_mixin.py:190} INFO - [2026-07-18T20:50:13.112+0000] {dag.py:3262} INFO - Creating ORM DAG for example_skip_dag
[2026-07-18T20:50:13.141+0000] {logging_mixin.py:190} INFO - [2026-07-18T20:50:13.141+0000] {dag.py:4180} INFO - Setting next_dagrun for example_skip_dag to 2026-07-17 00:00:00+00:00, run_after=2026-07-18 00:00:00+00:00
[2026-07-18T20:50:13.179+0000] {processor.py:208} INFO - Processing /home/airflow/.local/lib/python3.12/site-packages/airflow/example_dags/example_skip_dag.py took 0.498 seconds
[2026-07-18T20:50:43.465+0000] {processor.py:186} INFO - Started process (PID=180) to work on /home/airflow/.local/lib/python3.12/site-packages/airflow/example_dags/example_skip_dag.py
[2026-07-18T20:50:43.466+0000] {processor.py:914} INFO - Processing file /home/airflow/.local/lib/python3.12/site-packages/airflow/example_dags/example_skip_dag.py for tasks to queue
[2026-07-18T20:50:43.472+0000] {logging_mixin.py:190} INFO - [2026-07-18T20:50:43.472+0000] {dagbag.py:588} INFO - Filling up the DagBag from /home/airflow/.local/lib/python3.12/site-packages/airflow/example_dags/example_skip_dag.py
[2026-07-18T20:50:43.498+0000] {processor.py:925} INFO - DAG(s) 'example_skip_dag' retrieved from /home/airflow/.local/lib/python3.12/site-packages/airflow/example_dags/example_skip_dag.py
[2026-07-18T20:50:43.527+0000] {logging_mixin.py:190} INFO - [2026-07-18T20:50:43.527+0000] {dag.py:3239} INFO - Sync 1 DAGs
[2026-07-18T20:50:43.560+0000] {logging_mixin.py:190} INFO - [2026-07-18T20:50:43.560+0000] {dag.py:4180} INFO - Setting next_dagrun for example_skip_dag to 2026-07-17 00:00:00+00:00, run_after=2026-07-18 00:00:00+00:00
[2026-07-18T20:50:43.587+0000] {processor.py:208} INFO - Processing /home/airflow/.local/lib/python3.12/site-packages/airflow/example_dags/example_skip_dag.py took 0.132 seconds
[2026-07-18T20:51:13.691+0000] {processor.py:186} INFO - Started process (PID=242) to work on /home/airflow/.local/lib/python3.12/site-packages/airflow/example_dags/example_skip_dag.py
[2026-07-18T20:51:13.693+0000] {processor.py:914} INFO - Processing file /home/airflow/.local/lib/python3.12/site-packages/airflow/example_dags/example_skip_dag.py for tasks to queue
[2026-07-18T20:51:13.696+0000] {logging_mixin.py:190} INFO - [2026-07-18T20:51:13.696+0000] {dagbag.py:588} INFO - Filling up the DagBag from /home/airflow/.local/lib/python3.12/site-packages/airflow/example_dags/example_skip_dag.py
[2026-07-18T20:51:13.703+0000] {processor.py:925} INFO - DAG(s) 'example_skip_dag' retrieved from /home/airflow/.local/lib/python3.12/site-packages/airflow/example_dags/example_skip_dag.py
[2026-07-18T20:51:13.724+0000] {logging_mixin.py:190} INFO - [2026-07-18T20:51:13.723+0000] {dag.py:3239} INFO - Sync 1 DAGs
[2026-07-18T20:51:13.745+0000] {logging_mixin.py:190} INFO - [2026-07-18T20:51:13.745+0000] {dag.py:4180} INFO - Setting next_dagrun for example_skip_dag to 2026-07-17 00:00:00+00:00, run_after=2026-07-18 00:00:00+00:00
[2026-07-18T20:51:13.767+0000] {processor.py:208} INFO - Processing /home/airflow/.local/lib/python3.12/site-packages/airflow/example_dags/example_skip_dag.py took 0.080 seconds
[2026-07-18T20:51:43.832+0000] {processor.py:186} INFO - Started process (PID=306) to work on /home/airflow/.local/lib/python3.12/site-packages/airflow/example_dags/example_skip_dag.py
[2026-07-18T20:51:43.833+0000] {processor.py:914} INFO - Processing file /home/airflow/.local/lib/python3.12/site-packages/airflow/example_dags/example_skip_dag.py for tasks to queue
[2026-07-18T20:51:43.835+0000] {logging_mixin.py:190} INFO - [2026-07-18T20:51:43.835+0000] {dagbag.py:588} INFO - Filling up the DagBag from /home/airflow/.local/lib/python3.12/site-packages/airflow/example_dags/example_skip_dag.py
[2026-07-18T20:51:43.843+0000] {processor.py:925} INFO - DAG(s) 'example_skip_dag' retrieved from /home/airflow/.local/lib/python3.12/site-packages/airflow/example_dags/example_skip_dag.py
[2026-07-18T20:51:43.866+0000] {logging_mixin.py:190} INFO - [2026-07-18T20:51:43.866+0000] {dag.py:3239} INFO - Sync 1 DAGs
[2026-07-18T20:51:43.887+0000] {logging_mixin.py:190} INFO - [2026-07-18T20:51:43.887+0000] {dag.py:4180} INFO - Setting next_dagrun for example_skip_dag to 2026-07-17 00:00:00+00:00, run_after=2026-07-18 00:00:00+00:00
[2026-07-18T20:51:43.905+0000] {processor.py:208} INFO - Processing /home/airflow/.local/lib/python3.12/site-packages/airflow/example_dags/example_skip_dag.py took 0.078 seconds
[2026-07-18T20:52:14.314+0000] {processor.py:186} INFO - Started process (PID=368) to work on /home/airflow/.local/lib/python3.12/site-packages/airflow/example_dags/example_skip_dag.py
[2026-07-18T20:52:14.316+0000] {processor.py:914} INFO - Processing file /home/airflow/.local/lib/python3.12/site-packages/airflow/example_dags/example_skip_dag.py for tasks to queue
[2026-07-18T20:52:14.323+0000] {logging_mixin.py:190} INFO - [2026-07-18T20:52:14.322+0000] {dagbag.py:588} INFO - Filling up the DagBag from /home/airflow/.local/lib/python3.12/site-packages/airflow/example_dags/example_skip_dag.py
[2026-07-18T20:52:14.344+0000] {processor.py:925} INFO - DAG(s) 'example_skip_dag' retrieved from /home/airflow/.local/lib/python3.12/site-packages/airflow/example_dags/example_skip_dag.py
[2026-07-18T20:52:14.380+0000] {logging_mixin.py:190} INFO - [2026-07-18T20:52:14.380+0000] {dag.py:3239} INFO - Sync 1 DAGs
[2026-07-18T20:52:14.421+0000] {logging_mixin.py:190} INFO - [2026-07-18T20:52:14.420+0000] {dag.py:4180} INFO - Setting next_dagrun for example_skip_dag to 2026-07-17 00:00:00+00:00, run_after=2026-07-18 00:00:00+00:00
[2026-07-18T20:52:14.454+0000] {processor.py:208} INFO - Processing /home/airflow/.local/lib/python3.12/site-packages/airflow/example_dags/example_skip_dag.py took 0.153 seconds
[2026-07-18T20:52:44.611+0000] {processor.py:186} INFO - Started process (PID=430) to work on /home/airflow/.local/lib/python3.12/site-packages/airflow/example_dags/example_skip_dag.py
[2026-07-18T20:52:44.613+0000] {processor.py:914} INFO - Processing file /home/airflow/.local/lib/python3.12/site-packages/airflow/example_dags/example_skip_dag.py for tasks to queue
[2026-07-18T20:52:44.618+0000] {logging_mixin.py:190} INFO - [2026-07-18T20:52:44.617+0000] {dagbag.py:588} INFO - Filling up the DagBag from /home/airflow/.local/lib/python3.12/site-packages/airflow/example_dags/example_skip_dag.py
[2026-07-18T20:52:44.630+0000] {processor.py:925} INFO - DAG(s) 'example_skip_dag' retrieved from /home/airflow/.local/lib/python3.12/site-packages/airflow/example_dags/example_skip_dag.py
[2026-07-18T20:52:44.659+0000] {logging_mixin.py:190} INFO - [2026-07-18T20:52:44.659+0000] {dag.py:3239} INFO - Sync 1 DAGs
[2026-07-18T20:52:44.689+0000] {logging_mixin.py:190} INFO - [2026-07-18T20:52:44.689+0000] {dag.py:4180} INFO - Setting next_dagrun for example_skip_dag to 2026-07-17 00:00:00+00:00, run_after=2026-07-18 00:00:00+00:00
[2026-07-18T20:52:44.711+0000] {processor.py:208} INFO - Processing /home/airflow/.local/lib/python3.12/site-packages/airflow/example_dags/example_skip_dag.py took 0.109 seconds
[2026-07-18T20:53:15.363+0000] {processor.py:186} INFO - Started process (PID=493) to work on /home/airflow/.local/lib/python3.12/site-packages/airflow/example_dags/example_skip_dag.py
[2026-07-18T20:53:15.364+0000] {processor.py:914} INFO - Processing file /home/airflow/.local/lib/python3.12/site-packages/airflow/example_dags/example_skip_dag.py for tasks to queue
[2026-07-18T20:53:15.368+0000] {logging_mixin.py:190} INFO - [2026-07-18T20:53:15.368+0000] {dagbag.py:588} INFO - Filling up the DagBag from /home/airflow/.local/lib/python3.12/site-packages/airflow/example_dags/example_skip_dag.py
[2026-07-18T20:53:15.377+0000] {processor.py:925} INFO - DAG(s) 'example_skip_dag' retrieved from /home/airflow/.local/lib/python3.12/site-packages/airflow/example_dags/example_skip_dag.py
[2026-07-18T20:53:15.403+0000] {logging_mixin.py:190} INFO - [2026-07-18T20:53:15.403+0000] {dag.py:3239} INFO - Sync 1 DAGs
[2026-07-18T20:53:15.432+0000] {logging_mixin.py:190} INFO - [2026-07-18T20:53:15.432+0000] {dag.py:4180} INFO - Setting next_dagrun for example_skip_dag to 2026-07-17 00:00:00+00:00, run_after=2026-07-18 00:00:00+00:00
[2026-07-18T20:53:15.462+0000] {processor.py:208} INFO - Processing /home/airflow/.local/lib/python3.12/site-packages/airflow/example_dags/example_skip_dag.py took 0.107 seconds
[2026-07-18T20:53:46.219+0000] {processor.py:186} INFO - Started process (PID=556) to work on /home/airflow/.local/lib/python3.12/site-packages/airflow/example_dags/example_skip_dag.py
[2026-07-18T20:53:46.220+0000] {processor.py:914} INFO - Processing file /home/airflow/.local/lib/python3.12/site-packages/airflow/example_dags/example_skip_dag.py for tasks to queue
[2026-07-18T20:53:46.223+0000] {logging_mixin.py:190} INFO - [2026-07-18T20:53:46.222+0000] {dagbag.py:588} INFO - Filling up the DagBag from /home/airflow/.local/lib/python3.12/site-packages/airflow/example_dags/example_skip_dag.py
[2026-07-18T20:53:46.229+0000] {processor.py:925} INFO - DAG(s) 'example_skip_dag' retrieved from /home/airflow/.local/lib/python3.12/site-packages/airflow/example_dags/example_skip_dag.py
[2026-07-18T20:53:46.247+0000] {logging_mixin.py:190} INFO - [2026-07-18T20:53:46.247+0000] {dag.py:3239} INFO - Sync 1 DAGs
[2026-07-18T20:53:46.266+0000] {logging_mixin.py:190} INFO - [2026-07-18T20:53:46.266+0000] {dag.py:4180} INFO - Setting next_dagrun for example_skip_dag to 2026-07-17 00:00:00+00:00, run_after=2026-07-18 00:00:00+00:00
[2026-07-18T20:53:46.282+0000] {processor.py:208} INFO - Processing /home/airflow/.local/lib/python3.12/site-packages/airflow/example_dags/example_skip_dag.py took 0.067 seconds
[2026-07-18T20:54:16.994+0000] {processor.py:186} INFO - Started process (PID=619) to work on /home/airflow/.local/lib/python3.12/site-packages/airflow/example_dags/example_skip_dag.py
[2026-07-18T20:54:16.995+0000] {processor.py:914} INFO - Processing file /home/airflow/.local/lib/python3.12/site-packages/airflow/example_dags/example_skip_dag.py for tasks to queue
[2026-07-18T20:54:16.999+0000] {logging_mixin.py:190} INFO - [2026-07-18T20:54:16.998+0000] {dagbag.py:588} INFO - Filling up the DagBag from /home/airflow/.local/lib/python3.12/site-packages/airflow/example_dags/example_skip_dag.py
[2026-07-18T20:54:17.006+0000] {processor.py:925} INFO - DAG(s) 'example_skip_dag' retrieved from /home/airflow/.local/lib/python3.12/site-packages/airflow/example_dags/example_skip_dag.py
[2026-07-18T20:54:17.023+0000] {logging_mixin.py:190} INFO - [2026-07-18T20:54:17.023+0000] {dag.py:3239} INFO - Sync 1 DAGs
[2026-07-18T20:54:17.040+0000] {logging_mixin.py:190} INFO - [2026-07-18T20:54:17.040+0000] {dag.py:4180} INFO - Setting next_dagrun for example_skip_dag to 2026-07-17 00:00:00+00:00, run_after=2026-07-18 00:00:00+00:00
[2026-07-18T20:54:17.055+0000] {processor.py:208} INFO - Processing /home/airflow/.local/lib/python3.12/site-packages/airflow/example_dags/example_skip_dag.py took 0.067 seconds
[2026-07-18T20:54:48.594+0000] {processor.py:186} INFO - Started process (PID=682) to work on /home/airflow/.local/lib/python3.12/site-packages/airflow/example_dags/example_skip_dag.py
[2026-07-18T20:54:48.595+0000] {processor.py:914} INFO - Processing file /home/airflow/.local/lib/python3.12/site-packages/airflow/example_dags/example_skip_dag.py for tasks to queue
[2026-07-18T20:54:48.598+0000] {logging_mixin.py:190} INFO - [2026-07-18T20:54:48.598+0000] {dagbag.py:588} INFO - Filling up the DagBag from /home/airflow/.local/lib/python3.12/site-packages/airflow/example_dags/example_skip_dag.py
[2026-07-18T20:54:48.605+0000] {processor.py:925} INFO - DAG(s) 'example_skip_dag' retrieved from /home/airflow/.local/lib/python3.12/site-packages/airflow/example_dags/example_skip_dag.py
[2026-07-18T20:54:48.625+0000] {logging_mixin.py:190} INFO - [2026-07-18T20:54:48.625+0000] {dag.py:3239} INFO - Sync 1 DAGs
[2026-07-18T20:54:48.645+0000] {logging_mixin.py:190} INFO - [2026-07-18T20:54:48.645+0000] {dag.py:4180} INFO - Setting next_dagrun for example_skip_dag to 2026-07-17 00:00:00+00:00, run_after=2026-07-18 00:00:00+00:00
[2026-07-18T20:54:48.661+0000] {processor.py:208} INFO - Processing /home/airflow/.local/lib/python3.12/site-packages/airflow/example_dags/example_skip_dag.py took 0.073 seconds
[2026-07-18T20:55:19.215+0000] {processor.py:186} INFO - Started process (PID=746) to work on /home/airflow/.local/lib/python3.12/site-packages/airflow/example_dags/example_skip_dag.py
[2026-07-18T20:55:19.216+0000] {processor.py:914} INFO - Processing file /home/airflow/.local/lib/python3.12/site-packages/airflow/example_dags/example_skip_dag.py for tasks to queue
[2026-07-18T20:55:19.219+0000] {logging_mixin.py:190} INFO - [2026-07-18T20:55:19.219+0000] {dagbag.py:588} INFO - Filling up the DagBag from /home/airflow/.local/lib/python3.12/site-packages/airflow/example_dags/example_skip_dag.py
[2026-07-18T20:55:19.227+0000] {processor.py:925} INFO - DAG(s) 'example_skip_dag' retrieved from /home/airflow/.local/lib/python3.12/site-packages/airflow/example_dags/example_skip_dag.py
[2026-07-18T20:55:19.243+0000] {logging_mixin.py:190} INFO - [2026-07-18T20:55:19.243+0000] {dag.py:3239} INFO - Sync 1 DAGs
[2026-07-18T20:55:19.261+0000] {logging_mixin.py:190} INFO - [2026-07-18T20:55:19.261+0000] {dag.py:4180} INFO - Setting next_dagrun for example_skip_dag to 2026-07-17 00:00:00+00:00, run_after=2026-07-18 00:00:00+00:00
[2026-07-18T20:55:19.276+0000] {processor.py:208} INFO - Processing /home/airflow/.local/lib/python3.12/site-packages/airflow/example_dags/example_skip_dag.py took 0.066 seconds
[2026-07-18T20:55:50.845+0000] {processor.py:186} INFO - Started process (PID=809) to work on /home/airflow/.local/lib/python3.12/site-packages/airflow/example_dags/example_skip_dag.py
[2026-07-18T20:55:50.847+0000] {processor.py:914} INFO - Processing file /home/airflow/.local/lib/python3.12/site-packages/airflow/example_dags/example_skip_dag.py for tasks to queue
[2026-07-18T20:55:50.851+0000] {logging_mixin.py:190} INFO - [2026-07-18T20:55:50.850+0000] {dagbag.py:588} INFO - Filling up the DagBag from /home/airflow/.local/lib/python3.12/site-packages/airflow/example_dags/example_skip_dag.py
[2026-07-18T20:55:50.859+0000] {processor.py:925} INFO - DAG(s) 'example_skip_dag' retrieved from /home/airflow/.local/lib/python3.12/site-packages/airflow/example_dags/example_skip_dag.py
[2026-07-18T20:55:50.878+0000] {logging_mixin.py:190} INFO - [2026-07-18T20:55:50.878+0000] {dag.py:3239} INFO - Sync 1 DAGs
[2026-07-18T20:55:50.899+0000] {logging_mixin.py:190} INFO - [2026-07-18T20:55:50.898+0000] {dag.py:4180} INFO - Setting next_dagrun for example_skip_dag to 2026-07-17 00:00:00+00:00, run_after=2026-07-18 00:00:00+00:00
[2026-07-18T20:55:50.914+0000] {processor.py:208} INFO - Processing /home/airflow/.local/lib/python3.12/site-packages/airflow/example_dags/example_skip_dag.py took 0.075 seconds
[2026-07-18T20:56:22.958+0000] {processor.py:186} INFO - Started process (PID=873) to work on /home/airflow/.local/lib/python3.12/site-packages/airflow/example_dags/example_skip_dag.py
[2026-07-18T20:56:22.959+0000] {processor.py:914} INFO - Processing file /home/airflow/.local/lib/python3.12/site-packages/airflow/example_dags/example_skip_dag.py for tasks to queue
[2026-07-18T20:56:22.963+0000] {logging_mixin.py:190} INFO - [2026-07-18T20:56:22.962+0000] {dagbag.py:588} INFO - Filling up the DagBag from /home/airflow/.local/lib/python3.12/site-packages/airflow/example_dags/example_skip_dag.py
[2026-07-18T20:56:22.971+0000] {processor.py:925} INFO - DAG(s) 'example_skip_dag' retrieved from /home/airflow/.local/lib/python3.12/site-packages/airflow/example_dags/example_skip_dag.py
[2026-07-18T20:56:22.988+0000] {logging_mixin.py:190} INFO - [2026-07-18T20:56:22.988+0000] {dag.py:3239} INFO - Sync 1 DAGs
[2026-07-18T20:56:23.008+0000] {logging_mixin.py:190} INFO - [2026-07-18T20:56:23.007+0000] {dag.py:4180} INFO - Setting next_dagrun for example_skip_dag to 2026-07-17 00:00:00+00:00, run_after=2026-07-18 00:00:00+00:00
[2026-07-18T20:56:23.023+0000] {processor.py:208} INFO - Processing /home/airflow/.local/lib/python3.12/site-packages/airflow/example_dags/example_skip_dag.py took 0.071 seconds
[2026-07-18T20:56:54.152+0000] {processor.py:186} INFO - Started process (PID=936) to work on /home/airflow/.local/lib/python3.12/site-packages/airflow/example_dags/example_skip_dag.py
[2026-07-18T20:56:54.154+0000] {processor.py:914} INFO - Processing file /home/airflow/.local/lib/python3.12/site-packages/airflow/example_dags/example_skip_dag.py for tasks to queue
[2026-07-18T20:56:54.157+0000] {logging_mixin.py:190} INFO - [2026-07-18T20:56:54.157+0000] {dagbag.py:588} INFO - Filling up the DagBag from /home/airflow/.local/lib/python3.12/site-packages/airflow/example_dags/example_skip_dag.py
[2026-07-18T20:56:54.166+0000] {processor.py:925} INFO - DAG(s) 'example_skip_dag' retrieved from /home/airflow/.local/lib/python3.12/site-packages/airflow/example_dags/example_skip_dag.py
[2026-07-18T20:56:54.185+0000] {logging_mixin.py:190} INFO - [2026-07-18T20:56:54.185+0000] {dag.py:3239} INFO - Sync 1 DAGs
[2026-07-18T20:56:54.206+0000] {logging_mixin.py:190} INFO - [2026-07-18T20:56:54.206+0000] {dag.py:4180} INFO - Setting next_dagrun for example_skip_dag to 2026-07-17 00:00:00+00:00, run_after=2026-07-18 00:00:00+00:00
[2026-07-18T20:56:54.226+0000] {processor.py:208} INFO - Processing /home/airflow/.local/lib/python3.12/site-packages/airflow/example_dags/example_skip_dag.py took 0.080 seconds
[2026-07-18T20:57:25.700+0000] {processor.py:186} INFO - Started process (PID=999) to work on /home/airflow/.local/lib/python3.12/site-packages/airflow/example_dags/example_skip_dag.py
[2026-07-18T20:57:25.701+0000] {processor.py:914} INFO - Processing file /home/airflow/.local/lib/python3.12/site-packages/airflow/example_dags/example_skip_dag.py for tasks to queue
[2026-07-18T20:57:25.704+0000] {logging_mixin.py:190} INFO - [2026-07-18T20:57:25.704+0000] {dagbag.py:588} INFO - Filling up the DagBag from /home/airflow/.local/lib/python3.12/site-packages/airflow/example_dags/example_skip_dag.py
[2026-07-18T20:57:25.711+0000] {processor.py:925} INFO - DAG(s) 'example_skip_dag' retrieved from /home/airflow/.local/lib/python3.12/site-packages/airflow/example_dags/example_skip_dag.py
[2026-07-18T20:57:25.728+0000] {logging_mixin.py:190} INFO - [2026-07-18T20:57:25.728+0000] {dag.py:3239} INFO - Sync 1 DAGs
[2026-07-18T20:57:25.748+0000] {logging_mixin.py:190} INFO - [2026-07-18T20:57:25.747+0000] {dag.py:4180} INFO - Setting next_dagrun for example_skip_dag to 2026-07-17 00:00:00+00:00, run_after=2026-07-18 00:00:00+00:00
[2026-07-18T20:57:25.763+0000] {processor.py:208} INFO - Processing /home/airflow/.local/lib/python3.12/site-packages/airflow/example_dags/example_skip_dag.py took 0.068 seconds
[2026-07-18T20:57:56.861+0000] {processor.py:186} INFO - Started process (PID=1062) to work on /home/airflow/.local/lib/python3.12/site-packages/airflow/example_dags/example_skip_dag.py
[2026-07-18T20:57:56.862+0000] {processor.py:914} INFO - Processing file /home/airflow/.local/lib/python3.12/site-packages/airflow/example_dags/example_skip_dag.py for tasks to queue
[2026-07-18T20:57:56.865+0000] {logging_mixin.py:190} INFO - [2026-07-18T20:57:56.865+0000] {dagbag.py:588} INFO - Filling up the DagBag from /home/airflow/.local/lib/python3.12/site-packages/airflow/example_dags/example_skip_dag.py
[2026-07-18T20:57:56.873+0000] {processor.py:925} INFO - DAG(s) 'example_skip_dag' retrieved from /home/airflow/.local/lib/python3.12/site-packages/airflow/example_dags/example_skip_dag.py
[2026-07-18T20:57:56.891+0000] {logging_mixin.py:190} INFO - [2026-07-18T20:57:56.891+0000] {dag.py:3239} INFO - Sync 1 DAGs
[2026-07-18T20:57:56.912+0000] {logging_mixin.py:190} INFO - [2026-07-18T20:57:56.911+0000] {dag.py:4180} INFO - Setting next_dagrun for example_skip_dag to 2026-07-17 00:00:00+00:00, run_after=2026-07-18 00:00:00+00:00
[2026-07-18T20:57:56.927+0000] {processor.py:208} INFO - Processing /home/airflow/.local/lib/python3.12/site-packages/airflow/example_dags/example_skip_dag.py took 0.072 seconds
[2026-07-18T20:58:28.320+0000] {processor.py:186} INFO - Started process (PID=1125) to work on /home/airflow/.local/lib/python3.12/site-packages/airflow/example_dags/example_skip_dag.py
[2026-07-18T20:58:28.321+0000] {processor.py:914} INFO - Processing file /home/airflow/.local/lib/python3.12/site-packages/airflow/example_dags/example_skip_dag.py for tasks to queue
[2026-07-18T20:58:28.324+0000] {logging_mixin.py:190} INFO - [2026-07-18T20:58:28.323+0000] {dagbag.py:588} INFO - Filling up the DagBag from /home/airflow/.local/lib/python3.12/site-packages/airflow/example_dags/example_skip_dag.py
[2026-07-18T20:58:28.331+0000] {processor.py:925} INFO - DAG(s) 'example_skip_dag' retrieved from /home/airflow/.local/lib/python3.12/site-packages/airflow/example_dags/example_skip_dag.py
[2026-07-18T20:58:28.351+0000] {logging_mixin.py:190} INFO - [2026-07-18T20:58:28.350+0000] {dag.py:3239} INFO - Sync 1 DAGs
[2026-07-18T20:58:28.370+0000] {logging_mixin.py:190} INFO - [2026-07-18T20:58:28.370+0000] {dag.py:4180} INFO - Setting next_dagrun for example_skip_dag to 2026-07-17 00:00:00+00:00, run_after=2026-07-18 00:00:00+00:00
[2026-07-18T20:58:28.393+0000] {processor.py:208} INFO - Processing /home/airflow/.local/lib/python3.12/site-packages/airflow/example_dags/example_skip_dag.py took 0.079 seconds
[2026-07-18T20:58:58.946+0000] {processor.py:186} INFO - Started process (PID=1188) to work on /home/airflow/.local/lib/python3.12/site-packages/airflow/example_dags/example_skip_dag.py
[2026-07-18T20:58:58.947+0000] {processor.py:914} INFO - Processing file /home/airflow/.local/lib/python3.12/site-packages/airflow/example_dags/example_skip_dag.py for tasks to queue
[2026-07-18T20:58:58.951+0000] {logging_mixin.py:190} INFO - [2026-07-18T20:58:58.951+0000] {dagbag.py:588} INFO - Filling up the DagBag from /home/airflow/.local/lib/python3.12/site-packages/airflow/example_dags/example_skip_dag.py
[2026-07-18T20:58:58.959+0000] {processor.py:925} INFO - DAG(s) 'example_skip_dag' retrieved from /home/airflow/.local/lib/python3.12/site-packages/airflow/example_dags/example_skip_dag.py
[2026-07-18T20:58:58.984+0000] {logging_mixin.py:190} INFO - [2026-07-18T20:58:58.984+0000] {dag.py:3239} INFO - Sync 1 DAGs
[2026-07-18T20:58:59.015+0000] {logging_mixin.py:190} INFO - [2026-07-18T20:58:59.015+0000] {dag.py:4180} INFO - Setting next_dagrun for example_skip_dag to 2026-07-17 00:00:00+00:00, run_after=2026-07-18 00:00:00+00:00
[2026-07-18T20:58:59.045+0000] {processor.py:208} INFO - Processing /home/airflow/.local/lib/python3.12/site-packages/airflow/example_dags/example_skip_dag.py took 0.105 seconds
[2026-07-18T20:59:30.558+0000] {processor.py:186} INFO - Started process (PID=1251) to work on /home/airflow/.local/lib/python3.12/site-packages/airflow/example_dags/example_skip_dag.py
[2026-07-18T20:59:30.559+0000] {processor.py:914} INFO - Processing file /home/airflow/.local/lib/python3.12/site-packages/airflow/example_dags/example_skip_dag.py for tasks to queue
[2026-07-18T20:59:30.562+0000] {logging_mixin.py:190} INFO - [2026-07-18T20:59:30.562+0000] {dagbag.py:588} INFO - Filling up the DagBag from /home/airflow/.local/lib/python3.12/site-packages/airflow/example_dags/example_skip_dag.py
[2026-07-18T20:59:30.569+0000] {processor.py:925} INFO - DAG(s) 'example_skip_dag' retrieved from /home/airflow/.local/lib/python3.12/site-packages/airflow/example_dags/example_skip_dag.py
[2026-07-18T20:59:30.586+0000] {logging_mixin.py:190} INFO - [2026-07-18T20:59:30.586+0000] {dag.py:3239} INFO - Sync 1 DAGs
[2026-07-18T20:59:30.606+0000] {logging_mixin.py:190} INFO - [2026-07-18T20:59:30.606+0000] {dag.py:4180} INFO - Setting next_dagrun for example_skip_dag to 2026-07-17 00:00:00+00:00, run_after=2026-07-18 00:00:00+00:00
[2026-07-18T20:59:30.622+0000] {processor.py:208} INFO - Processing /home/airflow/.local/lib/python3.12/site-packages/airflow/example_dags/example_skip_dag.py took 0.070 seconds
[2026-07-18T21:00:01.186+0000] {processor.py:186} INFO - Started process (PID=1314) to work on /home/airflow/.local/lib/python3.12/site-packages/airflow/example_dags/example_skip_dag.py
[2026-07-18T21:00:01.187+0000] {processor.py:914} INFO - Processing file /home/airflow/.local/lib/python3.12/site-packages/airflow/example_dags/example_skip_dag.py for tasks to queue
[2026-07-18T21:00:01.190+0000] {logging_mixin.py:190} INFO - [2026-07-18T21:00:01.190+0000] {dagbag.py:588} INFO - Filling up the DagBag from /home/airflow/.local/lib/python3.12/site-packages/airflow/example_dags/example_skip_dag.py
[2026-07-18T21:00:01.197+0000] {processor.py:925} INFO - DAG(s) 'example_skip_dag' retrieved from /home/airflow/.local/lib/python3.12/site-packages/airflow/example_dags/example_skip_dag.py
[2026-07-18T21:00:01.217+0000] {logging_mixin.py:190} INFO - [2026-07-18T21:00:01.217+0000] {dag.py:3239} INFO - Sync 1 DAGs
[2026-07-18T21:00:01.238+0000] {logging_mixin.py:190} INFO - [2026-07-18T21:00:01.238+0000] {dag.py:4180} INFO - Setting next_dagrun for example_skip_dag to 2026-07-17 00:00:00+00:00, run_after=2026-07-18 00:00:00+00:00
[2026-07-18T21:00:01.257+0000] {processor.py:208} INFO - Processing /home/airflow/.local/lib/python3.12/site-packages/airflow/example_dags/example_skip_dag.py took 0.077 seconds
[2026-07-18T21:00:32.310+0000] {processor.py:186} INFO - Started process (PID=1377) to work on /home/airflow/.local/lib/python3.12/site-packages/airflow/example_dags/example_skip_dag.py
[2026-07-18T21:00:32.311+0000] {processor.py:914} INFO - Processing file /home/airflow/.local/lib/python3.12/site-packages/airflow/example_dags/example_skip_dag.py for tasks to queue
[2026-07-18T21:00:32.314+0000] {logging_mixin.py:190} INFO - [2026-07-18T21:00:32.314+0000] {dagbag.py:588} INFO - Filling up the DagBag from /home/airflow/.local/lib/python3.12/site-packages/airflow/example_dags/example_skip_dag.py
[2026-07-18T21:00:32.322+0000] {processor.py:925} INFO - DAG(s) 'example_skip_dag' retrieved from /home/airflow/.local/lib/python3.12/site-packages/airflow/example_dags/example_skip_dag.py
[2026-07-18T21:00:32.341+0000] {logging_mixin.py:190} INFO - [2026-07-18T21:00:32.341+0000] {dag.py:3239} INFO - Sync 1 DAGs
[2026-07-18T21:00:32.360+0000] {logging_mixin.py:190} INFO - [2026-07-18T21:00:32.360+0000] {dag.py:4180} INFO - Setting next_dagrun for example_skip_dag to 2026-07-17 00:00:00+00:00, run_after=2026-07-18 00:00:00+00:00
[2026-07-18T21:00:32.378+0000] {processor.py:208} INFO - Processing /home/airflow/.local/lib/python3.12/site-packages/airflow/example_dags/example_skip_dag.py took 0.073 seconds
[2026-07-18T21:01:06.715+0000] {processor.py:186} INFO - Started process (PID=1446) to work on /home/airflow/.local/lib/python3.12/site-packages/airflow/example_dags/example_skip_dag.py
[2026-07-18T21:01:06.719+0000] {processor.py:914} INFO - Processing file /home/airflow/.local/lib/python3.12/site-packages/airflow/example_dags/example_skip_dag.py for tasks to queue
[2026-07-18T21:01:06.727+0000] {logging_mixin.py:190} INFO - [2026-07-18T21:01:06.726+0000] {dagbag.py:588} INFO - Filling up the DagBag from /home/airflow/.local/lib/python3.12/site-packages/airflow/example_dags/example_skip_dag.py
[2026-07-18T21:01:06.754+0000] {processor.py:925} INFO - DAG(s) 'example_skip_dag' retrieved from /home/airflow/.local/lib/python3.12/site-packages/airflow/example_dags/example_skip_dag.py
[2026-07-18T21:01:06.810+0000] {logging_mixin.py:190} INFO - [2026-07-18T21:01:06.810+0000] {dag.py:3239} INFO - Sync 1 DAGs
[2026-07-18T21:01:06.851+0000] {logging_mixin.py:190} INFO - [2026-07-18T21:01:06.851+0000] {dag.py:4180} INFO - Setting next_dagrun for example_skip_dag to 2026-07-17 00:00:00+00:00, run_after=2026-07-18 00:00:00+00:00
[2026-07-18T21:01:06.897+0000] {processor.py:208} INFO - Processing /home/airflow/.local/lib/python3.12/site-packages/airflow/example_dags/example_skip_dag.py took 0.198 seconds
[2026-07-18T21:01:38.248+0000] {processor.py:186} INFO - Started process (PID=1509) to work on /home/airflow/.local/lib/python3.12/site-packages/airflow/example_dags/example_skip_dag.py
[2026-07-18T21:01:38.250+0000] {processor.py:914} INFO - Processing file /home/airflow/.local/lib/python3.12/site-packages/airflow/example_dags/example_skip_dag.py for tasks to queue
[2026-07-18T21:01:38.255+0000] {logging_mixin.py:190} INFO - [2026-07-18T21:01:38.254+0000] {dagbag.py:588} INFO - Filling up the DagBag from /home/airflow/.local/lib/python3.12/site-packages/airflow/example_dags/example_skip_dag.py
[2026-07-18T21:01:38.266+0000] {processor.py:925} INFO - DAG(s) 'example_skip_dag' retrieved from /home/airflow/.local/lib/python3.12/site-packages/airflow/example_dags/example_skip_dag.py
[2026-07-18T21:01:38.301+0000] {logging_mixin.py:190} INFO - [2026-07-18T21:01:38.300+0000] {dag.py:3239} INFO - Sync 1 DAGs
[2026-07-18T21:01:38.338+0000] {logging_mixin.py:190} INFO - [2026-07-18T21:01:38.337+0000] {dag.py:4180} INFO - Setting next_dagrun for example_skip_dag to 2026-07-17 00:00:00+00:00, run_after=2026-07-18 00:00:00+00:00
[2026-07-18T21:01:38.369+0000] {processor.py:208} INFO - Processing /home/airflow/.local/lib/python3.12/site-packages/airflow/example_dags/example_skip_dag.py took 0.128 seconds
[2026-07-18T21:02:09.171+0000] {processor.py:186} INFO - Started process (PID=1572) to work on /home/airflow/.local/lib/python3.12/site-packages/airflow/example_dags/example_skip_dag.py
[2026-07-18T21:02:09.175+0000] {processor.py:914} INFO - Processing file /home/airflow/.local/lib/python3.12/site-packages/airflow/example_dags/example_skip_dag.py for tasks to queue
[2026-07-18T21:02:09.182+0000] {logging_mixin.py:190} INFO - [2026-07-18T21:02:09.182+0000] {dagbag.py:588} INFO - Filling up the DagBag from /home/airflow/.local/lib/python3.12/site-packages/airflow/example_dags/example_skip_dag.py
[2026-07-18T21:02:09.199+0000] {processor.py:925} INFO - DAG(s) 'example_skip_dag' retrieved from /home/airflow/.local/lib/python3.12/site-packages/airflow/example_dags/example_skip_dag.py
[2026-07-18T21:02:09.234+0000] {logging_mixin.py:190} INFO - [2026-07-18T21:02:09.233+0000] {dag.py:3239} INFO - Sync 1 DAGs
[2026-07-18T21:02:09.288+0000] {logging_mixin.py:190} INFO - [2026-07-18T21:02:09.288+0000] {dag.py:4180} INFO - Setting next_dagrun for example_skip_dag to 2026-07-17 00:00:00+00:00, run_after=2026-07-18 00:00:00+00:00
[2026-07-18T21:02:09.406+0000] {processor.py:208} INFO - Processing /home/airflow/.local/lib/python3.12/site-packages/airflow/example_dags/example_skip_dag.py took 0.256 seconds
[2026-07-18T21:02:40.285+0000] {processor.py:186} INFO - Started process (PID=1635) to work on /home/airflow/.local/lib/python3.12/site-packages/airflow/example_dags/example_skip_dag.py
[2026-07-18T21:02:40.289+0000] {processor.py:914} INFO - Processing file /home/airflow/.local/lib/python3.12/site-packages/airflow/example_dags/example_skip_dag.py for tasks to queue
[2026-07-18T21:02:40.299+0000] {logging_mixin.py:190} INFO - [2026-07-18T21:02:40.298+0000] {dagbag.py:588} INFO - Filling up the DagBag from /home/airflow/.local/lib/python3.12/site-packages/airflow/example_dags/example_skip_dag.py
[2026-07-18T21:02:40.324+0000] {processor.py:925} INFO - DAG(s) 'example_skip_dag' retrieved from /home/airflow/.local/lib/python3.12/site-packages/airflow/example_dags/example_skip_dag.py
[2026-07-18T21:02:40.364+0000] {logging_mixin.py:190} INFO - [2026-07-18T21:02:40.364+0000] {dag.py:3239} INFO - Sync 1 DAGs
[2026-07-18T21:02:40.406+0000] {logging_mixin.py:190} INFO - [2026-07-18T21:02:40.406+0000] {dag.py:4180} INFO - Setting next_dagrun for example_skip_dag to 2026-07-17 00:00:00+00:00, run_after=2026-07-18 00:00:00+00:00
[2026-07-18T21:02:40.632+0000] {processor.py:208} INFO - Processing /home/airflow/.local/lib/python3.12/site-packages/airflow/example_dags/example_skip_dag.py took 0.364 seconds
[2026-07-18T21:03:12.024+0000] {processor.py:186} INFO - Started process (PID=1698) to work on /home/airflow/.local/lib/python3.12/site-packages/airflow/example_dags/example_skip_dag.py
[2026-07-18T21:03:12.026+0000] {processor.py:914} INFO - Processing file /home/airflow/.local/lib/python3.12/site-packages/airflow/example_dags/example_skip_dag.py for tasks to queue
[2026-07-18T21:03:12.032+0000] {logging_mixin.py:190} INFO - [2026-07-18T21:03:12.031+0000] {dagbag.py:588} INFO - Filling up the DagBag from /home/airflow/.local/lib/python3.12/site-packages/airflow/example_dags/example_skip_dag.py
[2026-07-18T21:03:12.052+0000] {processor.py:925} INFO - DAG(s) 'example_skip_dag' retrieved from /home/airflow/.local/lib/python3.12/site-packages/airflow/example_dags/example_skip_dag.py
[2026-07-18T21:03:12.109+0000] {logging_mixin.py:190} INFO - [2026-07-18T21:03:12.109+0000] {dag.py:3239} INFO - Sync 1 DAGs
[2026-07-18T21:03:12.167+0000] {logging_mixin.py:190} INFO - [2026-07-18T21:03:12.166+0000] {dag.py:4180} INFO - Setting next_dagrun for example_skip_dag to 2026-07-17 00:00:00+00:00, run_after=2026-07-18 00:00:00+00:00
[2026-07-18T21:03:12.269+0000] {processor.py:208} INFO - Processing /home/airflow/.local/lib/python3.12/site-packages/airflow/example_dags/example_skip_dag.py took 0.252 seconds
[2026-07-18T21:03:43.200+0000] {processor.py:186} INFO - Started process (PID=1760) to work on /home/airflow/.local/lib/python3.12/site-packages/airflow/example_dags/example_skip_dag.py
[2026-07-18T21:03:43.202+0000] {processor.py:914} INFO - Processing file /home/airflow/.local/lib/python3.12/site-packages/airflow/example_dags/example_skip_dag.py for tasks to queue
[2026-07-18T21:03:43.207+0000] {logging_mixin.py:190} INFO - [2026-07-18T21:03:43.207+0000] {dagbag.py:588} INFO - Filling up the DagBag from /home/airflow/.local/lib/python3.12/site-packages/airflow/example_dags/example_skip_dag.py
[2026-07-18T21:03:43.219+0000] {processor.py:925} INFO - DAG(s) 'example_skip_dag' retrieved from /home/airflow/.local/lib/python3.12/site-packages/airflow/example_dags/example_skip_dag.py
[2026-07-18T21:03:43.248+0000] {logging_mixin.py:190} INFO - [2026-07-18T21:03:43.247+0000] {dag.py:3239} INFO - Sync 1 DAGs
[2026-07-18T21:03:43.280+0000] {logging_mixin.py:190} INFO - [2026-07-18T21:03:43.280+0000] {dag.py:4180} INFO - Setting next_dagrun for example_skip_dag to 2026-07-17 00:00:00+00:00, run_after=2026-07-18 00:00:00+00:00
[2026-07-18T21:03:43.354+0000] {processor.py:208} INFO - Processing /home/airflow/.local/lib/python3.12/site-packages/airflow/example_dags/example_skip_dag.py took 0.163 seconds
[2026-07-18T21:04:15.350+0000] {processor.py:186} INFO - Started process (PID=1827) to work on /home/airflow/.local/lib/python3.12/site-packages/airflow/example_dags/example_skip_dag.py
[2026-07-18T21:04:15.353+0000] {processor.py:914} INFO - Processing file /home/airflow/.local/lib/python3.12/site-packages/airflow/example_dags/example_skip_dag.py for tasks to queue
[2026-07-18T21:04:15.358+0000] {logging_mixin.py:190} INFO - [2026-07-18T21:04:15.358+0000] {dagbag.py:588} INFO - Filling up the DagBag from /home/airflow/.local/lib/python3.12/site-packages/airflow/example_dags/example_skip_dag.py
[2026-07-18T21:04:15.372+0000] {processor.py:925} INFO - DAG(s) 'example_skip_dag' retrieved from /home/airflow/.local/lib/python3.12/site-packages/airflow/example_dags/example_skip_dag.py
[2026-07-18T21:04:15.405+0000] {logging_mixin.py:190} INFO - [2026-07-18T21:04:15.404+0000] {dag.py:3239} INFO - Sync 1 DAGs
[2026-07-18T21:04:15.440+0000] {logging_mixin.py:190} INFO - [2026-07-18T21:04:15.439+0000] {dag.py:4180} INFO - Setting next_dagrun for example_skip_dag to 2026-07-17 00:00:00+00:00, run_after=2026-07-18 00:00:00+00:00
[2026-07-18T21:04:15.467+0000] {processor.py:208} INFO - Processing /home/airflow/.local/lib/python3.12/site-packages/airflow/example_dags/example_skip_dag.py took 0.129 seconds
[2026-07-18T21:04:46.530+0000] {processor.py:186} INFO - Started process (PID=1890) to work on /home/airflow/.local/lib/python3.12/site-packages/airflow/example_dags/example_skip_dag.py
[2026-07-18T21:04:46.533+0000] {processor.py:914} INFO - Processing file /home/airflow/.local/lib/python3.12/site-packages/airflow/example_dags/example_skip_dag.py for tasks to queue
[2026-07-18T21:04:46.539+0000] {logging_mixin.py:190} INFO - [2026-07-18T21:04:46.538+0000] {dagbag.py:588} INFO - Filling up the DagBag from /home/airflow/.local/lib/python3.12/site-packages/airflow/example_dags/example_skip_dag.py
[2026-07-18T21:04:46.558+0000] {processor.py:925} INFO - DAG(s) 'example_skip_dag' retrieved from /home/airflow/.local/lib/python3.12/site-packages/airflow/example_dags/example_skip_dag.py
[2026-07-18T21:04:46.596+0000] {logging_mixin.py:190} INFO - [2026-07-18T21:04:46.596+0000] {dag.py:3239} INFO - Sync 1 DAGs
[2026-07-18T21:04:46.637+0000] {logging_mixin.py:190} INFO - [2026-07-18T21:04:46.636+0000] {dag.py:4180} INFO - Setting next_dagrun for example_skip_dag to 2026-07-17 00:00:00+00:00, run_after=2026-07-18 00:00:00+00:00
[2026-07-18T21:04:46.671+0000] {processor.py:208} INFO - Processing /home/airflow/.local/lib/python3.12/site-packages/airflow/example_dags/example_skip_dag.py took 0.154 seconds
[2026-07-18T21:05:16.887+0000] {processor.py:186} INFO - Started process (PID=1953) to work on /home/airflow/.local/lib/python3.12/site-packages/airflow/example_dags/example_skip_dag.py
[2026-07-18T21:05:16.888+0000] {processor.py:914} INFO - Processing file /home/airflow/.local/lib/python3.12/site-packages/airflow/example_dags/example_skip_dag.py for tasks to queue
[2026-07-18T21:05:16.890+0000] {logging_mixin.py:190} INFO - [2026-07-18T21:05:16.890+0000] {dagbag.py:588} INFO - Filling up the DagBag from /home/airflow/.local/lib/python3.12/site-packages/airflow/example_dags/example_skip_dag.py
[2026-07-18T21:05:16.899+0000] {processor.py:925} INFO - DAG(s) 'example_skip_dag' retrieved from /home/airflow/.local/lib/python3.12/site-packages/airflow/example_dags/example_skip_dag.py
[2026-07-18T21:05:16.921+0000] {logging_mixin.py:190} INFO - [2026-07-18T21:05:16.921+0000] {dag.py:3239} INFO - Sync 1 DAGs
[2026-07-18T21:05:16.948+0000] {logging_mixin.py:190} INFO - [2026-07-18T21:05:16.947+0000] {dag.py:4180} INFO - Setting next_dagrun for example_skip_dag to 2026-07-17 00:00:00+00:00, run_after=2026-07-18 00:00:00+00:00
[2026-07-18T21:05:16.970+0000] {processor.py:208} INFO - Processing /home/airflow/.local/lib/python3.12/site-packages/airflow/example_dags/example_skip_dag.py took 0.091 seconds
[2026-07-18T21:05:50.178+0000] {processor.py:186} INFO - Started process (PID=2020) to work on /home/airflow/.local/lib/python3.12/site-packages/airflow/example_dags/example_skip_dag.py
[2026-07-18T21:05:50.183+0000] {processor.py:914} INFO - Processing file /home/airflow/.local/lib/python3.12/site-packages/airflow/example_dags/example_skip_dag.py for tasks to queue
[2026-07-18T21:05:50.192+0000] {logging_mixin.py:190} INFO - [2026-07-18T21:05:50.192+0000] {dagbag.py:588} INFO - Filling up the DagBag from /home/airflow/.local/lib/python3.12/site-packages/airflow/example_dags/example_skip_dag.py
[2026-07-18T21:05:50.224+0000] {processor.py:925} INFO - DAG(s) 'example_skip_dag' retrieved from /home/airflow/.local/lib/python3.12/site-packages/airflow/example_dags/example_skip_dag.py
[2026-07-18T21:05:50.276+0000] {logging_mixin.py:190} INFO - [2026-07-18T21:05:50.276+0000] {dag.py:3239} INFO - Sync 1 DAGs
[2026-07-18T21:05:50.332+0000] {logging_mixin.py:190} INFO - [2026-07-18T21:05:50.330+0000] {dag.py:4180} INFO - Setting next_dagrun for example_skip_dag to 2026-07-17 00:00:00+00:00, run_after=2026-07-18 00:00:00+00:00
[2026-07-18T21:05:50.382+0000] {processor.py:208} INFO - Processing /home/airflow/.local/lib/python3.12/site-packages/airflow/example_dags/example_skip_dag.py took 0.229 seconds
[2026-07-18T21:06:21.905+0000] {processor.py:186} INFO - Started process (PID=2085) to work on /home/airflow/.local/lib/python3.12/site-packages/airflow/example_dags/example_skip_dag.py
[2026-07-18T21:06:21.908+0000] {processor.py:914} INFO - Processing file /home/airflow/.local/lib/python3.12/site-packages/airflow/example_dags/example_skip_dag.py for tasks to queue
[2026-07-18T21:06:21.915+0000] {logging_mixin.py:190} INFO - [2026-07-18T21:06:21.914+0000] {dagbag.py:588} INFO - Filling up the DagBag from /home/airflow/.local/lib/python3.12/site-packages/airflow/example_dags/example_skip_dag.py
[2026-07-18T21:06:21.933+0000] {processor.py:925} INFO - DAG(s) 'example_skip_dag' retrieved from /home/airflow/.local/lib/python3.12/site-packages/airflow/example_dags/example_skip_dag.py
[2026-07-18T21:06:21.971+0000] {logging_mixin.py:190} INFO - [2026-07-18T21:06:21.970+0000] {dag.py:3239} INFO - Sync 1 DAGs
[2026-07-18T21:06:22.030+0000] {logging_mixin.py:190} INFO - [2026-07-18T21:06:22.029+0000] {dag.py:4180} INFO - Setting next_dagrun for example_skip_dag to 2026-07-17 00:00:00+00:00, run_after=2026-07-18 00:00:00+00:00
[2026-07-18T21:06:22.078+0000] {processor.py:208} INFO - Processing /home/airflow/.local/lib/python3.12/site-packages/airflow/example_dags/example_skip_dag.py took 0.190 seconds
[2026-07-18T21:06:55.419+0000] {processor.py:186} INFO - Started process (PID=2150) to work on /home/airflow/.local/lib/python3.12/site-packages/airflow/example_dags/example_skip_dag.py
[2026-07-18T21:06:55.421+0000] {processor.py:914} INFO - Processing file /home/airflow/.local/lib/python3.12/site-packages/airflow/example_dags/example_skip_dag.py for tasks to queue
[2026-07-18T21:06:55.425+0000] {logging_mixin.py:190} INFO - [2026-07-18T21:06:55.425+0000] {dagbag.py:588} INFO - Filling up the DagBag from /home/airflow/.local/lib/python3.12/site-packages/airflow/example_dags/example_skip_dag.py
[2026-07-18T21:06:55.435+0000] {processor.py:925} INFO - DAG(s) 'example_skip_dag' retrieved from /home/airflow/.local/lib/python3.12/site-packages/airflow/example_dags/example_skip_dag.py
[2026-07-18T21:06:55.464+0000] {logging_mixin.py:190} INFO - [2026-07-18T21:06:55.464+0000] {dag.py:3239} INFO - Sync 1 DAGs
[2026-07-18T21:06:55.496+0000] {logging_mixin.py:190} INFO - [2026-07-18T21:06:55.496+0000] {dag.py:4180} INFO - Setting next_dagrun for example_skip_dag to 2026-07-17 00:00:00+00:00, run_after=2026-07-18 00:00:00+00:00
[2026-07-18T21:06:55.559+0000] {processor.py:208} INFO - Processing /home/airflow/.local/lib/python3.12/site-packages/airflow/example_dags/example_skip_dag.py took 0.149 seconds
[2026-07-18T21:07:25.659+0000] {processor.py:186} INFO - Started process (PID=2212) to work on /home/airflow/.local/lib/python3.12/site-packages/airflow/example_dags/example_skip_dag.py
[2026-07-18T21:07:25.662+0000] {processor.py:914} INFO - Processing file /home/airflow/.local/lib/python3.12/site-packages/airflow/example_dags/example_skip_dag.py for tasks to queue
[2026-07-18T21:07:25.667+0000] {logging_mixin.py:190} INFO - [2026-07-18T21:07:25.666+0000] {dagbag.py:588} INFO - Filling up the DagBag from /home/airflow/.local/lib/python3.12/site-packages/airflow/example_dags/example_skip_dag.py
[2026-07-18T21:07:25.679+0000] {processor.py:925} INFO - DAG(s) 'example_skip_dag' retrieved from /home/airflow/.local/lib/python3.12/site-packages/airflow/example_dags/example_skip_dag.py
[2026-07-18T21:07:25.707+0000] {logging_mixin.py:190} INFO - [2026-07-18T21:07:25.706+0000] {dag.py:3239} INFO - Sync 1 DAGs
[2026-07-18T21:07:25.736+0000] {logging_mixin.py:190} INFO - [2026-07-18T21:07:25.736+0000] {dag.py:4180} INFO - Setting next_dagrun for example_skip_dag to 2026-07-17 00:00:00+00:00, run_after=2026-07-18 00:00:00+00:00
[2026-07-18T21:07:25.758+0000] {processor.py:208} INFO - Processing /home/airflow/.local/lib/python3.12/site-packages/airflow/example_dags/example_skip_dag.py took 0.107 seconds
[2026-07-18T21:07:55.916+0000] {processor.py:186} INFO - Started process (PID=2275) to work on /home/airflow/.local/lib/python3.12/site-packages/airflow/example_dags/example_skip_dag.py
[2026-07-18T21:07:55.919+0000] {processor.py:914} INFO - Processing file /home/airflow/.local/lib/python3.12/site-packages/airflow/example_dags/example_skip_dag.py for tasks to queue
[2026-07-18T21:07:55.930+0000] {logging_mixin.py:190} INFO - [2026-07-18T21:07:55.929+0000] {dagbag.py:588} INFO - Filling up the DagBag from /home/airflow/.local/lib/python3.12/site-packages/airflow/example_dags/example_skip_dag.py
[2026-07-18T21:07:55.941+0000] {processor.py:925} INFO - DAG(s) 'example_skip_dag' retrieved from /home/airflow/.local/lib/python3.12/site-packages/airflow/example_dags/example_skip_dag.py
[2026-07-18T21:07:55.983+0000] {logging_mixin.py:190} INFO - [2026-07-18T21:07:55.983+0000] {dag.py:3239} INFO - Sync 1 DAGs
[2026-07-18T21:07:56.016+0000] {logging_mixin.py:190} INFO - [2026-07-18T21:07:56.016+0000] {dag.py:4180} INFO - Setting next_dagrun for example_skip_dag to 2026-07-17 00:00:00+00:00, run_after=2026-07-18 00:00:00+00:00
[2026-07-18T21:07:56.065+0000] {processor.py:208} INFO - Processing /home/airflow/.local/lib/python3.12/site-packages/airflow/example_dags/example_skip_dag.py took 0.157 seconds
[2026-07-18T21:08:26.407+0000] {processor.py:186} INFO - Started process (PID=2338) to work on /home/airflow/.local/lib/python3.12/site-packages/airflow/example_dags/example_skip_dag.py
[2026-07-18T21:08:26.410+0000] {processor.py:914} INFO - Processing file /home/airflow/.local/lib/python3.12/site-packages/airflow/example_dags/example_skip_dag.py for tasks to queue
[2026-07-18T21:08:26.414+0000] {logging_mixin.py:190} INFO - [2026-07-18T21:08:26.414+0000] {dagbag.py:588} INFO - Filling up the DagBag from /home/airflow/.local/lib/python3.12/site-packages/airflow/example_dags/example_skip_dag.py
[2026-07-18T21:08:26.435+0000] {processor.py:925} INFO - DAG(s) 'example_skip_dag' retrieved from /home/airflow/.local/lib/python3.12/site-packages/airflow/example_dags/example_skip_dag.py
[2026-07-18T21:08:26.486+0000] {logging_mixin.py:190} INFO - [2026-07-18T21:08:26.486+0000] {dag.py:3239} INFO - Sync 1 DAGs
[2026-07-18T21:08:26.528+0000] {logging_mixin.py:190} INFO - [2026-07-18T21:08:26.527+0000] {dag.py:4180} INFO - Setting next_dagrun for example_skip_dag to 2026-07-17 00:00:00+00:00, run_after=2026-07-18 00:00:00+00:00
[2026-07-18T21:08:26.572+0000] {processor.py:208} INFO - Processing /home/airflow/.local/lib/python3.12/site-packages/airflow/example_dags/example_skip_dag.py took 0.172 seconds
[2026-07-18T21:16:35.658+0000] {processor.py:186} INFO - Started process (PID=2402) to work on /home/airflow/.local/lib/python3.12/site-packages/airflow/example_dags/example_skip_dag.py
[2026-07-18T21:16:35.665+0000] {processor.py:914} INFO - Processing file /home/airflow/.local/lib/python3.12/site-packages/airflow/example_dags/example_skip_dag.py for tasks to queue
[2026-07-18T21:16:35.671+0000] {logging_mixin.py:190} INFO - [2026-07-18T21:16:35.670+0000] {dagbag.py:588} INFO - Filling up the DagBag from /home/airflow/.local/lib/python3.12/site-packages/airflow/example_dags/example_skip_dag.py
[2026-07-18T21:16:35.688+0000] {processor.py:925} INFO - DAG(s) 'example_skip_dag' retrieved from /home/airflow/.local/lib/python3.12/site-packages/airflow/example_dags/example_skip_dag.py
[2026-07-18T21:16:35.732+0000] {logging_mixin.py:190} INFO - [2026-07-18T21:16:35.731+0000] {dag.py:3239} INFO - Sync 1 DAGs
[2026-07-18T21:16:35.782+0000] {logging_mixin.py:190} INFO - [2026-07-18T21:16:35.781+0000] {dag.py:4180} INFO - Setting next_dagrun for example_skip_dag to 2026-07-17 00:00:00+00:00, run_after=2026-07-18 00:00:00+00:00
[2026-07-18T21:16:35.822+0000] {processor.py:208} INFO - Processing /home/airflow/.local/lib/python3.12/site-packages/airflow/example_dags/example_skip_dag.py took 0.177 seconds
[2026-07-18T21:17:06.052+0000] {processor.py:186} INFO - Started process (PID=2464) to work on /home/airflow/.local/lib/python3.12/site-packages/airflow/example_dags/example_skip_dag.py
[2026-07-18T21:17:06.055+0000] {processor.py:914} INFO - Processing file /home/airflow/.local/lib/python3.12/site-packages/airflow/example_dags/example_skip_dag.py for tasks to queue
[2026-07-18T21:17:06.065+0000] {logging_mixin.py:190} INFO - [2026-07-18T21:17:06.063+0000] {dagbag.py:588} INFO - Filling up the DagBag from /home/airflow/.local/lib/python3.12/site-packages/airflow/example_dags/example_skip_dag.py
[2026-07-18T21:17:06.091+0000] {processor.py:925} INFO - DAG(s) 'example_skip_dag' retrieved from /home/airflow/.local/lib/python3.12/site-packages/airflow/example_dags/example_skip_dag.py
[2026-07-18T21:17:06.199+0000] {logging_mixin.py:190} INFO - [2026-07-18T21:17:06.199+0000] {dag.py:3239} INFO - Sync 1 DAGs
[2026-07-18T21:17:06.242+0000] {logging_mixin.py:190} INFO - [2026-07-18T21:17:06.242+0000] {dag.py:4180} INFO - Setting next_dagrun for example_skip_dag to 2026-07-17 00:00:00+00:00, run_after=2026-07-18 00:00:00+00:00
[2026-07-18T21:17:06.287+0000] {processor.py:208} INFO - Processing /home/airflow/.local/lib/python3.12/site-packages/airflow/example_dags/example_skip_dag.py took 0.246 seconds
[2026-07-18T21:17:36.442+0000] {processor.py:186} INFO - Started process (PID=2527) to work on /home/airflow/.local/lib/python3.12/site-packages/airflow/example_dags/example_skip_dag.py
[2026-07-18T21:17:36.446+0000] {processor.py:914} INFO - Processing file /home/airflow/.local/lib/python3.12/site-packages/airflow/example_dags/example_skip_dag.py for tasks to queue
[2026-07-18T21:17:36.457+0000] {logging_mixin.py:190} INFO - [2026-07-18T21:17:36.457+0000] {dagbag.py:588} INFO - Filling up the DagBag from /home/airflow/.local/lib/python3.12/site-packages/airflow/example_dags/example_skip_dag.py
[2026-07-18T21:17:36.481+0000] {processor.py:925} INFO - DAG(s) 'example_skip_dag' retrieved from /home/airflow/.local/lib/python3.12/site-packages/airflow/example_dags/example_skip_dag.py
[2026-07-18T21:17:36.545+0000] {logging_mixin.py:190} INFO - [2026-07-18T21:17:36.544+0000] {dag.py:3239} INFO - Sync 1 DAGs
[2026-07-18T21:17:36.603+0000] {logging_mixin.py:190} INFO - [2026-07-18T21:17:36.602+0000] {dag.py:4180} INFO - Setting next_dagrun for example_skip_dag to 2026-07-17 00:00:00+00:00, run_after=2026-07-18 00:00:00+00:00
[2026-07-18T21:17:36.656+0000] {processor.py:208} INFO - Processing /home/airflow/.local/lib/python3.12/site-packages/airflow/example_dags/example_skip_dag.py took 0.234 seconds
[2026-07-18T21:18:07.461+0000] {processor.py:186} INFO - Started process (PID=2590) to work on /home/airflow/.local/lib/python3.12/site-packages/airflow/example_dags/example_skip_dag.py
[2026-07-18T21:18:07.464+0000] {processor.py:914} INFO - Processing file /home/airflow/.local/lib/python3.12/site-packages/airflow/example_dags/example_skip_dag.py for tasks to queue
[2026-07-18T21:18:07.472+0000] {logging_mixin.py:190} INFO - [2026-07-18T21:18:07.471+0000] {dagbag.py:588} INFO - Filling up the DagBag from /home/airflow/.local/lib/python3.12/site-packages/airflow/example_dags/example_skip_dag.py
[2026-07-18T21:18:07.486+0000] {processor.py:925} INFO - DAG(s) 'example_skip_dag' retrieved from /home/airflow/.local/lib/python3.12/site-packages/airflow/example_dags/example_skip_dag.py
[2026-07-18T21:18:07.520+0000] {logging_mixin.py:190} INFO - [2026-07-18T21:18:07.520+0000] {dag.py:3239} INFO - Sync 1 DAGs
[2026-07-18T21:18:07.557+0000] {logging_mixin.py:190} INFO - [2026-07-18T21:18:07.556+0000] {dag.py:4180} INFO - Setting next_dagrun for example_skip_dag to 2026-07-17 00:00:00+00:00, run_after=2026-07-18 00:00:00+00:00
[2026-07-18T21:18:07.591+0000] {processor.py:208} INFO - Processing /home/airflow/.local/lib/python3.12/site-packages/airflow/example_dags/example_skip_dag.py took 0.141 seconds
[2026-07-18T21:18:38.221+0000] {processor.py:186} INFO - Started process (PID=2653) to work on /home/airflow/.local/lib/python3.12/site-packages/airflow/example_dags/example_skip_dag.py
[2026-07-18T21:18:38.223+0000] {processor.py:914} INFO - Processing file /home/airflow/.local/lib/python3.12/site-packages/airflow/example_dags/example_skip_dag.py for tasks to queue
[2026-07-18T21:18:38.228+0000] {logging_mixin.py:190} INFO - [2026-07-18T21:18:38.227+0000] {dagbag.py:588} INFO - Filling up the DagBag from /home/airflow/.local/lib/python3.12/site-packages/airflow/example_dags/example_skip_dag.py
[2026-07-18T21:18:38.253+0000] {processor.py:925} INFO - DAG(s) 'example_skip_dag' retrieved from /home/airflow/.local/lib/python3.12/site-packages/airflow/example_dags/example_skip_dag.py
[2026-07-18T21:18:38.300+0000] {logging_mixin.py:190} INFO - [2026-07-18T21:18:38.299+0000] {dag.py:3239} INFO - Sync 1 DAGs
[2026-07-18T21:18:38.346+0000] {logging_mixin.py:190} INFO - [2026-07-18T21:18:38.345+0000] {dag.py:4180} INFO - Setting next_dagrun for example_skip_dag to 2026-07-17 00:00:00+00:00, run_after=2026-07-18 00:00:00+00:00
[2026-07-18T21:18:38.379+0000] {processor.py:208} INFO - Processing /home/airflow/.local/lib/python3.12/site-packages/airflow/example_dags/example_skip_dag.py took 0.167 seconds
[2026-07-18T21:19:09.085+0000] {processor.py:186} INFO - Started process (PID=2716) to work on /home/airflow/.local/lib/python3.12/site-packages/airflow/example_dags/example_skip_dag.py
[2026-07-18T21:19:09.087+0000] {processor.py:914} INFO - Processing file /home/airflow/.local/lib/python3.12/site-packages/airflow/example_dags/example_skip_dag.py for tasks to queue
[2026-07-18T21:19:09.095+0000] {logging_mixin.py:190} INFO - [2026-07-18T21:19:09.094+0000] {dagbag.py:588} INFO - Filling up the DagBag from /home/airflow/.local/lib/python3.12/site-packages/airflow/example_dags/example_skip_dag.py
[2026-07-18T21:19:09.108+0000] {processor.py:925} INFO - DAG(s) 'example_skip_dag' retrieved from /home/airflow/.local/lib/python3.12/site-packages/airflow/example_dags/example_skip_dag.py
[2026-07-18T21:19:09.141+0000] {logging_mixin.py:190} INFO - [2026-07-18T21:19:09.141+0000] {dag.py:3239} INFO - Sync 1 DAGs
[2026-07-18T21:19:09.177+0000] {logging_mixin.py:190} INFO - [2026-07-18T21:19:09.176+0000] {dag.py:4180} INFO - Setting next_dagrun for example_skip_dag to 2026-07-17 00:00:00+00:00, run_after=2026-07-18 00:00:00+00:00
[2026-07-18T21:19:09.206+0000] {processor.py:208} INFO - Processing /home/airflow/.local/lib/python3.12/site-packages/airflow/example_dags/example_skip_dag.py took 0.129 seconds
[2026-07-18T21:19:39.540+0000] {processor.py:186} INFO - Started process (PID=2779) to work on /home/airflow/.local/lib/python3.12/site-packages/airflow/example_dags/example_skip_dag.py
[2026-07-18T21:19:39.542+0000] {processor.py:914} INFO - Processing file /home/airflow/.local/lib/python3.12/site-packages/airflow/example_dags/example_skip_dag.py for tasks to queue
[2026-07-18T21:19:39.553+0000] {logging_mixin.py:190} INFO - [2026-07-18T21:19:39.553+0000] {dagbag.py:588} INFO - Filling up the DagBag from /home/airflow/.local/lib/python3.12/site-packages/airflow/example_dags/example_skip_dag.py
[2026-07-18T21:19:39.567+0000] {processor.py:925} INFO - DAG(s) 'example_skip_dag' retrieved from /home/airflow/.local/lib/python3.12/site-packages/airflow/example_dags/example_skip_dag.py
[2026-07-18T21:19:39.603+0000] {logging_mixin.py:190} INFO - [2026-07-18T21:19:39.603+0000] {dag.py:3239} INFO - Sync 1 DAGs
[2026-07-18T21:19:39.634+0000] {logging_mixin.py:190} INFO - [2026-07-18T21:19:39.634+0000] {dag.py:4180} INFO - Setting next_dagrun for example_skip_dag to 2026-07-17 00:00:00+00:00, run_after=2026-07-18 00:00:00+00:00
[2026-07-18T21:19:39.667+0000] {processor.py:208} INFO - Processing /home/airflow/.local/lib/python3.12/site-packages/airflow/example_dags/example_skip_dag.py took 0.137 seconds
[2026-07-18T21:20:10.342+0000] {processor.py:186} INFO - Started process (PID=2841) to work on /home/airflow/.local/lib/python3.12/site-packages/airflow/example_dags/example_skip_dag.py
[2026-07-18T21:20:10.344+0000] {processor.py:914} INFO - Processing file /home/airflow/.local/lib/python3.12/site-packages/airflow/example_dags/example_skip_dag.py for tasks to queue
[2026-07-18T21:20:10.350+0000] {logging_mixin.py:190} INFO - [2026-07-18T21:20:10.350+0000] {dagbag.py:588} INFO - Filling up the DagBag from /home/airflow/.local/lib/python3.12/site-packages/airflow/example_dags/example_skip_dag.py
[2026-07-18T21:20:10.363+0000] {processor.py:925} INFO - DAG(s) 'example_skip_dag' retrieved from /home/airflow/.local/lib/python3.12/site-packages/airflow/example_dags/example_skip_dag.py
[2026-07-18T21:20:10.390+0000] {logging_mixin.py:190} INFO - [2026-07-18T21:20:10.390+0000] {dag.py:3239} INFO - Sync 1 DAGs
[2026-07-18T21:20:10.418+0000] {logging_mixin.py:190} INFO - [2026-07-18T21:20:10.417+0000] {dag.py:4180} INFO - Setting next_dagrun for example_skip_dag to 2026-07-17 00:00:00+00:00, run_after=2026-07-18 00:00:00+00:00
[2026-07-18T21:20:10.442+0000] {processor.py:208} INFO - Processing /home/airflow/.local/lib/python3.12/site-packages/airflow/example_dags/example_skip_dag.py took 0.113 seconds
[2026-07-18T21:20:40.936+0000] {processor.py:186} INFO - Started process (PID=2904) to work on /home/airflow/.local/lib/python3.12/site-packages/airflow/example_dags/example_skip_dag.py
[2026-07-18T21:20:40.939+0000] {processor.py:914} INFO - Processing file /home/airflow/.local/lib/python3.12/site-packages/airflow/example_dags/example_skip_dag.py for tasks to queue
[2026-07-18T21:20:40.947+0000] {logging_mixin.py:190} INFO - [2026-07-18T21:20:40.947+0000] {dagbag.py:588} INFO - Filling up the DagBag from /home/airflow/.local/lib/python3.12/site-packages/airflow/example_dags/example_skip_dag.py
[2026-07-18T21:20:40.962+0000] {processor.py:925} INFO - DAG(s) 'example_skip_dag' retrieved from /home/airflow/.local/lib/python3.12/site-packages/airflow/example_dags/example_skip_dag.py
[2026-07-18T21:20:40.998+0000] {logging_mixin.py:190} INFO - [2026-07-18T21:20:40.998+0000] {dag.py:3239} INFO - Sync 1 DAGs
[2026-07-18T21:20:41.042+0000] {logging_mixin.py:190} INFO - [2026-07-18T21:20:41.041+0000] {dag.py:4180} INFO - Setting next_dagrun for example_skip_dag to 2026-07-17 00:00:00+00:00, run_after=2026-07-18 00:00:00+00:00
[2026-07-18T21:20:41.093+0000] {processor.py:208} INFO - Processing /home/airflow/.local/lib/python3.12/site-packages/airflow/example_dags/example_skip_dag.py took 0.168 seconds
[2026-07-18T21:21:11.809+0000] {processor.py:186} INFO - Started process (PID=2967) to work on /home/airflow/.local/lib/python3.12/site-packages/airflow/example_dags/example_skip_dag.py
[2026-07-18T21:21:11.812+0000] {processor.py:914} INFO - Processing file /home/airflow/.local/lib/python3.12/site-packages/airflow/example_dags/example_skip_dag.py for tasks to queue
[2026-07-18T21:21:11.819+0000] {logging_mixin.py:190} INFO - [2026-07-18T21:21:11.818+0000] {dagbag.py:588} INFO - Filling up the DagBag from /home/airflow/.local/lib/python3.12/site-packages/airflow/example_dags/example_skip_dag.py
[2026-07-18T21:21:11.843+0000] {processor.py:925} INFO - DAG(s) 'example_skip_dag' retrieved from /home/airflow/.local/lib/python3.12/site-packages/airflow/example_dags/example_skip_dag.py
[2026-07-18T21:21:11.891+0000] {logging_mixin.py:190} INFO - [2026-07-18T21:21:11.890+0000] {dag.py:3239} INFO - Sync 1 DAGs
[2026-07-18T21:21:11.938+0000] {logging_mixin.py:190} INFO - [2026-07-18T21:21:11.937+0000] {dag.py:4180} INFO - Setting next_dagrun for example_skip_dag to 2026-07-17 00:00:00+00:00, run_after=2026-07-18 00:00:00+00:00
[2026-07-18T21:21:11.971+0000] {processor.py:208} INFO - Processing /home/airflow/.local/lib/python3.12/site-packages/airflow/example_dags/example_skip_dag.py took 0.172 seconds
[2026-07-18T21:21:43.032+0000] {processor.py:186} INFO - Started process (PID=3030) to work on /home/airflow/.local/lib/python3.12/site-packages/airflow/example_dags/example_skip_dag.py
[2026-07-18T21:21:43.035+0000] {processor.py:914} INFO - Processing file /home/airflow/.local/lib/python3.12/site-packages/airflow/example_dags/example_skip_dag.py for tasks to queue
[2026-07-18T21:21:43.041+0000] {logging_mixin.py:190} INFO - [2026-07-18T21:21:43.040+0000] {dagbag.py:588} INFO - Filling up the DagBag from /home/airflow/.local/lib/python3.12/site-packages/airflow/example_dags/example_skip_dag.py
[2026-07-18T21:21:43.054+0000] {processor.py:925} INFO - DAG(s) 'example_skip_dag' retrieved from /home/airflow/.local/lib/python3.12/site-packages/airflow/example_dags/example_skip_dag.py
[2026-07-18T21:21:43.093+0000] {logging_mixin.py:190} INFO - [2026-07-18T21:21:43.092+0000] {dag.py:3239} INFO - Sync 1 DAGs
[2026-07-18T21:21:43.153+0000] {logging_mixin.py:190} INFO - [2026-07-18T21:21:43.153+0000] {dag.py:4180} INFO - Setting next_dagrun for example_skip_dag to 2026-07-17 00:00:00+00:00, run_after=2026-07-18 00:00:00+00:00
[2026-07-18T21:21:43.235+0000] {processor.py:208} INFO - Processing /home/airflow/.local/lib/python3.12/site-packages/airflow/example_dags/example_skip_dag.py took 0.220 seconds
[2026-07-18T21:22:13.357+0000] {processor.py:186} INFO - Started process (PID=3092) to work on /home/airflow/.local/lib/python3.12/site-packages/airflow/example_dags/example_skip_dag.py
[2026-07-18T21:22:13.360+0000] {processor.py:914} INFO - Processing file /home/airflow/.local/lib/python3.12/site-packages/airflow/example_dags/example_skip_dag.py for tasks to queue
[2026-07-18T21:22:13.367+0000] {logging_mixin.py:190} INFO - [2026-07-18T21:22:13.366+0000] {dagbag.py:588} INFO - Filling up the DagBag from /home/airflow/.local/lib/python3.12/site-packages/airflow/example_dags/example_skip_dag.py
[2026-07-18T21:22:13.382+0000] {processor.py:925} INFO - DAG(s) 'example_skip_dag' retrieved from /home/airflow/.local/lib/python3.12/site-packages/airflow/example_dags/example_skip_dag.py
[2026-07-18T21:22:13.414+0000] {logging_mixin.py:190} INFO - [2026-07-18T21:22:13.414+0000] {dag.py:3239} INFO - Sync 1 DAGs
[2026-07-18T21:22:13.457+0000] {logging_mixin.py:190} INFO - [2026-07-18T21:22:13.456+0000] {dag.py:4180} INFO - Setting next_dagrun for example_skip_dag to 2026-07-17 00:00:00+00:00, run_after=2026-07-18 00:00:00+00:00
[2026-07-18T21:22:13.498+0000] {processor.py:208} INFO - Processing /home/airflow/.local/lib/python3.12/site-packages/airflow/example_dags/example_skip_dag.py took 0.150 seconds
[2026-07-18T21:26:03.094+0000] {processor.py:186} INFO - Started process (PID=154) to work on /home/airflow/.local/lib/python3.12/site-packages/airflow/example_dags/example_skip_dag.py
[2026-07-18T21:26:03.097+0000] {processor.py:914} INFO - Processing file /home/airflow/.local/lib/python3.12/site-packages/airflow/example_dags/example_skip_dag.py for tasks to queue
[2026-07-18T21:26:03.103+0000] {logging_mixin.py:190} INFO - [2026-07-18T21:26:03.102+0000] {dagbag.py:588} INFO - Filling up the DagBag from /home/airflow/.local/lib/python3.12/site-packages/airflow/example_dags/example_skip_dag.py
[2026-07-18T21:26:03.118+0000] {processor.py:925} INFO - DAG(s) 'example_skip_dag' retrieved from /home/airflow/.local/lib/python3.12/site-packages/airflow/example_dags/example_skip_dag.py
[2026-07-18T21:26:03.153+0000] {logging_mixin.py:190} INFO - [2026-07-18T21:26:03.153+0000] {dag.py:3239} INFO - Sync 1 DAGs
[2026-07-18T21:26:03.194+0000] {logging_mixin.py:190} INFO - [2026-07-18T21:26:03.194+0000] {dag.py:4180} INFO - Setting next_dagrun for example_skip_dag to 2026-07-17 00:00:00+00:00, run_after=2026-07-18 00:00:00+00:00
[2026-07-18T21:26:03.224+0000] {processor.py:208} INFO - Processing /home/airflow/.local/lib/python3.12/site-packages/airflow/example_dags/example_skip_dag.py took 0.141 seconds
[2026-07-18T21:26:34.156+0000] {processor.py:186} INFO - Started process (PID=216) to work on /home/airflow/.local/lib/python3.12/site-packages/airflow/example_dags/example_skip_dag.py
[2026-07-18T21:26:34.158+0000] {processor.py:914} INFO - Processing file /home/airflow/.local/lib/python3.12/site-packages/airflow/example_dags/example_skip_dag.py for tasks to queue
[2026-07-18T21:26:34.162+0000] {logging_mixin.py:190} INFO - [2026-07-18T21:26:34.162+0000] {dagbag.py:588} INFO - Filling up the DagBag from /home/airflow/.local/lib/python3.12/site-packages/airflow/example_dags/example_skip_dag.py
[2026-07-18T21:26:34.178+0000] {processor.py:925} INFO - DAG(s) 'example_skip_dag' retrieved from /home/airflow/.local/lib/python3.12/site-packages/airflow/example_dags/example_skip_dag.py
[2026-07-18T21:26:34.208+0000] {logging_mixin.py:190} INFO - [2026-07-18T21:26:34.207+0000] {dag.py:3239} INFO - Sync 1 DAGs
[2026-07-18T21:26:34.247+0000] {logging_mixin.py:190} INFO - [2026-07-18T21:26:34.247+0000] {dag.py:4180} INFO - Setting next_dagrun for example_skip_dag to 2026-07-17 00:00:00+00:00, run_after=2026-07-18 00:00:00+00:00
[2026-07-18T21:26:34.280+0000] {processor.py:208} INFO - Processing /home/airflow/.local/lib/python3.12/site-packages/airflow/example_dags/example_skip_dag.py took 0.133 seconds
[2026-07-18T21:27:06.925+0000] {processor.py:186} INFO - Started process (PID=280) to work on /home/airflow/.local/lib/python3.12/site-packages/airflow/example_dags/example_skip_dag.py
[2026-07-18T21:27:06.928+0000] {processor.py:914} INFO - Processing file /home/airflow/.local/lib/python3.12/site-packages/airflow/example_dags/example_skip_dag.py for tasks to queue
[2026-07-18T21:27:06.933+0000] {logging_mixin.py:190} INFO - [2026-07-18T21:27:06.932+0000] {dagbag.py:588} INFO - Filling up the DagBag from /home/airflow/.local/lib/python3.12/site-packages/airflow/example_dags/example_skip_dag.py
[2026-07-18T21:27:06.943+0000] {processor.py:925} INFO - DAG(s) 'example_skip_dag' retrieved from /home/airflow/.local/lib/python3.12/site-packages/airflow/example_dags/example_skip_dag.py
[2026-07-18T21:27:06.980+0000] {logging_mixin.py:190} INFO - [2026-07-18T21:27:06.979+0000] {dag.py:3239} INFO - Sync 1 DAGs
[2026-07-18T21:27:07.023+0000] {logging_mixin.py:190} INFO - [2026-07-18T21:27:07.023+0000] {dag.py:4180} INFO - Setting next_dagrun for example_skip_dag to 2026-07-17 00:00:00+00:00, run_after=2026-07-18 00:00:00+00:00
[2026-07-18T21:27:07.054+0000] {processor.py:208} INFO - Processing /home/airflow/.local/lib/python3.12/site-packages/airflow/example_dags/example_skip_dag.py took 0.139 seconds
[2026-07-18T21:27:38.896+0000] {processor.py:186} INFO - Started process (PID=343) to work on /home/airflow/.local/lib/python3.12/site-packages/airflow/example_dags/example_skip_dag.py
[2026-07-18T21:27:38.899+0000] {processor.py:914} INFO - Processing file /home/airflow/.local/lib/python3.12/site-packages/airflow/example_dags/example_skip_dag.py for tasks to queue
[2026-07-18T21:27:38.904+0000] {logging_mixin.py:190} INFO - [2026-07-18T21:27:38.904+0000] {dagbag.py:588} INFO - Filling up the DagBag from /home/airflow/.local/lib/python3.12/site-packages/airflow/example_dags/example_skip_dag.py
[2026-07-18T21:27:38.915+0000] {processor.py:925} INFO - DAG(s) 'example_skip_dag' retrieved from /home/airflow/.local/lib/python3.12/site-packages/airflow/example_dags/example_skip_dag.py
[2026-07-18T21:27:38.947+0000] {logging_mixin.py:190} INFO - [2026-07-18T21:27:38.946+0000] {dag.py:3239} INFO - Sync 1 DAGs
[2026-07-18T21:27:38.979+0000] {logging_mixin.py:190} INFO - [2026-07-18T21:27:38.979+0000] {dag.py:4180} INFO - Setting next_dagrun for example_skip_dag to 2026-07-17 00:00:00+00:00, run_after=2026-07-18 00:00:00+00:00
[2026-07-18T21:27:39.013+0000] {processor.py:208} INFO - Processing /home/airflow/.local/lib/python3.12/site-packages/airflow/example_dags/example_skip_dag.py took 0.125 seconds
[2026-07-18T21:28:10.216+0000] {processor.py:186} INFO - Started process (PID=405) to work on /home/airflow/.local/lib/python3.12/site-packages/airflow/example_dags/example_skip_dag.py
[2026-07-18T21:28:10.218+0000] {processor.py:914} INFO - Processing file /home/airflow/.local/lib/python3.12/site-packages/airflow/example_dags/example_skip_dag.py for tasks to queue
[2026-07-18T21:28:10.224+0000] {logging_mixin.py:190} INFO - [2026-07-18T21:28:10.224+0000] {dagbag.py:588} INFO - Filling up the DagBag from /home/airflow/.local/lib/python3.12/site-packages/airflow/example_dags/example_skip_dag.py
[2026-07-18T21:28:10.240+0000] {processor.py:925} INFO - DAG(s) 'example_skip_dag' retrieved from /home/airflow/.local/lib/python3.12/site-packages/airflow/example_dags/example_skip_dag.py
[2026-07-18T21:28:10.278+0000] {logging_mixin.py:190} INFO - [2026-07-18T21:28:10.277+0000] {dag.py:3239} INFO - Sync 1 DAGs
[2026-07-18T21:28:10.322+0000] {logging_mixin.py:190} INFO - [2026-07-18T21:28:10.322+0000] {dag.py:4180} INFO - Setting next_dagrun for example_skip_dag to 2026-07-17 00:00:00+00:00, run_after=2026-07-18 00:00:00+00:00
[2026-07-18T21:28:10.358+0000] {processor.py:208} INFO - Processing /home/airflow/.local/lib/python3.12/site-packages/airflow/example_dags/example_skip_dag.py took 0.153 seconds
[2026-07-18T21:28:43.000+0000] {processor.py:186} INFO - Started process (PID=469) to work on /home/airflow/.local/lib/python3.12/site-packages/airflow/example_dags/example_skip_dag.py
[2026-07-18T21:28:43.003+0000] {processor.py:914} INFO - Processing file /home/airflow/.local/lib/python3.12/site-packages/airflow/example_dags/example_skip_dag.py for tasks to queue
[2026-07-18T21:28:43.010+0000] {logging_mixin.py:190} INFO - [2026-07-18T21:28:43.009+0000] {dagbag.py:588} INFO - Filling up the DagBag from /home/airflow/.local/lib/python3.12/site-packages/airflow/example_dags/example_skip_dag.py
[2026-07-18T21:28:43.028+0000] {processor.py:925} INFO - DAG(s) 'example_skip_dag' retrieved from /home/airflow/.local/lib/python3.12/site-packages/airflow/example_dags/example_skip_dag.py
[2026-07-18T21:28:43.064+0000] {logging_mixin.py:190} INFO - [2026-07-18T21:28:43.063+0000] {dag.py:3239} INFO - Sync 1 DAGs
[2026-07-18T21:28:43.102+0000] {logging_mixin.py:190} INFO - [2026-07-18T21:28:43.101+0000] {dag.py:4180} INFO - Setting next_dagrun for example_skip_dag to 2026-07-17 00:00:00+00:00, run_after=2026-07-18 00:00:00+00:00
[2026-07-18T21:28:43.133+0000] {processor.py:208} INFO - Processing /home/airflow/.local/lib/python3.12/site-packages/airflow/example_dags/example_skip_dag.py took 0.139 seconds
[2026-07-18T21:29:13.588+0000] {processor.py:186} INFO - Started process (PID=531) to work on /home/airflow/.local/lib/python3.12/site-packages/airflow/example_dags/example_skip_dag.py
[2026-07-18T21:29:13.591+0000] {processor.py:914} INFO - Processing file /home/airflow/.local/lib/python3.12/site-packages/airflow/example_dags/example_skip_dag.py for tasks to queue
[2026-07-18T21:29:13.596+0000] {logging_mixin.py:190} INFO - [2026-07-18T21:29:13.596+0000] {dagbag.py:588} INFO - Filling up the DagBag from /home/airflow/.local/lib/python3.12/site-packages/airflow/example_dags/example_skip_dag.py
[2026-07-18T21:29:13.615+0000] {processor.py:925} INFO - DAG(s) 'example_skip_dag' retrieved from /home/airflow/.local/lib/python3.12/site-packages/airflow/example_dags/example_skip_dag.py
[2026-07-18T21:29:13.646+0000] {logging_mixin.py:190} INFO - [2026-07-18T21:29:13.646+0000] {dag.py:3239} INFO - Sync 1 DAGs
[2026-07-18T21:29:13.684+0000] {logging_mixin.py:190} INFO - [2026-07-18T21:29:13.684+0000] {dag.py:4180} INFO - Setting next_dagrun for example_skip_dag to 2026-07-17 00:00:00+00:00, run_after=2026-07-18 00:00:00+00:00
[2026-07-18T21:29:13.714+0000] {processor.py:208} INFO - Processing /home/airflow/.local/lib/python3.12/site-packages/airflow/example_dags/example_skip_dag.py took 0.135 seconds
[2026-07-18T21:29:45.718+0000] {processor.py:186} INFO - Started process (PID=595) to work on /home/airflow/.local/lib/python3.12/site-packages/airflow/example_dags/example_skip_dag.py
[2026-07-18T21:29:45.721+0000] {processor.py:914} INFO - Processing file /home/airflow/.local/lib/python3.12/site-packages/airflow/example_dags/example_skip_dag.py for tasks to queue
[2026-07-18T21:29:45.725+0000] {logging_mixin.py:190} INFO - [2026-07-18T21:29:45.724+0000] {dagbag.py:588} INFO - Filling up the DagBag from /home/airflow/.local/lib/python3.12/site-packages/airflow/example_dags/example_skip_dag.py
[2026-07-18T21:29:45.740+0000] {processor.py:925} INFO - DAG(s) 'example_skip_dag' retrieved from /home/airflow/.local/lib/python3.12/site-packages/airflow/example_dags/example_skip_dag.py
[2026-07-18T21:29:45.769+0000] {logging_mixin.py:190} INFO - [2026-07-18T21:29:45.768+0000] {dag.py:3239} INFO - Sync 1 DAGs
[2026-07-18T21:29:45.799+0000] {logging_mixin.py:190} INFO - [2026-07-18T21:29:45.798+0000] {dag.py:4180} INFO - Setting next_dagrun for example_skip_dag to 2026-07-17 00:00:00+00:00, run_after=2026-07-18 00:00:00+00:00
[2026-07-18T21:29:45.825+0000] {processor.py:208} INFO - Processing /home/airflow/.local/lib/python3.12/site-packages/airflow/example_dags/example_skip_dag.py took 0.116 seconds
[2026-07-18T21:30:17.170+0000] {processor.py:186} INFO - Started process (PID=659) to work on /home/airflow/.local/lib/python3.12/site-packages/airflow/example_dags/example_skip_dag.py
[2026-07-18T21:30:17.172+0000] {processor.py:914} INFO - Processing file /home/airflow/.local/lib/python3.12/site-packages/airflow/example_dags/example_skip_dag.py for tasks to queue
[2026-07-18T21:30:17.177+0000] {logging_mixin.py:190} INFO - [2026-07-18T21:30:17.176+0000] {dagbag.py:588} INFO - Filling up the DagBag from /home/airflow/.local/lib/python3.12/site-packages/airflow/example_dags/example_skip_dag.py
[2026-07-18T21:30:17.191+0000] {processor.py:925} INFO - DAG(s) 'example_skip_dag' retrieved from /home/airflow/.local/lib/python3.12/site-packages/airflow/example_dags/example_skip_dag.py
[2026-07-18T21:30:17.227+0000] {logging_mixin.py:190} INFO - [2026-07-18T21:30:17.227+0000] {dag.py:3239} INFO - Sync 1 DAGs
[2026-07-18T21:30:17.268+0000] {logging_mixin.py:190} INFO - [2026-07-18T21:30:17.268+0000] {dag.py:4180} INFO - Setting next_dagrun for example_skip_dag to 2026-07-17 00:00:00+00:00, run_after=2026-07-18 00:00:00+00:00
[2026-07-18T21:30:17.292+0000] {processor.py:208} INFO - Processing /home/airflow/.local/lib/python3.12/site-packages/airflow/example_dags/example_skip_dag.py took 0.132 seconds
[2026-07-18T21:30:48.888+0000] {processor.py:186} INFO - Started process (PID=721) to work on /home/airflow/.local/lib/python3.12/site-packages/airflow/example_dags/example_skip_dag.py
[2026-07-18T21:30:48.890+0000] {processor.py:914} INFO - Processing file /home/airflow/.local/lib/python3.12/site-packages/airflow/example_dags/example_skip_dag.py for tasks to queue
[2026-07-18T21:30:48.894+0000] {logging_mixin.py:190} INFO - [2026-07-18T21:30:48.894+0000] {dagbag.py:588} INFO - Filling up the DagBag from /home/airflow/.local/lib/python3.12/site-packages/airflow/example_dags/example_skip_dag.py
[2026-07-18T21:30:48.906+0000] {processor.py:925} INFO - DAG(s) 'example_skip_dag' retrieved from /home/airflow/.local/lib/python3.12/site-packages/airflow/example_dags/example_skip_dag.py
[2026-07-18T21:30:48.936+0000] {logging_mixin.py:190} INFO - [2026-07-18T21:30:48.936+0000] {dag.py:3239} INFO - Sync 1 DAGs
[2026-07-18T21:30:48.971+0000] {logging_mixin.py:190} INFO - [2026-07-18T21:30:48.971+0000] {dag.py:4180} INFO - Setting next_dagrun for example_skip_dag to 2026-07-17 00:00:00+00:00, run_after=2026-07-18 00:00:00+00:00
[2026-07-18T21:30:49.080+0000] {processor.py:208} INFO - Processing /home/airflow/.local/lib/python3.12/site-packages/airflow/example_dags/example_skip_dag.py took 0.199 seconds
[2026-07-18T21:31:20.259+0000] {processor.py:186} INFO - Started process (PID=785) to work on /home/airflow/.local/lib/python3.12/site-packages/airflow/example_dags/example_skip_dag.py
[2026-07-18T21:31:20.261+0000] {processor.py:914} INFO - Processing file /home/airflow/.local/lib/python3.12/site-packages/airflow/example_dags/example_skip_dag.py for tasks to queue
[2026-07-18T21:31:20.267+0000] {logging_mixin.py:190} INFO - [2026-07-18T21:31:20.266+0000] {dagbag.py:588} INFO - Filling up the DagBag from /home/airflow/.local/lib/python3.12/site-packages/airflow/example_dags/example_skip_dag.py
[2026-07-18T21:31:20.283+0000] {processor.py:925} INFO - DAG(s) 'example_skip_dag' retrieved from /home/airflow/.local/lib/python3.12/site-packages/airflow/example_dags/example_skip_dag.py
[2026-07-18T21:31:20.322+0000] {logging_mixin.py:190} INFO - [2026-07-18T21:31:20.321+0000] {dag.py:3239} INFO - Sync 1 DAGs
[2026-07-18T21:31:20.362+0000] {logging_mixin.py:190} INFO - [2026-07-18T21:31:20.362+0000] {dag.py:4180} INFO - Setting next_dagrun for example_skip_dag to 2026-07-17 00:00:00+00:00, run_after=2026-07-18 00:00:00+00:00
[2026-07-18T21:31:20.399+0000] {processor.py:208} INFO - Processing /home/airflow/.local/lib/python3.12/site-packages/airflow/example_dags/example_skip_dag.py took 0.149 seconds
[2026-07-18T21:31:52.732+0000] {processor.py:186} INFO - Started process (PID=849) to work on /home/airflow/.local/lib/python3.12/site-packages/airflow/example_dags/example_skip_dag.py
[2026-07-18T21:31:52.739+0000] {processor.py:914} INFO - Processing file /home/airflow/.local/lib/python3.12/site-packages/airflow/example_dags/example_skip_dag.py for tasks to queue
[2026-07-18T21:31:52.742+0000] {logging_mixin.py:190} INFO - [2026-07-18T21:31:52.741+0000] {dagbag.py:588} INFO - Filling up the DagBag from /home/airflow/.local/lib/python3.12/site-packages/airflow/example_dags/example_skip_dag.py
[2026-07-18T21:31:52.782+0000] {processor.py:925} INFO - DAG(s) 'example_skip_dag' retrieved from /home/airflow/.local/lib/python3.12/site-packages/airflow/example_dags/example_skip_dag.py
[2026-07-18T21:31:52.879+0000] {logging_mixin.py:190} INFO - [2026-07-18T21:31:52.878+0000] {dag.py:3239} INFO - Sync 1 DAGs
[2026-07-18T21:31:52.977+0000] {logging_mixin.py:190} INFO - [2026-07-18T21:31:52.977+0000] {dag.py:4180} INFO - Setting next_dagrun for example_skip_dag to 2026-07-17 00:00:00+00:00, run_after=2026-07-18 00:00:00+00:00
[2026-07-18T21:31:53.062+0000] {processor.py:208} INFO - Processing /home/airflow/.local/lib/python3.12/site-packages/airflow/example_dags/example_skip_dag.py took 0.356 seconds
[2026-07-18T21:32:23.638+0000] {processor.py:186} INFO - Started process (PID=913) to work on /home/airflow/.local/lib/python3.12/site-packages/airflow/example_dags/example_skip_dag.py
[2026-07-18T21:32:23.641+0000] {processor.py:914} INFO - Processing file /home/airflow/.local/lib/python3.12/site-packages/airflow/example_dags/example_skip_dag.py for tasks to queue
[2026-07-18T21:32:23.648+0000] {logging_mixin.py:190} INFO - [2026-07-18T21:32:23.647+0000] {dagbag.py:588} INFO - Filling up the DagBag from /home/airflow/.local/lib/python3.12/site-packages/airflow/example_dags/example_skip_dag.py
[2026-07-18T21:32:23.666+0000] {processor.py:925} INFO - DAG(s) 'example_skip_dag' retrieved from /home/airflow/.local/lib/python3.12/site-packages/airflow/example_dags/example_skip_dag.py
[2026-07-18T21:32:23.704+0000] {logging_mixin.py:190} INFO - [2026-07-18T21:32:23.703+0000] {dag.py:3239} INFO - Sync 1 DAGs
[2026-07-18T21:32:23.748+0000] {logging_mixin.py:190} INFO - [2026-07-18T21:32:23.747+0000] {dag.py:4180} INFO - Setting next_dagrun for example_skip_dag to 2026-07-17 00:00:00+00:00, run_after=2026-07-18 00:00:00+00:00
[2026-07-18T21:32:23.796+0000] {processor.py:208} INFO - Processing /home/airflow/.local/lib/python3.12/site-packages/airflow/example_dags/example_skip_dag.py took 0.170 seconds
[2026-07-18T21:32:55.201+0000] {processor.py:186} INFO - Started process (PID=984) to work on /home/airflow/.local/lib/python3.12/site-packages/airflow/example_dags/example_skip_dag.py
[2026-07-18T21:32:55.204+0000] {processor.py:914} INFO - Processing file /home/airflow/.local/lib/python3.12/site-packages/airflow/example_dags/example_skip_dag.py for tasks to queue
[2026-07-18T21:32:55.211+0000] {logging_mixin.py:190} INFO - [2026-07-18T21:32:55.210+0000] {dagbag.py:588} INFO - Filling up the DagBag from /home/airflow/.local/lib/python3.12/site-packages/airflow/example_dags/example_skip_dag.py
[2026-07-18T21:32:55.237+0000] {processor.py:925} INFO - DAG(s) 'example_skip_dag' retrieved from /home/airflow/.local/lib/python3.12/site-packages/airflow/example_dags/example_skip_dag.py
[2026-07-18T21:32:55.281+0000] {logging_mixin.py:190} INFO - [2026-07-18T21:32:55.281+0000] {dag.py:3239} INFO - Sync 1 DAGs
[2026-07-18T21:32:55.353+0000] {logging_mixin.py:190} INFO - [2026-07-18T21:32:55.353+0000] {dag.py:4180} INFO - Setting next_dagrun for example_skip_dag to 2026-07-17 00:00:00+00:00, run_after=2026-07-18 00:00:00+00:00
[2026-07-18T21:32:55.478+0000] {processor.py:208} INFO - Processing /home/airflow/.local/lib/python3.12/site-packages/airflow/example_dags/example_skip_dag.py took 0.289 seconds
[2026-07-18T21:33:26.890+0000] {processor.py:186} INFO - Started process (PID=1049) to work on /home/airflow/.local/lib/python3.12/site-packages/airflow/example_dags/example_skip_dag.py
[2026-07-18T21:33:26.892+0000] {processor.py:914} INFO - Processing file /home/airflow/.local/lib/python3.12/site-packages/airflow/example_dags/example_skip_dag.py for tasks to queue
[2026-07-18T21:33:26.896+0000] {logging_mixin.py:190} INFO - [2026-07-18T21:33:26.896+0000] {dagbag.py:588} INFO - Filling up the DagBag from /home/airflow/.local/lib/python3.12/site-packages/airflow/example_dags/example_skip_dag.py
[2026-07-18T21:33:26.912+0000] {processor.py:925} INFO - DAG(s) 'example_skip_dag' retrieved from /home/airflow/.local/lib/python3.12/site-packages/airflow/example_dags/example_skip_dag.py
[2026-07-18T21:33:26.943+0000] {logging_mixin.py:190} INFO - [2026-07-18T21:33:26.942+0000] {dag.py:3239} INFO - Sync 1 DAGs
[2026-07-18T21:33:26.979+0000] {logging_mixin.py:190} INFO - [2026-07-18T21:33:26.979+0000] {dag.py:4180} INFO - Setting next_dagrun for example_skip_dag to 2026-07-17 00:00:00+00:00, run_after=2026-07-18 00:00:00+00:00
[2026-07-18T21:33:27.007+0000] {processor.py:208} INFO - Processing /home/airflow/.local/lib/python3.12/site-packages/airflow/example_dags/example_skip_dag.py took 0.125 seconds
[2026-07-18T21:33:58.485+0000] {processor.py:186} INFO - Started process (PID=1113) to work on /home/airflow/.local/lib/python3.12/site-packages/airflow/example_dags/example_skip_dag.py
[2026-07-18T21:33:58.488+0000] {processor.py:914} INFO - Processing file /home/airflow/.local/lib/python3.12/site-packages/airflow/example_dags/example_skip_dag.py for tasks to queue
[2026-07-18T21:33:58.492+0000] {logging_mixin.py:190} INFO - [2026-07-18T21:33:58.491+0000] {dagbag.py:588} INFO - Filling up the DagBag from /home/airflow/.local/lib/python3.12/site-packages/airflow/example_dags/example_skip_dag.py
[2026-07-18T21:33:58.508+0000] {processor.py:925} INFO - DAG(s) 'example_skip_dag' retrieved from /home/airflow/.local/lib/python3.12/site-packages/airflow/example_dags/example_skip_dag.py
[2026-07-18T21:33:58.536+0000] {logging_mixin.py:190} INFO - [2026-07-18T21:33:58.536+0000] {dag.py:3239} INFO - Sync 1 DAGs
[2026-07-18T21:33:58.574+0000] {logging_mixin.py:190} INFO - [2026-07-18T21:33:58.573+0000] {dag.py:4180} INFO - Setting next_dagrun for example_skip_dag to 2026-07-17 00:00:00+00:00, run_after=2026-07-18 00:00:00+00:00
[2026-07-18T21:33:58.601+0000] {processor.py:208} INFO - Processing /home/airflow/.local/lib/python3.12/site-packages/airflow/example_dags/example_skip_dag.py took 0.124 seconds
[2026-07-18T21:34:30.313+0000] {processor.py:186} INFO - Started process (PID=1177) to work on /home/airflow/.local/lib/python3.12/site-packages/airflow/example_dags/example_skip_dag.py
[2026-07-18T21:34:30.316+0000] {processor.py:914} INFO - Processing file /home/airflow/.local/lib/python3.12/site-packages/airflow/example_dags/example_skip_dag.py for tasks to queue
[2026-07-18T21:34:30.321+0000] {logging_mixin.py:190} INFO - [2026-07-18T21:34:30.320+0000] {dagbag.py:588} INFO - Filling up the DagBag from /home/airflow/.local/lib/python3.12/site-packages/airflow/example_dags/example_skip_dag.py
[2026-07-18T21:34:30.336+0000] {processor.py:925} INFO - DAG(s) 'example_skip_dag' retrieved from /home/airflow/.local/lib/python3.12/site-packages/airflow/example_dags/example_skip_dag.py
[2026-07-18T21:34:30.381+0000] {logging_mixin.py:190} INFO - [2026-07-18T21:34:30.381+0000] {dag.py:3239} INFO - Sync 1 DAGs
[2026-07-18T21:34:30.448+0000] {logging_mixin.py:190} INFO - [2026-07-18T21:34:30.447+0000] {dag.py:4180} INFO - Setting next_dagrun for example_skip_dag to 2026-07-17 00:00:00+00:00, run_after=2026-07-18 00:00:00+00:00
[2026-07-18T21:34:30.517+0000] {processor.py:208} INFO - Processing /home/airflow/.local/lib/python3.12/site-packages/airflow/example_dags/example_skip_dag.py took 0.215 seconds
[2026-07-18T21:35:02.107+0000] {processor.py:186} INFO - Started process (PID=1241) to work on /home/airflow/.local/lib/python3.12/site-packages/airflow/example_dags/example_skip_dag.py
[2026-07-18T21:35:02.109+0000] {processor.py:914} INFO - Processing file /home/airflow/.local/lib/python3.12/site-packages/airflow/example_dags/example_skip_dag.py for tasks to queue
[2026-07-18T21:35:02.113+0000] {logging_mixin.py:190} INFO - [2026-07-18T21:35:02.113+0000] {dagbag.py:588} INFO - Filling up the DagBag from /home/airflow/.local/lib/python3.12/site-packages/airflow/example_dags/example_skip_dag.py
[2026-07-18T21:35:02.126+0000] {processor.py:925} INFO - DAG(s) 'example_skip_dag' retrieved from /home/airflow/.local/lib/python3.12/site-packages/airflow/example_dags/example_skip_dag.py
[2026-07-18T21:35:02.161+0000] {logging_mixin.py:190} INFO - [2026-07-18T21:35:02.161+0000] {dag.py:3239} INFO - Sync 1 DAGs
[2026-07-18T21:35:02.195+0000] {logging_mixin.py:190} INFO - [2026-07-18T21:35:02.194+0000] {dag.py:4180} INFO - Setting next_dagrun for example_skip_dag to 2026-07-17 00:00:00+00:00, run_after=2026-07-18 00:00:00+00:00
[2026-07-18T21:35:02.219+0000] {processor.py:208} INFO - Processing /home/airflow/.local/lib/python3.12/site-packages/airflow/example_dags/example_skip_dag.py took 0.120 seconds
[2026-07-18T21:35:33.266+0000] {processor.py:186} INFO - Started process (PID=1305) to work on /home/airflow/.local/lib/python3.12/site-packages/airflow/example_dags/example_skip_dag.py
[2026-07-18T21:35:33.269+0000] {processor.py:914} INFO - Processing file /home/airflow/.local/lib/python3.12/site-packages/airflow/example_dags/example_skip_dag.py for tasks to queue
[2026-07-18T21:35:33.274+0000] {logging_mixin.py:190} INFO - [2026-07-18T21:35:33.273+0000] {dagbag.py:588} INFO - Filling up the DagBag from /home/airflow/.local/lib/python3.12/site-packages/airflow/example_dags/example_skip_dag.py
[2026-07-18T21:35:33.284+0000] {processor.py:925} INFO - DAG(s) 'example_skip_dag' retrieved from /home/airflow/.local/lib/python3.12/site-packages/airflow/example_dags/example_skip_dag.py
[2026-07-18T21:35:33.318+0000] {logging_mixin.py:190} INFO - [2026-07-18T21:35:33.317+0000] {dag.py:3239} INFO - Sync 1 DAGs
[2026-07-18T21:35:33.380+0000] {logging_mixin.py:190} INFO - [2026-07-18T21:35:33.380+0000] {dag.py:4180} INFO - Setting next_dagrun for example_skip_dag to 2026-07-17 00:00:00+00:00, run_after=2026-07-18 00:00:00+00:00
[2026-07-18T21:35:33.475+0000] {processor.py:208} INFO - Processing /home/airflow/.local/lib/python3.12/site-packages/airflow/example_dags/example_skip_dag.py took 0.215 seconds
[2026-07-18T21:36:03.914+0000] {processor.py:186} INFO - Started process (PID=1368) to work on /home/airflow/.local/lib/python3.12/site-packages/airflow/example_dags/example_skip_dag.py
[2026-07-18T21:36:03.916+0000] {processor.py:914} INFO - Processing file /home/airflow/.local/lib/python3.12/site-packages/airflow/example_dags/example_skip_dag.py for tasks to queue
[2026-07-18T21:36:03.922+0000] {logging_mixin.py:190} INFO - [2026-07-18T21:36:03.922+0000] {dagbag.py:588} INFO - Filling up the DagBag from /home/airflow/.local/lib/python3.12/site-packages/airflow/example_dags/example_skip_dag.py
[2026-07-18T21:36:03.936+0000] {processor.py:925} INFO - DAG(s) 'example_skip_dag' retrieved from /home/airflow/.local/lib/python3.12/site-packages/airflow/example_dags/example_skip_dag.py
[2026-07-18T21:36:03.968+0000] {logging_mixin.py:190} INFO - [2026-07-18T21:36:03.967+0000] {dag.py:3239} INFO - Sync 1 DAGs
[2026-07-18T21:36:04.007+0000] {logging_mixin.py:190} INFO - [2026-07-18T21:36:04.006+0000] {dag.py:4180} INFO - Setting next_dagrun for example_skip_dag to 2026-07-17 00:00:00+00:00, run_after=2026-07-18 00:00:00+00:00
[2026-07-18T21:36:04.035+0000] {processor.py:208} INFO - Processing /home/airflow/.local/lib/python3.12/site-packages/airflow/example_dags/example_skip_dag.py took 0.130 seconds
[2026-07-18T21:36:35.272+0000] {processor.py:186} INFO - Started process (PID=1433) to work on /home/airflow/.local/lib/python3.12/site-packages/airflow/example_dags/example_skip_dag.py
[2026-07-18T21:36:35.275+0000] {processor.py:914} INFO - Processing file /home/airflow/.local/lib/python3.12/site-packages/airflow/example_dags/example_skip_dag.py for tasks to queue
[2026-07-18T21:36:35.280+0000] {logging_mixin.py:190} INFO - [2026-07-18T21:36:35.280+0000] {dagbag.py:588} INFO - Filling up the DagBag from /home/airflow/.local/lib/python3.12/site-packages/airflow/example_dags/example_skip_dag.py
[2026-07-18T21:36:35.291+0000] {processor.py:925} INFO - DAG(s) 'example_skip_dag' retrieved from /home/airflow/.local/lib/python3.12/site-packages/airflow/example_dags/example_skip_dag.py
[2026-07-18T21:36:35.319+0000] {logging_mixin.py:190} INFO - [2026-07-18T21:36:35.318+0000] {dag.py:3239} INFO - Sync 1 DAGs
[2026-07-18T21:36:35.375+0000] {logging_mixin.py:190} INFO - [2026-07-18T21:36:35.374+0000] {dag.py:4180} INFO - Setting next_dagrun for example_skip_dag to 2026-07-17 00:00:00+00:00, run_after=2026-07-18 00:00:00+00:00
[2026-07-18T21:36:35.422+0000] {processor.py:208} INFO - Processing /home/airflow/.local/lib/python3.12/site-packages/airflow/example_dags/example_skip_dag.py took 0.157 seconds
[2026-07-18T21:37:06.422+0000] {processor.py:186} INFO - Started process (PID=1496) to work on /home/airflow/.local/lib/python3.12/site-packages/airflow/example_dags/example_skip_dag.py
[2026-07-18T21:37:06.425+0000] {processor.py:914} INFO - Processing file /home/airflow/.local/lib/python3.12/site-packages/airflow/example_dags/example_skip_dag.py for tasks to queue
[2026-07-18T21:37:06.431+0000] {logging_mixin.py:190} INFO - [2026-07-18T21:37:06.431+0000] {dagbag.py:588} INFO - Filling up the DagBag from /home/airflow/.local/lib/python3.12/site-packages/airflow/example_dags/example_skip_dag.py
[2026-07-18T21:37:06.444+0000] {processor.py:925} INFO - DAG(s) 'example_skip_dag' retrieved from /home/airflow/.local/lib/python3.12/site-packages/airflow/example_dags/example_skip_dag.py
[2026-07-18T21:37:06.475+0000] {logging_mixin.py:190} INFO - [2026-07-18T21:37:06.474+0000] {dag.py:3239} INFO - Sync 1 DAGs
[2026-07-18T21:37:06.504+0000] {logging_mixin.py:190} INFO - [2026-07-18T21:37:06.504+0000] {dag.py:4180} INFO - Setting next_dagrun for example_skip_dag to 2026-07-17 00:00:00+00:00, run_after=2026-07-18 00:00:00+00:00
[2026-07-18T21:37:06.610+0000] {processor.py:208} INFO - Processing /home/airflow/.local/lib/python3.12/site-packages/airflow/example_dags/example_skip_dag.py took 0.196 seconds
[2026-07-18T21:37:38.126+0000] {processor.py:186} INFO - Started process (PID=1560) to work on /home/airflow/.local/lib/python3.12/site-packages/airflow/example_dags/example_skip_dag.py
[2026-07-18T21:37:38.128+0000] {processor.py:914} INFO - Processing file /home/airflow/.local/lib/python3.12/site-packages/airflow/example_dags/example_skip_dag.py for tasks to queue
[2026-07-18T21:37:38.134+0000] {logging_mixin.py:190} INFO - [2026-07-18T21:37:38.133+0000] {dagbag.py:588} INFO - Filling up the DagBag from /home/airflow/.local/lib/python3.12/site-packages/airflow/example_dags/example_skip_dag.py
[2026-07-18T21:37:38.149+0000] {processor.py:925} INFO - DAG(s) 'example_skip_dag' retrieved from /home/airflow/.local/lib/python3.12/site-packages/airflow/example_dags/example_skip_dag.py
[2026-07-18T21:37:38.182+0000] {logging_mixin.py:190} INFO - [2026-07-18T21:37:38.182+0000] {dag.py:3239} INFO - Sync 1 DAGs
[2026-07-18T21:37:38.213+0000] {logging_mixin.py:190} INFO - [2026-07-18T21:37:38.213+0000] {dag.py:4180} INFO - Setting next_dagrun for example_skip_dag to 2026-07-17 00:00:00+00:00, run_after=2026-07-18 00:00:00+00:00
[2026-07-18T21:37:38.239+0000] {processor.py:208} INFO - Processing /home/airflow/.local/lib/python3.12/site-packages/airflow/example_dags/example_skip_dag.py took 0.123 seconds
[2026-07-18T21:38:10.996+0000] {processor.py:186} INFO - Started process (PID=1624) to work on /home/airflow/.local/lib/python3.12/site-packages/airflow/example_dags/example_skip_dag.py
[2026-07-18T21:38:11.000+0000] {processor.py:914} INFO - Processing file /home/airflow/.local/lib/python3.12/site-packages/airflow/example_dags/example_skip_dag.py for tasks to queue
[2026-07-18T21:38:11.007+0000] {logging_mixin.py:190} INFO - [2026-07-18T21:38:11.006+0000] {dagbag.py:588} INFO - Filling up the DagBag from /home/airflow/.local/lib/python3.12/site-packages/airflow/example_dags/example_skip_dag.py
[2026-07-18T21:38:11.026+0000] {processor.py:925} INFO - DAG(s) 'example_skip_dag' retrieved from /home/airflow/.local/lib/python3.12/site-packages/airflow/example_dags/example_skip_dag.py
[2026-07-18T21:38:11.086+0000] {logging_mixin.py:190} INFO - [2026-07-18T21:38:11.085+0000] {dag.py:3239} INFO - Sync 1 DAGs
[2026-07-18T21:38:11.141+0000] {logging_mixin.py:190} INFO - [2026-07-18T21:38:11.140+0000] {dag.py:4180} INFO - Setting next_dagrun for example_skip_dag to 2026-07-17 00:00:00+00:00, run_after=2026-07-18 00:00:00+00:00
[2026-07-18T21:38:11.204+0000] {processor.py:208} INFO - Processing /home/airflow/.local/lib/python3.12/site-packages/airflow/example_dags/example_skip_dag.py took 0.222 seconds
[2026-07-18T21:38:41.541+0000] {processor.py:186} INFO - Started process (PID=1688) to work on /home/airflow/.local/lib/python3.12/site-packages/airflow/example_dags/example_skip_dag.py
[2026-07-18T21:38:41.543+0000] {processor.py:914} INFO - Processing file /home/airflow/.local/lib/python3.12/site-packages/airflow/example_dags/example_skip_dag.py for tasks to queue
[2026-07-18T21:38:41.550+0000] {logging_mixin.py:190} INFO - [2026-07-18T21:38:41.549+0000] {dagbag.py:588} INFO - Filling up the DagBag from /home/airflow/.local/lib/python3.12/site-packages/airflow/example_dags/example_skip_dag.py
[2026-07-18T21:38:41.562+0000] {processor.py:925} INFO - DAG(s) 'example_skip_dag' retrieved from /home/airflow/.local/lib/python3.12/site-packages/airflow/example_dags/example_skip_dag.py
[2026-07-18T21:38:41.595+0000] {logging_mixin.py:190} INFO - [2026-07-18T21:38:41.595+0000] {dag.py:3239} INFO - Sync 1 DAGs
[2026-07-18T21:38:41.626+0000] {logging_mixin.py:190} INFO - [2026-07-18T21:38:41.626+0000] {dag.py:4180} INFO - Setting next_dagrun for example_skip_dag to 2026-07-17 00:00:00+00:00, run_after=2026-07-18 00:00:00+00:00
[2026-07-18T21:38:41.710+0000] {processor.py:208} INFO - Processing /home/airflow/.local/lib/python3.12/site-packages/airflow/example_dags/example_skip_dag.py took 0.178 seconds
[2026-07-18T21:39:12.706+0000] {processor.py:186} INFO - Started process (PID=1752) to work on /home/airflow/.local/lib/python3.12/site-packages/airflow/example_dags/example_skip_dag.py
[2026-07-18T21:39:12.708+0000] {processor.py:914} INFO - Processing file /home/airflow/.local/lib/python3.12/site-packages/airflow/example_dags/example_skip_dag.py for tasks to queue
[2026-07-18T21:39:12.713+0000] {logging_mixin.py:190} INFO - [2026-07-18T21:39:12.713+0000] {dagbag.py:588} INFO - Filling up the DagBag from /home/airflow/.local/lib/python3.12/site-packages/airflow/example_dags/example_skip_dag.py
[2026-07-18T21:39:12.723+0000] {processor.py:925} INFO - DAG(s) 'example_skip_dag' retrieved from /home/airflow/.local/lib/python3.12/site-packages/airflow/example_dags/example_skip_dag.py
[2026-07-18T21:39:12.753+0000] {logging_mixin.py:190} INFO - [2026-07-18T21:39:12.752+0000] {dag.py:3239} INFO - Sync 1 DAGs
[2026-07-18T21:39:12.779+0000] {logging_mixin.py:190} INFO - [2026-07-18T21:39:12.779+0000] {dag.py:4180} INFO - Setting next_dagrun for example_skip_dag to 2026-07-17 00:00:00+00:00, run_after=2026-07-18 00:00:00+00:00
[2026-07-18T21:39:12.807+0000] {processor.py:208} INFO - Processing /home/airflow/.local/lib/python3.12/site-packages/airflow/example_dags/example_skip_dag.py took 0.110 seconds
[2026-07-18T21:39:49.802+0000] {processor.py:186} INFO - Started process (PID=1823) to work on /home/airflow/.local/lib/python3.12/site-packages/airflow/example_dags/example_skip_dag.py
[2026-07-18T21:39:49.805+0000] {processor.py:914} INFO - Processing file /home/airflow/.local/lib/python3.12/site-packages/airflow/example_dags/example_skip_dag.py for tasks to queue
[2026-07-18T21:39:49.815+0000] {logging_mixin.py:190} INFO - [2026-07-18T21:39:49.813+0000] {dagbag.py:588} INFO - Filling up the DagBag from /home/airflow/.local/lib/python3.12/site-packages/airflow/example_dags/example_skip_dag.py
[2026-07-18T21:39:49.834+0000] {processor.py:925} INFO - DAG(s) 'example_skip_dag' retrieved from /home/airflow/.local/lib/python3.12/site-packages/airflow/example_dags/example_skip_dag.py
[2026-07-18T21:39:49.871+0000] {logging_mixin.py:190} INFO - [2026-07-18T21:39:49.870+0000] {dag.py:3239} INFO - Sync 1 DAGs
[2026-07-18T21:39:49.912+0000] {logging_mixin.py:190} INFO - [2026-07-18T21:39:49.912+0000] {dag.py:4180} INFO - Setting next_dagrun for example_skip_dag to 2026-07-17 00:00:00+00:00, run_after=2026-07-18 00:00:00+00:00
[2026-07-18T21:39:49.950+0000] {processor.py:208} INFO - Processing /home/airflow/.local/lib/python3.12/site-packages/airflow/example_dags/example_skip_dag.py took 0.161 seconds
[2026-07-18T21:40:21.425+0000] {processor.py:186} INFO - Started process (PID=1887) to work on /home/airflow/.local/lib/python3.12/site-packages/airflow/example_dags/example_skip_dag.py
[2026-07-18T21:40:21.428+0000] {processor.py:914} INFO - Processing file /home/airflow/.local/lib/python3.12/site-packages/airflow/example_dags/example_skip_dag.py for tasks to queue
[2026-07-18T21:40:21.434+0000] {logging_mixin.py:190} INFO - [2026-07-18T21:40:21.433+0000] {dagbag.py:588} INFO - Filling up the DagBag from /home/airflow/.local/lib/python3.12/site-packages/airflow/example_dags/example_skip_dag.py
[2026-07-18T21:40:21.457+0000] {processor.py:925} INFO - DAG(s) 'example_skip_dag' retrieved from /home/airflow/.local/lib/python3.12/site-packages/airflow/example_dags/example_skip_dag.py
[2026-07-18T21:40:21.528+0000] {logging_mixin.py:190} INFO - [2026-07-18T21:40:21.528+0000] {dag.py:3239} INFO - Sync 1 DAGs
[2026-07-18T21:40:21.600+0000] {logging_mixin.py:190} INFO - [2026-07-18T21:40:21.599+0000] {dag.py:4180} INFO - Setting next_dagrun for example_skip_dag to 2026-07-17 00:00:00+00:00, run_after=2026-07-18 00:00:00+00:00
[2026-07-18T21:40:21.657+0000] {processor.py:208} INFO - Processing /home/airflow/.local/lib/python3.12/site-packages/airflow/example_dags/example_skip_dag.py took 0.243 seconds
[2026-07-18T21:40:51.879+0000] {processor.py:186} INFO - Started process (PID=1950) to work on /home/airflow/.local/lib/python3.12/site-packages/airflow/example_dags/example_skip_dag.py
[2026-07-18T21:40:51.881+0000] {processor.py:914} INFO - Processing file /home/airflow/.local/lib/python3.12/site-packages/airflow/example_dags/example_skip_dag.py for tasks to queue
[2026-07-18T21:40:51.886+0000] {logging_mixin.py:190} INFO - [2026-07-18T21:40:51.885+0000] {dagbag.py:588} INFO - Filling up the DagBag from /home/airflow/.local/lib/python3.12/site-packages/airflow/example_dags/example_skip_dag.py
[2026-07-18T21:40:51.897+0000] {processor.py:925} INFO - DAG(s) 'example_skip_dag' retrieved from /home/airflow/.local/lib/python3.12/site-packages/airflow/example_dags/example_skip_dag.py
[2026-07-18T21:40:51.925+0000] {logging_mixin.py:190} INFO - [2026-07-18T21:40:51.924+0000] {dag.py:3239} INFO - Sync 1 DAGs
[2026-07-18T21:40:51.956+0000] {logging_mixin.py:190} INFO - [2026-07-18T21:40:51.956+0000] {dag.py:4180} INFO - Setting next_dagrun for example_skip_dag to 2026-07-17 00:00:00+00:00, run_after=2026-07-18 00:00:00+00:00
[2026-07-18T21:40:52.000+0000] {processor.py:208} INFO - Processing /home/airflow/.local/lib/python3.12/site-packages/airflow/example_dags/example_skip_dag.py took 0.129 seconds
[2026-07-18T21:41:22.454+0000] {processor.py:186} INFO - Started process (PID=2014) to work on /home/airflow/.local/lib/python3.12/site-packages/airflow/example_dags/example_skip_dag.py
[2026-07-18T21:41:22.455+0000] {processor.py:914} INFO - Processing file /home/airflow/.local/lib/python3.12/site-packages/airflow/example_dags/example_skip_dag.py for tasks to queue
[2026-07-18T21:41:22.460+0000] {logging_mixin.py:190} INFO - [2026-07-18T21:41:22.459+0000] {dagbag.py:588} INFO - Filling up the DagBag from /home/airflow/.local/lib/python3.12/site-packages/airflow/example_dags/example_skip_dag.py
[2026-07-18T21:41:22.470+0000] {processor.py:925} INFO - DAG(s) 'example_skip_dag' retrieved from /home/airflow/.local/lib/python3.12/site-packages/airflow/example_dags/example_skip_dag.py
[2026-07-18T21:41:22.500+0000] {logging_mixin.py:190} INFO - [2026-07-18T21:41:22.500+0000] {dag.py:3239} INFO - Sync 1 DAGs
[2026-07-18T21:41:22.534+0000] {logging_mixin.py:190} INFO - [2026-07-18T21:41:22.533+0000] {dag.py:4180} INFO - Setting next_dagrun for example_skip_dag to 2026-07-17 00:00:00+00:00, run_after=2026-07-18 00:00:00+00:00
[2026-07-18T21:41:22.612+0000] {processor.py:208} INFO - Processing /home/airflow/.local/lib/python3.12/site-packages/airflow/example_dags/example_skip_dag.py took 0.165 seconds
[2026-07-18T21:41:53.048+0000] {processor.py:186} INFO - Started process (PID=2078) to work on /home/airflow/.local/lib/python3.12/site-packages/airflow/example_dags/example_skip_dag.py
[2026-07-18T21:41:53.051+0000] {processor.py:914} INFO - Processing file /home/airflow/.local/lib/python3.12/site-packages/airflow/example_dags/example_skip_dag.py for tasks to queue
[2026-07-18T21:41:53.055+0000] {logging_mixin.py:190} INFO - [2026-07-18T21:41:53.054+0000] {dagbag.py:588} INFO - Filling up the DagBag from /home/airflow/.local/lib/python3.12/site-packages/airflow/example_dags/example_skip_dag.py
[2026-07-18T21:41:53.067+0000] {processor.py:925} INFO - DAG(s) 'example_skip_dag' retrieved from /home/airflow/.local/lib/python3.12/site-packages/airflow/example_dags/example_skip_dag.py
[2026-07-18T21:41:53.123+0000] {logging_mixin.py:190} INFO - [2026-07-18T21:41:53.123+0000] {dag.py:3239} INFO - Sync 1 DAGs
[2026-07-18T21:41:53.169+0000] {logging_mixin.py:190} INFO - [2026-07-18T21:41:53.168+0000] {dag.py:4180} INFO - Setting next_dagrun for example_skip_dag to 2026-07-17 00:00:00+00:00, run_after=2026-07-18 00:00:00+00:00
[2026-07-18T21:41:53.195+0000] {processor.py:208} INFO - Processing /home/airflow/.local/lib/python3.12/site-packages/airflow/example_dags/example_skip_dag.py took 0.158 seconds
[2026-07-18T21:42:23.543+0000] {processor.py:186} INFO - Started process (PID=2142) to work on /home/airflow/.local/lib/python3.12/site-packages/airflow/example_dags/example_skip_dag.py
[2026-07-18T21:42:23.545+0000] {processor.py:914} INFO - Processing file /home/airflow/.local/lib/python3.12/site-packages/airflow/example_dags/example_skip_dag.py for tasks to queue
[2026-07-18T21:42:23.551+0000] {logging_mixin.py:190} INFO - [2026-07-18T21:42:23.550+0000] {dagbag.py:588} INFO - Filling up the DagBag from /home/airflow/.local/lib/python3.12/site-packages/airflow/example_dags/example_skip_dag.py
[2026-07-18T21:42:23.568+0000] {processor.py:925} INFO - DAG(s) 'example_skip_dag' retrieved from /home/airflow/.local/lib/python3.12/site-packages/airflow/example_dags/example_skip_dag.py
[2026-07-18T21:42:23.601+0000] {logging_mixin.py:190} INFO - [2026-07-18T21:42:23.600+0000] {dag.py:3239} INFO - Sync 1 DAGs
[2026-07-18T21:42:23.635+0000] {logging_mixin.py:190} INFO - [2026-07-18T21:42:23.635+0000] {dag.py:4180} INFO - Setting next_dagrun for example_skip_dag to 2026-07-17 00:00:00+00:00, run_after=2026-07-18 00:00:00+00:00
[2026-07-18T21:42:23.681+0000] {processor.py:208} INFO - Processing /home/airflow/.local/lib/python3.12/site-packages/airflow/example_dags/example_skip_dag.py took 0.148 seconds
[2026-07-18T21:42:54.067+0000] {processor.py:186} INFO - Started process (PID=2206) to work on /home/airflow/.local/lib/python3.12/site-packages/airflow/example_dags/example_skip_dag.py
[2026-07-18T21:42:54.069+0000] {processor.py:914} INFO - Processing file /home/airflow/.local/lib/python3.12/site-packages/airflow/example_dags/example_skip_dag.py for tasks to queue
[2026-07-18T21:42:54.073+0000] {logging_mixin.py:190} INFO - [2026-07-18T21:42:54.072+0000] {dagbag.py:588} INFO - Filling up the DagBag from /home/airflow/.local/lib/python3.12/site-packages/airflow/example_dags/example_skip_dag.py
[2026-07-18T21:42:54.085+0000] {processor.py:925} INFO - DAG(s) 'example_skip_dag' retrieved from /home/airflow/.local/lib/python3.12/site-packages/airflow/example_dags/example_skip_dag.py
[2026-07-18T21:42:54.119+0000] {logging_mixin.py:190} INFO - [2026-07-18T21:42:54.118+0000] {dag.py:3239} INFO - Sync 1 DAGs
[2026-07-18T21:42:54.156+0000] {logging_mixin.py:190} INFO - [2026-07-18T21:42:54.155+0000] {dag.py:4180} INFO - Setting next_dagrun for example_skip_dag to 2026-07-17 00:00:00+00:00, run_after=2026-07-18 00:00:00+00:00
[2026-07-18T21:42:54.186+0000] {processor.py:208} INFO - Processing /home/airflow/.local/lib/python3.12/site-packages/airflow/example_dags/example_skip_dag.py took 0.130 seconds
[2026-07-18T21:43:28.862+0000] {processor.py:186} INFO - Started process (PID=2281) to work on /home/airflow/.local/lib/python3.12/site-packages/airflow/example_dags/example_skip_dag.py
[2026-07-18T21:43:28.866+0000] {processor.py:914} INFO - Processing file /home/airflow/.local/lib/python3.12/site-packages/airflow/example_dags/example_skip_dag.py for tasks to queue
[2026-07-18T21:43:28.878+0000] {logging_mixin.py:190} INFO - [2026-07-18T21:43:28.876+0000] {dagbag.py:588} INFO - Filling up the DagBag from /home/airflow/.local/lib/python3.12/site-packages/airflow/example_dags/example_skip_dag.py
[2026-07-18T21:43:28.895+0000] {processor.py:925} INFO - DAG(s) 'example_skip_dag' retrieved from /home/airflow/.local/lib/python3.12/site-packages/airflow/example_dags/example_skip_dag.py
[2026-07-18T21:43:28.936+0000] {logging_mixin.py:190} INFO - [2026-07-18T21:43:28.935+0000] {dag.py:3239} INFO - Sync 1 DAGs
[2026-07-18T21:43:28.969+0000] {logging_mixin.py:190} INFO - [2026-07-18T21:43:28.969+0000] {dag.py:4180} INFO - Setting next_dagrun for example_skip_dag to 2026-07-17 00:00:00+00:00, run_after=2026-07-18 00:00:00+00:00
[2026-07-18T21:43:28.999+0000] {processor.py:208} INFO - Processing /home/airflow/.local/lib/python3.12/site-packages/airflow/example_dags/example_skip_dag.py took 0.153 seconds
[2026-07-18T21:43:59.568+0000] {processor.py:186} INFO - Started process (PID=2345) to work on /home/airflow/.local/lib/python3.12/site-packages/airflow/example_dags/example_skip_dag.py
[2026-07-18T21:43:59.571+0000] {processor.py:914} INFO - Processing file /home/airflow/.local/lib/python3.12/site-packages/airflow/example_dags/example_skip_dag.py for tasks to queue
[2026-07-18T21:43:59.579+0000] {logging_mixin.py:190} INFO - [2026-07-18T21:43:59.578+0000] {dagbag.py:588} INFO - Filling up the DagBag from /home/airflow/.local/lib/python3.12/site-packages/airflow/example_dags/example_skip_dag.py
[2026-07-18T21:43:59.597+0000] {processor.py:925} INFO - DAG(s) 'example_skip_dag' retrieved from /home/airflow/.local/lib/python3.12/site-packages/airflow/example_dags/example_skip_dag.py
[2026-07-18T21:43:59.635+0000] {logging_mixin.py:190} INFO - [2026-07-18T21:43:59.634+0000] {dag.py:3239} INFO - Sync 1 DAGs
[2026-07-18T21:43:59.670+0000] {logging_mixin.py:190} INFO - [2026-07-18T21:43:59.669+0000] {dag.py:4180} INFO - Setting next_dagrun for example_skip_dag to 2026-07-17 00:00:00+00:00, run_after=2026-07-18 00:00:00+00:00
[2026-07-18T21:43:59.702+0000] {processor.py:208} INFO - Processing /home/airflow/.local/lib/python3.12/site-packages/airflow/example_dags/example_skip_dag.py took 0.146 seconds
[2026-07-18T21:44:30.580+0000] {processor.py:186} INFO - Started process (PID=2409) to work on /home/airflow/.local/lib/python3.12/site-packages/airflow/example_dags/example_skip_dag.py
[2026-07-18T21:44:30.583+0000] {processor.py:914} INFO - Processing file /home/airflow/.local/lib/python3.12/site-packages/airflow/example_dags/example_skip_dag.py for tasks to queue
[2026-07-18T21:44:30.589+0000] {logging_mixin.py:190} INFO - [2026-07-18T21:44:30.589+0000] {dagbag.py:588} INFO - Filling up the DagBag from /home/airflow/.local/lib/python3.12/site-packages/airflow/example_dags/example_skip_dag.py
[2026-07-18T21:44:30.606+0000] {processor.py:925} INFO - DAG(s) 'example_skip_dag' retrieved from /home/airflow/.local/lib/python3.12/site-packages/airflow/example_dags/example_skip_dag.py
[2026-07-18T21:44:30.636+0000] {logging_mixin.py:190} INFO - [2026-07-18T21:44:30.636+0000] {dag.py:3239} INFO - Sync 1 DAGs
[2026-07-18T21:44:30.676+0000] {logging_mixin.py:190} INFO - [2026-07-18T21:44:30.676+0000] {dag.py:4180} INFO - Setting next_dagrun for example_skip_dag to 2026-07-17 00:00:00+00:00, run_after=2026-07-18 00:00:00+00:00
[2026-07-18T21:44:30.707+0000] {processor.py:208} INFO - Processing /home/airflow/.local/lib/python3.12/site-packages/airflow/example_dags/example_skip_dag.py took 0.137 seconds
[2026-07-18T21:45:02.154+0000] {processor.py:186} INFO - Started process (PID=2473) to work on /home/airflow/.local/lib/python3.12/site-packages/airflow/example_dags/example_skip_dag.py
[2026-07-18T21:45:02.157+0000] {processor.py:914} INFO - Processing file /home/airflow/.local/lib/python3.12/site-packages/airflow/example_dags/example_skip_dag.py for tasks to queue
[2026-07-18T21:45:02.162+0000] {logging_mixin.py:190} INFO - [2026-07-18T21:45:02.162+0000] {dagbag.py:588} INFO - Filling up the DagBag from /home/airflow/.local/lib/python3.12/site-packages/airflow/example_dags/example_skip_dag.py
[2026-07-18T21:45:02.175+0000] {processor.py:925} INFO - DAG(s) 'example_skip_dag' retrieved from /home/airflow/.local/lib/python3.12/site-packages/airflow/example_dags/example_skip_dag.py
[2026-07-18T21:45:02.220+0000] {logging_mixin.py:190} INFO - [2026-07-18T21:45:02.219+0000] {dag.py:3239} INFO - Sync 1 DAGs
[2026-07-18T21:45:02.270+0000] {logging_mixin.py:190} INFO - [2026-07-18T21:45:02.269+0000] {dag.py:4180} INFO - Setting next_dagrun for example_skip_dag to 2026-07-17 00:00:00+00:00, run_after=2026-07-18 00:00:00+00:00
[2026-07-18T21:45:02.303+0000] {processor.py:208} INFO - Processing /home/airflow/.local/lib/python3.12/site-packages/airflow/example_dags/example_skip_dag.py took 0.157 seconds
[2026-07-18T21:45:35.374+0000] {processor.py:186} INFO - Started process (PID=2537) to work on /home/airflow/.local/lib/python3.12/site-packages/airflow/example_dags/example_skip_dag.py
[2026-07-18T21:45:35.379+0000] {processor.py:914} INFO - Processing file /home/airflow/.local/lib/python3.12/site-packages/airflow/example_dags/example_skip_dag.py for tasks to queue
[2026-07-18T21:45:35.384+0000] {logging_mixin.py:190} INFO - [2026-07-18T21:45:35.383+0000] {dagbag.py:588} INFO - Filling up the DagBag from /home/airflow/.local/lib/python3.12/site-packages/airflow/example_dags/example_skip_dag.py
[2026-07-18T21:45:35.395+0000] {processor.py:925} INFO - DAG(s) 'example_skip_dag' retrieved from /home/airflow/.local/lib/python3.12/site-packages/airflow/example_dags/example_skip_dag.py
[2026-07-18T21:45:35.423+0000] {logging_mixin.py:190} INFO - [2026-07-18T21:45:35.422+0000] {dag.py:3239} INFO - Sync 1 DAGs
[2026-07-18T21:45:35.455+0000] {logging_mixin.py:190} INFO - [2026-07-18T21:45:35.455+0000] {dag.py:4180} INFO - Setting next_dagrun for example_skip_dag to 2026-07-17 00:00:00+00:00, run_after=2026-07-18 00:00:00+00:00
[2026-07-18T21:45:35.487+0000] {processor.py:208} INFO - Processing /home/airflow/.local/lib/python3.12/site-packages/airflow/example_dags/example_skip_dag.py took 0.121 seconds
[2026-07-18T21:46:05.941+0000] {processor.py:186} INFO - Started process (PID=2601) to work on /home/airflow/.local/lib/python3.12/site-packages/airflow/example_dags/example_skip_dag.py
[2026-07-18T21:46:05.947+0000] {processor.py:914} INFO - Processing file /home/airflow/.local/lib/python3.12/site-packages/airflow/example_dags/example_skip_dag.py for tasks to queue
[2026-07-18T21:46:05.961+0000] {logging_mixin.py:190} INFO - [2026-07-18T21:46:05.960+0000] {dagbag.py:588} INFO - Filling up the DagBag from /home/airflow/.local/lib/python3.12/site-packages/airflow/example_dags/example_skip_dag.py
[2026-07-18T21:46:05.989+0000] {processor.py:925} INFO - DAG(s) 'example_skip_dag' retrieved from /home/airflow/.local/lib/python3.12/site-packages/airflow/example_dags/example_skip_dag.py
[2026-07-18T21:46:06.048+0000] {logging_mixin.py:190} INFO - [2026-07-18T21:46:06.047+0000] {dag.py:3239} INFO - Sync 1 DAGs
[2026-07-18T21:46:06.118+0000] {logging_mixin.py:190} INFO - [2026-07-18T21:46:06.118+0000] {dag.py:4180} INFO - Setting next_dagrun for example_skip_dag to 2026-07-17 00:00:00+00:00, run_after=2026-07-18 00:00:00+00:00
[2026-07-18T21:46:06.210+0000] {processor.py:208} INFO - Processing /home/airflow/.local/lib/python3.12/site-packages/airflow/example_dags/example_skip_dag.py took 0.286 seconds
[2026-07-18T21:46:36.945+0000] {processor.py:186} INFO - Started process (PID=2665) to work on /home/airflow/.local/lib/python3.12/site-packages/airflow/example_dags/example_skip_dag.py
[2026-07-18T21:46:36.948+0000] {processor.py:914} INFO - Processing file /home/airflow/.local/lib/python3.12/site-packages/airflow/example_dags/example_skip_dag.py for tasks to queue
[2026-07-18T21:46:36.954+0000] {logging_mixin.py:190} INFO - [2026-07-18T21:46:36.953+0000] {dagbag.py:588} INFO - Filling up the DagBag from /home/airflow/.local/lib/python3.12/site-packages/airflow/example_dags/example_skip_dag.py
[2026-07-18T21:46:36.966+0000] {processor.py:925} INFO - DAG(s) 'example_skip_dag' retrieved from /home/airflow/.local/lib/python3.12/site-packages/airflow/example_dags/example_skip_dag.py
[2026-07-18T21:46:36.998+0000] {logging_mixin.py:190} INFO - [2026-07-18T21:46:36.998+0000] {dag.py:3239} INFO - Sync 1 DAGs
[2026-07-18T21:46:37.037+0000] {logging_mixin.py:190} INFO - [2026-07-18T21:46:37.037+0000] {dag.py:4180} INFO - Setting next_dagrun for example_skip_dag to 2026-07-17 00:00:00+00:00, run_after=2026-07-18 00:00:00+00:00
[2026-07-18T21:46:37.118+0000] {processor.py:208} INFO - Processing /home/airflow/.local/lib/python3.12/site-packages/airflow/example_dags/example_skip_dag.py took 0.182 seconds
[2026-07-18T21:47:07.779+0000] {processor.py:186} INFO - Started process (PID=2729) to work on /home/airflow/.local/lib/python3.12/site-packages/airflow/example_dags/example_skip_dag.py
[2026-07-18T21:47:07.781+0000] {processor.py:914} INFO - Processing file /home/airflow/.local/lib/python3.12/site-packages/airflow/example_dags/example_skip_dag.py for tasks to queue
[2026-07-18T21:47:07.789+0000] {logging_mixin.py:190} INFO - [2026-07-18T21:47:07.788+0000] {dagbag.py:588} INFO - Filling up the DagBag from /home/airflow/.local/lib/python3.12/site-packages/airflow/example_dags/example_skip_dag.py
[2026-07-18T21:47:07.807+0000] {processor.py:925} INFO - DAG(s) 'example_skip_dag' retrieved from /home/airflow/.local/lib/python3.12/site-packages/airflow/example_dags/example_skip_dag.py
[2026-07-18T21:47:07.839+0000] {logging_mixin.py:190} INFO - [2026-07-18T21:47:07.838+0000] {dag.py:3239} INFO - Sync 1 DAGs
[2026-07-18T21:47:07.888+0000] {logging_mixin.py:190} INFO - [2026-07-18T21:47:07.888+0000] {dag.py:4180} INFO - Setting next_dagrun for example_skip_dag to 2026-07-17 00:00:00+00:00, run_after=2026-07-18 00:00:00+00:00
[2026-07-18T21:47:07.928+0000] {processor.py:208} INFO - Processing /home/airflow/.local/lib/python3.12/site-packages/airflow/example_dags/example_skip_dag.py took 0.161 seconds
[2026-07-18T21:47:39.366+0000] {processor.py:186} INFO - Started process (PID=2793) to work on /home/airflow/.local/lib/python3.12/site-packages/airflow/example_dags/example_skip_dag.py
[2026-07-18T21:47:39.368+0000] {processor.py:914} INFO - Processing file /home/airflow/.local/lib/python3.12/site-packages/airflow/example_dags/example_skip_dag.py for tasks to queue
[2026-07-18T21:47:39.374+0000] {logging_mixin.py:190} INFO - [2026-07-18T21:47:39.373+0000] {dagbag.py:588} INFO - Filling up the DagBag from /home/airflow/.local/lib/python3.12/site-packages/airflow/example_dags/example_skip_dag.py
[2026-07-18T21:47:39.387+0000] {processor.py:925} INFO - DAG(s) 'example_skip_dag' retrieved from /home/airflow/.local/lib/python3.12/site-packages/airflow/example_dags/example_skip_dag.py
[2026-07-18T21:47:39.423+0000] {logging_mixin.py:190} INFO - [2026-07-18T21:47:39.422+0000] {dag.py:3239} INFO - Sync 1 DAGs
[2026-07-18T21:47:39.455+0000] {logging_mixin.py:190} INFO - [2026-07-18T21:47:39.455+0000] {dag.py:4180} INFO - Setting next_dagrun for example_skip_dag to 2026-07-17 00:00:00+00:00, run_after=2026-07-18 00:00:00+00:00
[2026-07-18T21:47:39.501+0000] {processor.py:208} INFO - Processing /home/airflow/.local/lib/python3.12/site-packages/airflow/example_dags/example_skip_dag.py took 0.145 seconds
[2026-07-18T21:48:10.189+0000] {processor.py:186} INFO - Started process (PID=2857) to work on /home/airflow/.local/lib/python3.12/site-packages/airflow/example_dags/example_skip_dag.py
[2026-07-18T21:48:10.192+0000] {processor.py:914} INFO - Processing file /home/airflow/.local/lib/python3.12/site-packages/airflow/example_dags/example_skip_dag.py for tasks to queue
[2026-07-18T21:48:10.196+0000] {logging_mixin.py:190} INFO - [2026-07-18T21:48:10.196+0000] {dagbag.py:588} INFO - Filling up the DagBag from /home/airflow/.local/lib/python3.12/site-packages/airflow/example_dags/example_skip_dag.py
[2026-07-18T21:48:10.208+0000] {processor.py:925} INFO - DAG(s) 'example_skip_dag' retrieved from /home/airflow/.local/lib/python3.12/site-packages/airflow/example_dags/example_skip_dag.py
[2026-07-18T21:48:10.267+0000] {logging_mixin.py:190} INFO - [2026-07-18T21:48:10.266+0000] {dag.py:3239} INFO - Sync 1 DAGs
[2026-07-18T21:48:10.343+0000] {logging_mixin.py:190} INFO - [2026-07-18T21:48:10.343+0000] {dag.py:4180} INFO - Setting next_dagrun for example_skip_dag to 2026-07-17 00:00:00+00:00, run_after=2026-07-18 00:00:00+00:00
[2026-07-18T21:48:10.468+0000] {processor.py:208} INFO - Processing /home/airflow/.local/lib/python3.12/site-packages/airflow/example_dags/example_skip_dag.py took 0.287 seconds
[2026-07-18T21:48:41.982+0000] {processor.py:186} INFO - Started process (PID=2921) to work on /home/airflow/.local/lib/python3.12/site-packages/airflow/example_dags/example_skip_dag.py
[2026-07-18T21:48:41.985+0000] {processor.py:914} INFO - Processing file /home/airflow/.local/lib/python3.12/site-packages/airflow/example_dags/example_skip_dag.py for tasks to queue
[2026-07-18T21:48:41.990+0000] {logging_mixin.py:190} INFO - [2026-07-18T21:48:41.989+0000] {dagbag.py:588} INFO - Filling up the DagBag from /home/airflow/.local/lib/python3.12/site-packages/airflow/example_dags/example_skip_dag.py
[2026-07-18T21:48:42.008+0000] {processor.py:925} INFO - DAG(s) 'example_skip_dag' retrieved from /home/airflow/.local/lib/python3.12/site-packages/airflow/example_dags/example_skip_dag.py
[2026-07-18T21:48:42.044+0000] {logging_mixin.py:190} INFO - [2026-07-18T21:48:42.044+0000] {dag.py:3239} INFO - Sync 1 DAGs
[2026-07-18T21:48:42.082+0000] {logging_mixin.py:190} INFO - [2026-07-18T21:48:42.082+0000] {dag.py:4180} INFO - Setting next_dagrun for example_skip_dag to 2026-07-17 00:00:00+00:00, run_after=2026-07-18 00:00:00+00:00
[2026-07-18T21:48:42.123+0000] {processor.py:208} INFO - Processing /home/airflow/.local/lib/python3.12/site-packages/airflow/example_dags/example_skip_dag.py took 0.149 seconds
[2026-07-18T21:49:13.378+0000] {processor.py:186} INFO - Started process (PID=2985) to work on /home/airflow/.local/lib/python3.12/site-packages/airflow/example_dags/example_skip_dag.py
[2026-07-18T21:49:13.381+0000] {processor.py:914} INFO - Processing file /home/airflow/.local/lib/python3.12/site-packages/airflow/example_dags/example_skip_dag.py for tasks to queue
[2026-07-18T21:49:13.391+0000] {logging_mixin.py:190} INFO - [2026-07-18T21:49:13.391+0000] {dagbag.py:588} INFO - Filling up the DagBag from /home/airflow/.local/lib/python3.12/site-packages/airflow/example_dags/example_skip_dag.py
[2026-07-18T21:49:13.406+0000] {processor.py:925} INFO - DAG(s) 'example_skip_dag' retrieved from /home/airflow/.local/lib/python3.12/site-packages/airflow/example_dags/example_skip_dag.py
[2026-07-18T21:49:13.446+0000] {logging_mixin.py:190} INFO - [2026-07-18T21:49:13.446+0000] {dag.py:3239} INFO - Sync 1 DAGs
[2026-07-18T21:49:13.481+0000] {logging_mixin.py:190} INFO - [2026-07-18T21:49:13.481+0000] {dag.py:4180} INFO - Setting next_dagrun for example_skip_dag to 2026-07-17 00:00:00+00:00, run_after=2026-07-18 00:00:00+00:00
[2026-07-18T21:49:13.510+0000] {processor.py:208} INFO - Processing /home/airflow/.local/lib/python3.12/site-packages/airflow/example_dags/example_skip_dag.py took 0.147 seconds
[2026-07-18T22:00:46.404+0000] {processor.py:186} INFO - Started process (PID=3057) to work on /home/airflow/.local/lib/python3.12/site-packages/airflow/example_dags/example_skip_dag.py
[2026-07-18T22:00:46.407+0000] {processor.py:914} INFO - Processing file /home/airflow/.local/lib/python3.12/site-packages/airflow/example_dags/example_skip_dag.py for tasks to queue
[2026-07-18T22:00:46.412+0000] {logging_mixin.py:190} INFO - [2026-07-18T22:00:46.411+0000] {dagbag.py:588} INFO - Filling up the DagBag from /home/airflow/.local/lib/python3.12/site-packages/airflow/example_dags/example_skip_dag.py
[2026-07-18T22:00:46.434+0000] {processor.py:925} INFO - DAG(s) 'example_skip_dag' retrieved from /home/airflow/.local/lib/python3.12/site-packages/airflow/example_dags/example_skip_dag.py
[2026-07-18T22:00:46.485+0000] {logging_mixin.py:190} INFO - [2026-07-18T22:00:46.485+0000] {dag.py:3239} INFO - Sync 1 DAGs
[2026-07-18T22:00:46.532+0000] {logging_mixin.py:190} INFO - [2026-07-18T22:00:46.532+0000] {dag.py:4180} INFO - Setting next_dagrun for example_skip_dag to 2026-07-17 00:00:00+00:00, run_after=2026-07-18 00:00:00+00:00
[2026-07-18T22:00:46.574+0000] {processor.py:208} INFO - Processing /home/airflow/.local/lib/python3.12/site-packages/airflow/example_dags/example_skip_dag.py took 0.181 seconds
[2026-07-18T22:01:17.087+0000] {processor.py:186} INFO - Started process (PID=3120) to work on /home/airflow/.local/lib/python3.12/site-packages/airflow/example_dags/example_skip_dag.py
[2026-07-18T22:01:17.089+0000] {processor.py:914} INFO - Processing file /home/airflow/.local/lib/python3.12/site-packages/airflow/example_dags/example_skip_dag.py for tasks to queue
[2026-07-18T22:01:17.092+0000] {logging_mixin.py:190} INFO - [2026-07-18T22:01:17.092+0000] {dagbag.py:588} INFO - Filling up the DagBag from /home/airflow/.local/lib/python3.12/site-packages/airflow/example_dags/example_skip_dag.py
[2026-07-18T22:01:17.108+0000] {processor.py:925} INFO - DAG(s) 'example_skip_dag' retrieved from /home/airflow/.local/lib/python3.12/site-packages/airflow/example_dags/example_skip_dag.py
[2026-07-18T22:01:17.146+0000] {logging_mixin.py:190} INFO - [2026-07-18T22:01:17.145+0000] {dag.py:3239} INFO - Sync 1 DAGs
[2026-07-18T22:01:17.194+0000] {logging_mixin.py:190} INFO - [2026-07-18T22:01:17.193+0000] {dag.py:4180} INFO - Setting next_dagrun for example_skip_dag to 2026-07-17 00:00:00+00:00, run_after=2026-07-18 00:00:00+00:00
[2026-07-18T22:01:17.232+0000] {processor.py:208} INFO - Processing /home/airflow/.local/lib/python3.12/site-packages/airflow/example_dags/example_skip_dag.py took 0.157 seconds
[2026-07-18T22:01:48.547+0000] {processor.py:186} INFO - Started process (PID=3184) to work on /home/airflow/.local/lib/python3.12/site-packages/airflow/example_dags/example_skip_dag.py
[2026-07-18T22:01:48.552+0000] {processor.py:914} INFO - Processing file /home/airflow/.local/lib/python3.12/site-packages/airflow/example_dags/example_skip_dag.py for tasks to queue
[2026-07-18T22:01:48.558+0000] {logging_mixin.py:190} INFO - [2026-07-18T22:01:48.557+0000] {dagbag.py:588} INFO - Filling up the DagBag from /home/airflow/.local/lib/python3.12/site-packages/airflow/example_dags/example_skip_dag.py
[2026-07-18T22:01:48.595+0000] {processor.py:925} INFO - DAG(s) 'example_skip_dag' retrieved from /home/airflow/.local/lib/python3.12/site-packages/airflow/example_dags/example_skip_dag.py
[2026-07-18T22:01:48.646+0000] {logging_mixin.py:190} INFO - [2026-07-18T22:01:48.644+0000] {dag.py:3239} INFO - Sync 1 DAGs
[2026-07-18T22:01:48.692+0000] {logging_mixin.py:190} INFO - [2026-07-18T22:01:48.692+0000] {dag.py:4180} INFO - Setting next_dagrun for example_skip_dag to 2026-07-17 00:00:00+00:00, run_after=2026-07-18 00:00:00+00:00
[2026-07-18T22:01:48.717+0000] {processor.py:208} INFO - Processing /home/airflow/.local/lib/python3.12/site-packages/airflow/example_dags/example_skip_dag.py took 0.193 seconds
[2026-07-18T22:02:20.603+0000] {processor.py:186} INFO - Started process (PID=3248) to work on /home/airflow/.local/lib/python3.12/site-packages/airflow/example_dags/example_skip_dag.py
[2026-07-18T22:02:20.606+0000] {processor.py:914} INFO - Processing file /home/airflow/.local/lib/python3.12/site-packages/airflow/example_dags/example_skip_dag.py for tasks to queue
[2026-07-18T22:02:20.611+0000] {logging_mixin.py:190} INFO - [2026-07-18T22:02:20.610+0000] {dagbag.py:588} INFO - Filling up the DagBag from /home/airflow/.local/lib/python3.12/site-packages/airflow/example_dags/example_skip_dag.py
[2026-07-18T22:02:20.635+0000] {processor.py:925} INFO - DAG(s) 'example_skip_dag' retrieved from /home/airflow/.local/lib/python3.12/site-packages/airflow/example_dags/example_skip_dag.py
[2026-07-18T22:02:20.692+0000] {logging_mixin.py:190} INFO - [2026-07-18T22:02:20.691+0000] {dag.py:3239} INFO - Sync 1 DAGs
[2026-07-18T22:02:20.744+0000] {logging_mixin.py:190} INFO - [2026-07-18T22:02:20.744+0000] {dag.py:4180} INFO - Setting next_dagrun for example_skip_dag to 2026-07-17 00:00:00+00:00, run_after=2026-07-18 00:00:00+00:00
[2026-07-18T22:02:20.796+0000] {processor.py:208} INFO - Processing /home/airflow/.local/lib/python3.12/site-packages/airflow/example_dags/example_skip_dag.py took 0.208 seconds
[2026-07-18T22:02:51.632+0000] {processor.py:186} INFO - Started process (PID=3312) to work on /home/airflow/.local/lib/python3.12/site-packages/airflow/example_dags/example_skip_dag.py
[2026-07-18T22:02:51.634+0000] {processor.py:914} INFO - Processing file /home/airflow/.local/lib/python3.12/site-packages/airflow/example_dags/example_skip_dag.py for tasks to queue
[2026-07-18T22:02:51.637+0000] {logging_mixin.py:190} INFO - [2026-07-18T22:02:51.636+0000] {dagbag.py:588} INFO - Filling up the DagBag from /home/airflow/.local/lib/python3.12/site-packages/airflow/example_dags/example_skip_dag.py
[2026-07-18T22:02:51.657+0000] {processor.py:925} INFO - DAG(s) 'example_skip_dag' retrieved from /home/airflow/.local/lib/python3.12/site-packages/airflow/example_dags/example_skip_dag.py
[2026-07-18T22:02:51.712+0000] {logging_mixin.py:190} INFO - [2026-07-18T22:02:51.711+0000] {dag.py:3239} INFO - Sync 1 DAGs
[2026-07-18T22:02:51.753+0000] {logging_mixin.py:190} INFO - [2026-07-18T22:02:51.752+0000] {dag.py:4180} INFO - Setting next_dagrun for example_skip_dag to 2026-07-17 00:00:00+00:00, run_after=2026-07-18 00:00:00+00:00
[2026-07-18T22:02:51.817+0000] {processor.py:208} INFO - Processing /home/airflow/.local/lib/python3.12/site-packages/airflow/example_dags/example_skip_dag.py took 0.193 seconds
[2026-07-18T22:03:22.906+0000] {processor.py:186} INFO - Started process (PID=3376) to work on /home/airflow/.local/lib/python3.12/site-packages/airflow/example_dags/example_skip_dag.py
[2026-07-18T22:03:22.908+0000] {processor.py:914} INFO - Processing file /home/airflow/.local/lib/python3.12/site-packages/airflow/example_dags/example_skip_dag.py for tasks to queue
[2026-07-18T22:03:22.911+0000] {logging_mixin.py:190} INFO - [2026-07-18T22:03:22.911+0000] {dagbag.py:588} INFO - Filling up the DagBag from /home/airflow/.local/lib/python3.12/site-packages/airflow/example_dags/example_skip_dag.py
[2026-07-18T22:03:22.928+0000] {processor.py:925} INFO - DAG(s) 'example_skip_dag' retrieved from /home/airflow/.local/lib/python3.12/site-packages/airflow/example_dags/example_skip_dag.py
[2026-07-18T22:03:22.975+0000] {logging_mixin.py:190} INFO - [2026-07-18T22:03:22.974+0000] {dag.py:3239} INFO - Sync 1 DAGs
[2026-07-18T22:03:23.031+0000] {logging_mixin.py:190} INFO - [2026-07-18T22:03:23.031+0000] {dag.py:4180} INFO - Setting next_dagrun for example_skip_dag to 2026-07-17 00:00:00+00:00, run_after=2026-07-18 00:00:00+00:00
[2026-07-18T22:03:23.131+0000] {processor.py:208} INFO - Processing /home/airflow/.local/lib/python3.12/site-packages/airflow/example_dags/example_skip_dag.py took 0.232 seconds
[2026-07-18T22:03:55.828+0000] {processor.py:186} INFO - Started process (PID=3446) to work on /home/airflow/.local/lib/python3.12/site-packages/airflow/example_dags/example_skip_dag.py
[2026-07-18T22:03:55.831+0000] {processor.py:914} INFO - Processing file /home/airflow/.local/lib/python3.12/site-packages/airflow/example_dags/example_skip_dag.py for tasks to queue
[2026-07-18T22:03:55.835+0000] {logging_mixin.py:190} INFO - [2026-07-18T22:03:55.834+0000] {dagbag.py:588} INFO - Filling up the DagBag from /home/airflow/.local/lib/python3.12/site-packages/airflow/example_dags/example_skip_dag.py
[2026-07-18T22:03:55.859+0000] {processor.py:925} INFO - DAG(s) 'example_skip_dag' retrieved from /home/airflow/.local/lib/python3.12/site-packages/airflow/example_dags/example_skip_dag.py
[2026-07-18T22:03:55.895+0000] {logging_mixin.py:190} INFO - [2026-07-18T22:03:55.894+0000] {dag.py:3239} INFO - Sync 1 DAGs
[2026-07-18T22:03:55.928+0000] {logging_mixin.py:190} INFO - [2026-07-18T22:03:55.928+0000] {dag.py:4180} INFO - Setting next_dagrun for example_skip_dag to 2026-07-17 00:00:00+00:00, run_after=2026-07-18 00:00:00+00:00
[2026-07-18T22:03:56.037+0000] {processor.py:208} INFO - Processing /home/airflow/.local/lib/python3.12/site-packages/airflow/example_dags/example_skip_dag.py took 0.219 seconds
[2026-07-18T22:04:26.927+0000] {processor.py:186} INFO - Started process (PID=3510) to work on /home/airflow/.local/lib/python3.12/site-packages/airflow/example_dags/example_skip_dag.py
[2026-07-18T22:04:26.929+0000] {processor.py:914} INFO - Processing file /home/airflow/.local/lib/python3.12/site-packages/airflow/example_dags/example_skip_dag.py for tasks to queue
[2026-07-18T22:04:26.932+0000] {logging_mixin.py:190} INFO - [2026-07-18T22:04:26.932+0000] {dagbag.py:588} INFO - Filling up the DagBag from /home/airflow/.local/lib/python3.12/site-packages/airflow/example_dags/example_skip_dag.py
[2026-07-18T22:04:26.950+0000] {processor.py:925} INFO - DAG(s) 'example_skip_dag' retrieved from /home/airflow/.local/lib/python3.12/site-packages/airflow/example_dags/example_skip_dag.py
[2026-07-18T22:04:26.996+0000] {logging_mixin.py:190} INFO - [2026-07-18T22:04:26.995+0000] {dag.py:3239} INFO - Sync 1 DAGs
[2026-07-18T22:04:27.055+0000] {logging_mixin.py:190} INFO - [2026-07-18T22:04:27.055+0000] {dag.py:4180} INFO - Setting next_dagrun for example_skip_dag to 2026-07-17 00:00:00+00:00, run_after=2026-07-18 00:00:00+00:00
[2026-07-18T22:04:27.168+0000] {processor.py:208} INFO - Processing /home/airflow/.local/lib/python3.12/site-packages/airflow/example_dags/example_skip_dag.py took 0.249 seconds
[2026-07-18T22:04:57.265+0000] {processor.py:186} INFO - Started process (PID=3573) to work on /home/airflow/.local/lib/python3.12/site-packages/airflow/example_dags/example_skip_dag.py
[2026-07-18T22:04:57.268+0000] {processor.py:914} INFO - Processing file /home/airflow/.local/lib/python3.12/site-packages/airflow/example_dags/example_skip_dag.py for tasks to queue
[2026-07-18T22:04:57.272+0000] {logging_mixin.py:190} INFO - [2026-07-18T22:04:57.271+0000] {dagbag.py:588} INFO - Filling up the DagBag from /home/airflow/.local/lib/python3.12/site-packages/airflow/example_dags/example_skip_dag.py
[2026-07-18T22:04:57.285+0000] {processor.py:925} INFO - DAG(s) 'example_skip_dag' retrieved from /home/airflow/.local/lib/python3.12/site-packages/airflow/example_dags/example_skip_dag.py
[2026-07-18T22:04:57.327+0000] {logging_mixin.py:190} INFO - [2026-07-18T22:04:57.327+0000] {dag.py:3239} INFO - Sync 1 DAGs
[2026-07-18T22:04:57.358+0000] {logging_mixin.py:190} INFO - [2026-07-18T22:04:57.358+0000] {dag.py:4180} INFO - Setting next_dagrun for example_skip_dag to 2026-07-17 00:00:00+00:00, run_after=2026-07-18 00:00:00+00:00
[2026-07-18T22:04:57.438+0000] {processor.py:208} INFO - Processing /home/airflow/.local/lib/python3.12/site-packages/airflow/example_dags/example_skip_dag.py took 0.183 seconds
[2026-07-18T22:05:28.685+0000] {processor.py:186} INFO - Started process (PID=3636) to work on /home/airflow/.local/lib/python3.12/site-packages/airflow/example_dags/example_skip_dag.py
[2026-07-18T22:05:28.690+0000] {processor.py:914} INFO - Processing file /home/airflow/.local/lib/python3.12/site-packages/airflow/example_dags/example_skip_dag.py for tasks to queue
[2026-07-18T22:05:28.697+0000] {logging_mixin.py:190} INFO - [2026-07-18T22:05:28.696+0000] {dagbag.py:588} INFO - Filling up the DagBag from /home/airflow/.local/lib/python3.12/site-packages/airflow/example_dags/example_skip_dag.py
[2026-07-18T22:05:28.725+0000] {processor.py:925} INFO - DAG(s) 'example_skip_dag' retrieved from /home/airflow/.local/lib/python3.12/site-packages/airflow/example_dags/example_skip_dag.py
[2026-07-18T22:05:28.766+0000] {logging_mixin.py:190} INFO - [2026-07-18T22:05:28.765+0000] {dag.py:3239} INFO - Sync 1 DAGs
[2026-07-18T22:05:29.105+0000] {logging_mixin.py:190} INFO - [2026-07-18T22:05:29.105+0000] {dag.py:4180} INFO - Setting next_dagrun for example_skip_dag to 2026-07-17 00:00:00+00:00, run_after=2026-07-18 00:00:00+00:00
[2026-07-18T22:05:29.131+0000] {processor.py:208} INFO - Processing /home/airflow/.local/lib/python3.12/site-packages/airflow/example_dags/example_skip_dag.py took 0.466 seconds
