[2026-07-18T20:50:05.106+0000] {processor.py:186} INFO - Started process (PID=96) to work on /home/airflow/.local/lib/python3.12/site-packages/airflow/example_dags/example_params_trigger_ui.py
[2026-07-18T20:50:05.110+0000] {processor.py:914} INFO - Processing file /home/airflow/.local/lib/python3.12/site-packages/airflow/example_dags/example_params_trigger_ui.py for tasks to queue
[2026-07-18T20:50:05.116+0000] {logging_mixin.py:190} INFO - [2026-07-18T20:50:05.115+0000] {dagbag.py:588} INFO - Filling up the DagBag from /home/airflow/.local/lib/python3.12/site-packages/airflow/example_dags/example_params_trigger_ui.py
[2026-07-18T20:50:05.145+0000] {processor.py:925} INFO - DAG(s) 'example_params_trigger_ui' retrieved from /home/airflow/.local/lib/python3.12/site-packages/airflow/example_dags/example_params_trigger_ui.py
[2026-07-18T20:50:05.541+0000] {logging_mixin.py:190} INFO - [2026-07-18T20:50:05.540+0000] {override.py:1911} INFO - Created Permission View: can edit on DAG:example_params_trigger_ui
[2026-07-18T20:50:05.563+0000] {logging_mixin.py:190} INFO - [2026-07-18T20:50:05.562+0000] {override.py:1911} INFO - Created Permission View: can read on DAG:example_params_trigger_ui
[2026-07-18T20:50:05.574+0000] {logging_mixin.py:190} INFO - [2026-07-18T20:50:05.573+0000] {override.py:1911} INFO - Created Permission View: can delete on DAG:example_params_trigger_ui
[2026-07-18T20:50:05.587+0000] {logging_mixin.py:190} INFO - [2026-07-18T20:50:05.586+0000] {override.py:1911} INFO - Created Permission View: can create on DAG Run:example_params_trigger_ui
[2026-07-18T20:50:05.596+0000] {logging_mixin.py:190} INFO - [2026-07-18T20:50:05.595+0000] {override.py:1911} INFO - Created Permission View: can read on DAG Run:example_params_trigger_ui
[2026-07-18T20:50:05.606+0000] {logging_mixin.py:190} INFO - [2026-07-18T20:50:05.605+0000] {override.py:1911} INFO - Created Permission View: menu access on DAG Run:example_params_trigger_ui
[2026-07-18T20:50:05.616+0000] {logging_mixin.py:190} INFO - [2026-07-18T20:50:05.616+0000] {override.py:1911} INFO - Created Permission View: can delete on DAG Run:example_params_trigger_ui
[2026-07-18T20:50:05.618+0000] {logging_mixin.py:190} INFO - [2026-07-18T20:50:05.618+0000] {dag.py:3239} INFO - Sync 1 DAGs
[2026-07-18T20:50:05.640+0000] {logging_mixin.py:190} INFO - [2026-07-18T20:50:05.640+0000] {dag.py:3262} INFO - Creating ORM DAG for example_params_trigger_ui
[2026-07-18T20:50:05.643+0000] {logging_mixin.py:190} INFO - [2026-07-18T20:50:05.642+0000] {dag.py:4180} INFO - Setting next_dagrun for example_params_trigger_ui to None, run_after=None
[2026-07-18T20:50:05.667+0000] {processor.py:208} INFO - Processing /home/airflow/.local/lib/python3.12/site-packages/airflow/example_dags/example_params_trigger_ui.py took 0.576 seconds
[2026-07-18T20:50:35.980+0000] {processor.py:186} INFO - Started process (PID=159) to work on /home/airflow/.local/lib/python3.12/site-packages/airflow/example_dags/example_params_trigger_ui.py
[2026-07-18T20:50:35.981+0000] {processor.py:914} INFO - Processing file /home/airflow/.local/lib/python3.12/site-packages/airflow/example_dags/example_params_trigger_ui.py for tasks to queue
[2026-07-18T20:50:35.984+0000] {logging_mixin.py:190} INFO - [2026-07-18T20:50:35.983+0000] {dagbag.py:588} INFO - Filling up the DagBag from /home/airflow/.local/lib/python3.12/site-packages/airflow/example_dags/example_params_trigger_ui.py
[2026-07-18T20:50:35.995+0000] {processor.py:925} INFO - DAG(s) 'example_params_trigger_ui' retrieved from /home/airflow/.local/lib/python3.12/site-packages/airflow/example_dags/example_params_trigger_ui.py
[2026-07-18T20:50:36.026+0000] {logging_mixin.py:190} INFO - [2026-07-18T20:50:36.026+0000] {dag.py:3239} INFO - Sync 1 DAGs
[2026-07-18T20:50:36.037+0000] {logging_mixin.py:190} INFO - [2026-07-18T20:50:36.037+0000] {dag.py:4180} INFO - Setting next_dagrun for example_params_trigger_ui to None, run_after=None
[2026-07-18T20:50:36.052+0000] {processor.py:208} INFO - Processing /home/airflow/.local/lib/python3.12/site-packages/airflow/example_dags/example_params_trigger_ui.py took 0.077 seconds
[2026-07-18T20:51:08.221+0000] {processor.py:186} INFO - Started process (PID=222) to work on /home/airflow/.local/lib/python3.12/site-packages/airflow/example_dags/example_params_trigger_ui.py
[2026-07-18T20:51:08.224+0000] {processor.py:914} INFO - Processing file /home/airflow/.local/lib/python3.12/site-packages/airflow/example_dags/example_params_trigger_ui.py for tasks to queue
[2026-07-18T20:51:08.230+0000] {logging_mixin.py:190} INFO - [2026-07-18T20:51:08.229+0000] {dagbag.py:588} INFO - Filling up the DagBag from /home/airflow/.local/lib/python3.12/site-packages/airflow/example_dags/example_params_trigger_ui.py
[2026-07-18T20:51:08.253+0000] {processor.py:925} INFO - DAG(s) 'example_params_trigger_ui' retrieved from /home/airflow/.local/lib/python3.12/site-packages/airflow/example_dags/example_params_trigger_ui.py
[2026-07-18T20:51:08.327+0000] {logging_mixin.py:190} INFO - [2026-07-18T20:51:08.327+0000] {dag.py:3239} INFO - Sync 1 DAGs
[2026-07-18T20:51:08.354+0000] {logging_mixin.py:190} INFO - [2026-07-18T20:51:08.354+0000] {dag.py:4180} INFO - Setting next_dagrun for example_params_trigger_ui to None, run_after=None
[2026-07-18T20:51:08.407+0000] {processor.py:208} INFO - Processing /home/airflow/.local/lib/python3.12/site-packages/airflow/example_dags/example_params_trigger_ui.py took 0.196 seconds
[2026-07-18T20:51:39.687+0000] {processor.py:186} INFO - Started process (PID=286) to work on /home/airflow/.local/lib/python3.12/site-packages/airflow/example_dags/example_params_trigger_ui.py
[2026-07-18T20:51:39.688+0000] {processor.py:914} INFO - Processing file /home/airflow/.local/lib/python3.12/site-packages/airflow/example_dags/example_params_trigger_ui.py for tasks to queue
[2026-07-18T20:51:39.691+0000] {logging_mixin.py:190} INFO - [2026-07-18T20:51:39.690+0000] {dagbag.py:588} INFO - Filling up the DagBag from /home/airflow/.local/lib/python3.12/site-packages/airflow/example_dags/example_params_trigger_ui.py
[2026-07-18T20:51:39.701+0000] {processor.py:925} INFO - DAG(s) 'example_params_trigger_ui' retrieved from /home/airflow/.local/lib/python3.12/site-packages/airflow/example_dags/example_params_trigger_ui.py
[2026-07-18T20:51:39.737+0000] {logging_mixin.py:190} INFO - [2026-07-18T20:51:39.737+0000] {dag.py:3239} INFO - Sync 1 DAGs
[2026-07-18T20:51:39.750+0000] {logging_mixin.py:190} INFO - [2026-07-18T20:51:39.749+0000] {dag.py:4180} INFO - Setting next_dagrun for example_params_trigger_ui to None, run_after=None
[2026-07-18T20:51:39.765+0000] {processor.py:208} INFO - Processing /home/airflow/.local/lib/python3.12/site-packages/airflow/example_dags/example_params_trigger_ui.py took 0.083 seconds
[2026-07-18T20:52:11.481+0000] {processor.py:186} INFO - Started process (PID=349) to work on /home/airflow/.local/lib/python3.12/site-packages/airflow/example_dags/example_params_trigger_ui.py
[2026-07-18T20:52:11.485+0000] {processor.py:914} INFO - Processing file /home/airflow/.local/lib/python3.12/site-packages/airflow/example_dags/example_params_trigger_ui.py for tasks to queue
[2026-07-18T20:52:11.497+0000] {logging_mixin.py:190} INFO - [2026-07-18T20:52:11.496+0000] {dagbag.py:588} INFO - Filling up the DagBag from /home/airflow/.local/lib/python3.12/site-packages/airflow/example_dags/example_params_trigger_ui.py
[2026-07-18T20:52:11.522+0000] {processor.py:925} INFO - DAG(s) 'example_params_trigger_ui' retrieved from /home/airflow/.local/lib/python3.12/site-packages/airflow/example_dags/example_params_trigger_ui.py
[2026-07-18T20:52:11.586+0000] {logging_mixin.py:190} INFO - [2026-07-18T20:52:11.586+0000] {dag.py:3239} INFO - Sync 1 DAGs
[2026-07-18T20:52:11.611+0000] {logging_mixin.py:190} INFO - [2026-07-18T20:52:11.611+0000] {dag.py:4180} INFO - Setting next_dagrun for example_params_trigger_ui to None, run_after=None
[2026-07-18T20:52:11.644+0000] {processor.py:208} INFO - Processing /home/airflow/.local/lib/python3.12/site-packages/airflow/example_dags/example_params_trigger_ui.py took 0.170 seconds
[2026-07-18T20:52:42.765+0000] {processor.py:186} INFO - Started process (PID=412) to work on /home/airflow/.local/lib/python3.12/site-packages/airflow/example_dags/example_params_trigger_ui.py
[2026-07-18T20:52:42.768+0000] {processor.py:914} INFO - Processing file /home/airflow/.local/lib/python3.12/site-packages/airflow/example_dags/example_params_trigger_ui.py for tasks to queue
[2026-07-18T20:52:42.774+0000] {logging_mixin.py:190} INFO - [2026-07-18T20:52:42.773+0000] {dagbag.py:588} INFO - Filling up the DagBag from /home/airflow/.local/lib/python3.12/site-packages/airflow/example_dags/example_params_trigger_ui.py
[2026-07-18T20:52:42.801+0000] {processor.py:925} INFO - DAG(s) 'example_params_trigger_ui' retrieved from /home/airflow/.local/lib/python3.12/site-packages/airflow/example_dags/example_params_trigger_ui.py
[2026-07-18T20:52:42.873+0000] {logging_mixin.py:190} INFO - [2026-07-18T20:52:42.872+0000] {dag.py:3239} INFO - Sync 1 DAGs
[2026-07-18T20:52:42.898+0000] {logging_mixin.py:190} INFO - [2026-07-18T20:52:42.897+0000] {dag.py:4180} INFO - Setting next_dagrun for example_params_trigger_ui to None, run_after=None
[2026-07-18T20:52:42.929+0000] {processor.py:208} INFO - Processing /home/airflow/.local/lib/python3.12/site-packages/airflow/example_dags/example_params_trigger_ui.py took 0.178 seconds
[2026-07-18T20:53:14.288+0000] {processor.py:186} INFO - Started process (PID=475) to work on /home/airflow/.local/lib/python3.12/site-packages/airflow/example_dags/example_params_trigger_ui.py
[2026-07-18T20:53:14.289+0000] {processor.py:914} INFO - Processing file /home/airflow/.local/lib/python3.12/site-packages/airflow/example_dags/example_params_trigger_ui.py for tasks to queue
[2026-07-18T20:53:14.292+0000] {logging_mixin.py:190} INFO - [2026-07-18T20:53:14.292+0000] {dagbag.py:588} INFO - Filling up the DagBag from /home/airflow/.local/lib/python3.12/site-packages/airflow/example_dags/example_params_trigger_ui.py
[2026-07-18T20:53:14.304+0000] {processor.py:925} INFO - DAG(s) 'example_params_trigger_ui' retrieved from /home/airflow/.local/lib/python3.12/site-packages/airflow/example_dags/example_params_trigger_ui.py
[2026-07-18T20:53:14.340+0000] {logging_mixin.py:190} INFO - [2026-07-18T20:53:14.340+0000] {dag.py:3239} INFO - Sync 1 DAGs
[2026-07-18T20:53:14.354+0000] {logging_mixin.py:190} INFO - [2026-07-18T20:53:14.354+0000] {dag.py:4180} INFO - Setting next_dagrun for example_params_trigger_ui to None, run_after=None
[2026-07-18T20:53:14.374+0000] {processor.py:208} INFO - Processing /home/airflow/.local/lib/python3.12/site-packages/airflow/example_dags/example_params_trigger_ui.py took 0.092 seconds
[2026-07-18T20:53:45.043+0000] {processor.py:186} INFO - Started process (PID=538) to work on /home/airflow/.local/lib/python3.12/site-packages/airflow/example_dags/example_params_trigger_ui.py
[2026-07-18T20:53:45.044+0000] {processor.py:914} INFO - Processing file /home/airflow/.local/lib/python3.12/site-packages/airflow/example_dags/example_params_trigger_ui.py for tasks to queue
[2026-07-18T20:53:45.047+0000] {logging_mixin.py:190} INFO - [2026-07-18T20:53:45.046+0000] {dagbag.py:588} INFO - Filling up the DagBag from /home/airflow/.local/lib/python3.12/site-packages/airflow/example_dags/example_params_trigger_ui.py
[2026-07-18T20:53:45.059+0000] {processor.py:925} INFO - DAG(s) 'example_params_trigger_ui' retrieved from /home/airflow/.local/lib/python3.12/site-packages/airflow/example_dags/example_params_trigger_ui.py
[2026-07-18T20:53:45.091+0000] {logging_mixin.py:190} INFO - [2026-07-18T20:53:45.091+0000] {dag.py:3239} INFO - Sync 1 DAGs
[2026-07-18T20:53:45.104+0000] {logging_mixin.py:190} INFO - [2026-07-18T20:53:45.104+0000] {dag.py:4180} INFO - Setting next_dagrun for example_params_trigger_ui to None, run_after=None
[2026-07-18T20:53:45.121+0000] {processor.py:208} INFO - Processing /home/airflow/.local/lib/python3.12/site-packages/airflow/example_dags/example_params_trigger_ui.py took 0.084 seconds
[2026-07-18T20:54:16.066+0000] {processor.py:186} INFO - Started process (PID=601) to work on /home/airflow/.local/lib/python3.12/site-packages/airflow/example_dags/example_params_trigger_ui.py
[2026-07-18T20:54:16.067+0000] {processor.py:914} INFO - Processing file /home/airflow/.local/lib/python3.12/site-packages/airflow/example_dags/example_params_trigger_ui.py for tasks to queue
[2026-07-18T20:54:16.070+0000] {logging_mixin.py:190} INFO - [2026-07-18T20:54:16.070+0000] {dagbag.py:588} INFO - Filling up the DagBag from /home/airflow/.local/lib/python3.12/site-packages/airflow/example_dags/example_params_trigger_ui.py
[2026-07-18T20:54:16.081+0000] {processor.py:925} INFO - DAG(s) 'example_params_trigger_ui' retrieved from /home/airflow/.local/lib/python3.12/site-packages/airflow/example_dags/example_params_trigger_ui.py
[2026-07-18T20:54:16.114+0000] {logging_mixin.py:190} INFO - [2026-07-18T20:54:16.114+0000] {dag.py:3239} INFO - Sync 1 DAGs
[2026-07-18T20:54:16.128+0000] {logging_mixin.py:190} INFO - [2026-07-18T20:54:16.127+0000] {dag.py:4180} INFO - Setting next_dagrun for example_params_trigger_ui to None, run_after=None
[2026-07-18T20:54:16.143+0000] {processor.py:208} INFO - Processing /home/airflow/.local/lib/python3.12/site-packages/airflow/example_dags/example_params_trigger_ui.py took 0.082 seconds
[2026-07-18T20:54:47.500+0000] {processor.py:186} INFO - Started process (PID=664) to work on /home/airflow/.local/lib/python3.12/site-packages/airflow/example_dags/example_params_trigger_ui.py
[2026-07-18T20:54:47.501+0000] {processor.py:914} INFO - Processing file /home/airflow/.local/lib/python3.12/site-packages/airflow/example_dags/example_params_trigger_ui.py for tasks to queue
[2026-07-18T20:54:47.503+0000] {logging_mixin.py:190} INFO - [2026-07-18T20:54:47.503+0000] {dagbag.py:588} INFO - Filling up the DagBag from /home/airflow/.local/lib/python3.12/site-packages/airflow/example_dags/example_params_trigger_ui.py
[2026-07-18T20:54:47.513+0000] {processor.py:925} INFO - DAG(s) 'example_params_trigger_ui' retrieved from /home/airflow/.local/lib/python3.12/site-packages/airflow/example_dags/example_params_trigger_ui.py
[2026-07-18T20:54:47.543+0000] {logging_mixin.py:190} INFO - [2026-07-18T20:54:47.543+0000] {dag.py:3239} INFO - Sync 1 DAGs
[2026-07-18T20:54:47.556+0000] {logging_mixin.py:190} INFO - [2026-07-18T20:54:47.555+0000] {dag.py:4180} INFO - Setting next_dagrun for example_params_trigger_ui to None, run_after=None
[2026-07-18T20:54:47.573+0000] {processor.py:208} INFO - Processing /home/airflow/.local/lib/python3.12/site-packages/airflow/example_dags/example_params_trigger_ui.py took 0.078 seconds
[2026-07-18T20:55:18.156+0000] {processor.py:186} INFO - Started process (PID=727) to work on /home/airflow/.local/lib/python3.12/site-packages/airflow/example_dags/example_params_trigger_ui.py
[2026-07-18T20:55:18.157+0000] {processor.py:914} INFO - Processing file /home/airflow/.local/lib/python3.12/site-packages/airflow/example_dags/example_params_trigger_ui.py for tasks to queue
[2026-07-18T20:55:18.159+0000] {logging_mixin.py:190} INFO - [2026-07-18T20:55:18.159+0000] {dagbag.py:588} INFO - Filling up the DagBag from /home/airflow/.local/lib/python3.12/site-packages/airflow/example_dags/example_params_trigger_ui.py
[2026-07-18T20:55:18.168+0000] {processor.py:925} INFO - DAG(s) 'example_params_trigger_ui' retrieved from /home/airflow/.local/lib/python3.12/site-packages/airflow/example_dags/example_params_trigger_ui.py
[2026-07-18T20:55:18.199+0000] {logging_mixin.py:190} INFO - [2026-07-18T20:55:18.199+0000] {dag.py:3239} INFO - Sync 1 DAGs
[2026-07-18T20:55:18.211+0000] {logging_mixin.py:190} INFO - [2026-07-18T20:55:18.211+0000] {dag.py:4180} INFO - Setting next_dagrun for example_params_trigger_ui to None, run_after=None
[2026-07-18T20:55:18.226+0000] {processor.py:208} INFO - Processing /home/airflow/.local/lib/python3.12/site-packages/airflow/example_dags/example_params_trigger_ui.py took 0.075 seconds
[2026-07-18T20:55:49.853+0000] {processor.py:186} INFO - Started process (PID=790) to work on /home/airflow/.local/lib/python3.12/site-packages/airflow/example_dags/example_params_trigger_ui.py
[2026-07-18T20:55:49.854+0000] {processor.py:914} INFO - Processing file /home/airflow/.local/lib/python3.12/site-packages/airflow/example_dags/example_params_trigger_ui.py for tasks to queue
[2026-07-18T20:55:49.857+0000] {logging_mixin.py:190} INFO - [2026-07-18T20:55:49.856+0000] {dagbag.py:588} INFO - Filling up the DagBag from /home/airflow/.local/lib/python3.12/site-packages/airflow/example_dags/example_params_trigger_ui.py
[2026-07-18T20:55:49.866+0000] {processor.py:925} INFO - DAG(s) 'example_params_trigger_ui' retrieved from /home/airflow/.local/lib/python3.12/site-packages/airflow/example_dags/example_params_trigger_ui.py
[2026-07-18T20:55:49.899+0000] {logging_mixin.py:190} INFO - [2026-07-18T20:55:49.898+0000] {dag.py:3239} INFO - Sync 1 DAGs
[2026-07-18T20:55:49.911+0000] {logging_mixin.py:190} INFO - [2026-07-18T20:55:49.911+0000] {dag.py:4180} INFO - Setting next_dagrun for example_params_trigger_ui to None, run_after=None
[2026-07-18T20:55:49.927+0000] {processor.py:208} INFO - Processing /home/airflow/.local/lib/python3.12/site-packages/airflow/example_dags/example_params_trigger_ui.py took 0.079 seconds
[2026-07-18T20:56:21.419+0000] {processor.py:186} INFO - Started process (PID=853) to work on /home/airflow/.local/lib/python3.12/site-packages/airflow/example_dags/example_params_trigger_ui.py
[2026-07-18T20:56:21.421+0000] {processor.py:914} INFO - Processing file /home/airflow/.local/lib/python3.12/site-packages/airflow/example_dags/example_params_trigger_ui.py for tasks to queue
[2026-07-18T20:56:21.424+0000] {logging_mixin.py:190} INFO - [2026-07-18T20:56:21.424+0000] {dagbag.py:588} INFO - Filling up the DagBag from /home/airflow/.local/lib/python3.12/site-packages/airflow/example_dags/example_params_trigger_ui.py
[2026-07-18T20:56:21.438+0000] {processor.py:925} INFO - DAG(s) 'example_params_trigger_ui' retrieved from /home/airflow/.local/lib/python3.12/site-packages/airflow/example_dags/example_params_trigger_ui.py
[2026-07-18T20:56:21.485+0000] {logging_mixin.py:190} INFO - [2026-07-18T20:56:21.485+0000] {dag.py:3239} INFO - Sync 1 DAGs
[2026-07-18T20:56:21.501+0000] {logging_mixin.py:190} INFO - [2026-07-18T20:56:21.501+0000] {dag.py:4180} INFO - Setting next_dagrun for example_params_trigger_ui to None, run_after=None
[2026-07-18T20:56:21.582+0000] {processor.py:208} INFO - Processing /home/airflow/.local/lib/python3.12/site-packages/airflow/example_dags/example_params_trigger_ui.py took 0.169 seconds
[2026-07-18T20:56:52.702+0000] {processor.py:186} INFO - Started process (PID=916) to work on /home/airflow/.local/lib/python3.12/site-packages/airflow/example_dags/example_params_trigger_ui.py
[2026-07-18T20:56:52.704+0000] {processor.py:914} INFO - Processing file /home/airflow/.local/lib/python3.12/site-packages/airflow/example_dags/example_params_trigger_ui.py for tasks to queue
[2026-07-18T20:56:52.707+0000] {logging_mixin.py:190} INFO - [2026-07-18T20:56:52.707+0000] {dagbag.py:588} INFO - Filling up the DagBag from /home/airflow/.local/lib/python3.12/site-packages/airflow/example_dags/example_params_trigger_ui.py
[2026-07-18T20:56:52.717+0000] {processor.py:925} INFO - DAG(s) 'example_params_trigger_ui' retrieved from /home/airflow/.local/lib/python3.12/site-packages/airflow/example_dags/example_params_trigger_ui.py
[2026-07-18T20:56:52.753+0000] {logging_mixin.py:190} INFO - [2026-07-18T20:56:52.752+0000] {dag.py:3239} INFO - Sync 1 DAGs
[2026-07-18T20:56:52.766+0000] {logging_mixin.py:190} INFO - [2026-07-18T20:56:52.766+0000] {dag.py:4180} INFO - Setting next_dagrun for example_params_trigger_ui to None, run_after=None
[2026-07-18T20:56:52.783+0000] {processor.py:208} INFO - Processing /home/airflow/.local/lib/python3.12/site-packages/airflow/example_dags/example_params_trigger_ui.py took 0.086 seconds
[2026-07-18T20:57:24.165+0000] {processor.py:186} INFO - Started process (PID=979) to work on /home/airflow/.local/lib/python3.12/site-packages/airflow/example_dags/example_params_trigger_ui.py
[2026-07-18T20:57:24.166+0000] {processor.py:914} INFO - Processing file /home/airflow/.local/lib/python3.12/site-packages/airflow/example_dags/example_params_trigger_ui.py for tasks to queue
[2026-07-18T20:57:24.169+0000] {logging_mixin.py:190} INFO - [2026-07-18T20:57:24.169+0000] {dagbag.py:588} INFO - Filling up the DagBag from /home/airflow/.local/lib/python3.12/site-packages/airflow/example_dags/example_params_trigger_ui.py
[2026-07-18T20:57:24.180+0000] {processor.py:925} INFO - DAG(s) 'example_params_trigger_ui' retrieved from /home/airflow/.local/lib/python3.12/site-packages/airflow/example_dags/example_params_trigger_ui.py
[2026-07-18T20:57:24.212+0000] {logging_mixin.py:190} INFO - [2026-07-18T20:57:24.212+0000] {dag.py:3239} INFO - Sync 1 DAGs
[2026-07-18T20:57:24.224+0000] {logging_mixin.py:190} INFO - [2026-07-18T20:57:24.224+0000] {dag.py:4180} INFO - Setting next_dagrun for example_params_trigger_ui to None, run_after=None
[2026-07-18T20:57:24.240+0000] {processor.py:208} INFO - Processing /home/airflow/.local/lib/python3.12/site-packages/airflow/example_dags/example_params_trigger_ui.py took 0.080 seconds
[2026-07-18T20:57:55.533+0000] {processor.py:186} INFO - Started process (PID=1042) to work on /home/airflow/.local/lib/python3.12/site-packages/airflow/example_dags/example_params_trigger_ui.py
[2026-07-18T20:57:55.535+0000] {processor.py:914} INFO - Processing file /home/airflow/.local/lib/python3.12/site-packages/airflow/example_dags/example_params_trigger_ui.py for tasks to queue
[2026-07-18T20:57:55.537+0000] {logging_mixin.py:190} INFO - [2026-07-18T20:57:55.537+0000] {dagbag.py:588} INFO - Filling up the DagBag from /home/airflow/.local/lib/python3.12/site-packages/airflow/example_dags/example_params_trigger_ui.py
[2026-07-18T20:57:55.547+0000] {processor.py:925} INFO - DAG(s) 'example_params_trigger_ui' retrieved from /home/airflow/.local/lib/python3.12/site-packages/airflow/example_dags/example_params_trigger_ui.py
[2026-07-18T20:57:55.578+0000] {logging_mixin.py:190} INFO - [2026-07-18T20:57:55.578+0000] {dag.py:3239} INFO - Sync 1 DAGs
[2026-07-18T20:57:55.592+0000] {logging_mixin.py:190} INFO - [2026-07-18T20:57:55.592+0000] {dag.py:4180} INFO - Setting next_dagrun for example_params_trigger_ui to None, run_after=None
[2026-07-18T20:57:55.609+0000] {processor.py:208} INFO - Processing /home/airflow/.local/lib/python3.12/site-packages/airflow/example_dags/example_params_trigger_ui.py took 0.081 seconds
[2026-07-18T20:58:26.922+0000] {processor.py:186} INFO - Started process (PID=1105) to work on /home/airflow/.local/lib/python3.12/site-packages/airflow/example_dags/example_params_trigger_ui.py
[2026-07-18T20:58:26.923+0000] {processor.py:914} INFO - Processing file /home/airflow/.local/lib/python3.12/site-packages/airflow/example_dags/example_params_trigger_ui.py for tasks to queue
[2026-07-18T20:58:26.925+0000] {logging_mixin.py:190} INFO - [2026-07-18T20:58:26.925+0000] {dagbag.py:588} INFO - Filling up the DagBag from /home/airflow/.local/lib/python3.12/site-packages/airflow/example_dags/example_params_trigger_ui.py
[2026-07-18T20:58:26.935+0000] {processor.py:925} INFO - DAG(s) 'example_params_trigger_ui' retrieved from /home/airflow/.local/lib/python3.12/site-packages/airflow/example_dags/example_params_trigger_ui.py
[2026-07-18T20:58:26.966+0000] {logging_mixin.py:190} INFO - [2026-07-18T20:58:26.966+0000] {dag.py:3239} INFO - Sync 1 DAGs
[2026-07-18T20:58:26.977+0000] {logging_mixin.py:190} INFO - [2026-07-18T20:58:26.977+0000] {dag.py:4180} INFO - Setting next_dagrun for example_params_trigger_ui to None, run_after=None
[2026-07-18T20:58:26.992+0000] {processor.py:208} INFO - Processing /home/airflow/.local/lib/python3.12/site-packages/airflow/example_dags/example_params_trigger_ui.py took 0.075 seconds
[2026-07-18T20:58:57.535+0000] {processor.py:186} INFO - Started process (PID=1168) to work on /home/airflow/.local/lib/python3.12/site-packages/airflow/example_dags/example_params_trigger_ui.py
[2026-07-18T20:58:57.536+0000] {processor.py:914} INFO - Processing file /home/airflow/.local/lib/python3.12/site-packages/airflow/example_dags/example_params_trigger_ui.py for tasks to queue
[2026-07-18T20:58:57.539+0000] {logging_mixin.py:190} INFO - [2026-07-18T20:58:57.539+0000] {dagbag.py:588} INFO - Filling up the DagBag from /home/airflow/.local/lib/python3.12/site-packages/airflow/example_dags/example_params_trigger_ui.py
[2026-07-18T20:58:57.552+0000] {processor.py:925} INFO - DAG(s) 'example_params_trigger_ui' retrieved from /home/airflow/.local/lib/python3.12/site-packages/airflow/example_dags/example_params_trigger_ui.py
[2026-07-18T20:58:57.592+0000] {logging_mixin.py:190} INFO - [2026-07-18T20:58:57.592+0000] {dag.py:3239} INFO - Sync 1 DAGs
[2026-07-18T20:58:57.609+0000] {logging_mixin.py:190} INFO - [2026-07-18T20:58:57.609+0000] {dag.py:4180} INFO - Setting next_dagrun for example_params_trigger_ui to None, run_after=None
[2026-07-18T20:58:57.627+0000] {processor.py:208} INFO - Processing /home/airflow/.local/lib/python3.12/site-packages/airflow/example_dags/example_params_trigger_ui.py took 0.099 seconds
[2026-07-18T20:59:28.881+0000] {processor.py:186} INFO - Started process (PID=1231) to work on /home/airflow/.local/lib/python3.12/site-packages/airflow/example_dags/example_params_trigger_ui.py
[2026-07-18T20:59:28.882+0000] {processor.py:914} INFO - Processing file /home/airflow/.local/lib/python3.12/site-packages/airflow/example_dags/example_params_trigger_ui.py for tasks to queue
[2026-07-18T20:59:28.884+0000] {logging_mixin.py:190} INFO - [2026-07-18T20:59:28.884+0000] {dagbag.py:588} INFO - Filling up the DagBag from /home/airflow/.local/lib/python3.12/site-packages/airflow/example_dags/example_params_trigger_ui.py
[2026-07-18T20:59:28.893+0000] {processor.py:925} INFO - DAG(s) 'example_params_trigger_ui' retrieved from /home/airflow/.local/lib/python3.12/site-packages/airflow/example_dags/example_params_trigger_ui.py
[2026-07-18T20:59:28.925+0000] {logging_mixin.py:190} INFO - [2026-07-18T20:59:28.925+0000] {dag.py:3239} INFO - Sync 1 DAGs
[2026-07-18T20:59:28.937+0000] {logging_mixin.py:190} INFO - [2026-07-18T20:59:28.937+0000] {dag.py:4180} INFO - Setting next_dagrun for example_params_trigger_ui to None, run_after=None
[2026-07-18T20:59:28.954+0000] {processor.py:208} INFO - Processing /home/airflow/.local/lib/python3.12/site-packages/airflow/example_dags/example_params_trigger_ui.py took 0.078 seconds
[2026-07-18T20:59:59.767+0000] {processor.py:186} INFO - Started process (PID=1294) to work on /home/airflow/.local/lib/python3.12/site-packages/airflow/example_dags/example_params_trigger_ui.py
[2026-07-18T20:59:59.768+0000] {processor.py:914} INFO - Processing file /home/airflow/.local/lib/python3.12/site-packages/airflow/example_dags/example_params_trigger_ui.py for tasks to queue
[2026-07-18T20:59:59.771+0000] {logging_mixin.py:190} INFO - [2026-07-18T20:59:59.771+0000] {dagbag.py:588} INFO - Filling up the DagBag from /home/airflow/.local/lib/python3.12/site-packages/airflow/example_dags/example_params_trigger_ui.py
[2026-07-18T20:59:59.786+0000] {processor.py:925} INFO - DAG(s) 'example_params_trigger_ui' retrieved from /home/airflow/.local/lib/python3.12/site-packages/airflow/example_dags/example_params_trigger_ui.py
[2026-07-18T20:59:59.829+0000] {logging_mixin.py:190} INFO - [2026-07-18T20:59:59.829+0000] {dag.py:3239} INFO - Sync 1 DAGs
[2026-07-18T20:59:59.850+0000] {logging_mixin.py:190} INFO - [2026-07-18T20:59:59.850+0000] {dag.py:4180} INFO - Setting next_dagrun for example_params_trigger_ui to None, run_after=None
[2026-07-18T20:59:59.886+0000] {processor.py:208} INFO - Processing /home/airflow/.local/lib/python3.12/site-packages/airflow/example_dags/example_params_trigger_ui.py took 0.123 seconds
[2026-07-18T21:00:30.981+0000] {processor.py:186} INFO - Started process (PID=1357) to work on /home/airflow/.local/lib/python3.12/site-packages/airflow/example_dags/example_params_trigger_ui.py
[2026-07-18T21:00:30.982+0000] {processor.py:914} INFO - Processing file /home/airflow/.local/lib/python3.12/site-packages/airflow/example_dags/example_params_trigger_ui.py for tasks to queue
[2026-07-18T21:00:30.985+0000] {logging_mixin.py:190} INFO - [2026-07-18T21:00:30.984+0000] {dagbag.py:588} INFO - Filling up the DagBag from /home/airflow/.local/lib/python3.12/site-packages/airflow/example_dags/example_params_trigger_ui.py
[2026-07-18T21:00:30.994+0000] {processor.py:925} INFO - DAG(s) 'example_params_trigger_ui' retrieved from /home/airflow/.local/lib/python3.12/site-packages/airflow/example_dags/example_params_trigger_ui.py
[2026-07-18T21:00:31.032+0000] {logging_mixin.py:190} INFO - [2026-07-18T21:00:31.031+0000] {dag.py:3239} INFO - Sync 1 DAGs
[2026-07-18T21:00:31.044+0000] {logging_mixin.py:190} INFO - [2026-07-18T21:00:31.044+0000] {dag.py:4180} INFO - Setting next_dagrun for example_params_trigger_ui to None, run_after=None
[2026-07-18T21:00:31.062+0000] {processor.py:208} INFO - Processing /home/airflow/.local/lib/python3.12/site-packages/airflow/example_dags/example_params_trigger_ui.py took 0.086 seconds
[2026-07-18T21:01:03.035+0000] {processor.py:186} INFO - Started process (PID=1420) to work on /home/airflow/.local/lib/python3.12/site-packages/airflow/example_dags/example_params_trigger_ui.py
[2026-07-18T21:01:03.038+0000] {processor.py:914} INFO - Processing file /home/airflow/.local/lib/python3.12/site-packages/airflow/example_dags/example_params_trigger_ui.py for tasks to queue
[2026-07-18T21:01:03.042+0000] {logging_mixin.py:190} INFO - [2026-07-18T21:01:03.041+0000] {dagbag.py:588} INFO - Filling up the DagBag from /home/airflow/.local/lib/python3.12/site-packages/airflow/example_dags/example_params_trigger_ui.py
[2026-07-18T21:01:03.059+0000] {processor.py:925} INFO - DAG(s) 'example_params_trigger_ui' retrieved from /home/airflow/.local/lib/python3.12/site-packages/airflow/example_dags/example_params_trigger_ui.py
[2026-07-18T21:01:03.128+0000] {logging_mixin.py:190} INFO - [2026-07-18T21:01:03.128+0000] {dag.py:3239} INFO - Sync 1 DAGs
[2026-07-18T21:01:03.163+0000] {logging_mixin.py:190} INFO - [2026-07-18T21:01:03.163+0000] {dag.py:4180} INFO - Setting next_dagrun for example_params_trigger_ui to None, run_after=None
[2026-07-18T21:01:03.203+0000] {processor.py:208} INFO - Processing /home/airflow/.local/lib/python3.12/site-packages/airflow/example_dags/example_params_trigger_ui.py took 0.176 seconds
[2026-07-18T21:01:34.516+0000] {processor.py:186} INFO - Started process (PID=1489) to work on /home/airflow/.local/lib/python3.12/site-packages/airflow/example_dags/example_params_trigger_ui.py
[2026-07-18T21:01:34.520+0000] {processor.py:914} INFO - Processing file /home/airflow/.local/lib/python3.12/site-packages/airflow/example_dags/example_params_trigger_ui.py for tasks to queue
[2026-07-18T21:01:34.531+0000] {logging_mixin.py:190} INFO - [2026-07-18T21:01:34.529+0000] {dagbag.py:588} INFO - Filling up the DagBag from /home/airflow/.local/lib/python3.12/site-packages/airflow/example_dags/example_params_trigger_ui.py
[2026-07-18T21:01:34.574+0000] {processor.py:925} INFO - DAG(s) 'example_params_trigger_ui' retrieved from /home/airflow/.local/lib/python3.12/site-packages/airflow/example_dags/example_params_trigger_ui.py
[2026-07-18T21:01:34.733+0000] {logging_mixin.py:190} INFO - [2026-07-18T21:01:34.733+0000] {dag.py:3239} INFO - Sync 1 DAGs
[2026-07-18T21:01:34.762+0000] {logging_mixin.py:190} INFO - [2026-07-18T21:01:34.762+0000] {dag.py:4180} INFO - Setting next_dagrun for example_params_trigger_ui to None, run_after=None
[2026-07-18T21:01:34.796+0000] {processor.py:208} INFO - Processing /home/airflow/.local/lib/python3.12/site-packages/airflow/example_dags/example_params_trigger_ui.py took 0.293 seconds
[2026-07-18T21:02:06.146+0000] {processor.py:186} INFO - Started process (PID=1552) to work on /home/airflow/.local/lib/python3.12/site-packages/airflow/example_dags/example_params_trigger_ui.py
[2026-07-18T21:02:06.149+0000] {processor.py:914} INFO - Processing file /home/airflow/.local/lib/python3.12/site-packages/airflow/example_dags/example_params_trigger_ui.py for tasks to queue
[2026-07-18T21:02:06.152+0000] {logging_mixin.py:190} INFO - [2026-07-18T21:02:06.152+0000] {dagbag.py:588} INFO - Filling up the DagBag from /home/airflow/.local/lib/python3.12/site-packages/airflow/example_dags/example_params_trigger_ui.py
[2026-07-18T21:02:06.170+0000] {processor.py:925} INFO - DAG(s) 'example_params_trigger_ui' retrieved from /home/airflow/.local/lib/python3.12/site-packages/airflow/example_dags/example_params_trigger_ui.py
[2026-07-18T21:02:06.232+0000] {logging_mixin.py:190} INFO - [2026-07-18T21:02:06.231+0000] {dag.py:3239} INFO - Sync 1 DAGs
[2026-07-18T21:02:06.256+0000] {logging_mixin.py:190} INFO - [2026-07-18T21:02:06.256+0000] {dag.py:4180} INFO - Setting next_dagrun for example_params_trigger_ui to None, run_after=None
[2026-07-18T21:02:06.283+0000] {processor.py:208} INFO - Processing /home/airflow/.local/lib/python3.12/site-packages/airflow/example_dags/example_params_trigger_ui.py took 0.144 seconds
[2026-07-18T21:02:37.399+0000] {processor.py:186} INFO - Started process (PID=1615) to work on /home/airflow/.local/lib/python3.12/site-packages/airflow/example_dags/example_params_trigger_ui.py
[2026-07-18T21:02:37.402+0000] {processor.py:914} INFO - Processing file /home/airflow/.local/lib/python3.12/site-packages/airflow/example_dags/example_params_trigger_ui.py for tasks to queue
[2026-07-18T21:02:37.406+0000] {logging_mixin.py:190} INFO - [2026-07-18T21:02:37.406+0000] {dagbag.py:588} INFO - Filling up the DagBag from /home/airflow/.local/lib/python3.12/site-packages/airflow/example_dags/example_params_trigger_ui.py
[2026-07-18T21:02:37.423+0000] {processor.py:925} INFO - DAG(s) 'example_params_trigger_ui' retrieved from /home/airflow/.local/lib/python3.12/site-packages/airflow/example_dags/example_params_trigger_ui.py
[2026-07-18T21:02:37.484+0000] {logging_mixin.py:190} INFO - [2026-07-18T21:02:37.484+0000] {dag.py:3239} INFO - Sync 1 DAGs
[2026-07-18T21:02:37.506+0000] {logging_mixin.py:190} INFO - [2026-07-18T21:02:37.506+0000] {dag.py:4180} INFO - Setting next_dagrun for example_params_trigger_ui to None, run_after=None
[2026-07-18T21:02:37.537+0000] {processor.py:208} INFO - Processing /home/airflow/.local/lib/python3.12/site-packages/airflow/example_dags/example_params_trigger_ui.py took 0.146 seconds
[2026-07-18T21:03:08.928+0000] {processor.py:186} INFO - Started process (PID=1678) to work on /home/airflow/.local/lib/python3.12/site-packages/airflow/example_dags/example_params_trigger_ui.py
[2026-07-18T21:03:08.930+0000] {processor.py:914} INFO - Processing file /home/airflow/.local/lib/python3.12/site-packages/airflow/example_dags/example_params_trigger_ui.py for tasks to queue
[2026-07-18T21:03:08.935+0000] {logging_mixin.py:190} INFO - [2026-07-18T21:03:08.935+0000] {dagbag.py:588} INFO - Filling up the DagBag from /home/airflow/.local/lib/python3.12/site-packages/airflow/example_dags/example_params_trigger_ui.py
[2026-07-18T21:03:08.952+0000] {processor.py:925} INFO - DAG(s) 'example_params_trigger_ui' retrieved from /home/airflow/.local/lib/python3.12/site-packages/airflow/example_dags/example_params_trigger_ui.py
[2026-07-18T21:03:09.006+0000] {logging_mixin.py:190} INFO - [2026-07-18T21:03:09.006+0000] {dag.py:3239} INFO - Sync 1 DAGs
[2026-07-18T21:03:09.027+0000] {logging_mixin.py:190} INFO - [2026-07-18T21:03:09.027+0000] {dag.py:4180} INFO - Setting next_dagrun for example_params_trigger_ui to None, run_after=None
[2026-07-18T21:03:09.074+0000] {processor.py:208} INFO - Processing /home/airflow/.local/lib/python3.12/site-packages/airflow/example_dags/example_params_trigger_ui.py took 0.155 seconds
[2026-07-18T21:03:40.579+0000] {processor.py:186} INFO - Started process (PID=1741) to work on /home/airflow/.local/lib/python3.12/site-packages/airflow/example_dags/example_params_trigger_ui.py
[2026-07-18T21:03:40.582+0000] {processor.py:914} INFO - Processing file /home/airflow/.local/lib/python3.12/site-packages/airflow/example_dags/example_params_trigger_ui.py for tasks to queue
[2026-07-18T21:03:40.592+0000] {logging_mixin.py:190} INFO - [2026-07-18T21:03:40.591+0000] {dagbag.py:588} INFO - Filling up the DagBag from /home/airflow/.local/lib/python3.12/site-packages/airflow/example_dags/example_params_trigger_ui.py
[2026-07-18T21:03:40.617+0000] {processor.py:925} INFO - DAG(s) 'example_params_trigger_ui' retrieved from /home/airflow/.local/lib/python3.12/site-packages/airflow/example_dags/example_params_trigger_ui.py
[2026-07-18T21:03:40.688+0000] {logging_mixin.py:190} INFO - [2026-07-18T21:03:40.687+0000] {dag.py:3239} INFO - Sync 1 DAGs
[2026-07-18T21:03:40.723+0000] {logging_mixin.py:190} INFO - [2026-07-18T21:03:40.722+0000] {dag.py:4180} INFO - Setting next_dagrun for example_params_trigger_ui to None, run_after=None
[2026-07-18T21:03:40.789+0000] {processor.py:208} INFO - Processing /home/airflow/.local/lib/python3.12/site-packages/airflow/example_dags/example_params_trigger_ui.py took 0.222 seconds
[2026-07-18T21:04:12.195+0000] {processor.py:186} INFO - Started process (PID=1805) to work on /home/airflow/.local/lib/python3.12/site-packages/airflow/example_dags/example_params_trigger_ui.py
[2026-07-18T21:04:12.197+0000] {processor.py:914} INFO - Processing file /home/airflow/.local/lib/python3.12/site-packages/airflow/example_dags/example_params_trigger_ui.py for tasks to queue
[2026-07-18T21:04:12.202+0000] {logging_mixin.py:190} INFO - [2026-07-18T21:04:12.202+0000] {dagbag.py:588} INFO - Filling up the DagBag from /home/airflow/.local/lib/python3.12/site-packages/airflow/example_dags/example_params_trigger_ui.py
[2026-07-18T21:04:12.223+0000] {processor.py:925} INFO - DAG(s) 'example_params_trigger_ui' retrieved from /home/airflow/.local/lib/python3.12/site-packages/airflow/example_dags/example_params_trigger_ui.py
[2026-07-18T21:04:12.315+0000] {logging_mixin.py:190} INFO - [2026-07-18T21:04:12.314+0000] {dag.py:3239} INFO - Sync 1 DAGs
[2026-07-18T21:04:12.341+0000] {logging_mixin.py:190} INFO - [2026-07-18T21:04:12.341+0000] {dag.py:4180} INFO - Setting next_dagrun for example_params_trigger_ui to None, run_after=None
[2026-07-18T21:04:12.372+0000] {processor.py:208} INFO - Processing /home/airflow/.local/lib/python3.12/site-packages/airflow/example_dags/example_params_trigger_ui.py took 0.186 seconds
[2026-07-18T21:04:43.354+0000] {processor.py:186} INFO - Started process (PID=1868) to work on /home/airflow/.local/lib/python3.12/site-packages/airflow/example_dags/example_params_trigger_ui.py
[2026-07-18T21:04:43.357+0000] {processor.py:914} INFO - Processing file /home/airflow/.local/lib/python3.12/site-packages/airflow/example_dags/example_params_trigger_ui.py for tasks to queue
[2026-07-18T21:04:43.362+0000] {logging_mixin.py:190} INFO - [2026-07-18T21:04:43.361+0000] {dagbag.py:588} INFO - Filling up the DagBag from /home/airflow/.local/lib/python3.12/site-packages/airflow/example_dags/example_params_trigger_ui.py
[2026-07-18T21:04:43.388+0000] {processor.py:925} INFO - DAG(s) 'example_params_trigger_ui' retrieved from /home/airflow/.local/lib/python3.12/site-packages/airflow/example_dags/example_params_trigger_ui.py
[2026-07-18T21:04:43.441+0000] {logging_mixin.py:190} INFO - [2026-07-18T21:04:43.441+0000] {dag.py:3239} INFO - Sync 1 DAGs
[2026-07-18T21:04:43.461+0000] {logging_mixin.py:190} INFO - [2026-07-18T21:04:43.460+0000] {dag.py:4180} INFO - Setting next_dagrun for example_params_trigger_ui to None, run_after=None
[2026-07-18T21:04:43.571+0000] {processor.py:208} INFO - Processing /home/airflow/.local/lib/python3.12/site-packages/airflow/example_dags/example_params_trigger_ui.py took 0.228 seconds
[2026-07-18T21:05:14.185+0000] {processor.py:186} INFO - Started process (PID=1931) to work on /home/airflow/.local/lib/python3.12/site-packages/airflow/example_dags/example_params_trigger_ui.py
[2026-07-18T21:05:14.186+0000] {processor.py:914} INFO - Processing file /home/airflow/.local/lib/python3.12/site-packages/airflow/example_dags/example_params_trigger_ui.py for tasks to queue
[2026-07-18T21:05:14.188+0000] {logging_mixin.py:190} INFO - [2026-07-18T21:05:14.188+0000] {dagbag.py:588} INFO - Filling up the DagBag from /home/airflow/.local/lib/python3.12/site-packages/airflow/example_dags/example_params_trigger_ui.py
[2026-07-18T21:05:14.198+0000] {processor.py:925} INFO - DAG(s) 'example_params_trigger_ui' retrieved from /home/airflow/.local/lib/python3.12/site-packages/airflow/example_dags/example_params_trigger_ui.py
[2026-07-18T21:05:14.228+0000] {logging_mixin.py:190} INFO - [2026-07-18T21:05:14.228+0000] {dag.py:3239} INFO - Sync 1 DAGs
[2026-07-18T21:05:14.239+0000] {logging_mixin.py:190} INFO - [2026-07-18T21:05:14.239+0000] {dag.py:4180} INFO - Setting next_dagrun for example_params_trigger_ui to None, run_after=None
[2026-07-18T21:05:14.255+0000] {processor.py:208} INFO - Processing /home/airflow/.local/lib/python3.12/site-packages/airflow/example_dags/example_params_trigger_ui.py took 0.075 seconds
[2026-07-18T21:05:46.548+0000] {processor.py:186} INFO - Started process (PID=1994) to work on /home/airflow/.local/lib/python3.12/site-packages/airflow/example_dags/example_params_trigger_ui.py
[2026-07-18T21:05:46.551+0000] {processor.py:914} INFO - Processing file /home/airflow/.local/lib/python3.12/site-packages/airflow/example_dags/example_params_trigger_ui.py for tasks to queue
[2026-07-18T21:05:46.556+0000] {logging_mixin.py:190} INFO - [2026-07-18T21:05:46.555+0000] {dagbag.py:588} INFO - Filling up the DagBag from /home/airflow/.local/lib/python3.12/site-packages/airflow/example_dags/example_params_trigger_ui.py
[2026-07-18T21:05:46.582+0000] {processor.py:925} INFO - DAG(s) 'example_params_trigger_ui' retrieved from /home/airflow/.local/lib/python3.12/site-packages/airflow/example_dags/example_params_trigger_ui.py
[2026-07-18T21:05:46.682+0000] {logging_mixin.py:190} INFO - [2026-07-18T21:05:46.681+0000] {dag.py:3239} INFO - Sync 1 DAGs
[2026-07-18T21:05:46.701+0000] {logging_mixin.py:190} INFO - [2026-07-18T21:05:46.700+0000] {dag.py:4180} INFO - Setting next_dagrun for example_params_trigger_ui to None, run_after=None
[2026-07-18T21:05:46.779+0000] {processor.py:208} INFO - Processing /home/airflow/.local/lib/python3.12/site-packages/airflow/example_dags/example_params_trigger_ui.py took 0.247 seconds
[2026-07-18T21:06:18.706+0000] {processor.py:186} INFO - Started process (PID=2060) to work on /home/airflow/.local/lib/python3.12/site-packages/airflow/example_dags/example_params_trigger_ui.py
[2026-07-18T21:06:18.709+0000] {processor.py:914} INFO - Processing file /home/airflow/.local/lib/python3.12/site-packages/airflow/example_dags/example_params_trigger_ui.py for tasks to queue
[2026-07-18T21:06:18.713+0000] {logging_mixin.py:190} INFO - [2026-07-18T21:06:18.713+0000] {dagbag.py:588} INFO - Filling up the DagBag from /home/airflow/.local/lib/python3.12/site-packages/airflow/example_dags/example_params_trigger_ui.py
[2026-07-18T21:06:18.734+0000] {processor.py:925} INFO - DAG(s) 'example_params_trigger_ui' retrieved from /home/airflow/.local/lib/python3.12/site-packages/airflow/example_dags/example_params_trigger_ui.py
[2026-07-18T21:06:18.784+0000] {logging_mixin.py:190} INFO - [2026-07-18T21:06:18.784+0000] {dag.py:3239} INFO - Sync 1 DAGs
[2026-07-18T21:06:18.805+0000] {logging_mixin.py:190} INFO - [2026-07-18T21:06:18.805+0000] {dag.py:4180} INFO - Setting next_dagrun for example_params_trigger_ui to None, run_after=None
[2026-07-18T21:06:18.828+0000] {processor.py:208} INFO - Processing /home/airflow/.local/lib/python3.12/site-packages/airflow/example_dags/example_params_trigger_ui.py took 0.132 seconds
[2026-07-18T21:06:49.959+0000] {processor.py:186} INFO - Started process (PID=2123) to work on /home/airflow/.local/lib/python3.12/site-packages/airflow/example_dags/example_params_trigger_ui.py
[2026-07-18T21:06:49.961+0000] {processor.py:914} INFO - Processing file /home/airflow/.local/lib/python3.12/site-packages/airflow/example_dags/example_params_trigger_ui.py for tasks to queue
[2026-07-18T21:06:49.966+0000] {logging_mixin.py:190} INFO - [2026-07-18T21:06:49.966+0000] {dagbag.py:588} INFO - Filling up the DagBag from /home/airflow/.local/lib/python3.12/site-packages/airflow/example_dags/example_params_trigger_ui.py
[2026-07-18T21:06:49.983+0000] {processor.py:925} INFO - DAG(s) 'example_params_trigger_ui' retrieved from /home/airflow/.local/lib/python3.12/site-packages/airflow/example_dags/example_params_trigger_ui.py
[2026-07-18T21:06:50.040+0000] {logging_mixin.py:190} INFO - [2026-07-18T21:06:50.039+0000] {dag.py:3239} INFO - Sync 1 DAGs
[2026-07-18T21:06:50.067+0000] {logging_mixin.py:190} INFO - [2026-07-18T21:06:50.067+0000] {dag.py:4180} INFO - Setting next_dagrun for example_params_trigger_ui to None, run_after=None
[2026-07-18T21:06:50.152+0000] {processor.py:208} INFO - Processing /home/airflow/.local/lib/python3.12/site-packages/airflow/example_dags/example_params_trigger_ui.py took 0.201 seconds
[2026-07-18T21:07:20.781+0000] {processor.py:186} INFO - Started process (PID=2186) to work on /home/airflow/.local/lib/python3.12/site-packages/airflow/example_dags/example_params_trigger_ui.py
[2026-07-18T21:07:20.785+0000] {processor.py:914} INFO - Processing file /home/airflow/.local/lib/python3.12/site-packages/airflow/example_dags/example_params_trigger_ui.py for tasks to queue
[2026-07-18T21:07:20.792+0000] {logging_mixin.py:190} INFO - [2026-07-18T21:07:20.791+0000] {dagbag.py:588} INFO - Filling up the DagBag from /home/airflow/.local/lib/python3.12/site-packages/airflow/example_dags/example_params_trigger_ui.py
[2026-07-18T21:07:20.817+0000] {processor.py:925} INFO - DAG(s) 'example_params_trigger_ui' retrieved from /home/airflow/.local/lib/python3.12/site-packages/airflow/example_dags/example_params_trigger_ui.py
[2026-07-18T21:07:20.900+0000] {logging_mixin.py:190} INFO - [2026-07-18T21:07:20.899+0000] {dag.py:3239} INFO - Sync 1 DAGs
[2026-07-18T21:07:20.930+0000] {logging_mixin.py:190} INFO - [2026-07-18T21:07:20.929+0000] {dag.py:4180} INFO - Setting next_dagrun for example_params_trigger_ui to None, run_after=None
[2026-07-18T21:07:20.959+0000] {processor.py:208} INFO - Processing /home/airflow/.local/lib/python3.12/site-packages/airflow/example_dags/example_params_trigger_ui.py took 0.199 seconds
[2026-07-18T21:07:52.203+0000] {processor.py:186} INFO - Started process (PID=2249) to work on /home/airflow/.local/lib/python3.12/site-packages/airflow/example_dags/example_params_trigger_ui.py
[2026-07-18T21:07:52.207+0000] {processor.py:914} INFO - Processing file /home/airflow/.local/lib/python3.12/site-packages/airflow/example_dags/example_params_trigger_ui.py for tasks to queue
[2026-07-18T21:07:52.215+0000] {logging_mixin.py:190} INFO - [2026-07-18T21:07:52.214+0000] {dagbag.py:588} INFO - Filling up the DagBag from /home/airflow/.local/lib/python3.12/site-packages/airflow/example_dags/example_params_trigger_ui.py
[2026-07-18T21:07:52.250+0000] {processor.py:925} INFO - DAG(s) 'example_params_trigger_ui' retrieved from /home/airflow/.local/lib/python3.12/site-packages/airflow/example_dags/example_params_trigger_ui.py
[2026-07-18T21:07:52.369+0000] {logging_mixin.py:190} INFO - [2026-07-18T21:07:52.368+0000] {dag.py:3239} INFO - Sync 1 DAGs
[2026-07-18T21:07:52.413+0000] {logging_mixin.py:190} INFO - [2026-07-18T21:07:52.412+0000] {dag.py:4180} INFO - Setting next_dagrun for example_params_trigger_ui to None, run_after=None
[2026-07-18T21:07:52.473+0000] {processor.py:208} INFO - Processing /home/airflow/.local/lib/python3.12/site-packages/airflow/example_dags/example_params_trigger_ui.py took 0.288 seconds
[2026-07-18T21:08:23.441+0000] {processor.py:186} INFO - Started process (PID=2312) to work on /home/airflow/.local/lib/python3.12/site-packages/airflow/example_dags/example_params_trigger_ui.py
[2026-07-18T21:08:23.444+0000] {processor.py:914} INFO - Processing file /home/airflow/.local/lib/python3.12/site-packages/airflow/example_dags/example_params_trigger_ui.py for tasks to queue
[2026-07-18T21:08:23.451+0000] {logging_mixin.py:190} INFO - [2026-07-18T21:08:23.450+0000] {dagbag.py:588} INFO - Filling up the DagBag from /home/airflow/.local/lib/python3.12/site-packages/airflow/example_dags/example_params_trigger_ui.py
[2026-07-18T21:08:23.475+0000] {processor.py:925} INFO - DAG(s) 'example_params_trigger_ui' retrieved from /home/airflow/.local/lib/python3.12/site-packages/airflow/example_dags/example_params_trigger_ui.py
[2026-07-18T21:08:23.561+0000] {logging_mixin.py:190} INFO - [2026-07-18T21:08:23.561+0000] {dag.py:3239} INFO - Sync 1 DAGs
[2026-07-18T21:08:23.588+0000] {logging_mixin.py:190} INFO - [2026-07-18T21:08:23.588+0000] {dag.py:4180} INFO - Setting next_dagrun for example_params_trigger_ui to None, run_after=None
[2026-07-18T21:08:23.626+0000] {processor.py:208} INFO - Processing /home/airflow/.local/lib/python3.12/site-packages/airflow/example_dags/example_params_trigger_ui.py took 0.197 seconds
[2026-07-18T21:16:31.895+0000] {processor.py:186} INFO - Started process (PID=2381) to work on /home/airflow/.local/lib/python3.12/site-packages/airflow/example_dags/example_params_trigger_ui.py
[2026-07-18T21:16:31.899+0000] {processor.py:914} INFO - Processing file /home/airflow/.local/lib/python3.12/site-packages/airflow/example_dags/example_params_trigger_ui.py for tasks to queue
[2026-07-18T21:16:31.905+0000] {logging_mixin.py:190} INFO - [2026-07-18T21:16:31.904+0000] {dagbag.py:588} INFO - Filling up the DagBag from /home/airflow/.local/lib/python3.12/site-packages/airflow/example_dags/example_params_trigger_ui.py
[2026-07-18T21:16:31.941+0000] {processor.py:925} INFO - DAG(s) 'example_params_trigger_ui' retrieved from /home/airflow/.local/lib/python3.12/site-packages/airflow/example_dags/example_params_trigger_ui.py
[2026-07-18T21:16:32.037+0000] {logging_mixin.py:190} INFO - [2026-07-18T21:16:32.036+0000] {dag.py:3239} INFO - Sync 1 DAGs
[2026-07-18T21:16:32.083+0000] {logging_mixin.py:190} INFO - [2026-07-18T21:16:32.082+0000] {dag.py:4180} INFO - Setting next_dagrun for example_params_trigger_ui to None, run_after=None
[2026-07-18T21:16:32.138+0000] {processor.py:208} INFO - Processing /home/airflow/.local/lib/python3.12/site-packages/airflow/example_dags/example_params_trigger_ui.py took 0.259 seconds
[2026-07-18T21:17:02.960+0000] {processor.py:186} INFO - Started process (PID=2444) to work on /home/airflow/.local/lib/python3.12/site-packages/airflow/example_dags/example_params_trigger_ui.py
[2026-07-18T21:17:02.964+0000] {processor.py:914} INFO - Processing file /home/airflow/.local/lib/python3.12/site-packages/airflow/example_dags/example_params_trigger_ui.py for tasks to queue
[2026-07-18T21:17:02.969+0000] {logging_mixin.py:190} INFO - [2026-07-18T21:17:02.968+0000] {dagbag.py:588} INFO - Filling up the DagBag from /home/airflow/.local/lib/python3.12/site-packages/airflow/example_dags/example_params_trigger_ui.py
[2026-07-18T21:17:02.997+0000] {processor.py:925} INFO - DAG(s) 'example_params_trigger_ui' retrieved from /home/airflow/.local/lib/python3.12/site-packages/airflow/example_dags/example_params_trigger_ui.py
[2026-07-18T21:17:03.067+0000] {logging_mixin.py:190} INFO - [2026-07-18T21:17:03.067+0000] {dag.py:3239} INFO - Sync 1 DAGs
[2026-07-18T21:17:03.090+0000] {logging_mixin.py:190} INFO - [2026-07-18T21:17:03.090+0000] {dag.py:4180} INFO - Setting next_dagrun for example_params_trigger_ui to None, run_after=None
[2026-07-18T21:17:03.118+0000] {processor.py:208} INFO - Processing /home/airflow/.local/lib/python3.12/site-packages/airflow/example_dags/example_params_trigger_ui.py took 0.169 seconds
[2026-07-18T21:17:33.272+0000] {processor.py:186} INFO - Started process (PID=2507) to work on /home/airflow/.local/lib/python3.12/site-packages/airflow/example_dags/example_params_trigger_ui.py
[2026-07-18T21:17:33.276+0000] {processor.py:914} INFO - Processing file /home/airflow/.local/lib/python3.12/site-packages/airflow/example_dags/example_params_trigger_ui.py for tasks to queue
[2026-07-18T21:17:33.285+0000] {logging_mixin.py:190} INFO - [2026-07-18T21:17:33.284+0000] {dagbag.py:588} INFO - Filling up the DagBag from /home/airflow/.local/lib/python3.12/site-packages/airflow/example_dags/example_params_trigger_ui.py
[2026-07-18T21:17:33.314+0000] {processor.py:925} INFO - DAG(s) 'example_params_trigger_ui' retrieved from /home/airflow/.local/lib/python3.12/site-packages/airflow/example_dags/example_params_trigger_ui.py
[2026-07-18T21:17:33.412+0000] {logging_mixin.py:190} INFO - [2026-07-18T21:17:33.412+0000] {dag.py:3239} INFO - Sync 1 DAGs
[2026-07-18T21:17:33.450+0000] {logging_mixin.py:190} INFO - [2026-07-18T21:17:33.449+0000] {dag.py:4180} INFO - Setting next_dagrun for example_params_trigger_ui to None, run_after=None
[2026-07-18T21:17:33.529+0000] {processor.py:208} INFO - Processing /home/airflow/.local/lib/python3.12/site-packages/airflow/example_dags/example_params_trigger_ui.py took 0.272 seconds
[2026-07-18T21:18:04.247+0000] {processor.py:186} INFO - Started process (PID=2570) to work on /home/airflow/.local/lib/python3.12/site-packages/airflow/example_dags/example_params_trigger_ui.py
[2026-07-18T21:18:04.250+0000] {processor.py:914} INFO - Processing file /home/airflow/.local/lib/python3.12/site-packages/airflow/example_dags/example_params_trigger_ui.py for tasks to queue
[2026-07-18T21:18:04.256+0000] {logging_mixin.py:190} INFO - [2026-07-18T21:18:04.255+0000] {dagbag.py:588} INFO - Filling up the DagBag from /home/airflow/.local/lib/python3.12/site-packages/airflow/example_dags/example_params_trigger_ui.py
[2026-07-18T21:18:04.277+0000] {processor.py:925} INFO - DAG(s) 'example_params_trigger_ui' retrieved from /home/airflow/.local/lib/python3.12/site-packages/airflow/example_dags/example_params_trigger_ui.py
[2026-07-18T21:18:04.354+0000] {logging_mixin.py:190} INFO - [2026-07-18T21:18:04.354+0000] {dag.py:3239} INFO - Sync 1 DAGs
[2026-07-18T21:18:04.375+0000] {logging_mixin.py:190} INFO - [2026-07-18T21:18:04.375+0000] {dag.py:4180} INFO - Setting next_dagrun for example_params_trigger_ui to None, run_after=None
[2026-07-18T21:18:04.410+0000] {processor.py:208} INFO - Processing /home/airflow/.local/lib/python3.12/site-packages/airflow/example_dags/example_params_trigger_ui.py took 0.175 seconds
[2026-07-18T21:18:34.638+0000] {processor.py:186} INFO - Started process (PID=2633) to work on /home/airflow/.local/lib/python3.12/site-packages/airflow/example_dags/example_params_trigger_ui.py
[2026-07-18T21:18:34.640+0000] {processor.py:914} INFO - Processing file /home/airflow/.local/lib/python3.12/site-packages/airflow/example_dags/example_params_trigger_ui.py for tasks to queue
[2026-07-18T21:18:34.646+0000] {logging_mixin.py:190} INFO - [2026-07-18T21:18:34.645+0000] {dagbag.py:588} INFO - Filling up the DagBag from /home/airflow/.local/lib/python3.12/site-packages/airflow/example_dags/example_params_trigger_ui.py
[2026-07-18T21:18:34.664+0000] {processor.py:925} INFO - DAG(s) 'example_params_trigger_ui' retrieved from /home/airflow/.local/lib/python3.12/site-packages/airflow/example_dags/example_params_trigger_ui.py
[2026-07-18T21:18:34.719+0000] {logging_mixin.py:190} INFO - [2026-07-18T21:18:34.719+0000] {dag.py:3239} INFO - Sync 1 DAGs
[2026-07-18T21:18:34.743+0000] {logging_mixin.py:190} INFO - [2026-07-18T21:18:34.743+0000] {dag.py:4180} INFO - Setting next_dagrun for example_params_trigger_ui to None, run_after=None
[2026-07-18T21:18:34.774+0000] {processor.py:208} INFO - Processing /home/airflow/.local/lib/python3.12/site-packages/airflow/example_dags/example_params_trigger_ui.py took 0.146 seconds
[2026-07-18T21:19:05.365+0000] {processor.py:186} INFO - Started process (PID=2696) to work on /home/airflow/.local/lib/python3.12/site-packages/airflow/example_dags/example_params_trigger_ui.py
[2026-07-18T21:19:05.368+0000] {processor.py:914} INFO - Processing file /home/airflow/.local/lib/python3.12/site-packages/airflow/example_dags/example_params_trigger_ui.py for tasks to queue
[2026-07-18T21:19:05.372+0000] {logging_mixin.py:190} INFO - [2026-07-18T21:19:05.372+0000] {dagbag.py:588} INFO - Filling up the DagBag from /home/airflow/.local/lib/python3.12/site-packages/airflow/example_dags/example_params_trigger_ui.py
[2026-07-18T21:19:05.388+0000] {processor.py:925} INFO - DAG(s) 'example_params_trigger_ui' retrieved from /home/airflow/.local/lib/python3.12/site-packages/airflow/example_dags/example_params_trigger_ui.py
[2026-07-18T21:19:05.446+0000] {logging_mixin.py:190} INFO - [2026-07-18T21:19:05.446+0000] {dag.py:3239} INFO - Sync 1 DAGs
[2026-07-18T21:19:05.466+0000] {logging_mixin.py:190} INFO - [2026-07-18T21:19:05.466+0000] {dag.py:4180} INFO - Setting next_dagrun for example_params_trigger_ui to None, run_after=None
[2026-07-18T21:19:05.495+0000] {processor.py:208} INFO - Processing /home/airflow/.local/lib/python3.12/site-packages/airflow/example_dags/example_params_trigger_ui.py took 0.141 seconds
[2026-07-18T21:19:35.621+0000] {processor.py:186} INFO - Started process (PID=2758) to work on /home/airflow/.local/lib/python3.12/site-packages/airflow/example_dags/example_params_trigger_ui.py
[2026-07-18T21:19:35.624+0000] {processor.py:914} INFO - Processing file /home/airflow/.local/lib/python3.12/site-packages/airflow/example_dags/example_params_trigger_ui.py for tasks to queue
[2026-07-18T21:19:35.630+0000] {logging_mixin.py:190} INFO - [2026-07-18T21:19:35.629+0000] {dagbag.py:588} INFO - Filling up the DagBag from /home/airflow/.local/lib/python3.12/site-packages/airflow/example_dags/example_params_trigger_ui.py
[2026-07-18T21:19:35.653+0000] {processor.py:925} INFO - DAG(s) 'example_params_trigger_ui' retrieved from /home/airflow/.local/lib/python3.12/site-packages/airflow/example_dags/example_params_trigger_ui.py
[2026-07-18T21:19:35.727+0000] {logging_mixin.py:190} INFO - [2026-07-18T21:19:35.726+0000] {dag.py:3239} INFO - Sync 1 DAGs
[2026-07-18T21:19:35.748+0000] {logging_mixin.py:190} INFO - [2026-07-18T21:19:35.748+0000] {dag.py:4180} INFO - Setting next_dagrun for example_params_trigger_ui to None, run_after=None
[2026-07-18T21:19:35.783+0000] {processor.py:208} INFO - Processing /home/airflow/.local/lib/python3.12/site-packages/airflow/example_dags/example_params_trigger_ui.py took 0.173 seconds
[2026-07-18T21:20:06.048+0000] {processor.py:186} INFO - Started process (PID=2821) to work on /home/airflow/.local/lib/python3.12/site-packages/airflow/example_dags/example_params_trigger_ui.py
[2026-07-18T21:20:06.051+0000] {processor.py:914} INFO - Processing file /home/airflow/.local/lib/python3.12/site-packages/airflow/example_dags/example_params_trigger_ui.py for tasks to queue
[2026-07-18T21:20:06.057+0000] {logging_mixin.py:190} INFO - [2026-07-18T21:20:06.056+0000] {dagbag.py:588} INFO - Filling up the DagBag from /home/airflow/.local/lib/python3.12/site-packages/airflow/example_dags/example_params_trigger_ui.py
[2026-07-18T21:20:06.075+0000] {processor.py:925} INFO - DAG(s) 'example_params_trigger_ui' retrieved from /home/airflow/.local/lib/python3.12/site-packages/airflow/example_dags/example_params_trigger_ui.py
[2026-07-18T21:20:06.131+0000] {logging_mixin.py:190} INFO - [2026-07-18T21:20:06.131+0000] {dag.py:3239} INFO - Sync 1 DAGs
[2026-07-18T21:20:06.155+0000] {logging_mixin.py:190} INFO - [2026-07-18T21:20:06.154+0000] {dag.py:4180} INFO - Setting next_dagrun for example_params_trigger_ui to None, run_after=None
[2026-07-18T21:20:06.182+0000] {processor.py:208} INFO - Processing /home/airflow/.local/lib/python3.12/site-packages/airflow/example_dags/example_params_trigger_ui.py took 0.147 seconds
[2026-07-18T21:20:36.566+0000] {processor.py:186} INFO - Started process (PID=2884) to work on /home/airflow/.local/lib/python3.12/site-packages/airflow/example_dags/example_params_trigger_ui.py
[2026-07-18T21:20:36.569+0000] {processor.py:914} INFO - Processing file /home/airflow/.local/lib/python3.12/site-packages/airflow/example_dags/example_params_trigger_ui.py for tasks to queue
[2026-07-18T21:20:36.575+0000] {logging_mixin.py:190} INFO - [2026-07-18T21:20:36.575+0000] {dagbag.py:588} INFO - Filling up the DagBag from /home/airflow/.local/lib/python3.12/site-packages/airflow/example_dags/example_params_trigger_ui.py
[2026-07-18T21:20:36.596+0000] {processor.py:925} INFO - DAG(s) 'example_params_trigger_ui' retrieved from /home/airflow/.local/lib/python3.12/site-packages/airflow/example_dags/example_params_trigger_ui.py
[2026-07-18T21:20:36.664+0000] {logging_mixin.py:190} INFO - [2026-07-18T21:20:36.663+0000] {dag.py:3239} INFO - Sync 1 DAGs
[2026-07-18T21:20:36.683+0000] {logging_mixin.py:190} INFO - [2026-07-18T21:20:36.683+0000] {dag.py:4180} INFO - Setting next_dagrun for example_params_trigger_ui to None, run_after=None
[2026-07-18T21:20:36.714+0000] {processor.py:208} INFO - Processing /home/airflow/.local/lib/python3.12/site-packages/airflow/example_dags/example_params_trigger_ui.py took 0.157 seconds
[2026-07-18T21:21:07.388+0000] {processor.py:186} INFO - Started process (PID=2947) to work on /home/airflow/.local/lib/python3.12/site-packages/airflow/example_dags/example_params_trigger_ui.py
[2026-07-18T21:21:07.391+0000] {processor.py:914} INFO - Processing file /home/airflow/.local/lib/python3.12/site-packages/airflow/example_dags/example_params_trigger_ui.py for tasks to queue
[2026-07-18T21:21:07.400+0000] {logging_mixin.py:190} INFO - [2026-07-18T21:21:07.400+0000] {dagbag.py:588} INFO - Filling up the DagBag from /home/airflow/.local/lib/python3.12/site-packages/airflow/example_dags/example_params_trigger_ui.py
[2026-07-18T21:21:07.419+0000] {processor.py:925} INFO - DAG(s) 'example_params_trigger_ui' retrieved from /home/airflow/.local/lib/python3.12/site-packages/airflow/example_dags/example_params_trigger_ui.py
[2026-07-18T21:21:07.487+0000] {logging_mixin.py:190} INFO - [2026-07-18T21:21:07.487+0000] {dag.py:3239} INFO - Sync 1 DAGs
[2026-07-18T21:21:07.508+0000] {logging_mixin.py:190} INFO - [2026-07-18T21:21:07.508+0000] {dag.py:4180} INFO - Setting next_dagrun for example_params_trigger_ui to None, run_after=None
[2026-07-18T21:21:07.549+0000] {processor.py:208} INFO - Processing /home/airflow/.local/lib/python3.12/site-packages/airflow/example_dags/example_params_trigger_ui.py took 0.168 seconds
[2026-07-18T21:21:38.642+0000] {processor.py:186} INFO - Started process (PID=3010) to work on /home/airflow/.local/lib/python3.12/site-packages/airflow/example_dags/example_params_trigger_ui.py
[2026-07-18T21:21:38.644+0000] {processor.py:914} INFO - Processing file /home/airflow/.local/lib/python3.12/site-packages/airflow/example_dags/example_params_trigger_ui.py for tasks to queue
[2026-07-18T21:21:38.649+0000] {logging_mixin.py:190} INFO - [2026-07-18T21:21:38.648+0000] {dagbag.py:588} INFO - Filling up the DagBag from /home/airflow/.local/lib/python3.12/site-packages/airflow/example_dags/example_params_trigger_ui.py
[2026-07-18T21:21:38.666+0000] {processor.py:925} INFO - DAG(s) 'example_params_trigger_ui' retrieved from /home/airflow/.local/lib/python3.12/site-packages/airflow/example_dags/example_params_trigger_ui.py
[2026-07-18T21:21:38.733+0000] {logging_mixin.py:190} INFO - [2026-07-18T21:21:38.732+0000] {dag.py:3239} INFO - Sync 1 DAGs
[2026-07-18T21:21:38.769+0000] {logging_mixin.py:190} INFO - [2026-07-18T21:21:38.768+0000] {dag.py:4180} INFO - Setting next_dagrun for example_params_trigger_ui to None, run_after=None
[2026-07-18T21:21:38.872+0000] {processor.py:208} INFO - Processing /home/airflow/.local/lib/python3.12/site-packages/airflow/example_dags/example_params_trigger_ui.py took 0.239 seconds
[2026-07-18T21:22:09.950+0000] {processor.py:186} INFO - Started process (PID=3073) to work on /home/airflow/.local/lib/python3.12/site-packages/airflow/example_dags/example_params_trigger_ui.py
[2026-07-18T21:22:09.953+0000] {processor.py:914} INFO - Processing file /home/airflow/.local/lib/python3.12/site-packages/airflow/example_dags/example_params_trigger_ui.py for tasks to queue
[2026-07-18T21:22:09.966+0000] {logging_mixin.py:190} INFO - [2026-07-18T21:22:09.965+0000] {dagbag.py:588} INFO - Filling up the DagBag from /home/airflow/.local/lib/python3.12/site-packages/airflow/example_dags/example_params_trigger_ui.py
[2026-07-18T21:22:10.025+0000] {processor.py:925} INFO - DAG(s) 'example_params_trigger_ui' retrieved from /home/airflow/.local/lib/python3.12/site-packages/airflow/example_dags/example_params_trigger_ui.py
[2026-07-18T21:22:10.250+0000] {logging_mixin.py:190} INFO - [2026-07-18T21:22:10.249+0000] {dag.py:3239} INFO - Sync 1 DAGs
[2026-07-18T21:22:10.301+0000] {logging_mixin.py:190} INFO - [2026-07-18T21:22:10.300+0000] {dag.py:4180} INFO - Setting next_dagrun for example_params_trigger_ui to None, run_after=None
[2026-07-18T21:22:10.360+0000] {processor.py:208} INFO - Processing /home/airflow/.local/lib/python3.12/site-packages/airflow/example_dags/example_params_trigger_ui.py took 0.429 seconds
[2026-07-18T21:25:59.590+0000] {processor.py:186} INFO - Started process (PID=132) to work on /home/airflow/.local/lib/python3.12/site-packages/airflow/example_dags/example_params_trigger_ui.py
[2026-07-18T21:25:59.592+0000] {processor.py:914} INFO - Processing file /home/airflow/.local/lib/python3.12/site-packages/airflow/example_dags/example_params_trigger_ui.py for tasks to queue
[2026-07-18T21:25:59.598+0000] {logging_mixin.py:190} INFO - [2026-07-18T21:25:59.597+0000] {dagbag.py:588} INFO - Filling up the DagBag from /home/airflow/.local/lib/python3.12/site-packages/airflow/example_dags/example_params_trigger_ui.py
[2026-07-18T21:25:59.620+0000] {processor.py:925} INFO - DAG(s) 'example_params_trigger_ui' retrieved from /home/airflow/.local/lib/python3.12/site-packages/airflow/example_dags/example_params_trigger_ui.py
[2026-07-18T21:25:59.687+0000] {logging_mixin.py:190} INFO - [2026-07-18T21:25:59.687+0000] {dag.py:3239} INFO - Sync 1 DAGs
[2026-07-18T21:25:59.710+0000] {logging_mixin.py:190} INFO - [2026-07-18T21:25:59.710+0000] {dag.py:4180} INFO - Setting next_dagrun for example_params_trigger_ui to None, run_after=None
[2026-07-18T21:25:59.747+0000] {processor.py:208} INFO - Processing /home/airflow/.local/lib/python3.12/site-packages/airflow/example_dags/example_params_trigger_ui.py took 0.167 seconds
[2026-07-18T21:26:30.737+0000] {processor.py:186} INFO - Started process (PID=195) to work on /home/airflow/.local/lib/python3.12/site-packages/airflow/example_dags/example_params_trigger_ui.py
[2026-07-18T21:26:30.740+0000] {processor.py:914} INFO - Processing file /home/airflow/.local/lib/python3.12/site-packages/airflow/example_dags/example_params_trigger_ui.py for tasks to queue
[2026-07-18T21:26:30.747+0000] {logging_mixin.py:190} INFO - [2026-07-18T21:26:30.746+0000] {dagbag.py:588} INFO - Filling up the DagBag from /home/airflow/.local/lib/python3.12/site-packages/airflow/example_dags/example_params_trigger_ui.py
[2026-07-18T21:26:30.766+0000] {processor.py:925} INFO - DAG(s) 'example_params_trigger_ui' retrieved from /home/airflow/.local/lib/python3.12/site-packages/airflow/example_dags/example_params_trigger_ui.py
[2026-07-18T21:26:30.830+0000] {logging_mixin.py:190} INFO - [2026-07-18T21:26:30.830+0000] {dag.py:3239} INFO - Sync 1 DAGs
[2026-07-18T21:26:30.854+0000] {logging_mixin.py:190} INFO - [2026-07-18T21:26:30.854+0000] {dag.py:4180} INFO - Setting next_dagrun for example_params_trigger_ui to None, run_after=None
[2026-07-18T21:26:30.890+0000] {processor.py:208} INFO - Processing /home/airflow/.local/lib/python3.12/site-packages/airflow/example_dags/example_params_trigger_ui.py took 0.164 seconds
[2026-07-18T21:27:02.748+0000] {processor.py:186} INFO - Started process (PID=258) to work on /home/airflow/.local/lib/python3.12/site-packages/airflow/example_dags/example_params_trigger_ui.py
[2026-07-18T21:27:02.750+0000] {processor.py:914} INFO - Processing file /home/airflow/.local/lib/python3.12/site-packages/airflow/example_dags/example_params_trigger_ui.py for tasks to queue
[2026-07-18T21:27:02.755+0000] {logging_mixin.py:190} INFO - [2026-07-18T21:27:02.754+0000] {dagbag.py:588} INFO - Filling up the DagBag from /home/airflow/.local/lib/python3.12/site-packages/airflow/example_dags/example_params_trigger_ui.py
[2026-07-18T21:27:02.777+0000] {processor.py:925} INFO - DAG(s) 'example_params_trigger_ui' retrieved from /home/airflow/.local/lib/python3.12/site-packages/airflow/example_dags/example_params_trigger_ui.py
[2026-07-18T21:27:02.841+0000] {logging_mixin.py:190} INFO - [2026-07-18T21:27:02.841+0000] {dag.py:3239} INFO - Sync 1 DAGs
[2026-07-18T21:27:02.862+0000] {logging_mixin.py:190} INFO - [2026-07-18T21:27:02.862+0000] {dag.py:4180} INFO - Setting next_dagrun for example_params_trigger_ui to None, run_after=None
[2026-07-18T21:27:02.892+0000] {processor.py:208} INFO - Processing /home/airflow/.local/lib/python3.12/site-packages/airflow/example_dags/example_params_trigger_ui.py took 0.155 seconds
[2026-07-18T21:27:34.359+0000] {processor.py:186} INFO - Started process (PID=321) to work on /home/airflow/.local/lib/python3.12/site-packages/airflow/example_dags/example_params_trigger_ui.py
[2026-07-18T21:27:34.362+0000] {processor.py:914} INFO - Processing file /home/airflow/.local/lib/python3.12/site-packages/airflow/example_dags/example_params_trigger_ui.py for tasks to queue
[2026-07-18T21:27:34.370+0000] {logging_mixin.py:190} INFO - [2026-07-18T21:27:34.369+0000] {dagbag.py:588} INFO - Filling up the DagBag from /home/airflow/.local/lib/python3.12/site-packages/airflow/example_dags/example_params_trigger_ui.py
[2026-07-18T21:27:34.404+0000] {processor.py:925} INFO - DAG(s) 'example_params_trigger_ui' retrieved from /home/airflow/.local/lib/python3.12/site-packages/airflow/example_dags/example_params_trigger_ui.py
[2026-07-18T21:27:34.539+0000] {logging_mixin.py:190} INFO - [2026-07-18T21:27:34.538+0000] {dag.py:3239} INFO - Sync 1 DAGs
[2026-07-18T21:27:34.578+0000] {logging_mixin.py:190} INFO - [2026-07-18T21:27:34.577+0000] {dag.py:4180} INFO - Setting next_dagrun for example_params_trigger_ui to None, run_after=None
[2026-07-18T21:27:34.615+0000] {processor.py:208} INFO - Processing /home/airflow/.local/lib/python3.12/site-packages/airflow/example_dags/example_params_trigger_ui.py took 0.268 seconds
[2026-07-18T21:28:05.775+0000] {processor.py:186} INFO - Started process (PID=384) to work on /home/airflow/.local/lib/python3.12/site-packages/airflow/example_dags/example_params_trigger_ui.py
[2026-07-18T21:28:05.777+0000] {processor.py:914} INFO - Processing file /home/airflow/.local/lib/python3.12/site-packages/airflow/example_dags/example_params_trigger_ui.py for tasks to queue
[2026-07-18T21:28:05.782+0000] {logging_mixin.py:190} INFO - [2026-07-18T21:28:05.781+0000] {dagbag.py:588} INFO - Filling up the DagBag from /home/airflow/.local/lib/python3.12/site-packages/airflow/example_dags/example_params_trigger_ui.py
[2026-07-18T21:28:05.799+0000] {processor.py:925} INFO - DAG(s) 'example_params_trigger_ui' retrieved from /home/airflow/.local/lib/python3.12/site-packages/airflow/example_dags/example_params_trigger_ui.py
[2026-07-18T21:28:05.879+0000] {logging_mixin.py:190} INFO - [2026-07-18T21:28:05.879+0000] {dag.py:3239} INFO - Sync 1 DAGs
[2026-07-18T21:28:05.904+0000] {logging_mixin.py:190} INFO - [2026-07-18T21:28:05.903+0000] {dag.py:4180} INFO - Setting next_dagrun for example_params_trigger_ui to None, run_after=None
[2026-07-18T21:28:05.934+0000] {processor.py:208} INFO - Processing /home/airflow/.local/lib/python3.12/site-packages/airflow/example_dags/example_params_trigger_ui.py took 0.167 seconds
[2026-07-18T21:28:38.035+0000] {processor.py:186} INFO - Started process (PID=447) to work on /home/airflow/.local/lib/python3.12/site-packages/airflow/example_dags/example_params_trigger_ui.py
[2026-07-18T21:28:38.038+0000] {processor.py:914} INFO - Processing file /home/airflow/.local/lib/python3.12/site-packages/airflow/example_dags/example_params_trigger_ui.py for tasks to queue
[2026-07-18T21:28:38.043+0000] {logging_mixin.py:190} INFO - [2026-07-18T21:28:38.043+0000] {dagbag.py:588} INFO - Filling up the DagBag from /home/airflow/.local/lib/python3.12/site-packages/airflow/example_dags/example_params_trigger_ui.py
[2026-07-18T21:28:38.065+0000] {processor.py:925} INFO - DAG(s) 'example_params_trigger_ui' retrieved from /home/airflow/.local/lib/python3.12/site-packages/airflow/example_dags/example_params_trigger_ui.py
[2026-07-18T21:28:38.136+0000] {logging_mixin.py:190} INFO - [2026-07-18T21:28:38.135+0000] {dag.py:3239} INFO - Sync 1 DAGs
[2026-07-18T21:28:38.162+0000] {logging_mixin.py:190} INFO - [2026-07-18T21:28:38.162+0000] {dag.py:4180} INFO - Setting next_dagrun for example_params_trigger_ui to None, run_after=None
[2026-07-18T21:28:38.199+0000] {processor.py:208} INFO - Processing /home/airflow/.local/lib/python3.12/site-packages/airflow/example_dags/example_params_trigger_ui.py took 0.173 seconds
[2026-07-18T21:29:09.245+0000] {processor.py:186} INFO - Started process (PID=510) to work on /home/airflow/.local/lib/python3.12/site-packages/airflow/example_dags/example_params_trigger_ui.py
[2026-07-18T21:29:09.249+0000] {processor.py:914} INFO - Processing file /home/airflow/.local/lib/python3.12/site-packages/airflow/example_dags/example_params_trigger_ui.py for tasks to queue
[2026-07-18T21:29:09.254+0000] {logging_mixin.py:190} INFO - [2026-07-18T21:29:09.254+0000] {dagbag.py:588} INFO - Filling up the DagBag from /home/airflow/.local/lib/python3.12/site-packages/airflow/example_dags/example_params_trigger_ui.py
[2026-07-18T21:29:09.278+0000] {processor.py:925} INFO - DAG(s) 'example_params_trigger_ui' retrieved from /home/airflow/.local/lib/python3.12/site-packages/airflow/example_dags/example_params_trigger_ui.py
[2026-07-18T21:29:09.369+0000] {logging_mixin.py:190} INFO - [2026-07-18T21:29:09.369+0000] {dag.py:3239} INFO - Sync 1 DAGs
[2026-07-18T21:29:09.391+0000] {logging_mixin.py:190} INFO - [2026-07-18T21:29:09.390+0000] {dag.py:4180} INFO - Setting next_dagrun for example_params_trigger_ui to None, run_after=None
[2026-07-18T21:29:09.424+0000] {processor.py:208} INFO - Processing /home/airflow/.local/lib/python3.12/site-packages/airflow/example_dags/example_params_trigger_ui.py took 0.190 seconds
[2026-07-18T21:29:41.503+0000] {processor.py:186} INFO - Started process (PID=574) to work on /home/airflow/.local/lib/python3.12/site-packages/airflow/example_dags/example_params_trigger_ui.py
[2026-07-18T21:29:41.505+0000] {processor.py:914} INFO - Processing file /home/airflow/.local/lib/python3.12/site-packages/airflow/example_dags/example_params_trigger_ui.py for tasks to queue
[2026-07-18T21:29:41.510+0000] {logging_mixin.py:190} INFO - [2026-07-18T21:29:41.510+0000] {dagbag.py:588} INFO - Filling up the DagBag from /home/airflow/.local/lib/python3.12/site-packages/airflow/example_dags/example_params_trigger_ui.py
[2026-07-18T21:29:41.531+0000] {processor.py:925} INFO - DAG(s) 'example_params_trigger_ui' retrieved from /home/airflow/.local/lib/python3.12/site-packages/airflow/example_dags/example_params_trigger_ui.py
[2026-07-18T21:29:41.589+0000] {logging_mixin.py:190} INFO - [2026-07-18T21:29:41.589+0000] {dag.py:3239} INFO - Sync 1 DAGs
[2026-07-18T21:29:41.613+0000] {logging_mixin.py:190} INFO - [2026-07-18T21:29:41.612+0000] {dag.py:4180} INFO - Setting next_dagrun for example_params_trigger_ui to None, run_after=None
[2026-07-18T21:29:41.644+0000] {processor.py:208} INFO - Processing /home/airflow/.local/lib/python3.12/site-packages/airflow/example_dags/example_params_trigger_ui.py took 0.152 seconds
[2026-07-18T21:30:12.279+0000] {processor.py:186} INFO - Started process (PID=637) to work on /home/airflow/.local/lib/python3.12/site-packages/airflow/example_dags/example_params_trigger_ui.py
[2026-07-18T21:30:12.281+0000] {processor.py:914} INFO - Processing file /home/airflow/.local/lib/python3.12/site-packages/airflow/example_dags/example_params_trigger_ui.py for tasks to queue
[2026-07-18T21:30:12.286+0000] {logging_mixin.py:190} INFO - [2026-07-18T21:30:12.286+0000] {dagbag.py:588} INFO - Filling up the DagBag from /home/airflow/.local/lib/python3.12/site-packages/airflow/example_dags/example_params_trigger_ui.py
[2026-07-18T21:30:12.303+0000] {processor.py:925} INFO - DAG(s) 'example_params_trigger_ui' retrieved from /home/airflow/.local/lib/python3.12/site-packages/airflow/example_dags/example_params_trigger_ui.py
[2026-07-18T21:30:12.364+0000] {logging_mixin.py:190} INFO - [2026-07-18T21:30:12.364+0000] {dag.py:3239} INFO - Sync 1 DAGs
[2026-07-18T21:30:12.394+0000] {logging_mixin.py:190} INFO - [2026-07-18T21:30:12.394+0000] {dag.py:4180} INFO - Setting next_dagrun for example_params_trigger_ui to None, run_after=None
[2026-07-18T21:30:12.424+0000] {processor.py:208} INFO - Processing /home/airflow/.local/lib/python3.12/site-packages/airflow/example_dags/example_params_trigger_ui.py took 0.155 seconds
[2026-07-18T21:30:44.053+0000] {processor.py:186} INFO - Started process (PID=700) to work on /home/airflow/.local/lib/python3.12/site-packages/airflow/example_dags/example_params_trigger_ui.py
[2026-07-18T21:30:44.056+0000] {processor.py:914} INFO - Processing file /home/airflow/.local/lib/python3.12/site-packages/airflow/example_dags/example_params_trigger_ui.py for tasks to queue
[2026-07-18T21:30:44.062+0000] {logging_mixin.py:190} INFO - [2026-07-18T21:30:44.061+0000] {dagbag.py:588} INFO - Filling up the DagBag from /home/airflow/.local/lib/python3.12/site-packages/airflow/example_dags/example_params_trigger_ui.py
[2026-07-18T21:30:44.081+0000] {processor.py:925} INFO - DAG(s) 'example_params_trigger_ui' retrieved from /home/airflow/.local/lib/python3.12/site-packages/airflow/example_dags/example_params_trigger_ui.py
[2026-07-18T21:30:44.149+0000] {logging_mixin.py:190} INFO - [2026-07-18T21:30:44.149+0000] {dag.py:3239} INFO - Sync 1 DAGs
[2026-07-18T21:30:44.176+0000] {logging_mixin.py:190} INFO - [2026-07-18T21:30:44.176+0000] {dag.py:4180} INFO - Setting next_dagrun for example_params_trigger_ui to None, run_after=None
[2026-07-18T21:30:44.237+0000] {processor.py:208} INFO - Processing /home/airflow/.local/lib/python3.12/site-packages/airflow/example_dags/example_params_trigger_ui.py took 0.196 seconds
[2026-07-18T21:31:15.615+0000] {processor.py:186} INFO - Started process (PID=764) to work on /home/airflow/.local/lib/python3.12/site-packages/airflow/example_dags/example_params_trigger_ui.py
[2026-07-18T21:31:15.617+0000] {processor.py:914} INFO - Processing file /home/airflow/.local/lib/python3.12/site-packages/airflow/example_dags/example_params_trigger_ui.py for tasks to queue
[2026-07-18T21:31:15.622+0000] {logging_mixin.py:190} INFO - [2026-07-18T21:31:15.621+0000] {dagbag.py:588} INFO - Filling up the DagBag from /home/airflow/.local/lib/python3.12/site-packages/airflow/example_dags/example_params_trigger_ui.py
[2026-07-18T21:31:15.640+0000] {processor.py:925} INFO - DAG(s) 'example_params_trigger_ui' retrieved from /home/airflow/.local/lib/python3.12/site-packages/airflow/example_dags/example_params_trigger_ui.py
[2026-07-18T21:31:15.715+0000] {logging_mixin.py:190} INFO - [2026-07-18T21:31:15.715+0000] {dag.py:3239} INFO - Sync 1 DAGs
[2026-07-18T21:31:15.751+0000] {logging_mixin.py:190} INFO - [2026-07-18T21:31:15.750+0000] {dag.py:4180} INFO - Setting next_dagrun for example_params_trigger_ui to None, run_after=None
[2026-07-18T21:31:15.785+0000] {processor.py:208} INFO - Processing /home/airflow/.local/lib/python3.12/site-packages/airflow/example_dags/example_params_trigger_ui.py took 0.178 seconds
[2026-07-18T21:31:47.165+0000] {processor.py:186} INFO - Started process (PID=828) to work on /home/airflow/.local/lib/python3.12/site-packages/airflow/example_dags/example_params_trigger_ui.py
[2026-07-18T21:31:47.167+0000] {processor.py:914} INFO - Processing file /home/airflow/.local/lib/python3.12/site-packages/airflow/example_dags/example_params_trigger_ui.py for tasks to queue
[2026-07-18T21:31:47.175+0000] {logging_mixin.py:190} INFO - [2026-07-18T21:31:47.174+0000] {dagbag.py:588} INFO - Filling up the DagBag from /home/airflow/.local/lib/python3.12/site-packages/airflow/example_dags/example_params_trigger_ui.py
[2026-07-18T21:31:47.200+0000] {processor.py:925} INFO - DAG(s) 'example_params_trigger_ui' retrieved from /home/airflow/.local/lib/python3.12/site-packages/airflow/example_dags/example_params_trigger_ui.py
[2026-07-18T21:31:47.256+0000] {logging_mixin.py:190} INFO - [2026-07-18T21:31:47.255+0000] {dag.py:3239} INFO - Sync 1 DAGs
[2026-07-18T21:31:47.281+0000] {logging_mixin.py:190} INFO - [2026-07-18T21:31:47.280+0000] {dag.py:4180} INFO - Setting next_dagrun for example_params_trigger_ui to None, run_after=None
[2026-07-18T21:31:47.312+0000] {processor.py:208} INFO - Processing /home/airflow/.local/lib/python3.12/site-packages/airflow/example_dags/example_params_trigger_ui.py took 0.158 seconds
[2026-07-18T21:32:19.002+0000] {processor.py:186} INFO - Started process (PID=892) to work on /home/airflow/.local/lib/python3.12/site-packages/airflow/example_dags/example_params_trigger_ui.py
[2026-07-18T21:32:19.006+0000] {processor.py:914} INFO - Processing file /home/airflow/.local/lib/python3.12/site-packages/airflow/example_dags/example_params_trigger_ui.py for tasks to queue
[2026-07-18T21:32:19.014+0000] {logging_mixin.py:190} INFO - [2026-07-18T21:32:19.014+0000] {dagbag.py:588} INFO - Filling up the DagBag from /home/airflow/.local/lib/python3.12/site-packages/airflow/example_dags/example_params_trigger_ui.py
[2026-07-18T21:32:19.042+0000] {processor.py:925} INFO - DAG(s) 'example_params_trigger_ui' retrieved from /home/airflow/.local/lib/python3.12/site-packages/airflow/example_dags/example_params_trigger_ui.py
[2026-07-18T21:32:19.112+0000] {logging_mixin.py:190} INFO - [2026-07-18T21:32:19.112+0000] {dag.py:3239} INFO - Sync 1 DAGs
[2026-07-18T21:32:19.135+0000] {logging_mixin.py:190} INFO - [2026-07-18T21:32:19.134+0000] {dag.py:4180} INFO - Setting next_dagrun for example_params_trigger_ui to None, run_after=None
[2026-07-18T21:32:19.169+0000] {processor.py:208} INFO - Processing /home/airflow/.local/lib/python3.12/site-packages/airflow/example_dags/example_params_trigger_ui.py took 0.179 seconds
[2026-07-18T21:32:49.746+0000] {processor.py:186} INFO - Started process (PID=957) to work on /home/airflow/.local/lib/python3.12/site-packages/airflow/example_dags/example_params_trigger_ui.py
[2026-07-18T21:32:49.750+0000] {processor.py:914} INFO - Processing file /home/airflow/.local/lib/python3.12/site-packages/airflow/example_dags/example_params_trigger_ui.py for tasks to queue
[2026-07-18T21:32:49.757+0000] {logging_mixin.py:190} INFO - [2026-07-18T21:32:49.757+0000] {dagbag.py:588} INFO - Filling up the DagBag from /home/airflow/.local/lib/python3.12/site-packages/airflow/example_dags/example_params_trigger_ui.py
[2026-07-18T21:32:49.773+0000] {processor.py:925} INFO - DAG(s) 'example_params_trigger_ui' retrieved from /home/airflow/.local/lib/python3.12/site-packages/airflow/example_dags/example_params_trigger_ui.py
[2026-07-18T21:32:49.855+0000] {logging_mixin.py:190} INFO - [2026-07-18T21:32:49.854+0000] {dag.py:3239} INFO - Sync 1 DAGs
[2026-07-18T21:32:49.895+0000] {logging_mixin.py:190} INFO - [2026-07-18T21:32:49.894+0000] {dag.py:4180} INFO - Setting next_dagrun for example_params_trigger_ui to None, run_after=None
[2026-07-18T21:32:49.926+0000] {processor.py:208} INFO - Processing /home/airflow/.local/lib/python3.12/site-packages/airflow/example_dags/example_params_trigger_ui.py took 0.188 seconds
[2026-07-18T21:33:22.749+0000] {processor.py:186} INFO - Started process (PID=1021) to work on /home/airflow/.local/lib/python3.12/site-packages/airflow/example_dags/example_params_trigger_ui.py
[2026-07-18T21:33:22.752+0000] {processor.py:914} INFO - Processing file /home/airflow/.local/lib/python3.12/site-packages/airflow/example_dags/example_params_trigger_ui.py for tasks to queue
[2026-07-18T21:33:22.758+0000] {logging_mixin.py:190} INFO - [2026-07-18T21:33:22.757+0000] {dagbag.py:588} INFO - Filling up the DagBag from /home/airflow/.local/lib/python3.12/site-packages/airflow/example_dags/example_params_trigger_ui.py
[2026-07-18T21:33:22.780+0000] {processor.py:925} INFO - DAG(s) 'example_params_trigger_ui' retrieved from /home/airflow/.local/lib/python3.12/site-packages/airflow/example_dags/example_params_trigger_ui.py
[2026-07-18T21:33:22.877+0000] {logging_mixin.py:190} INFO - [2026-07-18T21:33:22.877+0000] {dag.py:3239} INFO - Sync 1 DAGs
[2026-07-18T21:33:22.910+0000] {logging_mixin.py:190} INFO - [2026-07-18T21:33:22.910+0000] {dag.py:4180} INFO - Setting next_dagrun for example_params_trigger_ui to None, run_after=None
[2026-07-18T21:33:22.948+0000] {processor.py:208} INFO - Processing /home/airflow/.local/lib/python3.12/site-packages/airflow/example_dags/example_params_trigger_ui.py took 0.212 seconds
[2026-07-18T21:33:53.817+0000] {processor.py:186} INFO - Started process (PID=1086) to work on /home/airflow/.local/lib/python3.12/site-packages/airflow/example_dags/example_params_trigger_ui.py
[2026-07-18T21:33:53.820+0000] {processor.py:914} INFO - Processing file /home/airflow/.local/lib/python3.12/site-packages/airflow/example_dags/example_params_trigger_ui.py for tasks to queue
[2026-07-18T21:33:53.827+0000] {logging_mixin.py:190} INFO - [2026-07-18T21:33:53.826+0000] {dagbag.py:588} INFO - Filling up the DagBag from /home/airflow/.local/lib/python3.12/site-packages/airflow/example_dags/example_params_trigger_ui.py
[2026-07-18T21:33:53.862+0000] {processor.py:925} INFO - DAG(s) 'example_params_trigger_ui' retrieved from /home/airflow/.local/lib/python3.12/site-packages/airflow/example_dags/example_params_trigger_ui.py
[2026-07-18T21:33:53.938+0000] {logging_mixin.py:190} INFO - [2026-07-18T21:33:53.937+0000] {dag.py:3239} INFO - Sync 1 DAGs
[2026-07-18T21:33:53.962+0000] {logging_mixin.py:190} INFO - [2026-07-18T21:33:53.962+0000] {dag.py:4180} INFO - Setting next_dagrun for example_params_trigger_ui to None, run_after=None
[2026-07-18T21:33:54.042+0000] {processor.py:208} INFO - Processing /home/airflow/.local/lib/python3.12/site-packages/airflow/example_dags/example_params_trigger_ui.py took 0.239 seconds
[2026-07-18T21:34:24.861+0000] {processor.py:186} INFO - Started process (PID=1156) to work on /home/airflow/.local/lib/python3.12/site-packages/airflow/example_dags/example_params_trigger_ui.py
[2026-07-18T21:34:24.864+0000] {processor.py:914} INFO - Processing file /home/airflow/.local/lib/python3.12/site-packages/airflow/example_dags/example_params_trigger_ui.py for tasks to queue
[2026-07-18T21:34:24.869+0000] {logging_mixin.py:190} INFO - [2026-07-18T21:34:24.868+0000] {dagbag.py:588} INFO - Filling up the DagBag from /home/airflow/.local/lib/python3.12/site-packages/airflow/example_dags/example_params_trigger_ui.py
[2026-07-18T21:34:24.890+0000] {processor.py:925} INFO - DAG(s) 'example_params_trigger_ui' retrieved from /home/airflow/.local/lib/python3.12/site-packages/airflow/example_dags/example_params_trigger_ui.py
[2026-07-18T21:34:24.961+0000] {logging_mixin.py:190} INFO - [2026-07-18T21:34:24.958+0000] {dag.py:3239} INFO - Sync 1 DAGs
[2026-07-18T21:34:24.992+0000] {logging_mixin.py:190} INFO - [2026-07-18T21:34:24.991+0000] {dag.py:4180} INFO - Setting next_dagrun for example_params_trigger_ui to None, run_after=None
[2026-07-18T21:34:25.022+0000] {processor.py:208} INFO - Processing /home/airflow/.local/lib/python3.12/site-packages/airflow/example_dags/example_params_trigger_ui.py took 0.172 seconds
[2026-07-18T21:34:57.105+0000] {processor.py:186} INFO - Started process (PID=1220) to work on /home/airflow/.local/lib/python3.12/site-packages/airflow/example_dags/example_params_trigger_ui.py
[2026-07-18T21:34:57.107+0000] {processor.py:914} INFO - Processing file /home/airflow/.local/lib/python3.12/site-packages/airflow/example_dags/example_params_trigger_ui.py for tasks to queue
[2026-07-18T21:34:57.112+0000] {logging_mixin.py:190} INFO - [2026-07-18T21:34:57.111+0000] {dagbag.py:588} INFO - Filling up the DagBag from /home/airflow/.local/lib/python3.12/site-packages/airflow/example_dags/example_params_trigger_ui.py
[2026-07-18T21:34:57.132+0000] {processor.py:925} INFO - DAG(s) 'example_params_trigger_ui' retrieved from /home/airflow/.local/lib/python3.12/site-packages/airflow/example_dags/example_params_trigger_ui.py
[2026-07-18T21:34:57.204+0000] {logging_mixin.py:190} INFO - [2026-07-18T21:34:57.204+0000] {dag.py:3239} INFO - Sync 1 DAGs
[2026-07-18T21:34:57.222+0000] {logging_mixin.py:190} INFO - [2026-07-18T21:34:57.221+0000] {dag.py:4180} INFO - Setting next_dagrun for example_params_trigger_ui to None, run_after=None
[2026-07-18T21:34:57.250+0000] {processor.py:208} INFO - Processing /home/airflow/.local/lib/python3.12/site-packages/airflow/example_dags/example_params_trigger_ui.py took 0.155 seconds
[2026-07-18T21:35:28.745+0000] {processor.py:186} INFO - Started process (PID=1284) to work on /home/airflow/.local/lib/python3.12/site-packages/airflow/example_dags/example_params_trigger_ui.py
[2026-07-18T21:35:28.748+0000] {processor.py:914} INFO - Processing file /home/airflow/.local/lib/python3.12/site-packages/airflow/example_dags/example_params_trigger_ui.py for tasks to queue
[2026-07-18T21:35:28.753+0000] {logging_mixin.py:190} INFO - [2026-07-18T21:35:28.753+0000] {dagbag.py:588} INFO - Filling up the DagBag from /home/airflow/.local/lib/python3.12/site-packages/airflow/example_dags/example_params_trigger_ui.py
[2026-07-18T21:35:28.777+0000] {processor.py:925} INFO - DAG(s) 'example_params_trigger_ui' retrieved from /home/airflow/.local/lib/python3.12/site-packages/airflow/example_dags/example_params_trigger_ui.py
[2026-07-18T21:35:28.840+0000] {logging_mixin.py:190} INFO - [2026-07-18T21:35:28.840+0000] {dag.py:3239} INFO - Sync 1 DAGs
[2026-07-18T21:35:28.865+0000] {logging_mixin.py:190} INFO - [2026-07-18T21:35:28.865+0000] {dag.py:4180} INFO - Setting next_dagrun for example_params_trigger_ui to None, run_after=None
[2026-07-18T21:35:28.922+0000] {processor.py:208} INFO - Processing /home/airflow/.local/lib/python3.12/site-packages/airflow/example_dags/example_params_trigger_ui.py took 0.187 seconds
[2026-07-18T21:36:00.265+0000] {processor.py:186} INFO - Started process (PID=1348) to work on /home/airflow/.local/lib/python3.12/site-packages/airflow/example_dags/example_params_trigger_ui.py
[2026-07-18T21:36:00.269+0000] {processor.py:914} INFO - Processing file /home/airflow/.local/lib/python3.12/site-packages/airflow/example_dags/example_params_trigger_ui.py for tasks to queue
[2026-07-18T21:36:00.275+0000] {logging_mixin.py:190} INFO - [2026-07-18T21:36:00.275+0000] {dagbag.py:588} INFO - Filling up the DagBag from /home/airflow/.local/lib/python3.12/site-packages/airflow/example_dags/example_params_trigger_ui.py
[2026-07-18T21:36:00.309+0000] {processor.py:925} INFO - DAG(s) 'example_params_trigger_ui' retrieved from /home/airflow/.local/lib/python3.12/site-packages/airflow/example_dags/example_params_trigger_ui.py
[2026-07-18T21:36:00.422+0000] {logging_mixin.py:190} INFO - [2026-07-18T21:36:00.422+0000] {dag.py:3239} INFO - Sync 1 DAGs
[2026-07-18T21:36:00.471+0000] {logging_mixin.py:190} INFO - [2026-07-18T21:36:00.470+0000] {dag.py:4180} INFO - Setting next_dagrun for example_params_trigger_ui to None, run_after=None
[2026-07-18T21:36:00.524+0000] {processor.py:208} INFO - Processing /home/airflow/.local/lib/python3.12/site-packages/airflow/example_dags/example_params_trigger_ui.py took 0.278 seconds
[2026-07-18T21:36:31.748+0000] {processor.py:186} INFO - Started process (PID=1412) to work on /home/airflow/.local/lib/python3.12/site-packages/airflow/example_dags/example_params_trigger_ui.py
[2026-07-18T21:36:31.751+0000] {processor.py:914} INFO - Processing file /home/airflow/.local/lib/python3.12/site-packages/airflow/example_dags/example_params_trigger_ui.py for tasks to queue
[2026-07-18T21:36:31.756+0000] {logging_mixin.py:190} INFO - [2026-07-18T21:36:31.756+0000] {dagbag.py:588} INFO - Filling up the DagBag from /home/airflow/.local/lib/python3.12/site-packages/airflow/example_dags/example_params_trigger_ui.py
[2026-07-18T21:36:31.781+0000] {processor.py:925} INFO - DAG(s) 'example_params_trigger_ui' retrieved from /home/airflow/.local/lib/python3.12/site-packages/airflow/example_dags/example_params_trigger_ui.py
[2026-07-18T21:36:31.837+0000] {logging_mixin.py:190} INFO - [2026-07-18T21:36:31.836+0000] {dag.py:3239} INFO - Sync 1 DAGs
[2026-07-18T21:36:31.866+0000] {logging_mixin.py:190} INFO - [2026-07-18T21:36:31.866+0000] {dag.py:4180} INFO - Setting next_dagrun for example_params_trigger_ui to None, run_after=None
[2026-07-18T21:36:31.903+0000] {processor.py:208} INFO - Processing /home/airflow/.local/lib/python3.12/site-packages/airflow/example_dags/example_params_trigger_ui.py took 0.168 seconds
[2026-07-18T21:37:03.084+0000] {processor.py:186} INFO - Started process (PID=1476) to work on /home/airflow/.local/lib/python3.12/site-packages/airflow/example_dags/example_params_trigger_ui.py
[2026-07-18T21:37:03.086+0000] {processor.py:914} INFO - Processing file /home/airflow/.local/lib/python3.12/site-packages/airflow/example_dags/example_params_trigger_ui.py for tasks to queue
[2026-07-18T21:37:03.090+0000] {logging_mixin.py:190} INFO - [2026-07-18T21:37:03.090+0000] {dagbag.py:588} INFO - Filling up the DagBag from /home/airflow/.local/lib/python3.12/site-packages/airflow/example_dags/example_params_trigger_ui.py
[2026-07-18T21:37:03.105+0000] {processor.py:925} INFO - DAG(s) 'example_params_trigger_ui' retrieved from /home/airflow/.local/lib/python3.12/site-packages/airflow/example_dags/example_params_trigger_ui.py
[2026-07-18T21:37:03.158+0000] {logging_mixin.py:190} INFO - [2026-07-18T21:37:03.157+0000] {dag.py:3239} INFO - Sync 1 DAGs
[2026-07-18T21:37:03.177+0000] {logging_mixin.py:190} INFO - [2026-07-18T21:37:03.177+0000] {dag.py:4180} INFO - Setting next_dagrun for example_params_trigger_ui to None, run_after=None
[2026-07-18T21:37:03.205+0000] {processor.py:208} INFO - Processing /home/airflow/.local/lib/python3.12/site-packages/airflow/example_dags/example_params_trigger_ui.py took 0.130 seconds
[2026-07-18T21:37:35.761+0000] {processor.py:186} INFO - Started process (PID=1540) to work on /home/airflow/.local/lib/python3.12/site-packages/airflow/example_dags/example_params_trigger_ui.py
[2026-07-18T21:37:35.764+0000] {processor.py:914} INFO - Processing file /home/airflow/.local/lib/python3.12/site-packages/airflow/example_dags/example_params_trigger_ui.py for tasks to queue
[2026-07-18T21:37:35.769+0000] {logging_mixin.py:190} INFO - [2026-07-18T21:37:35.769+0000] {dagbag.py:588} INFO - Filling up the DagBag from /home/airflow/.local/lib/python3.12/site-packages/airflow/example_dags/example_params_trigger_ui.py
[2026-07-18T21:37:35.787+0000] {processor.py:925} INFO - DAG(s) 'example_params_trigger_ui' retrieved from /home/airflow/.local/lib/python3.12/site-packages/airflow/example_dags/example_params_trigger_ui.py
[2026-07-18T21:37:35.918+0000] {logging_mixin.py:190} INFO - [2026-07-18T21:37:35.917+0000] {dag.py:3239} INFO - Sync 1 DAGs
[2026-07-18T21:37:35.958+0000] {logging_mixin.py:190} INFO - [2026-07-18T21:37:35.958+0000] {dag.py:4180} INFO - Setting next_dagrun for example_params_trigger_ui to None, run_after=None
[2026-07-18T21:37:36.002+0000] {processor.py:208} INFO - Processing /home/airflow/.local/lib/python3.12/site-packages/airflow/example_dags/example_params_trigger_ui.py took 0.250 seconds
[2026-07-18T21:38:07.684+0000] {processor.py:186} INFO - Started process (PID=1604) to work on /home/airflow/.local/lib/python3.12/site-packages/airflow/example_dags/example_params_trigger_ui.py
[2026-07-18T21:38:07.689+0000] {processor.py:914} INFO - Processing file /home/airflow/.local/lib/python3.12/site-packages/airflow/example_dags/example_params_trigger_ui.py for tasks to queue
[2026-07-18T21:38:07.711+0000] {logging_mixin.py:190} INFO - [2026-07-18T21:38:07.710+0000] {dagbag.py:588} INFO - Filling up the DagBag from /home/airflow/.local/lib/python3.12/site-packages/airflow/example_dags/example_params_trigger_ui.py
[2026-07-18T21:38:07.761+0000] {processor.py:925} INFO - DAG(s) 'example_params_trigger_ui' retrieved from /home/airflow/.local/lib/python3.12/site-packages/airflow/example_dags/example_params_trigger_ui.py
[2026-07-18T21:38:07.820+0000] {logging_mixin.py:190} INFO - [2026-07-18T21:38:07.820+0000] {dag.py:3239} INFO - Sync 1 DAGs
[2026-07-18T21:38:07.843+0000] {logging_mixin.py:190} INFO - [2026-07-18T21:38:07.842+0000] {dag.py:4180} INFO - Setting next_dagrun for example_params_trigger_ui to None, run_after=None
[2026-07-18T21:38:07.880+0000] {processor.py:208} INFO - Processing /home/airflow/.local/lib/python3.12/site-packages/airflow/example_dags/example_params_trigger_ui.py took 0.218 seconds
[2026-07-18T21:38:39.106+0000] {processor.py:186} INFO - Started process (PID=1668) to work on /home/airflow/.local/lib/python3.12/site-packages/airflow/example_dags/example_params_trigger_ui.py
[2026-07-18T21:38:39.108+0000] {processor.py:914} INFO - Processing file /home/airflow/.local/lib/python3.12/site-packages/airflow/example_dags/example_params_trigger_ui.py for tasks to queue
[2026-07-18T21:38:39.113+0000] {logging_mixin.py:190} INFO - [2026-07-18T21:38:39.112+0000] {dagbag.py:588} INFO - Filling up the DagBag from /home/airflow/.local/lib/python3.12/site-packages/airflow/example_dags/example_params_trigger_ui.py
[2026-07-18T21:38:39.128+0000] {processor.py:925} INFO - DAG(s) 'example_params_trigger_ui' retrieved from /home/airflow/.local/lib/python3.12/site-packages/airflow/example_dags/example_params_trigger_ui.py
[2026-07-18T21:38:39.187+0000] {logging_mixin.py:190} INFO - [2026-07-18T21:38:39.186+0000] {dag.py:3239} INFO - Sync 1 DAGs
[2026-07-18T21:38:39.208+0000] {logging_mixin.py:190} INFO - [2026-07-18T21:38:39.207+0000] {dag.py:4180} INFO - Setting next_dagrun for example_params_trigger_ui to None, run_after=None
[2026-07-18T21:38:39.288+0000] {processor.py:208} INFO - Processing /home/airflow/.local/lib/python3.12/site-packages/airflow/example_dags/example_params_trigger_ui.py took 0.190 seconds
[2026-07-18T21:39:09.870+0000] {processor.py:186} INFO - Started process (PID=1732) to work on /home/airflow/.local/lib/python3.12/site-packages/airflow/example_dags/example_params_trigger_ui.py
[2026-07-18T21:39:09.874+0000] {processor.py:914} INFO - Processing file /home/airflow/.local/lib/python3.12/site-packages/airflow/example_dags/example_params_trigger_ui.py for tasks to queue
[2026-07-18T21:39:09.881+0000] {logging_mixin.py:190} INFO - [2026-07-18T21:39:09.880+0000] {dagbag.py:588} INFO - Filling up the DagBag from /home/airflow/.local/lib/python3.12/site-packages/airflow/example_dags/example_params_trigger_ui.py
[2026-07-18T21:39:09.911+0000] {processor.py:925} INFO - DAG(s) 'example_params_trigger_ui' retrieved from /home/airflow/.local/lib/python3.12/site-packages/airflow/example_dags/example_params_trigger_ui.py
[2026-07-18T21:39:10.013+0000] {logging_mixin.py:190} INFO - [2026-07-18T21:39:10.013+0000] {dag.py:3239} INFO - Sync 1 DAGs
[2026-07-18T21:39:10.047+0000] {logging_mixin.py:190} INFO - [2026-07-18T21:39:10.046+0000] {dag.py:4180} INFO - Setting next_dagrun for example_params_trigger_ui to None, run_after=None
[2026-07-18T21:39:10.083+0000] {processor.py:208} INFO - Processing /home/airflow/.local/lib/python3.12/site-packages/airflow/example_dags/example_params_trigger_ui.py took 0.230 seconds
[2026-07-18T21:39:43.090+0000] {processor.py:186} INFO - Started process (PID=1797) to work on /home/airflow/.local/lib/python3.12/site-packages/airflow/example_dags/example_params_trigger_ui.py
[2026-07-18T21:39:43.094+0000] {processor.py:914} INFO - Processing file /home/airflow/.local/lib/python3.12/site-packages/airflow/example_dags/example_params_trigger_ui.py for tasks to queue
[2026-07-18T21:39:43.102+0000] {logging_mixin.py:190} INFO - [2026-07-18T21:39:43.101+0000] {dagbag.py:588} INFO - Filling up the DagBag from /home/airflow/.local/lib/python3.12/site-packages/airflow/example_dags/example_params_trigger_ui.py
[2026-07-18T21:39:43.136+0000] {processor.py:925} INFO - DAG(s) 'example_params_trigger_ui' retrieved from /home/airflow/.local/lib/python3.12/site-packages/airflow/example_dags/example_params_trigger_ui.py
[2026-07-18T21:39:43.271+0000] {logging_mixin.py:190} INFO - [2026-07-18T21:39:43.270+0000] {dag.py:3239} INFO - Sync 1 DAGs
[2026-07-18T21:39:43.316+0000] {logging_mixin.py:190} INFO - [2026-07-18T21:39:43.315+0000] {dag.py:4180} INFO - Setting next_dagrun for example_params_trigger_ui to None, run_after=None
[2026-07-18T21:39:43.396+0000] {processor.py:208} INFO - Processing /home/airflow/.local/lib/python3.12/site-packages/airflow/example_dags/example_params_trigger_ui.py took 0.321 seconds
[2026-07-18T21:40:14.861+0000] {processor.py:186} INFO - Started process (PID=1861) to work on /home/airflow/.local/lib/python3.12/site-packages/airflow/example_dags/example_params_trigger_ui.py
[2026-07-18T21:40:14.864+0000] {processor.py:914} INFO - Processing file /home/airflow/.local/lib/python3.12/site-packages/airflow/example_dags/example_params_trigger_ui.py for tasks to queue
[2026-07-18T21:40:14.873+0000] {logging_mixin.py:190} INFO - [2026-07-18T21:40:14.872+0000] {dagbag.py:588} INFO - Filling up the DagBag from /home/airflow/.local/lib/python3.12/site-packages/airflow/example_dags/example_params_trigger_ui.py
[2026-07-18T21:40:14.904+0000] {processor.py:925} INFO - DAG(s) 'example_params_trigger_ui' retrieved from /home/airflow/.local/lib/python3.12/site-packages/airflow/example_dags/example_params_trigger_ui.py
[2026-07-18T21:40:14.984+0000] {logging_mixin.py:190} INFO - [2026-07-18T21:40:14.983+0000] {dag.py:3239} INFO - Sync 1 DAGs
[2026-07-18T21:40:15.016+0000] {logging_mixin.py:190} INFO - [2026-07-18T21:40:15.016+0000] {dag.py:4180} INFO - Setting next_dagrun for example_params_trigger_ui to None, run_after=None
[2026-07-18T21:40:15.073+0000] {processor.py:208} INFO - Processing /home/airflow/.local/lib/python3.12/site-packages/airflow/example_dags/example_params_trigger_ui.py took 0.227 seconds
[2026-07-18T21:40:45.953+0000] {processor.py:186} INFO - Started process (PID=1925) to work on /home/airflow/.local/lib/python3.12/site-packages/airflow/example_dags/example_params_trigger_ui.py
[2026-07-18T21:40:45.956+0000] {processor.py:914} INFO - Processing file /home/airflow/.local/lib/python3.12/site-packages/airflow/example_dags/example_params_trigger_ui.py for tasks to queue
[2026-07-18T21:40:45.962+0000] {logging_mixin.py:190} INFO - [2026-07-18T21:40:45.961+0000] {dagbag.py:588} INFO - Filling up the DagBag from /home/airflow/.local/lib/python3.12/site-packages/airflow/example_dags/example_params_trigger_ui.py
[2026-07-18T21:40:45.990+0000] {processor.py:925} INFO - DAG(s) 'example_params_trigger_ui' retrieved from /home/airflow/.local/lib/python3.12/site-packages/airflow/example_dags/example_params_trigger_ui.py
[2026-07-18T21:40:46.086+0000] {logging_mixin.py:190} INFO - [2026-07-18T21:40:46.085+0000] {dag.py:3239} INFO - Sync 1 DAGs
[2026-07-18T21:40:46.106+0000] {logging_mixin.py:190} INFO - [2026-07-18T21:40:46.106+0000] {dag.py:4180} INFO - Setting next_dagrun for example_params_trigger_ui to None, run_after=None
[2026-07-18T21:40:46.138+0000] {processor.py:208} INFO - Processing /home/airflow/.local/lib/python3.12/site-packages/airflow/example_dags/example_params_trigger_ui.py took 0.194 seconds
[2026-07-18T21:41:16.877+0000] {processor.py:186} INFO - Started process (PID=1989) to work on /home/airflow/.local/lib/python3.12/site-packages/airflow/example_dags/example_params_trigger_ui.py
[2026-07-18T21:41:16.880+0000] {processor.py:914} INFO - Processing file /home/airflow/.local/lib/python3.12/site-packages/airflow/example_dags/example_params_trigger_ui.py for tasks to queue
[2026-07-18T21:41:16.885+0000] {logging_mixin.py:190} INFO - [2026-07-18T21:41:16.884+0000] {dagbag.py:588} INFO - Filling up the DagBag from /home/airflow/.local/lib/python3.12/site-packages/airflow/example_dags/example_params_trigger_ui.py
[2026-07-18T21:41:16.911+0000] {processor.py:925} INFO - DAG(s) 'example_params_trigger_ui' retrieved from /home/airflow/.local/lib/python3.12/site-packages/airflow/example_dags/example_params_trigger_ui.py
[2026-07-18T21:41:17.004+0000] {logging_mixin.py:190} INFO - [2026-07-18T21:41:17.004+0000] {dag.py:3239} INFO - Sync 1 DAGs
[2026-07-18T21:41:17.025+0000] {logging_mixin.py:190} INFO - [2026-07-18T21:41:17.025+0000] {dag.py:4180} INFO - Setting next_dagrun for example_params_trigger_ui to None, run_after=None
[2026-07-18T21:41:17.111+0000] {processor.py:208} INFO - Processing /home/airflow/.local/lib/python3.12/site-packages/airflow/example_dags/example_params_trigger_ui.py took 0.244 seconds
[2026-07-18T21:41:48.482+0000] {processor.py:186} INFO - Started process (PID=2053) to work on /home/airflow/.local/lib/python3.12/site-packages/airflow/example_dags/example_params_trigger_ui.py
[2026-07-18T21:41:48.485+0000] {processor.py:914} INFO - Processing file /home/airflow/.local/lib/python3.12/site-packages/airflow/example_dags/example_params_trigger_ui.py for tasks to queue
[2026-07-18T21:41:48.490+0000] {logging_mixin.py:190} INFO - [2026-07-18T21:41:48.490+0000] {dagbag.py:588} INFO - Filling up the DagBag from /home/airflow/.local/lib/python3.12/site-packages/airflow/example_dags/example_params_trigger_ui.py
[2026-07-18T21:41:48.507+0000] {processor.py:925} INFO - DAG(s) 'example_params_trigger_ui' retrieved from /home/airflow/.local/lib/python3.12/site-packages/airflow/example_dags/example_params_trigger_ui.py
[2026-07-18T21:41:48.580+0000] {logging_mixin.py:190} INFO - [2026-07-18T21:41:48.579+0000] {dag.py:3239} INFO - Sync 1 DAGs
[2026-07-18T21:41:48.614+0000] {logging_mixin.py:190} INFO - [2026-07-18T21:41:48.614+0000] {dag.py:4180} INFO - Setting next_dagrun for example_params_trigger_ui to None, run_after=None
[2026-07-18T21:41:48.650+0000] {processor.py:208} INFO - Processing /home/airflow/.local/lib/python3.12/site-packages/airflow/example_dags/example_params_trigger_ui.py took 0.177 seconds
[2026-07-18T21:42:20.670+0000] {processor.py:186} INFO - Started process (PID=2119) to work on /home/airflow/.local/lib/python3.12/site-packages/airflow/example_dags/example_params_trigger_ui.py
[2026-07-18T21:42:20.672+0000] {processor.py:914} INFO - Processing file /home/airflow/.local/lib/python3.12/site-packages/airflow/example_dags/example_params_trigger_ui.py for tasks to queue
[2026-07-18T21:42:20.677+0000] {logging_mixin.py:190} INFO - [2026-07-18T21:42:20.676+0000] {dagbag.py:588} INFO - Filling up the DagBag from /home/airflow/.local/lib/python3.12/site-packages/airflow/example_dags/example_params_trigger_ui.py
[2026-07-18T21:42:20.694+0000] {processor.py:925} INFO - DAG(s) 'example_params_trigger_ui' retrieved from /home/airflow/.local/lib/python3.12/site-packages/airflow/example_dags/example_params_trigger_ui.py
[2026-07-18T21:42:20.758+0000] {logging_mixin.py:190} INFO - [2026-07-18T21:42:20.757+0000] {dag.py:3239} INFO - Sync 1 DAGs
[2026-07-18T21:42:20.778+0000] {logging_mixin.py:190} INFO - [2026-07-18T21:42:20.778+0000] {dag.py:4180} INFO - Setting next_dagrun for example_params_trigger_ui to None, run_after=None
[2026-07-18T21:42:20.878+0000] {processor.py:208} INFO - Processing /home/airflow/.local/lib/python3.12/site-packages/airflow/example_dags/example_params_trigger_ui.py took 0.221 seconds
[2026-07-18T21:42:51.865+0000] {processor.py:186} INFO - Started process (PID=2183) to work on /home/airflow/.local/lib/python3.12/site-packages/airflow/example_dags/example_params_trigger_ui.py
[2026-07-18T21:42:51.867+0000] {processor.py:914} INFO - Processing file /home/airflow/.local/lib/python3.12/site-packages/airflow/example_dags/example_params_trigger_ui.py for tasks to queue
[2026-07-18T21:42:51.871+0000] {logging_mixin.py:190} INFO - [2026-07-18T21:42:51.871+0000] {dagbag.py:588} INFO - Filling up the DagBag from /home/airflow/.local/lib/python3.12/site-packages/airflow/example_dags/example_params_trigger_ui.py
[2026-07-18T21:42:51.885+0000] {processor.py:925} INFO - DAG(s) 'example_params_trigger_ui' retrieved from /home/airflow/.local/lib/python3.12/site-packages/airflow/example_dags/example_params_trigger_ui.py
[2026-07-18T21:42:51.957+0000] {logging_mixin.py:190} INFO - [2026-07-18T21:42:51.957+0000] {dag.py:3239} INFO - Sync 1 DAGs
[2026-07-18T21:42:51.982+0000] {logging_mixin.py:190} INFO - [2026-07-18T21:42:51.982+0000] {dag.py:4180} INFO - Setting next_dagrun for example_params_trigger_ui to None, run_after=None
[2026-07-18T21:42:52.018+0000] {processor.py:208} INFO - Processing /home/airflow/.local/lib/python3.12/site-packages/airflow/example_dags/example_params_trigger_ui.py took 0.161 seconds
[2026-07-18T21:43:24.943+0000] {processor.py:186} INFO - Started process (PID=2251) to work on /home/airflow/.local/lib/python3.12/site-packages/airflow/example_dags/example_params_trigger_ui.py
[2026-07-18T21:43:24.946+0000] {processor.py:914} INFO - Processing file /home/airflow/.local/lib/python3.12/site-packages/airflow/example_dags/example_params_trigger_ui.py for tasks to queue
[2026-07-18T21:43:24.953+0000] {logging_mixin.py:190} INFO - [2026-07-18T21:43:24.953+0000] {dagbag.py:588} INFO - Filling up the DagBag from /home/airflow/.local/lib/python3.12/site-packages/airflow/example_dags/example_params_trigger_ui.py
[2026-07-18T21:43:24.982+0000] {processor.py:925} INFO - DAG(s) 'example_params_trigger_ui' retrieved from /home/airflow/.local/lib/python3.12/site-packages/airflow/example_dags/example_params_trigger_ui.py
[2026-07-18T21:43:25.053+0000] {logging_mixin.py:190} INFO - [2026-07-18T21:43:25.053+0000] {dag.py:3239} INFO - Sync 1 DAGs
[2026-07-18T21:43:25.080+0000] {logging_mixin.py:190} INFO - [2026-07-18T21:43:25.080+0000] {dag.py:4180} INFO - Setting next_dagrun for example_params_trigger_ui to None, run_after=None
[2026-07-18T21:43:25.121+0000] {processor.py:208} INFO - Processing /home/airflow/.local/lib/python3.12/site-packages/airflow/example_dags/example_params_trigger_ui.py took 0.198 seconds
[2026-07-18T21:43:56.160+0000] {processor.py:186} INFO - Started process (PID=2316) to work on /home/airflow/.local/lib/python3.12/site-packages/airflow/example_dags/example_params_trigger_ui.py
[2026-07-18T21:43:56.162+0000] {processor.py:914} INFO - Processing file /home/airflow/.local/lib/python3.12/site-packages/airflow/example_dags/example_params_trigger_ui.py for tasks to queue
[2026-07-18T21:43:56.167+0000] {logging_mixin.py:190} INFO - [2026-07-18T21:43:56.167+0000] {dagbag.py:588} INFO - Filling up the DagBag from /home/airflow/.local/lib/python3.12/site-packages/airflow/example_dags/example_params_trigger_ui.py
[2026-07-18T21:43:56.188+0000] {processor.py:925} INFO - DAG(s) 'example_params_trigger_ui' retrieved from /home/airflow/.local/lib/python3.12/site-packages/airflow/example_dags/example_params_trigger_ui.py
[2026-07-18T21:43:56.250+0000] {logging_mixin.py:190} INFO - [2026-07-18T21:43:56.249+0000] {dag.py:3239} INFO - Sync 1 DAGs
[2026-07-18T21:43:56.273+0000] {logging_mixin.py:190} INFO - [2026-07-18T21:43:56.272+0000] {dag.py:4180} INFO - Setting next_dagrun for example_params_trigger_ui to None, run_after=None
[2026-07-18T21:43:56.301+0000] {processor.py:208} INFO - Processing /home/airflow/.local/lib/python3.12/site-packages/airflow/example_dags/example_params_trigger_ui.py took 0.148 seconds
[2026-07-18T21:44:27.492+0000] {processor.py:186} INFO - Started process (PID=2386) to work on /home/airflow/.local/lib/python3.12/site-packages/airflow/example_dags/example_params_trigger_ui.py
[2026-07-18T21:44:27.495+0000] {processor.py:914} INFO - Processing file /home/airflow/.local/lib/python3.12/site-packages/airflow/example_dags/example_params_trigger_ui.py for tasks to queue
[2026-07-18T21:44:27.500+0000] {logging_mixin.py:190} INFO - [2026-07-18T21:44:27.500+0000] {dagbag.py:588} INFO - Filling up the DagBag from /home/airflow/.local/lib/python3.12/site-packages/airflow/example_dags/example_params_trigger_ui.py
[2026-07-18T21:44:27.523+0000] {processor.py:925} INFO - DAG(s) 'example_params_trigger_ui' retrieved from /home/airflow/.local/lib/python3.12/site-packages/airflow/example_dags/example_params_trigger_ui.py
[2026-07-18T21:44:27.596+0000] {logging_mixin.py:190} INFO - [2026-07-18T21:44:27.595+0000] {dag.py:3239} INFO - Sync 1 DAGs
[2026-07-18T21:44:27.625+0000] {logging_mixin.py:190} INFO - [2026-07-18T21:44:27.625+0000] {dag.py:4180} INFO - Setting next_dagrun for example_params_trigger_ui to None, run_after=None
[2026-07-18T21:44:27.657+0000] {processor.py:208} INFO - Processing /home/airflow/.local/lib/python3.12/site-packages/airflow/example_dags/example_params_trigger_ui.py took 0.178 seconds
[2026-07-18T21:44:58.519+0000] {processor.py:186} INFO - Started process (PID=2450) to work on /home/airflow/.local/lib/python3.12/site-packages/airflow/example_dags/example_params_trigger_ui.py
[2026-07-18T21:44:58.527+0000] {processor.py:914} INFO - Processing file /home/airflow/.local/lib/python3.12/site-packages/airflow/example_dags/example_params_trigger_ui.py for tasks to queue
[2026-07-18T21:44:58.532+0000] {logging_mixin.py:190} INFO - [2026-07-18T21:44:58.532+0000] {dagbag.py:588} INFO - Filling up the DagBag from /home/airflow/.local/lib/python3.12/site-packages/airflow/example_dags/example_params_trigger_ui.py
[2026-07-18T21:44:58.552+0000] {processor.py:925} INFO - DAG(s) 'example_params_trigger_ui' retrieved from /home/airflow/.local/lib/python3.12/site-packages/airflow/example_dags/example_params_trigger_ui.py
[2026-07-18T21:44:58.621+0000] {logging_mixin.py:190} INFO - [2026-07-18T21:44:58.620+0000] {dag.py:3239} INFO - Sync 1 DAGs
[2026-07-18T21:44:58.645+0000] {logging_mixin.py:190} INFO - [2026-07-18T21:44:58.644+0000] {dag.py:4180} INFO - Setting next_dagrun for example_params_trigger_ui to None, run_after=None
[2026-07-18T21:44:58.680+0000] {processor.py:208} INFO - Processing /home/airflow/.local/lib/python3.12/site-packages/airflow/example_dags/example_params_trigger_ui.py took 0.173 seconds
[2026-07-18T21:45:31.766+0000] {processor.py:186} INFO - Started process (PID=2518) to work on /home/airflow/.local/lib/python3.12/site-packages/airflow/example_dags/example_params_trigger_ui.py
[2026-07-18T21:45:31.771+0000] {processor.py:914} INFO - Processing file /home/airflow/.local/lib/python3.12/site-packages/airflow/example_dags/example_params_trigger_ui.py for tasks to queue
[2026-07-18T21:45:31.778+0000] {logging_mixin.py:190} INFO - [2026-07-18T21:45:31.778+0000] {dagbag.py:588} INFO - Filling up the DagBag from /home/airflow/.local/lib/python3.12/site-packages/airflow/example_dags/example_params_trigger_ui.py
[2026-07-18T21:45:31.811+0000] {processor.py:925} INFO - DAG(s) 'example_params_trigger_ui' retrieved from /home/airflow/.local/lib/python3.12/site-packages/airflow/example_dags/example_params_trigger_ui.py
[2026-07-18T21:45:31.957+0000] {logging_mixin.py:190} INFO - [2026-07-18T21:45:31.957+0000] {dag.py:3239} INFO - Sync 1 DAGs
[2026-07-18T21:45:31.995+0000] {logging_mixin.py:190} INFO - [2026-07-18T21:45:31.994+0000] {dag.py:4180} INFO - Setting next_dagrun for example_params_trigger_ui to None, run_after=None
[2026-07-18T21:45:32.058+0000] {processor.py:208} INFO - Processing /home/airflow/.local/lib/python3.12/site-packages/airflow/example_dags/example_params_trigger_ui.py took 0.308 seconds
[2026-07-18T21:46:02.736+0000] {processor.py:186} INFO - Started process (PID=2582) to work on /home/airflow/.local/lib/python3.12/site-packages/airflow/example_dags/example_params_trigger_ui.py
[2026-07-18T21:46:02.739+0000] {processor.py:914} INFO - Processing file /home/airflow/.local/lib/python3.12/site-packages/airflow/example_dags/example_params_trigger_ui.py for tasks to queue
[2026-07-18T21:46:02.746+0000] {logging_mixin.py:190} INFO - [2026-07-18T21:46:02.745+0000] {dagbag.py:588} INFO - Filling up the DagBag from /home/airflow/.local/lib/python3.12/site-packages/airflow/example_dags/example_params_trigger_ui.py
[2026-07-18T21:46:02.774+0000] {processor.py:925} INFO - DAG(s) 'example_params_trigger_ui' retrieved from /home/airflow/.local/lib/python3.12/site-packages/airflow/example_dags/example_params_trigger_ui.py
[2026-07-18T21:46:02.904+0000] {logging_mixin.py:190} INFO - [2026-07-18T21:46:02.903+0000] {dag.py:3239} INFO - Sync 1 DAGs
[2026-07-18T21:46:02.957+0000] {logging_mixin.py:190} INFO - [2026-07-18T21:46:02.956+0000] {dag.py:4180} INFO - Setting next_dagrun for example_params_trigger_ui to None, run_after=None
[2026-07-18T21:46:03.019+0000] {processor.py:208} INFO - Processing /home/airflow/.local/lib/python3.12/site-packages/airflow/example_dags/example_params_trigger_ui.py took 0.296 seconds
[2026-07-18T21:46:33.399+0000] {processor.py:186} INFO - Started process (PID=2646) to work on /home/airflow/.local/lib/python3.12/site-packages/airflow/example_dags/example_params_trigger_ui.py
[2026-07-18T21:46:33.402+0000] {processor.py:914} INFO - Processing file /home/airflow/.local/lib/python3.12/site-packages/airflow/example_dags/example_params_trigger_ui.py for tasks to queue
[2026-07-18T21:46:33.408+0000] {logging_mixin.py:190} INFO - [2026-07-18T21:46:33.407+0000] {dagbag.py:588} INFO - Filling up the DagBag from /home/airflow/.local/lib/python3.12/site-packages/airflow/example_dags/example_params_trigger_ui.py
[2026-07-18T21:46:33.430+0000] {processor.py:925} INFO - DAG(s) 'example_params_trigger_ui' retrieved from /home/airflow/.local/lib/python3.12/site-packages/airflow/example_dags/example_params_trigger_ui.py
[2026-07-18T21:46:33.540+0000] {logging_mixin.py:190} INFO - [2026-07-18T21:46:33.539+0000] {dag.py:3239} INFO - Sync 1 DAGs
[2026-07-18T21:46:33.570+0000] {logging_mixin.py:190} INFO - [2026-07-18T21:46:33.570+0000] {dag.py:4180} INFO - Setting next_dagrun for example_params_trigger_ui to None, run_after=None
[2026-07-18T21:46:33.602+0000] {processor.py:208} INFO - Processing /home/airflow/.local/lib/python3.12/site-packages/airflow/example_dags/example_params_trigger_ui.py took 0.213 seconds
[2026-07-18T21:47:04.323+0000] {processor.py:186} INFO - Started process (PID=2710) to work on /home/airflow/.local/lib/python3.12/site-packages/airflow/example_dags/example_params_trigger_ui.py
[2026-07-18T21:47:04.326+0000] {processor.py:914} INFO - Processing file /home/airflow/.local/lib/python3.12/site-packages/airflow/example_dags/example_params_trigger_ui.py for tasks to queue
[2026-07-18T21:47:04.331+0000] {logging_mixin.py:190} INFO - [2026-07-18T21:47:04.331+0000] {dagbag.py:588} INFO - Filling up the DagBag from /home/airflow/.local/lib/python3.12/site-packages/airflow/example_dags/example_params_trigger_ui.py
[2026-07-18T21:47:04.353+0000] {processor.py:925} INFO - DAG(s) 'example_params_trigger_ui' retrieved from /home/airflow/.local/lib/python3.12/site-packages/airflow/example_dags/example_params_trigger_ui.py
[2026-07-18T21:47:04.411+0000] {logging_mixin.py:190} INFO - [2026-07-18T21:47:04.410+0000] {dag.py:3239} INFO - Sync 1 DAGs
[2026-07-18T21:47:04.430+0000] {logging_mixin.py:190} INFO - [2026-07-18T21:47:04.430+0000] {dag.py:4180} INFO - Setting next_dagrun for example_params_trigger_ui to None, run_after=None
[2026-07-18T21:47:04.456+0000] {processor.py:208} INFO - Processing /home/airflow/.local/lib/python3.12/site-packages/airflow/example_dags/example_params_trigger_ui.py took 0.144 seconds
[2026-07-18T21:47:36.218+0000] {processor.py:186} INFO - Started process (PID=2774) to work on /home/airflow/.local/lib/python3.12/site-packages/airflow/example_dags/example_params_trigger_ui.py
[2026-07-18T21:47:36.221+0000] {processor.py:914} INFO - Processing file /home/airflow/.local/lib/python3.12/site-packages/airflow/example_dags/example_params_trigger_ui.py for tasks to queue
[2026-07-18T21:47:36.226+0000] {logging_mixin.py:190} INFO - [2026-07-18T21:47:36.225+0000] {dagbag.py:588} INFO - Filling up the DagBag from /home/airflow/.local/lib/python3.12/site-packages/airflow/example_dags/example_params_trigger_ui.py
[2026-07-18T21:47:36.248+0000] {processor.py:925} INFO - DAG(s) 'example_params_trigger_ui' retrieved from /home/airflow/.local/lib/python3.12/site-packages/airflow/example_dags/example_params_trigger_ui.py
[2026-07-18T21:47:36.310+0000] {logging_mixin.py:190} INFO - [2026-07-18T21:47:36.310+0000] {dag.py:3239} INFO - Sync 1 DAGs
[2026-07-18T21:47:36.331+0000] {logging_mixin.py:190} INFO - [2026-07-18T21:47:36.331+0000] {dag.py:4180} INFO - Setting next_dagrun for example_params_trigger_ui to None, run_after=None
[2026-07-18T21:47:36.363+0000] {processor.py:208} INFO - Processing /home/airflow/.local/lib/python3.12/site-packages/airflow/example_dags/example_params_trigger_ui.py took 0.154 seconds
[2026-07-18T21:48:07.379+0000] {processor.py:186} INFO - Started process (PID=2838) to work on /home/airflow/.local/lib/python3.12/site-packages/airflow/example_dags/example_params_trigger_ui.py
[2026-07-18T21:48:07.382+0000] {processor.py:914} INFO - Processing file /home/airflow/.local/lib/python3.12/site-packages/airflow/example_dags/example_params_trigger_ui.py for tasks to queue
[2026-07-18T21:48:07.388+0000] {logging_mixin.py:190} INFO - [2026-07-18T21:48:07.387+0000] {dagbag.py:588} INFO - Filling up the DagBag from /home/airflow/.local/lib/python3.12/site-packages/airflow/example_dags/example_params_trigger_ui.py
[2026-07-18T21:48:07.404+0000] {processor.py:925} INFO - DAG(s) 'example_params_trigger_ui' retrieved from /home/airflow/.local/lib/python3.12/site-packages/airflow/example_dags/example_params_trigger_ui.py
[2026-07-18T21:48:07.464+0000] {logging_mixin.py:190} INFO - [2026-07-18T21:48:07.464+0000] {dag.py:3239} INFO - Sync 1 DAGs
[2026-07-18T21:48:07.483+0000] {logging_mixin.py:190} INFO - [2026-07-18T21:48:07.483+0000] {dag.py:4180} INFO - Setting next_dagrun for example_params_trigger_ui to None, run_after=None
[2026-07-18T21:48:07.511+0000] {processor.py:208} INFO - Processing /home/airflow/.local/lib/python3.12/site-packages/airflow/example_dags/example_params_trigger_ui.py took 0.140 seconds
[2026-07-18T21:48:38.673+0000] {processor.py:186} INFO - Started process (PID=2902) to work on /home/airflow/.local/lib/python3.12/site-packages/airflow/example_dags/example_params_trigger_ui.py
[2026-07-18T21:48:38.682+0000] {processor.py:914} INFO - Processing file /home/airflow/.local/lib/python3.12/site-packages/airflow/example_dags/example_params_trigger_ui.py for tasks to queue
[2026-07-18T21:48:38.688+0000] {logging_mixin.py:190} INFO - [2026-07-18T21:48:38.687+0000] {dagbag.py:588} INFO - Filling up the DagBag from /home/airflow/.local/lib/python3.12/site-packages/airflow/example_dags/example_params_trigger_ui.py
[2026-07-18T21:48:38.707+0000] {processor.py:925} INFO - DAG(s) 'example_params_trigger_ui' retrieved from /home/airflow/.local/lib/python3.12/site-packages/airflow/example_dags/example_params_trigger_ui.py
[2026-07-18T21:48:38.759+0000] {logging_mixin.py:190} INFO - [2026-07-18T21:48:38.758+0000] {dag.py:3239} INFO - Sync 1 DAGs
[2026-07-18T21:48:38.776+0000] {logging_mixin.py:190} INFO - [2026-07-18T21:48:38.776+0000] {dag.py:4180} INFO - Setting next_dagrun for example_params_trigger_ui to None, run_after=None
[2026-07-18T21:48:38.804+0000] {processor.py:208} INFO - Processing /home/airflow/.local/lib/python3.12/site-packages/airflow/example_dags/example_params_trigger_ui.py took 0.139 seconds
[2026-07-18T21:49:10.803+0000] {processor.py:186} INFO - Started process (PID=2966) to work on /home/airflow/.local/lib/python3.12/site-packages/airflow/example_dags/example_params_trigger_ui.py
[2026-07-18T21:49:10.807+0000] {processor.py:914} INFO - Processing file /home/airflow/.local/lib/python3.12/site-packages/airflow/example_dags/example_params_trigger_ui.py for tasks to queue
[2026-07-18T21:49:10.815+0000] {logging_mixin.py:190} INFO - [2026-07-18T21:49:10.815+0000] {dagbag.py:588} INFO - Filling up the DagBag from /home/airflow/.local/lib/python3.12/site-packages/airflow/example_dags/example_params_trigger_ui.py
[2026-07-18T21:49:10.840+0000] {processor.py:925} INFO - DAG(s) 'example_params_trigger_ui' retrieved from /home/airflow/.local/lib/python3.12/site-packages/airflow/example_dags/example_params_trigger_ui.py
[2026-07-18T21:49:10.904+0000] {logging_mixin.py:190} INFO - [2026-07-18T21:49:10.904+0000] {dag.py:3239} INFO - Sync 1 DAGs
[2026-07-18T21:49:10.932+0000] {logging_mixin.py:190} INFO - [2026-07-18T21:49:10.932+0000] {dag.py:4180} INFO - Setting next_dagrun for example_params_trigger_ui to None, run_after=None
[2026-07-18T21:49:10.963+0000] {processor.py:208} INFO - Processing /home/airflow/.local/lib/python3.12/site-packages/airflow/example_dags/example_params_trigger_ui.py took 0.169 seconds
[2026-07-18T22:00:41.027+0000] {processor.py:186} INFO - Started process (PID=3035) to work on /home/airflow/.local/lib/python3.12/site-packages/airflow/example_dags/example_params_trigger_ui.py
[2026-07-18T22:00:41.034+0000] {processor.py:914} INFO - Processing file /home/airflow/.local/lib/python3.12/site-packages/airflow/example_dags/example_params_trigger_ui.py for tasks to queue
[2026-07-18T22:00:41.037+0000] {logging_mixin.py:190} INFO - [2026-07-18T22:00:41.036+0000] {dagbag.py:588} INFO - Filling up the DagBag from /home/airflow/.local/lib/python3.12/site-packages/airflow/example_dags/example_params_trigger_ui.py
[2026-07-18T22:00:41.056+0000] {processor.py:925} INFO - DAG(s) 'example_params_trigger_ui' retrieved from /home/airflow/.local/lib/python3.12/site-packages/airflow/example_dags/example_params_trigger_ui.py
[2026-07-18T22:00:41.136+0000] {logging_mixin.py:190} INFO - [2026-07-18T22:00:41.135+0000] {dag.py:3239} INFO - Sync 1 DAGs
[2026-07-18T22:00:41.160+0000] {logging_mixin.py:190} INFO - [2026-07-18T22:00:41.159+0000] {dag.py:4180} INFO - Setting next_dagrun for example_params_trigger_ui to None, run_after=None
[2026-07-18T22:00:41.197+0000] {processor.py:208} INFO - Processing /home/airflow/.local/lib/python3.12/site-packages/airflow/example_dags/example_params_trigger_ui.py took 0.181 seconds
[2026-07-18T22:01:12.652+0000] {processor.py:186} INFO - Started process (PID=3099) to work on /home/airflow/.local/lib/python3.12/site-packages/airflow/example_dags/example_params_trigger_ui.py
[2026-07-18T22:01:12.655+0000] {processor.py:914} INFO - Processing file /home/airflow/.local/lib/python3.12/site-packages/airflow/example_dags/example_params_trigger_ui.py for tasks to queue
[2026-07-18T22:01:12.659+0000] {logging_mixin.py:190} INFO - [2026-07-18T22:01:12.658+0000] {dagbag.py:588} INFO - Filling up the DagBag from /home/airflow/.local/lib/python3.12/site-packages/airflow/example_dags/example_params_trigger_ui.py
[2026-07-18T22:01:12.683+0000] {processor.py:925} INFO - DAG(s) 'example_params_trigger_ui' retrieved from /home/airflow/.local/lib/python3.12/site-packages/airflow/example_dags/example_params_trigger_ui.py
[2026-07-18T22:01:12.756+0000] {logging_mixin.py:190} INFO - [2026-07-18T22:01:12.756+0000] {dag.py:3239} INFO - Sync 1 DAGs
[2026-07-18T22:01:12.780+0000] {logging_mixin.py:190} INFO - [2026-07-18T22:01:12.779+0000] {dag.py:4180} INFO - Setting next_dagrun for example_params_trigger_ui to None, run_after=None
[2026-07-18T22:01:12.816+0000] {processor.py:208} INFO - Processing /home/airflow/.local/lib/python3.12/site-packages/airflow/example_dags/example_params_trigger_ui.py took 0.176 seconds
[2026-07-18T22:01:43.953+0000] {processor.py:186} INFO - Started process (PID=3163) to work on /home/airflow/.local/lib/python3.12/site-packages/airflow/example_dags/example_params_trigger_ui.py
[2026-07-18T22:01:43.956+0000] {processor.py:914} INFO - Processing file /home/airflow/.local/lib/python3.12/site-packages/airflow/example_dags/example_params_trigger_ui.py for tasks to queue
[2026-07-18T22:01:43.960+0000] {logging_mixin.py:190} INFO - [2026-07-18T22:01:43.959+0000] {dagbag.py:588} INFO - Filling up the DagBag from /home/airflow/.local/lib/python3.12/site-packages/airflow/example_dags/example_params_trigger_ui.py
[2026-07-18T22:01:43.992+0000] {processor.py:925} INFO - DAG(s) 'example_params_trigger_ui' retrieved from /home/airflow/.local/lib/python3.12/site-packages/airflow/example_dags/example_params_trigger_ui.py
[2026-07-18T22:01:44.054+0000] {logging_mixin.py:190} INFO - [2026-07-18T22:01:44.054+0000] {dag.py:3239} INFO - Sync 1 DAGs
[2026-07-18T22:01:44.076+0000] {logging_mixin.py:190} INFO - [2026-07-18T22:01:44.075+0000] {dag.py:4180} INFO - Setting next_dagrun for example_params_trigger_ui to None, run_after=None
[2026-07-18T22:01:44.108+0000] {processor.py:208} INFO - Processing /home/airflow/.local/lib/python3.12/site-packages/airflow/example_dags/example_params_trigger_ui.py took 0.173 seconds
[2026-07-18T22:02:15.717+0000] {processor.py:186} INFO - Started process (PID=3227) to work on /home/airflow/.local/lib/python3.12/site-packages/airflow/example_dags/example_params_trigger_ui.py
[2026-07-18T22:02:15.719+0000] {processor.py:914} INFO - Processing file /home/airflow/.local/lib/python3.12/site-packages/airflow/example_dags/example_params_trigger_ui.py for tasks to queue
[2026-07-18T22:02:15.722+0000] {logging_mixin.py:190} INFO - [2026-07-18T22:02:15.722+0000] {dagbag.py:588} INFO - Filling up the DagBag from /home/airflow/.local/lib/python3.12/site-packages/airflow/example_dags/example_params_trigger_ui.py
[2026-07-18T22:02:15.740+0000] {processor.py:925} INFO - DAG(s) 'example_params_trigger_ui' retrieved from /home/airflow/.local/lib/python3.12/site-packages/airflow/example_dags/example_params_trigger_ui.py
[2026-07-18T22:02:15.794+0000] {logging_mixin.py:190} INFO - [2026-07-18T22:02:15.794+0000] {dag.py:3239} INFO - Sync 1 DAGs
[2026-07-18T22:02:15.811+0000] {logging_mixin.py:190} INFO - [2026-07-18T22:02:15.810+0000] {dag.py:4180} INFO - Setting next_dagrun for example_params_trigger_ui to None, run_after=None
[2026-07-18T22:02:15.895+0000] {processor.py:208} INFO - Processing /home/airflow/.local/lib/python3.12/site-packages/airflow/example_dags/example_params_trigger_ui.py took 0.186 seconds
[2026-07-18T22:02:47.167+0000] {processor.py:186} INFO - Started process (PID=3291) to work on /home/airflow/.local/lib/python3.12/site-packages/airflow/example_dags/example_params_trigger_ui.py
[2026-07-18T22:02:47.170+0000] {processor.py:914} INFO - Processing file /home/airflow/.local/lib/python3.12/site-packages/airflow/example_dags/example_params_trigger_ui.py for tasks to queue
[2026-07-18T22:02:47.173+0000] {logging_mixin.py:190} INFO - [2026-07-18T22:02:47.173+0000] {dagbag.py:588} INFO - Filling up the DagBag from /home/airflow/.local/lib/python3.12/site-packages/airflow/example_dags/example_params_trigger_ui.py
[2026-07-18T22:02:47.195+0000] {processor.py:925} INFO - DAG(s) 'example_params_trigger_ui' retrieved from /home/airflow/.local/lib/python3.12/site-packages/airflow/example_dags/example_params_trigger_ui.py
[2026-07-18T22:02:47.246+0000] {logging_mixin.py:190} INFO - [2026-07-18T22:02:47.246+0000] {dag.py:3239} INFO - Sync 1 DAGs
[2026-07-18T22:02:47.268+0000] {logging_mixin.py:190} INFO - [2026-07-18T22:02:47.267+0000] {dag.py:4180} INFO - Setting next_dagrun for example_params_trigger_ui to None, run_after=None
[2026-07-18T22:02:47.386+0000] {processor.py:208} INFO - Processing /home/airflow/.local/lib/python3.12/site-packages/airflow/example_dags/example_params_trigger_ui.py took 0.229 seconds
[2026-07-18T22:03:18.055+0000] {processor.py:186} INFO - Started process (PID=3355) to work on /home/airflow/.local/lib/python3.12/site-packages/airflow/example_dags/example_params_trigger_ui.py
[2026-07-18T22:03:18.057+0000] {processor.py:914} INFO - Processing file /home/airflow/.local/lib/python3.12/site-packages/airflow/example_dags/example_params_trigger_ui.py for tasks to queue
[2026-07-18T22:03:18.060+0000] {logging_mixin.py:190} INFO - [2026-07-18T22:03:18.059+0000] {dagbag.py:588} INFO - Filling up the DagBag from /home/airflow/.local/lib/python3.12/site-packages/airflow/example_dags/example_params_trigger_ui.py
[2026-07-18T22:03:18.078+0000] {processor.py:925} INFO - DAG(s) 'example_params_trigger_ui' retrieved from /home/airflow/.local/lib/python3.12/site-packages/airflow/example_dags/example_params_trigger_ui.py
[2026-07-18T22:03:18.153+0000] {logging_mixin.py:190} INFO - [2026-07-18T22:03:18.152+0000] {dag.py:3239} INFO - Sync 1 DAGs
[2026-07-18T22:03:18.176+0000] {logging_mixin.py:190} INFO - [2026-07-18T22:03:18.176+0000] {dag.py:4180} INFO - Setting next_dagrun for example_params_trigger_ui to None, run_after=None
[2026-07-18T22:03:18.205+0000] {processor.py:208} INFO - Processing /home/airflow/.local/lib/python3.12/site-packages/airflow/example_dags/example_params_trigger_ui.py took 0.159 seconds
[2026-07-18T22:03:50.205+0000] {processor.py:186} INFO - Started process (PID=3419) to work on /home/airflow/.local/lib/python3.12/site-packages/airflow/example_dags/example_params_trigger_ui.py
[2026-07-18T22:03:50.208+0000] {processor.py:914} INFO - Processing file /home/airflow/.local/lib/python3.12/site-packages/airflow/example_dags/example_params_trigger_ui.py for tasks to queue
[2026-07-18T22:03:50.211+0000] {logging_mixin.py:190} INFO - [2026-07-18T22:03:50.210+0000] {dagbag.py:588} INFO - Filling up the DagBag from /home/airflow/.local/lib/python3.12/site-packages/airflow/example_dags/example_params_trigger_ui.py
[2026-07-18T22:03:50.231+0000] {processor.py:925} INFO - DAG(s) 'example_params_trigger_ui' retrieved from /home/airflow/.local/lib/python3.12/site-packages/airflow/example_dags/example_params_trigger_ui.py
[2026-07-18T22:03:50.303+0000] {logging_mixin.py:190} INFO - [2026-07-18T22:03:50.302+0000] {dag.py:3239} INFO - Sync 1 DAGs
[2026-07-18T22:03:50.324+0000] {logging_mixin.py:190} INFO - [2026-07-18T22:03:50.324+0000] {dag.py:4180} INFO - Setting next_dagrun for example_params_trigger_ui to None, run_after=None
[2026-07-18T22:03:50.567+0000] {processor.py:208} INFO - Processing /home/airflow/.local/lib/python3.12/site-packages/airflow/example_dags/example_params_trigger_ui.py took 0.375 seconds
[2026-07-18T22:04:20.653+0000] {processor.py:186} INFO - Started process (PID=3483) to work on /home/airflow/.local/lib/python3.12/site-packages/airflow/example_dags/example_params_trigger_ui.py
[2026-07-18T22:04:20.656+0000] {processor.py:914} INFO - Processing file /home/airflow/.local/lib/python3.12/site-packages/airflow/example_dags/example_params_trigger_ui.py for tasks to queue
[2026-07-18T22:04:20.661+0000] {logging_mixin.py:190} INFO - [2026-07-18T22:04:20.660+0000] {dagbag.py:588} INFO - Filling up the DagBag from /home/airflow/.local/lib/python3.12/site-packages/airflow/example_dags/example_params_trigger_ui.py
[2026-07-18T22:04:20.684+0000] {processor.py:925} INFO - DAG(s) 'example_params_trigger_ui' retrieved from /home/airflow/.local/lib/python3.12/site-packages/airflow/example_dags/example_params_trigger_ui.py
[2026-07-18T22:04:20.736+0000] {logging_mixin.py:190} INFO - [2026-07-18T22:04:20.735+0000] {dag.py:3239} INFO - Sync 1 DAGs
[2026-07-18T22:04:20.769+0000] {logging_mixin.py:190} INFO - [2026-07-18T22:04:20.768+0000] {dag.py:4180} INFO - Setting next_dagrun for example_params_trigger_ui to None, run_after=None
[2026-07-18T22:04:20.818+0000] {processor.py:208} INFO - Processing /home/airflow/.local/lib/python3.12/site-packages/airflow/example_dags/example_params_trigger_ui.py took 0.175 seconds
[2026-07-18T22:04:52.826+0000] {processor.py:186} INFO - Started process (PID=3547) to work on /home/airflow/.local/lib/python3.12/site-packages/airflow/example_dags/example_params_trigger_ui.py
[2026-07-18T22:04:52.829+0000] {processor.py:914} INFO - Processing file /home/airflow/.local/lib/python3.12/site-packages/airflow/example_dags/example_params_trigger_ui.py for tasks to queue
[2026-07-18T22:04:52.832+0000] {logging_mixin.py:190} INFO - [2026-07-18T22:04:52.831+0000] {dagbag.py:588} INFO - Filling up the DagBag from /home/airflow/.local/lib/python3.12/site-packages/airflow/example_dags/example_params_trigger_ui.py
[2026-07-18T22:04:52.851+0000] {processor.py:925} INFO - DAG(s) 'example_params_trigger_ui' retrieved from /home/airflow/.local/lib/python3.12/site-packages/airflow/example_dags/example_params_trigger_ui.py
[2026-07-18T22:04:52.905+0000] {logging_mixin.py:190} INFO - [2026-07-18T22:04:52.905+0000] {dag.py:3239} INFO - Sync 1 DAGs
[2026-07-18T22:04:52.925+0000] {logging_mixin.py:190} INFO - [2026-07-18T22:04:52.924+0000] {dag.py:4180} INFO - Setting next_dagrun for example_params_trigger_ui to None, run_after=None
[2026-07-18T22:04:53.019+0000] {processor.py:208} INFO - Processing /home/airflow/.local/lib/python3.12/site-packages/airflow/example_dags/example_params_trigger_ui.py took 0.200 seconds
[2026-07-18T22:05:23.700+0000] {processor.py:186} INFO - Started process (PID=3611) to work on /home/airflow/.local/lib/python3.12/site-packages/airflow/example_dags/example_params_trigger_ui.py
[2026-07-18T22:05:23.703+0000] {processor.py:914} INFO - Processing file /home/airflow/.local/lib/python3.12/site-packages/airflow/example_dags/example_params_trigger_ui.py for tasks to queue
[2026-07-18T22:05:23.706+0000] {logging_mixin.py:190} INFO - [2026-07-18T22:05:23.705+0000] {dagbag.py:588} INFO - Filling up the DagBag from /home/airflow/.local/lib/python3.12/site-packages/airflow/example_dags/example_params_trigger_ui.py
[2026-07-18T22:05:23.724+0000] {processor.py:925} INFO - DAG(s) 'example_params_trigger_ui' retrieved from /home/airflow/.local/lib/python3.12/site-packages/airflow/example_dags/example_params_trigger_ui.py
[2026-07-18T22:05:23.779+0000] {logging_mixin.py:190} INFO - [2026-07-18T22:05:23.778+0000] {dag.py:3239} INFO - Sync 1 DAGs
[2026-07-18T22:05:23.798+0000] {logging_mixin.py:190} INFO - [2026-07-18T22:05:23.798+0000] {dag.py:4180} INFO - Setting next_dagrun for example_params_trigger_ui to None, run_after=None
[2026-07-18T22:05:24.045+0000] {processor.py:208} INFO - Processing /home/airflow/.local/lib/python3.12/site-packages/airflow/example_dags/example_params_trigger_ui.py took 0.353 seconds
[2026-07-18T23:18:21.137+0000] {processor.py:186} INFO - Started process (PID=3691) to work on /home/airflow/.local/lib/python3.12/site-packages/airflow/example_dags/example_params_trigger_ui.py
[2026-07-18T23:18:21.141+0000] {processor.py:914} INFO - Processing file /home/airflow/.local/lib/python3.12/site-packages/airflow/example_dags/example_params_trigger_ui.py for tasks to queue
[2026-07-18T23:18:21.152+0000] {logging_mixin.py:190} INFO - [2026-07-18T23:18:21.151+0000] {dagbag.py:588} INFO - Filling up the DagBag from /home/airflow/.local/lib/python3.12/site-packages/airflow/example_dags/example_params_trigger_ui.py
[2026-07-18T23:18:21.226+0000] {processor.py:925} INFO - DAG(s) 'example_params_trigger_ui' retrieved from /home/airflow/.local/lib/python3.12/site-packages/airflow/example_dags/example_params_trigger_ui.py
[2026-07-18T23:18:21.496+0000] {logging_mixin.py:190} INFO - [2026-07-18T23:18:21.495+0000] {dag.py:3239} INFO - Sync 1 DAGs
[2026-07-18T23:18:22.221+0000] {logging_mixin.py:190} INFO - [2026-07-18T23:18:22.220+0000] {dag.py:4180} INFO - Setting next_dagrun for example_params_trigger_ui to None, run_after=None
[2026-07-18T23:18:22.289+0000] {processor.py:208} INFO - Processing /home/airflow/.local/lib/python3.12/site-packages/airflow/example_dags/example_params_trigger_ui.py took 1.196 seconds
