[2026-07-18T20:50:04.671+0000] {processor.py:186} INFO - Started process (PID=94) to work on /home/airflow/.local/lib/python3.12/site-packages/airflow/example_dags/example_latest_only_with_trigger.py
[2026-07-18T20:50:04.672+0000] {processor.py:914} INFO - Processing file /home/airflow/.local/lib/python3.12/site-packages/airflow/example_dags/example_latest_only_with_trigger.py for tasks to queue
[2026-07-18T20:50:04.677+0000] {logging_mixin.py:190} INFO - [2026-07-18T20:50:04.676+0000] {dagbag.py:588} INFO - Filling up the DagBag from /home/airflow/.local/lib/python3.12/site-packages/airflow/example_dags/example_latest_only_with_trigger.py
[2026-07-18T20:50:04.694+0000] {processor.py:925} INFO - DAG(s) 'latest_only_with_trigger' retrieved from /home/airflow/.local/lib/python3.12/site-packages/airflow/example_dags/example_latest_only_with_trigger.py
[2026-07-18T20:50:04.872+0000] {logging_mixin.py:190} INFO - [2026-07-18T20:50:04.871+0000] {override.py:1911} INFO - Created Permission View: can edit on DAG:latest_only_with_trigger
[2026-07-18T20:50:04.887+0000] {logging_mixin.py:190} INFO - [2026-07-18T20:50:04.887+0000] {override.py:1911} INFO - Created Permission View: can read on DAG:latest_only_with_trigger
[2026-07-18T20:50:04.898+0000] {logging_mixin.py:190} INFO - [2026-07-18T20:50:04.897+0000] {override.py:1911} INFO - Created Permission View: can delete on DAG:latest_only_with_trigger
[2026-07-18T20:50:04.910+0000] {logging_mixin.py:190} INFO - [2026-07-18T20:50:04.909+0000] {override.py:1911} INFO - Created Permission View: can create on DAG Run:latest_only_with_trigger
[2026-07-18T20:50:04.923+0000] {logging_mixin.py:190} INFO - [2026-07-18T20:50:04.922+0000] {override.py:1911} INFO - Created Permission View: can read on DAG Run:latest_only_with_trigger
[2026-07-18T20:50:04.935+0000] {logging_mixin.py:190} INFO - [2026-07-18T20:50:04.934+0000] {override.py:1911} INFO - Created Permission View: menu access on DAG Run:latest_only_with_trigger
[2026-07-18T20:50:04.948+0000] {logging_mixin.py:190} INFO - [2026-07-18T20:50:04.948+0000] {override.py:1911} INFO - Created Permission View: can delete on DAG Run:latest_only_with_trigger
[2026-07-18T20:50:04.950+0000] {logging_mixin.py:190} INFO - [2026-07-18T20:50:04.950+0000] {dag.py:3239} INFO - Sync 1 DAGs
[2026-07-18T20:50:04.973+0000] {logging_mixin.py:190} INFO - [2026-07-18T20:50:04.973+0000] {dag.py:3262} INFO - Creating ORM DAG for latest_only_with_trigger
[2026-07-18T20:50:04.990+0000] {logging_mixin.py:190} INFO - [2026-07-18T20:50:04.989+0000] {dag.py:4180} INFO - Setting next_dagrun for latest_only_with_trigger to 2026-07-18 16:00:00+00:00, run_after=2026-07-18 20:00:00+00:00
[2026-07-18T20:50:05.022+0000] {processor.py:208} INFO - Processing /home/airflow/.local/lib/python3.12/site-packages/airflow/example_dags/example_latest_only_with_trigger.py took 0.362 seconds
[2026-07-18T20:50:35.767+0000] {processor.py:186} INFO - Started process (PID=157) to work on /home/airflow/.local/lib/python3.12/site-packages/airflow/example_dags/example_latest_only_with_trigger.py
[2026-07-18T20:50:35.769+0000] {processor.py:914} INFO - Processing file /home/airflow/.local/lib/python3.12/site-packages/airflow/example_dags/example_latest_only_with_trigger.py for tasks to queue
[2026-07-18T20:50:35.771+0000] {logging_mixin.py:190} INFO - [2026-07-18T20:50:35.771+0000] {dagbag.py:588} INFO - Filling up the DagBag from /home/airflow/.local/lib/python3.12/site-packages/airflow/example_dags/example_latest_only_with_trigger.py
[2026-07-18T20:50:35.779+0000] {processor.py:925} INFO - DAG(s) 'latest_only_with_trigger' retrieved from /home/airflow/.local/lib/python3.12/site-packages/airflow/example_dags/example_latest_only_with_trigger.py
[2026-07-18T20:50:35.797+0000] {logging_mixin.py:190} INFO - [2026-07-18T20:50:35.797+0000] {dag.py:3239} INFO - Sync 1 DAGs
[2026-07-18T20:50:35.819+0000] {logging_mixin.py:190} INFO - [2026-07-18T20:50:35.819+0000] {dag.py:4180} INFO - Setting next_dagrun for latest_only_with_trigger to 2026-07-18 16:00:00+00:00, run_after=2026-07-18 20:00:00+00:00
[2026-07-18T20:50:35.837+0000] {processor.py:208} INFO - Processing /home/airflow/.local/lib/python3.12/site-packages/airflow/example_dags/example_latest_only_with_trigger.py took 0.074 seconds
[2026-07-18T20:51:08.018+0000] {processor.py:186} INFO - Started process (PID=220) to work on /home/airflow/.local/lib/python3.12/site-packages/airflow/example_dags/example_latest_only_with_trigger.py
[2026-07-18T20:51:08.021+0000] {processor.py:914} INFO - Processing file /home/airflow/.local/lib/python3.12/site-packages/airflow/example_dags/example_latest_only_with_trigger.py for tasks to queue
[2026-07-18T20:51:08.027+0000] {logging_mixin.py:190} INFO - [2026-07-18T20:51:08.026+0000] {dagbag.py:588} INFO - Filling up the DagBag from /home/airflow/.local/lib/python3.12/site-packages/airflow/example_dags/example_latest_only_with_trigger.py
[2026-07-18T20:51:08.043+0000] {processor.py:925} INFO - DAG(s) 'latest_only_with_trigger' retrieved from /home/airflow/.local/lib/python3.12/site-packages/airflow/example_dags/example_latest_only_with_trigger.py
[2026-07-18T20:51:08.084+0000] {logging_mixin.py:190} INFO - [2026-07-18T20:51:08.084+0000] {dag.py:3239} INFO - Sync 1 DAGs
[2026-07-18T20:51:08.120+0000] {logging_mixin.py:190} INFO - [2026-07-18T20:51:08.119+0000] {dag.py:4180} INFO - Setting next_dagrun for latest_only_with_trigger to 2026-07-18 16:00:00+00:00, run_after=2026-07-18 20:00:00+00:00
[2026-07-18T20:51:08.156+0000] {processor.py:208} INFO - Processing /home/airflow/.local/lib/python3.12/site-packages/airflow/example_dags/example_latest_only_with_trigger.py took 0.152 seconds
[2026-07-18T20:51:39.588+0000] {processor.py:186} INFO - Started process (PID=284) to work on /home/airflow/.local/lib/python3.12/site-packages/airflow/example_dags/example_latest_only_with_trigger.py
[2026-07-18T20:51:39.589+0000] {processor.py:914} INFO - Processing file /home/airflow/.local/lib/python3.12/site-packages/airflow/example_dags/example_latest_only_with_trigger.py for tasks to queue
[2026-07-18T20:51:39.591+0000] {logging_mixin.py:190} INFO - [2026-07-18T20:51:39.591+0000] {dagbag.py:588} INFO - Filling up the DagBag from /home/airflow/.local/lib/python3.12/site-packages/airflow/example_dags/example_latest_only_with_trigger.py
[2026-07-18T20:51:39.598+0000] {processor.py:925} INFO - DAG(s) 'latest_only_with_trigger' retrieved from /home/airflow/.local/lib/python3.12/site-packages/airflow/example_dags/example_latest_only_with_trigger.py
[2026-07-18T20:51:39.618+0000] {logging_mixin.py:190} INFO - [2026-07-18T20:51:39.618+0000] {dag.py:3239} INFO - Sync 1 DAGs
[2026-07-18T20:51:39.641+0000] {logging_mixin.py:190} INFO - [2026-07-18T20:51:39.641+0000] {dag.py:4180} INFO - Setting next_dagrun for latest_only_with_trigger to 2026-07-18 16:00:00+00:00, run_after=2026-07-18 20:00:00+00:00
[2026-07-18T20:51:39.659+0000] {processor.py:208} INFO - Processing /home/airflow/.local/lib/python3.12/site-packages/airflow/example_dags/example_latest_only_with_trigger.py took 0.077 seconds
[2026-07-18T20:52:11.321+0000] {processor.py:186} INFO - Started process (PID=347) to work on /home/airflow/.local/lib/python3.12/site-packages/airflow/example_dags/example_latest_only_with_trigger.py
[2026-07-18T20:52:11.323+0000] {processor.py:914} INFO - Processing file /home/airflow/.local/lib/python3.12/site-packages/airflow/example_dags/example_latest_only_with_trigger.py for tasks to queue
[2026-07-18T20:52:11.327+0000] {logging_mixin.py:190} INFO - [2026-07-18T20:52:11.326+0000] {dagbag.py:588} INFO - Filling up the DagBag from /home/airflow/.local/lib/python3.12/site-packages/airflow/example_dags/example_latest_only_with_trigger.py
[2026-07-18T20:52:11.337+0000] {processor.py:925} INFO - DAG(s) 'latest_only_with_trigger' retrieved from /home/airflow/.local/lib/python3.12/site-packages/airflow/example_dags/example_latest_only_with_trigger.py
[2026-07-18T20:52:11.367+0000] {logging_mixin.py:190} INFO - [2026-07-18T20:52:11.367+0000] {dag.py:3239} INFO - Sync 1 DAGs
[2026-07-18T20:52:11.400+0000] {logging_mixin.py:190} INFO - [2026-07-18T20:52:11.400+0000] {dag.py:4180} INFO - Setting next_dagrun for latest_only_with_trigger to 2026-07-18 16:00:00+00:00, run_after=2026-07-18 20:00:00+00:00
[2026-07-18T20:52:11.426+0000] {processor.py:208} INFO - Processing /home/airflow/.local/lib/python3.12/site-packages/airflow/example_dags/example_latest_only_with_trigger.py took 0.113 seconds
[2026-07-18T20:52:42.551+0000] {processor.py:186} INFO - Started process (PID=410) to work on /home/airflow/.local/lib/python3.12/site-packages/airflow/example_dags/example_latest_only_with_trigger.py
[2026-07-18T20:52:42.554+0000] {processor.py:914} INFO - Processing file /home/airflow/.local/lib/python3.12/site-packages/airflow/example_dags/example_latest_only_with_trigger.py for tasks to queue
[2026-07-18T20:52:42.559+0000] {logging_mixin.py:190} INFO - [2026-07-18T20:52:42.558+0000] {dagbag.py:588} INFO - Filling up the DagBag from /home/airflow/.local/lib/python3.12/site-packages/airflow/example_dags/example_latest_only_with_trigger.py
[2026-07-18T20:52:42.581+0000] {processor.py:925} INFO - DAG(s) 'latest_only_with_trigger' retrieved from /home/airflow/.local/lib/python3.12/site-packages/airflow/example_dags/example_latest_only_with_trigger.py
[2026-07-18T20:52:42.620+0000] {logging_mixin.py:190} INFO - [2026-07-18T20:52:42.620+0000] {dag.py:3239} INFO - Sync 1 DAGs
[2026-07-18T20:52:42.674+0000] {logging_mixin.py:190} INFO - [2026-07-18T20:52:42.674+0000] {dag.py:4180} INFO - Setting next_dagrun for latest_only_with_trigger to 2026-07-18 16:00:00+00:00, run_after=2026-07-18 20:00:00+00:00
[2026-07-18T20:52:42.708+0000] {processor.py:208} INFO - Processing /home/airflow/.local/lib/python3.12/site-packages/airflow/example_dags/example_latest_only_with_trigger.py took 0.166 seconds
[2026-07-18T20:53:14.179+0000] {processor.py:186} INFO - Started process (PID=473) to work on /home/airflow/.local/lib/python3.12/site-packages/airflow/example_dags/example_latest_only_with_trigger.py
[2026-07-18T20:53:14.180+0000] {processor.py:914} INFO - Processing file /home/airflow/.local/lib/python3.12/site-packages/airflow/example_dags/example_latest_only_with_trigger.py for tasks to queue
[2026-07-18T20:53:14.183+0000] {logging_mixin.py:190} INFO - [2026-07-18T20:53:14.183+0000] {dagbag.py:588} INFO - Filling up the DagBag from /home/airflow/.local/lib/python3.12/site-packages/airflow/example_dags/example_latest_only_with_trigger.py
[2026-07-18T20:53:14.192+0000] {processor.py:925} INFO - DAG(s) 'latest_only_with_trigger' retrieved from /home/airflow/.local/lib/python3.12/site-packages/airflow/example_dags/example_latest_only_with_trigger.py
[2026-07-18T20:53:14.212+0000] {logging_mixin.py:190} INFO - [2026-07-18T20:53:14.212+0000] {dag.py:3239} INFO - Sync 1 DAGs
[2026-07-18T20:53:14.232+0000] {logging_mixin.py:190} INFO - [2026-07-18T20:53:14.231+0000] {dag.py:4180} INFO - Setting next_dagrun for latest_only_with_trigger to 2026-07-18 16:00:00+00:00, run_after=2026-07-18 20:00:00+00:00
[2026-07-18T20:53:14.249+0000] {processor.py:208} INFO - Processing /home/airflow/.local/lib/python3.12/site-packages/airflow/example_dags/example_latest_only_with_trigger.py took 0.077 seconds
[2026-07-18T20:53:44.932+0000] {processor.py:186} INFO - Started process (PID=536) to work on /home/airflow/.local/lib/python3.12/site-packages/airflow/example_dags/example_latest_only_with_trigger.py
[2026-07-18T20:53:44.933+0000] {processor.py:914} INFO - Processing file /home/airflow/.local/lib/python3.12/site-packages/airflow/example_dags/example_latest_only_with_trigger.py for tasks to queue
[2026-07-18T20:53:44.935+0000] {logging_mixin.py:190} INFO - [2026-07-18T20:53:44.935+0000] {dagbag.py:588} INFO - Filling up the DagBag from /home/airflow/.local/lib/python3.12/site-packages/airflow/example_dags/example_latest_only_with_trigger.py
[2026-07-18T20:53:44.942+0000] {processor.py:925} INFO - DAG(s) 'latest_only_with_trigger' retrieved from /home/airflow/.local/lib/python3.12/site-packages/airflow/example_dags/example_latest_only_with_trigger.py
[2026-07-18T20:53:44.960+0000] {logging_mixin.py:190} INFO - [2026-07-18T20:53:44.959+0000] {dag.py:3239} INFO - Sync 1 DAGs
[2026-07-18T20:53:44.979+0000] {logging_mixin.py:190} INFO - [2026-07-18T20:53:44.979+0000] {dag.py:4180} INFO - Setting next_dagrun for latest_only_with_trigger to 2026-07-18 16:00:00+00:00, run_after=2026-07-18 20:00:00+00:00
[2026-07-18T20:53:44.998+0000] {processor.py:208} INFO - Processing /home/airflow/.local/lib/python3.12/site-packages/airflow/example_dags/example_latest_only_with_trigger.py took 0.071 seconds
[2026-07-18T20:54:15.973+0000] {processor.py:186} INFO - Started process (PID=599) to work on /home/airflow/.local/lib/python3.12/site-packages/airflow/example_dags/example_latest_only_with_trigger.py
[2026-07-18T20:54:15.974+0000] {processor.py:914} INFO - Processing file /home/airflow/.local/lib/python3.12/site-packages/airflow/example_dags/example_latest_only_with_trigger.py for tasks to queue
[2026-07-18T20:54:15.976+0000] {logging_mixin.py:190} INFO - [2026-07-18T20:54:15.976+0000] {dagbag.py:588} INFO - Filling up the DagBag from /home/airflow/.local/lib/python3.12/site-packages/airflow/example_dags/example_latest_only_with_trigger.py
[2026-07-18T20:54:15.983+0000] {processor.py:925} INFO - DAG(s) 'latest_only_with_trigger' retrieved from /home/airflow/.local/lib/python3.12/site-packages/airflow/example_dags/example_latest_only_with_trigger.py
[2026-07-18T20:54:16.000+0000] {logging_mixin.py:190} INFO - [2026-07-18T20:54:16.000+0000] {dag.py:3239} INFO - Sync 1 DAGs
[2026-07-18T20:54:16.020+0000] {logging_mixin.py:190} INFO - [2026-07-18T20:54:16.020+0000] {dag.py:4180} INFO - Setting next_dagrun for latest_only_with_trigger to 2026-07-18 16:00:00+00:00, run_after=2026-07-18 20:00:00+00:00
[2026-07-18T20:54:16.035+0000] {processor.py:208} INFO - Processing /home/airflow/.local/lib/python3.12/site-packages/airflow/example_dags/example_latest_only_with_trigger.py took 0.067 seconds
[2026-07-18T20:54:47.400+0000] {processor.py:186} INFO - Started process (PID=662) to work on /home/airflow/.local/lib/python3.12/site-packages/airflow/example_dags/example_latest_only_with_trigger.py
[2026-07-18T20:54:47.401+0000] {processor.py:914} INFO - Processing file /home/airflow/.local/lib/python3.12/site-packages/airflow/example_dags/example_latest_only_with_trigger.py for tasks to queue
[2026-07-18T20:54:47.404+0000] {logging_mixin.py:190} INFO - [2026-07-18T20:54:47.404+0000] {dagbag.py:588} INFO - Filling up the DagBag from /home/airflow/.local/lib/python3.12/site-packages/airflow/example_dags/example_latest_only_with_trigger.py
[2026-07-18T20:54:47.413+0000] {processor.py:925} INFO - DAG(s) 'latest_only_with_trigger' retrieved from /home/airflow/.local/lib/python3.12/site-packages/airflow/example_dags/example_latest_only_with_trigger.py
[2026-07-18T20:54:47.432+0000] {logging_mixin.py:190} INFO - [2026-07-18T20:54:47.432+0000] {dag.py:3239} INFO - Sync 1 DAGs
[2026-07-18T20:54:47.454+0000] {logging_mixin.py:190} INFO - [2026-07-18T20:54:47.454+0000] {dag.py:4180} INFO - Setting next_dagrun for latest_only_with_trigger to 2026-07-18 16:00:00+00:00, run_after=2026-07-18 20:00:00+00:00
[2026-07-18T20:54:47.471+0000] {processor.py:208} INFO - Processing /home/airflow/.local/lib/python3.12/site-packages/airflow/example_dags/example_latest_only_with_trigger.py took 0.076 seconds
[2026-07-18T20:55:17.965+0000] {processor.py:186} INFO - Started process (PID=725) to work on /home/airflow/.local/lib/python3.12/site-packages/airflow/example_dags/example_latest_only_with_trigger.py
[2026-07-18T20:55:17.966+0000] {processor.py:914} INFO - Processing file /home/airflow/.local/lib/python3.12/site-packages/airflow/example_dags/example_latest_only_with_trigger.py for tasks to queue
[2026-07-18T20:55:17.968+0000] {logging_mixin.py:190} INFO - [2026-07-18T20:55:17.968+0000] {dagbag.py:588} INFO - Filling up the DagBag from /home/airflow/.local/lib/python3.12/site-packages/airflow/example_dags/example_latest_only_with_trigger.py
[2026-07-18T20:55:17.976+0000] {processor.py:925} INFO - DAG(s) 'latest_only_with_trigger' retrieved from /home/airflow/.local/lib/python3.12/site-packages/airflow/example_dags/example_latest_only_with_trigger.py
[2026-07-18T20:55:17.994+0000] {logging_mixin.py:190} INFO - [2026-07-18T20:55:17.994+0000] {dag.py:3239} INFO - Sync 1 DAGs
[2026-07-18T20:55:18.014+0000] {logging_mixin.py:190} INFO - [2026-07-18T20:55:18.014+0000] {dag.py:4180} INFO - Setting next_dagrun for latest_only_with_trigger to 2026-07-18 16:00:00+00:00, run_after=2026-07-18 20:00:00+00:00
[2026-07-18T20:55:18.030+0000] {processor.py:208} INFO - Processing /home/airflow/.local/lib/python3.12/site-packages/airflow/example_dags/example_latest_only_with_trigger.py took 0.071 seconds
[2026-07-18T20:55:49.755+0000] {processor.py:186} INFO - Started process (PID=788) to work on /home/airflow/.local/lib/python3.12/site-packages/airflow/example_dags/example_latest_only_with_trigger.py
[2026-07-18T20:55:49.756+0000] {processor.py:914} INFO - Processing file /home/airflow/.local/lib/python3.12/site-packages/airflow/example_dags/example_latest_only_with_trigger.py for tasks to queue
[2026-07-18T20:55:49.759+0000] {logging_mixin.py:190} INFO - [2026-07-18T20:55:49.759+0000] {dagbag.py:588} INFO - Filling up the DagBag from /home/airflow/.local/lib/python3.12/site-packages/airflow/example_dags/example_latest_only_with_trigger.py
[2026-07-18T20:55:49.766+0000] {processor.py:925} INFO - DAG(s) 'latest_only_with_trigger' retrieved from /home/airflow/.local/lib/python3.12/site-packages/airflow/example_dags/example_latest_only_with_trigger.py
[2026-07-18T20:55:49.786+0000] {logging_mixin.py:190} INFO - [2026-07-18T20:55:49.786+0000] {dag.py:3239} INFO - Sync 1 DAGs
[2026-07-18T20:55:49.805+0000] {logging_mixin.py:190} INFO - [2026-07-18T20:55:49.805+0000] {dag.py:4180} INFO - Setting next_dagrun for latest_only_with_trigger to 2026-07-18 16:00:00+00:00, run_after=2026-07-18 20:00:00+00:00
[2026-07-18T20:55:49.822+0000] {processor.py:208} INFO - Processing /home/airflow/.local/lib/python3.12/site-packages/airflow/example_dags/example_latest_only_with_trigger.py took 0.072 seconds
[2026-07-18T20:56:21.317+0000] {processor.py:186} INFO - Started process (PID=851) to work on /home/airflow/.local/lib/python3.12/site-packages/airflow/example_dags/example_latest_only_with_trigger.py
[2026-07-18T20:56:21.318+0000] {processor.py:914} INFO - Processing file /home/airflow/.local/lib/python3.12/site-packages/airflow/example_dags/example_latest_only_with_trigger.py for tasks to queue
[2026-07-18T20:56:21.321+0000] {logging_mixin.py:190} INFO - [2026-07-18T20:56:21.321+0000] {dagbag.py:588} INFO - Filling up the DagBag from /home/airflow/.local/lib/python3.12/site-packages/airflow/example_dags/example_latest_only_with_trigger.py
[2026-07-18T20:56:21.328+0000] {processor.py:925} INFO - DAG(s) 'latest_only_with_trigger' retrieved from /home/airflow/.local/lib/python3.12/site-packages/airflow/example_dags/example_latest_only_with_trigger.py
[2026-07-18T20:56:21.346+0000] {logging_mixin.py:190} INFO - [2026-07-18T20:56:21.346+0000] {dag.py:3239} INFO - Sync 1 DAGs
[2026-07-18T20:56:21.366+0000] {logging_mixin.py:190} INFO - [2026-07-18T20:56:21.366+0000] {dag.py:4180} INFO - Setting next_dagrun for latest_only_with_trigger to 2026-07-18 16:00:00+00:00, run_after=2026-07-18 20:00:00+00:00
[2026-07-18T20:56:21.381+0000] {processor.py:208} INFO - Processing /home/airflow/.local/lib/python3.12/site-packages/airflow/example_dags/example_latest_only_with_trigger.py took 0.070 seconds
[2026-07-18T20:56:52.599+0000] {processor.py:186} INFO - Started process (PID=914) to work on /home/airflow/.local/lib/python3.12/site-packages/airflow/example_dags/example_latest_only_with_trigger.py
[2026-07-18T20:56:52.601+0000] {processor.py:914} INFO - Processing file /home/airflow/.local/lib/python3.12/site-packages/airflow/example_dags/example_latest_only_with_trigger.py for tasks to queue
[2026-07-18T20:56:52.603+0000] {logging_mixin.py:190} INFO - [2026-07-18T20:56:52.603+0000] {dagbag.py:588} INFO - Filling up the DagBag from /home/airflow/.local/lib/python3.12/site-packages/airflow/example_dags/example_latest_only_with_trigger.py
[2026-07-18T20:56:52.612+0000] {processor.py:925} INFO - DAG(s) 'latest_only_with_trigger' retrieved from /home/airflow/.local/lib/python3.12/site-packages/airflow/example_dags/example_latest_only_with_trigger.py
[2026-07-18T20:56:52.631+0000] {logging_mixin.py:190} INFO - [2026-07-18T20:56:52.631+0000] {dag.py:3239} INFO - Sync 1 DAGs
[2026-07-18T20:56:52.651+0000] {logging_mixin.py:190} INFO - [2026-07-18T20:56:52.651+0000] {dag.py:4180} INFO - Setting next_dagrun for latest_only_with_trigger to 2026-07-18 16:00:00+00:00, run_after=2026-07-18 20:00:00+00:00
[2026-07-18T20:56:52.669+0000] {processor.py:208} INFO - Processing /home/airflow/.local/lib/python3.12/site-packages/airflow/example_dags/example_latest_only_with_trigger.py took 0.075 seconds
[2026-07-18T20:57:24.059+0000] {processor.py:186} INFO - Started process (PID=977) to work on /home/airflow/.local/lib/python3.12/site-packages/airflow/example_dags/example_latest_only_with_trigger.py
[2026-07-18T20:57:24.061+0000] {processor.py:914} INFO - Processing file /home/airflow/.local/lib/python3.12/site-packages/airflow/example_dags/example_latest_only_with_trigger.py for tasks to queue
[2026-07-18T20:57:24.064+0000] {logging_mixin.py:190} INFO - [2026-07-18T20:57:24.063+0000] {dagbag.py:588} INFO - Filling up the DagBag from /home/airflow/.local/lib/python3.12/site-packages/airflow/example_dags/example_latest_only_with_trigger.py
[2026-07-18T20:57:24.075+0000] {processor.py:925} INFO - DAG(s) 'latest_only_with_trigger' retrieved from /home/airflow/.local/lib/python3.12/site-packages/airflow/example_dags/example_latest_only_with_trigger.py
[2026-07-18T20:57:24.095+0000] {logging_mixin.py:190} INFO - [2026-07-18T20:57:24.095+0000] {dag.py:3239} INFO - Sync 1 DAGs
[2026-07-18T20:57:24.118+0000] {logging_mixin.py:190} INFO - [2026-07-18T20:57:24.118+0000] {dag.py:4180} INFO - Setting next_dagrun for latest_only_with_trigger to 2026-07-18 16:00:00+00:00, run_after=2026-07-18 20:00:00+00:00
[2026-07-18T20:57:24.134+0000] {processor.py:208} INFO - Processing /home/airflow/.local/lib/python3.12/site-packages/airflow/example_dags/example_latest_only_with_trigger.py took 0.081 seconds
[2026-07-18T20:57:55.337+0000] {processor.py:186} INFO - Started process (PID=1040) to work on /home/airflow/.local/lib/python3.12/site-packages/airflow/example_dags/example_latest_only_with_trigger.py
[2026-07-18T20:57:55.338+0000] {processor.py:914} INFO - Processing file /home/airflow/.local/lib/python3.12/site-packages/airflow/example_dags/example_latest_only_with_trigger.py for tasks to queue
[2026-07-18T20:57:55.340+0000] {logging_mixin.py:190} INFO - [2026-07-18T20:57:55.340+0000] {dagbag.py:588} INFO - Filling up the DagBag from /home/airflow/.local/lib/python3.12/site-packages/airflow/example_dags/example_latest_only_with_trigger.py
[2026-07-18T20:57:55.347+0000] {processor.py:925} INFO - DAG(s) 'latest_only_with_trigger' retrieved from /home/airflow/.local/lib/python3.12/site-packages/airflow/example_dags/example_latest_only_with_trigger.py
[2026-07-18T20:57:55.366+0000] {logging_mixin.py:190} INFO - [2026-07-18T20:57:55.366+0000] {dag.py:3239} INFO - Sync 1 DAGs
[2026-07-18T20:57:55.386+0000] {logging_mixin.py:190} INFO - [2026-07-18T20:57:55.386+0000] {dag.py:4180} INFO - Setting next_dagrun for latest_only_with_trigger to 2026-07-18 16:00:00+00:00, run_after=2026-07-18 20:00:00+00:00
[2026-07-18T20:57:55.404+0000] {processor.py:208} INFO - Processing /home/airflow/.local/lib/python3.12/site-packages/airflow/example_dags/example_latest_only_with_trigger.py took 0.071 seconds
[2026-07-18T20:58:26.829+0000] {processor.py:186} INFO - Started process (PID=1103) to work on /home/airflow/.local/lib/python3.12/site-packages/airflow/example_dags/example_latest_only_with_trigger.py
[2026-07-18T20:58:26.830+0000] {processor.py:914} INFO - Processing file /home/airflow/.local/lib/python3.12/site-packages/airflow/example_dags/example_latest_only_with_trigger.py for tasks to queue
[2026-07-18T20:58:26.833+0000] {logging_mixin.py:190} INFO - [2026-07-18T20:58:26.832+0000] {dagbag.py:588} INFO - Filling up the DagBag from /home/airflow/.local/lib/python3.12/site-packages/airflow/example_dags/example_latest_only_with_trigger.py
[2026-07-18T20:58:26.839+0000] {processor.py:925} INFO - DAG(s) 'latest_only_with_trigger' retrieved from /home/airflow/.local/lib/python3.12/site-packages/airflow/example_dags/example_latest_only_with_trigger.py
[2026-07-18T20:58:26.857+0000] {logging_mixin.py:190} INFO - [2026-07-18T20:58:26.857+0000] {dag.py:3239} INFO - Sync 1 DAGs
[2026-07-18T20:58:26.876+0000] {logging_mixin.py:190} INFO - [2026-07-18T20:58:26.875+0000] {dag.py:4180} INFO - Setting next_dagrun for latest_only_with_trigger to 2026-07-18 16:00:00+00:00, run_after=2026-07-18 20:00:00+00:00
[2026-07-18T20:58:26.891+0000] {processor.py:208} INFO - Processing /home/airflow/.local/lib/python3.12/site-packages/airflow/example_dags/example_latest_only_with_trigger.py took 0.066 seconds
[2026-07-18T20:58:57.414+0000] {processor.py:186} INFO - Started process (PID=1166) to work on /home/airflow/.local/lib/python3.12/site-packages/airflow/example_dags/example_latest_only_with_trigger.py
[2026-07-18T20:58:57.416+0000] {processor.py:914} INFO - Processing file /home/airflow/.local/lib/python3.12/site-packages/airflow/example_dags/example_latest_only_with_trigger.py for tasks to queue
[2026-07-18T20:58:57.420+0000] {logging_mixin.py:190} INFO - [2026-07-18T20:58:57.420+0000] {dagbag.py:588} INFO - Filling up the DagBag from /home/airflow/.local/lib/python3.12/site-packages/airflow/example_dags/example_latest_only_with_trigger.py
[2026-07-18T20:58:57.429+0000] {processor.py:925} INFO - DAG(s) 'latest_only_with_trigger' retrieved from /home/airflow/.local/lib/python3.12/site-packages/airflow/example_dags/example_latest_only_with_trigger.py
[2026-07-18T20:58:57.452+0000] {logging_mixin.py:190} INFO - [2026-07-18T20:58:57.451+0000] {dag.py:3239} INFO - Sync 1 DAGs
[2026-07-18T20:58:57.481+0000] {logging_mixin.py:190} INFO - [2026-07-18T20:58:57.481+0000] {dag.py:4180} INFO - Setting next_dagrun for latest_only_with_trigger to 2026-07-18 16:00:00+00:00, run_after=2026-07-18 20:00:00+00:00
[2026-07-18T20:58:57.500+0000] {processor.py:208} INFO - Processing /home/airflow/.local/lib/python3.12/site-packages/airflow/example_dags/example_latest_only_with_trigger.py took 0.092 seconds
[2026-07-18T20:59:28.771+0000] {processor.py:186} INFO - Started process (PID=1229) to work on /home/airflow/.local/lib/python3.12/site-packages/airflow/example_dags/example_latest_only_with_trigger.py
[2026-07-18T20:59:28.772+0000] {processor.py:914} INFO - Processing file /home/airflow/.local/lib/python3.12/site-packages/airflow/example_dags/example_latest_only_with_trigger.py for tasks to queue
[2026-07-18T20:59:28.775+0000] {logging_mixin.py:190} INFO - [2026-07-18T20:59:28.775+0000] {dagbag.py:588} INFO - Filling up the DagBag from /home/airflow/.local/lib/python3.12/site-packages/airflow/example_dags/example_latest_only_with_trigger.py
[2026-07-18T20:59:28.784+0000] {processor.py:925} INFO - DAG(s) 'latest_only_with_trigger' retrieved from /home/airflow/.local/lib/python3.12/site-packages/airflow/example_dags/example_latest_only_with_trigger.py
[2026-07-18T20:59:28.804+0000] {logging_mixin.py:190} INFO - [2026-07-18T20:59:28.803+0000] {dag.py:3239} INFO - Sync 1 DAGs
[2026-07-18T20:59:28.831+0000] {logging_mixin.py:190} INFO - [2026-07-18T20:59:28.831+0000] {dag.py:4180} INFO - Setting next_dagrun for latest_only_with_trigger to 2026-07-18 16:00:00+00:00, run_after=2026-07-18 20:00:00+00:00
[2026-07-18T20:59:28.849+0000] {processor.py:208} INFO - Processing /home/airflow/.local/lib/python3.12/site-packages/airflow/example_dags/example_latest_only_with_trigger.py took 0.084 seconds
[2026-07-18T20:59:59.571+0000] {processor.py:186} INFO - Started process (PID=1292) to work on /home/airflow/.local/lib/python3.12/site-packages/airflow/example_dags/example_latest_only_with_trigger.py
[2026-07-18T20:59:59.572+0000] {processor.py:914} INFO - Processing file /home/airflow/.local/lib/python3.12/site-packages/airflow/example_dags/example_latest_only_with_trigger.py for tasks to queue
[2026-07-18T20:59:59.574+0000] {logging_mixin.py:190} INFO - [2026-07-18T20:59:59.574+0000] {dagbag.py:588} INFO - Filling up the DagBag from /home/airflow/.local/lib/python3.12/site-packages/airflow/example_dags/example_latest_only_with_trigger.py
[2026-07-18T20:59:59.582+0000] {processor.py:925} INFO - DAG(s) 'latest_only_with_trigger' retrieved from /home/airflow/.local/lib/python3.12/site-packages/airflow/example_dags/example_latest_only_with_trigger.py
[2026-07-18T20:59:59.600+0000] {logging_mixin.py:190} INFO - [2026-07-18T20:59:59.600+0000] {dag.py:3239} INFO - Sync 1 DAGs
[2026-07-18T20:59:59.620+0000] {logging_mixin.py:190} INFO - [2026-07-18T20:59:59.620+0000] {dag.py:4180} INFO - Setting next_dagrun for latest_only_with_trigger to 2026-07-18 16:00:00+00:00, run_after=2026-07-18 20:00:00+00:00
[2026-07-18T20:59:59.639+0000] {processor.py:208} INFO - Processing /home/airflow/.local/lib/python3.12/site-packages/airflow/example_dags/example_latest_only_with_trigger.py took 0.073 seconds
[2026-07-18T21:00:30.785+0000] {processor.py:186} INFO - Started process (PID=1355) to work on /home/airflow/.local/lib/python3.12/site-packages/airflow/example_dags/example_latest_only_with_trigger.py
[2026-07-18T21:00:30.786+0000] {processor.py:914} INFO - Processing file /home/airflow/.local/lib/python3.12/site-packages/airflow/example_dags/example_latest_only_with_trigger.py for tasks to queue
[2026-07-18T21:00:30.788+0000] {logging_mixin.py:190} INFO - [2026-07-18T21:00:30.788+0000] {dagbag.py:588} INFO - Filling up the DagBag from /home/airflow/.local/lib/python3.12/site-packages/airflow/example_dags/example_latest_only_with_trigger.py
[2026-07-18T21:00:30.795+0000] {processor.py:925} INFO - DAG(s) 'latest_only_with_trigger' retrieved from /home/airflow/.local/lib/python3.12/site-packages/airflow/example_dags/example_latest_only_with_trigger.py
[2026-07-18T21:00:30.814+0000] {logging_mixin.py:190} INFO - [2026-07-18T21:00:30.814+0000] {dag.py:3239} INFO - Sync 1 DAGs
[2026-07-18T21:00:30.836+0000] {logging_mixin.py:190} INFO - [2026-07-18T21:00:30.835+0000] {dag.py:4180} INFO - Setting next_dagrun for latest_only_with_trigger to 2026-07-18 16:00:00+00:00, run_after=2026-07-18 20:00:00+00:00
[2026-07-18T21:00:30.852+0000] {processor.py:208} INFO - Processing /home/airflow/.local/lib/python3.12/site-packages/airflow/example_dags/example_latest_only_with_trigger.py took 0.073 seconds
[2026-07-18T21:01:02.818+0000] {processor.py:186} INFO - Started process (PID=1418) to work on /home/airflow/.local/lib/python3.12/site-packages/airflow/example_dags/example_latest_only_with_trigger.py
[2026-07-18T21:01:02.820+0000] {processor.py:914} INFO - Processing file /home/airflow/.local/lib/python3.12/site-packages/airflow/example_dags/example_latest_only_with_trigger.py for tasks to queue
[2026-07-18T21:01:02.824+0000] {logging_mixin.py:190} INFO - [2026-07-18T21:01:02.824+0000] {dagbag.py:588} INFO - Filling up the DagBag from /home/airflow/.local/lib/python3.12/site-packages/airflow/example_dags/example_latest_only_with_trigger.py
[2026-07-18T21:01:02.836+0000] {processor.py:925} INFO - DAG(s) 'latest_only_with_trigger' retrieved from /home/airflow/.local/lib/python3.12/site-packages/airflow/example_dags/example_latest_only_with_trigger.py
[2026-07-18T21:01:02.863+0000] {logging_mixin.py:190} INFO - [2026-07-18T21:01:02.862+0000] {dag.py:3239} INFO - Sync 1 DAGs
[2026-07-18T21:01:02.891+0000] {logging_mixin.py:190} INFO - [2026-07-18T21:01:02.890+0000] {dag.py:4180} INFO - Setting next_dagrun for latest_only_with_trigger to 2026-07-18 16:00:00+00:00, run_after=2026-07-18 20:00:00+00:00
[2026-07-18T21:01:02.974+0000] {processor.py:208} INFO - Processing /home/airflow/.local/lib/python3.12/site-packages/airflow/example_dags/example_latest_only_with_trigger.py took 0.164 seconds
[2026-07-18T21:01:34.194+0000] {processor.py:186} INFO - Started process (PID=1487) to work on /home/airflow/.local/lib/python3.12/site-packages/airflow/example_dags/example_latest_only_with_trigger.py
[2026-07-18T21:01:34.197+0000] {processor.py:914} INFO - Processing file /home/airflow/.local/lib/python3.12/site-packages/airflow/example_dags/example_latest_only_with_trigger.py for tasks to queue
[2026-07-18T21:01:34.204+0000] {logging_mixin.py:190} INFO - [2026-07-18T21:01:34.203+0000] {dagbag.py:588} INFO - Filling up the DagBag from /home/airflow/.local/lib/python3.12/site-packages/airflow/example_dags/example_latest_only_with_trigger.py
[2026-07-18T21:01:34.220+0000] {processor.py:925} INFO - DAG(s) 'latest_only_with_trigger' retrieved from /home/airflow/.local/lib/python3.12/site-packages/airflow/example_dags/example_latest_only_with_trigger.py
[2026-07-18T21:01:34.265+0000] {logging_mixin.py:190} INFO - [2026-07-18T21:01:34.265+0000] {dag.py:3239} INFO - Sync 1 DAGs
[2026-07-18T21:01:34.343+0000] {logging_mixin.py:190} INFO - [2026-07-18T21:01:34.342+0000] {dag.py:4180} INFO - Setting next_dagrun for latest_only_with_trigger to 2026-07-18 16:00:00+00:00, run_after=2026-07-18 20:00:00+00:00
[2026-07-18T21:01:34.427+0000] {processor.py:208} INFO - Processing /home/airflow/.local/lib/python3.12/site-packages/airflow/example_dags/example_latest_only_with_trigger.py took 0.261 seconds
[2026-07-18T21:02:05.845+0000] {processor.py:186} INFO - Started process (PID=1550) to work on /home/airflow/.local/lib/python3.12/site-packages/airflow/example_dags/example_latest_only_with_trigger.py
[2026-07-18T21:02:05.850+0000] {processor.py:914} INFO - Processing file /home/airflow/.local/lib/python3.12/site-packages/airflow/example_dags/example_latest_only_with_trigger.py for tasks to queue
[2026-07-18T21:02:05.868+0000] {logging_mixin.py:190} INFO - [2026-07-18T21:02:05.867+0000] {dagbag.py:588} INFO - Filling up the DagBag from /home/airflow/.local/lib/python3.12/site-packages/airflow/example_dags/example_latest_only_with_trigger.py
[2026-07-18T21:02:05.925+0000] {processor.py:925} INFO - DAG(s) 'latest_only_with_trigger' retrieved from /home/airflow/.local/lib/python3.12/site-packages/airflow/example_dags/example_latest_only_with_trigger.py
[2026-07-18T21:02:06.002+0000] {logging_mixin.py:190} INFO - [2026-07-18T21:02:06.001+0000] {dag.py:3239} INFO - Sync 1 DAGs
[2026-07-18T21:02:06.063+0000] {logging_mixin.py:190} INFO - [2026-07-18T21:02:06.063+0000] {dag.py:4180} INFO - Setting next_dagrun for latest_only_with_trigger to 2026-07-18 16:00:00+00:00, run_after=2026-07-18 20:00:00+00:00
[2026-07-18T21:02:06.094+0000] {processor.py:208} INFO - Processing /home/airflow/.local/lib/python3.12/site-packages/airflow/example_dags/example_latest_only_with_trigger.py took 0.272 seconds
[2026-07-18T21:02:37.222+0000] {processor.py:186} INFO - Started process (PID=1613) to work on /home/airflow/.local/lib/python3.12/site-packages/airflow/example_dags/example_latest_only_with_trigger.py
[2026-07-18T21:02:37.224+0000] {processor.py:914} INFO - Processing file /home/airflow/.local/lib/python3.12/site-packages/airflow/example_dags/example_latest_only_with_trigger.py for tasks to queue
[2026-07-18T21:02:37.231+0000] {logging_mixin.py:190} INFO - [2026-07-18T21:02:37.230+0000] {dagbag.py:588} INFO - Filling up the DagBag from /home/airflow/.local/lib/python3.12/site-packages/airflow/example_dags/example_latest_only_with_trigger.py
[2026-07-18T21:02:37.243+0000] {processor.py:925} INFO - DAG(s) 'latest_only_with_trigger' retrieved from /home/airflow/.local/lib/python3.12/site-packages/airflow/example_dags/example_latest_only_with_trigger.py
[2026-07-18T21:02:37.275+0000] {logging_mixin.py:190} INFO - [2026-07-18T21:02:37.274+0000] {dag.py:3239} INFO - Sync 1 DAGs
[2026-07-18T21:02:37.310+0000] {logging_mixin.py:190} INFO - [2026-07-18T21:02:37.309+0000] {dag.py:4180} INFO - Setting next_dagrun for latest_only_with_trigger to 2026-07-18 16:00:00+00:00, run_after=2026-07-18 20:00:00+00:00
[2026-07-18T21:02:37.343+0000] {processor.py:208} INFO - Processing /home/airflow/.local/lib/python3.12/site-packages/airflow/example_dags/example_latest_only_with_trigger.py took 0.130 seconds
[2026-07-18T21:03:08.676+0000] {processor.py:186} INFO - Started process (PID=1676) to work on /home/airflow/.local/lib/python3.12/site-packages/airflow/example_dags/example_latest_only_with_trigger.py
[2026-07-18T21:03:08.680+0000] {processor.py:914} INFO - Processing file /home/airflow/.local/lib/python3.12/site-packages/airflow/example_dags/example_latest_only_with_trigger.py for tasks to queue
[2026-07-18T21:03:08.685+0000] {logging_mixin.py:190} INFO - [2026-07-18T21:03:08.684+0000] {dagbag.py:588} INFO - Filling up the DagBag from /home/airflow/.local/lib/python3.12/site-packages/airflow/example_dags/example_latest_only_with_trigger.py
[2026-07-18T21:03:08.696+0000] {processor.py:925} INFO - DAG(s) 'latest_only_with_trigger' retrieved from /home/airflow/.local/lib/python3.12/site-packages/airflow/example_dags/example_latest_only_with_trigger.py
[2026-07-18T21:03:08.721+0000] {logging_mixin.py:190} INFO - [2026-07-18T21:03:08.721+0000] {dag.py:3239} INFO - Sync 1 DAGs
[2026-07-18T21:03:08.756+0000] {logging_mixin.py:190} INFO - [2026-07-18T21:03:08.756+0000] {dag.py:4180} INFO - Setting next_dagrun for latest_only_with_trigger to 2026-07-18 16:00:00+00:00, run_after=2026-07-18 20:00:00+00:00
[2026-07-18T21:03:08.849+0000] {processor.py:208} INFO - Processing /home/airflow/.local/lib/python3.12/site-packages/airflow/example_dags/example_latest_only_with_trigger.py took 0.181 seconds
[2026-07-18T21:03:39.987+0000] {processor.py:186} INFO - Started process (PID=1739) to work on /home/airflow/.local/lib/python3.12/site-packages/airflow/example_dags/example_latest_only_with_trigger.py
[2026-07-18T21:03:39.990+0000] {processor.py:914} INFO - Processing file /home/airflow/.local/lib/python3.12/site-packages/airflow/example_dags/example_latest_only_with_trigger.py for tasks to queue
[2026-07-18T21:03:39.997+0000] {logging_mixin.py:190} INFO - [2026-07-18T21:03:39.996+0000] {dagbag.py:588} INFO - Filling up the DagBag from /home/airflow/.local/lib/python3.12/site-packages/airflow/example_dags/example_latest_only_with_trigger.py
[2026-07-18T21:03:40.024+0000] {processor.py:925} INFO - DAG(s) 'latest_only_with_trigger' retrieved from /home/airflow/.local/lib/python3.12/site-packages/airflow/example_dags/example_latest_only_with_trigger.py
[2026-07-18T21:03:40.067+0000] {logging_mixin.py:190} INFO - [2026-07-18T21:03:40.067+0000] {dag.py:3239} INFO - Sync 1 DAGs
[2026-07-18T21:03:40.136+0000] {logging_mixin.py:190} INFO - [2026-07-18T21:03:40.135+0000] {dag.py:4180} INFO - Setting next_dagrun for latest_only_with_trigger to 2026-07-18 16:00:00+00:00, run_after=2026-07-18 20:00:00+00:00
[2026-07-18T21:03:40.185+0000] {processor.py:208} INFO - Processing /home/airflow/.local/lib/python3.12/site-packages/airflow/example_dags/example_latest_only_with_trigger.py took 0.212 seconds
[2026-07-18T21:04:12.002+0000] {processor.py:186} INFO - Started process (PID=1803) to work on /home/airflow/.local/lib/python3.12/site-packages/airflow/example_dags/example_latest_only_with_trigger.py
[2026-07-18T21:04:12.005+0000] {processor.py:914} INFO - Processing file /home/airflow/.local/lib/python3.12/site-packages/airflow/example_dags/example_latest_only_with_trigger.py for tasks to queue
[2026-07-18T21:04:12.011+0000] {logging_mixin.py:190} INFO - [2026-07-18T21:04:12.010+0000] {dagbag.py:588} INFO - Filling up the DagBag from /home/airflow/.local/lib/python3.12/site-packages/airflow/example_dags/example_latest_only_with_trigger.py
[2026-07-18T21:04:12.026+0000] {processor.py:925} INFO - DAG(s) 'latest_only_with_trigger' retrieved from /home/airflow/.local/lib/python3.12/site-packages/airflow/example_dags/example_latest_only_with_trigger.py
[2026-07-18T21:04:12.068+0000] {logging_mixin.py:190} INFO - [2026-07-18T21:04:12.067+0000] {dag.py:3239} INFO - Sync 1 DAGs
[2026-07-18T21:04:12.107+0000] {logging_mixin.py:190} INFO - [2026-07-18T21:04:12.106+0000] {dag.py:4180} INFO - Setting next_dagrun for latest_only_with_trigger to 2026-07-18 16:00:00+00:00, run_after=2026-07-18 20:00:00+00:00
[2026-07-18T21:04:12.137+0000] {processor.py:208} INFO - Processing /home/airflow/.local/lib/python3.12/site-packages/airflow/example_dags/example_latest_only_with_trigger.py took 0.145 seconds
[2026-07-18T21:04:43.095+0000] {processor.py:186} INFO - Started process (PID=1866) to work on /home/airflow/.local/lib/python3.12/site-packages/airflow/example_dags/example_latest_only_with_trigger.py
[2026-07-18T21:04:43.097+0000] {processor.py:914} INFO - Processing file /home/airflow/.local/lib/python3.12/site-packages/airflow/example_dags/example_latest_only_with_trigger.py for tasks to queue
[2026-07-18T21:04:43.103+0000] {logging_mixin.py:190} INFO - [2026-07-18T21:04:43.102+0000] {dagbag.py:588} INFO - Filling up the DagBag from /home/airflow/.local/lib/python3.12/site-packages/airflow/example_dags/example_latest_only_with_trigger.py
[2026-07-18T21:04:43.119+0000] {processor.py:925} INFO - DAG(s) 'latest_only_with_trigger' retrieved from /home/airflow/.local/lib/python3.12/site-packages/airflow/example_dags/example_latest_only_with_trigger.py
[2026-07-18T21:04:43.154+0000] {logging_mixin.py:190} INFO - [2026-07-18T21:04:43.154+0000] {dag.py:3239} INFO - Sync 1 DAGs
[2026-07-18T21:04:43.190+0000] {logging_mixin.py:190} INFO - [2026-07-18T21:04:43.190+0000] {dag.py:4180} INFO - Setting next_dagrun for latest_only_with_trigger to 2026-07-18 16:00:00+00:00, run_after=2026-07-18 20:00:00+00:00
[2026-07-18T21:04:43.279+0000] {processor.py:208} INFO - Processing /home/airflow/.local/lib/python3.12/site-packages/airflow/example_dags/example_latest_only_with_trigger.py took 0.194 seconds
[2026-07-18T21:05:14.081+0000] {processor.py:186} INFO - Started process (PID=1929) to work on /home/airflow/.local/lib/python3.12/site-packages/airflow/example_dags/example_latest_only_with_trigger.py
[2026-07-18T21:05:14.082+0000] {processor.py:914} INFO - Processing file /home/airflow/.local/lib/python3.12/site-packages/airflow/example_dags/example_latest_only_with_trigger.py for tasks to queue
[2026-07-18T21:05:14.085+0000] {logging_mixin.py:190} INFO - [2026-07-18T21:05:14.084+0000] {dagbag.py:588} INFO - Filling up the DagBag from /home/airflow/.local/lib/python3.12/site-packages/airflow/example_dags/example_latest_only_with_trigger.py
[2026-07-18T21:05:14.092+0000] {processor.py:925} INFO - DAG(s) 'latest_only_with_trigger' retrieved from /home/airflow/.local/lib/python3.12/site-packages/airflow/example_dags/example_latest_only_with_trigger.py
[2026-07-18T21:05:14.110+0000] {logging_mixin.py:190} INFO - [2026-07-18T21:05:14.110+0000] {dag.py:3239} INFO - Sync 1 DAGs
[2026-07-18T21:05:14.132+0000] {logging_mixin.py:190} INFO - [2026-07-18T21:05:14.132+0000] {dag.py:4180} INFO - Setting next_dagrun for latest_only_with_trigger to 2026-07-18 16:00:00+00:00, run_after=2026-07-18 20:00:00+00:00
[2026-07-18T21:05:14.151+0000] {processor.py:208} INFO - Processing /home/airflow/.local/lib/python3.12/site-packages/airflow/example_dags/example_latest_only_with_trigger.py took 0.076 seconds
[2026-07-18T21:05:46.027+0000] {processor.py:186} INFO - Started process (PID=1992) to work on /home/airflow/.local/lib/python3.12/site-packages/airflow/example_dags/example_latest_only_with_trigger.py
[2026-07-18T21:05:46.030+0000] {processor.py:914} INFO - Processing file /home/airflow/.local/lib/python3.12/site-packages/airflow/example_dags/example_latest_only_with_trigger.py for tasks to queue
[2026-07-18T21:05:46.035+0000] {logging_mixin.py:190} INFO - [2026-07-18T21:05:46.035+0000] {dagbag.py:588} INFO - Filling up the DagBag from /home/airflow/.local/lib/python3.12/site-packages/airflow/example_dags/example_latest_only_with_trigger.py
[2026-07-18T21:05:46.061+0000] {processor.py:925} INFO - DAG(s) 'latest_only_with_trigger' retrieved from /home/airflow/.local/lib/python3.12/site-packages/airflow/example_dags/example_latest_only_with_trigger.py
[2026-07-18T21:05:46.106+0000] {logging_mixin.py:190} INFO - [2026-07-18T21:05:46.105+0000] {dag.py:3239} INFO - Sync 1 DAGs
[2026-07-18T21:05:46.142+0000] {logging_mixin.py:190} INFO - [2026-07-18T21:05:46.142+0000] {dag.py:4180} INFO - Setting next_dagrun for latest_only_with_trigger to 2026-07-18 16:00:00+00:00, run_after=2026-07-18 20:00:00+00:00
[2026-07-18T21:05:46.172+0000] {processor.py:208} INFO - Processing /home/airflow/.local/lib/python3.12/site-packages/airflow/example_dags/example_latest_only_with_trigger.py took 0.155 seconds
[2026-07-18T21:06:17.929+0000] {processor.py:186} INFO - Started process (PID=2055) to work on /home/airflow/.local/lib/python3.12/site-packages/airflow/example_dags/example_latest_only_with_trigger.py
[2026-07-18T21:06:17.931+0000] {processor.py:914} INFO - Processing file /home/airflow/.local/lib/python3.12/site-packages/airflow/example_dags/example_latest_only_with_trigger.py for tasks to queue
[2026-07-18T21:06:17.937+0000] {logging_mixin.py:190} INFO - [2026-07-18T21:06:17.936+0000] {dagbag.py:588} INFO - Filling up the DagBag from /home/airflow/.local/lib/python3.12/site-packages/airflow/example_dags/example_latest_only_with_trigger.py
[2026-07-18T21:06:17.958+0000] {processor.py:925} INFO - DAG(s) 'latest_only_with_trigger' retrieved from /home/airflow/.local/lib/python3.12/site-packages/airflow/example_dags/example_latest_only_with_trigger.py
[2026-07-18T21:06:18.007+0000] {logging_mixin.py:190} INFO - [2026-07-18T21:06:18.007+0000] {dag.py:3239} INFO - Sync 1 DAGs
[2026-07-18T21:06:18.069+0000] {logging_mixin.py:190} INFO - [2026-07-18T21:06:18.069+0000] {dag.py:4180} INFO - Setting next_dagrun for latest_only_with_trigger to 2026-07-18 16:00:00+00:00, run_after=2026-07-18 20:00:00+00:00
[2026-07-18T21:06:18.169+0000] {processor.py:208} INFO - Processing /home/airflow/.local/lib/python3.12/site-packages/airflow/example_dags/example_latest_only_with_trigger.py took 0.253 seconds
[2026-07-18T21:06:49.792+0000] {processor.py:186} INFO - Started process (PID=2121) to work on /home/airflow/.local/lib/python3.12/site-packages/airflow/example_dags/example_latest_only_with_trigger.py
[2026-07-18T21:06:49.794+0000] {processor.py:914} INFO - Processing file /home/airflow/.local/lib/python3.12/site-packages/airflow/example_dags/example_latest_only_with_trigger.py for tasks to queue
[2026-07-18T21:06:49.799+0000] {logging_mixin.py:190} INFO - [2026-07-18T21:06:49.799+0000] {dagbag.py:588} INFO - Filling up the DagBag from /home/airflow/.local/lib/python3.12/site-packages/airflow/example_dags/example_latest_only_with_trigger.py
[2026-07-18T21:06:49.812+0000] {processor.py:925} INFO - DAG(s) 'latest_only_with_trigger' retrieved from /home/airflow/.local/lib/python3.12/site-packages/airflow/example_dags/example_latest_only_with_trigger.py
[2026-07-18T21:06:49.843+0000] {logging_mixin.py:190} INFO - [2026-07-18T21:06:49.843+0000] {dag.py:3239} INFO - Sync 1 DAGs
[2026-07-18T21:06:49.880+0000] {logging_mixin.py:190} INFO - [2026-07-18T21:06:49.880+0000] {dag.py:4180} INFO - Setting next_dagrun for latest_only_with_trigger to 2026-07-18 16:00:00+00:00, run_after=2026-07-18 20:00:00+00:00
[2026-07-18T21:06:49.903+0000] {processor.py:208} INFO - Processing /home/airflow/.local/lib/python3.12/site-packages/airflow/example_dags/example_latest_only_with_trigger.py took 0.121 seconds
[2026-07-18T21:07:20.487+0000] {processor.py:186} INFO - Started process (PID=2184) to work on /home/airflow/.local/lib/python3.12/site-packages/airflow/example_dags/example_latest_only_with_trigger.py
[2026-07-18T21:07:20.490+0000] {processor.py:914} INFO - Processing file /home/airflow/.local/lib/python3.12/site-packages/airflow/example_dags/example_latest_only_with_trigger.py for tasks to queue
[2026-07-18T21:07:20.495+0000] {logging_mixin.py:190} INFO - [2026-07-18T21:07:20.495+0000] {dagbag.py:588} INFO - Filling up the DagBag from /home/airflow/.local/lib/python3.12/site-packages/airflow/example_dags/example_latest_only_with_trigger.py
[2026-07-18T21:07:20.511+0000] {processor.py:925} INFO - DAG(s) 'latest_only_with_trigger' retrieved from /home/airflow/.local/lib/python3.12/site-packages/airflow/example_dags/example_latest_only_with_trigger.py
[2026-07-18T21:07:20.552+0000] {logging_mixin.py:190} INFO - [2026-07-18T21:07:20.552+0000] {dag.py:3239} INFO - Sync 1 DAGs
[2026-07-18T21:07:20.617+0000] {logging_mixin.py:190} INFO - [2026-07-18T21:07:20.617+0000] {dag.py:4180} INFO - Setting next_dagrun for latest_only_with_trigger to 2026-07-18 16:00:00+00:00, run_after=2026-07-18 20:00:00+00:00
[2026-07-18T21:07:20.670+0000] {processor.py:208} INFO - Processing /home/airflow/.local/lib/python3.12/site-packages/airflow/example_dags/example_latest_only_with_trigger.py took 0.192 seconds
[2026-07-18T21:07:51.890+0000] {processor.py:186} INFO - Started process (PID=2247) to work on /home/airflow/.local/lib/python3.12/site-packages/airflow/example_dags/example_latest_only_with_trigger.py
[2026-07-18T21:07:51.893+0000] {processor.py:914} INFO - Processing file /home/airflow/.local/lib/python3.12/site-packages/airflow/example_dags/example_latest_only_with_trigger.py for tasks to queue
[2026-07-18T21:07:51.900+0000] {logging_mixin.py:190} INFO - [2026-07-18T21:07:51.898+0000] {dagbag.py:588} INFO - Filling up the DagBag from /home/airflow/.local/lib/python3.12/site-packages/airflow/example_dags/example_latest_only_with_trigger.py
[2026-07-18T21:07:51.922+0000] {processor.py:925} INFO - DAG(s) 'latest_only_with_trigger' retrieved from /home/airflow/.local/lib/python3.12/site-packages/airflow/example_dags/example_latest_only_with_trigger.py
[2026-07-18T21:07:51.988+0000] {logging_mixin.py:190} INFO - [2026-07-18T21:07:51.988+0000] {dag.py:3239} INFO - Sync 1 DAGs
[2026-07-18T21:07:52.044+0000] {logging_mixin.py:190} INFO - [2026-07-18T21:07:52.043+0000] {dag.py:4180} INFO - Setting next_dagrun for latest_only_with_trigger to 2026-07-18 16:00:00+00:00, run_after=2026-07-18 20:00:00+00:00
[2026-07-18T21:07:52.078+0000] {processor.py:208} INFO - Processing /home/airflow/.local/lib/python3.12/site-packages/airflow/example_dags/example_latest_only_with_trigger.py took 0.201 seconds
[2026-07-18T21:08:23.258+0000] {processor.py:186} INFO - Started process (PID=2310) to work on /home/airflow/.local/lib/python3.12/site-packages/airflow/example_dags/example_latest_only_with_trigger.py
[2026-07-18T21:08:23.268+0000] {processor.py:914} INFO - Processing file /home/airflow/.local/lib/python3.12/site-packages/airflow/example_dags/example_latest_only_with_trigger.py for tasks to queue
[2026-07-18T21:08:23.274+0000] {logging_mixin.py:190} INFO - [2026-07-18T21:08:23.273+0000] {dagbag.py:588} INFO - Filling up the DagBag from /home/airflow/.local/lib/python3.12/site-packages/airflow/example_dags/example_latest_only_with_trigger.py
[2026-07-18T21:08:23.287+0000] {processor.py:925} INFO - DAG(s) 'latest_only_with_trigger' retrieved from /home/airflow/.local/lib/python3.12/site-packages/airflow/example_dags/example_latest_only_with_trigger.py
[2026-07-18T21:08:23.319+0000] {logging_mixin.py:190} INFO - [2026-07-18T21:08:23.318+0000] {dag.py:3239} INFO - Sync 1 DAGs
[2026-07-18T21:08:23.353+0000] {logging_mixin.py:190} INFO - [2026-07-18T21:08:23.353+0000] {dag.py:4180} INFO - Setting next_dagrun for latest_only_with_trigger to 2026-07-18 16:00:00+00:00, run_after=2026-07-18 20:00:00+00:00
[2026-07-18T21:08:23.384+0000] {processor.py:208} INFO - Processing /home/airflow/.local/lib/python3.12/site-packages/airflow/example_dags/example_latest_only_with_trigger.py took 0.134 seconds
[2026-07-18T21:16:31.646+0000] {processor.py:186} INFO - Started process (PID=2379) to work on /home/airflow/.local/lib/python3.12/site-packages/airflow/example_dags/example_latest_only_with_trigger.py
[2026-07-18T21:16:31.650+0000] {processor.py:914} INFO - Processing file /home/airflow/.local/lib/python3.12/site-packages/airflow/example_dags/example_latest_only_with_trigger.py for tasks to queue
[2026-07-18T21:16:31.657+0000] {logging_mixin.py:190} INFO - [2026-07-18T21:16:31.656+0000] {dagbag.py:588} INFO - Filling up the DagBag from /home/airflow/.local/lib/python3.12/site-packages/airflow/example_dags/example_latest_only_with_trigger.py
[2026-07-18T21:16:31.682+0000] {processor.py:925} INFO - DAG(s) 'latest_only_with_trigger' retrieved from /home/airflow/.local/lib/python3.12/site-packages/airflow/example_dags/example_latest_only_with_trigger.py
[2026-07-18T21:16:31.733+0000] {logging_mixin.py:190} INFO - [2026-07-18T21:16:31.733+0000] {dag.py:3239} INFO - Sync 1 DAGs
[2026-07-18T21:16:31.780+0000] {logging_mixin.py:190} INFO - [2026-07-18T21:16:31.779+0000] {dag.py:4180} INFO - Setting next_dagrun for latest_only_with_trigger to 2026-07-18 16:00:00+00:00, run_after=2026-07-18 20:00:00+00:00
[2026-07-18T21:16:31.819+0000] {processor.py:208} INFO - Processing /home/airflow/.local/lib/python3.12/site-packages/airflow/example_dags/example_latest_only_with_trigger.py took 0.192 seconds
[2026-07-18T21:17:02.534+0000] {processor.py:186} INFO - Started process (PID=2442) to work on /home/airflow/.local/lib/python3.12/site-packages/airflow/example_dags/example_latest_only_with_trigger.py
[2026-07-18T21:17:02.537+0000] {processor.py:914} INFO - Processing file /home/airflow/.local/lib/python3.12/site-packages/airflow/example_dags/example_latest_only_with_trigger.py for tasks to queue
[2026-07-18T21:17:02.542+0000] {logging_mixin.py:190} INFO - [2026-07-18T21:17:02.541+0000] {dagbag.py:588} INFO - Filling up the DagBag from /home/airflow/.local/lib/python3.12/site-packages/airflow/example_dags/example_latest_only_with_trigger.py
[2026-07-18T21:17:02.560+0000] {processor.py:925} INFO - DAG(s) 'latest_only_with_trigger' retrieved from /home/airflow/.local/lib/python3.12/site-packages/airflow/example_dags/example_latest_only_with_trigger.py
[2026-07-18T21:17:02.607+0000] {logging_mixin.py:190} INFO - [2026-07-18T21:17:02.607+0000] {dag.py:3239} INFO - Sync 1 DAGs
[2026-07-18T21:17:02.655+0000] {logging_mixin.py:190} INFO - [2026-07-18T21:17:02.654+0000] {dag.py:4180} INFO - Setting next_dagrun for latest_only_with_trigger to 2026-07-18 16:00:00+00:00, run_after=2026-07-18 20:00:00+00:00
[2026-07-18T21:17:02.689+0000] {processor.py:208} INFO - Processing /home/airflow/.local/lib/python3.12/site-packages/airflow/example_dags/example_latest_only_with_trigger.py took 0.164 seconds
[2026-07-18T21:17:32.779+0000] {processor.py:186} INFO - Started process (PID=2505) to work on /home/airflow/.local/lib/python3.12/site-packages/airflow/example_dags/example_latest_only_with_trigger.py
[2026-07-18T21:17:32.781+0000] {processor.py:914} INFO - Processing file /home/airflow/.local/lib/python3.12/site-packages/airflow/example_dags/example_latest_only_with_trigger.py for tasks to queue
[2026-07-18T21:17:32.787+0000] {logging_mixin.py:190} INFO - [2026-07-18T21:17:32.786+0000] {dagbag.py:588} INFO - Filling up the DagBag from /home/airflow/.local/lib/python3.12/site-packages/airflow/example_dags/example_latest_only_with_trigger.py
[2026-07-18T21:17:32.799+0000] {processor.py:925} INFO - DAG(s) 'latest_only_with_trigger' retrieved from /home/airflow/.local/lib/python3.12/site-packages/airflow/example_dags/example_latest_only_with_trigger.py
[2026-07-18T21:17:32.826+0000] {logging_mixin.py:190} INFO - [2026-07-18T21:17:32.826+0000] {dag.py:3239} INFO - Sync 1 DAGs
[2026-07-18T21:17:32.864+0000] {logging_mixin.py:190} INFO - [2026-07-18T21:17:32.863+0000] {dag.py:4180} INFO - Setting next_dagrun for latest_only_with_trigger to 2026-07-18 16:00:00+00:00, run_after=2026-07-18 20:00:00+00:00
[2026-07-18T21:17:32.893+0000] {processor.py:208} INFO - Processing /home/airflow/.local/lib/python3.12/site-packages/airflow/example_dags/example_latest_only_with_trigger.py took 0.123 seconds
[2026-07-18T21:18:04.047+0000] {processor.py:186} INFO - Started process (PID=2568) to work on /home/airflow/.local/lib/python3.12/site-packages/airflow/example_dags/example_latest_only_with_trigger.py
[2026-07-18T21:18:04.050+0000] {processor.py:914} INFO - Processing file /home/airflow/.local/lib/python3.12/site-packages/airflow/example_dags/example_latest_only_with_trigger.py for tasks to queue
[2026-07-18T21:18:04.054+0000] {logging_mixin.py:190} INFO - [2026-07-18T21:18:04.054+0000] {dagbag.py:588} INFO - Filling up the DagBag from /home/airflow/.local/lib/python3.12/site-packages/airflow/example_dags/example_latest_only_with_trigger.py
[2026-07-18T21:18:04.068+0000] {processor.py:925} INFO - DAG(s) 'latest_only_with_trigger' retrieved from /home/airflow/.local/lib/python3.12/site-packages/airflow/example_dags/example_latest_only_with_trigger.py
[2026-07-18T21:18:04.102+0000] {logging_mixin.py:190} INFO - [2026-07-18T21:18:04.101+0000] {dag.py:3239} INFO - Sync 1 DAGs
[2026-07-18T21:18:04.139+0000] {logging_mixin.py:190} INFO - [2026-07-18T21:18:04.138+0000] {dag.py:4180} INFO - Setting next_dagrun for latest_only_with_trigger to 2026-07-18 16:00:00+00:00, run_after=2026-07-18 20:00:00+00:00
[2026-07-18T21:18:04.170+0000] {processor.py:208} INFO - Processing /home/airflow/.local/lib/python3.12/site-packages/airflow/example_dags/example_latest_only_with_trigger.py took 0.134 seconds
[2026-07-18T21:18:34.463+0000] {processor.py:186} INFO - Started process (PID=2632) to work on /home/airflow/.local/lib/python3.12/site-packages/airflow/example_dags/example_latest_only_with_trigger.py
[2026-07-18T21:18:34.466+0000] {processor.py:914} INFO - Processing file /home/airflow/.local/lib/python3.12/site-packages/airflow/example_dags/example_latest_only_with_trigger.py for tasks to queue
[2026-07-18T21:18:34.471+0000] {logging_mixin.py:190} INFO - [2026-07-18T21:18:34.471+0000] {dagbag.py:588} INFO - Filling up the DagBag from /home/airflow/.local/lib/python3.12/site-packages/airflow/example_dags/example_latest_only_with_trigger.py
[2026-07-18T21:18:34.484+0000] {processor.py:925} INFO - DAG(s) 'latest_only_with_trigger' retrieved from /home/airflow/.local/lib/python3.12/site-packages/airflow/example_dags/example_latest_only_with_trigger.py
[2026-07-18T21:18:34.511+0000] {logging_mixin.py:190} INFO - [2026-07-18T21:18:34.511+0000] {dag.py:3239} INFO - Sync 1 DAGs
[2026-07-18T21:18:34.549+0000] {logging_mixin.py:190} INFO - [2026-07-18T21:18:34.548+0000] {dag.py:4180} INFO - Setting next_dagrun for latest_only_with_trigger to 2026-07-18 16:00:00+00:00, run_after=2026-07-18 20:00:00+00:00
[2026-07-18T21:18:34.585+0000] {processor.py:208} INFO - Processing /home/airflow/.local/lib/python3.12/site-packages/airflow/example_dags/example_latest_only_with_trigger.py took 0.129 seconds
[2026-07-18T21:19:04.952+0000] {processor.py:186} INFO - Started process (PID=2694) to work on /home/airflow/.local/lib/python3.12/site-packages/airflow/example_dags/example_latest_only_with_trigger.py
[2026-07-18T21:19:04.957+0000] {processor.py:914} INFO - Processing file /home/airflow/.local/lib/python3.12/site-packages/airflow/example_dags/example_latest_only_with_trigger.py for tasks to queue
[2026-07-18T21:19:04.964+0000] {logging_mixin.py:190} INFO - [2026-07-18T21:19:04.963+0000] {dagbag.py:588} INFO - Filling up the DagBag from /home/airflow/.local/lib/python3.12/site-packages/airflow/example_dags/example_latest_only_with_trigger.py
[2026-07-18T21:19:04.986+0000] {processor.py:925} INFO - DAG(s) 'latest_only_with_trigger' retrieved from /home/airflow/.local/lib/python3.12/site-packages/airflow/example_dags/example_latest_only_with_trigger.py
[2026-07-18T21:19:05.024+0000] {logging_mixin.py:190} INFO - [2026-07-18T21:19:05.024+0000] {dag.py:3239} INFO - Sync 1 DAGs
[2026-07-18T21:19:05.066+0000] {logging_mixin.py:190} INFO - [2026-07-18T21:19:05.065+0000] {dag.py:4180} INFO - Setting next_dagrun for latest_only_with_trigger to 2026-07-18 16:00:00+00:00, run_after=2026-07-18 20:00:00+00:00
[2026-07-18T21:19:05.102+0000] {processor.py:208} INFO - Processing /home/airflow/.local/lib/python3.12/site-packages/airflow/example_dags/example_latest_only_with_trigger.py took 0.172 seconds
[2026-07-18T21:19:35.441+0000] {processor.py:186} INFO - Started process (PID=2756) to work on /home/airflow/.local/lib/python3.12/site-packages/airflow/example_dags/example_latest_only_with_trigger.py
[2026-07-18T21:19:35.444+0000] {processor.py:914} INFO - Processing file /home/airflow/.local/lib/python3.12/site-packages/airflow/example_dags/example_latest_only_with_trigger.py for tasks to queue
[2026-07-18T21:19:35.449+0000] {logging_mixin.py:190} INFO - [2026-07-18T21:19:35.448+0000] {dagbag.py:588} INFO - Filling up the DagBag from /home/airflow/.local/lib/python3.12/site-packages/airflow/example_dags/example_latest_only_with_trigger.py
[2026-07-18T21:19:35.464+0000] {processor.py:925} INFO - DAG(s) 'latest_only_with_trigger' retrieved from /home/airflow/.local/lib/python3.12/site-packages/airflow/example_dags/example_latest_only_with_trigger.py
[2026-07-18T21:19:35.500+0000] {logging_mixin.py:190} INFO - [2026-07-18T21:19:35.499+0000] {dag.py:3239} INFO - Sync 1 DAGs
[2026-07-18T21:19:35.533+0000] {logging_mixin.py:190} INFO - [2026-07-18T21:19:35.533+0000] {dag.py:4180} INFO - Setting next_dagrun for latest_only_with_trigger to 2026-07-18 16:00:00+00:00, run_after=2026-07-18 20:00:00+00:00
[2026-07-18T21:19:35.557+0000] {processor.py:208} INFO - Processing /home/airflow/.local/lib/python3.12/site-packages/airflow/example_dags/example_latest_only_with_trigger.py took 0.130 seconds
[2026-07-18T21:20:05.868+0000] {processor.py:186} INFO - Started process (PID=2819) to work on /home/airflow/.local/lib/python3.12/site-packages/airflow/example_dags/example_latest_only_with_trigger.py
[2026-07-18T21:20:05.871+0000] {processor.py:914} INFO - Processing file /home/airflow/.local/lib/python3.12/site-packages/airflow/example_dags/example_latest_only_with_trigger.py for tasks to queue
[2026-07-18T21:20:05.875+0000] {logging_mixin.py:190} INFO - [2026-07-18T21:20:05.875+0000] {dagbag.py:588} INFO - Filling up the DagBag from /home/airflow/.local/lib/python3.12/site-packages/airflow/example_dags/example_latest_only_with_trigger.py
[2026-07-18T21:20:05.887+0000] {processor.py:925} INFO - DAG(s) 'latest_only_with_trigger' retrieved from /home/airflow/.local/lib/python3.12/site-packages/airflow/example_dags/example_latest_only_with_trigger.py
[2026-07-18T21:20:05.913+0000] {logging_mixin.py:190} INFO - [2026-07-18T21:20:05.913+0000] {dag.py:3239} INFO - Sync 1 DAGs
[2026-07-18T21:20:05.951+0000] {logging_mixin.py:190} INFO - [2026-07-18T21:20:05.951+0000] {dag.py:4180} INFO - Setting next_dagrun for latest_only_with_trigger to 2026-07-18 16:00:00+00:00, run_after=2026-07-18 20:00:00+00:00
[2026-07-18T21:20:05.983+0000] {processor.py:208} INFO - Processing /home/airflow/.local/lib/python3.12/site-packages/airflow/example_dags/example_latest_only_with_trigger.py took 0.125 seconds
[2026-07-18T21:20:36.334+0000] {processor.py:186} INFO - Started process (PID=2882) to work on /home/airflow/.local/lib/python3.12/site-packages/airflow/example_dags/example_latest_only_with_trigger.py
[2026-07-18T21:20:36.337+0000] {processor.py:914} INFO - Processing file /home/airflow/.local/lib/python3.12/site-packages/airflow/example_dags/example_latest_only_with_trigger.py for tasks to queue
[2026-07-18T21:20:36.341+0000] {logging_mixin.py:190} INFO - [2026-07-18T21:20:36.341+0000] {dagbag.py:588} INFO - Filling up the DagBag from /home/airflow/.local/lib/python3.12/site-packages/airflow/example_dags/example_latest_only_with_trigger.py
[2026-07-18T21:20:36.353+0000] {processor.py:925} INFO - DAG(s) 'latest_only_with_trigger' retrieved from /home/airflow/.local/lib/python3.12/site-packages/airflow/example_dags/example_latest_only_with_trigger.py
[2026-07-18T21:20:36.385+0000] {logging_mixin.py:190} INFO - [2026-07-18T21:20:36.385+0000] {dag.py:3239} INFO - Sync 1 DAGs
[2026-07-18T21:20:36.417+0000] {logging_mixin.py:190} INFO - [2026-07-18T21:20:36.417+0000] {dag.py:4180} INFO - Setting next_dagrun for latest_only_with_trigger to 2026-07-18 16:00:00+00:00, run_after=2026-07-18 20:00:00+00:00
[2026-07-18T21:20:36.494+0000] {processor.py:208} INFO - Processing /home/airflow/.local/lib/python3.12/site-packages/airflow/example_dags/example_latest_only_with_trigger.py took 0.167 seconds
[2026-07-18T21:21:07.141+0000] {processor.py:186} INFO - Started process (PID=2945) to work on /home/airflow/.local/lib/python3.12/site-packages/airflow/example_dags/example_latest_only_with_trigger.py
[2026-07-18T21:21:07.145+0000] {processor.py:914} INFO - Processing file /home/airflow/.local/lib/python3.12/site-packages/airflow/example_dags/example_latest_only_with_trigger.py for tasks to queue
[2026-07-18T21:21:07.153+0000] {logging_mixin.py:190} INFO - [2026-07-18T21:21:07.152+0000] {dagbag.py:588} INFO - Filling up the DagBag from /home/airflow/.local/lib/python3.12/site-packages/airflow/example_dags/example_latest_only_with_trigger.py
[2026-07-18T21:21:07.176+0000] {processor.py:925} INFO - DAG(s) 'latest_only_with_trigger' retrieved from /home/airflow/.local/lib/python3.12/site-packages/airflow/example_dags/example_latest_only_with_trigger.py
[2026-07-18T21:21:07.224+0000] {logging_mixin.py:190} INFO - [2026-07-18T21:21:07.223+0000] {dag.py:3239} INFO - Sync 1 DAGs
[2026-07-18T21:21:07.272+0000] {logging_mixin.py:190} INFO - [2026-07-18T21:21:07.271+0000] {dag.py:4180} INFO - Setting next_dagrun for latest_only_with_trigger to 2026-07-18 16:00:00+00:00, run_after=2026-07-18 20:00:00+00:00
[2026-07-18T21:21:07.318+0000] {processor.py:208} INFO - Processing /home/airflow/.local/lib/python3.12/site-packages/airflow/example_dags/example_latest_only_with_trigger.py took 0.193 seconds
[2026-07-18T21:21:38.282+0000] {processor.py:186} INFO - Started process (PID=3008) to work on /home/airflow/.local/lib/python3.12/site-packages/airflow/example_dags/example_latest_only_with_trigger.py
[2026-07-18T21:21:38.285+0000] {processor.py:914} INFO - Processing file /home/airflow/.local/lib/python3.12/site-packages/airflow/example_dags/example_latest_only_with_trigger.py for tasks to queue
[2026-07-18T21:21:38.292+0000] {logging_mixin.py:190} INFO - [2026-07-18T21:21:38.292+0000] {dagbag.py:588} INFO - Filling up the DagBag from /home/airflow/.local/lib/python3.12/site-packages/airflow/example_dags/example_latest_only_with_trigger.py
[2026-07-18T21:21:38.323+0000] {processor.py:925} INFO - DAG(s) 'latest_only_with_trigger' retrieved from /home/airflow/.local/lib/python3.12/site-packages/airflow/example_dags/example_latest_only_with_trigger.py
[2026-07-18T21:21:38.380+0000] {logging_mixin.py:190} INFO - [2026-07-18T21:21:38.379+0000] {dag.py:3239} INFO - Sync 1 DAGs
[2026-07-18T21:21:38.463+0000] {logging_mixin.py:190} INFO - [2026-07-18T21:21:38.462+0000] {dag.py:4180} INFO - Setting next_dagrun for latest_only_with_trigger to 2026-07-18 16:00:00+00:00, run_after=2026-07-18 20:00:00+00:00
[2026-07-18T21:21:38.550+0000] {processor.py:208} INFO - Processing /home/airflow/.local/lib/python3.12/site-packages/airflow/example_dags/example_latest_only_with_trigger.py took 0.279 seconds
[2026-07-18T21:22:09.517+0000] {processor.py:186} INFO - Started process (PID=3071) to work on /home/airflow/.local/lib/python3.12/site-packages/airflow/example_dags/example_latest_only_with_trigger.py
[2026-07-18T21:22:09.520+0000] {processor.py:914} INFO - Processing file /home/airflow/.local/lib/python3.12/site-packages/airflow/example_dags/example_latest_only_with_trigger.py for tasks to queue
[2026-07-18T21:22:09.527+0000] {logging_mixin.py:190} INFO - [2026-07-18T21:22:09.526+0000] {dagbag.py:588} INFO - Filling up the DagBag from /home/airflow/.local/lib/python3.12/site-packages/airflow/example_dags/example_latest_only_with_trigger.py
[2026-07-18T21:22:09.539+0000] {processor.py:925} INFO - DAG(s) 'latest_only_with_trigger' retrieved from /home/airflow/.local/lib/python3.12/site-packages/airflow/example_dags/example_latest_only_with_trigger.py
[2026-07-18T21:22:09.572+0000] {logging_mixin.py:190} INFO - [2026-07-18T21:22:09.571+0000] {dag.py:3239} INFO - Sync 1 DAGs
[2026-07-18T21:22:09.614+0000] {logging_mixin.py:190} INFO - [2026-07-18T21:22:09.612+0000] {dag.py:4180} INFO - Setting next_dagrun for latest_only_with_trigger to 2026-07-18 16:00:00+00:00, run_after=2026-07-18 20:00:00+00:00
[2026-07-18T21:22:09.644+0000] {processor.py:208} INFO - Processing /home/airflow/.local/lib/python3.12/site-packages/airflow/example_dags/example_latest_only_with_trigger.py took 0.139 seconds
[2026-07-18T21:25:59.326+0000] {processor.py:186} INFO - Started process (PID=130) to work on /home/airflow/.local/lib/python3.12/site-packages/airflow/example_dags/example_latest_only_with_trigger.py
[2026-07-18T21:25:59.330+0000] {processor.py:914} INFO - Processing file /home/airflow/.local/lib/python3.12/site-packages/airflow/example_dags/example_latest_only_with_trigger.py for tasks to queue
[2026-07-18T21:25:59.338+0000] {logging_mixin.py:190} INFO - [2026-07-18T21:25:59.337+0000] {dagbag.py:588} INFO - Filling up the DagBag from /home/airflow/.local/lib/python3.12/site-packages/airflow/example_dags/example_latest_only_with_trigger.py
[2026-07-18T21:25:59.356+0000] {processor.py:925} INFO - DAG(s) 'latest_only_with_trigger' retrieved from /home/airflow/.local/lib/python3.12/site-packages/airflow/example_dags/example_latest_only_with_trigger.py
[2026-07-18T21:25:59.407+0000] {logging_mixin.py:190} INFO - [2026-07-18T21:25:59.407+0000] {dag.py:3239} INFO - Sync 1 DAGs
[2026-07-18T21:25:59.441+0000] {logging_mixin.py:190} INFO - [2026-07-18T21:25:59.440+0000] {dag.py:4180} INFO - Setting next_dagrun for latest_only_with_trigger to 2026-07-18 16:00:00+00:00, run_after=2026-07-18 20:00:00+00:00
[2026-07-18T21:25:59.468+0000] {processor.py:208} INFO - Processing /home/airflow/.local/lib/python3.12/site-packages/airflow/example_dags/example_latest_only_with_trigger.py took 0.155 seconds
[2026-07-18T21:26:30.512+0000] {processor.py:186} INFO - Started process (PID=193) to work on /home/airflow/.local/lib/python3.12/site-packages/airflow/example_dags/example_latest_only_with_trigger.py
[2026-07-18T21:26:30.514+0000] {processor.py:914} INFO - Processing file /home/airflow/.local/lib/python3.12/site-packages/airflow/example_dags/example_latest_only_with_trigger.py for tasks to queue
[2026-07-18T21:26:30.519+0000] {logging_mixin.py:190} INFO - [2026-07-18T21:26:30.518+0000] {dagbag.py:588} INFO - Filling up the DagBag from /home/airflow/.local/lib/python3.12/site-packages/airflow/example_dags/example_latest_only_with_trigger.py
[2026-07-18T21:26:30.534+0000] {processor.py:925} INFO - DAG(s) 'latest_only_with_trigger' retrieved from /home/airflow/.local/lib/python3.12/site-packages/airflow/example_dags/example_latest_only_with_trigger.py
[2026-07-18T21:26:30.580+0000] {logging_mixin.py:190} INFO - [2026-07-18T21:26:30.579+0000] {dag.py:3239} INFO - Sync 1 DAGs
[2026-07-18T21:26:30.622+0000] {logging_mixin.py:190} INFO - [2026-07-18T21:26:30.621+0000] {dag.py:4180} INFO - Setting next_dagrun for latest_only_with_trigger to 2026-07-18 16:00:00+00:00, run_after=2026-07-18 20:00:00+00:00
[2026-07-18T21:26:30.668+0000] {processor.py:208} INFO - Processing /home/airflow/.local/lib/python3.12/site-packages/airflow/example_dags/example_latest_only_with_trigger.py took 0.164 seconds
[2026-07-18T21:27:02.527+0000] {processor.py:186} INFO - Started process (PID=256) to work on /home/airflow/.local/lib/python3.12/site-packages/airflow/example_dags/example_latest_only_with_trigger.py
[2026-07-18T21:27:02.530+0000] {processor.py:914} INFO - Processing file /home/airflow/.local/lib/python3.12/site-packages/airflow/example_dags/example_latest_only_with_trigger.py for tasks to queue
[2026-07-18T21:27:02.537+0000] {logging_mixin.py:190} INFO - [2026-07-18T21:27:02.536+0000] {dagbag.py:588} INFO - Filling up the DagBag from /home/airflow/.local/lib/python3.12/site-packages/airflow/example_dags/example_latest_only_with_trigger.py
[2026-07-18T21:27:02.562+0000] {processor.py:925} INFO - DAG(s) 'latest_only_with_trigger' retrieved from /home/airflow/.local/lib/python3.12/site-packages/airflow/example_dags/example_latest_only_with_trigger.py
[2026-07-18T21:27:02.615+0000] {logging_mixin.py:190} INFO - [2026-07-18T21:27:02.615+0000] {dag.py:3239} INFO - Sync 1 DAGs
[2026-07-18T21:27:02.653+0000] {logging_mixin.py:190} INFO - [2026-07-18T21:27:02.653+0000] {dag.py:4180} INFO - Setting next_dagrun for latest_only_with_trigger to 2026-07-18 16:00:00+00:00, run_after=2026-07-18 20:00:00+00:00
[2026-07-18T21:27:02.676+0000] {processor.py:208} INFO - Processing /home/airflow/.local/lib/python3.12/site-packages/airflow/example_dags/example_latest_only_with_trigger.py took 0.160 seconds
[2026-07-18T21:27:34.163+0000] {processor.py:186} INFO - Started process (PID=319) to work on /home/airflow/.local/lib/python3.12/site-packages/airflow/example_dags/example_latest_only_with_trigger.py
[2026-07-18T21:27:34.167+0000] {processor.py:914} INFO - Processing file /home/airflow/.local/lib/python3.12/site-packages/airflow/example_dags/example_latest_only_with_trigger.py for tasks to queue
[2026-07-18T21:27:34.173+0000] {logging_mixin.py:190} INFO - [2026-07-18T21:27:34.172+0000] {dagbag.py:588} INFO - Filling up the DagBag from /home/airflow/.local/lib/python3.12/site-packages/airflow/example_dags/example_latest_only_with_trigger.py
[2026-07-18T21:27:34.185+0000] {processor.py:925} INFO - DAG(s) 'latest_only_with_trigger' retrieved from /home/airflow/.local/lib/python3.12/site-packages/airflow/example_dags/example_latest_only_with_trigger.py
[2026-07-18T21:27:34.221+0000] {logging_mixin.py:190} INFO - [2026-07-18T21:27:34.220+0000] {dag.py:3239} INFO - Sync 1 DAGs
[2026-07-18T21:27:34.259+0000] {logging_mixin.py:190} INFO - [2026-07-18T21:27:34.259+0000] {dag.py:4180} INFO - Setting next_dagrun for latest_only_with_trigger to 2026-07-18 16:00:00+00:00, run_after=2026-07-18 20:00:00+00:00
[2026-07-18T21:27:34.293+0000] {processor.py:208} INFO - Processing /home/airflow/.local/lib/python3.12/site-packages/airflow/example_dags/example_latest_only_with_trigger.py took 0.139 seconds
[2026-07-18T21:28:05.568+0000] {processor.py:186} INFO - Started process (PID=382) to work on /home/airflow/.local/lib/python3.12/site-packages/airflow/example_dags/example_latest_only_with_trigger.py
[2026-07-18T21:28:05.573+0000] {processor.py:914} INFO - Processing file /home/airflow/.local/lib/python3.12/site-packages/airflow/example_dags/example_latest_only_with_trigger.py for tasks to queue
[2026-07-18T21:28:05.582+0000] {logging_mixin.py:190} INFO - [2026-07-18T21:28:05.582+0000] {dagbag.py:588} INFO - Filling up the DagBag from /home/airflow/.local/lib/python3.12/site-packages/airflow/example_dags/example_latest_only_with_trigger.py
[2026-07-18T21:28:05.618+0000] {processor.py:925} INFO - DAG(s) 'latest_only_with_trigger' retrieved from /home/airflow/.local/lib/python3.12/site-packages/airflow/example_dags/example_latest_only_with_trigger.py
[2026-07-18T21:28:05.655+0000] {logging_mixin.py:190} INFO - [2026-07-18T21:28:05.655+0000] {dag.py:3239} INFO - Sync 1 DAGs
[2026-07-18T21:28:05.691+0000] {logging_mixin.py:190} INFO - [2026-07-18T21:28:05.691+0000] {dag.py:4180} INFO - Setting next_dagrun for latest_only_with_trigger to 2026-07-18 16:00:00+00:00, run_after=2026-07-18 20:00:00+00:00
[2026-07-18T21:28:05.721+0000] {processor.py:208} INFO - Processing /home/airflow/.local/lib/python3.12/site-packages/airflow/example_dags/example_latest_only_with_trigger.py took 0.171 seconds
[2026-07-18T21:28:37.578+0000] {processor.py:186} INFO - Started process (PID=445) to work on /home/airflow/.local/lib/python3.12/site-packages/airflow/example_dags/example_latest_only_with_trigger.py
[2026-07-18T21:28:37.581+0000] {processor.py:914} INFO - Processing file /home/airflow/.local/lib/python3.12/site-packages/airflow/example_dags/example_latest_only_with_trigger.py for tasks to queue
[2026-07-18T21:28:37.588+0000] {logging_mixin.py:190} INFO - [2026-07-18T21:28:37.587+0000] {dagbag.py:588} INFO - Filling up the DagBag from /home/airflow/.local/lib/python3.12/site-packages/airflow/example_dags/example_latest_only_with_trigger.py
[2026-07-18T21:28:37.610+0000] {processor.py:925} INFO - DAG(s) 'latest_only_with_trigger' retrieved from /home/airflow/.local/lib/python3.12/site-packages/airflow/example_dags/example_latest_only_with_trigger.py
[2026-07-18T21:28:37.657+0000] {logging_mixin.py:190} INFO - [2026-07-18T21:28:37.657+0000] {dag.py:3239} INFO - Sync 1 DAGs
[2026-07-18T21:28:37.705+0000] {logging_mixin.py:190} INFO - [2026-07-18T21:28:37.705+0000] {dag.py:4180} INFO - Setting next_dagrun for latest_only_with_trigger to 2026-07-18 16:00:00+00:00, run_after=2026-07-18 20:00:00+00:00
[2026-07-18T21:28:37.741+0000] {processor.py:208} INFO - Processing /home/airflow/.local/lib/python3.12/site-packages/airflow/example_dags/example_latest_only_with_trigger.py took 0.174 seconds
[2026-07-18T21:29:09.045+0000] {processor.py:186} INFO - Started process (PID=508) to work on /home/airflow/.local/lib/python3.12/site-packages/airflow/example_dags/example_latest_only_with_trigger.py
[2026-07-18T21:29:09.048+0000] {processor.py:914} INFO - Processing file /home/airflow/.local/lib/python3.12/site-packages/airflow/example_dags/example_latest_only_with_trigger.py for tasks to queue
[2026-07-18T21:29:09.055+0000] {logging_mixin.py:190} INFO - [2026-07-18T21:29:09.054+0000] {dagbag.py:588} INFO - Filling up the DagBag from /home/airflow/.local/lib/python3.12/site-packages/airflow/example_dags/example_latest_only_with_trigger.py
[2026-07-18T21:29:09.069+0000] {processor.py:925} INFO - DAG(s) 'latest_only_with_trigger' retrieved from /home/airflow/.local/lib/python3.12/site-packages/airflow/example_dags/example_latest_only_with_trigger.py
[2026-07-18T21:29:09.101+0000] {logging_mixin.py:190} INFO - [2026-07-18T21:29:09.101+0000] {dag.py:3239} INFO - Sync 1 DAGs
[2026-07-18T21:29:09.135+0000] {logging_mixin.py:190} INFO - [2026-07-18T21:29:09.134+0000] {dag.py:4180} INFO - Setting next_dagrun for latest_only_with_trigger to 2026-07-18 16:00:00+00:00, run_after=2026-07-18 20:00:00+00:00
[2026-07-18T21:29:09.172+0000] {processor.py:208} INFO - Processing /home/airflow/.local/lib/python3.12/site-packages/airflow/example_dags/example_latest_only_with_trigger.py took 0.139 seconds
[2026-07-18T21:29:41.108+0000] {processor.py:186} INFO - Started process (PID=572) to work on /home/airflow/.local/lib/python3.12/site-packages/airflow/example_dags/example_latest_only_with_trigger.py
[2026-07-18T21:29:41.111+0000] {processor.py:914} INFO - Processing file /home/airflow/.local/lib/python3.12/site-packages/airflow/example_dags/example_latest_only_with_trigger.py for tasks to queue
[2026-07-18T21:29:41.118+0000] {logging_mixin.py:190} INFO - [2026-07-18T21:29:41.117+0000] {dagbag.py:588} INFO - Filling up the DagBag from /home/airflow/.local/lib/python3.12/site-packages/airflow/example_dags/example_latest_only_with_trigger.py
[2026-07-18T21:29:41.138+0000] {processor.py:925} INFO - DAG(s) 'latest_only_with_trigger' retrieved from /home/airflow/.local/lib/python3.12/site-packages/airflow/example_dags/example_latest_only_with_trigger.py
[2026-07-18T21:29:41.175+0000] {logging_mixin.py:190} INFO - [2026-07-18T21:29:41.174+0000] {dag.py:3239} INFO - Sync 1 DAGs
[2026-07-18T21:29:41.208+0000] {logging_mixin.py:190} INFO - [2026-07-18T21:29:41.207+0000] {dag.py:4180} INFO - Setting next_dagrun for latest_only_with_trigger to 2026-07-18 16:00:00+00:00, run_after=2026-07-18 20:00:00+00:00
[2026-07-18T21:29:41.235+0000] {processor.py:208} INFO - Processing /home/airflow/.local/lib/python3.12/site-packages/airflow/example_dags/example_latest_only_with_trigger.py took 0.140 seconds
[2026-07-18T21:30:12.101+0000] {processor.py:186} INFO - Started process (PID=635) to work on /home/airflow/.local/lib/python3.12/site-packages/airflow/example_dags/example_latest_only_with_trigger.py
[2026-07-18T21:30:12.104+0000] {processor.py:914} INFO - Processing file /home/airflow/.local/lib/python3.12/site-packages/airflow/example_dags/example_latest_only_with_trigger.py for tasks to queue
[2026-07-18T21:30:12.108+0000] {logging_mixin.py:190} INFO - [2026-07-18T21:30:12.108+0000] {dagbag.py:588} INFO - Filling up the DagBag from /home/airflow/.local/lib/python3.12/site-packages/airflow/example_dags/example_latest_only_with_trigger.py
[2026-07-18T21:30:12.122+0000] {processor.py:925} INFO - DAG(s) 'latest_only_with_trigger' retrieved from /home/airflow/.local/lib/python3.12/site-packages/airflow/example_dags/example_latest_only_with_trigger.py
[2026-07-18T21:30:12.154+0000] {logging_mixin.py:190} INFO - [2026-07-18T21:30:12.154+0000] {dag.py:3239} INFO - Sync 1 DAGs
[2026-07-18T21:30:12.188+0000] {logging_mixin.py:190} INFO - [2026-07-18T21:30:12.188+0000] {dag.py:4180} INFO - Setting next_dagrun for latest_only_with_trigger to 2026-07-18 16:00:00+00:00, run_after=2026-07-18 20:00:00+00:00
[2026-07-18T21:30:12.217+0000] {processor.py:208} INFO - Processing /home/airflow/.local/lib/python3.12/site-packages/airflow/example_dags/example_latest_only_with_trigger.py took 0.124 seconds
[2026-07-18T21:30:43.683+0000] {processor.py:186} INFO - Started process (PID=698) to work on /home/airflow/.local/lib/python3.12/site-packages/airflow/example_dags/example_latest_only_with_trigger.py
[2026-07-18T21:30:43.688+0000] {processor.py:914} INFO - Processing file /home/airflow/.local/lib/python3.12/site-packages/airflow/example_dags/example_latest_only_with_trigger.py for tasks to queue
[2026-07-18T21:30:43.701+0000] {logging_mixin.py:190} INFO - [2026-07-18T21:30:43.700+0000] {dagbag.py:588} INFO - Filling up the DagBag from /home/airflow/.local/lib/python3.12/site-packages/airflow/example_dags/example_latest_only_with_trigger.py
[2026-07-18T21:30:43.732+0000] {processor.py:925} INFO - DAG(s) 'latest_only_with_trigger' retrieved from /home/airflow/.local/lib/python3.12/site-packages/airflow/example_dags/example_latest_only_with_trigger.py
[2026-07-18T21:30:43.789+0000] {logging_mixin.py:190} INFO - [2026-07-18T21:30:43.789+0000] {dag.py:3239} INFO - Sync 1 DAGs
[2026-07-18T21:30:43.859+0000] {logging_mixin.py:190} INFO - [2026-07-18T21:30:43.858+0000] {dag.py:4180} INFO - Setting next_dagrun for latest_only_with_trigger to 2026-07-18 16:00:00+00:00, run_after=2026-07-18 20:00:00+00:00
[2026-07-18T21:30:43.977+0000] {processor.py:208} INFO - Processing /home/airflow/.local/lib/python3.12/site-packages/airflow/example_dags/example_latest_only_with_trigger.py took 0.312 seconds
[2026-07-18T21:31:15.405+0000] {processor.py:186} INFO - Started process (PID=762) to work on /home/airflow/.local/lib/python3.12/site-packages/airflow/example_dags/example_latest_only_with_trigger.py
[2026-07-18T21:31:15.411+0000] {processor.py:914} INFO - Processing file /home/airflow/.local/lib/python3.12/site-packages/airflow/example_dags/example_latest_only_with_trigger.py for tasks to queue
[2026-07-18T21:31:15.423+0000] {logging_mixin.py:190} INFO - [2026-07-18T21:31:15.423+0000] {dagbag.py:588} INFO - Filling up the DagBag from /home/airflow/.local/lib/python3.12/site-packages/airflow/example_dags/example_latest_only_with_trigger.py
[2026-07-18T21:31:15.451+0000] {processor.py:925} INFO - DAG(s) 'latest_only_with_trigger' retrieved from /home/airflow/.local/lib/python3.12/site-packages/airflow/example_dags/example_latest_only_with_trigger.py
[2026-07-18T21:31:15.488+0000] {logging_mixin.py:190} INFO - [2026-07-18T21:31:15.488+0000] {dag.py:3239} INFO - Sync 1 DAGs
[2026-07-18T21:31:15.528+0000] {logging_mixin.py:190} INFO - [2026-07-18T21:31:15.528+0000] {dag.py:4180} INFO - Setting next_dagrun for latest_only_with_trigger to 2026-07-18 16:00:00+00:00, run_after=2026-07-18 20:00:00+00:00
[2026-07-18T21:31:15.556+0000] {processor.py:208} INFO - Processing /home/airflow/.local/lib/python3.12/site-packages/airflow/example_dags/example_latest_only_with_trigger.py took 0.175 seconds
[2026-07-18T21:31:46.967+0000] {processor.py:186} INFO - Started process (PID=826) to work on /home/airflow/.local/lib/python3.12/site-packages/airflow/example_dags/example_latest_only_with_trigger.py
[2026-07-18T21:31:46.969+0000] {processor.py:914} INFO - Processing file /home/airflow/.local/lib/python3.12/site-packages/airflow/example_dags/example_latest_only_with_trigger.py for tasks to queue
[2026-07-18T21:31:46.975+0000] {logging_mixin.py:190} INFO - [2026-07-18T21:31:46.974+0000] {dagbag.py:588} INFO - Filling up the DagBag from /home/airflow/.local/lib/python3.12/site-packages/airflow/example_dags/example_latest_only_with_trigger.py
[2026-07-18T21:31:46.996+0000] {processor.py:925} INFO - DAG(s) 'latest_only_with_trigger' retrieved from /home/airflow/.local/lib/python3.12/site-packages/airflow/example_dags/example_latest_only_with_trigger.py
[2026-07-18T21:31:47.038+0000] {logging_mixin.py:190} INFO - [2026-07-18T21:31:47.038+0000] {dag.py:3239} INFO - Sync 1 DAGs
[2026-07-18T21:31:47.077+0000] {logging_mixin.py:190} INFO - [2026-07-18T21:31:47.077+0000] {dag.py:4180} INFO - Setting next_dagrun for latest_only_with_trigger to 2026-07-18 16:00:00+00:00, run_after=2026-07-18 20:00:00+00:00
[2026-07-18T21:31:47.106+0000] {processor.py:208} INFO - Processing /home/airflow/.local/lib/python3.12/site-packages/airflow/example_dags/example_latest_only_with_trigger.py took 0.154 seconds
[2026-07-18T21:32:18.728+0000] {processor.py:186} INFO - Started process (PID=890) to work on /home/airflow/.local/lib/python3.12/site-packages/airflow/example_dags/example_latest_only_with_trigger.py
[2026-07-18T21:32:18.732+0000] {processor.py:914} INFO - Processing file /home/airflow/.local/lib/python3.12/site-packages/airflow/example_dags/example_latest_only_with_trigger.py for tasks to queue
[2026-07-18T21:32:18.741+0000] {logging_mixin.py:190} INFO - [2026-07-18T21:32:18.740+0000] {dagbag.py:588} INFO - Filling up the DagBag from /home/airflow/.local/lib/python3.12/site-packages/airflow/example_dags/example_latest_only_with_trigger.py
[2026-07-18T21:32:18.769+0000] {processor.py:925} INFO - DAG(s) 'latest_only_with_trigger' retrieved from /home/airflow/.local/lib/python3.12/site-packages/airflow/example_dags/example_latest_only_with_trigger.py
[2026-07-18T21:32:18.828+0000] {logging_mixin.py:190} INFO - [2026-07-18T21:32:18.827+0000] {dag.py:3239} INFO - Sync 1 DAGs
[2026-07-18T21:32:18.887+0000] {logging_mixin.py:190} INFO - [2026-07-18T21:32:18.886+0000] {dag.py:4180} INFO - Setting next_dagrun for latest_only_with_trigger to 2026-07-18 16:00:00+00:00, run_after=2026-07-18 20:00:00+00:00
[2026-07-18T21:32:18.923+0000] {processor.py:208} INFO - Processing /home/airflow/.local/lib/python3.12/site-packages/airflow/example_dags/example_latest_only_with_trigger.py took 0.211 seconds
[2026-07-18T21:32:49.565+0000] {processor.py:186} INFO - Started process (PID=955) to work on /home/airflow/.local/lib/python3.12/site-packages/airflow/example_dags/example_latest_only_with_trigger.py
[2026-07-18T21:32:49.567+0000] {processor.py:914} INFO - Processing file /home/airflow/.local/lib/python3.12/site-packages/airflow/example_dags/example_latest_only_with_trigger.py for tasks to queue
[2026-07-18T21:32:49.573+0000] {logging_mixin.py:190} INFO - [2026-07-18T21:32:49.572+0000] {dagbag.py:588} INFO - Filling up the DagBag from /home/airflow/.local/lib/python3.12/site-packages/airflow/example_dags/example_latest_only_with_trigger.py
[2026-07-18T21:32:49.587+0000] {processor.py:925} INFO - DAG(s) 'latest_only_with_trigger' retrieved from /home/airflow/.local/lib/python3.12/site-packages/airflow/example_dags/example_latest_only_with_trigger.py
[2026-07-18T21:32:49.617+0000] {logging_mixin.py:190} INFO - [2026-07-18T21:32:49.616+0000] {dag.py:3239} INFO - Sync 1 DAGs
[2026-07-18T21:32:49.662+0000] {logging_mixin.py:190} INFO - [2026-07-18T21:32:49.662+0000] {dag.py:4180} INFO - Setting next_dagrun for latest_only_with_trigger to 2026-07-18 16:00:00+00:00, run_after=2026-07-18 20:00:00+00:00
[2026-07-18T21:32:49.690+0000] {processor.py:208} INFO - Processing /home/airflow/.local/lib/python3.12/site-packages/airflow/example_dags/example_latest_only_with_trigger.py took 0.135 seconds
[2026-07-18T21:33:22.207+0000] {processor.py:186} INFO - Started process (PID=1019) to work on /home/airflow/.local/lib/python3.12/site-packages/airflow/example_dags/example_latest_only_with_trigger.py
[2026-07-18T21:33:22.211+0000] {processor.py:914} INFO - Processing file /home/airflow/.local/lib/python3.12/site-packages/airflow/example_dags/example_latest_only_with_trigger.py for tasks to queue
[2026-07-18T21:33:22.219+0000] {logging_mixin.py:190} INFO - [2026-07-18T21:33:22.218+0000] {dagbag.py:588} INFO - Filling up the DagBag from /home/airflow/.local/lib/python3.12/site-packages/airflow/example_dags/example_latest_only_with_trigger.py
[2026-07-18T21:33:22.242+0000] {processor.py:925} INFO - DAG(s) 'latest_only_with_trigger' retrieved from /home/airflow/.local/lib/python3.12/site-packages/airflow/example_dags/example_latest_only_with_trigger.py
[2026-07-18T21:33:22.303+0000] {logging_mixin.py:190} INFO - [2026-07-18T21:33:22.302+0000] {dag.py:3239} INFO - Sync 1 DAGs
[2026-07-18T21:33:22.369+0000] {logging_mixin.py:190} INFO - [2026-07-18T21:33:22.368+0000] {dag.py:4180} INFO - Setting next_dagrun for latest_only_with_trigger to 2026-07-18 16:00:00+00:00, run_after=2026-07-18 20:00:00+00:00
[2026-07-18T21:33:22.429+0000] {processor.py:208} INFO - Processing /home/airflow/.local/lib/python3.12/site-packages/airflow/example_dags/example_latest_only_with_trigger.py took 0.239 seconds
[2026-07-18T21:33:53.587+0000] {processor.py:186} INFO - Started process (PID=1084) to work on /home/airflow/.local/lib/python3.12/site-packages/airflow/example_dags/example_latest_only_with_trigger.py
[2026-07-18T21:33:53.590+0000] {processor.py:914} INFO - Processing file /home/airflow/.local/lib/python3.12/site-packages/airflow/example_dags/example_latest_only_with_trigger.py for tasks to queue
[2026-07-18T21:33:53.596+0000] {logging_mixin.py:190} INFO - [2026-07-18T21:33:53.596+0000] {dagbag.py:588} INFO - Filling up the DagBag from /home/airflow/.local/lib/python3.12/site-packages/airflow/example_dags/example_latest_only_with_trigger.py
[2026-07-18T21:33:53.612+0000] {processor.py:925} INFO - DAG(s) 'latest_only_with_trigger' retrieved from /home/airflow/.local/lib/python3.12/site-packages/airflow/example_dags/example_latest_only_with_trigger.py
[2026-07-18T21:33:53.650+0000] {logging_mixin.py:190} INFO - [2026-07-18T21:33:53.650+0000] {dag.py:3239} INFO - Sync 1 DAGs
[2026-07-18T21:33:53.693+0000] {logging_mixin.py:190} INFO - [2026-07-18T21:33:53.692+0000] {dag.py:4180} INFO - Setting next_dagrun for latest_only_with_trigger to 2026-07-18 16:00:00+00:00, run_after=2026-07-18 20:00:00+00:00
[2026-07-18T21:33:53.729+0000] {processor.py:208} INFO - Processing /home/airflow/.local/lib/python3.12/site-packages/airflow/example_dags/example_latest_only_with_trigger.py took 0.154 seconds
[2026-07-18T21:34:24.663+0000] {processor.py:186} INFO - Started process (PID=1154) to work on /home/airflow/.local/lib/python3.12/site-packages/airflow/example_dags/example_latest_only_with_trigger.py
[2026-07-18T21:34:24.665+0000] {processor.py:914} INFO - Processing file /home/airflow/.local/lib/python3.12/site-packages/airflow/example_dags/example_latest_only_with_trigger.py for tasks to queue
[2026-07-18T21:34:24.670+0000] {logging_mixin.py:190} INFO - [2026-07-18T21:34:24.669+0000] {dagbag.py:588} INFO - Filling up the DagBag from /home/airflow/.local/lib/python3.12/site-packages/airflow/example_dags/example_latest_only_with_trigger.py
[2026-07-18T21:34:24.682+0000] {processor.py:925} INFO - DAG(s) 'latest_only_with_trigger' retrieved from /home/airflow/.local/lib/python3.12/site-packages/airflow/example_dags/example_latest_only_with_trigger.py
[2026-07-18T21:34:24.715+0000] {logging_mixin.py:190} INFO - [2026-07-18T21:34:24.715+0000] {dag.py:3239} INFO - Sync 1 DAGs
[2026-07-18T21:34:24.763+0000] {logging_mixin.py:190} INFO - [2026-07-18T21:34:24.763+0000] {dag.py:4180} INFO - Setting next_dagrun for latest_only_with_trigger to 2026-07-18 16:00:00+00:00, run_after=2026-07-18 20:00:00+00:00
[2026-07-18T21:34:24.795+0000] {processor.py:208} INFO - Processing /home/airflow/.local/lib/python3.12/site-packages/airflow/example_dags/example_latest_only_with_trigger.py took 0.142 seconds
[2026-07-18T21:34:56.897+0000] {processor.py:186} INFO - Started process (PID=1218) to work on /home/airflow/.local/lib/python3.12/site-packages/airflow/example_dags/example_latest_only_with_trigger.py
[2026-07-18T21:34:56.899+0000] {processor.py:914} INFO - Processing file /home/airflow/.local/lib/python3.12/site-packages/airflow/example_dags/example_latest_only_with_trigger.py for tasks to queue
[2026-07-18T21:34:56.904+0000] {logging_mixin.py:190} INFO - [2026-07-18T21:34:56.904+0000] {dagbag.py:588} INFO - Filling up the DagBag from /home/airflow/.local/lib/python3.12/site-packages/airflow/example_dags/example_latest_only_with_trigger.py
[2026-07-18T21:34:56.919+0000] {processor.py:925} INFO - DAG(s) 'latest_only_with_trigger' retrieved from /home/airflow/.local/lib/python3.12/site-packages/airflow/example_dags/example_latest_only_with_trigger.py
[2026-07-18T21:34:56.956+0000] {logging_mixin.py:190} INFO - [2026-07-18T21:34:56.956+0000] {dag.py:3239} INFO - Sync 1 DAGs
[2026-07-18T21:34:57.008+0000] {logging_mixin.py:190} INFO - [2026-07-18T21:34:57.007+0000] {dag.py:4180} INFO - Setting next_dagrun for latest_only_with_trigger to 2026-07-18 16:00:00+00:00, run_after=2026-07-18 20:00:00+00:00
[2026-07-18T21:34:57.042+0000] {processor.py:208} INFO - Processing /home/airflow/.local/lib/python3.12/site-packages/airflow/example_dags/example_latest_only_with_trigger.py took 0.156 seconds
[2026-07-18T21:35:28.305+0000] {processor.py:186} INFO - Started process (PID=1282) to work on /home/airflow/.local/lib/python3.12/site-packages/airflow/example_dags/example_latest_only_with_trigger.py
[2026-07-18T21:35:28.308+0000] {processor.py:914} INFO - Processing file /home/airflow/.local/lib/python3.12/site-packages/airflow/example_dags/example_latest_only_with_trigger.py for tasks to queue
[2026-07-18T21:35:28.313+0000] {logging_mixin.py:190} INFO - [2026-07-18T21:35:28.313+0000] {dagbag.py:588} INFO - Filling up the DagBag from /home/airflow/.local/lib/python3.12/site-packages/airflow/example_dags/example_latest_only_with_trigger.py
[2026-07-18T21:35:28.329+0000] {processor.py:925} INFO - DAG(s) 'latest_only_with_trigger' retrieved from /home/airflow/.local/lib/python3.12/site-packages/airflow/example_dags/example_latest_only_with_trigger.py
[2026-07-18T21:35:28.369+0000] {logging_mixin.py:190} INFO - [2026-07-18T21:35:28.368+0000] {dag.py:3239} INFO - Sync 1 DAGs
[2026-07-18T21:35:28.419+0000] {logging_mixin.py:190} INFO - [2026-07-18T21:35:28.419+0000] {dag.py:4180} INFO - Setting next_dagrun for latest_only_with_trigger to 2026-07-18 16:00:00+00:00, run_after=2026-07-18 20:00:00+00:00
[2026-07-18T21:35:28.494+0000] {processor.py:208} INFO - Processing /home/airflow/.local/lib/python3.12/site-packages/airflow/example_dags/example_latest_only_with_trigger.py took 0.198 seconds
[2026-07-18T21:35:59.915+0000] {processor.py:186} INFO - Started process (PID=1346) to work on /home/airflow/.local/lib/python3.12/site-packages/airflow/example_dags/example_latest_only_with_trigger.py
[2026-07-18T21:35:59.919+0000] {processor.py:914} INFO - Processing file /home/airflow/.local/lib/python3.12/site-packages/airflow/example_dags/example_latest_only_with_trigger.py for tasks to queue
[2026-07-18T21:35:59.929+0000] {logging_mixin.py:190} INFO - [2026-07-18T21:35:59.927+0000] {dagbag.py:588} INFO - Filling up the DagBag from /home/airflow/.local/lib/python3.12/site-packages/airflow/example_dags/example_latest_only_with_trigger.py
[2026-07-18T21:35:59.956+0000] {processor.py:925} INFO - DAG(s) 'latest_only_with_trigger' retrieved from /home/airflow/.local/lib/python3.12/site-packages/airflow/example_dags/example_latest_only_with_trigger.py
[2026-07-18T21:36:00.025+0000] {logging_mixin.py:190} INFO - [2026-07-18T21:36:00.024+0000] {dag.py:3239} INFO - Sync 1 DAGs
[2026-07-18T21:36:00.106+0000] {logging_mixin.py:190} INFO - [2026-07-18T21:36:00.106+0000] {dag.py:4180} INFO - Setting next_dagrun for latest_only_with_trigger to 2026-07-18 16:00:00+00:00, run_after=2026-07-18 20:00:00+00:00
[2026-07-18T21:36:00.161+0000] {processor.py:208} INFO - Processing /home/airflow/.local/lib/python3.12/site-packages/airflow/example_dags/example_latest_only_with_trigger.py took 0.266 seconds
[2026-07-18T21:36:31.460+0000] {processor.py:186} INFO - Started process (PID=1410) to work on /home/airflow/.local/lib/python3.12/site-packages/airflow/example_dags/example_latest_only_with_trigger.py
[2026-07-18T21:36:31.462+0000] {processor.py:914} INFO - Processing file /home/airflow/.local/lib/python3.12/site-packages/airflow/example_dags/example_latest_only_with_trigger.py for tasks to queue
[2026-07-18T21:36:31.467+0000] {logging_mixin.py:190} INFO - [2026-07-18T21:36:31.467+0000] {dagbag.py:588} INFO - Filling up the DagBag from /home/airflow/.local/lib/python3.12/site-packages/airflow/example_dags/example_latest_only_with_trigger.py
[2026-07-18T21:36:31.480+0000] {processor.py:925} INFO - DAG(s) 'latest_only_with_trigger' retrieved from /home/airflow/.local/lib/python3.12/site-packages/airflow/example_dags/example_latest_only_with_trigger.py
[2026-07-18T21:36:31.510+0000] {logging_mixin.py:190} INFO - [2026-07-18T21:36:31.510+0000] {dag.py:3239} INFO - Sync 1 DAGs
[2026-07-18T21:36:31.554+0000] {logging_mixin.py:190} INFO - [2026-07-18T21:36:31.553+0000] {dag.py:4180} INFO - Setting next_dagrun for latest_only_with_trigger to 2026-07-18 16:00:00+00:00, run_after=2026-07-18 20:00:00+00:00
[2026-07-18T21:36:31.661+0000] {processor.py:208} INFO - Processing /home/airflow/.local/lib/python3.12/site-packages/airflow/example_dags/example_latest_only_with_trigger.py took 0.208 seconds
[2026-07-18T21:37:02.905+0000] {processor.py:186} INFO - Started process (PID=1474) to work on /home/airflow/.local/lib/python3.12/site-packages/airflow/example_dags/example_latest_only_with_trigger.py
[2026-07-18T21:37:02.908+0000] {processor.py:914} INFO - Processing file /home/airflow/.local/lib/python3.12/site-packages/airflow/example_dags/example_latest_only_with_trigger.py for tasks to queue
[2026-07-18T21:37:02.913+0000] {logging_mixin.py:190} INFO - [2026-07-18T21:37:02.912+0000] {dagbag.py:588} INFO - Filling up the DagBag from /home/airflow/.local/lib/python3.12/site-packages/airflow/example_dags/example_latest_only_with_trigger.py
[2026-07-18T21:37:02.928+0000] {processor.py:925} INFO - DAG(s) 'latest_only_with_trigger' retrieved from /home/airflow/.local/lib/python3.12/site-packages/airflow/example_dags/example_latest_only_with_trigger.py
[2026-07-18T21:37:02.963+0000] {logging_mixin.py:190} INFO - [2026-07-18T21:37:02.963+0000] {dag.py:3239} INFO - Sync 1 DAGs
[2026-07-18T21:37:02.991+0000] {logging_mixin.py:190} INFO - [2026-07-18T21:37:02.991+0000] {dag.py:4180} INFO - Setting next_dagrun for latest_only_with_trigger to 2026-07-18 16:00:00+00:00, run_after=2026-07-18 20:00:00+00:00
[2026-07-18T21:37:03.023+0000] {processor.py:208} INFO - Processing /home/airflow/.local/lib/python3.12/site-packages/airflow/example_dags/example_latest_only_with_trigger.py took 0.131 seconds
[2026-07-18T21:37:35.508+0000] {processor.py:186} INFO - Started process (PID=1538) to work on /home/airflow/.local/lib/python3.12/site-packages/airflow/example_dags/example_latest_only_with_trigger.py
[2026-07-18T21:37:35.511+0000] {processor.py:914} INFO - Processing file /home/airflow/.local/lib/python3.12/site-packages/airflow/example_dags/example_latest_only_with_trigger.py for tasks to queue
[2026-07-18T21:37:35.521+0000] {logging_mixin.py:190} INFO - [2026-07-18T21:37:35.519+0000] {dagbag.py:588} INFO - Filling up the DagBag from /home/airflow/.local/lib/python3.12/site-packages/airflow/example_dags/example_latest_only_with_trigger.py
[2026-07-18T21:37:35.542+0000] {processor.py:925} INFO - DAG(s) 'latest_only_with_trigger' retrieved from /home/airflow/.local/lib/python3.12/site-packages/airflow/example_dags/example_latest_only_with_trigger.py
[2026-07-18T21:37:35.590+0000] {logging_mixin.py:190} INFO - [2026-07-18T21:37:35.589+0000] {dag.py:3239} INFO - Sync 1 DAGs
[2026-07-18T21:37:35.661+0000] {logging_mixin.py:190} INFO - [2026-07-18T21:37:35.661+0000] {dag.py:4180} INFO - Setting next_dagrun for latest_only_with_trigger to 2026-07-18 16:00:00+00:00, run_after=2026-07-18 20:00:00+00:00
[2026-07-18T21:37:35.695+0000] {processor.py:208} INFO - Processing /home/airflow/.local/lib/python3.12/site-packages/airflow/example_dags/example_latest_only_with_trigger.py took 0.207 seconds
[2026-07-18T21:38:07.359+0000] {processor.py:186} INFO - Started process (PID=1602) to work on /home/airflow/.local/lib/python3.12/site-packages/airflow/example_dags/example_latest_only_with_trigger.py
[2026-07-18T21:38:07.363+0000] {processor.py:914} INFO - Processing file /home/airflow/.local/lib/python3.12/site-packages/airflow/example_dags/example_latest_only_with_trigger.py for tasks to queue
[2026-07-18T21:38:07.372+0000] {logging_mixin.py:190} INFO - [2026-07-18T21:38:07.371+0000] {dagbag.py:588} INFO - Filling up the DagBag from /home/airflow/.local/lib/python3.12/site-packages/airflow/example_dags/example_latest_only_with_trigger.py
[2026-07-18T21:38:07.402+0000] {processor.py:925} INFO - DAG(s) 'latest_only_with_trigger' retrieved from /home/airflow/.local/lib/python3.12/site-packages/airflow/example_dags/example_latest_only_with_trigger.py
[2026-07-18T21:38:07.457+0000] {logging_mixin.py:190} INFO - [2026-07-18T21:38:07.456+0000] {dag.py:3239} INFO - Sync 1 DAGs
[2026-07-18T21:38:07.524+0000] {logging_mixin.py:190} INFO - [2026-07-18T21:38:07.524+0000] {dag.py:4180} INFO - Setting next_dagrun for latest_only_with_trigger to 2026-07-18 16:00:00+00:00, run_after=2026-07-18 20:00:00+00:00
[2026-07-18T21:38:07.574+0000] {processor.py:208} INFO - Processing /home/airflow/.local/lib/python3.12/site-packages/airflow/example_dags/example_latest_only_with_trigger.py took 0.231 seconds
[2026-07-18T21:38:38.653+0000] {processor.py:186} INFO - Started process (PID=1666) to work on /home/airflow/.local/lib/python3.12/site-packages/airflow/example_dags/example_latest_only_with_trigger.py
[2026-07-18T21:38:38.657+0000] {processor.py:914} INFO - Processing file /home/airflow/.local/lib/python3.12/site-packages/airflow/example_dags/example_latest_only_with_trigger.py for tasks to queue
[2026-07-18T21:38:38.664+0000] {logging_mixin.py:190} INFO - [2026-07-18T21:38:38.663+0000] {dagbag.py:588} INFO - Filling up the DagBag from /home/airflow/.local/lib/python3.12/site-packages/airflow/example_dags/example_latest_only_with_trigger.py
[2026-07-18T21:38:38.681+0000] {processor.py:925} INFO - DAG(s) 'latest_only_with_trigger' retrieved from /home/airflow/.local/lib/python3.12/site-packages/airflow/example_dags/example_latest_only_with_trigger.py
[2026-07-18T21:38:38.720+0000] {logging_mixin.py:190} INFO - [2026-07-18T21:38:38.719+0000] {dag.py:3239} INFO - Sync 1 DAGs
[2026-07-18T21:38:38.772+0000] {logging_mixin.py:190} INFO - [2026-07-18T21:38:38.771+0000] {dag.py:4180} INFO - Setting next_dagrun for latest_only_with_trigger to 2026-07-18 16:00:00+00:00, run_after=2026-07-18 20:00:00+00:00
[2026-07-18T21:38:38.848+0000] {processor.py:208} INFO - Processing /home/airflow/.local/lib/python3.12/site-packages/airflow/example_dags/example_latest_only_with_trigger.py took 0.212 seconds
[2026-07-18T21:39:09.573+0000] {processor.py:186} INFO - Started process (PID=1730) to work on /home/airflow/.local/lib/python3.12/site-packages/airflow/example_dags/example_latest_only_with_trigger.py
[2026-07-18T21:39:09.575+0000] {processor.py:914} INFO - Processing file /home/airflow/.local/lib/python3.12/site-packages/airflow/example_dags/example_latest_only_with_trigger.py for tasks to queue
[2026-07-18T21:39:09.582+0000] {logging_mixin.py:190} INFO - [2026-07-18T21:39:09.581+0000] {dagbag.py:588} INFO - Filling up the DagBag from /home/airflow/.local/lib/python3.12/site-packages/airflow/example_dags/example_latest_only_with_trigger.py
[2026-07-18T21:39:09.600+0000] {processor.py:925} INFO - DAG(s) 'latest_only_with_trigger' retrieved from /home/airflow/.local/lib/python3.12/site-packages/airflow/example_dags/example_latest_only_with_trigger.py
[2026-07-18T21:39:09.638+0000] {logging_mixin.py:190} INFO - [2026-07-18T21:39:09.638+0000] {dag.py:3239} INFO - Sync 1 DAGs
[2026-07-18T21:39:09.689+0000] {logging_mixin.py:190} INFO - [2026-07-18T21:39:09.689+0000] {dag.py:4180} INFO - Setting next_dagrun for latest_only_with_trigger to 2026-07-18 16:00:00+00:00, run_after=2026-07-18 20:00:00+00:00
[2026-07-18T21:39:09.771+0000] {processor.py:208} INFO - Processing /home/airflow/.local/lib/python3.12/site-packages/airflow/example_dags/example_latest_only_with_trigger.py took 0.208 seconds
[2026-07-18T21:39:42.652+0000] {processor.py:186} INFO - Started process (PID=1795) to work on /home/airflow/.local/lib/python3.12/site-packages/airflow/example_dags/example_latest_only_with_trigger.py
[2026-07-18T21:39:42.658+0000] {processor.py:914} INFO - Processing file /home/airflow/.local/lib/python3.12/site-packages/airflow/example_dags/example_latest_only_with_trigger.py for tasks to queue
[2026-07-18T21:39:42.668+0000] {logging_mixin.py:190} INFO - [2026-07-18T21:39:42.667+0000] {dagbag.py:588} INFO - Filling up the DagBag from /home/airflow/.local/lib/python3.12/site-packages/airflow/example_dags/example_latest_only_with_trigger.py
[2026-07-18T21:39:42.700+0000] {processor.py:925} INFO - DAG(s) 'latest_only_with_trigger' retrieved from /home/airflow/.local/lib/python3.12/site-packages/airflow/example_dags/example_latest_only_with_trigger.py
[2026-07-18T21:39:42.759+0000] {logging_mixin.py:190} INFO - [2026-07-18T21:39:42.758+0000] {dag.py:3239} INFO - Sync 1 DAGs
[2026-07-18T21:39:42.836+0000] {logging_mixin.py:190} INFO - [2026-07-18T21:39:42.835+0000] {dag.py:4180} INFO - Setting next_dagrun for latest_only_with_trigger to 2026-07-18 16:00:00+00:00, run_after=2026-07-18 20:00:00+00:00
[2026-07-18T21:39:42.965+0000] {processor.py:208} INFO - Processing /home/airflow/.local/lib/python3.12/site-packages/airflow/example_dags/example_latest_only_with_trigger.py took 0.333 seconds
[2026-07-18T21:40:14.205+0000] {processor.py:186} INFO - Started process (PID=1859) to work on /home/airflow/.local/lib/python3.12/site-packages/airflow/example_dags/example_latest_only_with_trigger.py
[2026-07-18T21:40:14.208+0000] {processor.py:914} INFO - Processing file /home/airflow/.local/lib/python3.12/site-packages/airflow/example_dags/example_latest_only_with_trigger.py for tasks to queue
[2026-07-18T21:40:14.217+0000] {logging_mixin.py:190} INFO - [2026-07-18T21:40:14.216+0000] {dagbag.py:588} INFO - Filling up the DagBag from /home/airflow/.local/lib/python3.12/site-packages/airflow/example_dags/example_latest_only_with_trigger.py
[2026-07-18T21:40:14.246+0000] {processor.py:925} INFO - DAG(s) 'latest_only_with_trigger' retrieved from /home/airflow/.local/lib/python3.12/site-packages/airflow/example_dags/example_latest_only_with_trigger.py
[2026-07-18T21:40:14.287+0000] {logging_mixin.py:190} INFO - [2026-07-18T21:40:14.286+0000] {dag.py:3239} INFO - Sync 1 DAGs
[2026-07-18T21:40:14.321+0000] {logging_mixin.py:190} INFO - [2026-07-18T21:40:14.320+0000] {dag.py:4180} INFO - Setting next_dagrun for latest_only_with_trigger to 2026-07-18 16:00:00+00:00, run_after=2026-07-18 20:00:00+00:00
[2026-07-18T21:40:14.359+0000] {processor.py:208} INFO - Processing /home/airflow/.local/lib/python3.12/site-packages/airflow/example_dags/example_latest_only_with_trigger.py took 0.169 seconds
[2026-07-18T21:40:45.732+0000] {processor.py:186} INFO - Started process (PID=1923) to work on /home/airflow/.local/lib/python3.12/site-packages/airflow/example_dags/example_latest_only_with_trigger.py
[2026-07-18T21:40:45.735+0000] {processor.py:914} INFO - Processing file /home/airflow/.local/lib/python3.12/site-packages/airflow/example_dags/example_latest_only_with_trigger.py for tasks to queue
[2026-07-18T21:40:45.742+0000] {logging_mixin.py:190} INFO - [2026-07-18T21:40:45.742+0000] {dagbag.py:588} INFO - Filling up the DagBag from /home/airflow/.local/lib/python3.12/site-packages/airflow/example_dags/example_latest_only_with_trigger.py
[2026-07-18T21:40:45.764+0000] {processor.py:925} INFO - DAG(s) 'latest_only_with_trigger' retrieved from /home/airflow/.local/lib/python3.12/site-packages/airflow/example_dags/example_latest_only_with_trigger.py
[2026-07-18T21:40:45.824+0000] {logging_mixin.py:190} INFO - [2026-07-18T21:40:45.824+0000] {dag.py:3239} INFO - Sync 1 DAGs
[2026-07-18T21:40:45.868+0000] {logging_mixin.py:190} INFO - [2026-07-18T21:40:45.868+0000] {dag.py:4180} INFO - Setting next_dagrun for latest_only_with_trigger to 2026-07-18 16:00:00+00:00, run_after=2026-07-18 20:00:00+00:00
[2026-07-18T21:40:45.900+0000] {processor.py:208} INFO - Processing /home/airflow/.local/lib/python3.12/site-packages/airflow/example_dags/example_latest_only_with_trigger.py took 0.187 seconds
[2026-07-18T21:41:16.685+0000] {processor.py:186} INFO - Started process (PID=1987) to work on /home/airflow/.local/lib/python3.12/site-packages/airflow/example_dags/example_latest_only_with_trigger.py
[2026-07-18T21:41:16.687+0000] {processor.py:914} INFO - Processing file /home/airflow/.local/lib/python3.12/site-packages/airflow/example_dags/example_latest_only_with_trigger.py for tasks to queue
[2026-07-18T21:41:16.692+0000] {logging_mixin.py:190} INFO - [2026-07-18T21:41:16.691+0000] {dagbag.py:588} INFO - Filling up the DagBag from /home/airflow/.local/lib/python3.12/site-packages/airflow/example_dags/example_latest_only_with_trigger.py
[2026-07-18T21:41:16.704+0000] {processor.py:925} INFO - DAG(s) 'latest_only_with_trigger' retrieved from /home/airflow/.local/lib/python3.12/site-packages/airflow/example_dags/example_latest_only_with_trigger.py
[2026-07-18T21:41:16.742+0000] {logging_mixin.py:190} INFO - [2026-07-18T21:41:16.742+0000] {dag.py:3239} INFO - Sync 1 DAGs
[2026-07-18T21:41:16.785+0000] {logging_mixin.py:190} INFO - [2026-07-18T21:41:16.784+0000] {dag.py:4180} INFO - Setting next_dagrun for latest_only_with_trigger to 2026-07-18 16:00:00+00:00, run_after=2026-07-18 20:00:00+00:00
[2026-07-18T21:41:16.818+0000] {processor.py:208} INFO - Processing /home/airflow/.local/lib/python3.12/site-packages/airflow/example_dags/example_latest_only_with_trigger.py took 0.140 seconds
[2026-07-18T21:41:48.296+0000] {processor.py:186} INFO - Started process (PID=2051) to work on /home/airflow/.local/lib/python3.12/site-packages/airflow/example_dags/example_latest_only_with_trigger.py
[2026-07-18T21:41:48.298+0000] {processor.py:914} INFO - Processing file /home/airflow/.local/lib/python3.12/site-packages/airflow/example_dags/example_latest_only_with_trigger.py for tasks to queue
[2026-07-18T21:41:48.303+0000] {logging_mixin.py:190} INFO - [2026-07-18T21:41:48.302+0000] {dagbag.py:588} INFO - Filling up the DagBag from /home/airflow/.local/lib/python3.12/site-packages/airflow/example_dags/example_latest_only_with_trigger.py
[2026-07-18T21:41:48.317+0000] {processor.py:925} INFO - DAG(s) 'latest_only_with_trigger' retrieved from /home/airflow/.local/lib/python3.12/site-packages/airflow/example_dags/example_latest_only_with_trigger.py
[2026-07-18T21:41:48.354+0000] {logging_mixin.py:190} INFO - [2026-07-18T21:41:48.354+0000] {dag.py:3239} INFO - Sync 1 DAGs
[2026-07-18T21:41:48.391+0000] {logging_mixin.py:190} INFO - [2026-07-18T21:41:48.391+0000] {dag.py:4180} INFO - Setting next_dagrun for latest_only_with_trigger to 2026-07-18 16:00:00+00:00, run_after=2026-07-18 20:00:00+00:00
[2026-07-18T21:41:48.424+0000] {processor.py:208} INFO - Processing /home/airflow/.local/lib/python3.12/site-packages/airflow/example_dags/example_latest_only_with_trigger.py took 0.136 seconds
[2026-07-18T21:42:20.259+0000] {processor.py:186} INFO - Started process (PID=2117) to work on /home/airflow/.local/lib/python3.12/site-packages/airflow/example_dags/example_latest_only_with_trigger.py
[2026-07-18T21:42:20.262+0000] {processor.py:914} INFO - Processing file /home/airflow/.local/lib/python3.12/site-packages/airflow/example_dags/example_latest_only_with_trigger.py for tasks to queue
[2026-07-18T21:42:20.267+0000] {logging_mixin.py:190} INFO - [2026-07-18T21:42:20.266+0000] {dagbag.py:588} INFO - Filling up the DagBag from /home/airflow/.local/lib/python3.12/site-packages/airflow/example_dags/example_latest_only_with_trigger.py
[2026-07-18T21:42:20.282+0000] {processor.py:925} INFO - DAG(s) 'latest_only_with_trigger' retrieved from /home/airflow/.local/lib/python3.12/site-packages/airflow/example_dags/example_latest_only_with_trigger.py
[2026-07-18T21:42:20.317+0000] {logging_mixin.py:190} INFO - [2026-07-18T21:42:20.317+0000] {dag.py:3239} INFO - Sync 1 DAGs
[2026-07-18T21:42:20.354+0000] {logging_mixin.py:190} INFO - [2026-07-18T21:42:20.354+0000] {dag.py:4180} INFO - Setting next_dagrun for latest_only_with_trigger to 2026-07-18 16:00:00+00:00, run_after=2026-07-18 20:00:00+00:00
[2026-07-18T21:42:20.382+0000] {processor.py:208} INFO - Processing /home/airflow/.local/lib/python3.12/site-packages/airflow/example_dags/example_latest_only_with_trigger.py took 0.131 seconds
[2026-07-18T21:42:51.643+0000] {processor.py:186} INFO - Started process (PID=2181) to work on /home/airflow/.local/lib/python3.12/site-packages/airflow/example_dags/example_latest_only_with_trigger.py
[2026-07-18T21:42:51.646+0000] {processor.py:914} INFO - Processing file /home/airflow/.local/lib/python3.12/site-packages/airflow/example_dags/example_latest_only_with_trigger.py for tasks to queue
[2026-07-18T21:42:51.652+0000] {logging_mixin.py:190} INFO - [2026-07-18T21:42:51.651+0000] {dagbag.py:588} INFO - Filling up the DagBag from /home/airflow/.local/lib/python3.12/site-packages/airflow/example_dags/example_latest_only_with_trigger.py
[2026-07-18T21:42:51.669+0000] {processor.py:925} INFO - DAG(s) 'latest_only_with_trigger' retrieved from /home/airflow/.local/lib/python3.12/site-packages/airflow/example_dags/example_latest_only_with_trigger.py
[2026-07-18T21:42:51.720+0000] {logging_mixin.py:190} INFO - [2026-07-18T21:42:51.720+0000] {dag.py:3239} INFO - Sync 1 DAGs
[2026-07-18T21:42:51.769+0000] {logging_mixin.py:190} INFO - [2026-07-18T21:42:51.769+0000] {dag.py:4180} INFO - Setting next_dagrun for latest_only_with_trigger to 2026-07-18 16:00:00+00:00, run_after=2026-07-18 20:00:00+00:00
[2026-07-18T21:42:51.809+0000] {processor.py:208} INFO - Processing /home/airflow/.local/lib/python3.12/site-packages/airflow/example_dags/example_latest_only_with_trigger.py took 0.179 seconds
[2026-07-18T21:43:24.611+0000] {processor.py:186} INFO - Started process (PID=2249) to work on /home/airflow/.local/lib/python3.12/site-packages/airflow/example_dags/example_latest_only_with_trigger.py
[2026-07-18T21:43:24.614+0000] {processor.py:914} INFO - Processing file /home/airflow/.local/lib/python3.12/site-packages/airflow/example_dags/example_latest_only_with_trigger.py for tasks to queue
[2026-07-18T21:43:24.619+0000] {logging_mixin.py:190} INFO - [2026-07-18T21:43:24.618+0000] {dagbag.py:588} INFO - Filling up the DagBag from /home/airflow/.local/lib/python3.12/site-packages/airflow/example_dags/example_latest_only_with_trigger.py
[2026-07-18T21:43:24.634+0000] {processor.py:925} INFO - DAG(s) 'latest_only_with_trigger' retrieved from /home/airflow/.local/lib/python3.12/site-packages/airflow/example_dags/example_latest_only_with_trigger.py
[2026-07-18T21:43:24.694+0000] {logging_mixin.py:190} INFO - [2026-07-18T21:43:24.693+0000] {dag.py:3239} INFO - Sync 1 DAGs
[2026-07-18T21:43:24.767+0000] {logging_mixin.py:190} INFO - [2026-07-18T21:43:24.766+0000] {dag.py:4180} INFO - Setting next_dagrun for latest_only_with_trigger to 2026-07-18 16:00:00+00:00, run_after=2026-07-18 20:00:00+00:00
[2026-07-18T21:43:24.832+0000] {processor.py:208} INFO - Processing /home/airflow/.local/lib/python3.12/site-packages/airflow/example_dags/example_latest_only_with_trigger.py took 0.233 seconds
[2026-07-18T21:43:55.961+0000] {processor.py:186} INFO - Started process (PID=2314) to work on /home/airflow/.local/lib/python3.12/site-packages/airflow/example_dags/example_latest_only_with_trigger.py
[2026-07-18T21:43:55.965+0000] {processor.py:914} INFO - Processing file /home/airflow/.local/lib/python3.12/site-packages/airflow/example_dags/example_latest_only_with_trigger.py for tasks to queue
[2026-07-18T21:43:55.971+0000] {logging_mixin.py:190} INFO - [2026-07-18T21:43:55.971+0000] {dagbag.py:588} INFO - Filling up the DagBag from /home/airflow/.local/lib/python3.12/site-packages/airflow/example_dags/example_latest_only_with_trigger.py
[2026-07-18T21:43:55.985+0000] {processor.py:925} INFO - DAG(s) 'latest_only_with_trigger' retrieved from /home/airflow/.local/lib/python3.12/site-packages/airflow/example_dags/example_latest_only_with_trigger.py
[2026-07-18T21:43:56.019+0000] {logging_mixin.py:190} INFO - [2026-07-18T21:43:56.019+0000] {dag.py:3239} INFO - Sync 1 DAGs
[2026-07-18T21:43:56.065+0000] {logging_mixin.py:190} INFO - [2026-07-18T21:43:56.064+0000] {dag.py:4180} INFO - Setting next_dagrun for latest_only_with_trigger to 2026-07-18 16:00:00+00:00, run_after=2026-07-18 20:00:00+00:00
[2026-07-18T21:43:56.095+0000] {processor.py:208} INFO - Processing /home/airflow/.local/lib/python3.12/site-packages/airflow/example_dags/example_latest_only_with_trigger.py took 0.148 seconds
[2026-07-18T21:44:27.236+0000] {processor.py:186} INFO - Started process (PID=2384) to work on /home/airflow/.local/lib/python3.12/site-packages/airflow/example_dags/example_latest_only_with_trigger.py
[2026-07-18T21:44:27.239+0000] {processor.py:914} INFO - Processing file /home/airflow/.local/lib/python3.12/site-packages/airflow/example_dags/example_latest_only_with_trigger.py for tasks to queue
[2026-07-18T21:44:27.243+0000] {logging_mixin.py:190} INFO - [2026-07-18T21:44:27.243+0000] {dagbag.py:588} INFO - Filling up the DagBag from /home/airflow/.local/lib/python3.12/site-packages/airflow/example_dags/example_latest_only_with_trigger.py
[2026-07-18T21:44:27.254+0000] {processor.py:925} INFO - DAG(s) 'latest_only_with_trigger' retrieved from /home/airflow/.local/lib/python3.12/site-packages/airflow/example_dags/example_latest_only_with_trigger.py
[2026-07-18T21:44:27.289+0000] {logging_mixin.py:190} INFO - [2026-07-18T21:44:27.288+0000] {dag.py:3239} INFO - Sync 1 DAGs
[2026-07-18T21:44:27.347+0000] {logging_mixin.py:190} INFO - [2026-07-18T21:44:27.346+0000] {dag.py:4180} INFO - Setting next_dagrun for latest_only_with_trigger to 2026-07-18 16:00:00+00:00, run_after=2026-07-18 20:00:00+00:00
[2026-07-18T21:44:27.389+0000] {processor.py:208} INFO - Processing /home/airflow/.local/lib/python3.12/site-packages/airflow/example_dags/example_latest_only_with_trigger.py took 0.160 seconds
[2026-07-18T21:44:58.320+0000] {processor.py:186} INFO - Started process (PID=2448) to work on /home/airflow/.local/lib/python3.12/site-packages/airflow/example_dags/example_latest_only_with_trigger.py
[2026-07-18T21:44:58.322+0000] {processor.py:914} INFO - Processing file /home/airflow/.local/lib/python3.12/site-packages/airflow/example_dags/example_latest_only_with_trigger.py for tasks to queue
[2026-07-18T21:44:58.326+0000] {logging_mixin.py:190} INFO - [2026-07-18T21:44:58.326+0000] {dagbag.py:588} INFO - Filling up the DagBag from /home/airflow/.local/lib/python3.12/site-packages/airflow/example_dags/example_latest_only_with_trigger.py
[2026-07-18T21:44:58.344+0000] {processor.py:925} INFO - DAG(s) 'latest_only_with_trigger' retrieved from /home/airflow/.local/lib/python3.12/site-packages/airflow/example_dags/example_latest_only_with_trigger.py
[2026-07-18T21:44:58.385+0000] {logging_mixin.py:190} INFO - [2026-07-18T21:44:58.384+0000] {dag.py:3239} INFO - Sync 1 DAGs
[2026-07-18T21:44:58.427+0000] {logging_mixin.py:190} INFO - [2026-07-18T21:44:58.427+0000] {dag.py:4180} INFO - Setting next_dagrun for latest_only_with_trigger to 2026-07-18 16:00:00+00:00, run_after=2026-07-18 20:00:00+00:00
[2026-07-18T21:44:58.459+0000] {processor.py:208} INFO - Processing /home/airflow/.local/lib/python3.12/site-packages/airflow/example_dags/example_latest_only_with_trigger.py took 0.149 seconds
[2026-07-18T21:45:31.419+0000] {processor.py:186} INFO - Started process (PID=2516) to work on /home/airflow/.local/lib/python3.12/site-packages/airflow/example_dags/example_latest_only_with_trigger.py
[2026-07-18T21:45:31.423+0000] {processor.py:914} INFO - Processing file /home/airflow/.local/lib/python3.12/site-packages/airflow/example_dags/example_latest_only_with_trigger.py for tasks to queue
[2026-07-18T21:45:31.431+0000] {logging_mixin.py:190} INFO - [2026-07-18T21:45:31.430+0000] {dagbag.py:588} INFO - Filling up the DagBag from /home/airflow/.local/lib/python3.12/site-packages/airflow/example_dags/example_latest_only_with_trigger.py
[2026-07-18T21:45:31.456+0000] {processor.py:925} INFO - DAG(s) 'latest_only_with_trigger' retrieved from /home/airflow/.local/lib/python3.12/site-packages/airflow/example_dags/example_latest_only_with_trigger.py
[2026-07-18T21:45:31.520+0000] {logging_mixin.py:190} INFO - [2026-07-18T21:45:31.519+0000] {dag.py:3239} INFO - Sync 1 DAGs
[2026-07-18T21:45:31.589+0000] {logging_mixin.py:190} INFO - [2026-07-18T21:45:31.589+0000] {dag.py:4180} INFO - Setting next_dagrun for latest_only_with_trigger to 2026-07-18 16:00:00+00:00, run_after=2026-07-18 20:00:00+00:00
[2026-07-18T21:45:31.646+0000] {processor.py:208} INFO - Processing /home/airflow/.local/lib/python3.12/site-packages/airflow/example_dags/example_latest_only_with_trigger.py took 0.241 seconds
[2026-07-18T21:46:02.404+0000] {processor.py:186} INFO - Started process (PID=2580) to work on /home/airflow/.local/lib/python3.12/site-packages/airflow/example_dags/example_latest_only_with_trigger.py
[2026-07-18T21:46:02.408+0000] {processor.py:914} INFO - Processing file /home/airflow/.local/lib/python3.12/site-packages/airflow/example_dags/example_latest_only_with_trigger.py for tasks to queue
[2026-07-18T21:46:02.415+0000] {logging_mixin.py:190} INFO - [2026-07-18T21:46:02.414+0000] {dagbag.py:588} INFO - Filling up the DagBag from /home/airflow/.local/lib/python3.12/site-packages/airflow/example_dags/example_latest_only_with_trigger.py
[2026-07-18T21:46:02.434+0000] {processor.py:925} INFO - DAG(s) 'latest_only_with_trigger' retrieved from /home/airflow/.local/lib/python3.12/site-packages/airflow/example_dags/example_latest_only_with_trigger.py
[2026-07-18T21:46:02.482+0000] {logging_mixin.py:190} INFO - [2026-07-18T21:46:02.481+0000] {dag.py:3239} INFO - Sync 1 DAGs
[2026-07-18T21:46:02.538+0000] {logging_mixin.py:190} INFO - [2026-07-18T21:46:02.537+0000] {dag.py:4180} INFO - Setting next_dagrun for latest_only_with_trigger to 2026-07-18 16:00:00+00:00, run_after=2026-07-18 20:00:00+00:00
[2026-07-18T21:46:02.595+0000] {processor.py:208} INFO - Processing /home/airflow/.local/lib/python3.12/site-packages/airflow/example_dags/example_latest_only_with_trigger.py took 0.208 seconds
[2026-07-18T21:46:33.012+0000] {processor.py:186} INFO - Started process (PID=2643) to work on /home/airflow/.local/lib/python3.12/site-packages/airflow/example_dags/example_latest_only_with_trigger.py
[2026-07-18T21:46:33.018+0000] {processor.py:914} INFO - Processing file /home/airflow/.local/lib/python3.12/site-packages/airflow/example_dags/example_latest_only_with_trigger.py for tasks to queue
[2026-07-18T21:46:33.029+0000] {logging_mixin.py:190} INFO - [2026-07-18T21:46:33.028+0000] {dagbag.py:588} INFO - Filling up the DagBag from /home/airflow/.local/lib/python3.12/site-packages/airflow/example_dags/example_latest_only_with_trigger.py
[2026-07-18T21:46:33.058+0000] {processor.py:925} INFO - DAG(s) 'latest_only_with_trigger' retrieved from /home/airflow/.local/lib/python3.12/site-packages/airflow/example_dags/example_latest_only_with_trigger.py
[2026-07-18T21:46:33.100+0000] {logging_mixin.py:190} INFO - [2026-07-18T21:46:33.099+0000] {dag.py:3239} INFO - Sync 1 DAGs
[2026-07-18T21:46:33.153+0000] {logging_mixin.py:190} INFO - [2026-07-18T21:46:33.153+0000] {dag.py:4180} INFO - Setting next_dagrun for latest_only_with_trigger to 2026-07-18 16:00:00+00:00, run_after=2026-07-18 20:00:00+00:00
[2026-07-18T21:46:33.208+0000] {processor.py:208} INFO - Processing /home/airflow/.local/lib/python3.12/site-packages/airflow/example_dags/example_latest_only_with_trigger.py took 0.219 seconds
[2026-07-18T21:47:04.148+0000] {processor.py:186} INFO - Started process (PID=2708) to work on /home/airflow/.local/lib/python3.12/site-packages/airflow/example_dags/example_latest_only_with_trigger.py
[2026-07-18T21:47:04.151+0000] {processor.py:914} INFO - Processing file /home/airflow/.local/lib/python3.12/site-packages/airflow/example_dags/example_latest_only_with_trigger.py for tasks to queue
[2026-07-18T21:47:04.156+0000] {logging_mixin.py:190} INFO - [2026-07-18T21:47:04.155+0000] {dagbag.py:588} INFO - Filling up the DagBag from /home/airflow/.local/lib/python3.12/site-packages/airflow/example_dags/example_latest_only_with_trigger.py
[2026-07-18T21:47:04.172+0000] {processor.py:925} INFO - DAG(s) 'latest_only_with_trigger' retrieved from /home/airflow/.local/lib/python3.12/site-packages/airflow/example_dags/example_latest_only_with_trigger.py
[2026-07-18T21:47:04.206+0000] {logging_mixin.py:190} INFO - [2026-07-18T21:47:04.206+0000] {dag.py:3239} INFO - Sync 1 DAGs
[2026-07-18T21:47:04.242+0000] {logging_mixin.py:190} INFO - [2026-07-18T21:47:04.242+0000] {dag.py:4180} INFO - Setting next_dagrun for latest_only_with_trigger to 2026-07-18 16:00:00+00:00, run_after=2026-07-18 20:00:00+00:00
[2026-07-18T21:47:04.268+0000] {processor.py:208} INFO - Processing /home/airflow/.local/lib/python3.12/site-packages/airflow/example_dags/example_latest_only_with_trigger.py took 0.127 seconds
[2026-07-18T21:47:35.963+0000] {processor.py:186} INFO - Started process (PID=2772) to work on /home/airflow/.local/lib/python3.12/site-packages/airflow/example_dags/example_latest_only_with_trigger.py
[2026-07-18T21:47:35.967+0000] {processor.py:914} INFO - Processing file /home/airflow/.local/lib/python3.12/site-packages/airflow/example_dags/example_latest_only_with_trigger.py for tasks to queue
[2026-07-18T21:47:35.973+0000] {logging_mixin.py:190} INFO - [2026-07-18T21:47:35.972+0000] {dagbag.py:588} INFO - Filling up the DagBag from /home/airflow/.local/lib/python3.12/site-packages/airflow/example_dags/example_latest_only_with_trigger.py
[2026-07-18T21:47:35.994+0000] {processor.py:925} INFO - DAG(s) 'latest_only_with_trigger' retrieved from /home/airflow/.local/lib/python3.12/site-packages/airflow/example_dags/example_latest_only_with_trigger.py
[2026-07-18T21:47:36.041+0000] {logging_mixin.py:190} INFO - [2026-07-18T21:47:36.041+0000] {dag.py:3239} INFO - Sync 1 DAGs
[2026-07-18T21:47:36.122+0000] {logging_mixin.py:190} INFO - [2026-07-18T21:47:36.121+0000] {dag.py:4180} INFO - Setting next_dagrun for latest_only_with_trigger to 2026-07-18 16:00:00+00:00, run_after=2026-07-18 20:00:00+00:00
[2026-07-18T21:47:36.149+0000] {processor.py:208} INFO - Processing /home/airflow/.local/lib/python3.12/site-packages/airflow/example_dags/example_latest_only_with_trigger.py took 0.204 seconds
[2026-07-18T21:48:07.222+0000] {processor.py:186} INFO - Started process (PID=2836) to work on /home/airflow/.local/lib/python3.12/site-packages/airflow/example_dags/example_latest_only_with_trigger.py
[2026-07-18T21:48:07.224+0000] {processor.py:914} INFO - Processing file /home/airflow/.local/lib/python3.12/site-packages/airflow/example_dags/example_latest_only_with_trigger.py for tasks to queue
[2026-07-18T21:48:07.228+0000] {logging_mixin.py:190} INFO - [2026-07-18T21:48:07.228+0000] {dagbag.py:588} INFO - Filling up the DagBag from /home/airflow/.local/lib/python3.12/site-packages/airflow/example_dags/example_latest_only_with_trigger.py
[2026-07-18T21:48:07.241+0000] {processor.py:925} INFO - DAG(s) 'latest_only_with_trigger' retrieved from /home/airflow/.local/lib/python3.12/site-packages/airflow/example_dags/example_latest_only_with_trigger.py
[2026-07-18T21:48:07.269+0000] {logging_mixin.py:190} INFO - [2026-07-18T21:48:07.268+0000] {dag.py:3239} INFO - Sync 1 DAGs
[2026-07-18T21:48:07.301+0000] {logging_mixin.py:190} INFO - [2026-07-18T21:48:07.301+0000] {dag.py:4180} INFO - Setting next_dagrun for latest_only_with_trigger to 2026-07-18 16:00:00+00:00, run_after=2026-07-18 20:00:00+00:00
[2026-07-18T21:48:07.327+0000] {processor.py:208} INFO - Processing /home/airflow/.local/lib/python3.12/site-packages/airflow/example_dags/example_latest_only_with_trigger.py took 0.113 seconds
[2026-07-18T21:48:38.443+0000] {processor.py:186} INFO - Started process (PID=2900) to work on /home/airflow/.local/lib/python3.12/site-packages/airflow/example_dags/example_latest_only_with_trigger.py
[2026-07-18T21:48:38.445+0000] {processor.py:914} INFO - Processing file /home/airflow/.local/lib/python3.12/site-packages/airflow/example_dags/example_latest_only_with_trigger.py for tasks to queue
[2026-07-18T21:48:38.451+0000] {logging_mixin.py:190} INFO - [2026-07-18T21:48:38.450+0000] {dagbag.py:588} INFO - Filling up the DagBag from /home/airflow/.local/lib/python3.12/site-packages/airflow/example_dags/example_latest_only_with_trigger.py
[2026-07-18T21:48:38.463+0000] {processor.py:925} INFO - DAG(s) 'latest_only_with_trigger' retrieved from /home/airflow/.local/lib/python3.12/site-packages/airflow/example_dags/example_latest_only_with_trigger.py
[2026-07-18T21:48:38.494+0000] {logging_mixin.py:190} INFO - [2026-07-18T21:48:38.493+0000] {dag.py:3239} INFO - Sync 1 DAGs
[2026-07-18T21:48:38.526+0000] {logging_mixin.py:190} INFO - [2026-07-18T21:48:38.526+0000] {dag.py:4180} INFO - Setting next_dagrun for latest_only_with_trigger to 2026-07-18 16:00:00+00:00, run_after=2026-07-18 20:00:00+00:00
[2026-07-18T21:48:38.601+0000] {processor.py:208} INFO - Processing /home/airflow/.local/lib/python3.12/site-packages/airflow/example_dags/example_latest_only_with_trigger.py took 0.167 seconds
[2026-07-18T21:49:10.595+0000] {processor.py:186} INFO - Started process (PID=2964) to work on /home/airflow/.local/lib/python3.12/site-packages/airflow/example_dags/example_latest_only_with_trigger.py
[2026-07-18T21:49:10.598+0000] {processor.py:914} INFO - Processing file /home/airflow/.local/lib/python3.12/site-packages/airflow/example_dags/example_latest_only_with_trigger.py for tasks to queue
[2026-07-18T21:49:10.604+0000] {logging_mixin.py:190} INFO - [2026-07-18T21:49:10.603+0000] {dagbag.py:588} INFO - Filling up the DagBag from /home/airflow/.local/lib/python3.12/site-packages/airflow/example_dags/example_latest_only_with_trigger.py
[2026-07-18T21:49:10.623+0000] {processor.py:925} INFO - DAG(s) 'latest_only_with_trigger' retrieved from /home/airflow/.local/lib/python3.12/site-packages/airflow/example_dags/example_latest_only_with_trigger.py
[2026-07-18T21:49:10.662+0000] {logging_mixin.py:190} INFO - [2026-07-18T21:49:10.662+0000] {dag.py:3239} INFO - Sync 1 DAGs
[2026-07-18T21:49:10.702+0000] {logging_mixin.py:190} INFO - [2026-07-18T21:49:10.702+0000] {dag.py:4180} INFO - Setting next_dagrun for latest_only_with_trigger to 2026-07-18 16:00:00+00:00, run_after=2026-07-18 20:00:00+00:00
[2026-07-18T21:49:10.737+0000] {processor.py:208} INFO - Processing /home/airflow/.local/lib/python3.12/site-packages/airflow/example_dags/example_latest_only_with_trigger.py took 0.154 seconds
[2026-07-18T22:00:40.792+0000] {processor.py:186} INFO - Started process (PID=3033) to work on /home/airflow/.local/lib/python3.12/site-packages/airflow/example_dags/example_latest_only_with_trigger.py
[2026-07-18T22:00:40.795+0000] {processor.py:914} INFO - Processing file /home/airflow/.local/lib/python3.12/site-packages/airflow/example_dags/example_latest_only_with_trigger.py for tasks to queue
[2026-07-18T22:00:40.798+0000] {logging_mixin.py:190} INFO - [2026-07-18T22:00:40.797+0000] {dagbag.py:588} INFO - Filling up the DagBag from /home/airflow/.local/lib/python3.12/site-packages/airflow/example_dags/example_latest_only_with_trigger.py
[2026-07-18T22:00:40.819+0000] {processor.py:925} INFO - DAG(s) 'latest_only_with_trigger' retrieved from /home/airflow/.local/lib/python3.12/site-packages/airflow/example_dags/example_latest_only_with_trigger.py
[2026-07-18T22:00:40.868+0000] {logging_mixin.py:190} INFO - [2026-07-18T22:00:40.868+0000] {dag.py:3239} INFO - Sync 1 DAGs
[2026-07-18T22:00:40.912+0000] {logging_mixin.py:190} INFO - [2026-07-18T22:00:40.912+0000] {dag.py:4180} INFO - Setting next_dagrun for latest_only_with_trigger to 2026-07-18 16:00:00+00:00, run_after=2026-07-18 20:00:00+00:00
[2026-07-18T22:00:40.962+0000] {processor.py:208} INFO - Processing /home/airflow/.local/lib/python3.12/site-packages/airflow/example_dags/example_latest_only_with_trigger.py took 0.182 seconds
[2026-07-18T22:01:12.432+0000] {processor.py:186} INFO - Started process (PID=3097) to work on /home/airflow/.local/lib/python3.12/site-packages/airflow/example_dags/example_latest_only_with_trigger.py
[2026-07-18T22:01:12.435+0000] {processor.py:914} INFO - Processing file /home/airflow/.local/lib/python3.12/site-packages/airflow/example_dags/example_latest_only_with_trigger.py for tasks to queue
[2026-07-18T22:01:12.438+0000] {logging_mixin.py:190} INFO - [2026-07-18T22:01:12.438+0000] {dagbag.py:588} INFO - Filling up the DagBag from /home/airflow/.local/lib/python3.12/site-packages/airflow/example_dags/example_latest_only_with_trigger.py
[2026-07-18T22:01:12.456+0000] {processor.py:925} INFO - DAG(s) 'latest_only_with_trigger' retrieved from /home/airflow/.local/lib/python3.12/site-packages/airflow/example_dags/example_latest_only_with_trigger.py
[2026-07-18T22:01:12.490+0000] {logging_mixin.py:190} INFO - [2026-07-18T22:01:12.490+0000] {dag.py:3239} INFO - Sync 1 DAGs
[2026-07-18T22:01:12.530+0000] {logging_mixin.py:190} INFO - [2026-07-18T22:01:12.530+0000] {dag.py:4180} INFO - Setting next_dagrun for latest_only_with_trigger to 2026-07-18 16:00:00+00:00, run_after=2026-07-18 20:00:00+00:00
[2026-07-18T22:01:12.569+0000] {processor.py:208} INFO - Processing /home/airflow/.local/lib/python3.12/site-packages/airflow/example_dags/example_latest_only_with_trigger.py took 0.147 seconds
[2026-07-18T22:01:43.591+0000] {processor.py:186} INFO - Started process (PID=3161) to work on /home/airflow/.local/lib/python3.12/site-packages/airflow/example_dags/example_latest_only_with_trigger.py
[2026-07-18T22:01:43.593+0000] {processor.py:914} INFO - Processing file /home/airflow/.local/lib/python3.12/site-packages/airflow/example_dags/example_latest_only_with_trigger.py for tasks to queue
[2026-07-18T22:01:43.596+0000] {logging_mixin.py:190} INFO - [2026-07-18T22:01:43.595+0000] {dagbag.py:588} INFO - Filling up the DagBag from /home/airflow/.local/lib/python3.12/site-packages/airflow/example_dags/example_latest_only_with_trigger.py
[2026-07-18T22:01:43.617+0000] {processor.py:925} INFO - DAG(s) 'latest_only_with_trigger' retrieved from /home/airflow/.local/lib/python3.12/site-packages/airflow/example_dags/example_latest_only_with_trigger.py
[2026-07-18T22:01:43.700+0000] {logging_mixin.py:190} INFO - [2026-07-18T22:01:43.699+0000] {dag.py:3239} INFO - Sync 1 DAGs
[2026-07-18T22:01:43.798+0000] {logging_mixin.py:190} INFO - [2026-07-18T22:01:43.798+0000] {dag.py:4180} INFO - Setting next_dagrun for latest_only_with_trigger to 2026-07-18 16:00:00+00:00, run_after=2026-07-18 20:00:00+00:00
[2026-07-18T22:01:43.849+0000] {processor.py:208} INFO - Processing /home/airflow/.local/lib/python3.12/site-packages/airflow/example_dags/example_latest_only_with_trigger.py took 0.269 seconds
[2026-07-18T22:02:15.239+0000] {processor.py:186} INFO - Started process (PID=3225) to work on /home/airflow/.local/lib/python3.12/site-packages/airflow/example_dags/example_latest_only_with_trigger.py
[2026-07-18T22:02:15.242+0000] {processor.py:914} INFO - Processing file /home/airflow/.local/lib/python3.12/site-packages/airflow/example_dags/example_latest_only_with_trigger.py for tasks to queue
[2026-07-18T22:02:15.246+0000] {logging_mixin.py:190} INFO - [2026-07-18T22:02:15.245+0000] {dagbag.py:588} INFO - Filling up the DagBag from /home/airflow/.local/lib/python3.12/site-packages/airflow/example_dags/example_latest_only_with_trigger.py
[2026-07-18T22:02:15.260+0000] {processor.py:925} INFO - DAG(s) 'latest_only_with_trigger' retrieved from /home/airflow/.local/lib/python3.12/site-packages/airflow/example_dags/example_latest_only_with_trigger.py
[2026-07-18T22:02:15.290+0000] {logging_mixin.py:190} INFO - [2026-07-18T22:02:15.289+0000] {dag.py:3239} INFO - Sync 1 DAGs
[2026-07-18T22:02:15.319+0000] {logging_mixin.py:190} INFO - [2026-07-18T22:02:15.319+0000] {dag.py:4180} INFO - Setting next_dagrun for latest_only_with_trigger to 2026-07-18 16:00:00+00:00, run_after=2026-07-18 20:00:00+00:00
[2026-07-18T22:02:15.409+0000] {processor.py:208} INFO - Processing /home/airflow/.local/lib/python3.12/site-packages/airflow/example_dags/example_latest_only_with_trigger.py took 0.178 seconds
[2026-07-18T22:02:46.958+0000] {processor.py:186} INFO - Started process (PID=3289) to work on /home/airflow/.local/lib/python3.12/site-packages/airflow/example_dags/example_latest_only_with_trigger.py
[2026-07-18T22:02:46.962+0000] {processor.py:914} INFO - Processing file /home/airflow/.local/lib/python3.12/site-packages/airflow/example_dags/example_latest_only_with_trigger.py for tasks to queue
[2026-07-18T22:02:46.966+0000] {logging_mixin.py:190} INFO - [2026-07-18T22:02:46.965+0000] {dagbag.py:588} INFO - Filling up the DagBag from /home/airflow/.local/lib/python3.12/site-packages/airflow/example_dags/example_latest_only_with_trigger.py
[2026-07-18T22:02:46.981+0000] {processor.py:925} INFO - DAG(s) 'latest_only_with_trigger' retrieved from /home/airflow/.local/lib/python3.12/site-packages/airflow/example_dags/example_latest_only_with_trigger.py
[2026-07-18T22:02:47.013+0000] {logging_mixin.py:190} INFO - [2026-07-18T22:02:47.013+0000] {dag.py:3239} INFO - Sync 1 DAGs
[2026-07-18T22:02:47.049+0000] {logging_mixin.py:190} INFO - [2026-07-18T22:02:47.049+0000] {dag.py:4180} INFO - Setting next_dagrun for latest_only_with_trigger to 2026-07-18 16:00:00+00:00, run_after=2026-07-18 20:00:00+00:00
[2026-07-18T22:02:47.090+0000] {processor.py:208} INFO - Processing /home/airflow/.local/lib/python3.12/site-packages/airflow/example_dags/example_latest_only_with_trigger.py took 0.145 seconds
[2026-07-18T22:03:17.808+0000] {processor.py:186} INFO - Started process (PID=3353) to work on /home/airflow/.local/lib/python3.12/site-packages/airflow/example_dags/example_latest_only_with_trigger.py
[2026-07-18T22:03:17.810+0000] {processor.py:914} INFO - Processing file /home/airflow/.local/lib/python3.12/site-packages/airflow/example_dags/example_latest_only_with_trigger.py for tasks to queue
[2026-07-18T22:03:17.813+0000] {logging_mixin.py:190} INFO - [2026-07-18T22:03:17.813+0000] {dagbag.py:588} INFO - Filling up the DagBag from /home/airflow/.local/lib/python3.12/site-packages/airflow/example_dags/example_latest_only_with_trigger.py
[2026-07-18T22:03:17.828+0000] {processor.py:925} INFO - DAG(s) 'latest_only_with_trigger' retrieved from /home/airflow/.local/lib/python3.12/site-packages/airflow/example_dags/example_latest_only_with_trigger.py
[2026-07-18T22:03:17.856+0000] {logging_mixin.py:190} INFO - [2026-07-18T22:03:17.855+0000] {dag.py:3239} INFO - Sync 1 DAGs
[2026-07-18T22:03:17.892+0000] {logging_mixin.py:190} INFO - [2026-07-18T22:03:17.892+0000] {dag.py:4180} INFO - Setting next_dagrun for latest_only_with_trigger to 2026-07-18 16:00:00+00:00, run_after=2026-07-18 20:00:00+00:00
[2026-07-18T22:03:17.975+0000] {processor.py:208} INFO - Processing /home/airflow/.local/lib/python3.12/site-packages/airflow/example_dags/example_latest_only_with_trigger.py took 0.174 seconds
[2026-07-18T22:03:49.738+0000] {processor.py:186} INFO - Started process (PID=3417) to work on /home/airflow/.local/lib/python3.12/site-packages/airflow/example_dags/example_latest_only_with_trigger.py
[2026-07-18T22:03:49.742+0000] {processor.py:914} INFO - Processing file /home/airflow/.local/lib/python3.12/site-packages/airflow/example_dags/example_latest_only_with_trigger.py for tasks to queue
[2026-07-18T22:03:49.748+0000] {logging_mixin.py:190} INFO - [2026-07-18T22:03:49.747+0000] {dagbag.py:588} INFO - Filling up the DagBag from /home/airflow/.local/lib/python3.12/site-packages/airflow/example_dags/example_latest_only_with_trigger.py
[2026-07-18T22:03:49.777+0000] {processor.py:925} INFO - DAG(s) 'latest_only_with_trigger' retrieved from /home/airflow/.local/lib/python3.12/site-packages/airflow/example_dags/example_latest_only_with_trigger.py
[2026-07-18T22:03:49.820+0000] {logging_mixin.py:190} INFO - [2026-07-18T22:03:49.820+0000] {dag.py:3239} INFO - Sync 1 DAGs
[2026-07-18T22:03:49.866+0000] {logging_mixin.py:190} INFO - [2026-07-18T22:03:49.866+0000] {dag.py:4180} INFO - Setting next_dagrun for latest_only_with_trigger to 2026-07-18 16:00:00+00:00, run_after=2026-07-18 20:00:00+00:00
[2026-07-18T22:03:50.146+0000] {processor.py:208} INFO - Processing /home/airflow/.local/lib/python3.12/site-packages/airflow/example_dags/example_latest_only_with_trigger.py took 0.428 seconds
[2026-07-18T22:04:20.391+0000] {processor.py:186} INFO - Started process (PID=3481) to work on /home/airflow/.local/lib/python3.12/site-packages/airflow/example_dags/example_latest_only_with_trigger.py
[2026-07-18T22:04:20.393+0000] {processor.py:914} INFO - Processing file /home/airflow/.local/lib/python3.12/site-packages/airflow/example_dags/example_latest_only_with_trigger.py for tasks to queue
[2026-07-18T22:04:20.397+0000] {logging_mixin.py:190} INFO - [2026-07-18T22:04:20.396+0000] {dagbag.py:588} INFO - Filling up the DagBag from /home/airflow/.local/lib/python3.12/site-packages/airflow/example_dags/example_latest_only_with_trigger.py
[2026-07-18T22:04:20.420+0000] {processor.py:925} INFO - DAG(s) 'latest_only_with_trigger' retrieved from /home/airflow/.local/lib/python3.12/site-packages/airflow/example_dags/example_latest_only_with_trigger.py
[2026-07-18T22:04:20.453+0000] {logging_mixin.py:190} INFO - [2026-07-18T22:04:20.453+0000] {dag.py:3239} INFO - Sync 1 DAGs
[2026-07-18T22:04:20.495+0000] {logging_mixin.py:190} INFO - [2026-07-18T22:04:20.495+0000] {dag.py:4180} INFO - Setting next_dagrun for latest_only_with_trigger to 2026-07-18 16:00:00+00:00, run_after=2026-07-18 20:00:00+00:00
[2026-07-18T22:04:20.527+0000] {processor.py:208} INFO - Processing /home/airflow/.local/lib/python3.12/site-packages/airflow/example_dags/example_latest_only_with_trigger.py took 0.144 seconds
[2026-07-18T22:04:52.645+0000] {processor.py:186} INFO - Started process (PID=3545) to work on /home/airflow/.local/lib/python3.12/site-packages/airflow/example_dags/example_latest_only_with_trigger.py
[2026-07-18T22:04:52.647+0000] {processor.py:914} INFO - Processing file /home/airflow/.local/lib/python3.12/site-packages/airflow/example_dags/example_latest_only_with_trigger.py for tasks to queue
[2026-07-18T22:04:52.651+0000] {logging_mixin.py:190} INFO - [2026-07-18T22:04:52.650+0000] {dagbag.py:588} INFO - Filling up the DagBag from /home/airflow/.local/lib/python3.12/site-packages/airflow/example_dags/example_latest_only_with_trigger.py
[2026-07-18T22:04:52.667+0000] {processor.py:925} INFO - DAG(s) 'latest_only_with_trigger' retrieved from /home/airflow/.local/lib/python3.12/site-packages/airflow/example_dags/example_latest_only_with_trigger.py
[2026-07-18T22:04:52.695+0000] {logging_mixin.py:190} INFO - [2026-07-18T22:04:52.695+0000] {dag.py:3239} INFO - Sync 1 DAGs
[2026-07-18T22:04:52.725+0000] {logging_mixin.py:190} INFO - [2026-07-18T22:04:52.724+0000] {dag.py:4180} INFO - Setting next_dagrun for latest_only_with_trigger to 2026-07-18 16:00:00+00:00, run_after=2026-07-18 20:00:00+00:00
[2026-07-18T22:04:52.762+0000] {processor.py:208} INFO - Processing /home/airflow/.local/lib/python3.12/site-packages/airflow/example_dags/example_latest_only_with_trigger.py took 0.128 seconds
[2026-07-18T22:05:23.259+0000] {processor.py:186} INFO - Started process (PID=3609) to work on /home/airflow/.local/lib/python3.12/site-packages/airflow/example_dags/example_latest_only_with_trigger.py
[2026-07-18T22:05:23.262+0000] {processor.py:914} INFO - Processing file /home/airflow/.local/lib/python3.12/site-packages/airflow/example_dags/example_latest_only_with_trigger.py for tasks to queue
[2026-07-18T22:05:23.265+0000] {logging_mixin.py:190} INFO - [2026-07-18T22:05:23.264+0000] {dagbag.py:588} INFO - Filling up the DagBag from /home/airflow/.local/lib/python3.12/site-packages/airflow/example_dags/example_latest_only_with_trigger.py
[2026-07-18T22:05:23.279+0000] {processor.py:925} INFO - DAG(s) 'latest_only_with_trigger' retrieved from /home/airflow/.local/lib/python3.12/site-packages/airflow/example_dags/example_latest_only_with_trigger.py
[2026-07-18T22:05:23.306+0000] {logging_mixin.py:190} INFO - [2026-07-18T22:05:23.305+0000] {dag.py:3239} INFO - Sync 1 DAGs
[2026-07-18T22:05:23.338+0000] {logging_mixin.py:190} INFO - [2026-07-18T22:05:23.338+0000] {dag.py:4180} INFO - Setting next_dagrun for latest_only_with_trigger to 2026-07-18 16:00:00+00:00, run_after=2026-07-18 20:00:00+00:00
[2026-07-18T22:05:23.636+0000] {processor.py:208} INFO - Processing /home/airflow/.local/lib/python3.12/site-packages/airflow/example_dags/example_latest_only_with_trigger.py took 0.385 seconds
[2026-07-18T23:18:19.948+0000] {processor.py:186} INFO - Started process (PID=3689) to work on /home/airflow/.local/lib/python3.12/site-packages/airflow/example_dags/example_latest_only_with_trigger.py
[2026-07-18T23:18:19.952+0000] {processor.py:914} INFO - Processing file /home/airflow/.local/lib/python3.12/site-packages/airflow/example_dags/example_latest_only_with_trigger.py for tasks to queue
[2026-07-18T23:18:19.956+0000] {logging_mixin.py:190} INFO - [2026-07-18T23:18:19.955+0000] {dagbag.py:588} INFO - Filling up the DagBag from /home/airflow/.local/lib/python3.12/site-packages/airflow/example_dags/example_latest_only_with_trigger.py
[2026-07-18T23:18:19.990+0000] {processor.py:925} INFO - DAG(s) 'latest_only_with_trigger' retrieved from /home/airflow/.local/lib/python3.12/site-packages/airflow/example_dags/example_latest_only_with_trigger.py
[2026-07-18T23:18:20.097+0000] {logging_mixin.py:190} INFO - [2026-07-18T23:18:20.096+0000] {dag.py:3239} INFO - Sync 1 DAGs
[2026-07-18T23:18:20.888+0000] {logging_mixin.py:190} INFO - [2026-07-18T23:18:20.888+0000] {dag.py:4180} INFO - Setting next_dagrun for latest_only_with_trigger to 2026-07-18 16:00:00+00:00, run_after=2026-07-18 20:00:00+00:00
[2026-07-18T23:18:20.972+0000] {processor.py:208} INFO - Processing /home/airflow/.local/lib/python3.12/site-packages/airflow/example_dags/example_latest_only_with_trigger.py took 1.038 seconds
