[2026-07-18T20:50:11.848+0000] {processor.py:186} INFO - Started process (PID=115) to work on /home/airflow/.local/lib/python3.12/site-packages/airflow/example_dags/tutorial_taskflow_api.py
[2026-07-18T20:50:11.851+0000] {processor.py:914} INFO - Processing file /home/airflow/.local/lib/python3.12/site-packages/airflow/example_dags/tutorial_taskflow_api.py for tasks to queue
[2026-07-18T20:50:11.858+0000] {logging_mixin.py:190} INFO - [2026-07-18T20:50:11.857+0000] {dagbag.py:588} INFO - Filling up the DagBag from /home/airflow/.local/lib/python3.12/site-packages/airflow/example_dags/tutorial_taskflow_api.py
[2026-07-18T20:50:11.884+0000] {processor.py:925} INFO - DAG(s) 'tutorial_taskflow_api' retrieved from /home/airflow/.local/lib/python3.12/site-packages/airflow/example_dags/tutorial_taskflow_api.py
[2026-07-18T20:50:12.046+0000] {logging_mixin.py:190} INFO - [2026-07-18T20:50:12.045+0000] {override.py:1911} INFO - Created Permission View: can edit on DAG:tutorial_taskflow_api
[2026-07-18T20:50:12.058+0000] {logging_mixin.py:190} INFO - [2026-07-18T20:50:12.058+0000] {override.py:1911} INFO - Created Permission View: can read on DAG:tutorial_taskflow_api
[2026-07-18T20:50:12.067+0000] {logging_mixin.py:190} INFO - [2026-07-18T20:50:12.067+0000] {override.py:1911} INFO - Created Permission View: can delete on DAG:tutorial_taskflow_api
[2026-07-18T20:50:12.078+0000] {logging_mixin.py:190} INFO - [2026-07-18T20:50:12.077+0000] {override.py:1911} INFO - Created Permission View: can create on DAG Run:tutorial_taskflow_api
[2026-07-18T20:50:12.087+0000] {logging_mixin.py:190} INFO - [2026-07-18T20:50:12.086+0000] {override.py:1911} INFO - Created Permission View: can read on DAG Run:tutorial_taskflow_api
[2026-07-18T20:50:12.095+0000] {logging_mixin.py:190} INFO - [2026-07-18T20:50:12.095+0000] {override.py:1911} INFO - Created Permission View: menu access on DAG Run:tutorial_taskflow_api
[2026-07-18T20:50:12.104+0000] {logging_mixin.py:190} INFO - [2026-07-18T20:50:12.104+0000] {override.py:1911} INFO - Created Permission View: can delete on DAG Run:tutorial_taskflow_api
[2026-07-18T20:50:12.107+0000] {logging_mixin.py:190} INFO - [2026-07-18T20:50:12.107+0000] {dag.py:3239} INFO - Sync 1 DAGs
[2026-07-18T20:50:12.126+0000] {logging_mixin.py:190} INFO - [2026-07-18T20:50:12.125+0000] {dag.py:3262} INFO - Creating ORM DAG for tutorial_taskflow_api
[2026-07-18T20:50:12.129+0000] {logging_mixin.py:190} INFO - [2026-07-18T20:50:12.128+0000] {dag.py:4180} INFO - Setting next_dagrun for tutorial_taskflow_api to None, run_after=None
[2026-07-18T20:50:12.155+0000] {processor.py:208} INFO - Processing /home/airflow/.local/lib/python3.12/site-packages/airflow/example_dags/tutorial_taskflow_api.py took 0.317 seconds
[2026-07-18T20:50:42.445+0000] {processor.py:186} INFO - Started process (PID=178) to work on /home/airflow/.local/lib/python3.12/site-packages/airflow/example_dags/tutorial_taskflow_api.py
[2026-07-18T20:50:42.446+0000] {processor.py:914} INFO - Processing file /home/airflow/.local/lib/python3.12/site-packages/airflow/example_dags/tutorial_taskflow_api.py for tasks to queue
[2026-07-18T20:50:42.450+0000] {logging_mixin.py:190} INFO - [2026-07-18T20:50:42.449+0000] {dagbag.py:588} INFO - Filling up the DagBag from /home/airflow/.local/lib/python3.12/site-packages/airflow/example_dags/tutorial_taskflow_api.py
[2026-07-18T20:50:42.462+0000] {processor.py:925} INFO - DAG(s) 'tutorial_taskflow_api' retrieved from /home/airflow/.local/lib/python3.12/site-packages/airflow/example_dags/tutorial_taskflow_api.py
[2026-07-18T20:50:42.488+0000] {logging_mixin.py:190} INFO - [2026-07-18T20:50:42.488+0000] {dag.py:3239} INFO - Sync 1 DAGs
[2026-07-18T20:50:42.501+0000] {logging_mixin.py:190} INFO - [2026-07-18T20:50:42.501+0000] {dag.py:4180} INFO - Setting next_dagrun for tutorial_taskflow_api to None, run_after=None
[2026-07-18T20:50:42.523+0000] {processor.py:208} INFO - Processing /home/airflow/.local/lib/python3.12/site-packages/airflow/example_dags/tutorial_taskflow_api.py took 0.089 seconds
[2026-07-18T20:51:13.193+0000] {processor.py:186} INFO - Started process (PID=241) to work on /home/airflow/.local/lib/python3.12/site-packages/airflow/example_dags/tutorial_taskflow_api.py
[2026-07-18T20:51:13.195+0000] {processor.py:914} INFO - Processing file /home/airflow/.local/lib/python3.12/site-packages/airflow/example_dags/tutorial_taskflow_api.py for tasks to queue
[2026-07-18T20:51:13.200+0000] {logging_mixin.py:190} INFO - [2026-07-18T20:51:13.199+0000] {dagbag.py:588} INFO - Filling up the DagBag from /home/airflow/.local/lib/python3.12/site-packages/airflow/example_dags/tutorial_taskflow_api.py
[2026-07-18T20:51:13.209+0000] {processor.py:925} INFO - DAG(s) 'tutorial_taskflow_api' retrieved from /home/airflow/.local/lib/python3.12/site-packages/airflow/example_dags/tutorial_taskflow_api.py
[2026-07-18T20:51:13.232+0000] {logging_mixin.py:190} INFO - [2026-07-18T20:51:13.231+0000] {dag.py:3239} INFO - Sync 1 DAGs
[2026-07-18T20:51:13.247+0000] {logging_mixin.py:190} INFO - [2026-07-18T20:51:13.247+0000] {dag.py:4180} INFO - Setting next_dagrun for tutorial_taskflow_api to None, run_after=None
[2026-07-18T20:51:13.269+0000] {processor.py:208} INFO - Processing /home/airflow/.local/lib/python3.12/site-packages/airflow/example_dags/tutorial_taskflow_api.py took 0.086 seconds
[2026-07-18T20:51:43.731+0000] {processor.py:186} INFO - Started process (PID=304) to work on /home/airflow/.local/lib/python3.12/site-packages/airflow/example_dags/tutorial_taskflow_api.py
[2026-07-18T20:51:43.732+0000] {processor.py:914} INFO - Processing file /home/airflow/.local/lib/python3.12/site-packages/airflow/example_dags/tutorial_taskflow_api.py for tasks to queue
[2026-07-18T20:51:43.735+0000] {logging_mixin.py:190} INFO - [2026-07-18T20:51:43.734+0000] {dagbag.py:588} INFO - Filling up the DagBag from /home/airflow/.local/lib/python3.12/site-packages/airflow/example_dags/tutorial_taskflow_api.py
[2026-07-18T20:51:43.742+0000] {processor.py:925} INFO - DAG(s) 'tutorial_taskflow_api' retrieved from /home/airflow/.local/lib/python3.12/site-packages/airflow/example_dags/tutorial_taskflow_api.py
[2026-07-18T20:51:43.759+0000] {logging_mixin.py:190} INFO - [2026-07-18T20:51:43.758+0000] {dag.py:3239} INFO - Sync 1 DAGs
[2026-07-18T20:51:43.770+0000] {logging_mixin.py:190} INFO - [2026-07-18T20:51:43.770+0000] {dag.py:4180} INFO - Setting next_dagrun for tutorial_taskflow_api to None, run_after=None
[2026-07-18T20:51:43.786+0000] {processor.py:208} INFO - Processing /home/airflow/.local/lib/python3.12/site-packages/airflow/example_dags/tutorial_taskflow_api.py took 0.060 seconds
[2026-07-18T20:52:14.171+0000] {processor.py:186} INFO - Started process (PID=367) to work on /home/airflow/.local/lib/python3.12/site-packages/airflow/example_dags/tutorial_taskflow_api.py
[2026-07-18T20:52:14.173+0000] {processor.py:914} INFO - Processing file /home/airflow/.local/lib/python3.12/site-packages/airflow/example_dags/tutorial_taskflow_api.py for tasks to queue
[2026-07-18T20:52:14.178+0000] {logging_mixin.py:190} INFO - [2026-07-18T20:52:14.178+0000] {dagbag.py:588} INFO - Filling up the DagBag from /home/airflow/.local/lib/python3.12/site-packages/airflow/example_dags/tutorial_taskflow_api.py
[2026-07-18T20:52:14.190+0000] {processor.py:925} INFO - DAG(s) 'tutorial_taskflow_api' retrieved from /home/airflow/.local/lib/python3.12/site-packages/airflow/example_dags/tutorial_taskflow_api.py
[2026-07-18T20:52:14.217+0000] {logging_mixin.py:190} INFO - [2026-07-18T20:52:14.217+0000] {dag.py:3239} INFO - Sync 1 DAGs
[2026-07-18T20:52:14.233+0000] {logging_mixin.py:190} INFO - [2026-07-18T20:52:14.233+0000] {dag.py:4180} INFO - Setting next_dagrun for tutorial_taskflow_api to None, run_after=None
[2026-07-18T20:52:14.259+0000] {processor.py:208} INFO - Processing /home/airflow/.local/lib/python3.12/site-packages/airflow/example_dags/tutorial_taskflow_api.py took 0.096 seconds
[2026-07-18T20:52:44.519+0000] {processor.py:186} INFO - Started process (PID=429) to work on /home/airflow/.local/lib/python3.12/site-packages/airflow/example_dags/tutorial_taskflow_api.py
[2026-07-18T20:52:44.522+0000] {processor.py:914} INFO - Processing file /home/airflow/.local/lib/python3.12/site-packages/airflow/example_dags/tutorial_taskflow_api.py for tasks to queue
[2026-07-18T20:52:44.526+0000] {logging_mixin.py:190} INFO - [2026-07-18T20:52:44.525+0000] {dagbag.py:588} INFO - Filling up the DagBag from /home/airflow/.local/lib/python3.12/site-packages/airflow/example_dags/tutorial_taskflow_api.py
[2026-07-18T20:52:44.538+0000] {processor.py:925} INFO - DAG(s) 'tutorial_taskflow_api' retrieved from /home/airflow/.local/lib/python3.12/site-packages/airflow/example_dags/tutorial_taskflow_api.py
[2026-07-18T20:52:44.568+0000] {logging_mixin.py:190} INFO - [2026-07-18T20:52:44.567+0000] {dag.py:3239} INFO - Sync 1 DAGs
[2026-07-18T20:52:44.593+0000] {logging_mixin.py:190} INFO - [2026-07-18T20:52:44.593+0000] {dag.py:4180} INFO - Setting next_dagrun for tutorial_taskflow_api to None, run_after=None
[2026-07-18T20:52:44.619+0000] {processor.py:208} INFO - Processing /home/airflow/.local/lib/python3.12/site-packages/airflow/example_dags/tutorial_taskflow_api.py took 0.109 seconds
[2026-07-18T20:53:15.318+0000] {processor.py:186} INFO - Started process (PID=492) to work on /home/airflow/.local/lib/python3.12/site-packages/airflow/example_dags/tutorial_taskflow_api.py
[2026-07-18T20:53:15.319+0000] {processor.py:914} INFO - Processing file /home/airflow/.local/lib/python3.12/site-packages/airflow/example_dags/tutorial_taskflow_api.py for tasks to queue
[2026-07-18T20:53:15.322+0000] {logging_mixin.py:190} INFO - [2026-07-18T20:53:15.321+0000] {dagbag.py:588} INFO - Filling up the DagBag from /home/airflow/.local/lib/python3.12/site-packages/airflow/example_dags/tutorial_taskflow_api.py
[2026-07-18T20:53:15.331+0000] {processor.py:925} INFO - DAG(s) 'tutorial_taskflow_api' retrieved from /home/airflow/.local/lib/python3.12/site-packages/airflow/example_dags/tutorial_taskflow_api.py
[2026-07-18T20:53:15.351+0000] {logging_mixin.py:190} INFO - [2026-07-18T20:53:15.351+0000] {dag.py:3239} INFO - Sync 1 DAGs
[2026-07-18T20:53:15.368+0000] {logging_mixin.py:190} INFO - [2026-07-18T20:53:15.367+0000] {dag.py:4180} INFO - Setting next_dagrun for tutorial_taskflow_api to None, run_after=None
[2026-07-18T20:53:15.392+0000] {processor.py:208} INFO - Processing /home/airflow/.local/lib/python3.12/site-packages/airflow/example_dags/tutorial_taskflow_api.py took 0.079 seconds
[2026-07-18T20:53:46.130+0000] {processor.py:186} INFO - Started process (PID=555) to work on /home/airflow/.local/lib/python3.12/site-packages/airflow/example_dags/tutorial_taskflow_api.py
[2026-07-18T20:53:46.131+0000] {processor.py:914} INFO - Processing file /home/airflow/.local/lib/python3.12/site-packages/airflow/example_dags/tutorial_taskflow_api.py for tasks to queue
[2026-07-18T20:53:46.134+0000] {logging_mixin.py:190} INFO - [2026-07-18T20:53:46.133+0000] {dagbag.py:588} INFO - Filling up the DagBag from /home/airflow/.local/lib/python3.12/site-packages/airflow/example_dags/tutorial_taskflow_api.py
[2026-07-18T20:53:46.141+0000] {processor.py:925} INFO - DAG(s) 'tutorial_taskflow_api' retrieved from /home/airflow/.local/lib/python3.12/site-packages/airflow/example_dags/tutorial_taskflow_api.py
[2026-07-18T20:53:46.158+0000] {logging_mixin.py:190} INFO - [2026-07-18T20:53:46.158+0000] {dag.py:3239} INFO - Sync 1 DAGs
[2026-07-18T20:53:46.170+0000] {logging_mixin.py:190} INFO - [2026-07-18T20:53:46.170+0000] {dag.py:4180} INFO - Setting next_dagrun for tutorial_taskflow_api to None, run_after=None
[2026-07-18T20:53:46.188+0000] {processor.py:208} INFO - Processing /home/airflow/.local/lib/python3.12/site-packages/airflow/example_dags/tutorial_taskflow_api.py took 0.063 seconds
[2026-07-18T20:54:16.924+0000] {processor.py:186} INFO - Started process (PID=618) to work on /home/airflow/.local/lib/python3.12/site-packages/airflow/example_dags/tutorial_taskflow_api.py
[2026-07-18T20:54:16.925+0000] {processor.py:914} INFO - Processing file /home/airflow/.local/lib/python3.12/site-packages/airflow/example_dags/tutorial_taskflow_api.py for tasks to queue
[2026-07-18T20:54:16.928+0000] {logging_mixin.py:190} INFO - [2026-07-18T20:54:16.928+0000] {dagbag.py:588} INFO - Filling up the DagBag from /home/airflow/.local/lib/python3.12/site-packages/airflow/example_dags/tutorial_taskflow_api.py
[2026-07-18T20:54:16.935+0000] {processor.py:925} INFO - DAG(s) 'tutorial_taskflow_api' retrieved from /home/airflow/.local/lib/python3.12/site-packages/airflow/example_dags/tutorial_taskflow_api.py
[2026-07-18T20:54:16.955+0000] {logging_mixin.py:190} INFO - [2026-07-18T20:54:16.954+0000] {dag.py:3239} INFO - Sync 1 DAGs
[2026-07-18T20:54:16.969+0000] {logging_mixin.py:190} INFO - [2026-07-18T20:54:16.969+0000] {dag.py:4180} INFO - Setting next_dagrun for tutorial_taskflow_api to None, run_after=None
[2026-07-18T20:54:16.990+0000] {processor.py:208} INFO - Processing /home/airflow/.local/lib/python3.12/site-packages/airflow/example_dags/tutorial_taskflow_api.py took 0.072 seconds
[2026-07-18T20:54:48.531+0000] {processor.py:186} INFO - Started process (PID=681) to work on /home/airflow/.local/lib/python3.12/site-packages/airflow/example_dags/tutorial_taskflow_api.py
[2026-07-18T20:54:48.534+0000] {processor.py:914} INFO - Processing file /home/airflow/.local/lib/python3.12/site-packages/airflow/example_dags/tutorial_taskflow_api.py for tasks to queue
[2026-07-18T20:54:48.539+0000] {logging_mixin.py:190} INFO - [2026-07-18T20:54:48.538+0000] {dagbag.py:588} INFO - Filling up the DagBag from /home/airflow/.local/lib/python3.12/site-packages/airflow/example_dags/tutorial_taskflow_api.py
[2026-07-18T20:54:48.552+0000] {processor.py:925} INFO - DAG(s) 'tutorial_taskflow_api' retrieved from /home/airflow/.local/lib/python3.12/site-packages/airflow/example_dags/tutorial_taskflow_api.py
[2026-07-18T20:54:48.578+0000] {logging_mixin.py:190} INFO - [2026-07-18T20:54:48.577+0000] {dag.py:3239} INFO - Sync 1 DAGs
[2026-07-18T20:54:48.591+0000] {logging_mixin.py:190} INFO - [2026-07-18T20:54:48.591+0000] {dag.py:4180} INFO - Setting next_dagrun for tutorial_taskflow_api to None, run_after=None
[2026-07-18T20:54:48.609+0000] {processor.py:208} INFO - Processing /home/airflow/.local/lib/python3.12/site-packages/airflow/example_dags/tutorial_taskflow_api.py took 0.088 seconds
[2026-07-18T20:55:19.128+0000] {processor.py:186} INFO - Started process (PID=744) to work on /home/airflow/.local/lib/python3.12/site-packages/airflow/example_dags/tutorial_taskflow_api.py
[2026-07-18T20:55:19.129+0000] {processor.py:914} INFO - Processing file /home/airflow/.local/lib/python3.12/site-packages/airflow/example_dags/tutorial_taskflow_api.py for tasks to queue
[2026-07-18T20:55:19.132+0000] {logging_mixin.py:190} INFO - [2026-07-18T20:55:19.132+0000] {dagbag.py:588} INFO - Filling up the DagBag from /home/airflow/.local/lib/python3.12/site-packages/airflow/example_dags/tutorial_taskflow_api.py
[2026-07-18T20:55:19.141+0000] {processor.py:925} INFO - DAG(s) 'tutorial_taskflow_api' retrieved from /home/airflow/.local/lib/python3.12/site-packages/airflow/example_dags/tutorial_taskflow_api.py
[2026-07-18T20:55:19.158+0000] {logging_mixin.py:190} INFO - [2026-07-18T20:55:19.158+0000] {dag.py:3239} INFO - Sync 1 DAGs
[2026-07-18T20:55:19.171+0000] {logging_mixin.py:190} INFO - [2026-07-18T20:55:19.170+0000] {dag.py:4180} INFO - Setting next_dagrun for tutorial_taskflow_api to None, run_after=None
[2026-07-18T20:55:19.186+0000] {processor.py:208} INFO - Processing /home/airflow/.local/lib/python3.12/site-packages/airflow/example_dags/tutorial_taskflow_api.py took 0.063 seconds
[2026-07-18T20:55:50.754+0000] {processor.py:186} INFO - Started process (PID=807) to work on /home/airflow/.local/lib/python3.12/site-packages/airflow/example_dags/tutorial_taskflow_api.py
[2026-07-18T20:55:50.755+0000] {processor.py:914} INFO - Processing file /home/airflow/.local/lib/python3.12/site-packages/airflow/example_dags/tutorial_taskflow_api.py for tasks to queue
[2026-07-18T20:55:50.758+0000] {logging_mixin.py:190} INFO - [2026-07-18T20:55:50.757+0000] {dagbag.py:588} INFO - Filling up the DagBag from /home/airflow/.local/lib/python3.12/site-packages/airflow/example_dags/tutorial_taskflow_api.py
[2026-07-18T20:55:50.765+0000] {processor.py:925} INFO - DAG(s) 'tutorial_taskflow_api' retrieved from /home/airflow/.local/lib/python3.12/site-packages/airflow/example_dags/tutorial_taskflow_api.py
[2026-07-18T20:55:50.784+0000] {logging_mixin.py:190} INFO - [2026-07-18T20:55:50.784+0000] {dag.py:3239} INFO - Sync 1 DAGs
[2026-07-18T20:55:50.797+0000] {logging_mixin.py:190} INFO - [2026-07-18T20:55:50.797+0000] {dag.py:4180} INFO - Setting next_dagrun for tutorial_taskflow_api to None, run_after=None
[2026-07-18T20:55:50.815+0000] {processor.py:208} INFO - Processing /home/airflow/.local/lib/python3.12/site-packages/airflow/example_dags/tutorial_taskflow_api.py took 0.066 seconds
[2026-07-18T20:56:22.865+0000] {processor.py:186} INFO - Started process (PID=871) to work on /home/airflow/.local/lib/python3.12/site-packages/airflow/example_dags/tutorial_taskflow_api.py
[2026-07-18T20:56:22.866+0000] {processor.py:914} INFO - Processing file /home/airflow/.local/lib/python3.12/site-packages/airflow/example_dags/tutorial_taskflow_api.py for tasks to queue
[2026-07-18T20:56:22.868+0000] {logging_mixin.py:190} INFO - [2026-07-18T20:56:22.868+0000] {dagbag.py:588} INFO - Filling up the DagBag from /home/airflow/.local/lib/python3.12/site-packages/airflow/example_dags/tutorial_taskflow_api.py
[2026-07-18T20:56:22.875+0000] {processor.py:925} INFO - DAG(s) 'tutorial_taskflow_api' retrieved from /home/airflow/.local/lib/python3.12/site-packages/airflow/example_dags/tutorial_taskflow_api.py
[2026-07-18T20:56:22.891+0000] {logging_mixin.py:190} INFO - [2026-07-18T20:56:22.890+0000] {dag.py:3239} INFO - Sync 1 DAGs
[2026-07-18T20:56:22.903+0000] {logging_mixin.py:190} INFO - [2026-07-18T20:56:22.903+0000] {dag.py:4180} INFO - Setting next_dagrun for tutorial_taskflow_api to None, run_after=None
[2026-07-18T20:56:22.921+0000] {processor.py:208} INFO - Processing /home/airflow/.local/lib/python3.12/site-packages/airflow/example_dags/tutorial_taskflow_api.py took 0.061 seconds
[2026-07-18T20:56:53.940+0000] {processor.py:186} INFO - Started process (PID=934) to work on /home/airflow/.local/lib/python3.12/site-packages/airflow/example_dags/tutorial_taskflow_api.py
[2026-07-18T20:56:53.941+0000] {processor.py:914} INFO - Processing file /home/airflow/.local/lib/python3.12/site-packages/airflow/example_dags/tutorial_taskflow_api.py for tasks to queue
[2026-07-18T20:56:53.944+0000] {logging_mixin.py:190} INFO - [2026-07-18T20:56:53.944+0000] {dagbag.py:588} INFO - Filling up the DagBag from /home/airflow/.local/lib/python3.12/site-packages/airflow/example_dags/tutorial_taskflow_api.py
[2026-07-18T20:56:53.954+0000] {processor.py:925} INFO - DAG(s) 'tutorial_taskflow_api' retrieved from /home/airflow/.local/lib/python3.12/site-packages/airflow/example_dags/tutorial_taskflow_api.py
[2026-07-18T20:56:53.978+0000] {logging_mixin.py:190} INFO - [2026-07-18T20:56:53.978+0000] {dag.py:3239} INFO - Sync 1 DAGs
[2026-07-18T20:56:53.995+0000] {logging_mixin.py:190} INFO - [2026-07-18T20:56:53.994+0000] {dag.py:4180} INFO - Setting next_dagrun for tutorial_taskflow_api to None, run_after=None
[2026-07-18T20:56:54.018+0000] {processor.py:208} INFO - Processing /home/airflow/.local/lib/python3.12/site-packages/airflow/example_dags/tutorial_taskflow_api.py took 0.085 seconds
[2026-07-18T20:57:25.601+0000] {processor.py:186} INFO - Started process (PID=997) to work on /home/airflow/.local/lib/python3.12/site-packages/airflow/example_dags/tutorial_taskflow_api.py
[2026-07-18T20:57:25.603+0000] {processor.py:914} INFO - Processing file /home/airflow/.local/lib/python3.12/site-packages/airflow/example_dags/tutorial_taskflow_api.py for tasks to queue
[2026-07-18T20:57:25.605+0000] {logging_mixin.py:190} INFO - [2026-07-18T20:57:25.605+0000] {dagbag.py:588} INFO - Filling up the DagBag from /home/airflow/.local/lib/python3.12/site-packages/airflow/example_dags/tutorial_taskflow_api.py
[2026-07-18T20:57:25.613+0000] {processor.py:925} INFO - DAG(s) 'tutorial_taskflow_api' retrieved from /home/airflow/.local/lib/python3.12/site-packages/airflow/example_dags/tutorial_taskflow_api.py
[2026-07-18T20:57:25.633+0000] {logging_mixin.py:190} INFO - [2026-07-18T20:57:25.633+0000] {dag.py:3239} INFO - Sync 1 DAGs
[2026-07-18T20:57:25.647+0000] {logging_mixin.py:190} INFO - [2026-07-18T20:57:25.646+0000] {dag.py:4180} INFO - Setting next_dagrun for tutorial_taskflow_api to None, run_after=None
[2026-07-18T20:57:25.666+0000] {processor.py:208} INFO - Processing /home/airflow/.local/lib/python3.12/site-packages/airflow/example_dags/tutorial_taskflow_api.py took 0.069 seconds
[2026-07-18T20:57:56.764+0000] {processor.py:186} INFO - Started process (PID=1060) to work on /home/airflow/.local/lib/python3.12/site-packages/airflow/example_dags/tutorial_taskflow_api.py
[2026-07-18T20:57:56.766+0000] {processor.py:914} INFO - Processing file /home/airflow/.local/lib/python3.12/site-packages/airflow/example_dags/tutorial_taskflow_api.py for tasks to queue
[2026-07-18T20:57:56.769+0000] {logging_mixin.py:190} INFO - [2026-07-18T20:57:56.769+0000] {dagbag.py:588} INFO - Filling up the DagBag from /home/airflow/.local/lib/python3.12/site-packages/airflow/example_dags/tutorial_taskflow_api.py
[2026-07-18T20:57:56.777+0000] {processor.py:925} INFO - DAG(s) 'tutorial_taskflow_api' retrieved from /home/airflow/.local/lib/python3.12/site-packages/airflow/example_dags/tutorial_taskflow_api.py
[2026-07-18T20:57:56.796+0000] {logging_mixin.py:190} INFO - [2026-07-18T20:57:56.796+0000] {dag.py:3239} INFO - Sync 1 DAGs
[2026-07-18T20:57:56.809+0000] {logging_mixin.py:190} INFO - [2026-07-18T20:57:56.809+0000] {dag.py:4180} INFO - Setting next_dagrun for tutorial_taskflow_api to None, run_after=None
[2026-07-18T20:57:56.825+0000] {processor.py:208} INFO - Processing /home/airflow/.local/lib/python3.12/site-packages/airflow/example_dags/tutorial_taskflow_api.py took 0.069 seconds
[2026-07-18T20:58:28.235+0000] {processor.py:186} INFO - Started process (PID=1123) to work on /home/airflow/.local/lib/python3.12/site-packages/airflow/example_dags/tutorial_taskflow_api.py
[2026-07-18T20:58:28.236+0000] {processor.py:914} INFO - Processing file /home/airflow/.local/lib/python3.12/site-packages/airflow/example_dags/tutorial_taskflow_api.py for tasks to queue
[2026-07-18T20:58:28.239+0000] {logging_mixin.py:190} INFO - [2026-07-18T20:58:28.239+0000] {dagbag.py:588} INFO - Filling up the DagBag from /home/airflow/.local/lib/python3.12/site-packages/airflow/example_dags/tutorial_taskflow_api.py
[2026-07-18T20:58:28.247+0000] {processor.py:925} INFO - DAG(s) 'tutorial_taskflow_api' retrieved from /home/airflow/.local/lib/python3.12/site-packages/airflow/example_dags/tutorial_taskflow_api.py
[2026-07-18T20:58:28.264+0000] {logging_mixin.py:190} INFO - [2026-07-18T20:58:28.264+0000] {dag.py:3239} INFO - Sync 1 DAGs
[2026-07-18T20:58:28.276+0000] {logging_mixin.py:190} INFO - [2026-07-18T20:58:28.276+0000] {dag.py:4180} INFO - Setting next_dagrun for tutorial_taskflow_api to None, run_after=None
[2026-07-18T20:58:28.291+0000] {processor.py:208} INFO - Processing /home/airflow/.local/lib/python3.12/site-packages/airflow/example_dags/tutorial_taskflow_api.py took 0.061 seconds
[2026-07-18T20:58:58.728+0000] {processor.py:186} INFO - Started process (PID=1186) to work on /home/airflow/.local/lib/python3.12/site-packages/airflow/example_dags/tutorial_taskflow_api.py
[2026-07-18T20:58:58.729+0000] {processor.py:914} INFO - Processing file /home/airflow/.local/lib/python3.12/site-packages/airflow/example_dags/tutorial_taskflow_api.py for tasks to queue
[2026-07-18T20:58:58.732+0000] {logging_mixin.py:190} INFO - [2026-07-18T20:58:58.732+0000] {dagbag.py:588} INFO - Filling up the DagBag from /home/airflow/.local/lib/python3.12/site-packages/airflow/example_dags/tutorial_taskflow_api.py
[2026-07-18T20:58:58.740+0000] {processor.py:925} INFO - DAG(s) 'tutorial_taskflow_api' retrieved from /home/airflow/.local/lib/python3.12/site-packages/airflow/example_dags/tutorial_taskflow_api.py
[2026-07-18T20:58:58.761+0000] {logging_mixin.py:190} INFO - [2026-07-18T20:58:58.761+0000] {dag.py:3239} INFO - Sync 1 DAGs
[2026-07-18T20:58:58.777+0000] {logging_mixin.py:190} INFO - [2026-07-18T20:58:58.777+0000] {dag.py:4180} INFO - Setting next_dagrun for tutorial_taskflow_api to None, run_after=None
[2026-07-18T20:58:58.799+0000] {processor.py:208} INFO - Processing /home/airflow/.local/lib/python3.12/site-packages/airflow/example_dags/tutorial_taskflow_api.py took 0.076 seconds
[2026-07-18T20:59:30.472+0000] {processor.py:186} INFO - Started process (PID=1249) to work on /home/airflow/.local/lib/python3.12/site-packages/airflow/example_dags/tutorial_taskflow_api.py
[2026-07-18T20:59:30.473+0000] {processor.py:914} INFO - Processing file /home/airflow/.local/lib/python3.12/site-packages/airflow/example_dags/tutorial_taskflow_api.py for tasks to queue
[2026-07-18T20:59:30.476+0000] {logging_mixin.py:190} INFO - [2026-07-18T20:59:30.475+0000] {dagbag.py:588} INFO - Filling up the DagBag from /home/airflow/.local/lib/python3.12/site-packages/airflow/example_dags/tutorial_taskflow_api.py
[2026-07-18T20:59:30.483+0000] {processor.py:925} INFO - DAG(s) 'tutorial_taskflow_api' retrieved from /home/airflow/.local/lib/python3.12/site-packages/airflow/example_dags/tutorial_taskflow_api.py
[2026-07-18T20:59:30.499+0000] {logging_mixin.py:190} INFO - [2026-07-18T20:59:30.498+0000] {dag.py:3239} INFO - Sync 1 DAGs
[2026-07-18T20:59:30.511+0000] {logging_mixin.py:190} INFO - [2026-07-18T20:59:30.511+0000] {dag.py:4180} INFO - Setting next_dagrun for tutorial_taskflow_api to None, run_after=None
[2026-07-18T20:59:30.528+0000] {processor.py:208} INFO - Processing /home/airflow/.local/lib/python3.12/site-packages/airflow/example_dags/tutorial_taskflow_api.py took 0.061 seconds
[2026-07-18T21:00:00.993+0000] {processor.py:186} INFO - Started process (PID=1312) to work on /home/airflow/.local/lib/python3.12/site-packages/airflow/example_dags/tutorial_taskflow_api.py
[2026-07-18T21:00:00.994+0000] {processor.py:914} INFO - Processing file /home/airflow/.local/lib/python3.12/site-packages/airflow/example_dags/tutorial_taskflow_api.py for tasks to queue
[2026-07-18T21:00:00.997+0000] {logging_mixin.py:190} INFO - [2026-07-18T21:00:00.996+0000] {dagbag.py:588} INFO - Filling up the DagBag from /home/airflow/.local/lib/python3.12/site-packages/airflow/example_dags/tutorial_taskflow_api.py
[2026-07-18T21:00:01.004+0000] {processor.py:925} INFO - DAG(s) 'tutorial_taskflow_api' retrieved from /home/airflow/.local/lib/python3.12/site-packages/airflow/example_dags/tutorial_taskflow_api.py
[2026-07-18T21:00:01.025+0000] {logging_mixin.py:190} INFO - [2026-07-18T21:00:01.025+0000] {dag.py:3239} INFO - Sync 1 DAGs
[2026-07-18T21:00:01.038+0000] {logging_mixin.py:190} INFO - [2026-07-18T21:00:01.037+0000] {dag.py:4180} INFO - Setting next_dagrun for tutorial_taskflow_api to None, run_after=None
[2026-07-18T21:00:01.053+0000] {processor.py:208} INFO - Processing /home/airflow/.local/lib/python3.12/site-packages/airflow/example_dags/tutorial_taskflow_api.py took 0.065 seconds
[2026-07-18T21:00:32.126+0000] {processor.py:186} INFO - Started process (PID=1375) to work on /home/airflow/.local/lib/python3.12/site-packages/airflow/example_dags/tutorial_taskflow_api.py
[2026-07-18T21:00:32.128+0000] {processor.py:914} INFO - Processing file /home/airflow/.local/lib/python3.12/site-packages/airflow/example_dags/tutorial_taskflow_api.py for tasks to queue
[2026-07-18T21:00:32.131+0000] {logging_mixin.py:190} INFO - [2026-07-18T21:00:32.131+0000] {dagbag.py:588} INFO - Filling up the DagBag from /home/airflow/.local/lib/python3.12/site-packages/airflow/example_dags/tutorial_taskflow_api.py
[2026-07-18T21:00:32.139+0000] {processor.py:925} INFO - DAG(s) 'tutorial_taskflow_api' retrieved from /home/airflow/.local/lib/python3.12/site-packages/airflow/example_dags/tutorial_taskflow_api.py
[2026-07-18T21:00:32.158+0000] {logging_mixin.py:190} INFO - [2026-07-18T21:00:32.158+0000] {dag.py:3239} INFO - Sync 1 DAGs
[2026-07-18T21:00:32.171+0000] {logging_mixin.py:190} INFO - [2026-07-18T21:00:32.171+0000] {dag.py:4180} INFO - Setting next_dagrun for tutorial_taskflow_api to None, run_after=None
[2026-07-18T21:00:32.188+0000] {processor.py:208} INFO - Processing /home/airflow/.local/lib/python3.12/site-packages/airflow/example_dags/tutorial_taskflow_api.py took 0.067 seconds
[2026-07-18T21:01:06.437+0000] {processor.py:186} INFO - Started process (PID=1444) to work on /home/airflow/.local/lib/python3.12/site-packages/airflow/example_dags/tutorial_taskflow_api.py
[2026-07-18T21:01:06.440+0000] {processor.py:914} INFO - Processing file /home/airflow/.local/lib/python3.12/site-packages/airflow/example_dags/tutorial_taskflow_api.py for tasks to queue
[2026-07-18T21:01:06.448+0000] {logging_mixin.py:190} INFO - [2026-07-18T21:01:06.447+0000] {dagbag.py:588} INFO - Filling up the DagBag from /home/airflow/.local/lib/python3.12/site-packages/airflow/example_dags/tutorial_taskflow_api.py
[2026-07-18T21:01:06.471+0000] {processor.py:925} INFO - DAG(s) 'tutorial_taskflow_api' retrieved from /home/airflow/.local/lib/python3.12/site-packages/airflow/example_dags/tutorial_taskflow_api.py
[2026-07-18T21:01:06.529+0000] {logging_mixin.py:190} INFO - [2026-07-18T21:01:06.529+0000] {dag.py:3239} INFO - Sync 1 DAGs
[2026-07-18T21:01:06.576+0000] {logging_mixin.py:190} INFO - [2026-07-18T21:01:06.576+0000] {dag.py:4180} INFO - Setting next_dagrun for tutorial_taskflow_api to None, run_after=None
[2026-07-18T21:01:06.626+0000] {processor.py:208} INFO - Processing /home/airflow/.local/lib/python3.12/site-packages/airflow/example_dags/tutorial_taskflow_api.py took 0.205 seconds
[2026-07-18T21:01:38.060+0000] {processor.py:186} INFO - Started process (PID=1507) to work on /home/airflow/.local/lib/python3.12/site-packages/airflow/example_dags/tutorial_taskflow_api.py
[2026-07-18T21:01:38.062+0000] {processor.py:914} INFO - Processing file /home/airflow/.local/lib/python3.12/site-packages/airflow/example_dags/tutorial_taskflow_api.py for tasks to queue
[2026-07-18T21:01:38.068+0000] {logging_mixin.py:190} INFO - [2026-07-18T21:01:38.067+0000] {dagbag.py:588} INFO - Filling up the DagBag from /home/airflow/.local/lib/python3.12/site-packages/airflow/example_dags/tutorial_taskflow_api.py
[2026-07-18T21:01:38.085+0000] {processor.py:925} INFO - DAG(s) 'tutorial_taskflow_api' retrieved from /home/airflow/.local/lib/python3.12/site-packages/airflow/example_dags/tutorial_taskflow_api.py
[2026-07-18T21:01:38.140+0000] {logging_mixin.py:190} INFO - [2026-07-18T21:01:38.139+0000] {dag.py:3239} INFO - Sync 1 DAGs
[2026-07-18T21:01:38.171+0000] {logging_mixin.py:190} INFO - [2026-07-18T21:01:38.170+0000] {dag.py:4180} INFO - Setting next_dagrun for tutorial_taskflow_api to None, run_after=None
[2026-07-18T21:01:38.204+0000] {processor.py:208} INFO - Processing /home/airflow/.local/lib/python3.12/site-packages/airflow/example_dags/tutorial_taskflow_api.py took 0.152 seconds
[2026-07-18T21:02:08.682+0000] {processor.py:186} INFO - Started process (PID=1570) to work on /home/airflow/.local/lib/python3.12/site-packages/airflow/example_dags/tutorial_taskflow_api.py
[2026-07-18T21:02:08.686+0000] {processor.py:914} INFO - Processing file /home/airflow/.local/lib/python3.12/site-packages/airflow/example_dags/tutorial_taskflow_api.py for tasks to queue
[2026-07-18T21:02:08.695+0000] {logging_mixin.py:190} INFO - [2026-07-18T21:02:08.695+0000] {dagbag.py:588} INFO - Filling up the DagBag from /home/airflow/.local/lib/python3.12/site-packages/airflow/example_dags/tutorial_taskflow_api.py
[2026-07-18T21:02:08.714+0000] {processor.py:925} INFO - DAG(s) 'tutorial_taskflow_api' retrieved from /home/airflow/.local/lib/python3.12/site-packages/airflow/example_dags/tutorial_taskflow_api.py
[2026-07-18T21:02:08.752+0000] {logging_mixin.py:190} INFO - [2026-07-18T21:02:08.752+0000] {dag.py:3239} INFO - Sync 1 DAGs
[2026-07-18T21:02:08.777+0000] {logging_mixin.py:190} INFO - [2026-07-18T21:02:08.777+0000] {dag.py:4180} INFO - Setting next_dagrun for tutorial_taskflow_api to None, run_after=None
[2026-07-18T21:02:08.806+0000] {processor.py:208} INFO - Processing /home/airflow/.local/lib/python3.12/site-packages/airflow/example_dags/tutorial_taskflow_api.py took 0.137 seconds
[2026-07-18T21:02:39.055+0000] {processor.py:186} INFO - Started process (PID=1632) to work on /home/airflow/.local/lib/python3.12/site-packages/airflow/example_dags/tutorial_taskflow_api.py
[2026-07-18T21:02:39.057+0000] {processor.py:914} INFO - Processing file /home/airflow/.local/lib/python3.12/site-packages/airflow/example_dags/tutorial_taskflow_api.py for tasks to queue
[2026-07-18T21:02:39.063+0000] {logging_mixin.py:190} INFO - [2026-07-18T21:02:39.063+0000] {dagbag.py:588} INFO - Filling up the DagBag from /home/airflow/.local/lib/python3.12/site-packages/airflow/example_dags/tutorial_taskflow_api.py
[2026-07-18T21:02:39.076+0000] {processor.py:925} INFO - DAG(s) 'tutorial_taskflow_api' retrieved from /home/airflow/.local/lib/python3.12/site-packages/airflow/example_dags/tutorial_taskflow_api.py
[2026-07-18T21:02:39.103+0000] {logging_mixin.py:190} INFO - [2026-07-18T21:02:39.103+0000] {dag.py:3239} INFO - Sync 1 DAGs
[2026-07-18T21:02:39.130+0000] {logging_mixin.py:190} INFO - [2026-07-18T21:02:39.129+0000] {dag.py:4180} INFO - Setting next_dagrun for tutorial_taskflow_api to None, run_after=None
[2026-07-18T21:02:39.164+0000] {processor.py:208} INFO - Processing /home/airflow/.local/lib/python3.12/site-packages/airflow/example_dags/tutorial_taskflow_api.py took 0.119 seconds
[2026-07-18T21:03:11.657+0000] {processor.py:186} INFO - Started process (PID=1695) to work on /home/airflow/.local/lib/python3.12/site-packages/airflow/example_dags/tutorial_taskflow_api.py
[2026-07-18T21:03:11.660+0000] {processor.py:914} INFO - Processing file /home/airflow/.local/lib/python3.12/site-packages/airflow/example_dags/tutorial_taskflow_api.py for tasks to queue
[2026-07-18T21:03:11.666+0000] {logging_mixin.py:190} INFO - [2026-07-18T21:03:11.664+0000] {dagbag.py:588} INFO - Filling up the DagBag from /home/airflow/.local/lib/python3.12/site-packages/airflow/example_dags/tutorial_taskflow_api.py
[2026-07-18T21:03:11.684+0000] {processor.py:925} INFO - DAG(s) 'tutorial_taskflow_api' retrieved from /home/airflow/.local/lib/python3.12/site-packages/airflow/example_dags/tutorial_taskflow_api.py
[2026-07-18T21:03:11.721+0000] {logging_mixin.py:190} INFO - [2026-07-18T21:03:11.721+0000] {dag.py:3239} INFO - Sync 1 DAGs
[2026-07-18T21:03:11.741+0000] {logging_mixin.py:190} INFO - [2026-07-18T21:03:11.741+0000] {dag.py:4180} INFO - Setting next_dagrun for tutorial_taskflow_api to None, run_after=None
[2026-07-18T21:03:11.769+0000] {processor.py:208} INFO - Processing /home/airflow/.local/lib/python3.12/site-packages/airflow/example_dags/tutorial_taskflow_api.py took 0.124 seconds
[2026-07-18T21:03:43.025+0000] {processor.py:186} INFO - Started process (PID=1758) to work on /home/airflow/.local/lib/python3.12/site-packages/airflow/example_dags/tutorial_taskflow_api.py
[2026-07-18T21:03:43.028+0000] {processor.py:914} INFO - Processing file /home/airflow/.local/lib/python3.12/site-packages/airflow/example_dags/tutorial_taskflow_api.py for tasks to queue
[2026-07-18T21:03:43.035+0000] {logging_mixin.py:190} INFO - [2026-07-18T21:03:43.034+0000] {dagbag.py:588} INFO - Filling up the DagBag from /home/airflow/.local/lib/python3.12/site-packages/airflow/example_dags/tutorial_taskflow_api.py
[2026-07-18T21:03:43.057+0000] {processor.py:925} INFO - DAG(s) 'tutorial_taskflow_api' retrieved from /home/airflow/.local/lib/python3.12/site-packages/airflow/example_dags/tutorial_taskflow_api.py
[2026-07-18T21:03:43.094+0000] {logging_mixin.py:190} INFO - [2026-07-18T21:03:43.093+0000] {dag.py:3239} INFO - Sync 1 DAGs
[2026-07-18T21:03:43.119+0000] {logging_mixin.py:190} INFO - [2026-07-18T21:03:43.118+0000] {dag.py:4180} INFO - Setting next_dagrun for tutorial_taskflow_api to None, run_after=None
[2026-07-18T21:03:43.142+0000] {processor.py:208} INFO - Processing /home/airflow/.local/lib/python3.12/site-packages/airflow/example_dags/tutorial_taskflow_api.py took 0.127 seconds
[2026-07-18T21:04:14.797+0000] {processor.py:186} INFO - Started process (PID=1822) to work on /home/airflow/.local/lib/python3.12/site-packages/airflow/example_dags/tutorial_taskflow_api.py
[2026-07-18T21:04:14.800+0000] {processor.py:914} INFO - Processing file /home/airflow/.local/lib/python3.12/site-packages/airflow/example_dags/tutorial_taskflow_api.py for tasks to queue
[2026-07-18T21:04:14.807+0000] {logging_mixin.py:190} INFO - [2026-07-18T21:04:14.807+0000] {dagbag.py:588} INFO - Filling up the DagBag from /home/airflow/.local/lib/python3.12/site-packages/airflow/example_dags/tutorial_taskflow_api.py
[2026-07-18T21:04:14.823+0000] {processor.py:925} INFO - DAG(s) 'tutorial_taskflow_api' retrieved from /home/airflow/.local/lib/python3.12/site-packages/airflow/example_dags/tutorial_taskflow_api.py
[2026-07-18T21:04:14.864+0000] {logging_mixin.py:190} INFO - [2026-07-18T21:04:14.864+0000] {dag.py:3239} INFO - Sync 1 DAGs
[2026-07-18T21:04:14.892+0000] {logging_mixin.py:190} INFO - [2026-07-18T21:04:14.892+0000] {dag.py:4180} INFO - Setting next_dagrun for tutorial_taskflow_api to None, run_after=None
[2026-07-18T21:04:14.924+0000] {processor.py:208} INFO - Processing /home/airflow/.local/lib/python3.12/site-packages/airflow/example_dags/tutorial_taskflow_api.py took 0.139 seconds
[2026-07-18T21:04:46.357+0000] {processor.py:186} INFO - Started process (PID=1888) to work on /home/airflow/.local/lib/python3.12/site-packages/airflow/example_dags/tutorial_taskflow_api.py
[2026-07-18T21:04:46.360+0000] {processor.py:914} INFO - Processing file /home/airflow/.local/lib/python3.12/site-packages/airflow/example_dags/tutorial_taskflow_api.py for tasks to queue
[2026-07-18T21:04:46.365+0000] {logging_mixin.py:190} INFO - [2026-07-18T21:04:46.365+0000] {dagbag.py:588} INFO - Filling up the DagBag from /home/airflow/.local/lib/python3.12/site-packages/airflow/example_dags/tutorial_taskflow_api.py
[2026-07-18T21:04:46.378+0000] {processor.py:925} INFO - DAG(s) 'tutorial_taskflow_api' retrieved from /home/airflow/.local/lib/python3.12/site-packages/airflow/example_dags/tutorial_taskflow_api.py
[2026-07-18T21:04:46.409+0000] {logging_mixin.py:190} INFO - [2026-07-18T21:04:46.408+0000] {dag.py:3239} INFO - Sync 1 DAGs
[2026-07-18T21:04:46.431+0000] {logging_mixin.py:190} INFO - [2026-07-18T21:04:46.431+0000] {dag.py:4180} INFO - Setting next_dagrun for tutorial_taskflow_api to None, run_after=None
[2026-07-18T21:04:46.465+0000] {processor.py:208} INFO - Processing /home/airflow/.local/lib/python3.12/site-packages/airflow/example_dags/tutorial_taskflow_api.py took 0.114 seconds
[2026-07-18T21:05:16.779+0000] {processor.py:186} INFO - Started process (PID=1951) to work on /home/airflow/.local/lib/python3.12/site-packages/airflow/example_dags/tutorial_taskflow_api.py
[2026-07-18T21:05:16.781+0000] {processor.py:914} INFO - Processing file /home/airflow/.local/lib/python3.12/site-packages/airflow/example_dags/tutorial_taskflow_api.py for tasks to queue
[2026-07-18T21:05:16.784+0000] {logging_mixin.py:190} INFO - [2026-07-18T21:05:16.784+0000] {dagbag.py:588} INFO - Filling up the DagBag from /home/airflow/.local/lib/python3.12/site-packages/airflow/example_dags/tutorial_taskflow_api.py
[2026-07-18T21:05:16.793+0000] {processor.py:925} INFO - DAG(s) 'tutorial_taskflow_api' retrieved from /home/airflow/.local/lib/python3.12/site-packages/airflow/example_dags/tutorial_taskflow_api.py
[2026-07-18T21:05:16.813+0000] {logging_mixin.py:190} INFO - [2026-07-18T21:05:16.813+0000] {dag.py:3239} INFO - Sync 1 DAGs
[2026-07-18T21:05:16.827+0000] {logging_mixin.py:190} INFO - [2026-07-18T21:05:16.827+0000] {dag.py:4180} INFO - Setting next_dagrun for tutorial_taskflow_api to None, run_after=None
[2026-07-18T21:05:16.845+0000] {processor.py:208} INFO - Processing /home/airflow/.local/lib/python3.12/site-packages/airflow/example_dags/tutorial_taskflow_api.py took 0.072 seconds
[2026-07-18T21:05:49.724+0000] {processor.py:186} INFO - Started process (PID=2018) to work on /home/airflow/.local/lib/python3.12/site-packages/airflow/example_dags/tutorial_taskflow_api.py
[2026-07-18T21:05:49.726+0000] {processor.py:914} INFO - Processing file /home/airflow/.local/lib/python3.12/site-packages/airflow/example_dags/tutorial_taskflow_api.py for tasks to queue
[2026-07-18T21:05:49.731+0000] {logging_mixin.py:190} INFO - [2026-07-18T21:05:49.731+0000] {dagbag.py:588} INFO - Filling up the DagBag from /home/airflow/.local/lib/python3.12/site-packages/airflow/example_dags/tutorial_taskflow_api.py
[2026-07-18T21:05:49.745+0000] {processor.py:925} INFO - DAG(s) 'tutorial_taskflow_api' retrieved from /home/airflow/.local/lib/python3.12/site-packages/airflow/example_dags/tutorial_taskflow_api.py
[2026-07-18T21:05:49.778+0000] {logging_mixin.py:190} INFO - [2026-07-18T21:05:49.778+0000] {dag.py:3239} INFO - Sync 1 DAGs
[2026-07-18T21:05:49.797+0000] {logging_mixin.py:190} INFO - [2026-07-18T21:05:49.797+0000] {dag.py:4180} INFO - Setting next_dagrun for tutorial_taskflow_api to None, run_after=None
[2026-07-18T21:05:49.862+0000] {processor.py:208} INFO - Processing /home/airflow/.local/lib/python3.12/site-packages/airflow/example_dags/tutorial_taskflow_api.py took 0.148 seconds
[2026-07-18T21:06:21.407+0000] {processor.py:186} INFO - Started process (PID=2081) to work on /home/airflow/.local/lib/python3.12/site-packages/airflow/example_dags/tutorial_taskflow_api.py
[2026-07-18T21:06:21.409+0000] {processor.py:914} INFO - Processing file /home/airflow/.local/lib/python3.12/site-packages/airflow/example_dags/tutorial_taskflow_api.py for tasks to queue
[2026-07-18T21:06:21.414+0000] {logging_mixin.py:190} INFO - [2026-07-18T21:06:21.413+0000] {dagbag.py:588} INFO - Filling up the DagBag from /home/airflow/.local/lib/python3.12/site-packages/airflow/example_dags/tutorial_taskflow_api.py
[2026-07-18T21:06:21.426+0000] {processor.py:925} INFO - DAG(s) 'tutorial_taskflow_api' retrieved from /home/airflow/.local/lib/python3.12/site-packages/airflow/example_dags/tutorial_taskflow_api.py
[2026-07-18T21:06:21.452+0000] {logging_mixin.py:190} INFO - [2026-07-18T21:06:21.452+0000] {dag.py:3239} INFO - Sync 1 DAGs
[2026-07-18T21:06:21.470+0000] {logging_mixin.py:190} INFO - [2026-07-18T21:06:21.470+0000] {dag.py:4180} INFO - Setting next_dagrun for tutorial_taskflow_api to None, run_after=None
[2026-07-18T21:06:21.500+0000] {processor.py:208} INFO - Processing /home/airflow/.local/lib/python3.12/site-packages/airflow/example_dags/tutorial_taskflow_api.py took 0.101 seconds
[2026-07-18T21:06:53.915+0000] {processor.py:186} INFO - Started process (PID=2145) to work on /home/airflow/.local/lib/python3.12/site-packages/airflow/example_dags/tutorial_taskflow_api.py
[2026-07-18T21:06:53.918+0000] {processor.py:914} INFO - Processing file /home/airflow/.local/lib/python3.12/site-packages/airflow/example_dags/tutorial_taskflow_api.py for tasks to queue
[2026-07-18T21:06:53.927+0000] {logging_mixin.py:190} INFO - [2026-07-18T21:06:53.926+0000] {dagbag.py:588} INFO - Filling up the DagBag from /home/airflow/.local/lib/python3.12/site-packages/airflow/example_dags/tutorial_taskflow_api.py
[2026-07-18T21:06:53.959+0000] {processor.py:925} INFO - DAG(s) 'tutorial_taskflow_api' retrieved from /home/airflow/.local/lib/python3.12/site-packages/airflow/example_dags/tutorial_taskflow_api.py
[2026-07-18T21:06:54.019+0000] {logging_mixin.py:190} INFO - [2026-07-18T21:06:54.019+0000] {dag.py:3239} INFO - Sync 1 DAGs
[2026-07-18T21:06:54.062+0000] {logging_mixin.py:190} INFO - [2026-07-18T21:06:54.062+0000] {dag.py:4180} INFO - Setting next_dagrun for tutorial_taskflow_api to None, run_after=None
[2026-07-18T21:06:54.150+0000] {processor.py:208} INFO - Processing /home/airflow/.local/lib/python3.12/site-packages/airflow/example_dags/tutorial_taskflow_api.py took 0.252 seconds
[2026-07-18T21:07:25.262+0000] {processor.py:186} INFO - Started process (PID=2210) to work on /home/airflow/.local/lib/python3.12/site-packages/airflow/example_dags/tutorial_taskflow_api.py
[2026-07-18T21:07:25.265+0000] {processor.py:914} INFO - Processing file /home/airflow/.local/lib/python3.12/site-packages/airflow/example_dags/tutorial_taskflow_api.py for tasks to queue
[2026-07-18T21:07:25.270+0000] {logging_mixin.py:190} INFO - [2026-07-18T21:07:25.269+0000] {dagbag.py:588} INFO - Filling up the DagBag from /home/airflow/.local/lib/python3.12/site-packages/airflow/example_dags/tutorial_taskflow_api.py
[2026-07-18T21:07:25.286+0000] {processor.py:925} INFO - DAG(s) 'tutorial_taskflow_api' retrieved from /home/airflow/.local/lib/python3.12/site-packages/airflow/example_dags/tutorial_taskflow_api.py
[2026-07-18T21:07:25.318+0000] {logging_mixin.py:190} INFO - [2026-07-18T21:07:25.317+0000] {dag.py:3239} INFO - Sync 1 DAGs
[2026-07-18T21:07:25.336+0000] {logging_mixin.py:190} INFO - [2026-07-18T21:07:25.336+0000] {dag.py:4180} INFO - Setting next_dagrun for tutorial_taskflow_api to None, run_after=None
[2026-07-18T21:07:25.359+0000] {processor.py:208} INFO - Processing /home/airflow/.local/lib/python3.12/site-packages/airflow/example_dags/tutorial_taskflow_api.py took 0.108 seconds
[2026-07-18T21:07:55.714+0000] {processor.py:186} INFO - Started process (PID=2273) to work on /home/airflow/.local/lib/python3.12/site-packages/airflow/example_dags/tutorial_taskflow_api.py
[2026-07-18T21:07:55.717+0000] {processor.py:914} INFO - Processing file /home/airflow/.local/lib/python3.12/site-packages/airflow/example_dags/tutorial_taskflow_api.py for tasks to queue
[2026-07-18T21:07:55.722+0000] {logging_mixin.py:190} INFO - [2026-07-18T21:07:55.721+0000] {dagbag.py:588} INFO - Filling up the DagBag from /home/airflow/.local/lib/python3.12/site-packages/airflow/example_dags/tutorial_taskflow_api.py
[2026-07-18T21:07:55.733+0000] {processor.py:925} INFO - DAG(s) 'tutorial_taskflow_api' retrieved from /home/airflow/.local/lib/python3.12/site-packages/airflow/example_dags/tutorial_taskflow_api.py
[2026-07-18T21:07:55.762+0000] {logging_mixin.py:190} INFO - [2026-07-18T21:07:55.761+0000] {dag.py:3239} INFO - Sync 1 DAGs
[2026-07-18T21:07:55.781+0000] {logging_mixin.py:190} INFO - [2026-07-18T21:07:55.780+0000] {dag.py:4180} INFO - Setting next_dagrun for tutorial_taskflow_api to None, run_after=None
[2026-07-18T21:07:55.851+0000] {processor.py:208} INFO - Processing /home/airflow/.local/lib/python3.12/site-packages/airflow/example_dags/tutorial_taskflow_api.py took 0.144 seconds
[2026-07-18T21:08:26.237+0000] {processor.py:186} INFO - Started process (PID=2336) to work on /home/airflow/.local/lib/python3.12/site-packages/airflow/example_dags/tutorial_taskflow_api.py
[2026-07-18T21:08:26.239+0000] {processor.py:914} INFO - Processing file /home/airflow/.local/lib/python3.12/site-packages/airflow/example_dags/tutorial_taskflow_api.py for tasks to queue
[2026-07-18T21:08:26.246+0000] {logging_mixin.py:190} INFO - [2026-07-18T21:08:26.246+0000] {dagbag.py:588} INFO - Filling up the DagBag from /home/airflow/.local/lib/python3.12/site-packages/airflow/example_dags/tutorial_taskflow_api.py
[2026-07-18T21:08:26.268+0000] {processor.py:925} INFO - DAG(s) 'tutorial_taskflow_api' retrieved from /home/airflow/.local/lib/python3.12/site-packages/airflow/example_dags/tutorial_taskflow_api.py
[2026-07-18T21:08:26.305+0000] {logging_mixin.py:190} INFO - [2026-07-18T21:08:26.305+0000] {dag.py:3239} INFO - Sync 1 DAGs
[2026-07-18T21:08:26.325+0000] {logging_mixin.py:190} INFO - [2026-07-18T21:08:26.325+0000] {dag.py:4180} INFO - Setting next_dagrun for tutorial_taskflow_api to None, run_after=None
[2026-07-18T21:08:26.353+0000] {processor.py:208} INFO - Processing /home/airflow/.local/lib/python3.12/site-packages/airflow/example_dags/tutorial_taskflow_api.py took 0.125 seconds
[2026-07-18T21:16:35.225+0000] {processor.py:186} INFO - Started process (PID=2399) to work on /home/airflow/.local/lib/python3.12/site-packages/airflow/example_dags/tutorial_taskflow_api.py
[2026-07-18T21:16:35.229+0000] {processor.py:914} INFO - Processing file /home/airflow/.local/lib/python3.12/site-packages/airflow/example_dags/tutorial_taskflow_api.py for tasks to queue
[2026-07-18T21:16:35.235+0000] {logging_mixin.py:190} INFO - [2026-07-18T21:16:35.235+0000] {dagbag.py:588} INFO - Filling up the DagBag from /home/airflow/.local/lib/python3.12/site-packages/airflow/example_dags/tutorial_taskflow_api.py
[2026-07-18T21:16:35.254+0000] {processor.py:925} INFO - DAG(s) 'tutorial_taskflow_api' retrieved from /home/airflow/.local/lib/python3.12/site-packages/airflow/example_dags/tutorial_taskflow_api.py
[2026-07-18T21:16:35.294+0000] {logging_mixin.py:190} INFO - [2026-07-18T21:16:35.294+0000] {dag.py:3239} INFO - Sync 1 DAGs
[2026-07-18T21:16:35.330+0000] {logging_mixin.py:190} INFO - [2026-07-18T21:16:35.329+0000] {dag.py:4180} INFO - Setting next_dagrun for tutorial_taskflow_api to None, run_after=None
[2026-07-18T21:16:35.383+0000] {processor.py:208} INFO - Processing /home/airflow/.local/lib/python3.12/site-packages/airflow/example_dags/tutorial_taskflow_api.py took 0.171 seconds
[2026-07-18T21:17:05.636+0000] {processor.py:186} INFO - Started process (PID=2462) to work on /home/airflow/.local/lib/python3.12/site-packages/airflow/example_dags/tutorial_taskflow_api.py
[2026-07-18T21:17:05.639+0000] {processor.py:914} INFO - Processing file /home/airflow/.local/lib/python3.12/site-packages/airflow/example_dags/tutorial_taskflow_api.py for tasks to queue
[2026-07-18T21:17:05.645+0000] {logging_mixin.py:190} INFO - [2026-07-18T21:17:05.644+0000] {dagbag.py:588} INFO - Filling up the DagBag from /home/airflow/.local/lib/python3.12/site-packages/airflow/example_dags/tutorial_taskflow_api.py
[2026-07-18T21:17:05.661+0000] {processor.py:925} INFO - DAG(s) 'tutorial_taskflow_api' retrieved from /home/airflow/.local/lib/python3.12/site-packages/airflow/example_dags/tutorial_taskflow_api.py
[2026-07-18T21:17:05.696+0000] {logging_mixin.py:190} INFO - [2026-07-18T21:17:05.696+0000] {dag.py:3239} INFO - Sync 1 DAGs
[2026-07-18T21:17:05.727+0000] {logging_mixin.py:190} INFO - [2026-07-18T21:17:05.727+0000] {dag.py:4180} INFO - Setting next_dagrun for tutorial_taskflow_api to None, run_after=None
[2026-07-18T21:17:05.763+0000] {processor.py:208} INFO - Processing /home/airflow/.local/lib/python3.12/site-packages/airflow/example_dags/tutorial_taskflow_api.py took 0.138 seconds
[2026-07-18T21:17:35.903+0000] {processor.py:186} INFO - Started process (PID=2525) to work on /home/airflow/.local/lib/python3.12/site-packages/airflow/example_dags/tutorial_taskflow_api.py
[2026-07-18T21:17:35.907+0000] {processor.py:914} INFO - Processing file /home/airflow/.local/lib/python3.12/site-packages/airflow/example_dags/tutorial_taskflow_api.py for tasks to queue
[2026-07-18T21:17:35.915+0000] {logging_mixin.py:190} INFO - [2026-07-18T21:17:35.914+0000] {dagbag.py:588} INFO - Filling up the DagBag from /home/airflow/.local/lib/python3.12/site-packages/airflow/example_dags/tutorial_taskflow_api.py
[2026-07-18T21:17:35.931+0000] {processor.py:925} INFO - DAG(s) 'tutorial_taskflow_api' retrieved from /home/airflow/.local/lib/python3.12/site-packages/airflow/example_dags/tutorial_taskflow_api.py
[2026-07-18T21:17:35.968+0000] {logging_mixin.py:190} INFO - [2026-07-18T21:17:35.968+0000] {dag.py:3239} INFO - Sync 1 DAGs
[2026-07-18T21:17:35.989+0000] {logging_mixin.py:190} INFO - [2026-07-18T21:17:35.989+0000] {dag.py:4180} INFO - Setting next_dagrun for tutorial_taskflow_api to None, run_after=None
[2026-07-18T21:17:36.015+0000] {processor.py:208} INFO - Processing /home/airflow/.local/lib/python3.12/site-packages/airflow/example_dags/tutorial_taskflow_api.py took 0.128 seconds
[2026-07-18T21:18:07.264+0000] {processor.py:186} INFO - Started process (PID=2588) to work on /home/airflow/.local/lib/python3.12/site-packages/airflow/example_dags/tutorial_taskflow_api.py
[2026-07-18T21:18:07.266+0000] {processor.py:914} INFO - Processing file /home/airflow/.local/lib/python3.12/site-packages/airflow/example_dags/tutorial_taskflow_api.py for tasks to queue
[2026-07-18T21:18:07.272+0000] {logging_mixin.py:190} INFO - [2026-07-18T21:18:07.271+0000] {dagbag.py:588} INFO - Filling up the DagBag from /home/airflow/.local/lib/python3.12/site-packages/airflow/example_dags/tutorial_taskflow_api.py
[2026-07-18T21:18:07.288+0000] {processor.py:925} INFO - DAG(s) 'tutorial_taskflow_api' retrieved from /home/airflow/.local/lib/python3.12/site-packages/airflow/example_dags/tutorial_taskflow_api.py
[2026-07-18T21:18:07.320+0000] {logging_mixin.py:190} INFO - [2026-07-18T21:18:07.319+0000] {dag.py:3239} INFO - Sync 1 DAGs
[2026-07-18T21:18:07.349+0000] {logging_mixin.py:190} INFO - [2026-07-18T21:18:07.349+0000] {dag.py:4180} INFO - Setting next_dagrun for tutorial_taskflow_api to None, run_after=None
[2026-07-18T21:18:07.390+0000] {processor.py:208} INFO - Processing /home/airflow/.local/lib/python3.12/site-packages/airflow/example_dags/tutorial_taskflow_api.py took 0.137 seconds
[2026-07-18T21:18:38.013+0000] {processor.py:186} INFO - Started process (PID=2651) to work on /home/airflow/.local/lib/python3.12/site-packages/airflow/example_dags/tutorial_taskflow_api.py
[2026-07-18T21:18:38.016+0000] {processor.py:914} INFO - Processing file /home/airflow/.local/lib/python3.12/site-packages/airflow/example_dags/tutorial_taskflow_api.py for tasks to queue
[2026-07-18T21:18:38.028+0000] {logging_mixin.py:190} INFO - [2026-07-18T21:18:38.027+0000] {dagbag.py:588} INFO - Filling up the DagBag from /home/airflow/.local/lib/python3.12/site-packages/airflow/example_dags/tutorial_taskflow_api.py
[2026-07-18T21:18:38.047+0000] {processor.py:925} INFO - DAG(s) 'tutorial_taskflow_api' retrieved from /home/airflow/.local/lib/python3.12/site-packages/airflow/example_dags/tutorial_taskflow_api.py
[2026-07-18T21:18:38.081+0000] {logging_mixin.py:190} INFO - [2026-07-18T21:18:38.081+0000] {dag.py:3239} INFO - Sync 1 DAGs
[2026-07-18T21:18:38.109+0000] {logging_mixin.py:190} INFO - [2026-07-18T21:18:38.109+0000] {dag.py:4180} INFO - Setting next_dagrun for tutorial_taskflow_api to None, run_after=None
[2026-07-18T21:18:38.141+0000] {processor.py:208} INFO - Processing /home/airflow/.local/lib/python3.12/site-packages/airflow/example_dags/tutorial_taskflow_api.py took 0.148 seconds
[2026-07-18T21:19:08.821+0000] {processor.py:186} INFO - Started process (PID=2714) to work on /home/airflow/.local/lib/python3.12/site-packages/airflow/example_dags/tutorial_taskflow_api.py
[2026-07-18T21:19:08.824+0000] {processor.py:914} INFO - Processing file /home/airflow/.local/lib/python3.12/site-packages/airflow/example_dags/tutorial_taskflow_api.py for tasks to queue
[2026-07-18T21:19:08.831+0000] {logging_mixin.py:190} INFO - [2026-07-18T21:19:08.831+0000] {dagbag.py:588} INFO - Filling up the DagBag from /home/airflow/.local/lib/python3.12/site-packages/airflow/example_dags/tutorial_taskflow_api.py
[2026-07-18T21:19:08.851+0000] {processor.py:925} INFO - DAG(s) 'tutorial_taskflow_api' retrieved from /home/airflow/.local/lib/python3.12/site-packages/airflow/example_dags/tutorial_taskflow_api.py
[2026-07-18T21:19:08.882+0000] {logging_mixin.py:190} INFO - [2026-07-18T21:19:08.882+0000] {dag.py:3239} INFO - Sync 1 DAGs
[2026-07-18T21:19:08.901+0000] {logging_mixin.py:190} INFO - [2026-07-18T21:19:08.900+0000] {dag.py:4180} INFO - Setting next_dagrun for tutorial_taskflow_api to None, run_after=None
[2026-07-18T21:19:08.929+0000] {processor.py:208} INFO - Processing /home/airflow/.local/lib/python3.12/site-packages/airflow/example_dags/tutorial_taskflow_api.py took 0.118 seconds
[2026-07-18T21:19:39.191+0000] {processor.py:186} INFO - Started process (PID=2777) to work on /home/airflow/.local/lib/python3.12/site-packages/airflow/example_dags/tutorial_taskflow_api.py
[2026-07-18T21:19:39.194+0000] {processor.py:914} INFO - Processing file /home/airflow/.local/lib/python3.12/site-packages/airflow/example_dags/tutorial_taskflow_api.py for tasks to queue
[2026-07-18T21:19:39.201+0000] {logging_mixin.py:190} INFO - [2026-07-18T21:19:39.200+0000] {dagbag.py:588} INFO - Filling up the DagBag from /home/airflow/.local/lib/python3.12/site-packages/airflow/example_dags/tutorial_taskflow_api.py
[2026-07-18T21:19:39.217+0000] {processor.py:925} INFO - DAG(s) 'tutorial_taskflow_api' retrieved from /home/airflow/.local/lib/python3.12/site-packages/airflow/example_dags/tutorial_taskflow_api.py
[2026-07-18T21:19:39.245+0000] {logging_mixin.py:190} INFO - [2026-07-18T21:19:39.245+0000] {dag.py:3239} INFO - Sync 1 DAGs
[2026-07-18T21:19:39.264+0000] {logging_mixin.py:190} INFO - [2026-07-18T21:19:39.264+0000] {dag.py:4180} INFO - Setting next_dagrun for tutorial_taskflow_api to None, run_after=None
[2026-07-18T21:19:39.290+0000] {processor.py:208} INFO - Processing /home/airflow/.local/lib/python3.12/site-packages/airflow/example_dags/tutorial_taskflow_api.py took 0.109 seconds
[2026-07-18T21:20:10.189+0000] {processor.py:186} INFO - Started process (PID=2839) to work on /home/airflow/.local/lib/python3.12/site-packages/airflow/example_dags/tutorial_taskflow_api.py
[2026-07-18T21:20:10.191+0000] {processor.py:914} INFO - Processing file /home/airflow/.local/lib/python3.12/site-packages/airflow/example_dags/tutorial_taskflow_api.py for tasks to queue
[2026-07-18T21:20:10.196+0000] {logging_mixin.py:190} INFO - [2026-07-18T21:20:10.196+0000] {dagbag.py:588} INFO - Filling up the DagBag from /home/airflow/.local/lib/python3.12/site-packages/airflow/example_dags/tutorial_taskflow_api.py
[2026-07-18T21:20:10.210+0000] {processor.py:925} INFO - DAG(s) 'tutorial_taskflow_api' retrieved from /home/airflow/.local/lib/python3.12/site-packages/airflow/example_dags/tutorial_taskflow_api.py
[2026-07-18T21:20:10.235+0000] {logging_mixin.py:190} INFO - [2026-07-18T21:20:10.235+0000] {dag.py:3239} INFO - Sync 1 DAGs
[2026-07-18T21:20:10.261+0000] {logging_mixin.py:190} INFO - [2026-07-18T21:20:10.261+0000] {dag.py:4180} INFO - Setting next_dagrun for tutorial_taskflow_api to None, run_after=None
[2026-07-18T21:20:10.289+0000] {processor.py:208} INFO - Processing /home/airflow/.local/lib/python3.12/site-packages/airflow/example_dags/tutorial_taskflow_api.py took 0.110 seconds
[2026-07-18T21:20:40.725+0000] {processor.py:186} INFO - Started process (PID=2902) to work on /home/airflow/.local/lib/python3.12/site-packages/airflow/example_dags/tutorial_taskflow_api.py
[2026-07-18T21:20:40.731+0000] {processor.py:914} INFO - Processing file /home/airflow/.local/lib/python3.12/site-packages/airflow/example_dags/tutorial_taskflow_api.py for tasks to queue
[2026-07-18T21:20:40.739+0000] {logging_mixin.py:190} INFO - [2026-07-18T21:20:40.739+0000] {dagbag.py:588} INFO - Filling up the DagBag from /home/airflow/.local/lib/python3.12/site-packages/airflow/example_dags/tutorial_taskflow_api.py
[2026-07-18T21:20:40.761+0000] {processor.py:925} INFO - DAG(s) 'tutorial_taskflow_api' retrieved from /home/airflow/.local/lib/python3.12/site-packages/airflow/example_dags/tutorial_taskflow_api.py
[2026-07-18T21:20:40.799+0000] {logging_mixin.py:190} INFO - [2026-07-18T21:20:40.798+0000] {dag.py:3239} INFO - Sync 1 DAGs
[2026-07-18T21:20:40.828+0000] {logging_mixin.py:190} INFO - [2026-07-18T21:20:40.827+0000] {dag.py:4180} INFO - Setting next_dagrun for tutorial_taskflow_api to None, run_after=None
[2026-07-18T21:20:40.863+0000] {processor.py:208} INFO - Processing /home/airflow/.local/lib/python3.12/site-packages/airflow/example_dags/tutorial_taskflow_api.py took 0.151 seconds
[2026-07-18T21:21:11.578+0000] {processor.py:186} INFO - Started process (PID=2965) to work on /home/airflow/.local/lib/python3.12/site-packages/airflow/example_dags/tutorial_taskflow_api.py
[2026-07-18T21:21:11.608+0000] {processor.py:914} INFO - Processing file /home/airflow/.local/lib/python3.12/site-packages/airflow/example_dags/tutorial_taskflow_api.py for tasks to queue
[2026-07-18T21:21:11.616+0000] {logging_mixin.py:190} INFO - [2026-07-18T21:21:11.615+0000] {dagbag.py:588} INFO - Filling up the DagBag from /home/airflow/.local/lib/python3.12/site-packages/airflow/example_dags/tutorial_taskflow_api.py
[2026-07-18T21:21:11.643+0000] {processor.py:925} INFO - DAG(s) 'tutorial_taskflow_api' retrieved from /home/airflow/.local/lib/python3.12/site-packages/airflow/example_dags/tutorial_taskflow_api.py
[2026-07-18T21:21:11.677+0000] {logging_mixin.py:190} INFO - [2026-07-18T21:21:11.676+0000] {dag.py:3239} INFO - Sync 1 DAGs
[2026-07-18T21:21:11.706+0000] {logging_mixin.py:190} INFO - [2026-07-18T21:21:11.706+0000] {dag.py:4180} INFO - Setting next_dagrun for tutorial_taskflow_api to None, run_after=None
[2026-07-18T21:21:11.743+0000] {processor.py:208} INFO - Processing /home/airflow/.local/lib/python3.12/site-packages/airflow/example_dags/tutorial_taskflow_api.py took 0.184 seconds
[2026-07-18T21:21:42.590+0000] {processor.py:186} INFO - Started process (PID=3028) to work on /home/airflow/.local/lib/python3.12/site-packages/airflow/example_dags/tutorial_taskflow_api.py
[2026-07-18T21:21:42.594+0000] {processor.py:914} INFO - Processing file /home/airflow/.local/lib/python3.12/site-packages/airflow/example_dags/tutorial_taskflow_api.py for tasks to queue
[2026-07-18T21:21:42.602+0000] {logging_mixin.py:190} INFO - [2026-07-18T21:21:42.601+0000] {dagbag.py:588} INFO - Filling up the DagBag from /home/airflow/.local/lib/python3.12/site-packages/airflow/example_dags/tutorial_taskflow_api.py
[2026-07-18T21:21:42.628+0000] {processor.py:925} INFO - DAG(s) 'tutorial_taskflow_api' retrieved from /home/airflow/.local/lib/python3.12/site-packages/airflow/example_dags/tutorial_taskflow_api.py
[2026-07-18T21:21:42.659+0000] {logging_mixin.py:190} INFO - [2026-07-18T21:21:42.659+0000] {dag.py:3239} INFO - Sync 1 DAGs
[2026-07-18T21:21:42.679+0000] {logging_mixin.py:190} INFO - [2026-07-18T21:21:42.679+0000] {dag.py:4180} INFO - Setting next_dagrun for tutorial_taskflow_api to None, run_after=None
[2026-07-18T21:21:42.706+0000] {processor.py:208} INFO - Processing /home/airflow/.local/lib/python3.12/site-packages/airflow/example_dags/tutorial_taskflow_api.py took 0.134 seconds
[2026-07-18T21:22:13.068+0000] {processor.py:186} INFO - Started process (PID=3090) to work on /home/airflow/.local/lib/python3.12/site-packages/airflow/example_dags/tutorial_taskflow_api.py
[2026-07-18T21:22:13.071+0000] {processor.py:914} INFO - Processing file /home/airflow/.local/lib/python3.12/site-packages/airflow/example_dags/tutorial_taskflow_api.py for tasks to queue
[2026-07-18T21:22:13.080+0000] {logging_mixin.py:190} INFO - [2026-07-18T21:22:13.079+0000] {dagbag.py:588} INFO - Filling up the DagBag from /home/airflow/.local/lib/python3.12/site-packages/airflow/example_dags/tutorial_taskflow_api.py
[2026-07-18T21:22:13.101+0000] {processor.py:925} INFO - DAG(s) 'tutorial_taskflow_api' retrieved from /home/airflow/.local/lib/python3.12/site-packages/airflow/example_dags/tutorial_taskflow_api.py
[2026-07-18T21:22:13.141+0000] {logging_mixin.py:190} INFO - [2026-07-18T21:22:13.140+0000] {dag.py:3239} INFO - Sync 1 DAGs
[2026-07-18T21:22:13.182+0000] {logging_mixin.py:190} INFO - [2026-07-18T21:22:13.181+0000] {dag.py:4180} INFO - Setting next_dagrun for tutorial_taskflow_api to None, run_after=None
[2026-07-18T21:22:13.222+0000] {processor.py:208} INFO - Processing /home/airflow/.local/lib/python3.12/site-packages/airflow/example_dags/tutorial_taskflow_api.py took 0.172 seconds
[2026-07-18T21:26:02.839+0000] {processor.py:186} INFO - Started process (PID=151) to work on /home/airflow/.local/lib/python3.12/site-packages/airflow/example_dags/tutorial_taskflow_api.py
[2026-07-18T21:26:02.842+0000] {processor.py:914} INFO - Processing file /home/airflow/.local/lib/python3.12/site-packages/airflow/example_dags/tutorial_taskflow_api.py for tasks to queue
[2026-07-18T21:26:02.848+0000] {logging_mixin.py:190} INFO - [2026-07-18T21:26:02.847+0000] {dagbag.py:588} INFO - Filling up the DagBag from /home/airflow/.local/lib/python3.12/site-packages/airflow/example_dags/tutorial_taskflow_api.py
[2026-07-18T21:26:02.865+0000] {processor.py:925} INFO - DAG(s) 'tutorial_taskflow_api' retrieved from /home/airflow/.local/lib/python3.12/site-packages/airflow/example_dags/tutorial_taskflow_api.py
[2026-07-18T21:26:02.898+0000] {logging_mixin.py:190} INFO - [2026-07-18T21:26:02.898+0000] {dag.py:3239} INFO - Sync 1 DAGs
[2026-07-18T21:26:02.923+0000] {logging_mixin.py:190} INFO - [2026-07-18T21:26:02.922+0000] {dag.py:4180} INFO - Setting next_dagrun for tutorial_taskflow_api to None, run_after=None
[2026-07-18T21:26:02.951+0000] {processor.py:208} INFO - Processing /home/airflow/.local/lib/python3.12/site-packages/airflow/example_dags/tutorial_taskflow_api.py took 0.121 seconds
[2026-07-18T21:26:34.000+0000] {processor.py:186} INFO - Started process (PID=214) to work on /home/airflow/.local/lib/python3.12/site-packages/airflow/example_dags/tutorial_taskflow_api.py
[2026-07-18T21:26:34.003+0000] {processor.py:914} INFO - Processing file /home/airflow/.local/lib/python3.12/site-packages/airflow/example_dags/tutorial_taskflow_api.py for tasks to queue
[2026-07-18T21:26:34.009+0000] {logging_mixin.py:190} INFO - [2026-07-18T21:26:34.008+0000] {dagbag.py:588} INFO - Filling up the DagBag from /home/airflow/.local/lib/python3.12/site-packages/airflow/example_dags/tutorial_taskflow_api.py
[2026-07-18T21:26:34.023+0000] {processor.py:925} INFO - DAG(s) 'tutorial_taskflow_api' retrieved from /home/airflow/.local/lib/python3.12/site-packages/airflow/example_dags/tutorial_taskflow_api.py
[2026-07-18T21:26:34.054+0000] {logging_mixin.py:190} INFO - [2026-07-18T21:26:34.054+0000] {dag.py:3239} INFO - Sync 1 DAGs
[2026-07-18T21:26:34.079+0000] {logging_mixin.py:190} INFO - [2026-07-18T21:26:34.078+0000] {dag.py:4180} INFO - Setting next_dagrun for tutorial_taskflow_api to None, run_after=None
[2026-07-18T21:26:34.107+0000] {processor.py:208} INFO - Processing /home/airflow/.local/lib/python3.12/site-packages/airflow/example_dags/tutorial_taskflow_api.py took 0.117 seconds
[2026-07-18T21:27:06.690+0000] {processor.py:186} INFO - Started process (PID=277) to work on /home/airflow/.local/lib/python3.12/site-packages/airflow/example_dags/tutorial_taskflow_api.py
[2026-07-18T21:27:06.693+0000] {processor.py:914} INFO - Processing file /home/airflow/.local/lib/python3.12/site-packages/airflow/example_dags/tutorial_taskflow_api.py for tasks to queue
[2026-07-18T21:27:06.700+0000] {logging_mixin.py:190} INFO - [2026-07-18T21:27:06.699+0000] {dagbag.py:588} INFO - Filling up the DagBag from /home/airflow/.local/lib/python3.12/site-packages/airflow/example_dags/tutorial_taskflow_api.py
[2026-07-18T21:27:06.716+0000] {processor.py:925} INFO - DAG(s) 'tutorial_taskflow_api' retrieved from /home/airflow/.local/lib/python3.12/site-packages/airflow/example_dags/tutorial_taskflow_api.py
[2026-07-18T21:27:06.747+0000] {logging_mixin.py:190} INFO - [2026-07-18T21:27:06.746+0000] {dag.py:3239} INFO - Sync 1 DAGs
[2026-07-18T21:27:06.772+0000] {logging_mixin.py:190} INFO - [2026-07-18T21:27:06.771+0000] {dag.py:4180} INFO - Setting next_dagrun for tutorial_taskflow_api to None, run_after=None
[2026-07-18T21:27:06.798+0000] {processor.py:208} INFO - Processing /home/airflow/.local/lib/python3.12/site-packages/airflow/example_dags/tutorial_taskflow_api.py took 0.119 seconds
[2026-07-18T21:27:38.536+0000] {processor.py:186} INFO - Started process (PID=340) to work on /home/airflow/.local/lib/python3.12/site-packages/airflow/example_dags/tutorial_taskflow_api.py
[2026-07-18T21:27:38.539+0000] {processor.py:914} INFO - Processing file /home/airflow/.local/lib/python3.12/site-packages/airflow/example_dags/tutorial_taskflow_api.py for tasks to queue
[2026-07-18T21:27:38.545+0000] {logging_mixin.py:190} INFO - [2026-07-18T21:27:38.544+0000] {dagbag.py:588} INFO - Filling up the DagBag from /home/airflow/.local/lib/python3.12/site-packages/airflow/example_dags/tutorial_taskflow_api.py
[2026-07-18T21:27:38.560+0000] {processor.py:925} INFO - DAG(s) 'tutorial_taskflow_api' retrieved from /home/airflow/.local/lib/python3.12/site-packages/airflow/example_dags/tutorial_taskflow_api.py
[2026-07-18T21:27:38.593+0000] {logging_mixin.py:190} INFO - [2026-07-18T21:27:38.593+0000] {dag.py:3239} INFO - Sync 1 DAGs
[2026-07-18T21:27:38.615+0000] {logging_mixin.py:190} INFO - [2026-07-18T21:27:38.614+0000] {dag.py:4180} INFO - Setting next_dagrun for tutorial_taskflow_api to None, run_after=None
[2026-07-18T21:27:38.651+0000] {processor.py:208} INFO - Processing /home/airflow/.local/lib/python3.12/site-packages/airflow/example_dags/tutorial_taskflow_api.py took 0.126 seconds
[2026-07-18T21:28:10.030+0000] {processor.py:186} INFO - Started process (PID=403) to work on /home/airflow/.local/lib/python3.12/site-packages/airflow/example_dags/tutorial_taskflow_api.py
[2026-07-18T21:28:10.033+0000] {processor.py:914} INFO - Processing file /home/airflow/.local/lib/python3.12/site-packages/airflow/example_dags/tutorial_taskflow_api.py for tasks to queue
[2026-07-18T21:28:10.037+0000] {logging_mixin.py:190} INFO - [2026-07-18T21:28:10.037+0000] {dagbag.py:588} INFO - Filling up the DagBag from /home/airflow/.local/lib/python3.12/site-packages/airflow/example_dags/tutorial_taskflow_api.py
[2026-07-18T21:28:10.052+0000] {processor.py:925} INFO - DAG(s) 'tutorial_taskflow_api' retrieved from /home/airflow/.local/lib/python3.12/site-packages/airflow/example_dags/tutorial_taskflow_api.py
[2026-07-18T21:28:10.085+0000] {logging_mixin.py:190} INFO - [2026-07-18T21:28:10.084+0000] {dag.py:3239} INFO - Sync 1 DAGs
[2026-07-18T21:28:10.113+0000] {logging_mixin.py:190} INFO - [2026-07-18T21:28:10.113+0000] {dag.py:4180} INFO - Setting next_dagrun for tutorial_taskflow_api to None, run_after=None
[2026-07-18T21:28:10.151+0000] {processor.py:208} INFO - Processing /home/airflow/.local/lib/python3.12/site-packages/airflow/example_dags/tutorial_taskflow_api.py took 0.131 seconds
[2026-07-18T21:28:41.986+0000] {processor.py:186} INFO - Started process (PID=466) to work on /home/airflow/.local/lib/python3.12/site-packages/airflow/example_dags/tutorial_taskflow_api.py
[2026-07-18T21:28:41.989+0000] {processor.py:914} INFO - Processing file /home/airflow/.local/lib/python3.12/site-packages/airflow/example_dags/tutorial_taskflow_api.py for tasks to queue
[2026-07-18T21:28:41.996+0000] {logging_mixin.py:190} INFO - [2026-07-18T21:28:41.995+0000] {dagbag.py:588} INFO - Filling up the DagBag from /home/airflow/.local/lib/python3.12/site-packages/airflow/example_dags/tutorial_taskflow_api.py
[2026-07-18T21:28:42.014+0000] {processor.py:925} INFO - DAG(s) 'tutorial_taskflow_api' retrieved from /home/airflow/.local/lib/python3.12/site-packages/airflow/example_dags/tutorial_taskflow_api.py
[2026-07-18T21:28:42.048+0000] {logging_mixin.py:190} INFO - [2026-07-18T21:28:42.046+0000] {dag.py:3239} INFO - Sync 1 DAGs
[2026-07-18T21:28:42.073+0000] {logging_mixin.py:190} INFO - [2026-07-18T21:28:42.072+0000] {dag.py:4180} INFO - Setting next_dagrun for tutorial_taskflow_api to None, run_after=None
[2026-07-18T21:28:42.153+0000] {processor.py:208} INFO - Processing /home/airflow/.local/lib/python3.12/site-packages/airflow/example_dags/tutorial_taskflow_api.py took 0.184 seconds
[2026-07-18T21:29:13.419+0000] {processor.py:186} INFO - Started process (PID=529) to work on /home/airflow/.local/lib/python3.12/site-packages/airflow/example_dags/tutorial_taskflow_api.py
[2026-07-18T21:29:13.421+0000] {processor.py:914} INFO - Processing file /home/airflow/.local/lib/python3.12/site-packages/airflow/example_dags/tutorial_taskflow_api.py for tasks to queue
[2026-07-18T21:29:13.428+0000] {logging_mixin.py:190} INFO - [2026-07-18T21:29:13.427+0000] {dagbag.py:588} INFO - Filling up the DagBag from /home/airflow/.local/lib/python3.12/site-packages/airflow/example_dags/tutorial_taskflow_api.py
[2026-07-18T21:29:13.447+0000] {processor.py:925} INFO - DAG(s) 'tutorial_taskflow_api' retrieved from /home/airflow/.local/lib/python3.12/site-packages/airflow/example_dags/tutorial_taskflow_api.py
[2026-07-18T21:29:13.481+0000] {logging_mixin.py:190} INFO - [2026-07-18T21:29:13.481+0000] {dag.py:3239} INFO - Sync 1 DAGs
[2026-07-18T21:29:13.503+0000] {logging_mixin.py:190} INFO - [2026-07-18T21:29:13.503+0000] {dag.py:4180} INFO - Setting next_dagrun for tutorial_taskflow_api to None, run_after=None
[2026-07-18T21:29:13.532+0000] {processor.py:208} INFO - Processing /home/airflow/.local/lib/python3.12/site-packages/airflow/example_dags/tutorial_taskflow_api.py took 0.126 seconds
[2026-07-18T21:29:45.191+0000] {processor.py:186} INFO - Started process (PID=593) to work on /home/airflow/.local/lib/python3.12/site-packages/airflow/example_dags/tutorial_taskflow_api.py
[2026-07-18T21:29:45.194+0000] {processor.py:914} INFO - Processing file /home/airflow/.local/lib/python3.12/site-packages/airflow/example_dags/tutorial_taskflow_api.py for tasks to queue
[2026-07-18T21:29:45.202+0000] {logging_mixin.py:190} INFO - [2026-07-18T21:29:45.202+0000] {dagbag.py:588} INFO - Filling up the DagBag from /home/airflow/.local/lib/python3.12/site-packages/airflow/example_dags/tutorial_taskflow_api.py
[2026-07-18T21:29:45.229+0000] {processor.py:925} INFO - DAG(s) 'tutorial_taskflow_api' retrieved from /home/airflow/.local/lib/python3.12/site-packages/airflow/example_dags/tutorial_taskflow_api.py
[2026-07-18T21:29:45.273+0000] {logging_mixin.py:190} INFO - [2026-07-18T21:29:45.272+0000] {dag.py:3239} INFO - Sync 1 DAGs
[2026-07-18T21:29:45.301+0000] {logging_mixin.py:190} INFO - [2026-07-18T21:29:45.300+0000] {dag.py:4180} INFO - Setting next_dagrun for tutorial_taskflow_api to None, run_after=None
[2026-07-18T21:29:45.359+0000] {processor.py:208} INFO - Processing /home/airflow/.local/lib/python3.12/site-packages/airflow/example_dags/tutorial_taskflow_api.py took 0.187 seconds
[2026-07-18T21:30:16.946+0000] {processor.py:186} INFO - Started process (PID=656) to work on /home/airflow/.local/lib/python3.12/site-packages/airflow/example_dags/tutorial_taskflow_api.py
[2026-07-18T21:30:16.948+0000] {processor.py:914} INFO - Processing file /home/airflow/.local/lib/python3.12/site-packages/airflow/example_dags/tutorial_taskflow_api.py for tasks to queue
[2026-07-18T21:30:16.954+0000] {logging_mixin.py:190} INFO - [2026-07-18T21:30:16.954+0000] {dagbag.py:588} INFO - Filling up the DagBag from /home/airflow/.local/lib/python3.12/site-packages/airflow/example_dags/tutorial_taskflow_api.py
[2026-07-18T21:30:16.973+0000] {processor.py:925} INFO - DAG(s) 'tutorial_taskflow_api' retrieved from /home/airflow/.local/lib/python3.12/site-packages/airflow/example_dags/tutorial_taskflow_api.py
[2026-07-18T21:30:17.006+0000] {logging_mixin.py:190} INFO - [2026-07-18T21:30:17.006+0000] {dag.py:3239} INFO - Sync 1 DAGs
[2026-07-18T21:30:17.027+0000] {logging_mixin.py:190} INFO - [2026-07-18T21:30:17.027+0000] {dag.py:4180} INFO - Setting next_dagrun for tutorial_taskflow_api to None, run_after=None
[2026-07-18T21:30:17.099+0000] {processor.py:208} INFO - Processing /home/airflow/.local/lib/python3.12/site-packages/airflow/example_dags/tutorial_taskflow_api.py took 0.165 seconds
[2026-07-18T21:30:48.712+0000] {processor.py:186} INFO - Started process (PID=719) to work on /home/airflow/.local/lib/python3.12/site-packages/airflow/example_dags/tutorial_taskflow_api.py
[2026-07-18T21:30:48.715+0000] {processor.py:914} INFO - Processing file /home/airflow/.local/lib/python3.12/site-packages/airflow/example_dags/tutorial_taskflow_api.py for tasks to queue
[2026-07-18T21:30:48.723+0000] {logging_mixin.py:190} INFO - [2026-07-18T21:30:48.722+0000] {dagbag.py:588} INFO - Filling up the DagBag from /home/airflow/.local/lib/python3.12/site-packages/airflow/example_dags/tutorial_taskflow_api.py
[2026-07-18T21:30:48.743+0000] {processor.py:925} INFO - DAG(s) 'tutorial_taskflow_api' retrieved from /home/airflow/.local/lib/python3.12/site-packages/airflow/example_dags/tutorial_taskflow_api.py
[2026-07-18T21:30:48.780+0000] {logging_mixin.py:190} INFO - [2026-07-18T21:30:48.780+0000] {dag.py:3239} INFO - Sync 1 DAGs
[2026-07-18T21:30:48.801+0000] {logging_mixin.py:190} INFO - [2026-07-18T21:30:48.801+0000] {dag.py:4180} INFO - Setting next_dagrun for tutorial_taskflow_api to None, run_after=None
[2026-07-18T21:30:48.827+0000] {processor.py:208} INFO - Processing /home/airflow/.local/lib/python3.12/site-packages/airflow/example_dags/tutorial_taskflow_api.py took 0.130 seconds
[2026-07-18T21:31:20.012+0000] {processor.py:186} INFO - Started process (PID=783) to work on /home/airflow/.local/lib/python3.12/site-packages/airflow/example_dags/tutorial_taskflow_api.py
[2026-07-18T21:31:20.014+0000] {processor.py:914} INFO - Processing file /home/airflow/.local/lib/python3.12/site-packages/airflow/example_dags/tutorial_taskflow_api.py for tasks to queue
[2026-07-18T21:31:20.020+0000] {logging_mixin.py:190} INFO - [2026-07-18T21:31:20.020+0000] {dagbag.py:588} INFO - Filling up the DagBag from /home/airflow/.local/lib/python3.12/site-packages/airflow/example_dags/tutorial_taskflow_api.py
[2026-07-18T21:31:20.037+0000] {processor.py:925} INFO - DAG(s) 'tutorial_taskflow_api' retrieved from /home/airflow/.local/lib/python3.12/site-packages/airflow/example_dags/tutorial_taskflow_api.py
[2026-07-18T21:31:20.068+0000] {logging_mixin.py:190} INFO - [2026-07-18T21:31:20.067+0000] {dag.py:3239} INFO - Sync 1 DAGs
[2026-07-18T21:31:20.090+0000] {logging_mixin.py:190} INFO - [2026-07-18T21:31:20.090+0000] {dag.py:4180} INFO - Setting next_dagrun for tutorial_taskflow_api to None, run_after=None
[2026-07-18T21:31:20.185+0000] {processor.py:208} INFO - Processing /home/airflow/.local/lib/python3.12/site-packages/airflow/example_dags/tutorial_taskflow_api.py took 0.184 seconds
[2026-07-18T21:31:51.906+0000] {processor.py:186} INFO - Started process (PID=847) to work on /home/airflow/.local/lib/python3.12/site-packages/airflow/example_dags/tutorial_taskflow_api.py
[2026-07-18T21:31:51.913+0000] {processor.py:914} INFO - Processing file /home/airflow/.local/lib/python3.12/site-packages/airflow/example_dags/tutorial_taskflow_api.py for tasks to queue
[2026-07-18T21:31:51.927+0000] {logging_mixin.py:190} INFO - [2026-07-18T21:31:51.926+0000] {dagbag.py:588} INFO - Filling up the DagBag from /home/airflow/.local/lib/python3.12/site-packages/airflow/example_dags/tutorial_taskflow_api.py
[2026-07-18T21:31:51.985+0000] {processor.py:925} INFO - DAG(s) 'tutorial_taskflow_api' retrieved from /home/airflow/.local/lib/python3.12/site-packages/airflow/example_dags/tutorial_taskflow_api.py
[2026-07-18T21:31:52.081+0000] {logging_mixin.py:190} INFO - [2026-07-18T21:31:52.081+0000] {dag.py:3239} INFO - Sync 1 DAGs
[2026-07-18T21:31:52.130+0000] {logging_mixin.py:190} INFO - [2026-07-18T21:31:52.129+0000] {dag.py:4180} INFO - Setting next_dagrun for tutorial_taskflow_api to None, run_after=None
[2026-07-18T21:31:52.200+0000] {processor.py:208} INFO - Processing /home/airflow/.local/lib/python3.12/site-packages/airflow/example_dags/tutorial_taskflow_api.py took 0.326 seconds
[2026-07-18T21:32:23.460+0000] {processor.py:186} INFO - Started process (PID=911) to work on /home/airflow/.local/lib/python3.12/site-packages/airflow/example_dags/tutorial_taskflow_api.py
[2026-07-18T21:32:23.462+0000] {processor.py:914} INFO - Processing file /home/airflow/.local/lib/python3.12/site-packages/airflow/example_dags/tutorial_taskflow_api.py for tasks to queue
[2026-07-18T21:32:23.468+0000] {logging_mixin.py:190} INFO - [2026-07-18T21:32:23.467+0000] {dagbag.py:588} INFO - Filling up the DagBag from /home/airflow/.local/lib/python3.12/site-packages/airflow/example_dags/tutorial_taskflow_api.py
[2026-07-18T21:32:23.484+0000] {processor.py:925} INFO - DAG(s) 'tutorial_taskflow_api' retrieved from /home/airflow/.local/lib/python3.12/site-packages/airflow/example_dags/tutorial_taskflow_api.py
[2026-07-18T21:32:23.510+0000] {logging_mixin.py:190} INFO - [2026-07-18T21:32:23.510+0000] {dag.py:3239} INFO - Sync 1 DAGs
[2026-07-18T21:32:23.526+0000] {logging_mixin.py:190} INFO - [2026-07-18T21:32:23.525+0000] {dag.py:4180} INFO - Setting next_dagrun for tutorial_taskflow_api to None, run_after=None
[2026-07-18T21:32:23.554+0000] {processor.py:208} INFO - Processing /home/airflow/.local/lib/python3.12/site-packages/airflow/example_dags/tutorial_taskflow_api.py took 0.104 seconds
[2026-07-18T21:32:55.030+0000] {processor.py:186} INFO - Started process (PID=982) to work on /home/airflow/.local/lib/python3.12/site-packages/airflow/example_dags/tutorial_taskflow_api.py
[2026-07-18T21:32:55.033+0000] {processor.py:914} INFO - Processing file /home/airflow/.local/lib/python3.12/site-packages/airflow/example_dags/tutorial_taskflow_api.py for tasks to queue
[2026-07-18T21:32:55.038+0000] {logging_mixin.py:190} INFO - [2026-07-18T21:32:55.037+0000] {dagbag.py:588} INFO - Filling up the DagBag from /home/airflow/.local/lib/python3.12/site-packages/airflow/example_dags/tutorial_taskflow_api.py
[2026-07-18T21:32:55.052+0000] {processor.py:925} INFO - DAG(s) 'tutorial_taskflow_api' retrieved from /home/airflow/.local/lib/python3.12/site-packages/airflow/example_dags/tutorial_taskflow_api.py
[2026-07-18T21:32:55.083+0000] {logging_mixin.py:190} INFO - [2026-07-18T21:32:55.083+0000] {dag.py:3239} INFO - Sync 1 DAGs
[2026-07-18T21:32:55.104+0000] {logging_mixin.py:190} INFO - [2026-07-18T21:32:55.104+0000] {dag.py:4180} INFO - Setting next_dagrun for tutorial_taskflow_api to None, run_after=None
[2026-07-18T21:32:55.133+0000] {processor.py:208} INFO - Processing /home/airflow/.local/lib/python3.12/site-packages/airflow/example_dags/tutorial_taskflow_api.py took 0.111 seconds
[2026-07-18T21:33:26.685+0000] {processor.py:186} INFO - Started process (PID=1047) to work on /home/airflow/.local/lib/python3.12/site-packages/airflow/example_dags/tutorial_taskflow_api.py
[2026-07-18T21:33:26.691+0000] {processor.py:914} INFO - Processing file /home/airflow/.local/lib/python3.12/site-packages/airflow/example_dags/tutorial_taskflow_api.py for tasks to queue
[2026-07-18T21:33:26.697+0000] {logging_mixin.py:190} INFO - [2026-07-18T21:33:26.696+0000] {dagbag.py:588} INFO - Filling up the DagBag from /home/airflow/.local/lib/python3.12/site-packages/airflow/example_dags/tutorial_taskflow_api.py
[2026-07-18T21:33:26.723+0000] {processor.py:925} INFO - DAG(s) 'tutorial_taskflow_api' retrieved from /home/airflow/.local/lib/python3.12/site-packages/airflow/example_dags/tutorial_taskflow_api.py
[2026-07-18T21:33:26.778+0000] {logging_mixin.py:190} INFO - [2026-07-18T21:33:26.777+0000] {dag.py:3239} INFO - Sync 1 DAGs
[2026-07-18T21:33:26.804+0000] {logging_mixin.py:190} INFO - [2026-07-18T21:33:26.804+0000] {dag.py:4180} INFO - Setting next_dagrun for tutorial_taskflow_api to None, run_after=None
[2026-07-18T21:33:26.834+0000] {processor.py:208} INFO - Processing /home/airflow/.local/lib/python3.12/site-packages/airflow/example_dags/tutorial_taskflow_api.py took 0.165 seconds
[2026-07-18T21:33:58.319+0000] {processor.py:186} INFO - Started process (PID=1111) to work on /home/airflow/.local/lib/python3.12/site-packages/airflow/example_dags/tutorial_taskflow_api.py
[2026-07-18T21:33:58.322+0000] {processor.py:914} INFO - Processing file /home/airflow/.local/lib/python3.12/site-packages/airflow/example_dags/tutorial_taskflow_api.py for tasks to queue
[2026-07-18T21:33:58.327+0000] {logging_mixin.py:190} INFO - [2026-07-18T21:33:58.326+0000] {dagbag.py:588} INFO - Filling up the DagBag from /home/airflow/.local/lib/python3.12/site-packages/airflow/example_dags/tutorial_taskflow_api.py
[2026-07-18T21:33:58.341+0000] {processor.py:925} INFO - DAG(s) 'tutorial_taskflow_api' retrieved from /home/airflow/.local/lib/python3.12/site-packages/airflow/example_dags/tutorial_taskflow_api.py
[2026-07-18T21:33:58.371+0000] {logging_mixin.py:190} INFO - [2026-07-18T21:33:58.370+0000] {dag.py:3239} INFO - Sync 1 DAGs
[2026-07-18T21:33:58.395+0000] {logging_mixin.py:190} INFO - [2026-07-18T21:33:58.394+0000] {dag.py:4180} INFO - Setting next_dagrun for tutorial_taskflow_api to None, run_after=None
[2026-07-18T21:33:58.427+0000] {processor.py:208} INFO - Processing /home/airflow/.local/lib/python3.12/site-packages/airflow/example_dags/tutorial_taskflow_api.py took 0.116 seconds
[2026-07-18T21:34:30.096+0000] {processor.py:186} INFO - Started process (PID=1175) to work on /home/airflow/.local/lib/python3.12/site-packages/airflow/example_dags/tutorial_taskflow_api.py
[2026-07-18T21:34:30.100+0000] {processor.py:914} INFO - Processing file /home/airflow/.local/lib/python3.12/site-packages/airflow/example_dags/tutorial_taskflow_api.py for tasks to queue
[2026-07-18T21:34:30.106+0000] {logging_mixin.py:190} INFO - [2026-07-18T21:34:30.106+0000] {dagbag.py:588} INFO - Filling up the DagBag from /home/airflow/.local/lib/python3.12/site-packages/airflow/example_dags/tutorial_taskflow_api.py
[2026-07-18T21:34:30.128+0000] {processor.py:925} INFO - DAG(s) 'tutorial_taskflow_api' retrieved from /home/airflow/.local/lib/python3.12/site-packages/airflow/example_dags/tutorial_taskflow_api.py
[2026-07-18T21:34:30.174+0000] {logging_mixin.py:190} INFO - [2026-07-18T21:34:30.174+0000] {dag.py:3239} INFO - Sync 1 DAGs
[2026-07-18T21:34:30.196+0000] {logging_mixin.py:190} INFO - [2026-07-18T21:34:30.195+0000] {dag.py:4180} INFO - Setting next_dagrun for tutorial_taskflow_api to None, run_after=None
[2026-07-18T21:34:30.252+0000] {processor.py:208} INFO - Processing /home/airflow/.local/lib/python3.12/site-packages/airflow/example_dags/tutorial_taskflow_api.py took 0.167 seconds
[2026-07-18T21:35:01.925+0000] {processor.py:186} INFO - Started process (PID=1239) to work on /home/airflow/.local/lib/python3.12/site-packages/airflow/example_dags/tutorial_taskflow_api.py
[2026-07-18T21:35:01.929+0000] {processor.py:914} INFO - Processing file /home/airflow/.local/lib/python3.12/site-packages/airflow/example_dags/tutorial_taskflow_api.py for tasks to queue
[2026-07-18T21:35:01.935+0000] {logging_mixin.py:190} INFO - [2026-07-18T21:35:01.935+0000] {dagbag.py:588} INFO - Filling up the DagBag from /home/airflow/.local/lib/python3.12/site-packages/airflow/example_dags/tutorial_taskflow_api.py
[2026-07-18T21:35:01.954+0000] {processor.py:925} INFO - DAG(s) 'tutorial_taskflow_api' retrieved from /home/airflow/.local/lib/python3.12/site-packages/airflow/example_dags/tutorial_taskflow_api.py
[2026-07-18T21:35:01.990+0000] {logging_mixin.py:190} INFO - [2026-07-18T21:35:01.988+0000] {dag.py:3239} INFO - Sync 1 DAGs
[2026-07-18T21:35:02.016+0000] {logging_mixin.py:190} INFO - [2026-07-18T21:35:02.016+0000] {dag.py:4180} INFO - Setting next_dagrun for tutorial_taskflow_api to None, run_after=None
[2026-07-18T21:35:02.048+0000] {processor.py:208} INFO - Processing /home/airflow/.local/lib/python3.12/site-packages/airflow/example_dags/tutorial_taskflow_api.py took 0.138 seconds
[2026-07-18T21:35:32.757+0000] {processor.py:186} INFO - Started process (PID=1303) to work on /home/airflow/.local/lib/python3.12/site-packages/airflow/example_dags/tutorial_taskflow_api.py
[2026-07-18T21:35:32.760+0000] {processor.py:914} INFO - Processing file /home/airflow/.local/lib/python3.12/site-packages/airflow/example_dags/tutorial_taskflow_api.py for tasks to queue
[2026-07-18T21:35:32.768+0000] {logging_mixin.py:190} INFO - [2026-07-18T21:35:32.767+0000] {dagbag.py:588} INFO - Filling up the DagBag from /home/airflow/.local/lib/python3.12/site-packages/airflow/example_dags/tutorial_taskflow_api.py
[2026-07-18T21:35:32.792+0000] {processor.py:925} INFO - DAG(s) 'tutorial_taskflow_api' retrieved from /home/airflow/.local/lib/python3.12/site-packages/airflow/example_dags/tutorial_taskflow_api.py
[2026-07-18T21:35:32.844+0000] {logging_mixin.py:190} INFO - [2026-07-18T21:35:32.844+0000] {dag.py:3239} INFO - Sync 1 DAGs
[2026-07-18T21:35:32.878+0000] {logging_mixin.py:190} INFO - [2026-07-18T21:35:32.878+0000] {dag.py:4180} INFO - Setting next_dagrun for tutorial_taskflow_api to None, run_after=None
[2026-07-18T21:35:32.971+0000] {processor.py:208} INFO - Processing /home/airflow/.local/lib/python3.12/site-packages/airflow/example_dags/tutorial_taskflow_api.py took 0.231 seconds
[2026-07-18T21:36:03.693+0000] {processor.py:186} INFO - Started process (PID=1366) to work on /home/airflow/.local/lib/python3.12/site-packages/airflow/example_dags/tutorial_taskflow_api.py
[2026-07-18T21:36:03.696+0000] {processor.py:914} INFO - Processing file /home/airflow/.local/lib/python3.12/site-packages/airflow/example_dags/tutorial_taskflow_api.py for tasks to queue
[2026-07-18T21:36:03.703+0000] {logging_mixin.py:190} INFO - [2026-07-18T21:36:03.703+0000] {dagbag.py:588} INFO - Filling up the DagBag from /home/airflow/.local/lib/python3.12/site-packages/airflow/example_dags/tutorial_taskflow_api.py
[2026-07-18T21:36:03.718+0000] {processor.py:925} INFO - DAG(s) 'tutorial_taskflow_api' retrieved from /home/airflow/.local/lib/python3.12/site-packages/airflow/example_dags/tutorial_taskflow_api.py
[2026-07-18T21:36:03.752+0000] {logging_mixin.py:190} INFO - [2026-07-18T21:36:03.751+0000] {dag.py:3239} INFO - Sync 1 DAGs
[2026-07-18T21:36:03.779+0000] {logging_mixin.py:190} INFO - [2026-07-18T21:36:03.779+0000] {dag.py:4180} INFO - Setting next_dagrun for tutorial_taskflow_api to None, run_after=None
[2026-07-18T21:36:03.852+0000] {processor.py:208} INFO - Processing /home/airflow/.local/lib/python3.12/site-packages/airflow/example_dags/tutorial_taskflow_api.py took 0.173 seconds
[2026-07-18T21:36:34.803+0000] {processor.py:186} INFO - Started process (PID=1431) to work on /home/airflow/.local/lib/python3.12/site-packages/airflow/example_dags/tutorial_taskflow_api.py
[2026-07-18T21:36:34.805+0000] {processor.py:914} INFO - Processing file /home/airflow/.local/lib/python3.12/site-packages/airflow/example_dags/tutorial_taskflow_api.py for tasks to queue
[2026-07-18T21:36:34.811+0000] {logging_mixin.py:190} INFO - [2026-07-18T21:36:34.810+0000] {dagbag.py:588} INFO - Filling up the DagBag from /home/airflow/.local/lib/python3.12/site-packages/airflow/example_dags/tutorial_taskflow_api.py
[2026-07-18T21:36:34.823+0000] {processor.py:925} INFO - DAG(s) 'tutorial_taskflow_api' retrieved from /home/airflow/.local/lib/python3.12/site-packages/airflow/example_dags/tutorial_taskflow_api.py
[2026-07-18T21:36:34.853+0000] {logging_mixin.py:190} INFO - [2026-07-18T21:36:34.852+0000] {dag.py:3239} INFO - Sync 1 DAGs
[2026-07-18T21:36:34.872+0000] {logging_mixin.py:190} INFO - [2026-07-18T21:36:34.872+0000] {dag.py:4180} INFO - Setting next_dagrun for tutorial_taskflow_api to None, run_after=None
[2026-07-18T21:36:34.950+0000] {processor.py:208} INFO - Processing /home/airflow/.local/lib/python3.12/site-packages/airflow/example_dags/tutorial_taskflow_api.py took 0.155 seconds
[2026-07-18T21:37:05.910+0000] {processor.py:186} INFO - Started process (PID=1494) to work on /home/airflow/.local/lib/python3.12/site-packages/airflow/example_dags/tutorial_taskflow_api.py
[2026-07-18T21:37:05.915+0000] {processor.py:914} INFO - Processing file /home/airflow/.local/lib/python3.12/site-packages/airflow/example_dags/tutorial_taskflow_api.py for tasks to queue
[2026-07-18T21:37:05.925+0000] {logging_mixin.py:190} INFO - [2026-07-18T21:37:05.924+0000] {dagbag.py:588} INFO - Filling up the DagBag from /home/airflow/.local/lib/python3.12/site-packages/airflow/example_dags/tutorial_taskflow_api.py
[2026-07-18T21:37:05.957+0000] {processor.py:925} INFO - DAG(s) 'tutorial_taskflow_api' retrieved from /home/airflow/.local/lib/python3.12/site-packages/airflow/example_dags/tutorial_taskflow_api.py
[2026-07-18T21:37:05.994+0000] {logging_mixin.py:190} INFO - [2026-07-18T21:37:05.994+0000] {dag.py:3239} INFO - Sync 1 DAGs
[2026-07-18T21:37:06.023+0000] {logging_mixin.py:190} INFO - [2026-07-18T21:37:06.023+0000] {dag.py:4180} INFO - Setting next_dagrun for tutorial_taskflow_api to None, run_after=None
[2026-07-18T21:37:06.072+0000] {processor.py:208} INFO - Processing /home/airflow/.local/lib/python3.12/site-packages/airflow/example_dags/tutorial_taskflow_api.py took 0.182 seconds
[2026-07-18T21:37:37.992+0000] {processor.py:186} INFO - Started process (PID=1558) to work on /home/airflow/.local/lib/python3.12/site-packages/airflow/example_dags/tutorial_taskflow_api.py
[2026-07-18T21:37:37.994+0000] {processor.py:914} INFO - Processing file /home/airflow/.local/lib/python3.12/site-packages/airflow/example_dags/tutorial_taskflow_api.py for tasks to queue
[2026-07-18T21:37:37.999+0000] {logging_mixin.py:190} INFO - [2026-07-18T21:37:37.998+0000] {dagbag.py:588} INFO - Filling up the DagBag from /home/airflow/.local/lib/python3.12/site-packages/airflow/example_dags/tutorial_taskflow_api.py
[2026-07-18T21:37:38.014+0000] {processor.py:925} INFO - DAG(s) 'tutorial_taskflow_api' retrieved from /home/airflow/.local/lib/python3.12/site-packages/airflow/example_dags/tutorial_taskflow_api.py
[2026-07-18T21:37:38.040+0000] {logging_mixin.py:190} INFO - [2026-07-18T21:37:38.040+0000] {dag.py:3239} INFO - Sync 1 DAGs
[2026-07-18T21:37:38.059+0000] {logging_mixin.py:190} INFO - [2026-07-18T21:37:38.059+0000] {dag.py:4180} INFO - Setting next_dagrun for tutorial_taskflow_api to None, run_after=None
[2026-07-18T21:37:38.081+0000] {processor.py:208} INFO - Processing /home/airflow/.local/lib/python3.12/site-packages/airflow/example_dags/tutorial_taskflow_api.py took 0.098 seconds
[2026-07-18T21:38:10.658+0000] {processor.py:186} INFO - Started process (PID=1622) to work on /home/airflow/.local/lib/python3.12/site-packages/airflow/example_dags/tutorial_taskflow_api.py
[2026-07-18T21:38:10.661+0000] {processor.py:914} INFO - Processing file /home/airflow/.local/lib/python3.12/site-packages/airflow/example_dags/tutorial_taskflow_api.py for tasks to queue
[2026-07-18T21:38:10.669+0000] {logging_mixin.py:190} INFO - [2026-07-18T21:38:10.668+0000] {dagbag.py:588} INFO - Filling up the DagBag from /home/airflow/.local/lib/python3.12/site-packages/airflow/example_dags/tutorial_taskflow_api.py
[2026-07-18T21:38:10.690+0000] {processor.py:925} INFO - DAG(s) 'tutorial_taskflow_api' retrieved from /home/airflow/.local/lib/python3.12/site-packages/airflow/example_dags/tutorial_taskflow_api.py
[2026-07-18T21:38:10.736+0000] {logging_mixin.py:190} INFO - [2026-07-18T21:38:10.735+0000] {dag.py:3239} INFO - Sync 1 DAGs
[2026-07-18T21:38:10.772+0000] {logging_mixin.py:190} INFO - [2026-07-18T21:38:10.771+0000] {dag.py:4180} INFO - Setting next_dagrun for tutorial_taskflow_api to None, run_after=None
[2026-07-18T21:38:10.868+0000] {processor.py:208} INFO - Processing /home/airflow/.local/lib/python3.12/site-packages/airflow/example_dags/tutorial_taskflow_api.py took 0.223 seconds
[2026-07-18T21:38:41.370+0000] {processor.py:186} INFO - Started process (PID=1686) to work on /home/airflow/.local/lib/python3.12/site-packages/airflow/example_dags/tutorial_taskflow_api.py
[2026-07-18T21:38:41.373+0000] {processor.py:914} INFO - Processing file /home/airflow/.local/lib/python3.12/site-packages/airflow/example_dags/tutorial_taskflow_api.py for tasks to queue
[2026-07-18T21:38:41.379+0000] {logging_mixin.py:190} INFO - [2026-07-18T21:38:41.379+0000] {dagbag.py:588} INFO - Filling up the DagBag from /home/airflow/.local/lib/python3.12/site-packages/airflow/example_dags/tutorial_taskflow_api.py
[2026-07-18T21:38:41.394+0000] {processor.py:925} INFO - DAG(s) 'tutorial_taskflow_api' retrieved from /home/airflow/.local/lib/python3.12/site-packages/airflow/example_dags/tutorial_taskflow_api.py
[2026-07-18T21:38:41.423+0000] {logging_mixin.py:190} INFO - [2026-07-18T21:38:41.423+0000] {dag.py:3239} INFO - Sync 1 DAGs
[2026-07-18T21:38:41.445+0000] {logging_mixin.py:190} INFO - [2026-07-18T21:38:41.444+0000] {dag.py:4180} INFO - Setting next_dagrun for tutorial_taskflow_api to None, run_after=None
[2026-07-18T21:38:41.477+0000] {processor.py:208} INFO - Processing /home/airflow/.local/lib/python3.12/site-packages/airflow/example_dags/tutorial_taskflow_api.py took 0.116 seconds
[2026-07-18T21:39:12.427+0000] {processor.py:186} INFO - Started process (PID=1750) to work on /home/airflow/.local/lib/python3.12/site-packages/airflow/example_dags/tutorial_taskflow_api.py
[2026-07-18T21:39:12.431+0000] {processor.py:914} INFO - Processing file /home/airflow/.local/lib/python3.12/site-packages/airflow/example_dags/tutorial_taskflow_api.py for tasks to queue
[2026-07-18T21:39:12.439+0000] {logging_mixin.py:190} INFO - [2026-07-18T21:39:12.439+0000] {dagbag.py:588} INFO - Filling up the DagBag from /home/airflow/.local/lib/python3.12/site-packages/airflow/example_dags/tutorial_taskflow_api.py
[2026-07-18T21:39:12.462+0000] {processor.py:925} INFO - DAG(s) 'tutorial_taskflow_api' retrieved from /home/airflow/.local/lib/python3.12/site-packages/airflow/example_dags/tutorial_taskflow_api.py
[2026-07-18T21:39:12.513+0000] {logging_mixin.py:190} INFO - [2026-07-18T21:39:12.512+0000] {dag.py:3239} INFO - Sync 1 DAGs
[2026-07-18T21:39:12.541+0000] {logging_mixin.py:190} INFO - [2026-07-18T21:39:12.541+0000] {dag.py:4180} INFO - Setting next_dagrun for tutorial_taskflow_api to None, run_after=None
[2026-07-18T21:39:12.627+0000] {processor.py:208} INFO - Processing /home/airflow/.local/lib/python3.12/site-packages/airflow/example_dags/tutorial_taskflow_api.py took 0.215 seconds
[2026-07-18T21:39:49.626+0000] {processor.py:186} INFO - Started process (PID=1821) to work on /home/airflow/.local/lib/python3.12/site-packages/airflow/example_dags/tutorial_taskflow_api.py
[2026-07-18T21:39:49.629+0000] {processor.py:914} INFO - Processing file /home/airflow/.local/lib/python3.12/site-packages/airflow/example_dags/tutorial_taskflow_api.py for tasks to queue
[2026-07-18T21:39:49.633+0000] {logging_mixin.py:190} INFO - [2026-07-18T21:39:49.633+0000] {dagbag.py:588} INFO - Filling up the DagBag from /home/airflow/.local/lib/python3.12/site-packages/airflow/example_dags/tutorial_taskflow_api.py
[2026-07-18T21:39:49.650+0000] {processor.py:925} INFO - DAG(s) 'tutorial_taskflow_api' retrieved from /home/airflow/.local/lib/python3.12/site-packages/airflow/example_dags/tutorial_taskflow_api.py
[2026-07-18T21:39:49.679+0000] {logging_mixin.py:190} INFO - [2026-07-18T21:39:49.679+0000] {dag.py:3239} INFO - Sync 1 DAGs
[2026-07-18T21:39:49.705+0000] {logging_mixin.py:190} INFO - [2026-07-18T21:39:49.704+0000] {dag.py:4180} INFO - Setting next_dagrun for tutorial_taskflow_api to None, run_after=None
[2026-07-18T21:39:49.736+0000] {processor.py:208} INFO - Processing /home/airflow/.local/lib/python3.12/site-packages/airflow/example_dags/tutorial_taskflow_api.py took 0.123 seconds
[2026-07-18T21:40:20.950+0000] {processor.py:186} INFO - Started process (PID=1885) to work on /home/airflow/.local/lib/python3.12/site-packages/airflow/example_dags/tutorial_taskflow_api.py
[2026-07-18T21:40:20.953+0000] {processor.py:914} INFO - Processing file /home/airflow/.local/lib/python3.12/site-packages/airflow/example_dags/tutorial_taskflow_api.py for tasks to queue
[2026-07-18T21:40:20.960+0000] {logging_mixin.py:190} INFO - [2026-07-18T21:40:20.959+0000] {dagbag.py:588} INFO - Filling up the DagBag from /home/airflow/.local/lib/python3.12/site-packages/airflow/example_dags/tutorial_taskflow_api.py
[2026-07-18T21:40:20.981+0000] {processor.py:925} INFO - DAG(s) 'tutorial_taskflow_api' retrieved from /home/airflow/.local/lib/python3.12/site-packages/airflow/example_dags/tutorial_taskflow_api.py
[2026-07-18T21:40:21.020+0000] {logging_mixin.py:190} INFO - [2026-07-18T21:40:21.019+0000] {dag.py:3239} INFO - Sync 1 DAGs
[2026-07-18T21:40:21.039+0000] {logging_mixin.py:190} INFO - [2026-07-18T21:40:21.039+0000] {dag.py:4180} INFO - Setting next_dagrun for tutorial_taskflow_api to None, run_after=None
[2026-07-18T21:40:21.112+0000] {processor.py:208} INFO - Processing /home/airflow/.local/lib/python3.12/site-packages/airflow/example_dags/tutorial_taskflow_api.py took 0.184 seconds
[2026-07-18T21:40:51.556+0000] {processor.py:186} INFO - Started process (PID=1948) to work on /home/airflow/.local/lib/python3.12/site-packages/airflow/example_dags/tutorial_taskflow_api.py
[2026-07-18T21:40:51.558+0000] {processor.py:914} INFO - Processing file /home/airflow/.local/lib/python3.12/site-packages/airflow/example_dags/tutorial_taskflow_api.py for tasks to queue
[2026-07-18T21:40:51.563+0000] {logging_mixin.py:190} INFO - [2026-07-18T21:40:51.562+0000] {dagbag.py:588} INFO - Filling up the DagBag from /home/airflow/.local/lib/python3.12/site-packages/airflow/example_dags/tutorial_taskflow_api.py
[2026-07-18T21:40:51.575+0000] {processor.py:925} INFO - DAG(s) 'tutorial_taskflow_api' retrieved from /home/airflow/.local/lib/python3.12/site-packages/airflow/example_dags/tutorial_taskflow_api.py
[2026-07-18T21:40:51.601+0000] {logging_mixin.py:190} INFO - [2026-07-18T21:40:51.600+0000] {dag.py:3239} INFO - Sync 1 DAGs
[2026-07-18T21:40:51.618+0000] {logging_mixin.py:190} INFO - [2026-07-18T21:40:51.618+0000] {dag.py:4180} INFO - Setting next_dagrun for tutorial_taskflow_api to None, run_after=None
[2026-07-18T21:40:51.649+0000] {processor.py:208} INFO - Processing /home/airflow/.local/lib/python3.12/site-packages/airflow/example_dags/tutorial_taskflow_api.py took 0.099 seconds
[2026-07-18T21:41:22.155+0000] {processor.py:186} INFO - Started process (PID=2012) to work on /home/airflow/.local/lib/python3.12/site-packages/airflow/example_dags/tutorial_taskflow_api.py
[2026-07-18T21:41:22.157+0000] {processor.py:914} INFO - Processing file /home/airflow/.local/lib/python3.12/site-packages/airflow/example_dags/tutorial_taskflow_api.py for tasks to queue
[2026-07-18T21:41:22.162+0000] {logging_mixin.py:190} INFO - [2026-07-18T21:41:22.161+0000] {dagbag.py:588} INFO - Filling up the DagBag from /home/airflow/.local/lib/python3.12/site-packages/airflow/example_dags/tutorial_taskflow_api.py
[2026-07-18T21:41:22.172+0000] {processor.py:925} INFO - DAG(s) 'tutorial_taskflow_api' retrieved from /home/airflow/.local/lib/python3.12/site-packages/airflow/example_dags/tutorial_taskflow_api.py
[2026-07-18T21:41:22.197+0000] {logging_mixin.py:190} INFO - [2026-07-18T21:41:22.197+0000] {dag.py:3239} INFO - Sync 1 DAGs
[2026-07-18T21:41:22.215+0000] {logging_mixin.py:190} INFO - [2026-07-18T21:41:22.215+0000] {dag.py:4180} INFO - Setting next_dagrun for tutorial_taskflow_api to None, run_after=None
[2026-07-18T21:41:22.249+0000] {processor.py:208} INFO - Processing /home/airflow/.local/lib/python3.12/site-packages/airflow/example_dags/tutorial_taskflow_api.py took 0.101 seconds
[2026-07-18T21:41:52.663+0000] {processor.py:186} INFO - Started process (PID=2075) to work on /home/airflow/.local/lib/python3.12/site-packages/airflow/example_dags/tutorial_taskflow_api.py
[2026-07-18T21:41:52.665+0000] {processor.py:914} INFO - Processing file /home/airflow/.local/lib/python3.12/site-packages/airflow/example_dags/tutorial_taskflow_api.py for tasks to queue
[2026-07-18T21:41:52.670+0000] {logging_mixin.py:190} INFO - [2026-07-18T21:41:52.670+0000] {dagbag.py:588} INFO - Filling up the DagBag from /home/airflow/.local/lib/python3.12/site-packages/airflow/example_dags/tutorial_taskflow_api.py
[2026-07-18T21:41:52.684+0000] {processor.py:925} INFO - DAG(s) 'tutorial_taskflow_api' retrieved from /home/airflow/.local/lib/python3.12/site-packages/airflow/example_dags/tutorial_taskflow_api.py
[2026-07-18T21:41:52.712+0000] {logging_mixin.py:190} INFO - [2026-07-18T21:41:52.712+0000] {dag.py:3239} INFO - Sync 1 DAGs
[2026-07-18T21:41:52.734+0000] {logging_mixin.py:190} INFO - [2026-07-18T21:41:52.733+0000] {dag.py:4180} INFO - Setting next_dagrun for tutorial_taskflow_api to None, run_after=None
[2026-07-18T21:41:52.762+0000] {processor.py:208} INFO - Processing /home/airflow/.local/lib/python3.12/site-packages/airflow/example_dags/tutorial_taskflow_api.py took 0.109 seconds
[2026-07-18T21:42:23.379+0000] {processor.py:186} INFO - Started process (PID=2140) to work on /home/airflow/.local/lib/python3.12/site-packages/airflow/example_dags/tutorial_taskflow_api.py
[2026-07-18T21:42:23.381+0000] {processor.py:914} INFO - Processing file /home/airflow/.local/lib/python3.12/site-packages/airflow/example_dags/tutorial_taskflow_api.py for tasks to queue
[2026-07-18T21:42:23.386+0000] {logging_mixin.py:190} INFO - [2026-07-18T21:42:23.386+0000] {dagbag.py:588} INFO - Filling up the DagBag from /home/airflow/.local/lib/python3.12/site-packages/airflow/example_dags/tutorial_taskflow_api.py
[2026-07-18T21:42:23.403+0000] {processor.py:925} INFO - DAG(s) 'tutorial_taskflow_api' retrieved from /home/airflow/.local/lib/python3.12/site-packages/airflow/example_dags/tutorial_taskflow_api.py
[2026-07-18T21:42:23.432+0000] {logging_mixin.py:190} INFO - [2026-07-18T21:42:23.432+0000] {dag.py:3239} INFO - Sync 1 DAGs
[2026-07-18T21:42:23.455+0000] {logging_mixin.py:190} INFO - [2026-07-18T21:42:23.454+0000] {dag.py:4180} INFO - Setting next_dagrun for tutorial_taskflow_api to None, run_after=None
[2026-07-18T21:42:23.487+0000] {processor.py:208} INFO - Processing /home/airflow/.local/lib/python3.12/site-packages/airflow/example_dags/tutorial_taskflow_api.py took 0.118 seconds
[2026-07-18T21:42:53.894+0000] {processor.py:186} INFO - Started process (PID=2204) to work on /home/airflow/.local/lib/python3.12/site-packages/airflow/example_dags/tutorial_taskflow_api.py
[2026-07-18T21:42:53.897+0000] {processor.py:914} INFO - Processing file /home/airflow/.local/lib/python3.12/site-packages/airflow/example_dags/tutorial_taskflow_api.py for tasks to queue
[2026-07-18T21:42:53.903+0000] {logging_mixin.py:190} INFO - [2026-07-18T21:42:53.902+0000] {dagbag.py:588} INFO - Filling up the DagBag from /home/airflow/.local/lib/python3.12/site-packages/airflow/example_dags/tutorial_taskflow_api.py
[2026-07-18T21:42:53.929+0000] {processor.py:925} INFO - DAG(s) 'tutorial_taskflow_api' retrieved from /home/airflow/.local/lib/python3.12/site-packages/airflow/example_dags/tutorial_taskflow_api.py
[2026-07-18T21:42:53.967+0000] {logging_mixin.py:190} INFO - [2026-07-18T21:42:53.966+0000] {dag.py:3239} INFO - Sync 1 DAGs
[2026-07-18T21:42:53.986+0000] {logging_mixin.py:190} INFO - [2026-07-18T21:42:53.986+0000] {dag.py:4180} INFO - Setting next_dagrun for tutorial_taskflow_api to None, run_after=None
[2026-07-18T21:42:54.013+0000] {processor.py:208} INFO - Processing /home/airflow/.local/lib/python3.12/site-packages/airflow/example_dags/tutorial_taskflow_api.py took 0.133 seconds
[2026-07-18T21:43:28.638+0000] {processor.py:186} INFO - Started process (PID=2279) to work on /home/airflow/.local/lib/python3.12/site-packages/airflow/example_dags/tutorial_taskflow_api.py
[2026-07-18T21:43:28.641+0000] {processor.py:914} INFO - Processing file /home/airflow/.local/lib/python3.12/site-packages/airflow/example_dags/tutorial_taskflow_api.py for tasks to queue
[2026-07-18T21:43:28.648+0000] {logging_mixin.py:190} INFO - [2026-07-18T21:43:28.647+0000] {dagbag.py:588} INFO - Filling up the DagBag from /home/airflow/.local/lib/python3.12/site-packages/airflow/example_dags/tutorial_taskflow_api.py
[2026-07-18T21:43:28.665+0000] {processor.py:925} INFO - DAG(s) 'tutorial_taskflow_api' retrieved from /home/airflow/.local/lib/python3.12/site-packages/airflow/example_dags/tutorial_taskflow_api.py
[2026-07-18T21:43:28.701+0000] {logging_mixin.py:190} INFO - [2026-07-18T21:43:28.700+0000] {dag.py:3239} INFO - Sync 1 DAGs
[2026-07-18T21:43:28.725+0000] {logging_mixin.py:190} INFO - [2026-07-18T21:43:28.724+0000] {dag.py:4180} INFO - Setting next_dagrun for tutorial_taskflow_api to None, run_after=None
[2026-07-18T21:43:28.785+0000] {processor.py:208} INFO - Processing /home/airflow/.local/lib/python3.12/site-packages/airflow/example_dags/tutorial_taskflow_api.py took 0.156 seconds
[2026-07-18T21:43:59.388+0000] {processor.py:186} INFO - Started process (PID=2343) to work on /home/airflow/.local/lib/python3.12/site-packages/airflow/example_dags/tutorial_taskflow_api.py
[2026-07-18T21:43:59.391+0000] {processor.py:914} INFO - Processing file /home/airflow/.local/lib/python3.12/site-packages/airflow/example_dags/tutorial_taskflow_api.py for tasks to queue
[2026-07-18T21:43:59.396+0000] {logging_mixin.py:190} INFO - [2026-07-18T21:43:59.396+0000] {dagbag.py:588} INFO - Filling up the DagBag from /home/airflow/.local/lib/python3.12/site-packages/airflow/example_dags/tutorial_taskflow_api.py
[2026-07-18T21:43:59.415+0000] {processor.py:925} INFO - DAG(s) 'tutorial_taskflow_api' retrieved from /home/airflow/.local/lib/python3.12/site-packages/airflow/example_dags/tutorial_taskflow_api.py
[2026-07-18T21:43:59.448+0000] {logging_mixin.py:190} INFO - [2026-07-18T21:43:59.448+0000] {dag.py:3239} INFO - Sync 1 DAGs
[2026-07-18T21:43:59.477+0000] {logging_mixin.py:190} INFO - [2026-07-18T21:43:59.476+0000] {dag.py:4180} INFO - Setting next_dagrun for tutorial_taskflow_api to None, run_after=None
[2026-07-18T21:43:59.507+0000] {processor.py:208} INFO - Processing /home/airflow/.local/lib/python3.12/site-packages/airflow/example_dags/tutorial_taskflow_api.py took 0.132 seconds
[2026-07-18T21:44:30.417+0000] {processor.py:186} INFO - Started process (PID=2407) to work on /home/airflow/.local/lib/python3.12/site-packages/airflow/example_dags/tutorial_taskflow_api.py
[2026-07-18T21:44:30.419+0000] {processor.py:914} INFO - Processing file /home/airflow/.local/lib/python3.12/site-packages/airflow/example_dags/tutorial_taskflow_api.py for tasks to queue
[2026-07-18T21:44:30.425+0000] {logging_mixin.py:190} INFO - [2026-07-18T21:44:30.424+0000] {dagbag.py:588} INFO - Filling up the DagBag from /home/airflow/.local/lib/python3.12/site-packages/airflow/example_dags/tutorial_taskflow_api.py
[2026-07-18T21:44:30.438+0000] {processor.py:925} INFO - DAG(s) 'tutorial_taskflow_api' retrieved from /home/airflow/.local/lib/python3.12/site-packages/airflow/example_dags/tutorial_taskflow_api.py
[2026-07-18T21:44:30.468+0000] {logging_mixin.py:190} INFO - [2026-07-18T21:44:30.467+0000] {dag.py:3239} INFO - Sync 1 DAGs
[2026-07-18T21:44:30.488+0000] {logging_mixin.py:190} INFO - [2026-07-18T21:44:30.488+0000] {dag.py:4180} INFO - Setting next_dagrun for tutorial_taskflow_api to None, run_after=None
[2026-07-18T21:44:30.518+0000] {processor.py:208} INFO - Processing /home/airflow/.local/lib/python3.12/site-packages/airflow/example_dags/tutorial_taskflow_api.py took 0.109 seconds
[2026-07-18T21:45:01.952+0000] {processor.py:186} INFO - Started process (PID=2471) to work on /home/airflow/.local/lib/python3.12/site-packages/airflow/example_dags/tutorial_taskflow_api.py
[2026-07-18T21:45:01.956+0000] {processor.py:914} INFO - Processing file /home/airflow/.local/lib/python3.12/site-packages/airflow/example_dags/tutorial_taskflow_api.py for tasks to queue
[2026-07-18T21:45:01.965+0000] {logging_mixin.py:190} INFO - [2026-07-18T21:45:01.964+0000] {dagbag.py:588} INFO - Filling up the DagBag from /home/airflow/.local/lib/python3.12/site-packages/airflow/example_dags/tutorial_taskflow_api.py
[2026-07-18T21:45:01.984+0000] {processor.py:925} INFO - DAG(s) 'tutorial_taskflow_api' retrieved from /home/airflow/.local/lib/python3.12/site-packages/airflow/example_dags/tutorial_taskflow_api.py
[2026-07-18T21:45:02.021+0000] {logging_mixin.py:190} INFO - [2026-07-18T21:45:02.021+0000] {dag.py:3239} INFO - Sync 1 DAGs
[2026-07-18T21:45:02.051+0000] {logging_mixin.py:190} INFO - [2026-07-18T21:45:02.050+0000] {dag.py:4180} INFO - Setting next_dagrun for tutorial_taskflow_api to None, run_after=None
[2026-07-18T21:45:02.089+0000] {processor.py:208} INFO - Processing /home/airflow/.local/lib/python3.12/site-packages/airflow/example_dags/tutorial_taskflow_api.py took 0.154 seconds
[2026-07-18T21:45:34.826+0000] {processor.py:186} INFO - Started process (PID=2535) to work on /home/airflow/.local/lib/python3.12/site-packages/airflow/example_dags/tutorial_taskflow_api.py
[2026-07-18T21:45:34.828+0000] {processor.py:914} INFO - Processing file /home/airflow/.local/lib/python3.12/site-packages/airflow/example_dags/tutorial_taskflow_api.py for tasks to queue
[2026-07-18T21:45:34.833+0000] {logging_mixin.py:190} INFO - [2026-07-18T21:45:34.832+0000] {dagbag.py:588} INFO - Filling up the DagBag from /home/airflow/.local/lib/python3.12/site-packages/airflow/example_dags/tutorial_taskflow_api.py
[2026-07-18T21:45:34.846+0000] {processor.py:925} INFO - DAG(s) 'tutorial_taskflow_api' retrieved from /home/airflow/.local/lib/python3.12/site-packages/airflow/example_dags/tutorial_taskflow_api.py
[2026-07-18T21:45:34.875+0000] {logging_mixin.py:190} INFO - [2026-07-18T21:45:34.875+0000] {dag.py:3239} INFO - Sync 1 DAGs
[2026-07-18T21:45:34.900+0000] {logging_mixin.py:190} INFO - [2026-07-18T21:45:34.900+0000] {dag.py:4180} INFO - Setting next_dagrun for tutorial_taskflow_api to None, run_after=None
[2026-07-18T21:45:34.930+0000] {processor.py:208} INFO - Processing /home/airflow/.local/lib/python3.12/site-packages/airflow/example_dags/tutorial_taskflow_api.py took 0.111 seconds
[2026-07-18T21:46:05.587+0000] {processor.py:186} INFO - Started process (PID=2599) to work on /home/airflow/.local/lib/python3.12/site-packages/airflow/example_dags/tutorial_taskflow_api.py
[2026-07-18T21:46:05.591+0000] {processor.py:914} INFO - Processing file /home/airflow/.local/lib/python3.12/site-packages/airflow/example_dags/tutorial_taskflow_api.py for tasks to queue
[2026-07-18T21:46:05.602+0000] {logging_mixin.py:190} INFO - [2026-07-18T21:46:05.601+0000] {dagbag.py:588} INFO - Filling up the DagBag from /home/airflow/.local/lib/python3.12/site-packages/airflow/example_dags/tutorial_taskflow_api.py
[2026-07-18T21:46:05.632+0000] {processor.py:925} INFO - DAG(s) 'tutorial_taskflow_api' retrieved from /home/airflow/.local/lib/python3.12/site-packages/airflow/example_dags/tutorial_taskflow_api.py
[2026-07-18T21:46:05.695+0000] {logging_mixin.py:190} INFO - [2026-07-18T21:46:05.695+0000] {dag.py:3239} INFO - Sync 1 DAGs
[2026-07-18T21:46:05.728+0000] {logging_mixin.py:190} INFO - [2026-07-18T21:46:05.727+0000] {dag.py:4180} INFO - Setting next_dagrun for tutorial_taskflow_api to None, run_after=None
[2026-07-18T21:46:05.829+0000] {processor.py:208} INFO - Processing /home/airflow/.local/lib/python3.12/site-packages/airflow/example_dags/tutorial_taskflow_api.py took 0.261 seconds
[2026-07-18T21:46:36.625+0000] {processor.py:186} INFO - Started process (PID=2663) to work on /home/airflow/.local/lib/python3.12/site-packages/airflow/example_dags/tutorial_taskflow_api.py
[2026-07-18T21:46:36.628+0000] {processor.py:914} INFO - Processing file /home/airflow/.local/lib/python3.12/site-packages/airflow/example_dags/tutorial_taskflow_api.py for tasks to queue
[2026-07-18T21:46:36.633+0000] {logging_mixin.py:190} INFO - [2026-07-18T21:46:36.633+0000] {dagbag.py:588} INFO - Filling up the DagBag from /home/airflow/.local/lib/python3.12/site-packages/airflow/example_dags/tutorial_taskflow_api.py
[2026-07-18T21:46:36.647+0000] {processor.py:925} INFO - DAG(s) 'tutorial_taskflow_api' retrieved from /home/airflow/.local/lib/python3.12/site-packages/airflow/example_dags/tutorial_taskflow_api.py
[2026-07-18T21:46:36.676+0000] {logging_mixin.py:190} INFO - [2026-07-18T21:46:36.676+0000] {dag.py:3239} INFO - Sync 1 DAGs
[2026-07-18T21:46:36.697+0000] {logging_mixin.py:190} INFO - [2026-07-18T21:46:36.696+0000] {dag.py:4180} INFO - Setting next_dagrun for tutorial_taskflow_api to None, run_after=None
[2026-07-18T21:46:36.724+0000] {processor.py:208} INFO - Processing /home/airflow/.local/lib/python3.12/site-packages/airflow/example_dags/tutorial_taskflow_api.py took 0.107 seconds
[2026-07-18T21:47:07.169+0000] {processor.py:186} INFO - Started process (PID=2727) to work on /home/airflow/.local/lib/python3.12/site-packages/airflow/example_dags/tutorial_taskflow_api.py
[2026-07-18T21:47:07.172+0000] {processor.py:914} INFO - Processing file /home/airflow/.local/lib/python3.12/site-packages/airflow/example_dags/tutorial_taskflow_api.py for tasks to queue
[2026-07-18T21:47:07.178+0000] {logging_mixin.py:190} INFO - [2026-07-18T21:47:07.177+0000] {dagbag.py:588} INFO - Filling up the DagBag from /home/airflow/.local/lib/python3.12/site-packages/airflow/example_dags/tutorial_taskflow_api.py
[2026-07-18T21:47:07.192+0000] {processor.py:925} INFO - DAG(s) 'tutorial_taskflow_api' retrieved from /home/airflow/.local/lib/python3.12/site-packages/airflow/example_dags/tutorial_taskflow_api.py
[2026-07-18T21:47:07.226+0000] {logging_mixin.py:190} INFO - [2026-07-18T21:47:07.226+0000] {dag.py:3239} INFO - Sync 1 DAGs
[2026-07-18T21:47:07.247+0000] {logging_mixin.py:190} INFO - [2026-07-18T21:47:07.246+0000] {dag.py:4180} INFO - Setting next_dagrun for tutorial_taskflow_api to None, run_after=None
[2026-07-18T21:47:07.342+0000] {processor.py:208} INFO - Processing /home/airflow/.local/lib/python3.12/site-packages/airflow/example_dags/tutorial_taskflow_api.py took 0.183 seconds
[2026-07-18T21:47:38.781+0000] {processor.py:186} INFO - Started process (PID=2791) to work on /home/airflow/.local/lib/python3.12/site-packages/airflow/example_dags/tutorial_taskflow_api.py
[2026-07-18T21:47:38.785+0000] {processor.py:914} INFO - Processing file /home/airflow/.local/lib/python3.12/site-packages/airflow/example_dags/tutorial_taskflow_api.py for tasks to queue
[2026-07-18T21:47:38.791+0000] {logging_mixin.py:190} INFO - [2026-07-18T21:47:38.790+0000] {dagbag.py:588} INFO - Filling up the DagBag from /home/airflow/.local/lib/python3.12/site-packages/airflow/example_dags/tutorial_taskflow_api.py
[2026-07-18T21:47:38.808+0000] {processor.py:925} INFO - DAG(s) 'tutorial_taskflow_api' retrieved from /home/airflow/.local/lib/python3.12/site-packages/airflow/example_dags/tutorial_taskflow_api.py
[2026-07-18T21:47:38.843+0000] {logging_mixin.py:190} INFO - [2026-07-18T21:47:38.842+0000] {dag.py:3239} INFO - Sync 1 DAGs
[2026-07-18T21:47:38.870+0000] {logging_mixin.py:190} INFO - [2026-07-18T21:47:38.869+0000] {dag.py:4180} INFO - Setting next_dagrun for tutorial_taskflow_api to None, run_after=None
[2026-07-18T21:47:38.958+0000] {processor.py:208} INFO - Processing /home/airflow/.local/lib/python3.12/site-packages/airflow/example_dags/tutorial_taskflow_api.py took 0.193 seconds
[2026-07-18T21:48:10.033+0000] {processor.py:186} INFO - Started process (PID=2855) to work on /home/airflow/.local/lib/python3.12/site-packages/airflow/example_dags/tutorial_taskflow_api.py
[2026-07-18T21:48:10.036+0000] {processor.py:914} INFO - Processing file /home/airflow/.local/lib/python3.12/site-packages/airflow/example_dags/tutorial_taskflow_api.py for tasks to queue
[2026-07-18T21:48:10.041+0000] {logging_mixin.py:190} INFO - [2026-07-18T21:48:10.040+0000] {dagbag.py:588} INFO - Filling up the DagBag from /home/airflow/.local/lib/python3.12/site-packages/airflow/example_dags/tutorial_taskflow_api.py
[2026-07-18T21:48:10.052+0000] {processor.py:925} INFO - DAG(s) 'tutorial_taskflow_api' retrieved from /home/airflow/.local/lib/python3.12/site-packages/airflow/example_dags/tutorial_taskflow_api.py
[2026-07-18T21:48:10.079+0000] {logging_mixin.py:190} INFO - [2026-07-18T21:48:10.079+0000] {dag.py:3239} INFO - Sync 1 DAGs
[2026-07-18T21:48:10.097+0000] {logging_mixin.py:190} INFO - [2026-07-18T21:48:10.097+0000] {dag.py:4180} INFO - Setting next_dagrun for tutorial_taskflow_api to None, run_after=None
[2026-07-18T21:48:10.125+0000] {processor.py:208} INFO - Processing /home/airflow/.local/lib/python3.12/site-packages/airflow/example_dags/tutorial_taskflow_api.py took 0.101 seconds
[2026-07-18T21:48:41.468+0000] {processor.py:186} INFO - Started process (PID=2919) to work on /home/airflow/.local/lib/python3.12/site-packages/airflow/example_dags/tutorial_taskflow_api.py
[2026-07-18T21:48:41.470+0000] {processor.py:914} INFO - Processing file /home/airflow/.local/lib/python3.12/site-packages/airflow/example_dags/tutorial_taskflow_api.py for tasks to queue
[2026-07-18T21:48:41.475+0000] {logging_mixin.py:190} INFO - [2026-07-18T21:48:41.474+0000] {dagbag.py:588} INFO - Filling up the DagBag from /home/airflow/.local/lib/python3.12/site-packages/airflow/example_dags/tutorial_taskflow_api.py
[2026-07-18T21:48:41.488+0000] {processor.py:925} INFO - DAG(s) 'tutorial_taskflow_api' retrieved from /home/airflow/.local/lib/python3.12/site-packages/airflow/example_dags/tutorial_taskflow_api.py
[2026-07-18T21:48:41.519+0000] {logging_mixin.py:190} INFO - [2026-07-18T21:48:41.519+0000] {dag.py:3239} INFO - Sync 1 DAGs
[2026-07-18T21:48:41.545+0000] {logging_mixin.py:190} INFO - [2026-07-18T21:48:41.545+0000] {dag.py:4180} INFO - Setting next_dagrun for tutorial_taskflow_api to None, run_after=None
[2026-07-18T21:48:41.629+0000] {processor.py:208} INFO - Processing /home/airflow/.local/lib/python3.12/site-packages/airflow/example_dags/tutorial_taskflow_api.py took 0.170 seconds
[2026-07-18T21:49:13.007+0000] {processor.py:186} INFO - Started process (PID=2983) to work on /home/airflow/.local/lib/python3.12/site-packages/airflow/example_dags/tutorial_taskflow_api.py
[2026-07-18T21:49:13.009+0000] {processor.py:914} INFO - Processing file /home/airflow/.local/lib/python3.12/site-packages/airflow/example_dags/tutorial_taskflow_api.py for tasks to queue
[2026-07-18T21:49:13.016+0000] {logging_mixin.py:190} INFO - [2026-07-18T21:49:13.015+0000] {dagbag.py:588} INFO - Filling up the DagBag from /home/airflow/.local/lib/python3.12/site-packages/airflow/example_dags/tutorial_taskflow_api.py
[2026-07-18T21:49:13.032+0000] {processor.py:925} INFO - DAG(s) 'tutorial_taskflow_api' retrieved from /home/airflow/.local/lib/python3.12/site-packages/airflow/example_dags/tutorial_taskflow_api.py
[2026-07-18T21:49:13.064+0000] {logging_mixin.py:190} INFO - [2026-07-18T21:49:13.063+0000] {dag.py:3239} INFO - Sync 1 DAGs
[2026-07-18T21:49:13.084+0000] {logging_mixin.py:190} INFO - [2026-07-18T21:49:13.083+0000] {dag.py:4180} INFO - Setting next_dagrun for tutorial_taskflow_api to None, run_after=None
[2026-07-18T21:49:13.112+0000] {processor.py:208} INFO - Processing /home/airflow/.local/lib/python3.12/site-packages/airflow/example_dags/tutorial_taskflow_api.py took 0.116 seconds
[2026-07-18T22:00:45.898+0000] {processor.py:186} INFO - Started process (PID=3054) to work on /home/airflow/.local/lib/python3.12/site-packages/airflow/example_dags/tutorial_taskflow_api.py
[2026-07-18T22:00:45.901+0000] {processor.py:914} INFO - Processing file /home/airflow/.local/lib/python3.12/site-packages/airflow/example_dags/tutorial_taskflow_api.py for tasks to queue
[2026-07-18T22:00:45.905+0000] {logging_mixin.py:190} INFO - [2026-07-18T22:00:45.904+0000] {dagbag.py:588} INFO - Filling up the DagBag from /home/airflow/.local/lib/python3.12/site-packages/airflow/example_dags/tutorial_taskflow_api.py
[2026-07-18T22:00:45.930+0000] {processor.py:925} INFO - DAG(s) 'tutorial_taskflow_api' retrieved from /home/airflow/.local/lib/python3.12/site-packages/airflow/example_dags/tutorial_taskflow_api.py
[2026-07-18T22:00:46.010+0000] {logging_mixin.py:190} INFO - [2026-07-18T22:00:46.009+0000] {dag.py:3239} INFO - Sync 1 DAGs
[2026-07-18T22:00:46.060+0000] {logging_mixin.py:190} INFO - [2026-07-18T22:00:46.059+0000] {dag.py:4180} INFO - Setting next_dagrun for tutorial_taskflow_api to None, run_after=None
[2026-07-18T22:00:46.129+0000] {processor.py:208} INFO - Processing /home/airflow/.local/lib/python3.12/site-packages/airflow/example_dags/tutorial_taskflow_api.py took 0.247 seconds
[2026-07-18T22:01:16.893+0000] {processor.py:186} INFO - Started process (PID=3118) to work on /home/airflow/.local/lib/python3.12/site-packages/airflow/example_dags/tutorial_taskflow_api.py
[2026-07-18T22:01:16.896+0000] {processor.py:914} INFO - Processing file /home/airflow/.local/lib/python3.12/site-packages/airflow/example_dags/tutorial_taskflow_api.py for tasks to queue
[2026-07-18T22:01:16.900+0000] {logging_mixin.py:190} INFO - [2026-07-18T22:01:16.899+0000] {dagbag.py:588} INFO - Filling up the DagBag from /home/airflow/.local/lib/python3.12/site-packages/airflow/example_dags/tutorial_taskflow_api.py
[2026-07-18T22:01:16.915+0000] {processor.py:925} INFO - DAG(s) 'tutorial_taskflow_api' retrieved from /home/airflow/.local/lib/python3.12/site-packages/airflow/example_dags/tutorial_taskflow_api.py
[2026-07-18T22:01:16.949+0000] {logging_mixin.py:190} INFO - [2026-07-18T22:01:16.948+0000] {dag.py:3239} INFO - Sync 1 DAGs
[2026-07-18T22:01:16.982+0000] {logging_mixin.py:190} INFO - [2026-07-18T22:01:16.982+0000] {dag.py:4180} INFO - Setting next_dagrun for tutorial_taskflow_api to None, run_after=None
[2026-07-18T22:01:17.012+0000] {processor.py:208} INFO - Processing /home/airflow/.local/lib/python3.12/site-packages/airflow/example_dags/tutorial_taskflow_api.py took 0.131 seconds
[2026-07-18T22:01:48.159+0000] {processor.py:186} INFO - Started process (PID=3182) to work on /home/airflow/.local/lib/python3.12/site-packages/airflow/example_dags/tutorial_taskflow_api.py
[2026-07-18T22:01:48.161+0000] {processor.py:914} INFO - Processing file /home/airflow/.local/lib/python3.12/site-packages/airflow/example_dags/tutorial_taskflow_api.py for tasks to queue
[2026-07-18T22:01:48.164+0000] {logging_mixin.py:190} INFO - [2026-07-18T22:01:48.164+0000] {dagbag.py:588} INFO - Filling up the DagBag from /home/airflow/.local/lib/python3.12/site-packages/airflow/example_dags/tutorial_taskflow_api.py
[2026-07-18T22:01:48.181+0000] {processor.py:925} INFO - DAG(s) 'tutorial_taskflow_api' retrieved from /home/airflow/.local/lib/python3.12/site-packages/airflow/example_dags/tutorial_taskflow_api.py
[2026-07-18T22:01:48.220+0000] {logging_mixin.py:190} INFO - [2026-07-18T22:01:48.219+0000] {dag.py:3239} INFO - Sync 1 DAGs
[2026-07-18T22:01:48.246+0000] {logging_mixin.py:190} INFO - [2026-07-18T22:01:48.245+0000] {dag.py:4180} INFO - Setting next_dagrun for tutorial_taskflow_api to None, run_after=None
[2026-07-18T22:01:48.273+0000] {processor.py:208} INFO - Processing /home/airflow/.local/lib/python3.12/site-packages/airflow/example_dags/tutorial_taskflow_api.py took 0.122 seconds
[2026-07-18T22:02:20.348+0000] {processor.py:186} INFO - Started process (PID=3246) to work on /home/airflow/.local/lib/python3.12/site-packages/airflow/example_dags/tutorial_taskflow_api.py
[2026-07-18T22:02:20.352+0000] {processor.py:914} INFO - Processing file /home/airflow/.local/lib/python3.12/site-packages/airflow/example_dags/tutorial_taskflow_api.py for tasks to queue
[2026-07-18T22:02:20.360+0000] {logging_mixin.py:190} INFO - [2026-07-18T22:02:20.359+0000] {dagbag.py:588} INFO - Filling up the DagBag from /home/airflow/.local/lib/python3.12/site-packages/airflow/example_dags/tutorial_taskflow_api.py
[2026-07-18T22:02:20.383+0000] {processor.py:925} INFO - DAG(s) 'tutorial_taskflow_api' retrieved from /home/airflow/.local/lib/python3.12/site-packages/airflow/example_dags/tutorial_taskflow_api.py
[2026-07-18T22:02:20.426+0000] {logging_mixin.py:190} INFO - [2026-07-18T22:02:20.425+0000] {dag.py:3239} INFO - Sync 1 DAGs
[2026-07-18T22:02:20.467+0000] {logging_mixin.py:190} INFO - [2026-07-18T22:02:20.467+0000] {dag.py:4180} INFO - Setting next_dagrun for tutorial_taskflow_api to None, run_after=None
[2026-07-18T22:02:20.504+0000] {processor.py:208} INFO - Processing /home/airflow/.local/lib/python3.12/site-packages/airflow/example_dags/tutorial_taskflow_api.py took 0.177 seconds
[2026-07-18T22:02:51.465+0000] {processor.py:186} INFO - Started process (PID=3310) to work on /home/airflow/.local/lib/python3.12/site-packages/airflow/example_dags/tutorial_taskflow_api.py
[2026-07-18T22:02:51.467+0000] {processor.py:914} INFO - Processing file /home/airflow/.local/lib/python3.12/site-packages/airflow/example_dags/tutorial_taskflow_api.py for tasks to queue
[2026-07-18T22:02:51.470+0000] {logging_mixin.py:190} INFO - [2026-07-18T22:02:51.470+0000] {dagbag.py:588} INFO - Filling up the DagBag from /home/airflow/.local/lib/python3.12/site-packages/airflow/example_dags/tutorial_taskflow_api.py
[2026-07-18T22:02:51.488+0000] {processor.py:925} INFO - DAG(s) 'tutorial_taskflow_api' retrieved from /home/airflow/.local/lib/python3.12/site-packages/airflow/example_dags/tutorial_taskflow_api.py
[2026-07-18T22:02:51.519+0000] {logging_mixin.py:190} INFO - [2026-07-18T22:02:51.518+0000] {dag.py:3239} INFO - Sync 1 DAGs
[2026-07-18T22:02:51.545+0000] {logging_mixin.py:190} INFO - [2026-07-18T22:02:51.544+0000] {dag.py:4180} INFO - Setting next_dagrun for tutorial_taskflow_api to None, run_after=None
[2026-07-18T22:02:51.577+0000] {processor.py:208} INFO - Processing /home/airflow/.local/lib/python3.12/site-packages/airflow/example_dags/tutorial_taskflow_api.py took 0.122 seconds
[2026-07-18T22:03:22.670+0000] {processor.py:186} INFO - Started process (PID=3374) to work on /home/airflow/.local/lib/python3.12/site-packages/airflow/example_dags/tutorial_taskflow_api.py
[2026-07-18T22:03:22.673+0000] {processor.py:914} INFO - Processing file /home/airflow/.local/lib/python3.12/site-packages/airflow/example_dags/tutorial_taskflow_api.py for tasks to queue
[2026-07-18T22:03:22.676+0000] {logging_mixin.py:190} INFO - [2026-07-18T22:03:22.675+0000] {dagbag.py:588} INFO - Filling up the DagBag from /home/airflow/.local/lib/python3.12/site-packages/airflow/example_dags/tutorial_taskflow_api.py
[2026-07-18T22:03:22.689+0000] {processor.py:925} INFO - DAG(s) 'tutorial_taskflow_api' retrieved from /home/airflow/.local/lib/python3.12/site-packages/airflow/example_dags/tutorial_taskflow_api.py
[2026-07-18T22:03:22.716+0000] {logging_mixin.py:190} INFO - [2026-07-18T22:03:22.716+0000] {dag.py:3239} INFO - Sync 1 DAGs
[2026-07-18T22:03:22.738+0000] {logging_mixin.py:190} INFO - [2026-07-18T22:03:22.738+0000] {dag.py:4180} INFO - Setting next_dagrun for tutorial_taskflow_api to None, run_after=None
[2026-07-18T22:03:22.833+0000] {processor.py:208} INFO - Processing /home/airflow/.local/lib/python3.12/site-packages/airflow/example_dags/tutorial_taskflow_api.py took 0.171 seconds
[2026-07-18T22:03:55.519+0000] {processor.py:186} INFO - Started process (PID=3438) to work on /home/airflow/.local/lib/python3.12/site-packages/airflow/example_dags/tutorial_taskflow_api.py
[2026-07-18T22:03:55.522+0000] {processor.py:914} INFO - Processing file /home/airflow/.local/lib/python3.12/site-packages/airflow/example_dags/tutorial_taskflow_api.py for tasks to queue
[2026-07-18T22:03:55.527+0000] {logging_mixin.py:190} INFO - [2026-07-18T22:03:55.526+0000] {dagbag.py:588} INFO - Filling up the DagBag from /home/airflow/.local/lib/python3.12/site-packages/airflow/example_dags/tutorial_taskflow_api.py
[2026-07-18T22:03:55.550+0000] {processor.py:925} INFO - DAG(s) 'tutorial_taskflow_api' retrieved from /home/airflow/.local/lib/python3.12/site-packages/airflow/example_dags/tutorial_taskflow_api.py
[2026-07-18T22:03:55.586+0000] {logging_mixin.py:190} INFO - [2026-07-18T22:03:55.585+0000] {dag.py:3239} INFO - Sync 1 DAGs
[2026-07-18T22:03:55.615+0000] {logging_mixin.py:190} INFO - [2026-07-18T22:03:55.614+0000] {dag.py:4180} INFO - Setting next_dagrun for tutorial_taskflow_api to None, run_after=None
[2026-07-18T22:03:55.653+0000] {processor.py:208} INFO - Processing /home/airflow/.local/lib/python3.12/site-packages/airflow/example_dags/tutorial_taskflow_api.py took 0.143 seconds
[2026-07-18T22:04:26.580+0000] {processor.py:186} INFO - Started process (PID=3508) to work on /home/airflow/.local/lib/python3.12/site-packages/airflow/example_dags/tutorial_taskflow_api.py
[2026-07-18T22:04:26.583+0000] {processor.py:914} INFO - Processing file /home/airflow/.local/lib/python3.12/site-packages/airflow/example_dags/tutorial_taskflow_api.py for tasks to queue
[2026-07-18T22:04:26.586+0000] {logging_mixin.py:190} INFO - [2026-07-18T22:04:26.585+0000] {dagbag.py:588} INFO - Filling up the DagBag from /home/airflow/.local/lib/python3.12/site-packages/airflow/example_dags/tutorial_taskflow_api.py
[2026-07-18T22:04:26.602+0000] {processor.py:925} INFO - DAG(s) 'tutorial_taskflow_api' retrieved from /home/airflow/.local/lib/python3.12/site-packages/airflow/example_dags/tutorial_taskflow_api.py
[2026-07-18T22:04:26.631+0000] {logging_mixin.py:190} INFO - [2026-07-18T22:04:26.631+0000] {dag.py:3239} INFO - Sync 1 DAGs
[2026-07-18T22:04:26.651+0000] {logging_mixin.py:190} INFO - [2026-07-18T22:04:26.650+0000] {dag.py:4180} INFO - Setting next_dagrun for tutorial_taskflow_api to None, run_after=None
[2026-07-18T22:04:26.676+0000] {processor.py:208} INFO - Processing /home/airflow/.local/lib/python3.12/site-packages/airflow/example_dags/tutorial_taskflow_api.py took 0.105 seconds
[2026-07-18T22:04:56.884+0000] {processor.py:186} INFO - Started process (PID=3571) to work on /home/airflow/.local/lib/python3.12/site-packages/airflow/example_dags/tutorial_taskflow_api.py
[2026-07-18T22:04:56.887+0000] {processor.py:914} INFO - Processing file /home/airflow/.local/lib/python3.12/site-packages/airflow/example_dags/tutorial_taskflow_api.py for tasks to queue
[2026-07-18T22:04:56.891+0000] {logging_mixin.py:190} INFO - [2026-07-18T22:04:56.890+0000] {dagbag.py:588} INFO - Filling up the DagBag from /home/airflow/.local/lib/python3.12/site-packages/airflow/example_dags/tutorial_taskflow_api.py
[2026-07-18T22:04:56.914+0000] {processor.py:925} INFO - DAG(s) 'tutorial_taskflow_api' retrieved from /home/airflow/.local/lib/python3.12/site-packages/airflow/example_dags/tutorial_taskflow_api.py
[2026-07-18T22:04:56.945+0000] {logging_mixin.py:190} INFO - [2026-07-18T22:04:56.944+0000] {dag.py:3239} INFO - Sync 1 DAGs
[2026-07-18T22:04:56.978+0000] {logging_mixin.py:190} INFO - [2026-07-18T22:04:56.978+0000] {dag.py:4180} INFO - Setting next_dagrun for tutorial_taskflow_api to None, run_after=None
[2026-07-18T22:04:57.015+0000] {processor.py:208} INFO - Processing /home/airflow/.local/lib/python3.12/site-packages/airflow/example_dags/tutorial_taskflow_api.py took 0.144 seconds
[2026-07-18T22:05:28.143+0000] {processor.py:186} INFO - Started process (PID=3634) to work on /home/airflow/.local/lib/python3.12/site-packages/airflow/example_dags/tutorial_taskflow_api.py
[2026-07-18T22:05:28.145+0000] {processor.py:914} INFO - Processing file /home/airflow/.local/lib/python3.12/site-packages/airflow/example_dags/tutorial_taskflow_api.py for tasks to queue
[2026-07-18T22:05:28.148+0000] {logging_mixin.py:190} INFO - [2026-07-18T22:05:28.148+0000] {dagbag.py:588} INFO - Filling up the DagBag from /home/airflow/.local/lib/python3.12/site-packages/airflow/example_dags/tutorial_taskflow_api.py
[2026-07-18T22:05:28.164+0000] {processor.py:925} INFO - DAG(s) 'tutorial_taskflow_api' retrieved from /home/airflow/.local/lib/python3.12/site-packages/airflow/example_dags/tutorial_taskflow_api.py
[2026-07-18T22:05:28.199+0000] {logging_mixin.py:190} INFO - [2026-07-18T22:05:28.198+0000] {dag.py:3239} INFO - Sync 1 DAGs
[2026-07-18T22:05:28.221+0000] {logging_mixin.py:190} INFO - [2026-07-18T22:05:28.221+0000] {dag.py:4180} INFO - Setting next_dagrun for tutorial_taskflow_api to None, run_after=None
[2026-07-18T22:05:28.600+0000] {processor.py:208} INFO - Processing /home/airflow/.local/lib/python3.12/site-packages/airflow/example_dags/tutorial_taskflow_api.py took 0.464 seconds
