[2026-07-18T20:50:03.980+0000] {processor.py:186} INFO - Started process (PID=91) to work on /home/airflow/.local/lib/python3.12/site-packages/airflow/example_dags/tutorial.py
[2026-07-18T20:50:03.988+0000] {processor.py:914} INFO - Processing file /home/airflow/.local/lib/python3.12/site-packages/airflow/example_dags/tutorial.py for tasks to queue
[2026-07-18T20:50:03.998+0000] {logging_mixin.py:190} INFO - [2026-07-18T20:50:03.997+0000] {dagbag.py:588} INFO - Filling up the DagBag from /home/airflow/.local/lib/python3.12/site-packages/airflow/example_dags/tutorial.py
[2026-07-18T20:50:04.025+0000] {processor.py:925} INFO - DAG(s) 'tutorial' retrieved from /home/airflow/.local/lib/python3.12/site-packages/airflow/example_dags/tutorial.py
[2026-07-18T20:50:04.423+0000] {logging_mixin.py:190} INFO - [2026-07-18T20:50:04.422+0000] {override.py:1911} INFO - Created Permission View: can edit on DAG:tutorial
[2026-07-18T20:50:04.443+0000] {logging_mixin.py:190} INFO - [2026-07-18T20:50:04.442+0000] {override.py:1911} INFO - Created Permission View: can read on DAG:tutorial
[2026-07-18T20:50:04.454+0000] {logging_mixin.py:190} INFO - [2026-07-18T20:50:04.454+0000] {override.py:1911} INFO - Created Permission View: can delete on DAG:tutorial
[2026-07-18T20:50:04.467+0000] {logging_mixin.py:190} INFO - [2026-07-18T20:50:04.466+0000] {override.py:1911} INFO - Created Permission View: can create on DAG Run:tutorial
[2026-07-18T20:50:04.477+0000] {logging_mixin.py:190} INFO - [2026-07-18T20:50:04.477+0000] {override.py:1911} INFO - Created Permission View: can read on DAG Run:tutorial
[2026-07-18T20:50:04.488+0000] {logging_mixin.py:190} INFO - [2026-07-18T20:50:04.487+0000] {override.py:1911} INFO - Created Permission View: menu access on DAG Run:tutorial
[2026-07-18T20:50:04.498+0000] {logging_mixin.py:190} INFO - [2026-07-18T20:50:04.498+0000] {override.py:1911} INFO - Created Permission View: can delete on DAG Run:tutorial
[2026-07-18T20:50:04.500+0000] {logging_mixin.py:190} INFO - [2026-07-18T20:50:04.499+0000] {dag.py:3239} INFO - Sync 1 DAGs
[2026-07-18T20:50:04.519+0000] {logging_mixin.py:190} INFO - [2026-07-18T20:50:04.519+0000] {dag.py:3262} INFO - Creating ORM DAG for tutorial
[2026-07-18T20:50:04.535+0000] {logging_mixin.py:190} INFO - [2026-07-18T20:50:04.535+0000] {dag.py:4180} INFO - Setting next_dagrun for tutorial to 2026-07-17 00:00:00+00:00, run_after=2026-07-18 00:00:00+00:00
[2026-07-18T20:50:04.563+0000] {processor.py:208} INFO - Processing /home/airflow/.local/lib/python3.12/site-packages/airflow/example_dags/tutorial.py took 0.635 seconds
[2026-07-18T20:50:34.651+0000] {processor.py:186} INFO - Started process (PID=154) to work on /home/airflow/.local/lib/python3.12/site-packages/airflow/example_dags/tutorial.py
[2026-07-18T20:50:34.652+0000] {processor.py:914} INFO - Processing file /home/airflow/.local/lib/python3.12/site-packages/airflow/example_dags/tutorial.py for tasks to queue
[2026-07-18T20:50:34.655+0000] {logging_mixin.py:190} INFO - [2026-07-18T20:50:34.654+0000] {dagbag.py:588} INFO - Filling up the DagBag from /home/airflow/.local/lib/python3.12/site-packages/airflow/example_dags/tutorial.py
[2026-07-18T20:50:34.662+0000] {processor.py:925} INFO - DAG(s) 'tutorial' retrieved from /home/airflow/.local/lib/python3.12/site-packages/airflow/example_dags/tutorial.py
[2026-07-18T20:50:34.680+0000] {logging_mixin.py:190} INFO - [2026-07-18T20:50:34.679+0000] {dag.py:3239} INFO - Sync 1 DAGs
[2026-07-18T20:50:34.700+0000] {logging_mixin.py:190} INFO - [2026-07-18T20:50:34.700+0000] {dag.py:4180} INFO - Setting next_dagrun for tutorial to 2026-07-17 00:00:00+00:00, run_after=2026-07-18 00:00:00+00:00
[2026-07-18T20:50:34.721+0000] {processor.py:208} INFO - Processing /home/airflow/.local/lib/python3.12/site-packages/airflow/example_dags/tutorial.py took 0.075 seconds
[2026-07-18T20:51:07.613+0000] {processor.py:186} INFO - Started process (PID=217) to work on /home/airflow/.local/lib/python3.12/site-packages/airflow/example_dags/tutorial.py
[2026-07-18T20:51:07.615+0000] {processor.py:914} INFO - Processing file /home/airflow/.local/lib/python3.12/site-packages/airflow/example_dags/tutorial.py for tasks to queue
[2026-07-18T20:51:07.620+0000] {logging_mixin.py:190} INFO - [2026-07-18T20:51:07.619+0000] {dagbag.py:588} INFO - Filling up the DagBag from /home/airflow/.local/lib/python3.12/site-packages/airflow/example_dags/tutorial.py
[2026-07-18T20:51:07.631+0000] {processor.py:925} INFO - DAG(s) 'tutorial' retrieved from /home/airflow/.local/lib/python3.12/site-packages/airflow/example_dags/tutorial.py
[2026-07-18T20:51:07.656+0000] {logging_mixin.py:190} INFO - [2026-07-18T20:51:07.656+0000] {dag.py:3239} INFO - Sync 1 DAGs
[2026-07-18T20:51:07.686+0000] {logging_mixin.py:190} INFO - [2026-07-18T20:51:07.686+0000] {dag.py:4180} INFO - Setting next_dagrun for tutorial to 2026-07-17 00:00:00+00:00, run_after=2026-07-18 00:00:00+00:00
[2026-07-18T20:51:07.714+0000] {processor.py:208} INFO - Processing /home/airflow/.local/lib/python3.12/site-packages/airflow/example_dags/tutorial.py took 0.108 seconds
[2026-07-18T20:51:39.226+0000] {processor.py:186} INFO - Started process (PID=281) to work on /home/airflow/.local/lib/python3.12/site-packages/airflow/example_dags/tutorial.py
[2026-07-18T20:51:39.227+0000] {processor.py:914} INFO - Processing file /home/airflow/.local/lib/python3.12/site-packages/airflow/example_dags/tutorial.py for tasks to queue
[2026-07-18T20:51:39.230+0000] {logging_mixin.py:190} INFO - [2026-07-18T20:51:39.230+0000] {dagbag.py:588} INFO - Filling up the DagBag from /home/airflow/.local/lib/python3.12/site-packages/airflow/example_dags/tutorial.py
[2026-07-18T20:51:39.238+0000] {processor.py:925} INFO - DAG(s) 'tutorial' retrieved from /home/airflow/.local/lib/python3.12/site-packages/airflow/example_dags/tutorial.py
[2026-07-18T20:51:39.257+0000] {logging_mixin.py:190} INFO - [2026-07-18T20:51:39.256+0000] {dag.py:3239} INFO - Sync 1 DAGs
[2026-07-18T20:51:39.280+0000] {logging_mixin.py:190} INFO - [2026-07-18T20:51:39.279+0000] {dag.py:4180} INFO - Setting next_dagrun for tutorial to 2026-07-17 00:00:00+00:00, run_after=2026-07-18 00:00:00+00:00
[2026-07-18T20:51:39.297+0000] {processor.py:208} INFO - Processing /home/airflow/.local/lib/python3.12/site-packages/airflow/example_dags/tutorial.py took 0.076 seconds
[2026-07-18T20:52:11.092+0000] {processor.py:186} INFO - Started process (PID=344) to work on /home/airflow/.local/lib/python3.12/site-packages/airflow/example_dags/tutorial.py
[2026-07-18T20:52:11.095+0000] {processor.py:914} INFO - Processing file /home/airflow/.local/lib/python3.12/site-packages/airflow/example_dags/tutorial.py for tasks to queue
[2026-07-18T20:52:11.102+0000] {logging_mixin.py:190} INFO - [2026-07-18T20:52:11.101+0000] {dagbag.py:588} INFO - Filling up the DagBag from /home/airflow/.local/lib/python3.12/site-packages/airflow/example_dags/tutorial.py
[2026-07-18T20:52:11.119+0000] {processor.py:925} INFO - DAG(s) 'tutorial' retrieved from /home/airflow/.local/lib/python3.12/site-packages/airflow/example_dags/tutorial.py
[2026-07-18T20:52:11.150+0000] {logging_mixin.py:190} INFO - [2026-07-18T20:52:11.150+0000] {dag.py:3239} INFO - Sync 1 DAGs
[2026-07-18T20:52:11.187+0000] {logging_mixin.py:190} INFO - [2026-07-18T20:52:11.186+0000] {dag.py:4180} INFO - Setting next_dagrun for tutorial to 2026-07-17 00:00:00+00:00, run_after=2026-07-18 00:00:00+00:00
[2026-07-18T20:52:11.213+0000] {processor.py:208} INFO - Processing /home/airflow/.local/lib/python3.12/site-packages/airflow/example_dags/tutorial.py took 0.132 seconds
[2026-07-18T20:52:42.254+0000] {processor.py:186} INFO - Started process (PID=407) to work on /home/airflow/.local/lib/python3.12/site-packages/airflow/example_dags/tutorial.py
[2026-07-18T20:52:42.256+0000] {processor.py:914} INFO - Processing file /home/airflow/.local/lib/python3.12/site-packages/airflow/example_dags/tutorial.py for tasks to queue
[2026-07-18T20:52:42.260+0000] {logging_mixin.py:190} INFO - [2026-07-18T20:52:42.260+0000] {dagbag.py:588} INFO - Filling up the DagBag from /home/airflow/.local/lib/python3.12/site-packages/airflow/example_dags/tutorial.py
[2026-07-18T20:52:42.272+0000] {processor.py:925} INFO - DAG(s) 'tutorial' retrieved from /home/airflow/.local/lib/python3.12/site-packages/airflow/example_dags/tutorial.py
[2026-07-18T20:52:42.300+0000] {logging_mixin.py:190} INFO - [2026-07-18T20:52:42.300+0000] {dag.py:3239} INFO - Sync 1 DAGs
[2026-07-18T20:52:42.335+0000] {logging_mixin.py:190} INFO - [2026-07-18T20:52:42.334+0000] {dag.py:4180} INFO - Setting next_dagrun for tutorial to 2026-07-17 00:00:00+00:00, run_after=2026-07-18 00:00:00+00:00
[2026-07-18T20:52:42.366+0000] {processor.py:208} INFO - Processing /home/airflow/.local/lib/python3.12/site-packages/airflow/example_dags/tutorial.py took 0.122 seconds
[2026-07-18T20:53:13.178+0000] {processor.py:186} INFO - Started process (PID=470) to work on /home/airflow/.local/lib/python3.12/site-packages/airflow/example_dags/tutorial.py
[2026-07-18T20:53:13.179+0000] {processor.py:914} INFO - Processing file /home/airflow/.local/lib/python3.12/site-packages/airflow/example_dags/tutorial.py for tasks to queue
[2026-07-18T20:53:13.182+0000] {logging_mixin.py:190} INFO - [2026-07-18T20:53:13.182+0000] {dagbag.py:588} INFO - Filling up the DagBag from /home/airflow/.local/lib/python3.12/site-packages/airflow/example_dags/tutorial.py
[2026-07-18T20:53:13.189+0000] {processor.py:925} INFO - DAG(s) 'tutorial' retrieved from /home/airflow/.local/lib/python3.12/site-packages/airflow/example_dags/tutorial.py
[2026-07-18T20:53:13.206+0000] {logging_mixin.py:190} INFO - [2026-07-18T20:53:13.206+0000] {dag.py:3239} INFO - Sync 1 DAGs
[2026-07-18T20:53:13.228+0000] {logging_mixin.py:190} INFO - [2026-07-18T20:53:13.227+0000] {dag.py:4180} INFO - Setting next_dagrun for tutorial to 2026-07-17 00:00:00+00:00, run_after=2026-07-18 00:00:00+00:00
[2026-07-18T20:53:13.966+0000] {processor.py:208} INFO - Processing /home/airflow/.local/lib/python3.12/site-packages/airflow/example_dags/tutorial.py took 0.793 seconds
[2026-07-18T20:53:44.734+0000] {processor.py:186} INFO - Started process (PID=533) to work on /home/airflow/.local/lib/python3.12/site-packages/airflow/example_dags/tutorial.py
[2026-07-18T20:53:44.735+0000] {processor.py:914} INFO - Processing file /home/airflow/.local/lib/python3.12/site-packages/airflow/example_dags/tutorial.py for tasks to queue
[2026-07-18T20:53:44.738+0000] {logging_mixin.py:190} INFO - [2026-07-18T20:53:44.737+0000] {dagbag.py:588} INFO - Filling up the DagBag from /home/airflow/.local/lib/python3.12/site-packages/airflow/example_dags/tutorial.py
[2026-07-18T20:53:44.745+0000] {processor.py:925} INFO - DAG(s) 'tutorial' retrieved from /home/airflow/.local/lib/python3.12/site-packages/airflow/example_dags/tutorial.py
[2026-07-18T20:53:44.762+0000] {logging_mixin.py:190} INFO - [2026-07-18T20:53:44.762+0000] {dag.py:3239} INFO - Sync 1 DAGs
[2026-07-18T20:53:44.782+0000] {logging_mixin.py:190} INFO - [2026-07-18T20:53:44.782+0000] {dag.py:4180} INFO - Setting next_dagrun for tutorial to 2026-07-17 00:00:00+00:00, run_after=2026-07-18 00:00:00+00:00
[2026-07-18T20:53:44.797+0000] {processor.py:208} INFO - Processing /home/airflow/.local/lib/python3.12/site-packages/airflow/example_dags/tutorial.py took 0.068 seconds
[2026-07-18T20:54:15.844+0000] {processor.py:186} INFO - Started process (PID=596) to work on /home/airflow/.local/lib/python3.12/site-packages/airflow/example_dags/tutorial.py
[2026-07-18T20:54:15.845+0000] {processor.py:914} INFO - Processing file /home/airflow/.local/lib/python3.12/site-packages/airflow/example_dags/tutorial.py for tasks to queue
[2026-07-18T20:54:15.848+0000] {logging_mixin.py:190} INFO - [2026-07-18T20:54:15.848+0000] {dagbag.py:588} INFO - Filling up the DagBag from /home/airflow/.local/lib/python3.12/site-packages/airflow/example_dags/tutorial.py
[2026-07-18T20:54:15.856+0000] {processor.py:925} INFO - DAG(s) 'tutorial' retrieved from /home/airflow/.local/lib/python3.12/site-packages/airflow/example_dags/tutorial.py
[2026-07-18T20:54:15.875+0000] {logging_mixin.py:190} INFO - [2026-07-18T20:54:15.874+0000] {dag.py:3239} INFO - Sync 1 DAGs
[2026-07-18T20:54:15.893+0000] {logging_mixin.py:190} INFO - [2026-07-18T20:54:15.893+0000] {dag.py:4180} INFO - Setting next_dagrun for tutorial to 2026-07-17 00:00:00+00:00, run_after=2026-07-18 00:00:00+00:00
[2026-07-18T20:54:15.908+0000] {processor.py:208} INFO - Processing /home/airflow/.local/lib/python3.12/site-packages/airflow/example_dags/tutorial.py took 0.069 seconds
[2026-07-18T20:54:47.215+0000] {processor.py:186} INFO - Started process (PID=659) to work on /home/airflow/.local/lib/python3.12/site-packages/airflow/example_dags/tutorial.py
[2026-07-18T20:54:47.216+0000] {processor.py:914} INFO - Processing file /home/airflow/.local/lib/python3.12/site-packages/airflow/example_dags/tutorial.py for tasks to queue
[2026-07-18T20:54:47.219+0000] {logging_mixin.py:190} INFO - [2026-07-18T20:54:47.218+0000] {dagbag.py:588} INFO - Filling up the DagBag from /home/airflow/.local/lib/python3.12/site-packages/airflow/example_dags/tutorial.py
[2026-07-18T20:54:47.227+0000] {processor.py:925} INFO - DAG(s) 'tutorial' retrieved from /home/airflow/.local/lib/python3.12/site-packages/airflow/example_dags/tutorial.py
[2026-07-18T20:54:47.245+0000] {logging_mixin.py:190} INFO - [2026-07-18T20:54:47.245+0000] {dag.py:3239} INFO - Sync 1 DAGs
[2026-07-18T20:54:47.264+0000] {logging_mixin.py:190} INFO - [2026-07-18T20:54:47.264+0000] {dag.py:4180} INFO - Setting next_dagrun for tutorial to 2026-07-17 00:00:00+00:00, run_after=2026-07-18 00:00:00+00:00
[2026-07-18T20:54:47.282+0000] {processor.py:208} INFO - Processing /home/airflow/.local/lib/python3.12/site-packages/airflow/example_dags/tutorial.py took 0.073 seconds
[2026-07-18T20:55:17.781+0000] {processor.py:186} INFO - Started process (PID=722) to work on /home/airflow/.local/lib/python3.12/site-packages/airflow/example_dags/tutorial.py
[2026-07-18T20:55:17.782+0000] {processor.py:914} INFO - Processing file /home/airflow/.local/lib/python3.12/site-packages/airflow/example_dags/tutorial.py for tasks to queue
[2026-07-18T20:55:17.784+0000] {logging_mixin.py:190} INFO - [2026-07-18T20:55:17.784+0000] {dagbag.py:588} INFO - Filling up the DagBag from /home/airflow/.local/lib/python3.12/site-packages/airflow/example_dags/tutorial.py
[2026-07-18T20:55:17.791+0000] {processor.py:925} INFO - DAG(s) 'tutorial' retrieved from /home/airflow/.local/lib/python3.12/site-packages/airflow/example_dags/tutorial.py
[2026-07-18T20:55:17.809+0000] {logging_mixin.py:190} INFO - [2026-07-18T20:55:17.809+0000] {dag.py:3239} INFO - Sync 1 DAGs
[2026-07-18T20:55:17.829+0000] {logging_mixin.py:190} INFO - [2026-07-18T20:55:17.828+0000] {dag.py:4180} INFO - Setting next_dagrun for tutorial to 2026-07-17 00:00:00+00:00, run_after=2026-07-18 00:00:00+00:00
[2026-07-18T20:55:17.845+0000] {processor.py:208} INFO - Processing /home/airflow/.local/lib/python3.12/site-packages/airflow/example_dags/tutorial.py took 0.069 seconds
[2026-07-18T20:55:49.485+0000] {processor.py:186} INFO - Started process (PID=785) to work on /home/airflow/.local/lib/python3.12/site-packages/airflow/example_dags/tutorial.py
[2026-07-18T20:55:49.487+0000] {processor.py:914} INFO - Processing file /home/airflow/.local/lib/python3.12/site-packages/airflow/example_dags/tutorial.py for tasks to queue
[2026-07-18T20:55:49.490+0000] {logging_mixin.py:190} INFO - [2026-07-18T20:55:49.489+0000] {dagbag.py:588} INFO - Filling up the DagBag from /home/airflow/.local/lib/python3.12/site-packages/airflow/example_dags/tutorial.py
[2026-07-18T20:55:49.499+0000] {processor.py:925} INFO - DAG(s) 'tutorial' retrieved from /home/airflow/.local/lib/python3.12/site-packages/airflow/example_dags/tutorial.py
[2026-07-18T20:55:49.518+0000] {logging_mixin.py:190} INFO - [2026-07-18T20:55:49.518+0000] {dag.py:3239} INFO - Sync 1 DAGs
[2026-07-18T20:55:49.542+0000] {logging_mixin.py:190} INFO - [2026-07-18T20:55:49.542+0000] {dag.py:4180} INFO - Setting next_dagrun for tutorial to 2026-07-17 00:00:00+00:00, run_after=2026-07-18 00:00:00+00:00
[2026-07-18T20:55:49.569+0000] {processor.py:208} INFO - Processing /home/airflow/.local/lib/python3.12/site-packages/airflow/example_dags/tutorial.py took 0.090 seconds
[2026-07-18T20:56:21.100+0000] {processor.py:186} INFO - Started process (PID=848) to work on /home/airflow/.local/lib/python3.12/site-packages/airflow/example_dags/tutorial.py
[2026-07-18T20:56:21.101+0000] {processor.py:914} INFO - Processing file /home/airflow/.local/lib/python3.12/site-packages/airflow/example_dags/tutorial.py for tasks to queue
[2026-07-18T20:56:21.104+0000] {logging_mixin.py:190} INFO - [2026-07-18T20:56:21.103+0000] {dagbag.py:588} INFO - Filling up the DagBag from /home/airflow/.local/lib/python3.12/site-packages/airflow/example_dags/tutorial.py
[2026-07-18T20:56:21.112+0000] {processor.py:925} INFO - DAG(s) 'tutorial' retrieved from /home/airflow/.local/lib/python3.12/site-packages/airflow/example_dags/tutorial.py
[2026-07-18T20:56:21.131+0000] {logging_mixin.py:190} INFO - [2026-07-18T20:56:21.131+0000] {dag.py:3239} INFO - Sync 1 DAGs
[2026-07-18T20:56:21.152+0000] {logging_mixin.py:190} INFO - [2026-07-18T20:56:21.152+0000] {dag.py:4180} INFO - Setting next_dagrun for tutorial to 2026-07-17 00:00:00+00:00, run_after=2026-07-18 00:00:00+00:00
[2026-07-18T20:56:21.168+0000] {processor.py:208} INFO - Processing /home/airflow/.local/lib/python3.12/site-packages/airflow/example_dags/tutorial.py took 0.074 seconds
[2026-07-18T20:56:52.427+0000] {processor.py:186} INFO - Started process (PID=911) to work on /home/airflow/.local/lib/python3.12/site-packages/airflow/example_dags/tutorial.py
[2026-07-18T20:56:52.428+0000] {processor.py:914} INFO - Processing file /home/airflow/.local/lib/python3.12/site-packages/airflow/example_dags/tutorial.py for tasks to queue
[2026-07-18T20:56:52.431+0000] {logging_mixin.py:190} INFO - [2026-07-18T20:56:52.431+0000] {dagbag.py:588} INFO - Filling up the DagBag from /home/airflow/.local/lib/python3.12/site-packages/airflow/example_dags/tutorial.py
[2026-07-18T20:56:52.439+0000] {processor.py:925} INFO - DAG(s) 'tutorial' retrieved from /home/airflow/.local/lib/python3.12/site-packages/airflow/example_dags/tutorial.py
[2026-07-18T20:56:52.456+0000] {logging_mixin.py:190} INFO - [2026-07-18T20:56:52.455+0000] {dag.py:3239} INFO - Sync 1 DAGs
[2026-07-18T20:56:52.477+0000] {logging_mixin.py:190} INFO - [2026-07-18T20:56:52.477+0000] {dag.py:4180} INFO - Setting next_dagrun for tutorial to 2026-07-17 00:00:00+00:00, run_after=2026-07-18 00:00:00+00:00
[2026-07-18T20:56:52.496+0000] {processor.py:208} INFO - Processing /home/airflow/.local/lib/python3.12/site-packages/airflow/example_dags/tutorial.py took 0.074 seconds
[2026-07-18T20:57:23.882+0000] {processor.py:186} INFO - Started process (PID=974) to work on /home/airflow/.local/lib/python3.12/site-packages/airflow/example_dags/tutorial.py
[2026-07-18T20:57:23.883+0000] {processor.py:914} INFO - Processing file /home/airflow/.local/lib/python3.12/site-packages/airflow/example_dags/tutorial.py for tasks to queue
[2026-07-18T20:57:23.887+0000] {logging_mixin.py:190} INFO - [2026-07-18T20:57:23.886+0000] {dagbag.py:588} INFO - Filling up the DagBag from /home/airflow/.local/lib/python3.12/site-packages/airflow/example_dags/tutorial.py
[2026-07-18T20:57:23.897+0000] {processor.py:925} INFO - DAG(s) 'tutorial' retrieved from /home/airflow/.local/lib/python3.12/site-packages/airflow/example_dags/tutorial.py
[2026-07-18T20:57:23.915+0000] {logging_mixin.py:190} INFO - [2026-07-18T20:57:23.915+0000] {dag.py:3239} INFO - Sync 1 DAGs
[2026-07-18T20:57:23.936+0000] {logging_mixin.py:190} INFO - [2026-07-18T20:57:23.936+0000] {dag.py:4180} INFO - Setting next_dagrun for tutorial to 2026-07-17 00:00:00+00:00, run_after=2026-07-18 00:00:00+00:00
[2026-07-18T20:57:23.954+0000] {processor.py:208} INFO - Processing /home/airflow/.local/lib/python3.12/site-packages/airflow/example_dags/tutorial.py took 0.078 seconds
[2026-07-18T20:57:55.159+0000] {processor.py:186} INFO - Started process (PID=1037) to work on /home/airflow/.local/lib/python3.12/site-packages/airflow/example_dags/tutorial.py
[2026-07-18T20:57:55.160+0000] {processor.py:914} INFO - Processing file /home/airflow/.local/lib/python3.12/site-packages/airflow/example_dags/tutorial.py for tasks to queue
[2026-07-18T20:57:55.163+0000] {logging_mixin.py:190} INFO - [2026-07-18T20:57:55.162+0000] {dagbag.py:588} INFO - Filling up the DagBag from /home/airflow/.local/lib/python3.12/site-packages/airflow/example_dags/tutorial.py
[2026-07-18T20:57:55.170+0000] {processor.py:925} INFO - DAG(s) 'tutorial' retrieved from /home/airflow/.local/lib/python3.12/site-packages/airflow/example_dags/tutorial.py
[2026-07-18T20:57:55.185+0000] {logging_mixin.py:190} INFO - [2026-07-18T20:57:55.185+0000] {dag.py:3239} INFO - Sync 1 DAGs
[2026-07-18T20:57:55.203+0000] {logging_mixin.py:190} INFO - [2026-07-18T20:57:55.203+0000] {dag.py:4180} INFO - Setting next_dagrun for tutorial to 2026-07-17 00:00:00+00:00, run_after=2026-07-18 00:00:00+00:00
[2026-07-18T20:57:55.219+0000] {processor.py:208} INFO - Processing /home/airflow/.local/lib/python3.12/site-packages/airflow/example_dags/tutorial.py took 0.064 seconds
[2026-07-18T20:58:26.650+0000] {processor.py:186} INFO - Started process (PID=1100) to work on /home/airflow/.local/lib/python3.12/site-packages/airflow/example_dags/tutorial.py
[2026-07-18T20:58:26.651+0000] {processor.py:914} INFO - Processing file /home/airflow/.local/lib/python3.12/site-packages/airflow/example_dags/tutorial.py for tasks to queue
[2026-07-18T20:58:26.653+0000] {logging_mixin.py:190} INFO - [2026-07-18T20:58:26.653+0000] {dagbag.py:588} INFO - Filling up the DagBag from /home/airflow/.local/lib/python3.12/site-packages/airflow/example_dags/tutorial.py
[2026-07-18T20:58:26.660+0000] {processor.py:925} INFO - DAG(s) 'tutorial' retrieved from /home/airflow/.local/lib/python3.12/site-packages/airflow/example_dags/tutorial.py
[2026-07-18T20:58:26.677+0000] {logging_mixin.py:190} INFO - [2026-07-18T20:58:26.676+0000] {dag.py:3239} INFO - Sync 1 DAGs
[2026-07-18T20:58:26.696+0000] {logging_mixin.py:190} INFO - [2026-07-18T20:58:26.696+0000] {dag.py:4180} INFO - Setting next_dagrun for tutorial to 2026-07-17 00:00:00+00:00, run_after=2026-07-18 00:00:00+00:00
[2026-07-18T20:58:26.713+0000] {processor.py:208} INFO - Processing /home/airflow/.local/lib/python3.12/site-packages/airflow/example_dags/tutorial.py took 0.069 seconds
[2026-07-18T20:58:57.241+0000] {processor.py:186} INFO - Started process (PID=1163) to work on /home/airflow/.local/lib/python3.12/site-packages/airflow/example_dags/tutorial.py
[2026-07-18T20:58:57.242+0000] {processor.py:914} INFO - Processing file /home/airflow/.local/lib/python3.12/site-packages/airflow/example_dags/tutorial.py for tasks to queue
[2026-07-18T20:58:57.246+0000] {logging_mixin.py:190} INFO - [2026-07-18T20:58:57.245+0000] {dagbag.py:588} INFO - Filling up the DagBag from /home/airflow/.local/lib/python3.12/site-packages/airflow/example_dags/tutorial.py
[2026-07-18T20:58:57.255+0000] {processor.py:925} INFO - DAG(s) 'tutorial' retrieved from /home/airflow/.local/lib/python3.12/site-packages/airflow/example_dags/tutorial.py
[2026-07-18T20:58:57.275+0000] {logging_mixin.py:190} INFO - [2026-07-18T20:58:57.275+0000] {dag.py:3239} INFO - Sync 1 DAGs
[2026-07-18T20:58:57.298+0000] {logging_mixin.py:190} INFO - [2026-07-18T20:58:57.298+0000] {dag.py:4180} INFO - Setting next_dagrun for tutorial to 2026-07-17 00:00:00+00:00, run_after=2026-07-18 00:00:00+00:00
[2026-07-18T20:58:57.314+0000] {processor.py:208} INFO - Processing /home/airflow/.local/lib/python3.12/site-packages/airflow/example_dags/tutorial.py took 0.080 seconds
[2026-07-18T20:59:28.588+0000] {processor.py:186} INFO - Started process (PID=1226) to work on /home/airflow/.local/lib/python3.12/site-packages/airflow/example_dags/tutorial.py
[2026-07-18T20:59:28.589+0000] {processor.py:914} INFO - Processing file /home/airflow/.local/lib/python3.12/site-packages/airflow/example_dags/tutorial.py for tasks to queue
[2026-07-18T20:59:28.591+0000] {logging_mixin.py:190} INFO - [2026-07-18T20:59:28.591+0000] {dagbag.py:588} INFO - Filling up the DagBag from /home/airflow/.local/lib/python3.12/site-packages/airflow/example_dags/tutorial.py
[2026-07-18T20:59:28.599+0000] {processor.py:925} INFO - DAG(s) 'tutorial' retrieved from /home/airflow/.local/lib/python3.12/site-packages/airflow/example_dags/tutorial.py
[2026-07-18T20:59:28.616+0000] {logging_mixin.py:190} INFO - [2026-07-18T20:59:28.616+0000] {dag.py:3239} INFO - Sync 1 DAGs
[2026-07-18T20:59:28.635+0000] {logging_mixin.py:190} INFO - [2026-07-18T20:59:28.635+0000] {dag.py:4180} INFO - Setting next_dagrun for tutorial to 2026-07-17 00:00:00+00:00, run_after=2026-07-18 00:00:00+00:00
[2026-07-18T20:59:28.653+0000] {processor.py:208} INFO - Processing /home/airflow/.local/lib/python3.12/site-packages/airflow/example_dags/tutorial.py took 0.070 seconds
[2026-07-18T20:59:59.243+0000] {processor.py:186} INFO - Started process (PID=1289) to work on /home/airflow/.local/lib/python3.12/site-packages/airflow/example_dags/tutorial.py
[2026-07-18T20:59:59.245+0000] {processor.py:914} INFO - Processing file /home/airflow/.local/lib/python3.12/site-packages/airflow/example_dags/tutorial.py for tasks to queue
[2026-07-18T20:59:59.248+0000] {logging_mixin.py:190} INFO - [2026-07-18T20:59:59.247+0000] {dagbag.py:588} INFO - Filling up the DagBag from /home/airflow/.local/lib/python3.12/site-packages/airflow/example_dags/tutorial.py
[2026-07-18T20:59:59.256+0000] {processor.py:925} INFO - DAG(s) 'tutorial' retrieved from /home/airflow/.local/lib/python3.12/site-packages/airflow/example_dags/tutorial.py
[2026-07-18T20:59:59.276+0000] {logging_mixin.py:190} INFO - [2026-07-18T20:59:59.276+0000] {dag.py:3239} INFO - Sync 1 DAGs
[2026-07-18T20:59:59.298+0000] {logging_mixin.py:190} INFO - [2026-07-18T20:59:59.298+0000] {dag.py:4180} INFO - Setting next_dagrun for tutorial to 2026-07-17 00:00:00+00:00, run_after=2026-07-18 00:00:00+00:00
[2026-07-18T20:59:59.317+0000] {processor.py:208} INFO - Processing /home/airflow/.local/lib/python3.12/site-packages/airflow/example_dags/tutorial.py took 0.080 seconds
[2026-07-18T21:00:30.606+0000] {processor.py:186} INFO - Started process (PID=1352) to work on /home/airflow/.local/lib/python3.12/site-packages/airflow/example_dags/tutorial.py
[2026-07-18T21:00:30.607+0000] {processor.py:914} INFO - Processing file /home/airflow/.local/lib/python3.12/site-packages/airflow/example_dags/tutorial.py for tasks to queue
[2026-07-18T21:00:30.610+0000] {logging_mixin.py:190} INFO - [2026-07-18T21:00:30.610+0000] {dagbag.py:588} INFO - Filling up the DagBag from /home/airflow/.local/lib/python3.12/site-packages/airflow/example_dags/tutorial.py
[2026-07-18T21:00:30.617+0000] {processor.py:925} INFO - DAG(s) 'tutorial' retrieved from /home/airflow/.local/lib/python3.12/site-packages/airflow/example_dags/tutorial.py
[2026-07-18T21:00:30.633+0000] {logging_mixin.py:190} INFO - [2026-07-18T21:00:30.632+0000] {dag.py:3239} INFO - Sync 1 DAGs
[2026-07-18T21:00:30.652+0000] {logging_mixin.py:190} INFO - [2026-07-18T21:00:30.652+0000] {dag.py:4180} INFO - Setting next_dagrun for tutorial to 2026-07-17 00:00:00+00:00, run_after=2026-07-18 00:00:00+00:00
[2026-07-18T21:00:30.668+0000] {processor.py:208} INFO - Processing /home/airflow/.local/lib/python3.12/site-packages/airflow/example_dags/tutorial.py took 0.067 seconds
[2026-07-18T21:01:02.350+0000] {processor.py:186} INFO - Started process (PID=1415) to work on /home/airflow/.local/lib/python3.12/site-packages/airflow/example_dags/tutorial.py
[2026-07-18T21:01:02.353+0000] {processor.py:914} INFO - Processing file /home/airflow/.local/lib/python3.12/site-packages/airflow/example_dags/tutorial.py for tasks to queue
[2026-07-18T21:01:02.357+0000] {logging_mixin.py:190} INFO - [2026-07-18T21:01:02.357+0000] {dagbag.py:588} INFO - Filling up the DagBag from /home/airflow/.local/lib/python3.12/site-packages/airflow/example_dags/tutorial.py
[2026-07-18T21:01:02.368+0000] {processor.py:925} INFO - DAG(s) 'tutorial' retrieved from /home/airflow/.local/lib/python3.12/site-packages/airflow/example_dags/tutorial.py
[2026-07-18T21:01:02.403+0000] {logging_mixin.py:190} INFO - [2026-07-18T21:01:02.402+0000] {dag.py:3239} INFO - Sync 1 DAGs
[2026-07-18T21:01:02.442+0000] {logging_mixin.py:190} INFO - [2026-07-18T21:01:02.441+0000] {dag.py:4180} INFO - Setting next_dagrun for tutorial to 2026-07-17 00:00:00+00:00, run_after=2026-07-18 00:00:00+00:00
[2026-07-18T21:01:02.523+0000] {processor.py:208} INFO - Processing /home/airflow/.local/lib/python3.12/site-packages/airflow/example_dags/tutorial.py took 0.183 seconds
[2026-07-18T21:01:33.626+0000] {processor.py:186} INFO - Started process (PID=1478) to work on /home/airflow/.local/lib/python3.12/site-packages/airflow/example_dags/tutorial.py
[2026-07-18T21:01:33.628+0000] {processor.py:914} INFO - Processing file /home/airflow/.local/lib/python3.12/site-packages/airflow/example_dags/tutorial.py for tasks to queue
[2026-07-18T21:01:33.633+0000] {logging_mixin.py:190} INFO - [2026-07-18T21:01:33.632+0000] {dagbag.py:588} INFO - Filling up the DagBag from /home/airflow/.local/lib/python3.12/site-packages/airflow/example_dags/tutorial.py
[2026-07-18T21:01:33.644+0000] {processor.py:925} INFO - DAG(s) 'tutorial' retrieved from /home/airflow/.local/lib/python3.12/site-packages/airflow/example_dags/tutorial.py
[2026-07-18T21:01:33.683+0000] {logging_mixin.py:190} INFO - [2026-07-18T21:01:33.683+0000] {dag.py:3239} INFO - Sync 1 DAGs
[2026-07-18T21:01:33.725+0000] {logging_mixin.py:190} INFO - [2026-07-18T21:01:33.725+0000] {dag.py:4180} INFO - Setting next_dagrun for tutorial to 2026-07-17 00:00:00+00:00, run_after=2026-07-18 00:00:00+00:00
[2026-07-18T21:01:33.810+0000] {processor.py:208} INFO - Processing /home/airflow/.local/lib/python3.12/site-packages/airflow/example_dags/tutorial.py took 0.192 seconds
[2026-07-18T21:02:05.471+0000] {processor.py:186} INFO - Started process (PID=1547) to work on /home/airflow/.local/lib/python3.12/site-packages/airflow/example_dags/tutorial.py
[2026-07-18T21:02:05.474+0000] {processor.py:914} INFO - Processing file /home/airflow/.local/lib/python3.12/site-packages/airflow/example_dags/tutorial.py for tasks to queue
[2026-07-18T21:02:05.480+0000] {logging_mixin.py:190} INFO - [2026-07-18T21:02:05.478+0000] {dagbag.py:588} INFO - Filling up the DagBag from /home/airflow/.local/lib/python3.12/site-packages/airflow/example_dags/tutorial.py
[2026-07-18T21:02:05.500+0000] {processor.py:925} INFO - DAG(s) 'tutorial' retrieved from /home/airflow/.local/lib/python3.12/site-packages/airflow/example_dags/tutorial.py
[2026-07-18T21:02:05.539+0000] {logging_mixin.py:190} INFO - [2026-07-18T21:02:05.538+0000] {dag.py:3239} INFO - Sync 1 DAGs
[2026-07-18T21:02:05.588+0000] {logging_mixin.py:190} INFO - [2026-07-18T21:02:05.588+0000] {dag.py:4180} INFO - Setting next_dagrun for tutorial to 2026-07-17 00:00:00+00:00, run_after=2026-07-18 00:00:00+00:00
[2026-07-18T21:02:05.617+0000] {processor.py:208} INFO - Processing /home/airflow/.local/lib/python3.12/site-packages/airflow/example_dags/tutorial.py took 0.157 seconds
[2026-07-18T21:02:36.933+0000] {processor.py:186} INFO - Started process (PID=1610) to work on /home/airflow/.local/lib/python3.12/site-packages/airflow/example_dags/tutorial.py
[2026-07-18T21:02:36.935+0000] {processor.py:914} INFO - Processing file /home/airflow/.local/lib/python3.12/site-packages/airflow/example_dags/tutorial.py for tasks to queue
[2026-07-18T21:02:36.940+0000] {logging_mixin.py:190} INFO - [2026-07-18T21:02:36.939+0000] {dagbag.py:588} INFO - Filling up the DagBag from /home/airflow/.local/lib/python3.12/site-packages/airflow/example_dags/tutorial.py
[2026-07-18T21:02:36.956+0000] {processor.py:925} INFO - DAG(s) 'tutorial' retrieved from /home/airflow/.local/lib/python3.12/site-packages/airflow/example_dags/tutorial.py
[2026-07-18T21:02:36.987+0000] {logging_mixin.py:190} INFO - [2026-07-18T21:02:36.987+0000] {dag.py:3239} INFO - Sync 1 DAGs
[2026-07-18T21:02:37.025+0000] {logging_mixin.py:190} INFO - [2026-07-18T21:02:37.025+0000] {dag.py:4180} INFO - Setting next_dagrun for tutorial to 2026-07-17 00:00:00+00:00, run_after=2026-07-18 00:00:00+00:00
[2026-07-18T21:02:37.057+0000] {processor.py:208} INFO - Processing /home/airflow/.local/lib/python3.12/site-packages/airflow/example_dags/tutorial.py took 0.133 seconds
[2026-07-18T21:03:08.210+0000] {processor.py:186} INFO - Started process (PID=1673) to work on /home/airflow/.local/lib/python3.12/site-packages/airflow/example_dags/tutorial.py
[2026-07-18T21:03:08.212+0000] {processor.py:914} INFO - Processing file /home/airflow/.local/lib/python3.12/site-packages/airflow/example_dags/tutorial.py for tasks to queue
[2026-07-18T21:03:08.216+0000] {logging_mixin.py:190} INFO - [2026-07-18T21:03:08.216+0000] {dagbag.py:588} INFO - Filling up the DagBag from /home/airflow/.local/lib/python3.12/site-packages/airflow/example_dags/tutorial.py
[2026-07-18T21:03:08.227+0000] {processor.py:925} INFO - DAG(s) 'tutorial' retrieved from /home/airflow/.local/lib/python3.12/site-packages/airflow/example_dags/tutorial.py
[2026-07-18T21:03:08.259+0000] {logging_mixin.py:190} INFO - [2026-07-18T21:03:08.258+0000] {dag.py:3239} INFO - Sync 1 DAGs
[2026-07-18T21:03:08.288+0000] {logging_mixin.py:190} INFO - [2026-07-18T21:03:08.287+0000] {dag.py:4180} INFO - Setting next_dagrun for tutorial to 2026-07-17 00:00:00+00:00, run_after=2026-07-18 00:00:00+00:00
[2026-07-18T21:03:08.369+0000] {processor.py:208} INFO - Processing /home/airflow/.local/lib/python3.12/site-packages/airflow/example_dags/tutorial.py took 0.166 seconds
[2026-07-18T21:03:39.679+0000] {processor.py:186} INFO - Started process (PID=1736) to work on /home/airflow/.local/lib/python3.12/site-packages/airflow/example_dags/tutorial.py
[2026-07-18T21:03:39.682+0000] {processor.py:914} INFO - Processing file /home/airflow/.local/lib/python3.12/site-packages/airflow/example_dags/tutorial.py for tasks to queue
[2026-07-18T21:03:39.689+0000] {logging_mixin.py:190} INFO - [2026-07-18T21:03:39.689+0000] {dagbag.py:588} INFO - Filling up the DagBag from /home/airflow/.local/lib/python3.12/site-packages/airflow/example_dags/tutorial.py
[2026-07-18T21:03:39.710+0000] {processor.py:925} INFO - DAG(s) 'tutorial' retrieved from /home/airflow/.local/lib/python3.12/site-packages/airflow/example_dags/tutorial.py
[2026-07-18T21:03:39.761+0000] {logging_mixin.py:190} INFO - [2026-07-18T21:03:39.760+0000] {dag.py:3239} INFO - Sync 1 DAGs
[2026-07-18T21:03:39.826+0000] {logging_mixin.py:190} INFO - [2026-07-18T21:03:39.825+0000] {dag.py:4180} INFO - Setting next_dagrun for tutorial to 2026-07-17 00:00:00+00:00, run_after=2026-07-18 00:00:00+00:00
[2026-07-18T21:03:39.883+0000] {processor.py:208} INFO - Processing /home/airflow/.local/lib/python3.12/site-packages/airflow/example_dags/tutorial.py took 0.221 seconds
[2026-07-18T21:04:11.662+0000] {processor.py:186} INFO - Started process (PID=1800) to work on /home/airflow/.local/lib/python3.12/site-packages/airflow/example_dags/tutorial.py
[2026-07-18T21:04:11.664+0000] {processor.py:914} INFO - Processing file /home/airflow/.local/lib/python3.12/site-packages/airflow/example_dags/tutorial.py for tasks to queue
[2026-07-18T21:04:11.672+0000] {logging_mixin.py:190} INFO - [2026-07-18T21:04:11.671+0000] {dagbag.py:588} INFO - Filling up the DagBag from /home/airflow/.local/lib/python3.12/site-packages/airflow/example_dags/tutorial.py
[2026-07-18T21:04:11.689+0000] {processor.py:925} INFO - DAG(s) 'tutorial' retrieved from /home/airflow/.local/lib/python3.12/site-packages/airflow/example_dags/tutorial.py
[2026-07-18T21:04:11.722+0000] {logging_mixin.py:190} INFO - [2026-07-18T21:04:11.722+0000] {dag.py:3239} INFO - Sync 1 DAGs
[2026-07-18T21:04:11.776+0000] {logging_mixin.py:190} INFO - [2026-07-18T21:04:11.776+0000] {dag.py:4180} INFO - Setting next_dagrun for tutorial to 2026-07-17 00:00:00+00:00, run_after=2026-07-18 00:00:00+00:00
[2026-07-18T21:04:11.813+0000] {processor.py:208} INFO - Processing /home/airflow/.local/lib/python3.12/site-packages/airflow/example_dags/tutorial.py took 0.159 seconds
[2026-07-18T21:04:42.767+0000] {processor.py:186} INFO - Started process (PID=1863) to work on /home/airflow/.local/lib/python3.12/site-packages/airflow/example_dags/tutorial.py
[2026-07-18T21:04:42.769+0000] {processor.py:914} INFO - Processing file /home/airflow/.local/lib/python3.12/site-packages/airflow/example_dags/tutorial.py for tasks to queue
[2026-07-18T21:04:42.774+0000] {logging_mixin.py:190} INFO - [2026-07-18T21:04:42.773+0000] {dagbag.py:588} INFO - Filling up the DagBag from /home/airflow/.local/lib/python3.12/site-packages/airflow/example_dags/tutorial.py
[2026-07-18T21:04:42.786+0000] {processor.py:925} INFO - DAG(s) 'tutorial' retrieved from /home/airflow/.local/lib/python3.12/site-packages/airflow/example_dags/tutorial.py
[2026-07-18T21:04:42.820+0000] {logging_mixin.py:190} INFO - [2026-07-18T21:04:42.820+0000] {dag.py:3239} INFO - Sync 1 DAGs
[2026-07-18T21:04:42.877+0000] {logging_mixin.py:190} INFO - [2026-07-18T21:04:42.876+0000] {dag.py:4180} INFO - Setting next_dagrun for tutorial to 2026-07-17 00:00:00+00:00, run_after=2026-07-18 00:00:00+00:00
[2026-07-18T21:04:42.911+0000] {processor.py:208} INFO - Processing /home/airflow/.local/lib/python3.12/site-packages/airflow/example_dags/tutorial.py took 0.153 seconds
[2026-07-18T21:05:13.897+0000] {processor.py:186} INFO - Started process (PID=1926) to work on /home/airflow/.local/lib/python3.12/site-packages/airflow/example_dags/tutorial.py
[2026-07-18T21:05:13.900+0000] {processor.py:914} INFO - Processing file /home/airflow/.local/lib/python3.12/site-packages/airflow/example_dags/tutorial.py for tasks to queue
[2026-07-18T21:05:13.902+0000] {logging_mixin.py:190} INFO - [2026-07-18T21:05:13.902+0000] {dagbag.py:588} INFO - Filling up the DagBag from /home/airflow/.local/lib/python3.12/site-packages/airflow/example_dags/tutorial.py
[2026-07-18T21:05:13.909+0000] {processor.py:925} INFO - DAG(s) 'tutorial' retrieved from /home/airflow/.local/lib/python3.12/site-packages/airflow/example_dags/tutorial.py
[2026-07-18T21:05:13.928+0000] {logging_mixin.py:190} INFO - [2026-07-18T21:05:13.928+0000] {dag.py:3239} INFO - Sync 1 DAGs
[2026-07-18T21:05:13.949+0000] {logging_mixin.py:190} INFO - [2026-07-18T21:05:13.949+0000] {dag.py:4180} INFO - Setting next_dagrun for tutorial to 2026-07-17 00:00:00+00:00, run_after=2026-07-18 00:00:00+00:00
[2026-07-18T21:05:13.966+0000] {processor.py:208} INFO - Processing /home/airflow/.local/lib/python3.12/site-packages/airflow/example_dags/tutorial.py took 0.073 seconds
[2026-07-18T21:05:45.660+0000] {processor.py:186} INFO - Started process (PID=1989) to work on /home/airflow/.local/lib/python3.12/site-packages/airflow/example_dags/tutorial.py
[2026-07-18T21:05:45.663+0000] {processor.py:914} INFO - Processing file /home/airflow/.local/lib/python3.12/site-packages/airflow/example_dags/tutorial.py for tasks to queue
[2026-07-18T21:05:45.669+0000] {logging_mixin.py:190} INFO - [2026-07-18T21:05:45.668+0000] {dagbag.py:588} INFO - Filling up the DagBag from /home/airflow/.local/lib/python3.12/site-packages/airflow/example_dags/tutorial.py
[2026-07-18T21:05:45.685+0000] {processor.py:925} INFO - DAG(s) 'tutorial' retrieved from /home/airflow/.local/lib/python3.12/site-packages/airflow/example_dags/tutorial.py
[2026-07-18T21:05:45.717+0000] {logging_mixin.py:190} INFO - [2026-07-18T21:05:45.717+0000] {dag.py:3239} INFO - Sync 1 DAGs
[2026-07-18T21:05:45.748+0000] {logging_mixin.py:190} INFO - [2026-07-18T21:05:45.748+0000] {dag.py:4180} INFO - Setting next_dagrun for tutorial to 2026-07-17 00:00:00+00:00, run_after=2026-07-18 00:00:00+00:00
[2026-07-18T21:05:45.780+0000] {processor.py:208} INFO - Processing /home/airflow/.local/lib/python3.12/site-packages/airflow/example_dags/tutorial.py took 0.129 seconds
[2026-07-18T21:06:17.354+0000] {processor.py:186} INFO - Started process (PID=2052) to work on /home/airflow/.local/lib/python3.12/site-packages/airflow/example_dags/tutorial.py
[2026-07-18T21:06:17.357+0000] {processor.py:914} INFO - Processing file /home/airflow/.local/lib/python3.12/site-packages/airflow/example_dags/tutorial.py for tasks to queue
[2026-07-18T21:06:17.362+0000] {logging_mixin.py:190} INFO - [2026-07-18T21:06:17.361+0000] {dagbag.py:588} INFO - Filling up the DagBag from /home/airflow/.local/lib/python3.12/site-packages/airflow/example_dags/tutorial.py
[2026-07-18T21:06:17.379+0000] {processor.py:925} INFO - DAG(s) 'tutorial' retrieved from /home/airflow/.local/lib/python3.12/site-packages/airflow/example_dags/tutorial.py
[2026-07-18T21:06:17.419+0000] {logging_mixin.py:190} INFO - [2026-07-18T21:06:17.419+0000] {dag.py:3239} INFO - Sync 1 DAGs
[2026-07-18T21:06:17.470+0000] {logging_mixin.py:190} INFO - [2026-07-18T21:06:17.470+0000] {dag.py:4180} INFO - Setting next_dagrun for tutorial to 2026-07-17 00:00:00+00:00, run_after=2026-07-18 00:00:00+00:00
[2026-07-18T21:06:17.510+0000] {processor.py:208} INFO - Processing /home/airflow/.local/lib/python3.12/site-packages/airflow/example_dags/tutorial.py took 0.168 seconds
[2026-07-18T21:06:49.247+0000] {processor.py:186} INFO - Started process (PID=2118) to work on /home/airflow/.local/lib/python3.12/site-packages/airflow/example_dags/tutorial.py
[2026-07-18T21:06:49.249+0000] {processor.py:914} INFO - Processing file /home/airflow/.local/lib/python3.12/site-packages/airflow/example_dags/tutorial.py for tasks to queue
[2026-07-18T21:06:49.253+0000] {logging_mixin.py:190} INFO - [2026-07-18T21:06:49.253+0000] {dagbag.py:588} INFO - Filling up the DagBag from /home/airflow/.local/lib/python3.12/site-packages/airflow/example_dags/tutorial.py
[2026-07-18T21:06:49.266+0000] {processor.py:925} INFO - DAG(s) 'tutorial' retrieved from /home/airflow/.local/lib/python3.12/site-packages/airflow/example_dags/tutorial.py
[2026-07-18T21:06:49.294+0000] {logging_mixin.py:190} INFO - [2026-07-18T21:06:49.294+0000] {dag.py:3239} INFO - Sync 1 DAGs
[2026-07-18T21:06:49.328+0000] {logging_mixin.py:190} INFO - [2026-07-18T21:06:49.328+0000] {dag.py:4180} INFO - Setting next_dagrun for tutorial to 2026-07-17 00:00:00+00:00, run_after=2026-07-18 00:00:00+00:00
[2026-07-18T21:06:49.414+0000] {processor.py:208} INFO - Processing /home/airflow/.local/lib/python3.12/site-packages/airflow/example_dags/tutorial.py took 0.176 seconds
[2026-07-18T21:07:20.198+0000] {processor.py:186} INFO - Started process (PID=2181) to work on /home/airflow/.local/lib/python3.12/site-packages/airflow/example_dags/tutorial.py
[2026-07-18T21:07:20.201+0000] {processor.py:914} INFO - Processing file /home/airflow/.local/lib/python3.12/site-packages/airflow/example_dags/tutorial.py for tasks to queue
[2026-07-18T21:07:20.209+0000] {logging_mixin.py:190} INFO - [2026-07-18T21:07:20.208+0000] {dagbag.py:588} INFO - Filling up the DagBag from /home/airflow/.local/lib/python3.12/site-packages/airflow/example_dags/tutorial.py
[2026-07-18T21:07:20.221+0000] {processor.py:925} INFO - DAG(s) 'tutorial' retrieved from /home/airflow/.local/lib/python3.12/site-packages/airflow/example_dags/tutorial.py
[2026-07-18T21:07:20.272+0000] {logging_mixin.py:190} INFO - [2026-07-18T21:07:20.271+0000] {dag.py:3239} INFO - Sync 1 DAGs
[2026-07-18T21:07:20.328+0000] {logging_mixin.py:190} INFO - [2026-07-18T21:07:20.328+0000] {dag.py:4180} INFO - Setting next_dagrun for tutorial to 2026-07-17 00:00:00+00:00, run_after=2026-07-18 00:00:00+00:00
[2026-07-18T21:07:20.373+0000] {processor.py:208} INFO - Processing /home/airflow/.local/lib/python3.12/site-packages/airflow/example_dags/tutorial.py took 0.192 seconds
[2026-07-18T21:07:51.437+0000] {processor.py:186} INFO - Started process (PID=2244) to work on /home/airflow/.local/lib/python3.12/site-packages/airflow/example_dags/tutorial.py
[2026-07-18T21:07:51.440+0000] {processor.py:914} INFO - Processing file /home/airflow/.local/lib/python3.12/site-packages/airflow/example_dags/tutorial.py for tasks to queue
[2026-07-18T21:07:51.448+0000] {logging_mixin.py:190} INFO - [2026-07-18T21:07:51.447+0000] {dagbag.py:588} INFO - Filling up the DagBag from /home/airflow/.local/lib/python3.12/site-packages/airflow/example_dags/tutorial.py
[2026-07-18T21:07:51.466+0000] {processor.py:925} INFO - DAG(s) 'tutorial' retrieved from /home/airflow/.local/lib/python3.12/site-packages/airflow/example_dags/tutorial.py
[2026-07-18T21:07:51.501+0000] {logging_mixin.py:190} INFO - [2026-07-18T21:07:51.500+0000] {dag.py:3239} INFO - Sync 1 DAGs
[2026-07-18T21:07:51.546+0000] {logging_mixin.py:190} INFO - [2026-07-18T21:07:51.546+0000] {dag.py:4180} INFO - Setting next_dagrun for tutorial to 2026-07-17 00:00:00+00:00, run_after=2026-07-18 00:00:00+00:00
[2026-07-18T21:07:51.608+0000] {processor.py:208} INFO - Processing /home/airflow/.local/lib/python3.12/site-packages/airflow/example_dags/tutorial.py took 0.184 seconds
[2026-07-18T21:08:22.623+0000] {processor.py:186} INFO - Started process (PID=2307) to work on /home/airflow/.local/lib/python3.12/site-packages/airflow/example_dags/tutorial.py
[2026-07-18T21:08:22.625+0000] {processor.py:914} INFO - Processing file /home/airflow/.local/lib/python3.12/site-packages/airflow/example_dags/tutorial.py for tasks to queue
[2026-07-18T21:08:22.631+0000] {logging_mixin.py:190} INFO - [2026-07-18T21:08:22.630+0000] {dagbag.py:588} INFO - Filling up the DagBag from /home/airflow/.local/lib/python3.12/site-packages/airflow/example_dags/tutorial.py
[2026-07-18T21:08:22.651+0000] {processor.py:925} INFO - DAG(s) 'tutorial' retrieved from /home/airflow/.local/lib/python3.12/site-packages/airflow/example_dags/tutorial.py
[2026-07-18T21:08:22.704+0000] {logging_mixin.py:190} INFO - [2026-07-18T21:08:22.704+0000] {dag.py:3239} INFO - Sync 1 DAGs
[2026-07-18T21:08:22.747+0000] {logging_mixin.py:190} INFO - [2026-07-18T21:08:22.747+0000] {dag.py:4180} INFO - Setting next_dagrun for tutorial to 2026-07-17 00:00:00+00:00, run_after=2026-07-18 00:00:00+00:00
[2026-07-18T21:08:22.781+0000] {processor.py:208} INFO - Processing /home/airflow/.local/lib/python3.12/site-packages/airflow/example_dags/tutorial.py took 0.165 seconds
[2026-07-18T21:16:30.595+0000] {processor.py:186} INFO - Started process (PID=2376) to work on /home/airflow/.local/lib/python3.12/site-packages/airflow/example_dags/tutorial.py
[2026-07-18T21:16:30.602+0000] {processor.py:914} INFO - Processing file /home/airflow/.local/lib/python3.12/site-packages/airflow/example_dags/tutorial.py for tasks to queue
[2026-07-18T21:16:30.617+0000] {logging_mixin.py:190} INFO - [2026-07-18T21:16:30.616+0000] {dagbag.py:588} INFO - Filling up the DagBag from /home/airflow/.local/lib/python3.12/site-packages/airflow/example_dags/tutorial.py
[2026-07-18T21:16:30.649+0000] {processor.py:925} INFO - DAG(s) 'tutorial' retrieved from /home/airflow/.local/lib/python3.12/site-packages/airflow/example_dags/tutorial.py
[2026-07-18T21:16:30.740+0000] {logging_mixin.py:190} INFO - [2026-07-18T21:16:30.740+0000] {dag.py:3239} INFO - Sync 1 DAGs
[2026-07-18T21:16:30.847+0000] {logging_mixin.py:190} INFO - [2026-07-18T21:16:30.847+0000] {dag.py:4180} INFO - Setting next_dagrun for tutorial to 2026-07-17 00:00:00+00:00, run_after=2026-07-18 00:00:00+00:00
[2026-07-18T21:16:30.922+0000] {processor.py:208} INFO - Processing /home/airflow/.local/lib/python3.12/site-packages/airflow/example_dags/tutorial.py took 0.347 seconds
[2026-07-18T21:17:01.116+0000] {processor.py:186} INFO - Started process (PID=2438) to work on /home/airflow/.local/lib/python3.12/site-packages/airflow/example_dags/tutorial.py
[2026-07-18T21:17:01.119+0000] {processor.py:914} INFO - Processing file /home/airflow/.local/lib/python3.12/site-packages/airflow/example_dags/tutorial.py for tasks to queue
[2026-07-18T21:17:01.124+0000] {logging_mixin.py:190} INFO - [2026-07-18T21:17:01.124+0000] {dagbag.py:588} INFO - Filling up the DagBag from /home/airflow/.local/lib/python3.12/site-packages/airflow/example_dags/tutorial.py
[2026-07-18T21:17:01.140+0000] {processor.py:925} INFO - DAG(s) 'tutorial' retrieved from /home/airflow/.local/lib/python3.12/site-packages/airflow/example_dags/tutorial.py
[2026-07-18T21:17:01.185+0000] {logging_mixin.py:190} INFO - [2026-07-18T21:17:01.184+0000] {dag.py:3239} INFO - Sync 1 DAGs
[2026-07-18T21:17:01.238+0000] {logging_mixin.py:190} INFO - [2026-07-18T21:17:01.238+0000] {dag.py:4180} INFO - Setting next_dagrun for tutorial to 2026-07-17 00:00:00+00:00, run_after=2026-07-18 00:00:00+00:00
[2026-07-18T21:17:01.282+0000] {processor.py:208} INFO - Processing /home/airflow/.local/lib/python3.12/site-packages/airflow/example_dags/tutorial.py took 0.177 seconds
[2026-07-18T21:17:32.030+0000] {processor.py:186} INFO - Started process (PID=2502) to work on /home/airflow/.local/lib/python3.12/site-packages/airflow/example_dags/tutorial.py
[2026-07-18T21:17:32.033+0000] {processor.py:914} INFO - Processing file /home/airflow/.local/lib/python3.12/site-packages/airflow/example_dags/tutorial.py for tasks to queue
[2026-07-18T21:17:32.038+0000] {logging_mixin.py:190} INFO - [2026-07-18T21:17:32.038+0000] {dagbag.py:588} INFO - Filling up the DagBag from /home/airflow/.local/lib/python3.12/site-packages/airflow/example_dags/tutorial.py
[2026-07-18T21:17:32.052+0000] {processor.py:925} INFO - DAG(s) 'tutorial' retrieved from /home/airflow/.local/lib/python3.12/site-packages/airflow/example_dags/tutorial.py
[2026-07-18T21:17:32.084+0000] {logging_mixin.py:190} INFO - [2026-07-18T21:17:32.084+0000] {dag.py:3239} INFO - Sync 1 DAGs
[2026-07-18T21:17:32.122+0000] {logging_mixin.py:190} INFO - [2026-07-18T21:17:32.122+0000] {dag.py:4180} INFO - Setting next_dagrun for tutorial to 2026-07-17 00:00:00+00:00, run_after=2026-07-18 00:00:00+00:00
[2026-07-18T21:17:32.154+0000] {processor.py:208} INFO - Processing /home/airflow/.local/lib/python3.12/site-packages/airflow/example_dags/tutorial.py took 0.131 seconds
[2026-07-18T21:18:02.495+0000] {processor.py:186} INFO - Started process (PID=2564) to work on /home/airflow/.local/lib/python3.12/site-packages/airflow/example_dags/tutorial.py
[2026-07-18T21:18:02.497+0000] {processor.py:914} INFO - Processing file /home/airflow/.local/lib/python3.12/site-packages/airflow/example_dags/tutorial.py for tasks to queue
[2026-07-18T21:18:02.504+0000] {logging_mixin.py:190} INFO - [2026-07-18T21:18:02.503+0000] {dagbag.py:588} INFO - Filling up the DagBag from /home/airflow/.local/lib/python3.12/site-packages/airflow/example_dags/tutorial.py
[2026-07-18T21:18:02.530+0000] {processor.py:925} INFO - DAG(s) 'tutorial' retrieved from /home/airflow/.local/lib/python3.12/site-packages/airflow/example_dags/tutorial.py
[2026-07-18T21:18:02.567+0000] {logging_mixin.py:190} INFO - [2026-07-18T21:18:02.566+0000] {dag.py:3239} INFO - Sync 1 DAGs
[2026-07-18T21:18:02.613+0000] {logging_mixin.py:190} INFO - [2026-07-18T21:18:02.612+0000] {dag.py:4180} INFO - Setting next_dagrun for tutorial to 2026-07-17 00:00:00+00:00, run_after=2026-07-18 00:00:00+00:00
[2026-07-18T21:18:02.653+0000] {processor.py:208} INFO - Processing /home/airflow/.local/lib/python3.12/site-packages/airflow/example_dags/tutorial.py took 0.176 seconds
[2026-07-18T21:18:33.682+0000] {processor.py:186} INFO - Started process (PID=2627) to work on /home/airflow/.local/lib/python3.12/site-packages/airflow/example_dags/tutorial.py
[2026-07-18T21:18:33.685+0000] {processor.py:914} INFO - Processing file /home/airflow/.local/lib/python3.12/site-packages/airflow/example_dags/tutorial.py for tasks to queue
[2026-07-18T21:18:33.691+0000] {logging_mixin.py:190} INFO - [2026-07-18T21:18:33.690+0000] {dagbag.py:588} INFO - Filling up the DagBag from /home/airflow/.local/lib/python3.12/site-packages/airflow/example_dags/tutorial.py
[2026-07-18T21:18:33.710+0000] {processor.py:925} INFO - DAG(s) 'tutorial' retrieved from /home/airflow/.local/lib/python3.12/site-packages/airflow/example_dags/tutorial.py
[2026-07-18T21:18:33.749+0000] {logging_mixin.py:190} INFO - [2026-07-18T21:18:33.748+0000] {dag.py:3239} INFO - Sync 1 DAGs
[2026-07-18T21:18:33.793+0000] {logging_mixin.py:190} INFO - [2026-07-18T21:18:33.793+0000] {dag.py:4180} INFO - Setting next_dagrun for tutorial to 2026-07-17 00:00:00+00:00, run_after=2026-07-18 00:00:00+00:00
[2026-07-18T21:18:33.823+0000] {processor.py:208} INFO - Processing /home/airflow/.local/lib/python3.12/site-packages/airflow/example_dags/tutorial.py took 0.149 seconds
[2026-07-18T21:19:04.432+0000] {processor.py:186} INFO - Started process (PID=2690) to work on /home/airflow/.local/lib/python3.12/site-packages/airflow/example_dags/tutorial.py
[2026-07-18T21:19:04.434+0000] {processor.py:914} INFO - Processing file /home/airflow/.local/lib/python3.12/site-packages/airflow/example_dags/tutorial.py for tasks to queue
[2026-07-18T21:19:04.440+0000] {logging_mixin.py:190} INFO - [2026-07-18T21:19:04.439+0000] {dagbag.py:588} INFO - Filling up the DagBag from /home/airflow/.local/lib/python3.12/site-packages/airflow/example_dags/tutorial.py
[2026-07-18T21:19:04.452+0000] {processor.py:925} INFO - DAG(s) 'tutorial' retrieved from /home/airflow/.local/lib/python3.12/site-packages/airflow/example_dags/tutorial.py
[2026-07-18T21:19:04.482+0000] {logging_mixin.py:190} INFO - [2026-07-18T21:19:04.482+0000] {dag.py:3239} INFO - Sync 1 DAGs
[2026-07-18T21:19:04.514+0000] {logging_mixin.py:190} INFO - [2026-07-18T21:19:04.514+0000] {dag.py:4180} INFO - Setting next_dagrun for tutorial to 2026-07-17 00:00:00+00:00, run_after=2026-07-18 00:00:00+00:00
[2026-07-18T21:19:04.539+0000] {processor.py:208} INFO - Processing /home/airflow/.local/lib/python3.12/site-packages/airflow/example_dags/tutorial.py took 0.116 seconds
[2026-07-18T21:19:35.061+0000] {processor.py:186} INFO - Started process (PID=2753) to work on /home/airflow/.local/lib/python3.12/site-packages/airflow/example_dags/tutorial.py
[2026-07-18T21:19:35.063+0000] {processor.py:914} INFO - Processing file /home/airflow/.local/lib/python3.12/site-packages/airflow/example_dags/tutorial.py for tasks to queue
[2026-07-18T21:19:35.070+0000] {logging_mixin.py:190} INFO - [2026-07-18T21:19:35.070+0000] {dagbag.py:588} INFO - Filling up the DagBag from /home/airflow/.local/lib/python3.12/site-packages/airflow/example_dags/tutorial.py
[2026-07-18T21:19:35.089+0000] {processor.py:925} INFO - DAG(s) 'tutorial' retrieved from /home/airflow/.local/lib/python3.12/site-packages/airflow/example_dags/tutorial.py
[2026-07-18T21:19:35.121+0000] {logging_mixin.py:190} INFO - [2026-07-18T21:19:35.121+0000] {dag.py:3239} INFO - Sync 1 DAGs
[2026-07-18T21:19:35.153+0000] {logging_mixin.py:190} INFO - [2026-07-18T21:19:35.153+0000] {dag.py:4180} INFO - Setting next_dagrun for tutorial to 2026-07-17 00:00:00+00:00, run_after=2026-07-18 00:00:00+00:00
[2026-07-18T21:19:35.180+0000] {processor.py:208} INFO - Processing /home/airflow/.local/lib/python3.12/site-packages/airflow/example_dags/tutorial.py took 0.132 seconds
[2026-07-18T21:20:05.461+0000] {processor.py:186} INFO - Started process (PID=2816) to work on /home/airflow/.local/lib/python3.12/site-packages/airflow/example_dags/tutorial.py
[2026-07-18T21:20:05.468+0000] {processor.py:914} INFO - Processing file /home/airflow/.local/lib/python3.12/site-packages/airflow/example_dags/tutorial.py for tasks to queue
[2026-07-18T21:20:05.475+0000] {logging_mixin.py:190} INFO - [2026-07-18T21:20:05.475+0000] {dagbag.py:588} INFO - Filling up the DagBag from /home/airflow/.local/lib/python3.12/site-packages/airflow/example_dags/tutorial.py
[2026-07-18T21:20:05.495+0000] {processor.py:925} INFO - DAG(s) 'tutorial' retrieved from /home/airflow/.local/lib/python3.12/site-packages/airflow/example_dags/tutorial.py
[2026-07-18T21:20:05.536+0000] {logging_mixin.py:190} INFO - [2026-07-18T21:20:05.535+0000] {dag.py:3239} INFO - Sync 1 DAGs
[2026-07-18T21:20:05.586+0000] {logging_mixin.py:190} INFO - [2026-07-18T21:20:05.586+0000] {dag.py:4180} INFO - Setting next_dagrun for tutorial to 2026-07-17 00:00:00+00:00, run_after=2026-07-18 00:00:00+00:00
[2026-07-18T21:20:05.620+0000] {processor.py:208} INFO - Processing /home/airflow/.local/lib/python3.12/site-packages/airflow/example_dags/tutorial.py took 0.189 seconds
[2026-07-18T21:20:35.739+0000] {processor.py:186} INFO - Started process (PID=2879) to work on /home/airflow/.local/lib/python3.12/site-packages/airflow/example_dags/tutorial.py
[2026-07-18T21:20:35.742+0000] {processor.py:914} INFO - Processing file /home/airflow/.local/lib/python3.12/site-packages/airflow/example_dags/tutorial.py for tasks to queue
[2026-07-18T21:20:35.747+0000] {logging_mixin.py:190} INFO - [2026-07-18T21:20:35.746+0000] {dagbag.py:588} INFO - Filling up the DagBag from /home/airflow/.local/lib/python3.12/site-packages/airflow/example_dags/tutorial.py
[2026-07-18T21:20:35.765+0000] {processor.py:925} INFO - DAG(s) 'tutorial' retrieved from /home/airflow/.local/lib/python3.12/site-packages/airflow/example_dags/tutorial.py
[2026-07-18T21:20:35.826+0000] {logging_mixin.py:190} INFO - [2026-07-18T21:20:35.826+0000] {dag.py:3239} INFO - Sync 1 DAGs
[2026-07-18T21:20:35.866+0000] {logging_mixin.py:190} INFO - [2026-07-18T21:20:35.865+0000] {dag.py:4180} INFO - Setting next_dagrun for tutorial to 2026-07-17 00:00:00+00:00, run_after=2026-07-18 00:00:00+00:00
[2026-07-18T21:20:35.930+0000] {processor.py:208} INFO - Processing /home/airflow/.local/lib/python3.12/site-packages/airflow/example_dags/tutorial.py took 0.202 seconds
[2026-07-18T21:21:06.515+0000] {processor.py:186} INFO - Started process (PID=2943) to work on /home/airflow/.local/lib/python3.12/site-packages/airflow/example_dags/tutorial.py
[2026-07-18T21:21:06.520+0000] {processor.py:914} INFO - Processing file /home/airflow/.local/lib/python3.12/site-packages/airflow/example_dags/tutorial.py for tasks to queue
[2026-07-18T21:21:06.529+0000] {logging_mixin.py:190} INFO - [2026-07-18T21:21:06.528+0000] {dagbag.py:588} INFO - Filling up the DagBag from /home/airflow/.local/lib/python3.12/site-packages/airflow/example_dags/tutorial.py
[2026-07-18T21:21:06.557+0000] {processor.py:925} INFO - DAG(s) 'tutorial' retrieved from /home/airflow/.local/lib/python3.12/site-packages/airflow/example_dags/tutorial.py
[2026-07-18T21:21:06.608+0000] {logging_mixin.py:190} INFO - [2026-07-18T21:21:06.607+0000] {dag.py:3239} INFO - Sync 1 DAGs
[2026-07-18T21:21:06.662+0000] {logging_mixin.py:190} INFO - [2026-07-18T21:21:06.662+0000] {dag.py:4180} INFO - Setting next_dagrun for tutorial to 2026-07-17 00:00:00+00:00, run_after=2026-07-18 00:00:00+00:00
[2026-07-18T21:21:06.705+0000] {processor.py:208} INFO - Processing /home/airflow/.local/lib/python3.12/site-packages/airflow/example_dags/tutorial.py took 0.200 seconds
[2026-07-18T21:21:37.843+0000] {processor.py:186} INFO - Started process (PID=3006) to work on /home/airflow/.local/lib/python3.12/site-packages/airflow/example_dags/tutorial.py
[2026-07-18T21:21:37.845+0000] {processor.py:914} INFO - Processing file /home/airflow/.local/lib/python3.12/site-packages/airflow/example_dags/tutorial.py for tasks to queue
[2026-07-18T21:21:37.852+0000] {logging_mixin.py:190} INFO - [2026-07-18T21:21:37.851+0000] {dagbag.py:588} INFO - Filling up the DagBag from /home/airflow/.local/lib/python3.12/site-packages/airflow/example_dags/tutorial.py
[2026-07-18T21:21:37.868+0000] {processor.py:925} INFO - DAG(s) 'tutorial' retrieved from /home/airflow/.local/lib/python3.12/site-packages/airflow/example_dags/tutorial.py
[2026-07-18T21:21:37.902+0000] {logging_mixin.py:190} INFO - [2026-07-18T21:21:37.902+0000] {dag.py:3239} INFO - Sync 1 DAGs
[2026-07-18T21:21:37.942+0000] {logging_mixin.py:190} INFO - [2026-07-18T21:21:37.942+0000] {dag.py:4180} INFO - Setting next_dagrun for tutorial to 2026-07-17 00:00:00+00:00, run_after=2026-07-18 00:00:00+00:00
[2026-07-18T21:21:38.019+0000] {processor.py:208} INFO - Processing /home/airflow/.local/lib/python3.12/site-packages/airflow/example_dags/tutorial.py took 0.191 seconds
[2026-07-18T21:22:08.258+0000] {processor.py:186} INFO - Started process (PID=3068) to work on /home/airflow/.local/lib/python3.12/site-packages/airflow/example_dags/tutorial.py
[2026-07-18T21:22:08.261+0000] {processor.py:914} INFO - Processing file /home/airflow/.local/lib/python3.12/site-packages/airflow/example_dags/tutorial.py for tasks to queue
[2026-07-18T21:22:08.274+0000] {logging_mixin.py:190} INFO - [2026-07-18T21:22:08.273+0000] {dagbag.py:588} INFO - Filling up the DagBag from /home/airflow/.local/lib/python3.12/site-packages/airflow/example_dags/tutorial.py
[2026-07-18T21:22:08.295+0000] {processor.py:925} INFO - DAG(s) 'tutorial' retrieved from /home/airflow/.local/lib/python3.12/site-packages/airflow/example_dags/tutorial.py
[2026-07-18T21:22:08.325+0000] {logging_mixin.py:190} INFO - [2026-07-18T21:22:08.325+0000] {dag.py:3239} INFO - Sync 1 DAGs
[2026-07-18T21:22:08.370+0000] {logging_mixin.py:190} INFO - [2026-07-18T21:22:08.370+0000] {dag.py:4180} INFO - Setting next_dagrun for tutorial to 2026-07-17 00:00:00+00:00, run_after=2026-07-18 00:00:00+00:00
[2026-07-18T21:22:08.419+0000] {processor.py:208} INFO - Processing /home/airflow/.local/lib/python3.12/site-packages/airflow/example_dags/tutorial.py took 0.186 seconds
[2026-07-18T21:22:39.293+0000] {processor.py:186} INFO - Started process (PID=3131) to work on /home/airflow/.local/lib/python3.12/site-packages/airflow/example_dags/tutorial.py
[2026-07-18T21:22:39.301+0000] {processor.py:914} INFO - Processing file /home/airflow/.local/lib/python3.12/site-packages/airflow/example_dags/tutorial.py for tasks to queue
[2026-07-18T21:22:39.329+0000] {logging_mixin.py:190} INFO - [2026-07-18T21:22:39.325+0000] {dagbag.py:588} INFO - Filling up the DagBag from /home/airflow/.local/lib/python3.12/site-packages/airflow/example_dags/tutorial.py
[2026-07-18T21:25:59.032+0000] {processor.py:186} INFO - Started process (PID=127) to work on /home/airflow/.local/lib/python3.12/site-packages/airflow/example_dags/tutorial.py
[2026-07-18T21:25:59.035+0000] {processor.py:914} INFO - Processing file /home/airflow/.local/lib/python3.12/site-packages/airflow/example_dags/tutorial.py for tasks to queue
[2026-07-18T21:25:59.041+0000] {logging_mixin.py:190} INFO - [2026-07-18T21:25:59.041+0000] {dagbag.py:588} INFO - Filling up the DagBag from /home/airflow/.local/lib/python3.12/site-packages/airflow/example_dags/tutorial.py
[2026-07-18T21:25:59.057+0000] {processor.py:925} INFO - DAG(s) 'tutorial' retrieved from /home/airflow/.local/lib/python3.12/site-packages/airflow/example_dags/tutorial.py
[2026-07-18T21:25:59.102+0000] {logging_mixin.py:190} INFO - [2026-07-18T21:25:59.101+0000] {dag.py:3239} INFO - Sync 1 DAGs
[2026-07-18T21:25:59.139+0000] {logging_mixin.py:190} INFO - [2026-07-18T21:25:59.138+0000] {dag.py:4180} INFO - Setting next_dagrun for tutorial to 2026-07-17 00:00:00+00:00, run_after=2026-07-18 00:00:00+00:00
[2026-07-18T21:25:59.173+0000] {processor.py:208} INFO - Processing /home/airflow/.local/lib/python3.12/site-packages/airflow/example_dags/tutorial.py took 0.160 seconds
[2026-07-18T21:26:30.209+0000] {processor.py:186} INFO - Started process (PID=190) to work on /home/airflow/.local/lib/python3.12/site-packages/airflow/example_dags/tutorial.py
[2026-07-18T21:26:30.212+0000] {processor.py:914} INFO - Processing file /home/airflow/.local/lib/python3.12/site-packages/airflow/example_dags/tutorial.py for tasks to queue
[2026-07-18T21:26:30.219+0000] {logging_mixin.py:190} INFO - [2026-07-18T21:26:30.218+0000] {dagbag.py:588} INFO - Filling up the DagBag from /home/airflow/.local/lib/python3.12/site-packages/airflow/example_dags/tutorial.py
[2026-07-18T21:26:30.241+0000] {processor.py:925} INFO - DAG(s) 'tutorial' retrieved from /home/airflow/.local/lib/python3.12/site-packages/airflow/example_dags/tutorial.py
[2026-07-18T21:26:30.288+0000] {logging_mixin.py:190} INFO - [2026-07-18T21:26:30.287+0000] {dag.py:3239} INFO - Sync 1 DAGs
[2026-07-18T21:26:30.331+0000] {logging_mixin.py:190} INFO - [2026-07-18T21:26:30.331+0000] {dag.py:4180} INFO - Setting next_dagrun for tutorial to 2026-07-17 00:00:00+00:00, run_after=2026-07-18 00:00:00+00:00
[2026-07-18T21:26:30.380+0000] {processor.py:208} INFO - Processing /home/airflow/.local/lib/python3.12/site-packages/airflow/example_dags/tutorial.py took 0.182 seconds
[2026-07-18T21:27:02.252+0000] {processor.py:186} INFO - Started process (PID=253) to work on /home/airflow/.local/lib/python3.12/site-packages/airflow/example_dags/tutorial.py
[2026-07-18T21:27:02.256+0000] {processor.py:914} INFO - Processing file /home/airflow/.local/lib/python3.12/site-packages/airflow/example_dags/tutorial.py for tasks to queue
[2026-07-18T21:27:02.261+0000] {logging_mixin.py:190} INFO - [2026-07-18T21:27:02.260+0000] {dagbag.py:588} INFO - Filling up the DagBag from /home/airflow/.local/lib/python3.12/site-packages/airflow/example_dags/tutorial.py
[2026-07-18T21:27:02.280+0000] {processor.py:925} INFO - DAG(s) 'tutorial' retrieved from /home/airflow/.local/lib/python3.12/site-packages/airflow/example_dags/tutorial.py
[2026-07-18T21:27:02.312+0000] {logging_mixin.py:190} INFO - [2026-07-18T21:27:02.312+0000] {dag.py:3239} INFO - Sync 1 DAGs
[2026-07-18T21:27:02.342+0000] {logging_mixin.py:190} INFO - [2026-07-18T21:27:02.342+0000] {dag.py:4180} INFO - Setting next_dagrun for tutorial to 2026-07-17 00:00:00+00:00, run_after=2026-07-18 00:00:00+00:00
[2026-07-18T21:27:02.376+0000] {processor.py:208} INFO - Processing /home/airflow/.local/lib/python3.12/site-packages/airflow/example_dags/tutorial.py took 0.134 seconds
[2026-07-18T21:27:33.837+0000] {processor.py:186} INFO - Started process (PID=316) to work on /home/airflow/.local/lib/python3.12/site-packages/airflow/example_dags/tutorial.py
[2026-07-18T21:27:33.840+0000] {processor.py:914} INFO - Processing file /home/airflow/.local/lib/python3.12/site-packages/airflow/example_dags/tutorial.py for tasks to queue
[2026-07-18T21:27:33.845+0000] {logging_mixin.py:190} INFO - [2026-07-18T21:27:33.845+0000] {dagbag.py:588} INFO - Filling up the DagBag from /home/airflow/.local/lib/python3.12/site-packages/airflow/example_dags/tutorial.py
[2026-07-18T21:27:33.864+0000] {processor.py:925} INFO - DAG(s) 'tutorial' retrieved from /home/airflow/.local/lib/python3.12/site-packages/airflow/example_dags/tutorial.py
[2026-07-18T21:27:33.910+0000] {logging_mixin.py:190} INFO - [2026-07-18T21:27:33.909+0000] {dag.py:3239} INFO - Sync 1 DAGs
[2026-07-18T21:27:33.951+0000] {logging_mixin.py:190} INFO - [2026-07-18T21:27:33.951+0000] {dag.py:4180} INFO - Setting next_dagrun for tutorial to 2026-07-17 00:00:00+00:00, run_after=2026-07-18 00:00:00+00:00
[2026-07-18T21:27:33.992+0000] {processor.py:208} INFO - Processing /home/airflow/.local/lib/python3.12/site-packages/airflow/example_dags/tutorial.py took 0.163 seconds
[2026-07-18T21:28:05.254+0000] {processor.py:186} INFO - Started process (PID=379) to work on /home/airflow/.local/lib/python3.12/site-packages/airflow/example_dags/tutorial.py
[2026-07-18T21:28:05.258+0000] {processor.py:914} INFO - Processing file /home/airflow/.local/lib/python3.12/site-packages/airflow/example_dags/tutorial.py for tasks to queue
[2026-07-18T21:28:05.265+0000] {logging_mixin.py:190} INFO - [2026-07-18T21:28:05.264+0000] {dagbag.py:588} INFO - Filling up the DagBag from /home/airflow/.local/lib/python3.12/site-packages/airflow/example_dags/tutorial.py
[2026-07-18T21:28:05.284+0000] {processor.py:925} INFO - DAG(s) 'tutorial' retrieved from /home/airflow/.local/lib/python3.12/site-packages/airflow/example_dags/tutorial.py
[2026-07-18T21:28:05.320+0000] {logging_mixin.py:190} INFO - [2026-07-18T21:28:05.320+0000] {dag.py:3239} INFO - Sync 1 DAGs
[2026-07-18T21:28:05.361+0000] {logging_mixin.py:190} INFO - [2026-07-18T21:28:05.360+0000] {dag.py:4180} INFO - Setting next_dagrun for tutorial to 2026-07-17 00:00:00+00:00, run_after=2026-07-18 00:00:00+00:00
[2026-07-18T21:28:05.394+0000] {processor.py:208} INFO - Processing /home/airflow/.local/lib/python3.12/site-packages/airflow/example_dags/tutorial.py took 0.151 seconds
[2026-07-18T21:28:37.085+0000] {processor.py:186} INFO - Started process (PID=442) to work on /home/airflow/.local/lib/python3.12/site-packages/airflow/example_dags/tutorial.py
[2026-07-18T21:28:37.088+0000] {processor.py:914} INFO - Processing file /home/airflow/.local/lib/python3.12/site-packages/airflow/example_dags/tutorial.py for tasks to queue
[2026-07-18T21:28:37.094+0000] {logging_mixin.py:190} INFO - [2026-07-18T21:28:37.093+0000] {dagbag.py:588} INFO - Filling up the DagBag from /home/airflow/.local/lib/python3.12/site-packages/airflow/example_dags/tutorial.py
[2026-07-18T21:28:37.110+0000] {processor.py:925} INFO - DAG(s) 'tutorial' retrieved from /home/airflow/.local/lib/python3.12/site-packages/airflow/example_dags/tutorial.py
[2026-07-18T21:28:37.142+0000] {logging_mixin.py:190} INFO - [2026-07-18T21:28:37.141+0000] {dag.py:3239} INFO - Sync 1 DAGs
[2026-07-18T21:28:37.175+0000] {logging_mixin.py:190} INFO - [2026-07-18T21:28:37.174+0000] {dag.py:4180} INFO - Setting next_dagrun for tutorial to 2026-07-17 00:00:00+00:00, run_after=2026-07-18 00:00:00+00:00
[2026-07-18T21:28:37.214+0000] {processor.py:208} INFO - Processing /home/airflow/.local/lib/python3.12/site-packages/airflow/example_dags/tutorial.py took 0.141 seconds
[2026-07-18T21:29:08.785+0000] {processor.py:186} INFO - Started process (PID=505) to work on /home/airflow/.local/lib/python3.12/site-packages/airflow/example_dags/tutorial.py
[2026-07-18T21:29:08.787+0000] {processor.py:914} INFO - Processing file /home/airflow/.local/lib/python3.12/site-packages/airflow/example_dags/tutorial.py for tasks to queue
[2026-07-18T21:29:08.792+0000] {logging_mixin.py:190} INFO - [2026-07-18T21:29:08.791+0000] {dagbag.py:588} INFO - Filling up the DagBag from /home/airflow/.local/lib/python3.12/site-packages/airflow/example_dags/tutorial.py
[2026-07-18T21:29:08.805+0000] {processor.py:925} INFO - DAG(s) 'tutorial' retrieved from /home/airflow/.local/lib/python3.12/site-packages/airflow/example_dags/tutorial.py
[2026-07-18T21:29:08.837+0000] {logging_mixin.py:190} INFO - [2026-07-18T21:29:08.836+0000] {dag.py:3239} INFO - Sync 1 DAGs
[2026-07-18T21:29:08.874+0000] {logging_mixin.py:190} INFO - [2026-07-18T21:29:08.873+0000] {dag.py:4180} INFO - Setting next_dagrun for tutorial to 2026-07-17 00:00:00+00:00, run_after=2026-07-18 00:00:00+00:00
[2026-07-18T21:29:08.904+0000] {processor.py:208} INFO - Processing /home/airflow/.local/lib/python3.12/site-packages/airflow/example_dags/tutorial.py took 0.128 seconds
[2026-07-18T21:29:40.701+0000] {processor.py:186} INFO - Started process (PID=569) to work on /home/airflow/.local/lib/python3.12/site-packages/airflow/example_dags/tutorial.py
[2026-07-18T21:29:40.704+0000] {processor.py:914} INFO - Processing file /home/airflow/.local/lib/python3.12/site-packages/airflow/example_dags/tutorial.py for tasks to queue
[2026-07-18T21:29:40.709+0000] {logging_mixin.py:190} INFO - [2026-07-18T21:29:40.709+0000] {dagbag.py:588} INFO - Filling up the DagBag from /home/airflow/.local/lib/python3.12/site-packages/airflow/example_dags/tutorial.py
[2026-07-18T21:29:40.725+0000] {processor.py:925} INFO - DAG(s) 'tutorial' retrieved from /home/airflow/.local/lib/python3.12/site-packages/airflow/example_dags/tutorial.py
[2026-07-18T21:29:40.759+0000] {logging_mixin.py:190} INFO - [2026-07-18T21:29:40.758+0000] {dag.py:3239} INFO - Sync 1 DAGs
[2026-07-18T21:29:40.796+0000] {logging_mixin.py:190} INFO - [2026-07-18T21:29:40.796+0000] {dag.py:4180} INFO - Setting next_dagrun for tutorial to 2026-07-17 00:00:00+00:00, run_after=2026-07-18 00:00:00+00:00
[2026-07-18T21:29:40.831+0000] {processor.py:208} INFO - Processing /home/airflow/.local/lib/python3.12/site-packages/airflow/example_dags/tutorial.py took 0.139 seconds
[2026-07-18T21:30:11.896+0000] {processor.py:186} INFO - Started process (PID=632) to work on /home/airflow/.local/lib/python3.12/site-packages/airflow/example_dags/tutorial.py
[2026-07-18T21:30:11.899+0000] {processor.py:914} INFO - Processing file /home/airflow/.local/lib/python3.12/site-packages/airflow/example_dags/tutorial.py for tasks to queue
[2026-07-18T21:30:11.906+0000] {logging_mixin.py:190} INFO - [2026-07-18T21:30:11.905+0000] {dagbag.py:588} INFO - Filling up the DagBag from /home/airflow/.local/lib/python3.12/site-packages/airflow/example_dags/tutorial.py
[2026-07-18T21:30:11.928+0000] {processor.py:925} INFO - DAG(s) 'tutorial' retrieved from /home/airflow/.local/lib/python3.12/site-packages/airflow/example_dags/tutorial.py
[2026-07-18T21:30:11.961+0000] {logging_mixin.py:190} INFO - [2026-07-18T21:30:11.961+0000] {dag.py:3239} INFO - Sync 1 DAGs
[2026-07-18T21:30:11.992+0000] {logging_mixin.py:190} INFO - [2026-07-18T21:30:11.992+0000] {dag.py:4180} INFO - Setting next_dagrun for tutorial to 2026-07-17 00:00:00+00:00, run_after=2026-07-18 00:00:00+00:00
[2026-07-18T21:30:12.021+0000] {processor.py:208} INFO - Processing /home/airflow/.local/lib/python3.12/site-packages/airflow/example_dags/tutorial.py took 0.133 seconds
[2026-07-18T21:30:43.009+0000] {processor.py:186} INFO - Started process (PID=695) to work on /home/airflow/.local/lib/python3.12/site-packages/airflow/example_dags/tutorial.py
[2026-07-18T21:30:43.015+0000] {processor.py:914} INFO - Processing file /home/airflow/.local/lib/python3.12/site-packages/airflow/example_dags/tutorial.py for tasks to queue
[2026-07-18T21:30:43.024+0000] {logging_mixin.py:190} INFO - [2026-07-18T21:30:43.023+0000] {dagbag.py:588} INFO - Filling up the DagBag from /home/airflow/.local/lib/python3.12/site-packages/airflow/example_dags/tutorial.py
[2026-07-18T21:30:43.046+0000] {processor.py:925} INFO - DAG(s) 'tutorial' retrieved from /home/airflow/.local/lib/python3.12/site-packages/airflow/example_dags/tutorial.py
[2026-07-18T21:30:43.111+0000] {logging_mixin.py:190} INFO - [2026-07-18T21:30:43.110+0000] {dag.py:3239} INFO - Sync 1 DAGs
[2026-07-18T21:30:43.189+0000] {logging_mixin.py:190} INFO - [2026-07-18T21:30:43.188+0000] {dag.py:4180} INFO - Setting next_dagrun for tutorial to 2026-07-17 00:00:00+00:00, run_after=2026-07-18 00:00:00+00:00
[2026-07-18T21:30:43.264+0000] {processor.py:208} INFO - Processing /home/airflow/.local/lib/python3.12/site-packages/airflow/example_dags/tutorial.py took 0.277 seconds
[2026-07-18T21:31:14.993+0000] {processor.py:186} INFO - Started process (PID=759) to work on /home/airflow/.local/lib/python3.12/site-packages/airflow/example_dags/tutorial.py
[2026-07-18T21:31:14.996+0000] {processor.py:914} INFO - Processing file /home/airflow/.local/lib/python3.12/site-packages/airflow/example_dags/tutorial.py for tasks to queue
[2026-07-18T21:31:15.001+0000] {logging_mixin.py:190} INFO - [2026-07-18T21:31:15.000+0000] {dagbag.py:588} INFO - Filling up the DagBag from /home/airflow/.local/lib/python3.12/site-packages/airflow/example_dags/tutorial.py
[2026-07-18T21:31:15.020+0000] {processor.py:925} INFO - DAG(s) 'tutorial' retrieved from /home/airflow/.local/lib/python3.12/site-packages/airflow/example_dags/tutorial.py
[2026-07-18T21:31:15.078+0000] {logging_mixin.py:190} INFO - [2026-07-18T21:31:15.078+0000] {dag.py:3239} INFO - Sync 1 DAGs
[2026-07-18T21:31:15.126+0000] {logging_mixin.py:190} INFO - [2026-07-18T21:31:15.125+0000] {dag.py:4180} INFO - Setting next_dagrun for tutorial to 2026-07-17 00:00:00+00:00, run_after=2026-07-18 00:00:00+00:00
[2026-07-18T21:31:15.172+0000] {processor.py:208} INFO - Processing /home/airflow/.local/lib/python3.12/site-packages/airflow/example_dags/tutorial.py took 0.187 seconds
[2026-07-18T21:31:46.537+0000] {processor.py:186} INFO - Started process (PID=823) to work on /home/airflow/.local/lib/python3.12/site-packages/airflow/example_dags/tutorial.py
[2026-07-18T21:31:46.540+0000] {processor.py:914} INFO - Processing file /home/airflow/.local/lib/python3.12/site-packages/airflow/example_dags/tutorial.py for tasks to queue
[2026-07-18T21:31:46.547+0000] {logging_mixin.py:190} INFO - [2026-07-18T21:31:46.547+0000] {dagbag.py:588} INFO - Filling up the DagBag from /home/airflow/.local/lib/python3.12/site-packages/airflow/example_dags/tutorial.py
[2026-07-18T21:31:46.563+0000] {processor.py:925} INFO - DAG(s) 'tutorial' retrieved from /home/airflow/.local/lib/python3.12/site-packages/airflow/example_dags/tutorial.py
[2026-07-18T21:31:46.601+0000] {logging_mixin.py:190} INFO - [2026-07-18T21:31:46.600+0000] {dag.py:3239} INFO - Sync 1 DAGs
[2026-07-18T21:31:46.701+0000] {logging_mixin.py:190} INFO - [2026-07-18T21:31:46.701+0000] {dag.py:4180} INFO - Setting next_dagrun for tutorial to 2026-07-17 00:00:00+00:00, run_after=2026-07-18 00:00:00+00:00
[2026-07-18T21:31:46.739+0000] {processor.py:208} INFO - Processing /home/airflow/.local/lib/python3.12/site-packages/airflow/example_dags/tutorial.py took 0.213 seconds
[2026-07-18T21:32:18.245+0000] {processor.py:186} INFO - Started process (PID=887) to work on /home/airflow/.local/lib/python3.12/site-packages/airflow/example_dags/tutorial.py
[2026-07-18T21:32:18.250+0000] {processor.py:914} INFO - Processing file /home/airflow/.local/lib/python3.12/site-packages/airflow/example_dags/tutorial.py for tasks to queue
[2026-07-18T21:32:18.261+0000] {logging_mixin.py:190} INFO - [2026-07-18T21:32:18.259+0000] {dagbag.py:588} INFO - Filling up the DagBag from /home/airflow/.local/lib/python3.12/site-packages/airflow/example_dags/tutorial.py
[2026-07-18T21:32:18.293+0000] {processor.py:925} INFO - DAG(s) 'tutorial' retrieved from /home/airflow/.local/lib/python3.12/site-packages/airflow/example_dags/tutorial.py
[2026-07-18T21:32:18.356+0000] {logging_mixin.py:190} INFO - [2026-07-18T21:32:18.356+0000] {dag.py:3239} INFO - Sync 1 DAGs
[2026-07-18T21:32:18.424+0000] {logging_mixin.py:190} INFO - [2026-07-18T21:32:18.423+0000] {dag.py:4180} INFO - Setting next_dagrun for tutorial to 2026-07-17 00:00:00+00:00, run_after=2026-07-18 00:00:00+00:00
[2026-07-18T21:32:18.462+0000] {processor.py:208} INFO - Processing /home/airflow/.local/lib/python3.12/site-packages/airflow/example_dags/tutorial.py took 0.238 seconds
[2026-07-18T21:32:49.298+0000] {processor.py:186} INFO - Started process (PID=952) to work on /home/airflow/.local/lib/python3.12/site-packages/airflow/example_dags/tutorial.py
[2026-07-18T21:32:49.301+0000] {processor.py:914} INFO - Processing file /home/airflow/.local/lib/python3.12/site-packages/airflow/example_dags/tutorial.py for tasks to queue
[2026-07-18T21:32:49.308+0000] {logging_mixin.py:190} INFO - [2026-07-18T21:32:49.307+0000] {dagbag.py:588} INFO - Filling up the DagBag from /home/airflow/.local/lib/python3.12/site-packages/airflow/example_dags/tutorial.py
[2026-07-18T21:32:49.325+0000] {processor.py:925} INFO - DAG(s) 'tutorial' retrieved from /home/airflow/.local/lib/python3.12/site-packages/airflow/example_dags/tutorial.py
[2026-07-18T21:32:49.359+0000] {logging_mixin.py:190} INFO - [2026-07-18T21:32:49.358+0000] {dag.py:3239} INFO - Sync 1 DAGs
[2026-07-18T21:32:49.392+0000] {logging_mixin.py:190} INFO - [2026-07-18T21:32:49.392+0000] {dag.py:4180} INFO - Setting next_dagrun for tutorial to 2026-07-17 00:00:00+00:00, run_after=2026-07-18 00:00:00+00:00
[2026-07-18T21:32:49.419+0000] {processor.py:208} INFO - Processing /home/airflow/.local/lib/python3.12/site-packages/airflow/example_dags/tutorial.py took 0.133 seconds
[2026-07-18T21:33:21.487+0000] {processor.py:186} INFO - Started process (PID=1016) to work on /home/airflow/.local/lib/python3.12/site-packages/airflow/example_dags/tutorial.py
[2026-07-18T21:33:21.493+0000] {processor.py:914} INFO - Processing file /home/airflow/.local/lib/python3.12/site-packages/airflow/example_dags/tutorial.py for tasks to queue
[2026-07-18T21:33:21.499+0000] {logging_mixin.py:190} INFO - [2026-07-18T21:33:21.498+0000] {dagbag.py:588} INFO - Filling up the DagBag from /home/airflow/.local/lib/python3.12/site-packages/airflow/example_dags/tutorial.py
[2026-07-18T21:33:21.516+0000] {processor.py:925} INFO - DAG(s) 'tutorial' retrieved from /home/airflow/.local/lib/python3.12/site-packages/airflow/example_dags/tutorial.py
[2026-07-18T21:33:21.564+0000] {logging_mixin.py:190} INFO - [2026-07-18T21:33:21.563+0000] {dag.py:3239} INFO - Sync 1 DAGs
[2026-07-18T21:33:21.620+0000] {logging_mixin.py:190} INFO - [2026-07-18T21:33:21.619+0000] {dag.py:4180} INFO - Setting next_dagrun for tutorial to 2026-07-17 00:00:00+00:00, run_after=2026-07-18 00:00:00+00:00
[2026-07-18T21:33:21.716+0000] {processor.py:208} INFO - Processing /home/airflow/.local/lib/python3.12/site-packages/airflow/example_dags/tutorial.py took 0.237 seconds
[2026-07-18T21:33:53.286+0000] {processor.py:186} INFO - Started process (PID=1081) to work on /home/airflow/.local/lib/python3.12/site-packages/airflow/example_dags/tutorial.py
[2026-07-18T21:33:53.288+0000] {processor.py:914} INFO - Processing file /home/airflow/.local/lib/python3.12/site-packages/airflow/example_dags/tutorial.py for tasks to queue
[2026-07-18T21:33:53.294+0000] {logging_mixin.py:190} INFO - [2026-07-18T21:33:53.293+0000] {dagbag.py:588} INFO - Filling up the DagBag from /home/airflow/.local/lib/python3.12/site-packages/airflow/example_dags/tutorial.py
[2026-07-18T21:33:53.319+0000] {processor.py:925} INFO - DAG(s) 'tutorial' retrieved from /home/airflow/.local/lib/python3.12/site-packages/airflow/example_dags/tutorial.py
[2026-07-18T21:33:53.356+0000] {logging_mixin.py:190} INFO - [2026-07-18T21:33:53.356+0000] {dag.py:3239} INFO - Sync 1 DAGs
[2026-07-18T21:33:53.395+0000] {logging_mixin.py:190} INFO - [2026-07-18T21:33:53.395+0000] {dag.py:4180} INFO - Setting next_dagrun for tutorial to 2026-07-17 00:00:00+00:00, run_after=2026-07-18 00:00:00+00:00
[2026-07-18T21:33:53.427+0000] {processor.py:208} INFO - Processing /home/airflow/.local/lib/python3.12/site-packages/airflow/example_dags/tutorial.py took 0.158 seconds
[2026-07-18T21:34:24.336+0000] {processor.py:186} INFO - Started process (PID=1145) to work on /home/airflow/.local/lib/python3.12/site-packages/airflow/example_dags/tutorial.py
[2026-07-18T21:34:24.339+0000] {processor.py:914} INFO - Processing file /home/airflow/.local/lib/python3.12/site-packages/airflow/example_dags/tutorial.py for tasks to queue
[2026-07-18T21:34:24.356+0000] {logging_mixin.py:190} INFO - [2026-07-18T21:34:24.354+0000] {dagbag.py:588} INFO - Filling up the DagBag from /home/airflow/.local/lib/python3.12/site-packages/airflow/example_dags/tutorial.py
[2026-07-18T21:34:24.376+0000] {processor.py:925} INFO - DAG(s) 'tutorial' retrieved from /home/airflow/.local/lib/python3.12/site-packages/airflow/example_dags/tutorial.py
[2026-07-18T21:34:24.411+0000] {logging_mixin.py:190} INFO - [2026-07-18T21:34:24.410+0000] {dag.py:3239} INFO - Sync 1 DAGs
[2026-07-18T21:34:24.447+0000] {logging_mixin.py:190} INFO - [2026-07-18T21:34:24.446+0000] {dag.py:4180} INFO - Setting next_dagrun for tutorial to 2026-07-17 00:00:00+00:00, run_after=2026-07-18 00:00:00+00:00
[2026-07-18T21:34:24.475+0000] {processor.py:208} INFO - Processing /home/airflow/.local/lib/python3.12/site-packages/airflow/example_dags/tutorial.py took 0.152 seconds
[2026-07-18T21:34:56.602+0000] {processor.py:186} INFO - Started process (PID=1215) to work on /home/airflow/.local/lib/python3.12/site-packages/airflow/example_dags/tutorial.py
[2026-07-18T21:34:56.605+0000] {processor.py:914} INFO - Processing file /home/airflow/.local/lib/python3.12/site-packages/airflow/example_dags/tutorial.py for tasks to queue
[2026-07-18T21:34:56.611+0000] {logging_mixin.py:190} INFO - [2026-07-18T21:34:56.611+0000] {dagbag.py:588} INFO - Filling up the DagBag from /home/airflow/.local/lib/python3.12/site-packages/airflow/example_dags/tutorial.py
[2026-07-18T21:34:56.629+0000] {processor.py:925} INFO - DAG(s) 'tutorial' retrieved from /home/airflow/.local/lib/python3.12/site-packages/airflow/example_dags/tutorial.py
[2026-07-18T21:34:56.674+0000] {logging_mixin.py:190} INFO - [2026-07-18T21:34:56.674+0000] {dag.py:3239} INFO - Sync 1 DAGs
[2026-07-18T21:34:56.739+0000] {logging_mixin.py:190} INFO - [2026-07-18T21:34:56.739+0000] {dag.py:4180} INFO - Setting next_dagrun for tutorial to 2026-07-17 00:00:00+00:00, run_after=2026-07-18 00:00:00+00:00
[2026-07-18T21:34:56.783+0000] {processor.py:208} INFO - Processing /home/airflow/.local/lib/python3.12/site-packages/airflow/example_dags/tutorial.py took 0.194 seconds
[2026-07-18T21:35:27.916+0000] {processor.py:186} INFO - Started process (PID=1279) to work on /home/airflow/.local/lib/python3.12/site-packages/airflow/example_dags/tutorial.py
[2026-07-18T21:35:27.918+0000] {processor.py:914} INFO - Processing file /home/airflow/.local/lib/python3.12/site-packages/airflow/example_dags/tutorial.py for tasks to queue
[2026-07-18T21:35:27.922+0000] {logging_mixin.py:190} INFO - [2026-07-18T21:35:27.922+0000] {dagbag.py:588} INFO - Filling up the DagBag from /home/airflow/.local/lib/python3.12/site-packages/airflow/example_dags/tutorial.py
[2026-07-18T21:35:27.937+0000] {processor.py:925} INFO - DAG(s) 'tutorial' retrieved from /home/airflow/.local/lib/python3.12/site-packages/airflow/example_dags/tutorial.py
[2026-07-18T21:35:27.970+0000] {logging_mixin.py:190} INFO - [2026-07-18T21:35:27.970+0000] {dag.py:3239} INFO - Sync 1 DAGs
[2026-07-18T21:35:28.002+0000] {logging_mixin.py:190} INFO - [2026-07-18T21:35:28.001+0000] {dag.py:4180} INFO - Setting next_dagrun for tutorial to 2026-07-17 00:00:00+00:00, run_after=2026-07-18 00:00:00+00:00
[2026-07-18T21:35:28.051+0000] {processor.py:208} INFO - Processing /home/airflow/.local/lib/python3.12/site-packages/airflow/example_dags/tutorial.py took 0.143 seconds
[2026-07-18T21:35:59.548+0000] {processor.py:186} INFO - Started process (PID=1343) to work on /home/airflow/.local/lib/python3.12/site-packages/airflow/example_dags/tutorial.py
[2026-07-18T21:35:59.552+0000] {processor.py:914} INFO - Processing file /home/airflow/.local/lib/python3.12/site-packages/airflow/example_dags/tutorial.py for tasks to queue
[2026-07-18T21:35:59.561+0000] {logging_mixin.py:190} INFO - [2026-07-18T21:35:59.560+0000] {dagbag.py:588} INFO - Filling up the DagBag from /home/airflow/.local/lib/python3.12/site-packages/airflow/example_dags/tutorial.py
[2026-07-18T21:35:59.586+0000] {processor.py:925} INFO - DAG(s) 'tutorial' retrieved from /home/airflow/.local/lib/python3.12/site-packages/airflow/example_dags/tutorial.py
[2026-07-18T21:35:59.648+0000] {logging_mixin.py:190} INFO - [2026-07-18T21:35:59.647+0000] {dag.py:3239} INFO - Sync 1 DAGs
[2026-07-18T21:35:59.718+0000] {logging_mixin.py:190} INFO - [2026-07-18T21:35:59.718+0000] {dag.py:4180} INFO - Setting next_dagrun for tutorial to 2026-07-17 00:00:00+00:00, run_after=2026-07-18 00:00:00+00:00
[2026-07-18T21:35:59.801+0000] {processor.py:208} INFO - Processing /home/airflow/.local/lib/python3.12/site-packages/airflow/example_dags/tutorial.py took 0.269 seconds
[2026-07-18T21:36:31.154+0000] {processor.py:186} INFO - Started process (PID=1407) to work on /home/airflow/.local/lib/python3.12/site-packages/airflow/example_dags/tutorial.py
[2026-07-18T21:36:31.156+0000] {processor.py:914} INFO - Processing file /home/airflow/.local/lib/python3.12/site-packages/airflow/example_dags/tutorial.py for tasks to queue
[2026-07-18T21:36:31.163+0000] {logging_mixin.py:190} INFO - [2026-07-18T21:36:31.162+0000] {dagbag.py:588} INFO - Filling up the DagBag from /home/airflow/.local/lib/python3.12/site-packages/airflow/example_dags/tutorial.py
[2026-07-18T21:36:31.180+0000] {processor.py:925} INFO - DAG(s) 'tutorial' retrieved from /home/airflow/.local/lib/python3.12/site-packages/airflow/example_dags/tutorial.py
[2026-07-18T21:36:31.218+0000] {logging_mixin.py:190} INFO - [2026-07-18T21:36:31.217+0000] {dag.py:3239} INFO - Sync 1 DAGs
[2026-07-18T21:36:31.265+0000] {logging_mixin.py:190} INFO - [2026-07-18T21:36:31.265+0000] {dag.py:4180} INFO - Setting next_dagrun for tutorial to 2026-07-17 00:00:00+00:00, run_after=2026-07-18 00:00:00+00:00
[2026-07-18T21:36:31.299+0000] {processor.py:208} INFO - Processing /home/airflow/.local/lib/python3.12/site-packages/airflow/example_dags/tutorial.py took 0.155 seconds
[2026-07-18T21:37:02.564+0000] {processor.py:186} INFO - Started process (PID=1471) to work on /home/airflow/.local/lib/python3.12/site-packages/airflow/example_dags/tutorial.py
[2026-07-18T21:37:02.566+0000] {processor.py:914} INFO - Processing file /home/airflow/.local/lib/python3.12/site-packages/airflow/example_dags/tutorial.py for tasks to queue
[2026-07-18T21:37:02.570+0000] {logging_mixin.py:190} INFO - [2026-07-18T21:37:02.570+0000] {dagbag.py:588} INFO - Filling up the DagBag from /home/airflow/.local/lib/python3.12/site-packages/airflow/example_dags/tutorial.py
[2026-07-18T21:37:02.582+0000] {processor.py:925} INFO - DAG(s) 'tutorial' retrieved from /home/airflow/.local/lib/python3.12/site-packages/airflow/example_dags/tutorial.py
[2026-07-18T21:37:02.607+0000] {logging_mixin.py:190} INFO - [2026-07-18T21:37:02.606+0000] {dag.py:3239} INFO - Sync 1 DAGs
[2026-07-18T21:37:02.635+0000] {logging_mixin.py:190} INFO - [2026-07-18T21:37:02.635+0000] {dag.py:4180} INFO - Setting next_dagrun for tutorial to 2026-07-17 00:00:00+00:00, run_after=2026-07-18 00:00:00+00:00
[2026-07-18T21:37:02.659+0000] {processor.py:208} INFO - Processing /home/airflow/.local/lib/python3.12/site-packages/airflow/example_dags/tutorial.py took 0.103 seconds
[2026-07-18T21:37:34.941+0000] {processor.py:186} INFO - Started process (PID=1535) to work on /home/airflow/.local/lib/python3.12/site-packages/airflow/example_dags/tutorial.py
[2026-07-18T21:37:34.945+0000] {processor.py:914} INFO - Processing file /home/airflow/.local/lib/python3.12/site-packages/airflow/example_dags/tutorial.py for tasks to queue
[2026-07-18T21:37:34.952+0000] {logging_mixin.py:190} INFO - [2026-07-18T21:37:34.950+0000] {dagbag.py:588} INFO - Filling up the DagBag from /home/airflow/.local/lib/python3.12/site-packages/airflow/example_dags/tutorial.py
[2026-07-18T21:37:34.971+0000] {processor.py:925} INFO - DAG(s) 'tutorial' retrieved from /home/airflow/.local/lib/python3.12/site-packages/airflow/example_dags/tutorial.py
[2026-07-18T21:37:35.007+0000] {logging_mixin.py:190} INFO - [2026-07-18T21:37:35.007+0000] {dag.py:3239} INFO - Sync 1 DAGs
[2026-07-18T21:37:35.065+0000] {logging_mixin.py:190} INFO - [2026-07-18T21:37:35.065+0000] {dag.py:4180} INFO - Setting next_dagrun for tutorial to 2026-07-17 00:00:00+00:00, run_after=2026-07-18 00:00:00+00:00
[2026-07-18T21:37:35.129+0000] {processor.py:208} INFO - Processing /home/airflow/.local/lib/python3.12/site-packages/airflow/example_dags/tutorial.py took 0.207 seconds
[2026-07-18T21:38:07.018+0000] {processor.py:186} INFO - Started process (PID=1599) to work on /home/airflow/.local/lib/python3.12/site-packages/airflow/example_dags/tutorial.py
[2026-07-18T21:38:07.021+0000] {processor.py:914} INFO - Processing file /home/airflow/.local/lib/python3.12/site-packages/airflow/example_dags/tutorial.py for tasks to queue
[2026-07-18T21:38:07.026+0000] {logging_mixin.py:190} INFO - [2026-07-18T21:38:07.025+0000] {dagbag.py:588} INFO - Filling up the DagBag from /home/airflow/.local/lib/python3.12/site-packages/airflow/example_dags/tutorial.py
[2026-07-18T21:38:07.040+0000] {processor.py:925} INFO - DAG(s) 'tutorial' retrieved from /home/airflow/.local/lib/python3.12/site-packages/airflow/example_dags/tutorial.py
[2026-07-18T21:38:07.074+0000] {logging_mixin.py:190} INFO - [2026-07-18T21:38:07.073+0000] {dag.py:3239} INFO - Sync 1 DAGs
[2026-07-18T21:38:07.106+0000] {logging_mixin.py:190} INFO - [2026-07-18T21:38:07.106+0000] {dag.py:4180} INFO - Setting next_dagrun for tutorial to 2026-07-17 00:00:00+00:00, run_after=2026-07-18 00:00:00+00:00
[2026-07-18T21:38:07.136+0000] {processor.py:208} INFO - Processing /home/airflow/.local/lib/python3.12/site-packages/airflow/example_dags/tutorial.py took 0.129 seconds
[2026-07-18T21:38:38.323+0000] {processor.py:186} INFO - Started process (PID=1663) to work on /home/airflow/.local/lib/python3.12/site-packages/airflow/example_dags/tutorial.py
[2026-07-18T21:38:38.328+0000] {processor.py:914} INFO - Processing file /home/airflow/.local/lib/python3.12/site-packages/airflow/example_dags/tutorial.py for tasks to queue
[2026-07-18T21:38:38.340+0000] {logging_mixin.py:190} INFO - [2026-07-18T21:38:38.339+0000] {dagbag.py:588} INFO - Filling up the DagBag from /home/airflow/.local/lib/python3.12/site-packages/airflow/example_dags/tutorial.py
[2026-07-18T21:38:38.363+0000] {processor.py:925} INFO - DAG(s) 'tutorial' retrieved from /home/airflow/.local/lib/python3.12/site-packages/airflow/example_dags/tutorial.py
[2026-07-18T21:38:38.399+0000] {logging_mixin.py:190} INFO - [2026-07-18T21:38:38.399+0000] {dag.py:3239} INFO - Sync 1 DAGs
[2026-07-18T21:38:38.438+0000] {logging_mixin.py:190} INFO - [2026-07-18T21:38:38.438+0000] {dag.py:4180} INFO - Setting next_dagrun for tutorial to 2026-07-17 00:00:00+00:00, run_after=2026-07-18 00:00:00+00:00
[2026-07-18T21:38:38.487+0000] {processor.py:208} INFO - Processing /home/airflow/.local/lib/python3.12/site-packages/airflow/example_dags/tutorial.py took 0.183 seconds
[2026-07-18T21:39:09.264+0000] {processor.py:186} INFO - Started process (PID=1727) to work on /home/airflow/.local/lib/python3.12/site-packages/airflow/example_dags/tutorial.py
[2026-07-18T21:39:09.267+0000] {processor.py:914} INFO - Processing file /home/airflow/.local/lib/python3.12/site-packages/airflow/example_dags/tutorial.py for tasks to queue
[2026-07-18T21:39:09.272+0000] {logging_mixin.py:190} INFO - [2026-07-18T21:39:09.271+0000] {dagbag.py:588} INFO - Filling up the DagBag from /home/airflow/.local/lib/python3.12/site-packages/airflow/example_dags/tutorial.py
[2026-07-18T21:39:09.287+0000] {processor.py:925} INFO - DAG(s) 'tutorial' retrieved from /home/airflow/.local/lib/python3.12/site-packages/airflow/example_dags/tutorial.py
[2026-07-18T21:39:09.319+0000] {logging_mixin.py:190} INFO - [2026-07-18T21:39:09.318+0000] {dag.py:3239} INFO - Sync 1 DAGs
[2026-07-18T21:39:09.353+0000] {logging_mixin.py:190} INFO - [2026-07-18T21:39:09.353+0000] {dag.py:4180} INFO - Setting next_dagrun for tutorial to 2026-07-17 00:00:00+00:00, run_after=2026-07-18 00:00:00+00:00
[2026-07-18T21:39:09.382+0000] {processor.py:208} INFO - Processing /home/airflow/.local/lib/python3.12/site-packages/airflow/example_dags/tutorial.py took 0.128 seconds
[2026-07-18T21:39:41.719+0000] {processor.py:186} INFO - Started process (PID=1791) to work on /home/airflow/.local/lib/python3.12/site-packages/airflow/example_dags/tutorial.py
[2026-07-18T21:39:41.721+0000] {processor.py:914} INFO - Processing file /home/airflow/.local/lib/python3.12/site-packages/airflow/example_dags/tutorial.py for tasks to queue
[2026-07-18T21:39:41.727+0000] {logging_mixin.py:190} INFO - [2026-07-18T21:39:41.726+0000] {dagbag.py:588} INFO - Filling up the DagBag from /home/airflow/.local/lib/python3.12/site-packages/airflow/example_dags/tutorial.py
[2026-07-18T21:39:41.744+0000] {processor.py:925} INFO - DAG(s) 'tutorial' retrieved from /home/airflow/.local/lib/python3.12/site-packages/airflow/example_dags/tutorial.py
[2026-07-18T21:39:41.793+0000] {logging_mixin.py:190} INFO - [2026-07-18T21:39:41.792+0000] {dag.py:3239} INFO - Sync 1 DAGs
[2026-07-18T21:39:41.862+0000] {logging_mixin.py:190} INFO - [2026-07-18T21:39:41.861+0000] {dag.py:4180} INFO - Setting next_dagrun for tutorial to 2026-07-17 00:00:00+00:00, run_after=2026-07-18 00:00:00+00:00
[2026-07-18T21:39:41.933+0000] {processor.py:208} INFO - Processing /home/airflow/.local/lib/python3.12/site-packages/airflow/example_dags/tutorial.py took 0.221 seconds
[2026-07-18T21:40:13.655+0000] {processor.py:186} INFO - Started process (PID=1855) to work on /home/airflow/.local/lib/python3.12/site-packages/airflow/example_dags/tutorial.py
[2026-07-18T21:40:13.657+0000] {processor.py:914} INFO - Processing file /home/airflow/.local/lib/python3.12/site-packages/airflow/example_dags/tutorial.py for tasks to queue
[2026-07-18T21:40:13.662+0000] {logging_mixin.py:190} INFO - [2026-07-18T21:40:13.662+0000] {dagbag.py:588} INFO - Filling up the DagBag from /home/airflow/.local/lib/python3.12/site-packages/airflow/example_dags/tutorial.py
[2026-07-18T21:40:13.677+0000] {processor.py:925} INFO - DAG(s) 'tutorial' retrieved from /home/airflow/.local/lib/python3.12/site-packages/airflow/example_dags/tutorial.py
[2026-07-18T21:40:13.737+0000] {logging_mixin.py:190} INFO - [2026-07-18T21:40:13.736+0000] {dag.py:3239} INFO - Sync 1 DAGs
[2026-07-18T21:40:13.792+0000] {logging_mixin.py:190} INFO - [2026-07-18T21:40:13.792+0000] {dag.py:4180} INFO - Setting next_dagrun for tutorial to 2026-07-17 00:00:00+00:00, run_after=2026-07-18 00:00:00+00:00
[2026-07-18T21:40:13.832+0000] {processor.py:208} INFO - Processing /home/airflow/.local/lib/python3.12/site-packages/airflow/example_dags/tutorial.py took 0.187 seconds
[2026-07-18T21:40:45.429+0000] {processor.py:186} INFO - Started process (PID=1920) to work on /home/airflow/.local/lib/python3.12/site-packages/airflow/example_dags/tutorial.py
[2026-07-18T21:40:45.431+0000] {processor.py:914} INFO - Processing file /home/airflow/.local/lib/python3.12/site-packages/airflow/example_dags/tutorial.py for tasks to queue
[2026-07-18T21:40:45.436+0000] {logging_mixin.py:190} INFO - [2026-07-18T21:40:45.436+0000] {dagbag.py:588} INFO - Filling up the DagBag from /home/airflow/.local/lib/python3.12/site-packages/airflow/example_dags/tutorial.py
[2026-07-18T21:40:45.448+0000] {processor.py:925} INFO - DAG(s) 'tutorial' retrieved from /home/airflow/.local/lib/python3.12/site-packages/airflow/example_dags/tutorial.py
[2026-07-18T21:40:45.486+0000] {logging_mixin.py:190} INFO - [2026-07-18T21:40:45.485+0000] {dag.py:3239} INFO - Sync 1 DAGs
[2026-07-18T21:40:45.530+0000] {logging_mixin.py:190} INFO - [2026-07-18T21:40:45.530+0000] {dag.py:4180} INFO - Setting next_dagrun for tutorial to 2026-07-17 00:00:00+00:00, run_after=2026-07-18 00:00:00+00:00
[2026-07-18T21:40:45.589+0000] {processor.py:208} INFO - Processing /home/airflow/.local/lib/python3.12/site-packages/airflow/example_dags/tutorial.py took 0.168 seconds
[2026-07-18T21:41:16.454+0000] {processor.py:186} INFO - Started process (PID=1984) to work on /home/airflow/.local/lib/python3.12/site-packages/airflow/example_dags/tutorial.py
[2026-07-18T21:41:16.456+0000] {processor.py:914} INFO - Processing file /home/airflow/.local/lib/python3.12/site-packages/airflow/example_dags/tutorial.py for tasks to queue
[2026-07-18T21:41:16.461+0000] {logging_mixin.py:190} INFO - [2026-07-18T21:41:16.460+0000] {dagbag.py:588} INFO - Filling up the DagBag from /home/airflow/.local/lib/python3.12/site-packages/airflow/example_dags/tutorial.py
[2026-07-18T21:41:16.474+0000] {processor.py:925} INFO - DAG(s) 'tutorial' retrieved from /home/airflow/.local/lib/python3.12/site-packages/airflow/example_dags/tutorial.py
[2026-07-18T21:41:16.506+0000] {logging_mixin.py:190} INFO - [2026-07-18T21:41:16.505+0000] {dag.py:3239} INFO - Sync 1 DAGs
[2026-07-18T21:41:16.535+0000] {logging_mixin.py:190} INFO - [2026-07-18T21:41:16.534+0000] {dag.py:4180} INFO - Setting next_dagrun for tutorial to 2026-07-17 00:00:00+00:00, run_after=2026-07-18 00:00:00+00:00
[2026-07-18T21:41:16.562+0000] {processor.py:208} INFO - Processing /home/airflow/.local/lib/python3.12/site-packages/airflow/example_dags/tutorial.py took 0.117 seconds
[2026-07-18T21:41:48.067+0000] {processor.py:186} INFO - Started process (PID=2048) to work on /home/airflow/.local/lib/python3.12/site-packages/airflow/example_dags/tutorial.py
[2026-07-18T21:41:48.070+0000] {processor.py:914} INFO - Processing file /home/airflow/.local/lib/python3.12/site-packages/airflow/example_dags/tutorial.py for tasks to queue
[2026-07-18T21:41:48.074+0000] {logging_mixin.py:190} INFO - [2026-07-18T21:41:48.074+0000] {dagbag.py:588} INFO - Filling up the DagBag from /home/airflow/.local/lib/python3.12/site-packages/airflow/example_dags/tutorial.py
[2026-07-18T21:41:48.088+0000] {processor.py:925} INFO - DAG(s) 'tutorial' retrieved from /home/airflow/.local/lib/python3.12/site-packages/airflow/example_dags/tutorial.py
[2026-07-18T21:41:48.124+0000] {logging_mixin.py:190} INFO - [2026-07-18T21:41:48.124+0000] {dag.py:3239} INFO - Sync 1 DAGs
[2026-07-18T21:41:48.155+0000] {logging_mixin.py:190} INFO - [2026-07-18T21:41:48.155+0000] {dag.py:4180} INFO - Setting next_dagrun for tutorial to 2026-07-17 00:00:00+00:00, run_after=2026-07-18 00:00:00+00:00
[2026-07-18T21:41:48.192+0000] {processor.py:208} INFO - Processing /home/airflow/.local/lib/python3.12/site-packages/airflow/example_dags/tutorial.py took 0.135 seconds
[2026-07-18T21:42:19.794+0000] {processor.py:186} INFO - Started process (PID=2113) to work on /home/airflow/.local/lib/python3.12/site-packages/airflow/example_dags/tutorial.py
[2026-07-18T21:42:19.797+0000] {processor.py:914} INFO - Processing file /home/airflow/.local/lib/python3.12/site-packages/airflow/example_dags/tutorial.py for tasks to queue
[2026-07-18T21:42:19.803+0000] {logging_mixin.py:190} INFO - [2026-07-18T21:42:19.802+0000] {dagbag.py:588} INFO - Filling up the DagBag from /home/airflow/.local/lib/python3.12/site-packages/airflow/example_dags/tutorial.py
[2026-07-18T21:42:19.820+0000] {processor.py:925} INFO - DAG(s) 'tutorial' retrieved from /home/airflow/.local/lib/python3.12/site-packages/airflow/example_dags/tutorial.py
[2026-07-18T21:42:19.849+0000] {logging_mixin.py:190} INFO - [2026-07-18T21:42:19.849+0000] {dag.py:3239} INFO - Sync 1 DAGs
[2026-07-18T21:42:19.886+0000] {logging_mixin.py:190} INFO - [2026-07-18T21:42:19.886+0000] {dag.py:4180} INFO - Setting next_dagrun for tutorial to 2026-07-17 00:00:00+00:00, run_after=2026-07-18 00:00:00+00:00
[2026-07-18T21:42:19.950+0000] {processor.py:208} INFO - Processing /home/airflow/.local/lib/python3.12/site-packages/airflow/example_dags/tutorial.py took 0.172 seconds
[2026-07-18T21:42:51.231+0000] {processor.py:186} INFO - Started process (PID=2178) to work on /home/airflow/.local/lib/python3.12/site-packages/airflow/example_dags/tutorial.py
[2026-07-18T21:42:51.234+0000] {processor.py:914} INFO - Processing file /home/airflow/.local/lib/python3.12/site-packages/airflow/example_dags/tutorial.py for tasks to queue
[2026-07-18T21:42:51.240+0000] {logging_mixin.py:190} INFO - [2026-07-18T21:42:51.239+0000] {dagbag.py:588} INFO - Filling up the DagBag from /home/airflow/.local/lib/python3.12/site-packages/airflow/example_dags/tutorial.py
[2026-07-18T21:42:51.256+0000] {processor.py:925} INFO - DAG(s) 'tutorial' retrieved from /home/airflow/.local/lib/python3.12/site-packages/airflow/example_dags/tutorial.py
[2026-07-18T21:42:51.315+0000] {logging_mixin.py:190} INFO - [2026-07-18T21:42:51.314+0000] {dag.py:3239} INFO - Sync 1 DAGs
[2026-07-18T21:42:51.391+0000] {logging_mixin.py:190} INFO - [2026-07-18T21:42:51.390+0000] {dag.py:4180} INFO - Setting next_dagrun for tutorial to 2026-07-17 00:00:00+00:00, run_after=2026-07-18 00:00:00+00:00
[2026-07-18T21:42:51.441+0000] {processor.py:208} INFO - Processing /home/airflow/.local/lib/python3.12/site-packages/airflow/example_dags/tutorial.py took 0.221 seconds
[2026-07-18T21:43:24.055+0000] {processor.py:186} INFO - Started process (PID=2246) to work on /home/airflow/.local/lib/python3.12/site-packages/airflow/example_dags/tutorial.py
[2026-07-18T21:43:24.059+0000] {processor.py:914} INFO - Processing file /home/airflow/.local/lib/python3.12/site-packages/airflow/example_dags/tutorial.py for tasks to queue
[2026-07-18T21:43:24.066+0000] {logging_mixin.py:190} INFO - [2026-07-18T21:43:24.066+0000] {dagbag.py:588} INFO - Filling up the DagBag from /home/airflow/.local/lib/python3.12/site-packages/airflow/example_dags/tutorial.py
[2026-07-18T21:43:24.083+0000] {processor.py:925} INFO - DAG(s) 'tutorial' retrieved from /home/airflow/.local/lib/python3.12/site-packages/airflow/example_dags/tutorial.py
[2026-07-18T21:43:24.124+0000] {logging_mixin.py:190} INFO - [2026-07-18T21:43:24.123+0000] {dag.py:3239} INFO - Sync 1 DAGs
[2026-07-18T21:43:24.190+0000] {logging_mixin.py:190} INFO - [2026-07-18T21:43:24.189+0000] {dag.py:4180} INFO - Setting next_dagrun for tutorial to 2026-07-17 00:00:00+00:00, run_after=2026-07-18 00:00:00+00:00
[2026-07-18T21:43:24.248+0000] {processor.py:208} INFO - Processing /home/airflow/.local/lib/python3.12/site-packages/airflow/example_dags/tutorial.py took 0.205 seconds
[2026-07-18T21:43:55.404+0000] {processor.py:186} INFO - Started process (PID=2311) to work on /home/airflow/.local/lib/python3.12/site-packages/airflow/example_dags/tutorial.py
[2026-07-18T21:43:55.406+0000] {processor.py:914} INFO - Processing file /home/airflow/.local/lib/python3.12/site-packages/airflow/example_dags/tutorial.py for tasks to queue
[2026-07-18T21:43:55.413+0000] {logging_mixin.py:190} INFO - [2026-07-18T21:43:55.412+0000] {dagbag.py:588} INFO - Filling up the DagBag from /home/airflow/.local/lib/python3.12/site-packages/airflow/example_dags/tutorial.py
[2026-07-18T21:43:55.431+0000] {processor.py:925} INFO - DAG(s) 'tutorial' retrieved from /home/airflow/.local/lib/python3.12/site-packages/airflow/example_dags/tutorial.py
[2026-07-18T21:43:55.465+0000] {logging_mixin.py:190} INFO - [2026-07-18T21:43:55.464+0000] {dag.py:3239} INFO - Sync 1 DAGs
[2026-07-18T21:43:55.498+0000] {logging_mixin.py:190} INFO - [2026-07-18T21:43:55.498+0000] {dag.py:4180} INFO - Setting next_dagrun for tutorial to 2026-07-17 00:00:00+00:00, run_after=2026-07-18 00:00:00+00:00
[2026-07-18T21:43:55.590+0000] {processor.py:208} INFO - Processing /home/airflow/.local/lib/python3.12/site-packages/airflow/example_dags/tutorial.py took 0.194 seconds
[2026-07-18T21:44:26.758+0000] {processor.py:186} INFO - Started process (PID=2375) to work on /home/airflow/.local/lib/python3.12/site-packages/airflow/example_dags/tutorial.py
[2026-07-18T21:44:26.760+0000] {processor.py:914} INFO - Processing file /home/airflow/.local/lib/python3.12/site-packages/airflow/example_dags/tutorial.py for tasks to queue
[2026-07-18T21:44:26.765+0000] {logging_mixin.py:190} INFO - [2026-07-18T21:44:26.765+0000] {dagbag.py:588} INFO - Filling up the DagBag from /home/airflow/.local/lib/python3.12/site-packages/airflow/example_dags/tutorial.py
[2026-07-18T21:44:26.778+0000] {processor.py:925} INFO - DAG(s) 'tutorial' retrieved from /home/airflow/.local/lib/python3.12/site-packages/airflow/example_dags/tutorial.py
[2026-07-18T21:44:26.828+0000] {logging_mixin.py:190} INFO - [2026-07-18T21:44:26.827+0000] {dag.py:3239} INFO - Sync 1 DAGs
[2026-07-18T21:44:26.888+0000] {logging_mixin.py:190} INFO - [2026-07-18T21:44:26.888+0000] {dag.py:4180} INFO - Setting next_dagrun for tutorial to 2026-07-17 00:00:00+00:00, run_after=2026-07-18 00:00:00+00:00
[2026-07-18T21:44:26.929+0000] {processor.py:208} INFO - Processing /home/airflow/.local/lib/python3.12/site-packages/airflow/example_dags/tutorial.py took 0.183 seconds
[2026-07-18T21:44:57.997+0000] {processor.py:186} INFO - Started process (PID=2445) to work on /home/airflow/.local/lib/python3.12/site-packages/airflow/example_dags/tutorial.py
[2026-07-18T21:44:57.999+0000] {processor.py:914} INFO - Processing file /home/airflow/.local/lib/python3.12/site-packages/airflow/example_dags/tutorial.py for tasks to queue
[2026-07-18T21:44:58.004+0000] {logging_mixin.py:190} INFO - [2026-07-18T21:44:58.004+0000] {dagbag.py:588} INFO - Filling up the DagBag from /home/airflow/.local/lib/python3.12/site-packages/airflow/example_dags/tutorial.py
[2026-07-18T21:44:58.018+0000] {processor.py:925} INFO - DAG(s) 'tutorial' retrieved from /home/airflow/.local/lib/python3.12/site-packages/airflow/example_dags/tutorial.py
[2026-07-18T21:44:58.055+0000] {logging_mixin.py:190} INFO - [2026-07-18T21:44:58.055+0000] {dag.py:3239} INFO - Sync 1 DAGs
[2026-07-18T21:44:58.118+0000] {logging_mixin.py:190} INFO - [2026-07-18T21:44:58.118+0000] {dag.py:4180} INFO - Setting next_dagrun for tutorial to 2026-07-17 00:00:00+00:00, run_after=2026-07-18 00:00:00+00:00
[2026-07-18T21:44:58.152+0000] {processor.py:208} INFO - Processing /home/airflow/.local/lib/python3.12/site-packages/airflow/example_dags/tutorial.py took 0.164 seconds
[2026-07-18T21:45:29.749+0000] {processor.py:186} INFO - Started process (PID=2509) to work on /home/airflow/.local/lib/python3.12/site-packages/airflow/example_dags/tutorial.py
[2026-07-18T21:45:29.752+0000] {processor.py:914} INFO - Processing file /home/airflow/.local/lib/python3.12/site-packages/airflow/example_dags/tutorial.py for tasks to queue
[2026-07-18T21:45:29.759+0000] {logging_mixin.py:190} INFO - [2026-07-18T21:45:29.758+0000] {dagbag.py:588} INFO - Filling up the DagBag from /home/airflow/.local/lib/python3.12/site-packages/airflow/example_dags/tutorial.py
[2026-07-18T21:45:29.780+0000] {processor.py:925} INFO - DAG(s) 'tutorial' retrieved from /home/airflow/.local/lib/python3.12/site-packages/airflow/example_dags/tutorial.py
[2026-07-18T21:45:29.840+0000] {logging_mixin.py:190} INFO - [2026-07-18T21:45:29.840+0000] {dag.py:3239} INFO - Sync 1 DAGs
[2026-07-18T21:45:29.896+0000] {logging_mixin.py:190} INFO - [2026-07-18T21:45:29.895+0000] {dag.py:4180} INFO - Setting next_dagrun for tutorial to 2026-07-17 00:00:00+00:00, run_after=2026-07-18 00:00:00+00:00
[2026-07-18T21:45:29.950+0000] {processor.py:208} INFO - Processing /home/airflow/.local/lib/python3.12/site-packages/airflow/example_dags/tutorial.py took 0.211 seconds
[2026-07-18T21:46:00.978+0000] {processor.py:186} INFO - Started process (PID=2573) to work on /home/airflow/.local/lib/python3.12/site-packages/airflow/example_dags/tutorial.py
[2026-07-18T21:46:00.980+0000] {processor.py:914} INFO - Processing file /home/airflow/.local/lib/python3.12/site-packages/airflow/example_dags/tutorial.py for tasks to queue
[2026-07-18T21:46:00.987+0000] {logging_mixin.py:190} INFO - [2026-07-18T21:46:00.986+0000] {dagbag.py:588} INFO - Filling up the DagBag from /home/airflow/.local/lib/python3.12/site-packages/airflow/example_dags/tutorial.py
[2026-07-18T21:46:01.002+0000] {processor.py:925} INFO - DAG(s) 'tutorial' retrieved from /home/airflow/.local/lib/python3.12/site-packages/airflow/example_dags/tutorial.py
[2026-07-18T21:46:01.037+0000] {logging_mixin.py:190} INFO - [2026-07-18T21:46:01.036+0000] {dag.py:3239} INFO - Sync 1 DAGs
[2026-07-18T21:46:01.081+0000] {logging_mixin.py:190} INFO - [2026-07-18T21:46:01.080+0000] {dag.py:4180} INFO - Setting next_dagrun for tutorial to 2026-07-17 00:00:00+00:00, run_after=2026-07-18 00:00:00+00:00
[2026-07-18T21:46:01.171+0000] {processor.py:208} INFO - Processing /home/airflow/.local/lib/python3.12/site-packages/airflow/example_dags/tutorial.py took 0.202 seconds
[2026-07-18T21:46:32.307+0000] {processor.py:186} INFO - Started process (PID=2637) to work on /home/airflow/.local/lib/python3.12/site-packages/airflow/example_dags/tutorial.py
[2026-07-18T21:46:32.310+0000] {processor.py:914} INFO - Processing file /home/airflow/.local/lib/python3.12/site-packages/airflow/example_dags/tutorial.py for tasks to queue
[2026-07-18T21:46:32.315+0000] {logging_mixin.py:190} INFO - [2026-07-18T21:46:32.315+0000] {dagbag.py:588} INFO - Filling up the DagBag from /home/airflow/.local/lib/python3.12/site-packages/airflow/example_dags/tutorial.py
[2026-07-18T21:46:32.334+0000] {processor.py:925} INFO - DAG(s) 'tutorial' retrieved from /home/airflow/.local/lib/python3.12/site-packages/airflow/example_dags/tutorial.py
[2026-07-18T21:46:32.378+0000] {logging_mixin.py:190} INFO - [2026-07-18T21:46:32.378+0000] {dag.py:3239} INFO - Sync 1 DAGs
[2026-07-18T21:46:32.449+0000] {logging_mixin.py:190} INFO - [2026-07-18T21:46:32.448+0000] {dag.py:4180} INFO - Setting next_dagrun for tutorial to 2026-07-17 00:00:00+00:00, run_after=2026-07-18 00:00:00+00:00
[2026-07-18T21:46:32.546+0000] {processor.py:208} INFO - Processing /home/airflow/.local/lib/python3.12/site-packages/airflow/example_dags/tutorial.py took 0.252 seconds
[2026-07-18T21:47:03.862+0000] {processor.py:186} INFO - Started process (PID=2705) to work on /home/airflow/.local/lib/python3.12/site-packages/airflow/example_dags/tutorial.py
[2026-07-18T21:47:03.865+0000] {processor.py:914} INFO - Processing file /home/airflow/.local/lib/python3.12/site-packages/airflow/example_dags/tutorial.py for tasks to queue
[2026-07-18T21:47:03.870+0000] {logging_mixin.py:190} INFO - [2026-07-18T21:47:03.869+0000] {dagbag.py:588} INFO - Filling up the DagBag from /home/airflow/.local/lib/python3.12/site-packages/airflow/example_dags/tutorial.py
[2026-07-18T21:47:03.884+0000] {processor.py:925} INFO - DAG(s) 'tutorial' retrieved from /home/airflow/.local/lib/python3.12/site-packages/airflow/example_dags/tutorial.py
[2026-07-18T21:47:03.917+0000] {logging_mixin.py:190} INFO - [2026-07-18T21:47:03.916+0000] {dag.py:3239} INFO - Sync 1 DAGs
[2026-07-18T21:47:03.954+0000] {logging_mixin.py:190} INFO - [2026-07-18T21:47:03.954+0000] {dag.py:4180} INFO - Setting next_dagrun for tutorial to 2026-07-17 00:00:00+00:00, run_after=2026-07-18 00:00:00+00:00
[2026-07-18T21:47:03.984+0000] {processor.py:208} INFO - Processing /home/airflow/.local/lib/python3.12/site-packages/airflow/example_dags/tutorial.py took 0.133 seconds
[2026-07-18T21:47:35.298+0000] {processor.py:186} INFO - Started process (PID=2769) to work on /home/airflow/.local/lib/python3.12/site-packages/airflow/example_dags/tutorial.py
[2026-07-18T21:47:35.302+0000] {processor.py:914} INFO - Processing file /home/airflow/.local/lib/python3.12/site-packages/airflow/example_dags/tutorial.py for tasks to queue
[2026-07-18T21:47:35.311+0000] {logging_mixin.py:190} INFO - [2026-07-18T21:47:35.310+0000] {dagbag.py:588} INFO - Filling up the DagBag from /home/airflow/.local/lib/python3.12/site-packages/airflow/example_dags/tutorial.py
[2026-07-18T21:47:35.336+0000] {processor.py:925} INFO - DAG(s) 'tutorial' retrieved from /home/airflow/.local/lib/python3.12/site-packages/airflow/example_dags/tutorial.py
[2026-07-18T21:47:35.458+0000] {logging_mixin.py:190} INFO - [2026-07-18T21:47:35.457+0000] {dag.py:3239} INFO - Sync 1 DAGs
[2026-07-18T21:47:35.519+0000] {logging_mixin.py:190} INFO - [2026-07-18T21:47:35.518+0000] {dag.py:4180} INFO - Setting next_dagrun for tutorial to 2026-07-17 00:00:00+00:00, run_after=2026-07-18 00:00:00+00:00
[2026-07-18T21:47:35.574+0000] {processor.py:208} INFO - Processing /home/airflow/.local/lib/python3.12/site-packages/airflow/example_dags/tutorial.py took 0.293 seconds
[2026-07-18T21:48:06.971+0000] {processor.py:186} INFO - Started process (PID=2833) to work on /home/airflow/.local/lib/python3.12/site-packages/airflow/example_dags/tutorial.py
[2026-07-18T21:48:06.974+0000] {processor.py:914} INFO - Processing file /home/airflow/.local/lib/python3.12/site-packages/airflow/example_dags/tutorial.py for tasks to queue
[2026-07-18T21:48:06.979+0000] {logging_mixin.py:190} INFO - [2026-07-18T21:48:06.979+0000] {dagbag.py:588} INFO - Filling up the DagBag from /home/airflow/.local/lib/python3.12/site-packages/airflow/example_dags/tutorial.py
[2026-07-18T21:48:06.993+0000] {processor.py:925} INFO - DAG(s) 'tutorial' retrieved from /home/airflow/.local/lib/python3.12/site-packages/airflow/example_dags/tutorial.py
[2026-07-18T21:48:07.029+0000] {logging_mixin.py:190} INFO - [2026-07-18T21:48:07.029+0000] {dag.py:3239} INFO - Sync 1 DAGs
[2026-07-18T21:48:07.066+0000] {logging_mixin.py:190} INFO - [2026-07-18T21:48:07.066+0000] {dag.py:4180} INFO - Setting next_dagrun for tutorial to 2026-07-17 00:00:00+00:00, run_after=2026-07-18 00:00:00+00:00
[2026-07-18T21:48:07.093+0000] {processor.py:208} INFO - Processing /home/airflow/.local/lib/python3.12/site-packages/airflow/example_dags/tutorial.py took 0.135 seconds
[2026-07-18T21:48:37.989+0000] {processor.py:186} INFO - Started process (PID=2897) to work on /home/airflow/.local/lib/python3.12/site-packages/airflow/example_dags/tutorial.py
[2026-07-18T21:48:37.991+0000] {processor.py:914} INFO - Processing file /home/airflow/.local/lib/python3.12/site-packages/airflow/example_dags/tutorial.py for tasks to queue
[2026-07-18T21:48:37.996+0000] {logging_mixin.py:190} INFO - [2026-07-18T21:48:37.995+0000] {dagbag.py:588} INFO - Filling up the DagBag from /home/airflow/.local/lib/python3.12/site-packages/airflow/example_dags/tutorial.py
[2026-07-18T21:48:38.010+0000] {processor.py:925} INFO - DAG(s) 'tutorial' retrieved from /home/airflow/.local/lib/python3.12/site-packages/airflow/example_dags/tutorial.py
[2026-07-18T21:48:38.044+0000] {logging_mixin.py:190} INFO - [2026-07-18T21:48:38.044+0000] {dag.py:3239} INFO - Sync 1 DAGs
[2026-07-18T21:48:38.078+0000] {logging_mixin.py:190} INFO - [2026-07-18T21:48:38.078+0000] {dag.py:4180} INFO - Setting next_dagrun for tutorial to 2026-07-17 00:00:00+00:00, run_after=2026-07-18 00:00:00+00:00
[2026-07-18T21:48:38.122+0000] {processor.py:208} INFO - Processing /home/airflow/.local/lib/python3.12/site-packages/airflow/example_dags/tutorial.py took 0.144 seconds
[2026-07-18T21:49:10.113+0000] {processor.py:186} INFO - Started process (PID=2961) to work on /home/airflow/.local/lib/python3.12/site-packages/airflow/example_dags/tutorial.py
[2026-07-18T21:49:10.116+0000] {processor.py:914} INFO - Processing file /home/airflow/.local/lib/python3.12/site-packages/airflow/example_dags/tutorial.py for tasks to queue
[2026-07-18T21:49:10.122+0000] {logging_mixin.py:190} INFO - [2026-07-18T21:49:10.121+0000] {dagbag.py:588} INFO - Filling up the DagBag from /home/airflow/.local/lib/python3.12/site-packages/airflow/example_dags/tutorial.py
[2026-07-18T21:49:10.140+0000] {processor.py:925} INFO - DAG(s) 'tutorial' retrieved from /home/airflow/.local/lib/python3.12/site-packages/airflow/example_dags/tutorial.py
[2026-07-18T21:49:10.184+0000] {logging_mixin.py:190} INFO - [2026-07-18T21:49:10.183+0000] {dag.py:3239} INFO - Sync 1 DAGs
[2026-07-18T21:49:10.226+0000] {logging_mixin.py:190} INFO - [2026-07-18T21:49:10.226+0000] {dag.py:4180} INFO - Setting next_dagrun for tutorial to 2026-07-17 00:00:00+00:00, run_after=2026-07-18 00:00:00+00:00
[2026-07-18T21:49:10.258+0000] {processor.py:208} INFO - Processing /home/airflow/.local/lib/python3.12/site-packages/airflow/example_dags/tutorial.py took 0.156 seconds
[2026-07-18T22:00:40.352+0000] {processor.py:186} INFO - Started process (PID=3030) to work on /home/airflow/.local/lib/python3.12/site-packages/airflow/example_dags/tutorial.py
[2026-07-18T22:00:40.355+0000] {processor.py:914} INFO - Processing file /home/airflow/.local/lib/python3.12/site-packages/airflow/example_dags/tutorial.py for tasks to queue
[2026-07-18T22:00:40.359+0000] {logging_mixin.py:190} INFO - [2026-07-18T22:00:40.358+0000] {dagbag.py:588} INFO - Filling up the DagBag from /home/airflow/.local/lib/python3.12/site-packages/airflow/example_dags/tutorial.py
[2026-07-18T22:00:40.382+0000] {processor.py:925} INFO - DAG(s) 'tutorial' retrieved from /home/airflow/.local/lib/python3.12/site-packages/airflow/example_dags/tutorial.py
[2026-07-18T22:00:40.442+0000] {logging_mixin.py:190} INFO - [2026-07-18T22:00:40.441+0000] {dag.py:3239} INFO - Sync 1 DAGs
[2026-07-18T22:00:40.499+0000] {logging_mixin.py:190} INFO - [2026-07-18T22:00:40.498+0000] {dag.py:4180} INFO - Setting next_dagrun for tutorial to 2026-07-17 00:00:00+00:00, run_after=2026-07-18 00:00:00+00:00
[2026-07-18T22:00:40.550+0000] {processor.py:208} INFO - Processing /home/airflow/.local/lib/python3.12/site-packages/airflow/example_dags/tutorial.py took 0.207 seconds
[2026-07-18T22:01:11.959+0000] {processor.py:186} INFO - Started process (PID=3094) to work on /home/airflow/.local/lib/python3.12/site-packages/airflow/example_dags/tutorial.py
[2026-07-18T22:01:11.962+0000] {processor.py:914} INFO - Processing file /home/airflow/.local/lib/python3.12/site-packages/airflow/example_dags/tutorial.py for tasks to queue
[2026-07-18T22:01:11.966+0000] {logging_mixin.py:190} INFO - [2026-07-18T22:01:11.966+0000] {dagbag.py:588} INFO - Filling up the DagBag from /home/airflow/.local/lib/python3.12/site-packages/airflow/example_dags/tutorial.py
[2026-07-18T22:01:11.982+0000] {processor.py:925} INFO - DAG(s) 'tutorial' retrieved from /home/airflow/.local/lib/python3.12/site-packages/airflow/example_dags/tutorial.py
[2026-07-18T22:01:12.019+0000] {logging_mixin.py:190} INFO - [2026-07-18T22:01:12.019+0000] {dag.py:3239} INFO - Sync 1 DAGs
[2026-07-18T22:01:12.062+0000] {logging_mixin.py:190} INFO - [2026-07-18T22:01:12.062+0000] {dag.py:4180} INFO - Setting next_dagrun for tutorial to 2026-07-17 00:00:00+00:00, run_after=2026-07-18 00:00:00+00:00
[2026-07-18T22:01:12.092+0000] {processor.py:208} INFO - Processing /home/airflow/.local/lib/python3.12/site-packages/airflow/example_dags/tutorial.py took 0.146 seconds
[2026-07-18T22:01:43.286+0000] {processor.py:186} INFO - Started process (PID=3158) to work on /home/airflow/.local/lib/python3.12/site-packages/airflow/example_dags/tutorial.py
[2026-07-18T22:01:43.290+0000] {processor.py:914} INFO - Processing file /home/airflow/.local/lib/python3.12/site-packages/airflow/example_dags/tutorial.py for tasks to queue
[2026-07-18T22:01:43.295+0000] {logging_mixin.py:190} INFO - [2026-07-18T22:01:43.294+0000] {dagbag.py:588} INFO - Filling up the DagBag from /home/airflow/.local/lib/python3.12/site-packages/airflow/example_dags/tutorial.py
[2026-07-18T22:01:43.319+0000] {processor.py:925} INFO - DAG(s) 'tutorial' retrieved from /home/airflow/.local/lib/python3.12/site-packages/airflow/example_dags/tutorial.py
[2026-07-18T22:01:43.351+0000] {logging_mixin.py:190} INFO - [2026-07-18T22:01:43.351+0000] {dag.py:3239} INFO - Sync 1 DAGs
[2026-07-18T22:01:43.412+0000] {logging_mixin.py:190} INFO - [2026-07-18T22:01:43.411+0000] {dag.py:4180} INFO - Setting next_dagrun for tutorial to 2026-07-17 00:00:00+00:00, run_after=2026-07-18 00:00:00+00:00
[2026-07-18T22:01:43.459+0000] {processor.py:208} INFO - Processing /home/airflow/.local/lib/python3.12/site-packages/airflow/example_dags/tutorial.py took 0.185 seconds
[2026-07-18T22:02:14.906+0000] {processor.py:186} INFO - Started process (PID=3222) to work on /home/airflow/.local/lib/python3.12/site-packages/airflow/example_dags/tutorial.py
[2026-07-18T22:02:14.909+0000] {processor.py:914} INFO - Processing file /home/airflow/.local/lib/python3.12/site-packages/airflow/example_dags/tutorial.py for tasks to queue
[2026-07-18T22:02:14.911+0000] {logging_mixin.py:190} INFO - [2026-07-18T22:02:14.911+0000] {dagbag.py:588} INFO - Filling up the DagBag from /home/airflow/.local/lib/python3.12/site-packages/airflow/example_dags/tutorial.py
[2026-07-18T22:02:14.928+0000] {processor.py:925} INFO - DAG(s) 'tutorial' retrieved from /home/airflow/.local/lib/python3.12/site-packages/airflow/example_dags/tutorial.py
[2026-07-18T22:02:14.958+0000] {logging_mixin.py:190} INFO - [2026-07-18T22:02:14.957+0000] {dag.py:3239} INFO - Sync 1 DAGs
[2026-07-18T22:02:14.988+0000] {logging_mixin.py:190} INFO - [2026-07-18T22:02:14.988+0000] {dag.py:4180} INFO - Setting next_dagrun for tutorial to 2026-07-17 00:00:00+00:00, run_after=2026-07-18 00:00:00+00:00
[2026-07-18T22:02:15.016+0000] {processor.py:208} INFO - Processing /home/airflow/.local/lib/python3.12/site-packages/airflow/example_dags/tutorial.py took 0.118 seconds
[2026-07-18T22:02:46.405+0000] {processor.py:186} INFO - Started process (PID=3286) to work on /home/airflow/.local/lib/python3.12/site-packages/airflow/example_dags/tutorial.py
[2026-07-18T22:02:46.407+0000] {processor.py:914} INFO - Processing file /home/airflow/.local/lib/python3.12/site-packages/airflow/example_dags/tutorial.py for tasks to queue
[2026-07-18T22:02:46.410+0000] {logging_mixin.py:190} INFO - [2026-07-18T22:02:46.410+0000] {dagbag.py:588} INFO - Filling up the DagBag from /home/airflow/.local/lib/python3.12/site-packages/airflow/example_dags/tutorial.py
[2026-07-18T22:02:46.424+0000] {processor.py:925} INFO - DAG(s) 'tutorial' retrieved from /home/airflow/.local/lib/python3.12/site-packages/airflow/example_dags/tutorial.py
[2026-07-18T22:02:46.453+0000] {logging_mixin.py:190} INFO - [2026-07-18T22:02:46.453+0000] {dag.py:3239} INFO - Sync 1 DAGs
[2026-07-18T22:02:46.485+0000] {logging_mixin.py:190} INFO - [2026-07-18T22:02:46.485+0000] {dag.py:4180} INFO - Setting next_dagrun for tutorial to 2026-07-17 00:00:00+00:00, run_after=2026-07-18 00:00:00+00:00
[2026-07-18T22:02:46.587+0000] {processor.py:208} INFO - Processing /home/airflow/.local/lib/python3.12/site-packages/airflow/example_dags/tutorial.py took 0.191 seconds
[2026-07-18T22:03:17.324+0000] {processor.py:186} INFO - Started process (PID=3350) to work on /home/airflow/.local/lib/python3.12/site-packages/airflow/example_dags/tutorial.py
[2026-07-18T22:03:17.329+0000] {processor.py:914} INFO - Processing file /home/airflow/.local/lib/python3.12/site-packages/airflow/example_dags/tutorial.py for tasks to queue
[2026-07-18T22:03:17.334+0000] {logging_mixin.py:190} INFO - [2026-07-18T22:03:17.333+0000] {dagbag.py:588} INFO - Filling up the DagBag from /home/airflow/.local/lib/python3.12/site-packages/airflow/example_dags/tutorial.py
[2026-07-18T22:03:17.356+0000] {processor.py:925} INFO - DAG(s) 'tutorial' retrieved from /home/airflow/.local/lib/python3.12/site-packages/airflow/example_dags/tutorial.py
[2026-07-18T22:03:17.398+0000] {logging_mixin.py:190} INFO - [2026-07-18T22:03:17.397+0000] {dag.py:3239} INFO - Sync 1 DAGs
[2026-07-18T22:03:17.431+0000] {logging_mixin.py:190} INFO - [2026-07-18T22:03:17.430+0000] {dag.py:4180} INFO - Setting next_dagrun for tutorial to 2026-07-17 00:00:00+00:00, run_after=2026-07-18 00:00:00+00:00
[2026-07-18T22:03:17.507+0000] {processor.py:208} INFO - Processing /home/airflow/.local/lib/python3.12/site-packages/airflow/example_dags/tutorial.py took 0.201 seconds
[2026-07-18T22:03:49.337+0000] {processor.py:186} INFO - Started process (PID=3414) to work on /home/airflow/.local/lib/python3.12/site-packages/airflow/example_dags/tutorial.py
[2026-07-18T22:03:49.339+0000] {processor.py:914} INFO - Processing file /home/airflow/.local/lib/python3.12/site-packages/airflow/example_dags/tutorial.py for tasks to queue
[2026-07-18T22:03:49.342+0000] {logging_mixin.py:190} INFO - [2026-07-18T22:03:49.342+0000] {dagbag.py:588} INFO - Filling up the DagBag from /home/airflow/.local/lib/python3.12/site-packages/airflow/example_dags/tutorial.py
[2026-07-18T22:03:49.358+0000] {processor.py:925} INFO - DAG(s) 'tutorial' retrieved from /home/airflow/.local/lib/python3.12/site-packages/airflow/example_dags/tutorial.py
[2026-07-18T22:03:49.389+0000] {logging_mixin.py:190} INFO - [2026-07-18T22:03:49.389+0000] {dag.py:3239} INFO - Sync 1 DAGs
[2026-07-18T22:03:49.425+0000] {logging_mixin.py:190} INFO - [2026-07-18T22:03:49.425+0000] {dag.py:4180} INFO - Setting next_dagrun for tutorial to 2026-07-17 00:00:00+00:00, run_after=2026-07-18 00:00:00+00:00
[2026-07-18T22:03:49.698+0000] {processor.py:208} INFO - Processing /home/airflow/.local/lib/python3.12/site-packages/airflow/example_dags/tutorial.py took 0.377 seconds
[2026-07-18T22:04:20.110+0000] {processor.py:186} INFO - Started process (PID=3478) to work on /home/airflow/.local/lib/python3.12/site-packages/airflow/example_dags/tutorial.py
[2026-07-18T22:04:20.113+0000] {processor.py:914} INFO - Processing file /home/airflow/.local/lib/python3.12/site-packages/airflow/example_dags/tutorial.py for tasks to queue
[2026-07-18T22:04:20.116+0000] {logging_mixin.py:190} INFO - [2026-07-18T22:04:20.115+0000] {dagbag.py:588} INFO - Filling up the DagBag from /home/airflow/.local/lib/python3.12/site-packages/airflow/example_dags/tutorial.py
[2026-07-18T22:04:20.131+0000] {processor.py:925} INFO - DAG(s) 'tutorial' retrieved from /home/airflow/.local/lib/python3.12/site-packages/airflow/example_dags/tutorial.py
[2026-07-18T22:04:20.162+0000] {logging_mixin.py:190} INFO - [2026-07-18T22:04:20.162+0000] {dag.py:3239} INFO - Sync 1 DAGs
[2026-07-18T22:04:20.203+0000] {logging_mixin.py:190} INFO - [2026-07-18T22:04:20.203+0000] {dag.py:4180} INFO - Setting next_dagrun for tutorial to 2026-07-17 00:00:00+00:00, run_after=2026-07-18 00:00:00+00:00
[2026-07-18T22:04:20.233+0000] {processor.py:208} INFO - Processing /home/airflow/.local/lib/python3.12/site-packages/airflow/example_dags/tutorial.py took 0.133 seconds
[2026-07-18T22:04:51.715+0000] {processor.py:186} INFO - Started process (PID=3542) to work on /home/airflow/.local/lib/python3.12/site-packages/airflow/example_dags/tutorial.py
[2026-07-18T22:04:51.719+0000] {processor.py:914} INFO - Processing file /home/airflow/.local/lib/python3.12/site-packages/airflow/example_dags/tutorial.py for tasks to queue
[2026-07-18T22:04:51.724+0000] {logging_mixin.py:190} INFO - [2026-07-18T22:04:51.723+0000] {dagbag.py:588} INFO - Filling up the DagBag from /home/airflow/.local/lib/python3.12/site-packages/airflow/example_dags/tutorial.py
[2026-07-18T22:04:51.760+0000] {processor.py:925} INFO - DAG(s) 'tutorial' retrieved from /home/airflow/.local/lib/python3.12/site-packages/airflow/example_dags/tutorial.py
[2026-07-18T22:04:51.798+0000] {logging_mixin.py:190} INFO - [2026-07-18T22:04:51.797+0000] {dag.py:3239} INFO - Sync 1 DAGs
[2026-07-18T22:04:52.111+0000] {logging_mixin.py:190} INFO - [2026-07-18T22:04:52.111+0000] {dag.py:4180} INFO - Setting next_dagrun for tutorial to 2026-07-17 00:00:00+00:00, run_after=2026-07-18 00:00:00+00:00
[2026-07-18T22:04:52.138+0000] {processor.py:208} INFO - Processing /home/airflow/.local/lib/python3.12/site-packages/airflow/example_dags/tutorial.py took 0.439 seconds
[2026-07-18T22:05:22.473+0000] {processor.py:186} INFO - Started process (PID=3606) to work on /home/airflow/.local/lib/python3.12/site-packages/airflow/example_dags/tutorial.py
[2026-07-18T22:05:22.476+0000] {processor.py:914} INFO - Processing file /home/airflow/.local/lib/python3.12/site-packages/airflow/example_dags/tutorial.py for tasks to queue
[2026-07-18T22:05:22.479+0000] {logging_mixin.py:190} INFO - [2026-07-18T22:05:22.478+0000] {dagbag.py:588} INFO - Filling up the DagBag from /home/airflow/.local/lib/python3.12/site-packages/airflow/example_dags/tutorial.py
[2026-07-18T22:05:22.492+0000] {processor.py:925} INFO - DAG(s) 'tutorial' retrieved from /home/airflow/.local/lib/python3.12/site-packages/airflow/example_dags/tutorial.py
[2026-07-18T22:05:22.526+0000] {logging_mixin.py:190} INFO - [2026-07-18T22:05:22.525+0000] {dag.py:3239} INFO - Sync 1 DAGs
[2026-07-18T22:05:22.566+0000] {logging_mixin.py:190} INFO - [2026-07-18T22:05:22.566+0000] {dag.py:4180} INFO - Setting next_dagrun for tutorial to 2026-07-17 00:00:00+00:00, run_after=2026-07-18 00:00:00+00:00
[2026-07-18T22:05:22.951+0000] {processor.py:208} INFO - Processing /home/airflow/.local/lib/python3.12/site-packages/airflow/example_dags/tutorial.py took 0.486 seconds
[2026-07-18T23:18:16.860+0000] {processor.py:186} INFO - Started process (PID=3686) to work on /home/airflow/.local/lib/python3.12/site-packages/airflow/example_dags/tutorial.py
[2026-07-18T23:18:16.867+0000] {processor.py:914} INFO - Processing file /home/airflow/.local/lib/python3.12/site-packages/airflow/example_dags/tutorial.py for tasks to queue
[2026-07-18T23:18:16.877+0000] {logging_mixin.py:190} INFO - [2026-07-18T23:18:16.876+0000] {dagbag.py:588} INFO - Filling up the DagBag from /home/airflow/.local/lib/python3.12/site-packages/airflow/example_dags/tutorial.py
[2026-07-18T23:18:16.928+0000] {processor.py:925} INFO - DAG(s) 'tutorial' retrieved from /home/airflow/.local/lib/python3.12/site-packages/airflow/example_dags/tutorial.py
[2026-07-18T23:18:17.042+0000] {logging_mixin.py:190} INFO - [2026-07-18T23:18:17.041+0000] {dag.py:3239} INFO - Sync 1 DAGs
[2026-07-18T23:18:18.101+0000] {logging_mixin.py:190} INFO - [2026-07-18T23:18:18.100+0000] {dag.py:4180} INFO - Setting next_dagrun for tutorial to 2026-07-17 00:00:00+00:00, run_after=2026-07-18 00:00:00+00:00
[2026-07-18T23:18:18.180+0000] {processor.py:208} INFO - Processing /home/airflow/.local/lib/python3.12/site-packages/airflow/example_dags/tutorial.py took 1.349 seconds
