[2026-07-18T20:50:15.093+0000] {processor.py:186} INFO - Started process (PID=121) to work on /home/airflow/.local/lib/python3.12/site-packages/airflow/example_dags/tutorial_objectstorage.py
[2026-07-18T20:50:15.095+0000] {processor.py:914} INFO - Processing file /home/airflow/.local/lib/python3.12/site-packages/airflow/example_dags/tutorial_objectstorage.py for tasks to queue
[2026-07-18T20:50:15.100+0000] {logging_mixin.py:190} INFO - [2026-07-18T20:50:15.100+0000] {dagbag.py:588} INFO - Filling up the DagBag from /home/airflow/.local/lib/python3.12/site-packages/airflow/example_dags/tutorial_objectstorage.py
[2026-07-18T20:50:15.119+0000] {processor.py:925} INFO - DAG(s) 'tutorial_objectstorage' retrieved from /home/airflow/.local/lib/python3.12/site-packages/airflow/example_dags/tutorial_objectstorage.py
[2026-07-18T20:50:15.299+0000] {logging_mixin.py:190} INFO - [2026-07-18T20:50:15.298+0000] {override.py:1911} INFO - Created Permission View: can edit on DAG:tutorial_objectstorage
[2026-07-18T20:50:15.314+0000] {logging_mixin.py:190} INFO - [2026-07-18T20:50:15.314+0000] {override.py:1911} INFO - Created Permission View: can read on DAG:tutorial_objectstorage
[2026-07-18T20:50:15.328+0000] {logging_mixin.py:190} INFO - [2026-07-18T20:50:15.327+0000] {override.py:1911} INFO - Created Permission View: can delete on DAG:tutorial_objectstorage
[2026-07-18T20:50:15.342+0000] {logging_mixin.py:190} INFO - [2026-07-18T20:50:15.342+0000] {override.py:1911} INFO - Created Permission View: can create on DAG Run:tutorial_objectstorage
[2026-07-18T20:50:15.357+0000] {logging_mixin.py:190} INFO - [2026-07-18T20:50:15.356+0000] {override.py:1911} INFO - Created Permission View: can read on DAG Run:tutorial_objectstorage
[2026-07-18T20:50:15.371+0000] {logging_mixin.py:190} INFO - [2026-07-18T20:50:15.370+0000] {override.py:1911} INFO - Created Permission View: menu access on DAG Run:tutorial_objectstorage
[2026-07-18T20:50:15.385+0000] {logging_mixin.py:190} INFO - [2026-07-18T20:50:15.385+0000] {override.py:1911} INFO - Created Permission View: can delete on DAG Run:tutorial_objectstorage
[2026-07-18T20:50:15.387+0000] {logging_mixin.py:190} INFO - [2026-07-18T20:50:15.387+0000] {dag.py:3239} INFO - Sync 1 DAGs
[2026-07-18T20:50:15.420+0000] {logging_mixin.py:190} INFO - [2026-07-18T20:50:15.419+0000] {dag.py:3262} INFO - Creating ORM DAG for tutorial_objectstorage
[2026-07-18T20:50:15.422+0000] {logging_mixin.py:190} INFO - [2026-07-18T20:50:15.422+0000] {dag.py:4180} INFO - Setting next_dagrun for tutorial_objectstorage to None, run_after=None
[2026-07-18T20:50:15.540+0000] {processor.py:208} INFO - Processing /home/airflow/.local/lib/python3.12/site-packages/airflow/example_dags/tutorial_objectstorage.py took 0.458 seconds
[2026-07-18T20:50:45.929+0000] {processor.py:186} INFO - Started process (PID=184) to work on /home/airflow/.local/lib/python3.12/site-packages/airflow/example_dags/tutorial_objectstorage.py
[2026-07-18T20:50:45.932+0000] {processor.py:914} INFO - Processing file /home/airflow/.local/lib/python3.12/site-packages/airflow/example_dags/tutorial_objectstorage.py for tasks to queue
[2026-07-18T20:50:45.939+0000] {logging_mixin.py:190} INFO - [2026-07-18T20:50:45.938+0000] {dagbag.py:588} INFO - Filling up the DagBag from /home/airflow/.local/lib/python3.12/site-packages/airflow/example_dags/tutorial_objectstorage.py
[2026-07-18T20:50:45.965+0000] {processor.py:925} INFO - DAG(s) 'tutorial_objectstorage' retrieved from /home/airflow/.local/lib/python3.12/site-packages/airflow/example_dags/tutorial_objectstorage.py
[2026-07-18T20:50:46.116+0000] {logging_mixin.py:190} INFO - [2026-07-18T20:50:46.115+0000] {dag.py:3239} INFO - Sync 1 DAGs
[2026-07-18T20:50:46.198+0000] {logging_mixin.py:190} INFO - [2026-07-18T20:50:46.197+0000] {dag.py:4180} INFO - Setting next_dagrun for tutorial_objectstorage to None, run_after=None
[2026-07-18T20:50:46.274+0000] {processor.py:208} INFO - Processing /home/airflow/.local/lib/python3.12/site-packages/airflow/example_dags/tutorial_objectstorage.py took 0.358 seconds
[2026-07-18T20:51:17.147+0000] {processor.py:186} INFO - Started process (PID=246) to work on /home/airflow/.local/lib/python3.12/site-packages/airflow/example_dags/tutorial_objectstorage.py
[2026-07-18T20:51:17.150+0000] {processor.py:914} INFO - Processing file /home/airflow/.local/lib/python3.12/site-packages/airflow/example_dags/tutorial_objectstorage.py for tasks to queue
[2026-07-18T20:51:17.157+0000] {logging_mixin.py:190} INFO - [2026-07-18T20:51:17.156+0000] {dagbag.py:588} INFO - Filling up the DagBag from /home/airflow/.local/lib/python3.12/site-packages/airflow/example_dags/tutorial_objectstorage.py
[2026-07-18T20:51:17.210+0000] {processor.py:925} INFO - DAG(s) 'tutorial_objectstorage' retrieved from /home/airflow/.local/lib/python3.12/site-packages/airflow/example_dags/tutorial_objectstorage.py
[2026-07-18T20:51:17.282+0000] {logging_mixin.py:190} INFO - [2026-07-18T20:51:17.281+0000] {dag.py:3239} INFO - Sync 1 DAGs
[2026-07-18T20:51:17.320+0000] {logging_mixin.py:190} INFO - [2026-07-18T20:51:17.320+0000] {dag.py:4180} INFO - Setting next_dagrun for tutorial_objectstorage to None, run_after=None
[2026-07-18T20:51:17.370+0000] {processor.py:208} INFO - Processing /home/airflow/.local/lib/python3.12/site-packages/airflow/example_dags/tutorial_objectstorage.py took 0.243 seconds
[2026-07-18T20:51:48.103+0000] {processor.py:186} INFO - Started process (PID=310) to work on /home/airflow/.local/lib/python3.12/site-packages/airflow/example_dags/tutorial_objectstorage.py
[2026-07-18T20:51:48.104+0000] {processor.py:914} INFO - Processing file /home/airflow/.local/lib/python3.12/site-packages/airflow/example_dags/tutorial_objectstorage.py for tasks to queue
[2026-07-18T20:51:48.107+0000] {logging_mixin.py:190} INFO - [2026-07-18T20:51:48.107+0000] {dagbag.py:588} INFO - Filling up the DagBag from /home/airflow/.local/lib/python3.12/site-packages/airflow/example_dags/tutorial_objectstorage.py
[2026-07-18T20:51:48.118+0000] {processor.py:925} INFO - DAG(s) 'tutorial_objectstorage' retrieved from /home/airflow/.local/lib/python3.12/site-packages/airflow/example_dags/tutorial_objectstorage.py
[2026-07-18T20:51:48.137+0000] {logging_mixin.py:190} INFO - [2026-07-18T20:51:48.137+0000] {dag.py:3239} INFO - Sync 1 DAGs
[2026-07-18T20:51:48.156+0000] {logging_mixin.py:190} INFO - [2026-07-18T20:51:48.156+0000] {dag.py:4180} INFO - Setting next_dagrun for tutorial_objectstorage to None, run_after=None
[2026-07-18T20:51:48.182+0000] {processor.py:208} INFO - Processing /home/airflow/.local/lib/python3.12/site-packages/airflow/example_dags/tutorial_objectstorage.py took 0.085 seconds
[2026-07-18T20:52:18.909+0000] {processor.py:186} INFO - Started process (PID=373) to work on /home/airflow/.local/lib/python3.12/site-packages/airflow/example_dags/tutorial_objectstorage.py
[2026-07-18T20:52:18.910+0000] {processor.py:914} INFO - Processing file /home/airflow/.local/lib/python3.12/site-packages/airflow/example_dags/tutorial_objectstorage.py for tasks to queue
[2026-07-18T20:52:18.913+0000] {logging_mixin.py:190} INFO - [2026-07-18T20:52:18.913+0000] {dagbag.py:588} INFO - Filling up the DagBag from /home/airflow/.local/lib/python3.12/site-packages/airflow/example_dags/tutorial_objectstorage.py
[2026-07-18T20:52:18.924+0000] {processor.py:925} INFO - DAG(s) 'tutorial_objectstorage' retrieved from /home/airflow/.local/lib/python3.12/site-packages/airflow/example_dags/tutorial_objectstorage.py
[2026-07-18T20:52:18.946+0000] {logging_mixin.py:190} INFO - [2026-07-18T20:52:18.946+0000] {dag.py:3239} INFO - Sync 1 DAGs
[2026-07-18T20:52:18.961+0000] {logging_mixin.py:190} INFO - [2026-07-18T20:52:18.961+0000] {dag.py:4180} INFO - Setting next_dagrun for tutorial_objectstorage to None, run_after=None
[2026-07-18T20:52:18.981+0000] {processor.py:208} INFO - Processing /home/airflow/.local/lib/python3.12/site-packages/airflow/example_dags/tutorial_objectstorage.py took 0.080 seconds
[2026-07-18T20:52:49.878+0000] {processor.py:186} INFO - Started process (PID=436) to work on /home/airflow/.local/lib/python3.12/site-packages/airflow/example_dags/tutorial_objectstorage.py
[2026-07-18T20:52:49.881+0000] {processor.py:914} INFO - Processing file /home/airflow/.local/lib/python3.12/site-packages/airflow/example_dags/tutorial_objectstorage.py for tasks to queue
[2026-07-18T20:52:49.887+0000] {logging_mixin.py:190} INFO - [2026-07-18T20:52:49.886+0000] {dagbag.py:588} INFO - Filling up the DagBag from /home/airflow/.local/lib/python3.12/site-packages/airflow/example_dags/tutorial_objectstorage.py
[2026-07-18T20:52:49.912+0000] {processor.py:925} INFO - DAG(s) 'tutorial_objectstorage' retrieved from /home/airflow/.local/lib/python3.12/site-packages/airflow/example_dags/tutorial_objectstorage.py
[2026-07-18T20:52:49.955+0000] {logging_mixin.py:190} INFO - [2026-07-18T20:52:49.955+0000] {dag.py:3239} INFO - Sync 1 DAGs
[2026-07-18T20:52:49.982+0000] {logging_mixin.py:190} INFO - [2026-07-18T20:52:49.982+0000] {dag.py:4180} INFO - Setting next_dagrun for tutorial_objectstorage to None, run_after=None
[2026-07-18T20:52:50.028+0000] {processor.py:208} INFO - Processing /home/airflow/.local/lib/python3.12/site-packages/airflow/example_dags/tutorial_objectstorage.py took 0.160 seconds
[2026-07-18T20:53:20.679+0000] {processor.py:186} INFO - Started process (PID=499) to work on /home/airflow/.local/lib/python3.12/site-packages/airflow/example_dags/tutorial_objectstorage.py
[2026-07-18T20:53:20.681+0000] {processor.py:914} INFO - Processing file /home/airflow/.local/lib/python3.12/site-packages/airflow/example_dags/tutorial_objectstorage.py for tasks to queue
[2026-07-18T20:53:20.684+0000] {logging_mixin.py:190} INFO - [2026-07-18T20:53:20.683+0000] {dagbag.py:588} INFO - Filling up the DagBag from /home/airflow/.local/lib/python3.12/site-packages/airflow/example_dags/tutorial_objectstorage.py
[2026-07-18T20:53:20.693+0000] {processor.py:925} INFO - DAG(s) 'tutorial_objectstorage' retrieved from /home/airflow/.local/lib/python3.12/site-packages/airflow/example_dags/tutorial_objectstorage.py
[2026-07-18T20:53:20.712+0000] {logging_mixin.py:190} INFO - [2026-07-18T20:53:20.711+0000] {dag.py:3239} INFO - Sync 1 DAGs
[2026-07-18T20:53:20.724+0000] {logging_mixin.py:190} INFO - [2026-07-18T20:53:20.724+0000] {dag.py:4180} INFO - Setting next_dagrun for tutorial_objectstorage to None, run_after=None
[2026-07-18T20:53:20.743+0000] {processor.py:208} INFO - Processing /home/airflow/.local/lib/python3.12/site-packages/airflow/example_dags/tutorial_objectstorage.py took 0.071 seconds
[2026-07-18T20:53:51.460+0000] {processor.py:186} INFO - Started process (PID=562) to work on /home/airflow/.local/lib/python3.12/site-packages/airflow/example_dags/tutorial_objectstorage.py
[2026-07-18T20:53:51.462+0000] {processor.py:914} INFO - Processing file /home/airflow/.local/lib/python3.12/site-packages/airflow/example_dags/tutorial_objectstorage.py for tasks to queue
[2026-07-18T20:53:51.465+0000] {logging_mixin.py:190} INFO - [2026-07-18T20:53:51.465+0000] {dagbag.py:588} INFO - Filling up the DagBag from /home/airflow/.local/lib/python3.12/site-packages/airflow/example_dags/tutorial_objectstorage.py
[2026-07-18T20:53:51.477+0000] {processor.py:925} INFO - DAG(s) 'tutorial_objectstorage' retrieved from /home/airflow/.local/lib/python3.12/site-packages/airflow/example_dags/tutorial_objectstorage.py
[2026-07-18T20:53:51.495+0000] {logging_mixin.py:190} INFO - [2026-07-18T20:53:51.495+0000] {dag.py:3239} INFO - Sync 1 DAGs
[2026-07-18T20:53:51.508+0000] {logging_mixin.py:190} INFO - [2026-07-18T20:53:51.508+0000] {dag.py:4180} INFO - Setting next_dagrun for tutorial_objectstorage to None, run_after=None
[2026-07-18T20:53:51.525+0000] {processor.py:208} INFO - Processing /home/airflow/.local/lib/python3.12/site-packages/airflow/example_dags/tutorial_objectstorage.py took 0.071 seconds
[2026-07-18T20:54:22.172+0000] {processor.py:186} INFO - Started process (PID=625) to work on /home/airflow/.local/lib/python3.12/site-packages/airflow/example_dags/tutorial_objectstorage.py
[2026-07-18T20:54:22.174+0000] {processor.py:914} INFO - Processing file /home/airflow/.local/lib/python3.12/site-packages/airflow/example_dags/tutorial_objectstorage.py for tasks to queue
[2026-07-18T20:54:22.177+0000] {logging_mixin.py:190} INFO - [2026-07-18T20:54:22.176+0000] {dagbag.py:588} INFO - Filling up the DagBag from /home/airflow/.local/lib/python3.12/site-packages/airflow/example_dags/tutorial_objectstorage.py
[2026-07-18T20:54:22.186+0000] {processor.py:925} INFO - DAG(s) 'tutorial_objectstorage' retrieved from /home/airflow/.local/lib/python3.12/site-packages/airflow/example_dags/tutorial_objectstorage.py
[2026-07-18T20:54:22.203+0000] {logging_mixin.py:190} INFO - [2026-07-18T20:54:22.203+0000] {dag.py:3239} INFO - Sync 1 DAGs
[2026-07-18T20:54:22.215+0000] {logging_mixin.py:190} INFO - [2026-07-18T20:54:22.215+0000] {dag.py:4180} INFO - Setting next_dagrun for tutorial_objectstorage to None, run_after=None
[2026-07-18T20:54:22.233+0000] {processor.py:208} INFO - Processing /home/airflow/.local/lib/python3.12/site-packages/airflow/example_dags/tutorial_objectstorage.py took 0.067 seconds
[2026-07-18T20:54:52.359+0000] {processor.py:186} INFO - Started process (PID=688) to work on /home/airflow/.local/lib/python3.12/site-packages/airflow/example_dags/tutorial_objectstorage.py
[2026-07-18T20:54:52.361+0000] {processor.py:914} INFO - Processing file /home/airflow/.local/lib/python3.12/site-packages/airflow/example_dags/tutorial_objectstorage.py for tasks to queue
[2026-07-18T20:54:52.363+0000] {logging_mixin.py:190} INFO - [2026-07-18T20:54:52.363+0000] {dagbag.py:588} INFO - Filling up the DagBag from /home/airflow/.local/lib/python3.12/site-packages/airflow/example_dags/tutorial_objectstorage.py
[2026-07-18T20:54:52.372+0000] {processor.py:925} INFO - DAG(s) 'tutorial_objectstorage' retrieved from /home/airflow/.local/lib/python3.12/site-packages/airflow/example_dags/tutorial_objectstorage.py
[2026-07-18T20:54:52.391+0000] {logging_mixin.py:190} INFO - [2026-07-18T20:54:52.390+0000] {dag.py:3239} INFO - Sync 1 DAGs
[2026-07-18T20:54:52.404+0000] {logging_mixin.py:190} INFO - [2026-07-18T20:54:52.404+0000] {dag.py:4180} INFO - Setting next_dagrun for tutorial_objectstorage to None, run_after=None
[2026-07-18T20:54:52.422+0000] {processor.py:208} INFO - Processing /home/airflow/.local/lib/python3.12/site-packages/airflow/example_dags/tutorial_objectstorage.py took 0.068 seconds
[2026-07-18T20:55:22.972+0000] {processor.py:186} INFO - Started process (PID=751) to work on /home/airflow/.local/lib/python3.12/site-packages/airflow/example_dags/tutorial_objectstorage.py
[2026-07-18T20:55:22.973+0000] {processor.py:914} INFO - Processing file /home/airflow/.local/lib/python3.12/site-packages/airflow/example_dags/tutorial_objectstorage.py for tasks to queue
[2026-07-18T20:55:22.975+0000] {logging_mixin.py:190} INFO - [2026-07-18T20:55:22.975+0000] {dagbag.py:588} INFO - Filling up the DagBag from /home/airflow/.local/lib/python3.12/site-packages/airflow/example_dags/tutorial_objectstorage.py
[2026-07-18T20:55:22.985+0000] {processor.py:925} INFO - DAG(s) 'tutorial_objectstorage' retrieved from /home/airflow/.local/lib/python3.12/site-packages/airflow/example_dags/tutorial_objectstorage.py
[2026-07-18T20:55:23.002+0000] {logging_mixin.py:190} INFO - [2026-07-18T20:55:23.002+0000] {dag.py:3239} INFO - Sync 1 DAGs
[2026-07-18T20:55:23.015+0000] {logging_mixin.py:190} INFO - [2026-07-18T20:55:23.015+0000] {dag.py:4180} INFO - Setting next_dagrun for tutorial_objectstorage to None, run_after=None
[2026-07-18T20:55:23.099+0000] {processor.py:208} INFO - Processing /home/airflow/.local/lib/python3.12/site-packages/airflow/example_dags/tutorial_objectstorage.py took 0.132 seconds
[2026-07-18T20:55:53.526+0000] {processor.py:186} INFO - Started process (PID=814) to work on /home/airflow/.local/lib/python3.12/site-packages/airflow/example_dags/tutorial_objectstorage.py
[2026-07-18T20:55:53.527+0000] {processor.py:914} INFO - Processing file /home/airflow/.local/lib/python3.12/site-packages/airflow/example_dags/tutorial_objectstorage.py for tasks to queue
[2026-07-18T20:55:53.529+0000] {logging_mixin.py:190} INFO - [2026-07-18T20:55:53.529+0000] {dagbag.py:588} INFO - Filling up the DagBag from /home/airflow/.local/lib/python3.12/site-packages/airflow/example_dags/tutorial_objectstorage.py
[2026-07-18T20:55:53.538+0000] {processor.py:925} INFO - DAG(s) 'tutorial_objectstorage' retrieved from /home/airflow/.local/lib/python3.12/site-packages/airflow/example_dags/tutorial_objectstorage.py
[2026-07-18T20:55:53.554+0000] {logging_mixin.py:190} INFO - [2026-07-18T20:55:53.554+0000] {dag.py:3239} INFO - Sync 1 DAGs
[2026-07-18T20:55:53.565+0000] {logging_mixin.py:190} INFO - [2026-07-18T20:55:53.565+0000] {dag.py:4180} INFO - Setting next_dagrun for tutorial_objectstorage to None, run_after=None
[2026-07-18T20:55:53.589+0000] {processor.py:208} INFO - Processing /home/airflow/.local/lib/python3.12/site-packages/airflow/example_dags/tutorial_objectstorage.py took 0.069 seconds
[2026-07-18T20:56:23.741+0000] {processor.py:186} INFO - Started process (PID=877) to work on /home/airflow/.local/lib/python3.12/site-packages/airflow/example_dags/tutorial_objectstorage.py
[2026-07-18T20:56:23.742+0000] {processor.py:914} INFO - Processing file /home/airflow/.local/lib/python3.12/site-packages/airflow/example_dags/tutorial_objectstorage.py for tasks to queue
[2026-07-18T20:56:23.744+0000] {logging_mixin.py:190} INFO - [2026-07-18T20:56:23.744+0000] {dagbag.py:588} INFO - Filling up the DagBag from /home/airflow/.local/lib/python3.12/site-packages/airflow/example_dags/tutorial_objectstorage.py
[2026-07-18T20:56:23.752+0000] {processor.py:925} INFO - DAG(s) 'tutorial_objectstorage' retrieved from /home/airflow/.local/lib/python3.12/site-packages/airflow/example_dags/tutorial_objectstorage.py
[2026-07-18T20:56:23.769+0000] {logging_mixin.py:190} INFO - [2026-07-18T20:56:23.768+0000] {dag.py:3239} INFO - Sync 1 DAGs
[2026-07-18T20:56:23.780+0000] {logging_mixin.py:190} INFO - [2026-07-18T20:56:23.780+0000] {dag.py:4180} INFO - Setting next_dagrun for tutorial_objectstorage to None, run_after=None
[2026-07-18T20:56:23.799+0000] {processor.py:208} INFO - Processing /home/airflow/.local/lib/python3.12/site-packages/airflow/example_dags/tutorial_objectstorage.py took 0.063 seconds
[2026-07-18T20:56:54.456+0000] {processor.py:186} INFO - Started process (PID=940) to work on /home/airflow/.local/lib/python3.12/site-packages/airflow/example_dags/tutorial_objectstorage.py
[2026-07-18T20:56:54.458+0000] {processor.py:914} INFO - Processing file /home/airflow/.local/lib/python3.12/site-packages/airflow/example_dags/tutorial_objectstorage.py for tasks to queue
[2026-07-18T20:56:54.460+0000] {logging_mixin.py:190} INFO - [2026-07-18T20:56:54.460+0000] {dagbag.py:588} INFO - Filling up the DagBag from /home/airflow/.local/lib/python3.12/site-packages/airflow/example_dags/tutorial_objectstorage.py
[2026-07-18T20:56:54.468+0000] {processor.py:925} INFO - DAG(s) 'tutorial_objectstorage' retrieved from /home/airflow/.local/lib/python3.12/site-packages/airflow/example_dags/tutorial_objectstorage.py
[2026-07-18T20:56:54.485+0000] {logging_mixin.py:190} INFO - [2026-07-18T20:56:54.485+0000] {dag.py:3239} INFO - Sync 1 DAGs
[2026-07-18T20:56:54.498+0000] {logging_mixin.py:190} INFO - [2026-07-18T20:56:54.498+0000] {dag.py:4180} INFO - Setting next_dagrun for tutorial_objectstorage to None, run_after=None
[2026-07-18T20:56:54.515+0000] {processor.py:208} INFO - Processing /home/airflow/.local/lib/python3.12/site-packages/airflow/example_dags/tutorial_objectstorage.py took 0.064 seconds
[2026-07-18T20:57:25.914+0000] {processor.py:186} INFO - Started process (PID=1002) to work on /home/airflow/.local/lib/python3.12/site-packages/airflow/example_dags/tutorial_objectstorage.py
[2026-07-18T20:57:25.915+0000] {processor.py:914} INFO - Processing file /home/airflow/.local/lib/python3.12/site-packages/airflow/example_dags/tutorial_objectstorage.py for tasks to queue
[2026-07-18T20:57:25.918+0000] {logging_mixin.py:190} INFO - [2026-07-18T20:57:25.917+0000] {dagbag.py:588} INFO - Filling up the DagBag from /home/airflow/.local/lib/python3.12/site-packages/airflow/example_dags/tutorial_objectstorage.py
[2026-07-18T20:57:25.926+0000] {processor.py:925} INFO - DAG(s) 'tutorial_objectstorage' retrieved from /home/airflow/.local/lib/python3.12/site-packages/airflow/example_dags/tutorial_objectstorage.py
[2026-07-18T20:57:25.943+0000] {logging_mixin.py:190} INFO - [2026-07-18T20:57:25.943+0000] {dag.py:3239} INFO - Sync 1 DAGs
[2026-07-18T20:57:25.955+0000] {logging_mixin.py:190} INFO - [2026-07-18T20:57:25.954+0000] {dag.py:4180} INFO - Setting next_dagrun for tutorial_objectstorage to None, run_after=None
[2026-07-18T20:57:25.971+0000] {processor.py:208} INFO - Processing /home/airflow/.local/lib/python3.12/site-packages/airflow/example_dags/tutorial_objectstorage.py took 0.063 seconds
[2026-07-18T20:57:57.665+0000] {processor.py:186} INFO - Started process (PID=1066) to work on /home/airflow/.local/lib/python3.12/site-packages/airflow/example_dags/tutorial_objectstorage.py
[2026-07-18T20:57:57.666+0000] {processor.py:914} INFO - Processing file /home/airflow/.local/lib/python3.12/site-packages/airflow/example_dags/tutorial_objectstorage.py for tasks to queue
[2026-07-18T20:57:57.669+0000] {logging_mixin.py:190} INFO - [2026-07-18T20:57:57.669+0000] {dagbag.py:588} INFO - Filling up the DagBag from /home/airflow/.local/lib/python3.12/site-packages/airflow/example_dags/tutorial_objectstorage.py
[2026-07-18T20:57:57.679+0000] {processor.py:925} INFO - DAG(s) 'tutorial_objectstorage' retrieved from /home/airflow/.local/lib/python3.12/site-packages/airflow/example_dags/tutorial_objectstorage.py
[2026-07-18T20:57:57.696+0000] {logging_mixin.py:190} INFO - [2026-07-18T20:57:57.696+0000] {dag.py:3239} INFO - Sync 1 DAGs
[2026-07-18T20:57:57.712+0000] {logging_mixin.py:190} INFO - [2026-07-18T20:57:57.712+0000] {dag.py:4180} INFO - Setting next_dagrun for tutorial_objectstorage to None, run_after=None
[2026-07-18T20:57:57.730+0000] {processor.py:208} INFO - Processing /home/airflow/.local/lib/python3.12/site-packages/airflow/example_dags/tutorial_objectstorage.py took 0.072 seconds
[2026-07-18T20:58:28.615+0000] {processor.py:186} INFO - Started process (PID=1129) to work on /home/airflow/.local/lib/python3.12/site-packages/airflow/example_dags/tutorial_objectstorage.py
[2026-07-18T20:58:28.616+0000] {processor.py:914} INFO - Processing file /home/airflow/.local/lib/python3.12/site-packages/airflow/example_dags/tutorial_objectstorage.py for tasks to queue
[2026-07-18T20:58:28.619+0000] {logging_mixin.py:190} INFO - [2026-07-18T20:58:28.619+0000] {dagbag.py:588} INFO - Filling up the DagBag from /home/airflow/.local/lib/python3.12/site-packages/airflow/example_dags/tutorial_objectstorage.py
[2026-07-18T20:58:28.629+0000] {processor.py:925} INFO - DAG(s) 'tutorial_objectstorage' retrieved from /home/airflow/.local/lib/python3.12/site-packages/airflow/example_dags/tutorial_objectstorage.py
[2026-07-18T20:58:28.646+0000] {logging_mixin.py:190} INFO - [2026-07-18T20:58:28.646+0000] {dag.py:3239} INFO - Sync 1 DAGs
[2026-07-18T20:58:28.658+0000] {logging_mixin.py:190} INFO - [2026-07-18T20:58:28.658+0000] {dag.py:4180} INFO - Setting next_dagrun for tutorial_objectstorage to None, run_after=None
[2026-07-18T20:58:28.674+0000] {processor.py:208} INFO - Processing /home/airflow/.local/lib/python3.12/site-packages/airflow/example_dags/tutorial_objectstorage.py took 0.065 seconds
[2026-07-18T20:58:59.221+0000] {processor.py:186} INFO - Started process (PID=1191) to work on /home/airflow/.local/lib/python3.12/site-packages/airflow/example_dags/tutorial_objectstorage.py
[2026-07-18T20:58:59.223+0000] {processor.py:914} INFO - Processing file /home/airflow/.local/lib/python3.12/site-packages/airflow/example_dags/tutorial_objectstorage.py for tasks to queue
[2026-07-18T20:58:59.225+0000] {logging_mixin.py:190} INFO - [2026-07-18T20:58:59.225+0000] {dagbag.py:588} INFO - Filling up the DagBag from /home/airflow/.local/lib/python3.12/site-packages/airflow/example_dags/tutorial_objectstorage.py
[2026-07-18T20:58:59.234+0000] {processor.py:925} INFO - DAG(s) 'tutorial_objectstorage' retrieved from /home/airflow/.local/lib/python3.12/site-packages/airflow/example_dags/tutorial_objectstorage.py
[2026-07-18T20:58:59.251+0000] {logging_mixin.py:190} INFO - [2026-07-18T20:58:59.251+0000] {dag.py:3239} INFO - Sync 1 DAGs
[2026-07-18T20:58:59.265+0000] {logging_mixin.py:190} INFO - [2026-07-18T20:58:59.265+0000] {dag.py:4180} INFO - Setting next_dagrun for tutorial_objectstorage to None, run_after=None
[2026-07-18T20:58:59.288+0000] {processor.py:208} INFO - Processing /home/airflow/.local/lib/python3.12/site-packages/airflow/example_dags/tutorial_objectstorage.py took 0.073 seconds
[2026-07-18T20:59:30.654+0000] {processor.py:186} INFO - Started process (PID=1253) to work on /home/airflow/.local/lib/python3.12/site-packages/airflow/example_dags/tutorial_objectstorage.py
[2026-07-18T20:59:30.655+0000] {processor.py:914} INFO - Processing file /home/airflow/.local/lib/python3.12/site-packages/airflow/example_dags/tutorial_objectstorage.py for tasks to queue
[2026-07-18T20:59:30.658+0000] {logging_mixin.py:190} INFO - [2026-07-18T20:59:30.658+0000] {dagbag.py:588} INFO - Filling up the DagBag from /home/airflow/.local/lib/python3.12/site-packages/airflow/example_dags/tutorial_objectstorage.py
[2026-07-18T20:59:30.666+0000] {processor.py:925} INFO - DAG(s) 'tutorial_objectstorage' retrieved from /home/airflow/.local/lib/python3.12/site-packages/airflow/example_dags/tutorial_objectstorage.py
[2026-07-18T20:59:30.683+0000] {logging_mixin.py:190} INFO - [2026-07-18T20:59:30.682+0000] {dag.py:3239} INFO - Sync 1 DAGs
[2026-07-18T20:59:30.695+0000] {logging_mixin.py:190} INFO - [2026-07-18T20:59:30.695+0000] {dag.py:4180} INFO - Setting next_dagrun for tutorial_objectstorage to None, run_after=None
[2026-07-18T20:59:30.712+0000] {processor.py:208} INFO - Processing /home/airflow/.local/lib/python3.12/site-packages/airflow/example_dags/tutorial_objectstorage.py took 0.063 seconds
[2026-07-18T21:00:01.394+0000] {processor.py:186} INFO - Started process (PID=1317) to work on /home/airflow/.local/lib/python3.12/site-packages/airflow/example_dags/tutorial_objectstorage.py
[2026-07-18T21:00:01.395+0000] {processor.py:914} INFO - Processing file /home/airflow/.local/lib/python3.12/site-packages/airflow/example_dags/tutorial_objectstorage.py for tasks to queue
[2026-07-18T21:00:01.398+0000] {logging_mixin.py:190} INFO - [2026-07-18T21:00:01.397+0000] {dagbag.py:588} INFO - Filling up the DagBag from /home/airflow/.local/lib/python3.12/site-packages/airflow/example_dags/tutorial_objectstorage.py
[2026-07-18T21:00:01.408+0000] {processor.py:925} INFO - DAG(s) 'tutorial_objectstorage' retrieved from /home/airflow/.local/lib/python3.12/site-packages/airflow/example_dags/tutorial_objectstorage.py
[2026-07-18T21:00:01.427+0000] {logging_mixin.py:190} INFO - [2026-07-18T21:00:01.427+0000] {dag.py:3239} INFO - Sync 1 DAGs
[2026-07-18T21:00:01.443+0000] {logging_mixin.py:190} INFO - [2026-07-18T21:00:01.442+0000] {dag.py:4180} INFO - Setting next_dagrun for tutorial_objectstorage to None, run_after=None
[2026-07-18T21:00:01.465+0000] {processor.py:208} INFO - Processing /home/airflow/.local/lib/python3.12/site-packages/airflow/example_dags/tutorial_objectstorage.py took 0.076 seconds
[2026-07-18T21:00:32.578+0000] {processor.py:186} INFO - Started process (PID=1380) to work on /home/airflow/.local/lib/python3.12/site-packages/airflow/example_dags/tutorial_objectstorage.py
[2026-07-18T21:00:32.579+0000] {processor.py:914} INFO - Processing file /home/airflow/.local/lib/python3.12/site-packages/airflow/example_dags/tutorial_objectstorage.py for tasks to queue
[2026-07-18T21:00:32.583+0000] {logging_mixin.py:190} INFO - [2026-07-18T21:00:32.582+0000] {dagbag.py:588} INFO - Filling up the DagBag from /home/airflow/.local/lib/python3.12/site-packages/airflow/example_dags/tutorial_objectstorage.py
[2026-07-18T21:00:32.593+0000] {processor.py:925} INFO - DAG(s) 'tutorial_objectstorage' retrieved from /home/airflow/.local/lib/python3.12/site-packages/airflow/example_dags/tutorial_objectstorage.py
[2026-07-18T21:00:32.610+0000] {logging_mixin.py:190} INFO - [2026-07-18T21:00:32.610+0000] {dag.py:3239} INFO - Sync 1 DAGs
[2026-07-18T21:00:32.623+0000] {logging_mixin.py:190} INFO - [2026-07-18T21:00:32.623+0000] {dag.py:4180} INFO - Setting next_dagrun for tutorial_objectstorage to None, run_after=None
[2026-07-18T21:00:32.639+0000] {processor.py:208} INFO - Processing /home/airflow/.local/lib/python3.12/site-packages/airflow/example_dags/tutorial_objectstorage.py took 0.067 seconds
[2026-07-18T21:01:07.146+0000] {processor.py:186} INFO - Started process (PID=1449) to work on /home/airflow/.local/lib/python3.12/site-packages/airflow/example_dags/tutorial_objectstorage.py
[2026-07-18T21:01:07.150+0000] {processor.py:914} INFO - Processing file /home/airflow/.local/lib/python3.12/site-packages/airflow/example_dags/tutorial_objectstorage.py for tasks to queue
[2026-07-18T21:01:07.159+0000] {logging_mixin.py:190} INFO - [2026-07-18T21:01:07.158+0000] {dagbag.py:588} INFO - Filling up the DagBag from /home/airflow/.local/lib/python3.12/site-packages/airflow/example_dags/tutorial_objectstorage.py
[2026-07-18T21:01:07.185+0000] {processor.py:925} INFO - DAG(s) 'tutorial_objectstorage' retrieved from /home/airflow/.local/lib/python3.12/site-packages/airflow/example_dags/tutorial_objectstorage.py
[2026-07-18T21:01:07.236+0000] {logging_mixin.py:190} INFO - [2026-07-18T21:01:07.236+0000] {dag.py:3239} INFO - Sync 1 DAGs
[2026-07-18T21:01:07.280+0000] {logging_mixin.py:190} INFO - [2026-07-18T21:01:07.278+0000] {dag.py:4180} INFO - Setting next_dagrun for tutorial_objectstorage to None, run_after=None
[2026-07-18T21:01:07.338+0000] {processor.py:208} INFO - Processing /home/airflow/.local/lib/python3.12/site-packages/airflow/example_dags/tutorial_objectstorage.py took 0.207 seconds
[2026-07-18T21:01:38.497+0000] {processor.py:186} INFO - Started process (PID=1512) to work on /home/airflow/.local/lib/python3.12/site-packages/airflow/example_dags/tutorial_objectstorage.py
[2026-07-18T21:01:38.499+0000] {processor.py:914} INFO - Processing file /home/airflow/.local/lib/python3.12/site-packages/airflow/example_dags/tutorial_objectstorage.py for tasks to queue
[2026-07-18T21:01:38.505+0000] {logging_mixin.py:190} INFO - [2026-07-18T21:01:38.504+0000] {dagbag.py:588} INFO - Filling up the DagBag from /home/airflow/.local/lib/python3.12/site-packages/airflow/example_dags/tutorial_objectstorage.py
[2026-07-18T21:01:38.533+0000] {processor.py:925} INFO - DAG(s) 'tutorial_objectstorage' retrieved from /home/airflow/.local/lib/python3.12/site-packages/airflow/example_dags/tutorial_objectstorage.py
[2026-07-18T21:01:38.581+0000] {logging_mixin.py:190} INFO - [2026-07-18T21:01:38.580+0000] {dag.py:3239} INFO - Sync 1 DAGs
[2026-07-18T21:01:38.612+0000] {logging_mixin.py:190} INFO - [2026-07-18T21:01:38.612+0000] {dag.py:4180} INFO - Setting next_dagrun for tutorial_objectstorage to None, run_after=None
[2026-07-18T21:01:38.648+0000] {processor.py:208} INFO - Processing /home/airflow/.local/lib/python3.12/site-packages/airflow/example_dags/tutorial_objectstorage.py took 0.161 seconds
[2026-07-18T21:02:09.873+0000] {processor.py:186} INFO - Started process (PID=1575) to work on /home/airflow/.local/lib/python3.12/site-packages/airflow/example_dags/tutorial_objectstorage.py
[2026-07-18T21:02:09.877+0000] {processor.py:914} INFO - Processing file /home/airflow/.local/lib/python3.12/site-packages/airflow/example_dags/tutorial_objectstorage.py for tasks to queue
[2026-07-18T21:02:09.889+0000] {logging_mixin.py:190} INFO - [2026-07-18T21:02:09.888+0000] {dagbag.py:588} INFO - Filling up the DagBag from /home/airflow/.local/lib/python3.12/site-packages/airflow/example_dags/tutorial_objectstorage.py
[2026-07-18T21:02:09.925+0000] {processor.py:925} INFO - DAG(s) 'tutorial_objectstorage' retrieved from /home/airflow/.local/lib/python3.12/site-packages/airflow/example_dags/tutorial_objectstorage.py
[2026-07-18T21:02:09.964+0000] {logging_mixin.py:190} INFO - [2026-07-18T21:02:09.964+0000] {dag.py:3239} INFO - Sync 1 DAGs
[2026-07-18T21:02:09.996+0000] {logging_mixin.py:190} INFO - [2026-07-18T21:02:09.996+0000] {dag.py:4180} INFO - Setting next_dagrun for tutorial_objectstorage to None, run_after=None
[2026-07-18T21:02:10.049+0000] {processor.py:208} INFO - Processing /home/airflow/.local/lib/python3.12/site-packages/airflow/example_dags/tutorial_objectstorage.py took 0.195 seconds
[2026-07-18T21:02:41.163+0000] {processor.py:186} INFO - Started process (PID=1638) to work on /home/airflow/.local/lib/python3.12/site-packages/airflow/example_dags/tutorial_objectstorage.py
[2026-07-18T21:02:41.166+0000] {processor.py:914} INFO - Processing file /home/airflow/.local/lib/python3.12/site-packages/airflow/example_dags/tutorial_objectstorage.py for tasks to queue
[2026-07-18T21:02:41.175+0000] {logging_mixin.py:190} INFO - [2026-07-18T21:02:41.174+0000] {dagbag.py:588} INFO - Filling up the DagBag from /home/airflow/.local/lib/python3.12/site-packages/airflow/example_dags/tutorial_objectstorage.py
[2026-07-18T21:02:41.195+0000] {processor.py:925} INFO - DAG(s) 'tutorial_objectstorage' retrieved from /home/airflow/.local/lib/python3.12/site-packages/airflow/example_dags/tutorial_objectstorage.py
[2026-07-18T21:02:41.254+0000] {logging_mixin.py:190} INFO - [2026-07-18T21:02:41.253+0000] {dag.py:3239} INFO - Sync 1 DAGs
[2026-07-18T21:02:41.311+0000] {logging_mixin.py:190} INFO - [2026-07-18T21:02:41.310+0000] {dag.py:4180} INFO - Setting next_dagrun for tutorial_objectstorage to None, run_after=None
[2026-07-18T21:02:41.369+0000] {processor.py:208} INFO - Processing /home/airflow/.local/lib/python3.12/site-packages/airflow/example_dags/tutorial_objectstorage.py took 0.229 seconds
[2026-07-18T21:03:12.767+0000] {processor.py:186} INFO - Started process (PID=1701) to work on /home/airflow/.local/lib/python3.12/site-packages/airflow/example_dags/tutorial_objectstorage.py
[2026-07-18T21:03:12.769+0000] {processor.py:914} INFO - Processing file /home/airflow/.local/lib/python3.12/site-packages/airflow/example_dags/tutorial_objectstorage.py for tasks to queue
[2026-07-18T21:03:12.774+0000] {logging_mixin.py:190} INFO - [2026-07-18T21:03:12.774+0000] {dagbag.py:588} INFO - Filling up the DagBag from /home/airflow/.local/lib/python3.12/site-packages/airflow/example_dags/tutorial_objectstorage.py
[2026-07-18T21:03:12.787+0000] {processor.py:925} INFO - DAG(s) 'tutorial_objectstorage' retrieved from /home/airflow/.local/lib/python3.12/site-packages/airflow/example_dags/tutorial_objectstorage.py
[2026-07-18T21:03:12.819+0000] {logging_mixin.py:190} INFO - [2026-07-18T21:03:12.819+0000] {dag.py:3239} INFO - Sync 1 DAGs
[2026-07-18T21:03:12.863+0000] {logging_mixin.py:190} INFO - [2026-07-18T21:03:12.862+0000] {dag.py:4180} INFO - Setting next_dagrun for tutorial_objectstorage to None, run_after=None
[2026-07-18T21:03:12.956+0000] {processor.py:208} INFO - Processing /home/airflow/.local/lib/python3.12/site-packages/airflow/example_dags/tutorial_objectstorage.py took 0.199 seconds
[2026-07-18T21:03:44.930+0000] {processor.py:186} INFO - Started process (PID=1767) to work on /home/airflow/.local/lib/python3.12/site-packages/airflow/example_dags/tutorial_objectstorage.py
[2026-07-18T21:03:44.933+0000] {processor.py:914} INFO - Processing file /home/airflow/.local/lib/python3.12/site-packages/airflow/example_dags/tutorial_objectstorage.py for tasks to queue
[2026-07-18T21:03:44.938+0000] {logging_mixin.py:190} INFO - [2026-07-18T21:03:44.937+0000] {dagbag.py:588} INFO - Filling up the DagBag from /home/airflow/.local/lib/python3.12/site-packages/airflow/example_dags/tutorial_objectstorage.py
[2026-07-18T21:03:44.956+0000] {processor.py:925} INFO - DAG(s) 'tutorial_objectstorage' retrieved from /home/airflow/.local/lib/python3.12/site-packages/airflow/example_dags/tutorial_objectstorage.py
[2026-07-18T21:03:44.984+0000] {logging_mixin.py:190} INFO - [2026-07-18T21:03:44.983+0000] {dag.py:3239} INFO - Sync 1 DAGs
[2026-07-18T21:03:45.002+0000] {logging_mixin.py:190} INFO - [2026-07-18T21:03:45.002+0000] {dag.py:4180} INFO - Setting next_dagrun for tutorial_objectstorage to None, run_after=None
[2026-07-18T21:03:45.103+0000] {processor.py:208} INFO - Processing /home/airflow/.local/lib/python3.12/site-packages/airflow/example_dags/tutorial_objectstorage.py took 0.186 seconds
[2026-07-18T21:04:15.764+0000] {processor.py:186} INFO - Started process (PID=1831) to work on /home/airflow/.local/lib/python3.12/site-packages/airflow/example_dags/tutorial_objectstorage.py
[2026-07-18T21:04:15.767+0000] {processor.py:914} INFO - Processing file /home/airflow/.local/lib/python3.12/site-packages/airflow/example_dags/tutorial_objectstorage.py for tasks to queue
[2026-07-18T21:04:15.775+0000] {logging_mixin.py:190} INFO - [2026-07-18T21:04:15.774+0000] {dagbag.py:588} INFO - Filling up the DagBag from /home/airflow/.local/lib/python3.12/site-packages/airflow/example_dags/tutorial_objectstorage.py
[2026-07-18T21:04:15.842+0000] {processor.py:925} INFO - DAG(s) 'tutorial_objectstorage' retrieved from /home/airflow/.local/lib/python3.12/site-packages/airflow/example_dags/tutorial_objectstorage.py
[2026-07-18T21:04:15.877+0000] {logging_mixin.py:190} INFO - [2026-07-18T21:04:15.876+0000] {dag.py:3239} INFO - Sync 1 DAGs
[2026-07-18T21:04:15.899+0000] {logging_mixin.py:190} INFO - [2026-07-18T21:04:15.899+0000] {dag.py:4180} INFO - Setting next_dagrun for tutorial_objectstorage to None, run_after=None
[2026-07-18T21:04:15.927+0000] {processor.py:208} INFO - Processing /home/airflow/.local/lib/python3.12/site-packages/airflow/example_dags/tutorial_objectstorage.py took 0.178 seconds
[2026-07-18T21:04:47.091+0000] {processor.py:186} INFO - Started process (PID=1894) to work on /home/airflow/.local/lib/python3.12/site-packages/airflow/example_dags/tutorial_objectstorage.py
[2026-07-18T21:04:47.095+0000] {processor.py:914} INFO - Processing file /home/airflow/.local/lib/python3.12/site-packages/airflow/example_dags/tutorial_objectstorage.py for tasks to queue
[2026-07-18T21:04:47.105+0000] {logging_mixin.py:190} INFO - [2026-07-18T21:04:47.104+0000] {dagbag.py:588} INFO - Filling up the DagBag from /home/airflow/.local/lib/python3.12/site-packages/airflow/example_dags/tutorial_objectstorage.py
[2026-07-18T21:04:47.133+0000] {processor.py:925} INFO - DAG(s) 'tutorial_objectstorage' retrieved from /home/airflow/.local/lib/python3.12/site-packages/airflow/example_dags/tutorial_objectstorage.py
[2026-07-18T21:04:47.203+0000] {logging_mixin.py:190} INFO - [2026-07-18T21:04:47.202+0000] {dag.py:3239} INFO - Sync 1 DAGs
[2026-07-18T21:04:47.228+0000] {logging_mixin.py:190} INFO - [2026-07-18T21:04:47.228+0000] {dag.py:4180} INFO - Setting next_dagrun for tutorial_objectstorage to None, run_after=None
[2026-07-18T21:04:47.262+0000] {processor.py:208} INFO - Processing /home/airflow/.local/lib/python3.12/site-packages/airflow/example_dags/tutorial_objectstorage.py took 0.190 seconds
[2026-07-18T21:05:18.351+0000] {processor.py:186} INFO - Started process (PID=1960) to work on /home/airflow/.local/lib/python3.12/site-packages/airflow/example_dags/tutorial_objectstorage.py
[2026-07-18T21:05:18.352+0000] {processor.py:914} INFO - Processing file /home/airflow/.local/lib/python3.12/site-packages/airflow/example_dags/tutorial_objectstorage.py for tasks to queue
[2026-07-18T21:05:18.354+0000] {logging_mixin.py:190} INFO - [2026-07-18T21:05:18.354+0000] {dagbag.py:588} INFO - Filling up the DagBag from /home/airflow/.local/lib/python3.12/site-packages/airflow/example_dags/tutorial_objectstorage.py
[2026-07-18T21:05:18.362+0000] {processor.py:925} INFO - DAG(s) 'tutorial_objectstorage' retrieved from /home/airflow/.local/lib/python3.12/site-packages/airflow/example_dags/tutorial_objectstorage.py
[2026-07-18T21:05:18.378+0000] {logging_mixin.py:190} INFO - [2026-07-18T21:05:18.378+0000] {dag.py:3239} INFO - Sync 1 DAGs
[2026-07-18T21:05:18.389+0000] {logging_mixin.py:190} INFO - [2026-07-18T21:05:18.389+0000] {dag.py:4180} INFO - Setting next_dagrun for tutorial_objectstorage to None, run_after=None
[2026-07-18T21:05:18.406+0000] {processor.py:208} INFO - Processing /home/airflow/.local/lib/python3.12/site-packages/airflow/example_dags/tutorial_objectstorage.py took 0.060 seconds
[2026-07-18T21:05:50.713+0000] {processor.py:186} INFO - Started process (PID=2023) to work on /home/airflow/.local/lib/python3.12/site-packages/airflow/example_dags/tutorial_objectstorage.py
[2026-07-18T21:05:50.715+0000] {processor.py:914} INFO - Processing file /home/airflow/.local/lib/python3.12/site-packages/airflow/example_dags/tutorial_objectstorage.py for tasks to queue
[2026-07-18T21:05:50.720+0000] {logging_mixin.py:190} INFO - [2026-07-18T21:05:50.719+0000] {dagbag.py:588} INFO - Filling up the DagBag from /home/airflow/.local/lib/python3.12/site-packages/airflow/example_dags/tutorial_objectstorage.py
[2026-07-18T21:05:50.736+0000] {processor.py:925} INFO - DAG(s) 'tutorial_objectstorage' retrieved from /home/airflow/.local/lib/python3.12/site-packages/airflow/example_dags/tutorial_objectstorage.py
[2026-07-18T21:05:50.764+0000] {logging_mixin.py:190} INFO - [2026-07-18T21:05:50.764+0000] {dag.py:3239} INFO - Sync 1 DAGs
[2026-07-18T21:05:50.788+0000] {logging_mixin.py:190} INFO - [2026-07-18T21:05:50.787+0000] {dag.py:4180} INFO - Setting next_dagrun for tutorial_objectstorage to None, run_after=None
[2026-07-18T21:05:50.872+0000] {processor.py:208} INFO - Processing /home/airflow/.local/lib/python3.12/site-packages/airflow/example_dags/tutorial_objectstorage.py took 0.168 seconds
[2026-07-18T21:06:22.392+0000] {processor.py:186} INFO - Started process (PID=2088) to work on /home/airflow/.local/lib/python3.12/site-packages/airflow/example_dags/tutorial_objectstorage.py
[2026-07-18T21:06:22.394+0000] {processor.py:914} INFO - Processing file /home/airflow/.local/lib/python3.12/site-packages/airflow/example_dags/tutorial_objectstorage.py for tasks to queue
[2026-07-18T21:06:22.401+0000] {logging_mixin.py:190} INFO - [2026-07-18T21:06:22.400+0000] {dagbag.py:588} INFO - Filling up the DagBag from /home/airflow/.local/lib/python3.12/site-packages/airflow/example_dags/tutorial_objectstorage.py
[2026-07-18T21:06:22.420+0000] {processor.py:925} INFO - DAG(s) 'tutorial_objectstorage' retrieved from /home/airflow/.local/lib/python3.12/site-packages/airflow/example_dags/tutorial_objectstorage.py
[2026-07-18T21:06:22.450+0000] {logging_mixin.py:190} INFO - [2026-07-18T21:06:22.449+0000] {dag.py:3239} INFO - Sync 1 DAGs
[2026-07-18T21:06:22.477+0000] {logging_mixin.py:190} INFO - [2026-07-18T21:06:22.477+0000] {dag.py:4180} INFO - Setting next_dagrun for tutorial_objectstorage to None, run_after=None
[2026-07-18T21:06:22.508+0000] {processor.py:208} INFO - Processing /home/airflow/.local/lib/python3.12/site-packages/airflow/example_dags/tutorial_objectstorage.py took 0.125 seconds
[2026-07-18T21:06:55.926+0000] {processor.py:186} INFO - Started process (PID=2153) to work on /home/airflow/.local/lib/python3.12/site-packages/airflow/example_dags/tutorial_objectstorage.py
[2026-07-18T21:06:55.930+0000] {processor.py:914} INFO - Processing file /home/airflow/.local/lib/python3.12/site-packages/airflow/example_dags/tutorial_objectstorage.py for tasks to queue
[2026-07-18T21:06:55.940+0000] {logging_mixin.py:190} INFO - [2026-07-18T21:06:55.938+0000] {dagbag.py:588} INFO - Filling up the DagBag from /home/airflow/.local/lib/python3.12/site-packages/airflow/example_dags/tutorial_objectstorage.py
[2026-07-18T21:06:55.962+0000] {processor.py:925} INFO - DAG(s) 'tutorial_objectstorage' retrieved from /home/airflow/.local/lib/python3.12/site-packages/airflow/example_dags/tutorial_objectstorage.py
[2026-07-18T21:06:56.003+0000] {logging_mixin.py:190} INFO - [2026-07-18T21:06:56.003+0000] {dag.py:3239} INFO - Sync 1 DAGs
[2026-07-18T21:06:56.030+0000] {logging_mixin.py:190} INFO - [2026-07-18T21:06:56.030+0000] {dag.py:4180} INFO - Setting next_dagrun for tutorial_objectstorage to None, run_after=None
[2026-07-18T21:06:56.064+0000] {processor.py:208} INFO - Processing /home/airflow/.local/lib/python3.12/site-packages/airflow/example_dags/tutorial_objectstorage.py took 0.161 seconds
[2026-07-18T21:07:26.821+0000] {processor.py:186} INFO - Started process (PID=2216) to work on /home/airflow/.local/lib/python3.12/site-packages/airflow/example_dags/tutorial_objectstorage.py
[2026-07-18T21:07:26.822+0000] {processor.py:914} INFO - Processing file /home/airflow/.local/lib/python3.12/site-packages/airflow/example_dags/tutorial_objectstorage.py for tasks to queue
[2026-07-18T21:07:26.827+0000] {logging_mixin.py:190} INFO - [2026-07-18T21:07:26.826+0000] {dagbag.py:588} INFO - Filling up the DagBag from /home/airflow/.local/lib/python3.12/site-packages/airflow/example_dags/tutorial_objectstorage.py
[2026-07-18T21:07:26.841+0000] {processor.py:925} INFO - DAG(s) 'tutorial_objectstorage' retrieved from /home/airflow/.local/lib/python3.12/site-packages/airflow/example_dags/tutorial_objectstorage.py
[2026-07-18T21:07:26.867+0000] {logging_mixin.py:190} INFO - [2026-07-18T21:07:26.867+0000] {dag.py:3239} INFO - Sync 1 DAGs
[2026-07-18T21:07:26.887+0000] {logging_mixin.py:190} INFO - [2026-07-18T21:07:26.887+0000] {dag.py:4180} INFO - Setting next_dagrun for tutorial_objectstorage to None, run_after=None
[2026-07-18T21:07:26.973+0000] {processor.py:208} INFO - Processing /home/airflow/.local/lib/python3.12/site-packages/airflow/example_dags/tutorial_objectstorage.py took 0.159 seconds
[2026-07-18T21:07:57.367+0000] {processor.py:186} INFO - Started process (PID=2279) to work on /home/airflow/.local/lib/python3.12/site-packages/airflow/example_dags/tutorial_objectstorage.py
[2026-07-18T21:07:57.370+0000] {processor.py:914} INFO - Processing file /home/airflow/.local/lib/python3.12/site-packages/airflow/example_dags/tutorial_objectstorage.py for tasks to queue
[2026-07-18T21:07:57.375+0000] {logging_mixin.py:190} INFO - [2026-07-18T21:07:57.374+0000] {dagbag.py:588} INFO - Filling up the DagBag from /home/airflow/.local/lib/python3.12/site-packages/airflow/example_dags/tutorial_objectstorage.py
[2026-07-18T21:07:57.389+0000] {processor.py:925} INFO - DAG(s) 'tutorial_objectstorage' retrieved from /home/airflow/.local/lib/python3.12/site-packages/airflow/example_dags/tutorial_objectstorage.py
[2026-07-18T21:07:57.420+0000] {logging_mixin.py:190} INFO - [2026-07-18T21:07:57.419+0000] {dag.py:3239} INFO - Sync 1 DAGs
[2026-07-18T21:07:57.439+0000] {logging_mixin.py:190} INFO - [2026-07-18T21:07:57.438+0000] {dag.py:4180} INFO - Setting next_dagrun for tutorial_objectstorage to None, run_after=None
[2026-07-18T21:07:57.469+0000] {processor.py:208} INFO - Processing /home/airflow/.local/lib/python3.12/site-packages/airflow/example_dags/tutorial_objectstorage.py took 0.112 seconds
[2026-07-18T21:08:32.235+0000] {processor.py:186} INFO - Started process (PID=2342) to work on /home/airflow/.local/lib/python3.12/site-packages/airflow/example_dags/tutorial_objectstorage.py
[2026-07-18T21:08:32.290+0000] {processor.py:914} INFO - Processing file /home/airflow/.local/lib/python3.12/site-packages/airflow/example_dags/tutorial_objectstorage.py for tasks to queue
[2026-07-18T21:08:32.306+0000] {logging_mixin.py:190} INFO - [2026-07-18T21:08:32.298+0000] {dagbag.py:588} INFO - Filling up the DagBag from /home/airflow/.local/lib/python3.12/site-packages/airflow/example_dags/tutorial_objectstorage.py
[2026-07-18T21:08:32.349+0000] {processor.py:925} INFO - DAG(s) 'tutorial_objectstorage' retrieved from /home/airflow/.local/lib/python3.12/site-packages/airflow/example_dags/tutorial_objectstorage.py
[2026-07-18T21:08:32.440+0000] {logging_mixin.py:190} INFO - [2026-07-18T21:08:32.439+0000] {dag.py:3239} INFO - Sync 1 DAGs
[2026-07-18T21:08:32.518+0000] {logging_mixin.py:190} INFO - [2026-07-18T21:08:32.517+0000] {dag.py:4180} INFO - Setting next_dagrun for tutorial_objectstorage to None, run_after=None
[2026-07-18T21:08:32.622+0000] {processor.py:208} INFO - Processing /home/airflow/.local/lib/python3.12/site-packages/airflow/example_dags/tutorial_objectstorage.py took 0.421 seconds
[2026-07-18T21:16:36.714+0000] {processor.py:186} INFO - Started process (PID=2405) to work on /home/airflow/.local/lib/python3.12/site-packages/airflow/example_dags/tutorial_objectstorage.py
[2026-07-18T21:16:36.718+0000] {processor.py:914} INFO - Processing file /home/airflow/.local/lib/python3.12/site-packages/airflow/example_dags/tutorial_objectstorage.py for tasks to queue
[2026-07-18T21:16:36.725+0000] {logging_mixin.py:190} INFO - [2026-07-18T21:16:36.725+0000] {dagbag.py:588} INFO - Filling up the DagBag from /home/airflow/.local/lib/python3.12/site-packages/airflow/example_dags/tutorial_objectstorage.py
[2026-07-18T21:16:36.746+0000] {processor.py:925} INFO - DAG(s) 'tutorial_objectstorage' retrieved from /home/airflow/.local/lib/python3.12/site-packages/airflow/example_dags/tutorial_objectstorage.py
[2026-07-18T21:16:36.811+0000] {logging_mixin.py:190} INFO - [2026-07-18T21:16:36.810+0000] {dag.py:3239} INFO - Sync 1 DAGs
[2026-07-18T21:16:36.857+0000] {logging_mixin.py:190} INFO - [2026-07-18T21:16:36.857+0000] {dag.py:4180} INFO - Setting next_dagrun for tutorial_objectstorage to None, run_after=None
[2026-07-18T21:16:36.920+0000] {processor.py:208} INFO - Processing /home/airflow/.local/lib/python3.12/site-packages/airflow/example_dags/tutorial_objectstorage.py took 0.217 seconds
[2026-07-18T21:17:07.202+0000] {processor.py:186} INFO - Started process (PID=2467) to work on /home/airflow/.local/lib/python3.12/site-packages/airflow/example_dags/tutorial_objectstorage.py
[2026-07-18T21:17:07.205+0000] {processor.py:914} INFO - Processing file /home/airflow/.local/lib/python3.12/site-packages/airflow/example_dags/tutorial_objectstorage.py for tasks to queue
[2026-07-18T21:17:07.209+0000] {logging_mixin.py:190} INFO - [2026-07-18T21:17:07.208+0000] {dagbag.py:588} INFO - Filling up the DagBag from /home/airflow/.local/lib/python3.12/site-packages/airflow/example_dags/tutorial_objectstorage.py
[2026-07-18T21:17:07.226+0000] {processor.py:925} INFO - DAG(s) 'tutorial_objectstorage' retrieved from /home/airflow/.local/lib/python3.12/site-packages/airflow/example_dags/tutorial_objectstorage.py
[2026-07-18T21:17:07.268+0000] {logging_mixin.py:190} INFO - [2026-07-18T21:17:07.267+0000] {dag.py:3239} INFO - Sync 1 DAGs
[2026-07-18T21:17:07.295+0000] {logging_mixin.py:190} INFO - [2026-07-18T21:17:07.295+0000] {dag.py:4180} INFO - Setting next_dagrun for tutorial_objectstorage to None, run_after=None
[2026-07-18T21:17:07.333+0000] {processor.py:208} INFO - Processing /home/airflow/.local/lib/python3.12/site-packages/airflow/example_dags/tutorial_objectstorage.py took 0.144 seconds
[2026-07-18T21:17:37.969+0000] {processor.py:186} INFO - Started process (PID=2531) to work on /home/airflow/.local/lib/python3.12/site-packages/airflow/example_dags/tutorial_objectstorage.py
[2026-07-18T21:17:37.972+0000] {processor.py:914} INFO - Processing file /home/airflow/.local/lib/python3.12/site-packages/airflow/example_dags/tutorial_objectstorage.py for tasks to queue
[2026-07-18T21:17:37.977+0000] {logging_mixin.py:190} INFO - [2026-07-18T21:17:37.977+0000] {dagbag.py:588} INFO - Filling up the DagBag from /home/airflow/.local/lib/python3.12/site-packages/airflow/example_dags/tutorial_objectstorage.py
[2026-07-18T21:17:37.991+0000] {processor.py:925} INFO - DAG(s) 'tutorial_objectstorage' retrieved from /home/airflow/.local/lib/python3.12/site-packages/airflow/example_dags/tutorial_objectstorage.py
[2026-07-18T21:17:38.019+0000] {logging_mixin.py:190} INFO - [2026-07-18T21:17:38.019+0000] {dag.py:3239} INFO - Sync 1 DAGs
[2026-07-18T21:17:38.041+0000] {logging_mixin.py:190} INFO - [2026-07-18T21:17:38.041+0000] {dag.py:4180} INFO - Setting next_dagrun for tutorial_objectstorage to None, run_after=None
[2026-07-18T21:17:38.066+0000] {processor.py:208} INFO - Processing /home/airflow/.local/lib/python3.12/site-packages/airflow/example_dags/tutorial_objectstorage.py took 0.106 seconds
[2026-07-18T21:18:08.706+0000] {processor.py:186} INFO - Started process (PID=2593) to work on /home/airflow/.local/lib/python3.12/site-packages/airflow/example_dags/tutorial_objectstorage.py
[2026-07-18T21:18:08.710+0000] {processor.py:914} INFO - Processing file /home/airflow/.local/lib/python3.12/site-packages/airflow/example_dags/tutorial_objectstorage.py for tasks to queue
[2026-07-18T21:18:08.718+0000] {logging_mixin.py:190} INFO - [2026-07-18T21:18:08.717+0000] {dagbag.py:588} INFO - Filling up the DagBag from /home/airflow/.local/lib/python3.12/site-packages/airflow/example_dags/tutorial_objectstorage.py
[2026-07-18T21:18:08.739+0000] {processor.py:925} INFO - DAG(s) 'tutorial_objectstorage' retrieved from /home/airflow/.local/lib/python3.12/site-packages/airflow/example_dags/tutorial_objectstorage.py
[2026-07-18T21:18:08.779+0000] {logging_mixin.py:190} INFO - [2026-07-18T21:18:08.778+0000] {dag.py:3239} INFO - Sync 1 DAGs
[2026-07-18T21:18:08.802+0000] {logging_mixin.py:190} INFO - [2026-07-18T21:18:08.801+0000] {dag.py:4180} INFO - Setting next_dagrun for tutorial_objectstorage to None, run_after=None
[2026-07-18T21:18:08.840+0000] {processor.py:208} INFO - Processing /home/airflow/.local/lib/python3.12/site-packages/airflow/example_dags/tutorial_objectstorage.py took 0.151 seconds
[2026-07-18T21:18:39.524+0000] {processor.py:186} INFO - Started process (PID=2656) to work on /home/airflow/.local/lib/python3.12/site-packages/airflow/example_dags/tutorial_objectstorage.py
[2026-07-18T21:18:39.527+0000] {processor.py:914} INFO - Processing file /home/airflow/.local/lib/python3.12/site-packages/airflow/example_dags/tutorial_objectstorage.py for tasks to queue
[2026-07-18T21:18:39.531+0000] {logging_mixin.py:190} INFO - [2026-07-18T21:18:39.531+0000] {dagbag.py:588} INFO - Filling up the DagBag from /home/airflow/.local/lib/python3.12/site-packages/airflow/example_dags/tutorial_objectstorage.py
[2026-07-18T21:18:39.544+0000] {processor.py:925} INFO - DAG(s) 'tutorial_objectstorage' retrieved from /home/airflow/.local/lib/python3.12/site-packages/airflow/example_dags/tutorial_objectstorage.py
[2026-07-18T21:18:39.576+0000] {logging_mixin.py:190} INFO - [2026-07-18T21:18:39.575+0000] {dag.py:3239} INFO - Sync 1 DAGs
[2026-07-18T21:18:39.597+0000] {logging_mixin.py:190} INFO - [2026-07-18T21:18:39.596+0000] {dag.py:4180} INFO - Setting next_dagrun for tutorial_objectstorage to None, run_after=None
[2026-07-18T21:18:39.632+0000] {processor.py:208} INFO - Processing /home/airflow/.local/lib/python3.12/site-packages/airflow/example_dags/tutorial_objectstorage.py took 0.119 seconds
[2026-07-18T21:19:10.285+0000] {processor.py:186} INFO - Started process (PID=2719) to work on /home/airflow/.local/lib/python3.12/site-packages/airflow/example_dags/tutorial_objectstorage.py
[2026-07-18T21:19:10.287+0000] {processor.py:914} INFO - Processing file /home/airflow/.local/lib/python3.12/site-packages/airflow/example_dags/tutorial_objectstorage.py for tasks to queue
[2026-07-18T21:19:10.292+0000] {logging_mixin.py:190} INFO - [2026-07-18T21:19:10.292+0000] {dagbag.py:588} INFO - Filling up the DagBag from /home/airflow/.local/lib/python3.12/site-packages/airflow/example_dags/tutorial_objectstorage.py
[2026-07-18T21:19:10.308+0000] {processor.py:925} INFO - DAG(s) 'tutorial_objectstorage' retrieved from /home/airflow/.local/lib/python3.12/site-packages/airflow/example_dags/tutorial_objectstorage.py
[2026-07-18T21:19:10.333+0000] {logging_mixin.py:190} INFO - [2026-07-18T21:19:10.333+0000] {dag.py:3239} INFO - Sync 1 DAGs
[2026-07-18T21:19:10.353+0000] {logging_mixin.py:190} INFO - [2026-07-18T21:19:10.352+0000] {dag.py:4180} INFO - Setting next_dagrun for tutorial_objectstorage to None, run_after=None
[2026-07-18T21:19:10.380+0000] {processor.py:208} INFO - Processing /home/airflow/.local/lib/python3.12/site-packages/airflow/example_dags/tutorial_objectstorage.py took 0.104 seconds
[2026-07-18T21:19:41.004+0000] {processor.py:186} INFO - Started process (PID=2782) to work on /home/airflow/.local/lib/python3.12/site-packages/airflow/example_dags/tutorial_objectstorage.py
[2026-07-18T21:19:41.007+0000] {processor.py:914} INFO - Processing file /home/airflow/.local/lib/python3.12/site-packages/airflow/example_dags/tutorial_objectstorage.py for tasks to queue
[2026-07-18T21:19:41.012+0000] {logging_mixin.py:190} INFO - [2026-07-18T21:19:41.011+0000] {dagbag.py:588} INFO - Filling up the DagBag from /home/airflow/.local/lib/python3.12/site-packages/airflow/example_dags/tutorial_objectstorage.py
[2026-07-18T21:19:41.028+0000] {processor.py:925} INFO - DAG(s) 'tutorial_objectstorage' retrieved from /home/airflow/.local/lib/python3.12/site-packages/airflow/example_dags/tutorial_objectstorage.py
[2026-07-18T21:19:41.056+0000] {logging_mixin.py:190} INFO - [2026-07-18T21:19:41.056+0000] {dag.py:3239} INFO - Sync 1 DAGs
[2026-07-18T21:19:41.092+0000] {logging_mixin.py:190} INFO - [2026-07-18T21:19:41.091+0000] {dag.py:4180} INFO - Setting next_dagrun for tutorial_objectstorage to None, run_after=None
[2026-07-18T21:19:41.146+0000] {processor.py:208} INFO - Processing /home/airflow/.local/lib/python3.12/site-packages/airflow/example_dags/tutorial_objectstorage.py took 0.156 seconds
[2026-07-18T21:20:11.413+0000] {processor.py:186} INFO - Started process (PID=2845) to work on /home/airflow/.local/lib/python3.12/site-packages/airflow/example_dags/tutorial_objectstorage.py
[2026-07-18T21:20:11.415+0000] {processor.py:914} INFO - Processing file /home/airflow/.local/lib/python3.12/site-packages/airflow/example_dags/tutorial_objectstorage.py for tasks to queue
[2026-07-18T21:20:11.420+0000] {logging_mixin.py:190} INFO - [2026-07-18T21:20:11.419+0000] {dagbag.py:588} INFO - Filling up the DagBag from /home/airflow/.local/lib/python3.12/site-packages/airflow/example_dags/tutorial_objectstorage.py
[2026-07-18T21:20:11.433+0000] {processor.py:925} INFO - DAG(s) 'tutorial_objectstorage' retrieved from /home/airflow/.local/lib/python3.12/site-packages/airflow/example_dags/tutorial_objectstorage.py
[2026-07-18T21:20:11.466+0000] {logging_mixin.py:190} INFO - [2026-07-18T21:20:11.465+0000] {dag.py:3239} INFO - Sync 1 DAGs
[2026-07-18T21:20:11.484+0000] {logging_mixin.py:190} INFO - [2026-07-18T21:20:11.483+0000] {dag.py:4180} INFO - Setting next_dagrun for tutorial_objectstorage to None, run_after=None
[2026-07-18T21:20:11.554+0000] {processor.py:208} INFO - Processing /home/airflow/.local/lib/python3.12/site-packages/airflow/example_dags/tutorial_objectstorage.py took 0.149 seconds
[2026-07-18T21:20:42.468+0000] {processor.py:186} INFO - Started process (PID=2908) to work on /home/airflow/.local/lib/python3.12/site-packages/airflow/example_dags/tutorial_objectstorage.py
[2026-07-18T21:20:42.470+0000] {processor.py:914} INFO - Processing file /home/airflow/.local/lib/python3.12/site-packages/airflow/example_dags/tutorial_objectstorage.py for tasks to queue
[2026-07-18T21:20:42.478+0000] {logging_mixin.py:190} INFO - [2026-07-18T21:20:42.477+0000] {dagbag.py:588} INFO - Filling up the DagBag from /home/airflow/.local/lib/python3.12/site-packages/airflow/example_dags/tutorial_objectstorage.py
[2026-07-18T21:20:42.491+0000] {processor.py:925} INFO - DAG(s) 'tutorial_objectstorage' retrieved from /home/airflow/.local/lib/python3.12/site-packages/airflow/example_dags/tutorial_objectstorage.py
[2026-07-18T21:20:42.528+0000] {logging_mixin.py:190} INFO - [2026-07-18T21:20:42.527+0000] {dag.py:3239} INFO - Sync 1 DAGs
[2026-07-18T21:20:42.569+0000] {logging_mixin.py:190} INFO - [2026-07-18T21:20:42.568+0000] {dag.py:4180} INFO - Setting next_dagrun for tutorial_objectstorage to None, run_after=None
[2026-07-18T21:20:42.604+0000] {processor.py:208} INFO - Processing /home/airflow/.local/lib/python3.12/site-packages/airflow/example_dags/tutorial_objectstorage.py took 0.144 seconds
[2026-07-18T21:21:13.093+0000] {processor.py:186} INFO - Started process (PID=2970) to work on /home/airflow/.local/lib/python3.12/site-packages/airflow/example_dags/tutorial_objectstorage.py
[2026-07-18T21:21:13.097+0000] {processor.py:914} INFO - Processing file /home/airflow/.local/lib/python3.12/site-packages/airflow/example_dags/tutorial_objectstorage.py for tasks to queue
[2026-07-18T21:21:13.103+0000] {logging_mixin.py:190} INFO - [2026-07-18T21:21:13.103+0000] {dagbag.py:588} INFO - Filling up the DagBag from /home/airflow/.local/lib/python3.12/site-packages/airflow/example_dags/tutorial_objectstorage.py
[2026-07-18T21:21:13.122+0000] {processor.py:925} INFO - DAG(s) 'tutorial_objectstorage' retrieved from /home/airflow/.local/lib/python3.12/site-packages/airflow/example_dags/tutorial_objectstorage.py
[2026-07-18T21:21:13.154+0000] {logging_mixin.py:190} INFO - [2026-07-18T21:21:13.153+0000] {dag.py:3239} INFO - Sync 1 DAGs
[2026-07-18T21:21:13.174+0000] {logging_mixin.py:190} INFO - [2026-07-18T21:21:13.174+0000] {dag.py:4180} INFO - Setting next_dagrun for tutorial_objectstorage to None, run_after=None
[2026-07-18T21:21:13.245+0000] {processor.py:208} INFO - Processing /home/airflow/.local/lib/python3.12/site-packages/airflow/example_dags/tutorial_objectstorage.py took 0.166 seconds
[2026-07-18T21:21:43.748+0000] {processor.py:186} INFO - Started process (PID=3033) to work on /home/airflow/.local/lib/python3.12/site-packages/airflow/example_dags/tutorial_objectstorage.py
[2026-07-18T21:21:43.752+0000] {processor.py:914} INFO - Processing file /home/airflow/.local/lib/python3.12/site-packages/airflow/example_dags/tutorial_objectstorage.py for tasks to queue
[2026-07-18T21:21:43.759+0000] {logging_mixin.py:190} INFO - [2026-07-18T21:21:43.758+0000] {dagbag.py:588} INFO - Filling up the DagBag from /home/airflow/.local/lib/python3.12/site-packages/airflow/example_dags/tutorial_objectstorage.py
[2026-07-18T21:21:43.773+0000] {processor.py:925} INFO - DAG(s) 'tutorial_objectstorage' retrieved from /home/airflow/.local/lib/python3.12/site-packages/airflow/example_dags/tutorial_objectstorage.py
[2026-07-18T21:21:43.801+0000] {logging_mixin.py:190} INFO - [2026-07-18T21:21:43.801+0000] {dag.py:3239} INFO - Sync 1 DAGs
[2026-07-18T21:21:43.832+0000] {logging_mixin.py:190} INFO - [2026-07-18T21:21:43.832+0000] {dag.py:4180} INFO - Setting next_dagrun for tutorial_objectstorage to None, run_after=None
[2026-07-18T21:21:43.876+0000] {processor.py:208} INFO - Processing /home/airflow/.local/lib/python3.12/site-packages/airflow/example_dags/tutorial_objectstorage.py took 0.139 seconds
[2026-07-18T21:22:13.997+0000] {processor.py:186} INFO - Started process (PID=3096) to work on /home/airflow/.local/lib/python3.12/site-packages/airflow/example_dags/tutorial_objectstorage.py
[2026-07-18T21:22:14.000+0000] {processor.py:914} INFO - Processing file /home/airflow/.local/lib/python3.12/site-packages/airflow/example_dags/tutorial_objectstorage.py for tasks to queue
[2026-07-18T21:22:14.007+0000] {logging_mixin.py:190} INFO - [2026-07-18T21:22:14.006+0000] {dagbag.py:588} INFO - Filling up the DagBag from /home/airflow/.local/lib/python3.12/site-packages/airflow/example_dags/tutorial_objectstorage.py
[2026-07-18T21:22:14.033+0000] {processor.py:925} INFO - DAG(s) 'tutorial_objectstorage' retrieved from /home/airflow/.local/lib/python3.12/site-packages/airflow/example_dags/tutorial_objectstorage.py
[2026-07-18T21:22:14.080+0000] {logging_mixin.py:190} INFO - [2026-07-18T21:22:14.078+0000] {dag.py:3239} INFO - Sync 1 DAGs
[2026-07-18T21:22:14.103+0000] {logging_mixin.py:190} INFO - [2026-07-18T21:22:14.103+0000] {dag.py:4180} INFO - Setting next_dagrun for tutorial_objectstorage to None, run_after=None
[2026-07-18T21:22:14.136+0000] {processor.py:208} INFO - Processing /home/airflow/.local/lib/python3.12/site-packages/airflow/example_dags/tutorial_objectstorage.py took 0.154 seconds
[2026-07-18T21:26:03.811+0000] {processor.py:186} INFO - Started process (PID=157) to work on /home/airflow/.local/lib/python3.12/site-packages/airflow/example_dags/tutorial_objectstorage.py
[2026-07-18T21:26:03.815+0000] {processor.py:914} INFO - Processing file /home/airflow/.local/lib/python3.12/site-packages/airflow/example_dags/tutorial_objectstorage.py for tasks to queue
[2026-07-18T21:26:03.823+0000] {logging_mixin.py:190} INFO - [2026-07-18T21:26:03.822+0000] {dagbag.py:588} INFO - Filling up the DagBag from /home/airflow/.local/lib/python3.12/site-packages/airflow/example_dags/tutorial_objectstorage.py
[2026-07-18T21:26:03.856+0000] {processor.py:925} INFO - DAG(s) 'tutorial_objectstorage' retrieved from /home/airflow/.local/lib/python3.12/site-packages/airflow/example_dags/tutorial_objectstorage.py
[2026-07-18T21:26:03.889+0000] {logging_mixin.py:190} INFO - [2026-07-18T21:26:03.889+0000] {dag.py:3239} INFO - Sync 1 DAGs
[2026-07-18T21:26:03.912+0000] {logging_mixin.py:190} INFO - [2026-07-18T21:26:03.911+0000] {dag.py:4180} INFO - Setting next_dagrun for tutorial_objectstorage to None, run_after=None
[2026-07-18T21:26:03.941+0000] {processor.py:208} INFO - Processing /home/airflow/.local/lib/python3.12/site-packages/airflow/example_dags/tutorial_objectstorage.py took 0.153 seconds
[2026-07-18T21:26:34.608+0000] {processor.py:186} INFO - Started process (PID=220) to work on /home/airflow/.local/lib/python3.12/site-packages/airflow/example_dags/tutorial_objectstorage.py
[2026-07-18T21:26:34.611+0000] {processor.py:914} INFO - Processing file /home/airflow/.local/lib/python3.12/site-packages/airflow/example_dags/tutorial_objectstorage.py for tasks to queue
[2026-07-18T21:26:34.618+0000] {logging_mixin.py:190} INFO - [2026-07-18T21:26:34.618+0000] {dagbag.py:588} INFO - Filling up the DagBag from /home/airflow/.local/lib/python3.12/site-packages/airflow/example_dags/tutorial_objectstorage.py
[2026-07-18T21:26:34.636+0000] {processor.py:925} INFO - DAG(s) 'tutorial_objectstorage' retrieved from /home/airflow/.local/lib/python3.12/site-packages/airflow/example_dags/tutorial_objectstorage.py
[2026-07-18T21:26:34.673+0000] {logging_mixin.py:190} INFO - [2026-07-18T21:26:34.672+0000] {dag.py:3239} INFO - Sync 1 DAGs
[2026-07-18T21:26:34.696+0000] {logging_mixin.py:190} INFO - [2026-07-18T21:26:34.696+0000] {dag.py:4180} INFO - Setting next_dagrun for tutorial_objectstorage to None, run_after=None
[2026-07-18T21:26:34.788+0000] {processor.py:208} INFO - Processing /home/airflow/.local/lib/python3.12/site-packages/airflow/example_dags/tutorial_objectstorage.py took 0.189 seconds
[2026-07-18T21:27:07.538+0000] {processor.py:186} INFO - Started process (PID=283) to work on /home/airflow/.local/lib/python3.12/site-packages/airflow/example_dags/tutorial_objectstorage.py
[2026-07-18T21:27:07.541+0000] {processor.py:914} INFO - Processing file /home/airflow/.local/lib/python3.12/site-packages/airflow/example_dags/tutorial_objectstorage.py for tasks to queue
[2026-07-18T21:27:07.546+0000] {logging_mixin.py:190} INFO - [2026-07-18T21:27:07.546+0000] {dagbag.py:588} INFO - Filling up the DagBag from /home/airflow/.local/lib/python3.12/site-packages/airflow/example_dags/tutorial_objectstorage.py
[2026-07-18T21:27:07.558+0000] {processor.py:925} INFO - DAG(s) 'tutorial_objectstorage' retrieved from /home/airflow/.local/lib/python3.12/site-packages/airflow/example_dags/tutorial_objectstorage.py
[2026-07-18T21:27:07.586+0000] {logging_mixin.py:190} INFO - [2026-07-18T21:27:07.586+0000] {dag.py:3239} INFO - Sync 1 DAGs
[2026-07-18T21:27:07.605+0000] {logging_mixin.py:190} INFO - [2026-07-18T21:27:07.605+0000] {dag.py:4180} INFO - Setting next_dagrun for tutorial_objectstorage to None, run_after=None
[2026-07-18T21:27:07.726+0000] {processor.py:208} INFO - Processing /home/airflow/.local/lib/python3.12/site-packages/airflow/example_dags/tutorial_objectstorage.py took 0.195 seconds
[2026-07-18T21:27:39.446+0000] {processor.py:186} INFO - Started process (PID=346) to work on /home/airflow/.local/lib/python3.12/site-packages/airflow/example_dags/tutorial_objectstorage.py
[2026-07-18T21:27:39.449+0000] {processor.py:914} INFO - Processing file /home/airflow/.local/lib/python3.12/site-packages/airflow/example_dags/tutorial_objectstorage.py for tasks to queue
[2026-07-18T21:27:39.454+0000] {logging_mixin.py:190} INFO - [2026-07-18T21:27:39.454+0000] {dagbag.py:588} INFO - Filling up the DagBag from /home/airflow/.local/lib/python3.12/site-packages/airflow/example_dags/tutorial_objectstorage.py
[2026-07-18T21:27:39.468+0000] {processor.py:925} INFO - DAG(s) 'tutorial_objectstorage' retrieved from /home/airflow/.local/lib/python3.12/site-packages/airflow/example_dags/tutorial_objectstorage.py
[2026-07-18T21:27:39.499+0000] {logging_mixin.py:190} INFO - [2026-07-18T21:27:39.498+0000] {dag.py:3239} INFO - Sync 1 DAGs
[2026-07-18T21:27:39.520+0000] {logging_mixin.py:190} INFO - [2026-07-18T21:27:39.519+0000] {dag.py:4180} INFO - Setting next_dagrun for tutorial_objectstorage to None, run_after=None
[2026-07-18T21:27:39.549+0000] {processor.py:208} INFO - Processing /home/airflow/.local/lib/python3.12/site-packages/airflow/example_dags/tutorial_objectstorage.py took 0.110 seconds
[2026-07-18T21:28:10.603+0000] {processor.py:186} INFO - Started process (PID=408) to work on /home/airflow/.local/lib/python3.12/site-packages/airflow/example_dags/tutorial_objectstorage.py
[2026-07-18T21:28:10.610+0000] {processor.py:914} INFO - Processing file /home/airflow/.local/lib/python3.12/site-packages/airflow/example_dags/tutorial_objectstorage.py for tasks to queue
[2026-07-18T21:28:10.615+0000] {logging_mixin.py:190} INFO - [2026-07-18T21:28:10.614+0000] {dagbag.py:588} INFO - Filling up the DagBag from /home/airflow/.local/lib/python3.12/site-packages/airflow/example_dags/tutorial_objectstorage.py
[2026-07-18T21:28:10.631+0000] {processor.py:925} INFO - DAG(s) 'tutorial_objectstorage' retrieved from /home/airflow/.local/lib/python3.12/site-packages/airflow/example_dags/tutorial_objectstorage.py
[2026-07-18T21:28:10.669+0000] {logging_mixin.py:190} INFO - [2026-07-18T21:28:10.668+0000] {dag.py:3239} INFO - Sync 1 DAGs
[2026-07-18T21:28:10.695+0000] {logging_mixin.py:190} INFO - [2026-07-18T21:28:10.695+0000] {dag.py:4180} INFO - Setting next_dagrun for tutorial_objectstorage to None, run_after=None
[2026-07-18T21:28:10.731+0000] {processor.py:208} INFO - Processing /home/airflow/.local/lib/python3.12/site-packages/airflow/example_dags/tutorial_objectstorage.py took 0.136 seconds
[2026-07-18T21:28:43.714+0000] {processor.py:186} INFO - Started process (PID=472) to work on /home/airflow/.local/lib/python3.12/site-packages/airflow/example_dags/tutorial_objectstorage.py
[2026-07-18T21:28:43.718+0000] {processor.py:914} INFO - Processing file /home/airflow/.local/lib/python3.12/site-packages/airflow/example_dags/tutorial_objectstorage.py for tasks to queue
[2026-07-18T21:28:43.726+0000] {logging_mixin.py:190} INFO - [2026-07-18T21:28:43.725+0000] {dagbag.py:588} INFO - Filling up the DagBag from /home/airflow/.local/lib/python3.12/site-packages/airflow/example_dags/tutorial_objectstorage.py
[2026-07-18T21:28:43.747+0000] {processor.py:925} INFO - DAG(s) 'tutorial_objectstorage' retrieved from /home/airflow/.local/lib/python3.12/site-packages/airflow/example_dags/tutorial_objectstorage.py
[2026-07-18T21:28:43.790+0000] {logging_mixin.py:190} INFO - [2026-07-18T21:28:43.789+0000] {dag.py:3239} INFO - Sync 1 DAGs
[2026-07-18T21:28:43.823+0000] {logging_mixin.py:190} INFO - [2026-07-18T21:28:43.822+0000] {dag.py:4180} INFO - Setting next_dagrun for tutorial_objectstorage to None, run_after=None
[2026-07-18T21:28:43.927+0000] {processor.py:208} INFO - Processing /home/airflow/.local/lib/python3.12/site-packages/airflow/example_dags/tutorial_objectstorage.py took 0.229 seconds
[2026-07-18T21:29:14.051+0000] {processor.py:186} INFO - Started process (PID=535) to work on /home/airflow/.local/lib/python3.12/site-packages/airflow/example_dags/tutorial_objectstorage.py
[2026-07-18T21:29:14.053+0000] {processor.py:914} INFO - Processing file /home/airflow/.local/lib/python3.12/site-packages/airflow/example_dags/tutorial_objectstorage.py for tasks to queue
[2026-07-18T21:29:14.057+0000] {logging_mixin.py:190} INFO - [2026-07-18T21:29:14.057+0000] {dagbag.py:588} INFO - Filling up the DagBag from /home/airflow/.local/lib/python3.12/site-packages/airflow/example_dags/tutorial_objectstorage.py
[2026-07-18T21:29:14.075+0000] {processor.py:925} INFO - DAG(s) 'tutorial_objectstorage' retrieved from /home/airflow/.local/lib/python3.12/site-packages/airflow/example_dags/tutorial_objectstorage.py
[2026-07-18T21:29:14.103+0000] {logging_mixin.py:190} INFO - [2026-07-18T21:29:14.103+0000] {dag.py:3239} INFO - Sync 1 DAGs
[2026-07-18T21:29:14.133+0000] {logging_mixin.py:190} INFO - [2026-07-18T21:29:14.132+0000] {dag.py:4180} INFO - Setting next_dagrun for tutorial_objectstorage to None, run_after=None
[2026-07-18T21:29:14.174+0000] {processor.py:208} INFO - Processing /home/airflow/.local/lib/python3.12/site-packages/airflow/example_dags/tutorial_objectstorage.py took 0.130 seconds
[2026-07-18T21:29:46.227+0000] {processor.py:186} INFO - Started process (PID=599) to work on /home/airflow/.local/lib/python3.12/site-packages/airflow/example_dags/tutorial_objectstorage.py
[2026-07-18T21:29:46.229+0000] {processor.py:914} INFO - Processing file /home/airflow/.local/lib/python3.12/site-packages/airflow/example_dags/tutorial_objectstorage.py for tasks to queue
[2026-07-18T21:29:46.234+0000] {logging_mixin.py:190} INFO - [2026-07-18T21:29:46.233+0000] {dagbag.py:588} INFO - Filling up the DagBag from /home/airflow/.local/lib/python3.12/site-packages/airflow/example_dags/tutorial_objectstorage.py
[2026-07-18T21:29:46.248+0000] {processor.py:925} INFO - DAG(s) 'tutorial_objectstorage' retrieved from /home/airflow/.local/lib/python3.12/site-packages/airflow/example_dags/tutorial_objectstorage.py
[2026-07-18T21:29:46.279+0000] {logging_mixin.py:190} INFO - [2026-07-18T21:29:46.279+0000] {dag.py:3239} INFO - Sync 1 DAGs
[2026-07-18T21:29:46.297+0000] {logging_mixin.py:190} INFO - [2026-07-18T21:29:46.297+0000] {dag.py:4180} INFO - Setting next_dagrun for tutorial_objectstorage to None, run_after=None
[2026-07-18T21:29:46.371+0000] {processor.py:208} INFO - Processing /home/airflow/.local/lib/python3.12/site-packages/airflow/example_dags/tutorial_objectstorage.py took 0.152 seconds
[2026-07-18T21:30:17.776+0000] {processor.py:186} INFO - Started process (PID=662) to work on /home/airflow/.local/lib/python3.12/site-packages/airflow/example_dags/tutorial_objectstorage.py
[2026-07-18T21:30:17.780+0000] {processor.py:914} INFO - Processing file /home/airflow/.local/lib/python3.12/site-packages/airflow/example_dags/tutorial_objectstorage.py for tasks to queue
[2026-07-18T21:30:17.785+0000] {logging_mixin.py:190} INFO - [2026-07-18T21:30:17.785+0000] {dagbag.py:588} INFO - Filling up the DagBag from /home/airflow/.local/lib/python3.12/site-packages/airflow/example_dags/tutorial_objectstorage.py
[2026-07-18T21:30:17.801+0000] {processor.py:925} INFO - DAG(s) 'tutorial_objectstorage' retrieved from /home/airflow/.local/lib/python3.12/site-packages/airflow/example_dags/tutorial_objectstorage.py
[2026-07-18T21:30:17.830+0000] {logging_mixin.py:190} INFO - [2026-07-18T21:30:17.829+0000] {dag.py:3239} INFO - Sync 1 DAGs
[2026-07-18T21:30:17.847+0000] {logging_mixin.py:190} INFO - [2026-07-18T21:30:17.847+0000] {dag.py:4180} INFO - Setting next_dagrun for tutorial_objectstorage to None, run_after=None
[2026-07-18T21:30:17.875+0000] {processor.py:208} INFO - Processing /home/airflow/.local/lib/python3.12/site-packages/airflow/example_dags/tutorial_objectstorage.py took 0.108 seconds
[2026-07-18T21:30:49.367+0000] {processor.py:186} INFO - Started process (PID=724) to work on /home/airflow/.local/lib/python3.12/site-packages/airflow/example_dags/tutorial_objectstorage.py
[2026-07-18T21:30:49.369+0000] {processor.py:914} INFO - Processing file /home/airflow/.local/lib/python3.12/site-packages/airflow/example_dags/tutorial_objectstorage.py for tasks to queue
[2026-07-18T21:30:49.374+0000] {logging_mixin.py:190} INFO - [2026-07-18T21:30:49.374+0000] {dagbag.py:588} INFO - Filling up the DagBag from /home/airflow/.local/lib/python3.12/site-packages/airflow/example_dags/tutorial_objectstorage.py
[2026-07-18T21:30:49.394+0000] {processor.py:925} INFO - DAG(s) 'tutorial_objectstorage' retrieved from /home/airflow/.local/lib/python3.12/site-packages/airflow/example_dags/tutorial_objectstorage.py
[2026-07-18T21:30:49.422+0000] {logging_mixin.py:190} INFO - [2026-07-18T21:30:49.422+0000] {dag.py:3239} INFO - Sync 1 DAGs
[2026-07-18T21:30:49.450+0000] {logging_mixin.py:190} INFO - [2026-07-18T21:30:49.449+0000] {dag.py:4180} INFO - Setting next_dagrun for tutorial_objectstorage to None, run_after=None
[2026-07-18T21:30:49.545+0000] {processor.py:208} INFO - Processing /home/airflow/.local/lib/python3.12/site-packages/airflow/example_dags/tutorial_objectstorage.py took 0.188 seconds
[2026-07-18T21:31:20.465+0000] {processor.py:186} INFO - Started process (PID=788) to work on /home/airflow/.local/lib/python3.12/site-packages/airflow/example_dags/tutorial_objectstorage.py
[2026-07-18T21:31:20.467+0000] {processor.py:914} INFO - Processing file /home/airflow/.local/lib/python3.12/site-packages/airflow/example_dags/tutorial_objectstorage.py for tasks to queue
[2026-07-18T21:31:20.474+0000] {logging_mixin.py:190} INFO - [2026-07-18T21:31:20.473+0000] {dagbag.py:588} INFO - Filling up the DagBag from /home/airflow/.local/lib/python3.12/site-packages/airflow/example_dags/tutorial_objectstorage.py
[2026-07-18T21:31:20.491+0000] {processor.py:925} INFO - DAG(s) 'tutorial_objectstorage' retrieved from /home/airflow/.local/lib/python3.12/site-packages/airflow/example_dags/tutorial_objectstorage.py
[2026-07-18T21:31:20.523+0000] {logging_mixin.py:190} INFO - [2026-07-18T21:31:20.523+0000] {dag.py:3239} INFO - Sync 1 DAGs
[2026-07-18T21:31:20.542+0000] {logging_mixin.py:190} INFO - [2026-07-18T21:31:20.542+0000] {dag.py:4180} INFO - Setting next_dagrun for tutorial_objectstorage to None, run_after=None
[2026-07-18T21:31:20.574+0000] {processor.py:208} INFO - Processing /home/airflow/.local/lib/python3.12/site-packages/airflow/example_dags/tutorial_objectstorage.py took 0.119 seconds
[2026-07-18T21:31:53.219+0000] {processor.py:186} INFO - Started process (PID=852) to work on /home/airflow/.local/lib/python3.12/site-packages/airflow/example_dags/tutorial_objectstorage.py
[2026-07-18T21:31:53.223+0000] {processor.py:914} INFO - Processing file /home/airflow/.local/lib/python3.12/site-packages/airflow/example_dags/tutorial_objectstorage.py for tasks to queue
[2026-07-18T21:31:53.241+0000] {logging_mixin.py:190} INFO - [2026-07-18T21:31:53.240+0000] {dagbag.py:588} INFO - Filling up the DagBag from /home/airflow/.local/lib/python3.12/site-packages/airflow/example_dags/tutorial_objectstorage.py
[2026-07-18T21:31:53.293+0000] {processor.py:925} INFO - DAG(s) 'tutorial_objectstorage' retrieved from /home/airflow/.local/lib/python3.12/site-packages/airflow/example_dags/tutorial_objectstorage.py
[2026-07-18T21:31:53.357+0000] {logging_mixin.py:190} INFO - [2026-07-18T21:31:53.356+0000] {dag.py:3239} INFO - Sync 1 DAGs
[2026-07-18T21:31:53.426+0000] {logging_mixin.py:190} INFO - [2026-07-18T21:31:53.426+0000] {dag.py:4180} INFO - Setting next_dagrun for tutorial_objectstorage to None, run_after=None
[2026-07-18T21:31:53.505+0000] {processor.py:208} INFO - Processing /home/airflow/.local/lib/python3.12/site-packages/airflow/example_dags/tutorial_objectstorage.py took 0.318 seconds
[2026-07-18T21:32:23.962+0000] {processor.py:186} INFO - Started process (PID=916) to work on /home/airflow/.local/lib/python3.12/site-packages/airflow/example_dags/tutorial_objectstorage.py
[2026-07-18T21:32:23.965+0000] {processor.py:914} INFO - Processing file /home/airflow/.local/lib/python3.12/site-packages/airflow/example_dags/tutorial_objectstorage.py for tasks to queue
[2026-07-18T21:32:23.974+0000] {logging_mixin.py:190} INFO - [2026-07-18T21:32:23.973+0000] {dagbag.py:588} INFO - Filling up the DagBag from /home/airflow/.local/lib/python3.12/site-packages/airflow/example_dags/tutorial_objectstorage.py
[2026-07-18T21:32:23.991+0000] {processor.py:925} INFO - DAG(s) 'tutorial_objectstorage' retrieved from /home/airflow/.local/lib/python3.12/site-packages/airflow/example_dags/tutorial_objectstorage.py
[2026-07-18T21:32:24.052+0000] {logging_mixin.py:190} INFO - [2026-07-18T21:32:24.051+0000] {dag.py:3239} INFO - Sync 1 DAGs
[2026-07-18T21:32:24.087+0000] {logging_mixin.py:190} INFO - [2026-07-18T21:32:24.086+0000] {dag.py:4180} INFO - Setting next_dagrun for tutorial_objectstorage to None, run_after=None
[2026-07-18T21:32:24.148+0000] {processor.py:208} INFO - Processing /home/airflow/.local/lib/python3.12/site-packages/airflow/example_dags/tutorial_objectstorage.py took 0.197 seconds
[2026-07-18T21:32:55.824+0000] {processor.py:186} INFO - Started process (PID=987) to work on /home/airflow/.local/lib/python3.12/site-packages/airflow/example_dags/tutorial_objectstorage.py
[2026-07-18T21:32:55.827+0000] {processor.py:914} INFO - Processing file /home/airflow/.local/lib/python3.12/site-packages/airflow/example_dags/tutorial_objectstorage.py for tasks to queue
[2026-07-18T21:32:55.833+0000] {logging_mixin.py:190} INFO - [2026-07-18T21:32:55.832+0000] {dagbag.py:588} INFO - Filling up the DagBag from /home/airflow/.local/lib/python3.12/site-packages/airflow/example_dags/tutorial_objectstorage.py
[2026-07-18T21:32:55.848+0000] {processor.py:925} INFO - DAG(s) 'tutorial_objectstorage' retrieved from /home/airflow/.local/lib/python3.12/site-packages/airflow/example_dags/tutorial_objectstorage.py
[2026-07-18T21:32:55.879+0000] {logging_mixin.py:190} INFO - [2026-07-18T21:32:55.879+0000] {dag.py:3239} INFO - Sync 1 DAGs
[2026-07-18T21:32:55.904+0000] {logging_mixin.py:190} INFO - [2026-07-18T21:32:55.904+0000] {dag.py:4180} INFO - Setting next_dagrun for tutorial_objectstorage to None, run_after=None
[2026-07-18T21:32:55.932+0000] {processor.py:208} INFO - Processing /home/airflow/.local/lib/python3.12/site-packages/airflow/example_dags/tutorial_objectstorage.py took 0.117 seconds
[2026-07-18T21:33:27.158+0000] {processor.py:186} INFO - Started process (PID=1052) to work on /home/airflow/.local/lib/python3.12/site-packages/airflow/example_dags/tutorial_objectstorage.py
[2026-07-18T21:33:27.161+0000] {processor.py:914} INFO - Processing file /home/airflow/.local/lib/python3.12/site-packages/airflow/example_dags/tutorial_objectstorage.py for tasks to queue
[2026-07-18T21:33:27.167+0000] {logging_mixin.py:190} INFO - [2026-07-18T21:33:27.166+0000] {dagbag.py:588} INFO - Filling up the DagBag from /home/airflow/.local/lib/python3.12/site-packages/airflow/example_dags/tutorial_objectstorage.py
[2026-07-18T21:33:27.182+0000] {processor.py:925} INFO - DAG(s) 'tutorial_objectstorage' retrieved from /home/airflow/.local/lib/python3.12/site-packages/airflow/example_dags/tutorial_objectstorage.py
[2026-07-18T21:33:27.214+0000] {logging_mixin.py:190} INFO - [2026-07-18T21:33:27.213+0000] {dag.py:3239} INFO - Sync 1 DAGs
[2026-07-18T21:33:27.244+0000] {logging_mixin.py:190} INFO - [2026-07-18T21:33:27.243+0000] {dag.py:4180} INFO - Setting next_dagrun for tutorial_objectstorage to None, run_after=None
[2026-07-18T21:33:27.287+0000] {processor.py:208} INFO - Processing /home/airflow/.local/lib/python3.12/site-packages/airflow/example_dags/tutorial_objectstorage.py took 0.139 seconds
[2026-07-18T21:33:58.766+0000] {processor.py:186} INFO - Started process (PID=1116) to work on /home/airflow/.local/lib/python3.12/site-packages/airflow/example_dags/tutorial_objectstorage.py
[2026-07-18T21:33:58.769+0000] {processor.py:914} INFO - Processing file /home/airflow/.local/lib/python3.12/site-packages/airflow/example_dags/tutorial_objectstorage.py for tasks to queue
[2026-07-18T21:33:58.774+0000] {logging_mixin.py:190} INFO - [2026-07-18T21:33:58.773+0000] {dagbag.py:588} INFO - Filling up the DagBag from /home/airflow/.local/lib/python3.12/site-packages/airflow/example_dags/tutorial_objectstorage.py
[2026-07-18T21:33:58.793+0000] {processor.py:925} INFO - DAG(s) 'tutorial_objectstorage' retrieved from /home/airflow/.local/lib/python3.12/site-packages/airflow/example_dags/tutorial_objectstorage.py
[2026-07-18T21:33:58.828+0000] {logging_mixin.py:190} INFO - [2026-07-18T21:33:58.827+0000] {dag.py:3239} INFO - Sync 1 DAGs
[2026-07-18T21:33:58.854+0000] {logging_mixin.py:190} INFO - [2026-07-18T21:33:58.853+0000] {dag.py:4180} INFO - Setting next_dagrun for tutorial_objectstorage to None, run_after=None
[2026-07-18T21:33:58.885+0000] {processor.py:208} INFO - Processing /home/airflow/.local/lib/python3.12/site-packages/airflow/example_dags/tutorial_objectstorage.py took 0.129 seconds
[2026-07-18T21:34:30.660+0000] {processor.py:186} INFO - Started process (PID=1180) to work on /home/airflow/.local/lib/python3.12/site-packages/airflow/example_dags/tutorial_objectstorage.py
[2026-07-18T21:34:30.662+0000] {processor.py:914} INFO - Processing file /home/airflow/.local/lib/python3.12/site-packages/airflow/example_dags/tutorial_objectstorage.py for tasks to queue
[2026-07-18T21:34:30.668+0000] {logging_mixin.py:190} INFO - [2026-07-18T21:34:30.667+0000] {dagbag.py:588} INFO - Filling up the DagBag from /home/airflow/.local/lib/python3.12/site-packages/airflow/example_dags/tutorial_objectstorage.py
[2026-07-18T21:34:30.681+0000] {processor.py:925} INFO - DAG(s) 'tutorial_objectstorage' retrieved from /home/airflow/.local/lib/python3.12/site-packages/airflow/example_dags/tutorial_objectstorage.py
[2026-07-18T21:34:30.713+0000] {logging_mixin.py:190} INFO - [2026-07-18T21:34:30.712+0000] {dag.py:3239} INFO - Sync 1 DAGs
[2026-07-18T21:34:30.749+0000] {logging_mixin.py:190} INFO - [2026-07-18T21:34:30.749+0000] {dag.py:4180} INFO - Setting next_dagrun for tutorial_objectstorage to None, run_after=None
[2026-07-18T21:34:30.787+0000] {processor.py:208} INFO - Processing /home/airflow/.local/lib/python3.12/site-packages/airflow/example_dags/tutorial_objectstorage.py took 0.134 seconds
[2026-07-18T21:35:02.482+0000] {processor.py:186} INFO - Started process (PID=1245) to work on /home/airflow/.local/lib/python3.12/site-packages/airflow/example_dags/tutorial_objectstorage.py
[2026-07-18T21:35:02.484+0000] {processor.py:914} INFO - Processing file /home/airflow/.local/lib/python3.12/site-packages/airflow/example_dags/tutorial_objectstorage.py for tasks to queue
[2026-07-18T21:35:02.491+0000] {logging_mixin.py:190} INFO - [2026-07-18T21:35:02.491+0000] {dagbag.py:588} INFO - Filling up the DagBag from /home/airflow/.local/lib/python3.12/site-packages/airflow/example_dags/tutorial_objectstorage.py
[2026-07-18T21:35:02.504+0000] {processor.py:925} INFO - DAG(s) 'tutorial_objectstorage' retrieved from /home/airflow/.local/lib/python3.12/site-packages/airflow/example_dags/tutorial_objectstorage.py
[2026-07-18T21:35:02.536+0000] {logging_mixin.py:190} INFO - [2026-07-18T21:35:02.536+0000] {dag.py:3239} INFO - Sync 1 DAGs
[2026-07-18T21:35:02.557+0000] {logging_mixin.py:190} INFO - [2026-07-18T21:35:02.557+0000] {dag.py:4180} INFO - Setting next_dagrun for tutorial_objectstorage to None, run_after=None
[2026-07-18T21:35:02.584+0000] {processor.py:208} INFO - Processing /home/airflow/.local/lib/python3.12/site-packages/airflow/example_dags/tutorial_objectstorage.py took 0.111 seconds
[2026-07-18T21:35:34.114+0000] {processor.py:186} INFO - Started process (PID=1309) to work on /home/airflow/.local/lib/python3.12/site-packages/airflow/example_dags/tutorial_objectstorage.py
[2026-07-18T21:35:34.117+0000] {processor.py:914} INFO - Processing file /home/airflow/.local/lib/python3.12/site-packages/airflow/example_dags/tutorial_objectstorage.py for tasks to queue
[2026-07-18T21:35:34.123+0000] {logging_mixin.py:190} INFO - [2026-07-18T21:35:34.122+0000] {dagbag.py:588} INFO - Filling up the DagBag from /home/airflow/.local/lib/python3.12/site-packages/airflow/example_dags/tutorial_objectstorage.py
[2026-07-18T21:35:34.144+0000] {processor.py:925} INFO - DAG(s) 'tutorial_objectstorage' retrieved from /home/airflow/.local/lib/python3.12/site-packages/airflow/example_dags/tutorial_objectstorage.py
[2026-07-18T21:35:34.198+0000] {logging_mixin.py:190} INFO - [2026-07-18T21:35:34.198+0000] {dag.py:3239} INFO - Sync 1 DAGs
[2026-07-18T21:35:34.235+0000] {logging_mixin.py:190} INFO - [2026-07-18T21:35:34.234+0000] {dag.py:4180} INFO - Setting next_dagrun for tutorial_objectstorage to None, run_after=None
[2026-07-18T21:35:34.275+0000] {processor.py:208} INFO - Processing /home/airflow/.local/lib/python3.12/site-packages/airflow/example_dags/tutorial_objectstorage.py took 0.172 seconds
[2026-07-18T21:36:04.669+0000] {processor.py:186} INFO - Started process (PID=1373) to work on /home/airflow/.local/lib/python3.12/site-packages/airflow/example_dags/tutorial_objectstorage.py
[2026-07-18T21:36:04.672+0000] {processor.py:914} INFO - Processing file /home/airflow/.local/lib/python3.12/site-packages/airflow/example_dags/tutorial_objectstorage.py for tasks to queue
[2026-07-18T21:36:04.677+0000] {logging_mixin.py:190} INFO - [2026-07-18T21:36:04.676+0000] {dagbag.py:588} INFO - Filling up the DagBag from /home/airflow/.local/lib/python3.12/site-packages/airflow/example_dags/tutorial_objectstorage.py
[2026-07-18T21:36:04.693+0000] {processor.py:925} INFO - DAG(s) 'tutorial_objectstorage' retrieved from /home/airflow/.local/lib/python3.12/site-packages/airflow/example_dags/tutorial_objectstorage.py
[2026-07-18T21:36:04.722+0000] {logging_mixin.py:190} INFO - [2026-07-18T21:36:04.721+0000] {dag.py:3239} INFO - Sync 1 DAGs
[2026-07-18T21:36:04.747+0000] {logging_mixin.py:190} INFO - [2026-07-18T21:36:04.747+0000] {dag.py:4180} INFO - Setting next_dagrun for tutorial_objectstorage to None, run_after=None
[2026-07-18T21:36:04.781+0000] {processor.py:208} INFO - Processing /home/airflow/.local/lib/python3.12/site-packages/airflow/example_dags/tutorial_objectstorage.py took 0.123 seconds
[2026-07-18T21:36:36.799+0000] {processor.py:186} INFO - Started process (PID=1437) to work on /home/airflow/.local/lib/python3.12/site-packages/airflow/example_dags/tutorial_objectstorage.py
[2026-07-18T21:36:36.802+0000] {processor.py:914} INFO - Processing file /home/airflow/.local/lib/python3.12/site-packages/airflow/example_dags/tutorial_objectstorage.py for tasks to queue
[2026-07-18T21:36:36.807+0000] {logging_mixin.py:190} INFO - [2026-07-18T21:36:36.807+0000] {dagbag.py:588} INFO - Filling up the DagBag from /home/airflow/.local/lib/python3.12/site-packages/airflow/example_dags/tutorial_objectstorage.py
[2026-07-18T21:36:36.825+0000] {processor.py:925} INFO - DAG(s) 'tutorial_objectstorage' retrieved from /home/airflow/.local/lib/python3.12/site-packages/airflow/example_dags/tutorial_objectstorage.py
[2026-07-18T21:36:36.859+0000] {logging_mixin.py:190} INFO - [2026-07-18T21:36:36.859+0000] {dag.py:3239} INFO - Sync 1 DAGs
[2026-07-18T21:36:36.886+0000] {logging_mixin.py:190} INFO - [2026-07-18T21:36:36.886+0000] {dag.py:4180} INFO - Setting next_dagrun for tutorial_objectstorage to None, run_after=None
[2026-07-18T21:36:36.924+0000] {processor.py:208} INFO - Processing /home/airflow/.local/lib/python3.12/site-packages/airflow/example_dags/tutorial_objectstorage.py took 0.137 seconds
[2026-07-18T21:37:07.347+0000] {processor.py:186} INFO - Started process (PID=1500) to work on /home/airflow/.local/lib/python3.12/site-packages/airflow/example_dags/tutorial_objectstorage.py
[2026-07-18T21:37:07.350+0000] {processor.py:914} INFO - Processing file /home/airflow/.local/lib/python3.12/site-packages/airflow/example_dags/tutorial_objectstorage.py for tasks to queue
[2026-07-18T21:37:07.354+0000] {logging_mixin.py:190} INFO - [2026-07-18T21:37:07.354+0000] {dagbag.py:588} INFO - Filling up the DagBag from /home/airflow/.local/lib/python3.12/site-packages/airflow/example_dags/tutorial_objectstorage.py
[2026-07-18T21:37:07.367+0000] {processor.py:925} INFO - DAG(s) 'tutorial_objectstorage' retrieved from /home/airflow/.local/lib/python3.12/site-packages/airflow/example_dags/tutorial_objectstorage.py
[2026-07-18T21:37:07.393+0000] {logging_mixin.py:190} INFO - [2026-07-18T21:37:07.393+0000] {dag.py:3239} INFO - Sync 1 DAGs
[2026-07-18T21:37:07.413+0000] {logging_mixin.py:190} INFO - [2026-07-18T21:37:07.413+0000] {dag.py:4180} INFO - Setting next_dagrun for tutorial_objectstorage to None, run_after=None
[2026-07-18T21:37:07.493+0000] {processor.py:208} INFO - Processing /home/airflow/.local/lib/python3.12/site-packages/airflow/example_dags/tutorial_objectstorage.py took 0.153 seconds
[2026-07-18T21:37:38.470+0000] {processor.py:186} INFO - Started process (PID=1564) to work on /home/airflow/.local/lib/python3.12/site-packages/airflow/example_dags/tutorial_objectstorage.py
[2026-07-18T21:37:38.472+0000] {processor.py:914} INFO - Processing file /home/airflow/.local/lib/python3.12/site-packages/airflow/example_dags/tutorial_objectstorage.py for tasks to queue
[2026-07-18T21:37:38.476+0000] {logging_mixin.py:190} INFO - [2026-07-18T21:37:38.476+0000] {dagbag.py:588} INFO - Filling up the DagBag from /home/airflow/.local/lib/python3.12/site-packages/airflow/example_dags/tutorial_objectstorage.py
[2026-07-18T21:37:38.489+0000] {processor.py:925} INFO - DAG(s) 'tutorial_objectstorage' retrieved from /home/airflow/.local/lib/python3.12/site-packages/airflow/example_dags/tutorial_objectstorage.py
[2026-07-18T21:37:38.518+0000] {logging_mixin.py:190} INFO - [2026-07-18T21:37:38.517+0000] {dag.py:3239} INFO - Sync 1 DAGs
[2026-07-18T21:37:38.539+0000] {logging_mixin.py:190} INFO - [2026-07-18T21:37:38.539+0000] {dag.py:4180} INFO - Setting next_dagrun for tutorial_objectstorage to None, run_after=None
[2026-07-18T21:37:38.565+0000] {processor.py:208} INFO - Processing /home/airflow/.local/lib/python3.12/site-packages/airflow/example_dags/tutorial_objectstorage.py took 0.102 seconds
[2026-07-18T21:38:11.578+0000] {processor.py:186} INFO - Started process (PID=1627) to work on /home/airflow/.local/lib/python3.12/site-packages/airflow/example_dags/tutorial_objectstorage.py
[2026-07-18T21:38:11.581+0000] {processor.py:914} INFO - Processing file /home/airflow/.local/lib/python3.12/site-packages/airflow/example_dags/tutorial_objectstorage.py for tasks to queue
[2026-07-18T21:38:11.587+0000] {logging_mixin.py:190} INFO - [2026-07-18T21:38:11.586+0000] {dagbag.py:588} INFO - Filling up the DagBag from /home/airflow/.local/lib/python3.12/site-packages/airflow/example_dags/tutorial_objectstorage.py
[2026-07-18T21:38:11.604+0000] {processor.py:925} INFO - DAG(s) 'tutorial_objectstorage' retrieved from /home/airflow/.local/lib/python3.12/site-packages/airflow/example_dags/tutorial_objectstorage.py
[2026-07-18T21:38:11.646+0000] {logging_mixin.py:190} INFO - [2026-07-18T21:38:11.645+0000] {dag.py:3239} INFO - Sync 1 DAGs
[2026-07-18T21:38:11.687+0000] {logging_mixin.py:190} INFO - [2026-07-18T21:38:11.687+0000] {dag.py:4180} INFO - Setting next_dagrun for tutorial_objectstorage to None, run_after=None
[2026-07-18T21:38:11.784+0000] {processor.py:208} INFO - Processing /home/airflow/.local/lib/python3.12/site-packages/airflow/example_dags/tutorial_objectstorage.py took 0.218 seconds
[2026-07-18T21:38:42.482+0000] {processor.py:186} INFO - Started process (PID=1693) to work on /home/airflow/.local/lib/python3.12/site-packages/airflow/example_dags/tutorial_objectstorage.py
[2026-07-18T21:38:42.485+0000] {processor.py:914} INFO - Processing file /home/airflow/.local/lib/python3.12/site-packages/airflow/example_dags/tutorial_objectstorage.py for tasks to queue
[2026-07-18T21:38:42.491+0000] {logging_mixin.py:190} INFO - [2026-07-18T21:38:42.491+0000] {dagbag.py:588} INFO - Filling up the DagBag from /home/airflow/.local/lib/python3.12/site-packages/airflow/example_dags/tutorial_objectstorage.py
[2026-07-18T21:38:42.507+0000] {processor.py:925} INFO - DAG(s) 'tutorial_objectstorage' retrieved from /home/airflow/.local/lib/python3.12/site-packages/airflow/example_dags/tutorial_objectstorage.py
[2026-07-18T21:38:42.540+0000] {logging_mixin.py:190} INFO - [2026-07-18T21:38:42.539+0000] {dag.py:3239} INFO - Sync 1 DAGs
[2026-07-18T21:38:42.565+0000] {logging_mixin.py:190} INFO - [2026-07-18T21:38:42.565+0000] {dag.py:4180} INFO - Setting next_dagrun for tutorial_objectstorage to None, run_after=None
[2026-07-18T21:38:42.597+0000] {processor.py:208} INFO - Processing /home/airflow/.local/lib/python3.12/site-packages/airflow/example_dags/tutorial_objectstorage.py took 0.127 seconds
[2026-07-18T21:39:13.318+0000] {processor.py:186} INFO - Started process (PID=1757) to work on /home/airflow/.local/lib/python3.12/site-packages/airflow/example_dags/tutorial_objectstorage.py
[2026-07-18T21:39:13.320+0000] {processor.py:914} INFO - Processing file /home/airflow/.local/lib/python3.12/site-packages/airflow/example_dags/tutorial_objectstorage.py for tasks to queue
[2026-07-18T21:39:13.324+0000] {logging_mixin.py:190} INFO - [2026-07-18T21:39:13.324+0000] {dagbag.py:588} INFO - Filling up the DagBag from /home/airflow/.local/lib/python3.12/site-packages/airflow/example_dags/tutorial_objectstorage.py
[2026-07-18T21:39:13.338+0000] {processor.py:925} INFO - DAG(s) 'tutorial_objectstorage' retrieved from /home/airflow/.local/lib/python3.12/site-packages/airflow/example_dags/tutorial_objectstorage.py
[2026-07-18T21:39:13.362+0000] {logging_mixin.py:190} INFO - [2026-07-18T21:39:13.362+0000] {dag.py:3239} INFO - Sync 1 DAGs
[2026-07-18T21:39:13.380+0000] {logging_mixin.py:190} INFO - [2026-07-18T21:39:13.380+0000] {dag.py:4180} INFO - Setting next_dagrun for tutorial_objectstorage to None, run_after=None
[2026-07-18T21:39:13.407+0000] {processor.py:208} INFO - Processing /home/airflow/.local/lib/python3.12/site-packages/airflow/example_dags/tutorial_objectstorage.py took 0.096 seconds
[2026-07-18T21:39:50.125+0000] {processor.py:186} INFO - Started process (PID=1826) to work on /home/airflow/.local/lib/python3.12/site-packages/airflow/example_dags/tutorial_objectstorage.py
[2026-07-18T21:39:50.128+0000] {processor.py:914} INFO - Processing file /home/airflow/.local/lib/python3.12/site-packages/airflow/example_dags/tutorial_objectstorage.py for tasks to queue
[2026-07-18T21:39:50.133+0000] {logging_mixin.py:190} INFO - [2026-07-18T21:39:50.132+0000] {dagbag.py:588} INFO - Filling up the DagBag from /home/airflow/.local/lib/python3.12/site-packages/airflow/example_dags/tutorial_objectstorage.py
[2026-07-18T21:39:50.151+0000] {processor.py:925} INFO - DAG(s) 'tutorial_objectstorage' retrieved from /home/airflow/.local/lib/python3.12/site-packages/airflow/example_dags/tutorial_objectstorage.py
[2026-07-18T21:39:50.192+0000] {logging_mixin.py:190} INFO - [2026-07-18T21:39:50.191+0000] {dag.py:3239} INFO - Sync 1 DAGs
[2026-07-18T21:39:50.246+0000] {logging_mixin.py:190} INFO - [2026-07-18T21:39:50.245+0000] {dag.py:4180} INFO - Setting next_dagrun for tutorial_objectstorage to None, run_after=None
[2026-07-18T21:39:50.302+0000] {processor.py:208} INFO - Processing /home/airflow/.local/lib/python3.12/site-packages/airflow/example_dags/tutorial_objectstorage.py took 0.185 seconds
[2026-07-18T21:40:23.057+0000] {processor.py:186} INFO - Started process (PID=1893) to work on /home/airflow/.local/lib/python3.12/site-packages/airflow/example_dags/tutorial_objectstorage.py
[2026-07-18T21:40:23.061+0000] {processor.py:914} INFO - Processing file /home/airflow/.local/lib/python3.12/site-packages/airflow/example_dags/tutorial_objectstorage.py for tasks to queue
[2026-07-18T21:40:23.070+0000] {logging_mixin.py:190} INFO - [2026-07-18T21:40:23.068+0000] {dagbag.py:588} INFO - Filling up the DagBag from /home/airflow/.local/lib/python3.12/site-packages/airflow/example_dags/tutorial_objectstorage.py
[2026-07-18T21:40:23.102+0000] {processor.py:925} INFO - DAG(s) 'tutorial_objectstorage' retrieved from /home/airflow/.local/lib/python3.12/site-packages/airflow/example_dags/tutorial_objectstorage.py
[2026-07-18T21:40:23.151+0000] {logging_mixin.py:190} INFO - [2026-07-18T21:40:23.151+0000] {dag.py:3239} INFO - Sync 1 DAGs
[2026-07-18T21:40:23.184+0000] {logging_mixin.py:190} INFO - [2026-07-18T21:40:23.183+0000] {dag.py:4180} INFO - Setting next_dagrun for tutorial_objectstorage to None, run_after=None
[2026-07-18T21:40:23.273+0000] {processor.py:208} INFO - Processing /home/airflow/.local/lib/python3.12/site-packages/airflow/example_dags/tutorial_objectstorage.py took 0.233 seconds
[2026-07-18T21:40:53.584+0000] {processor.py:186} INFO - Started process (PID=1957) to work on /home/airflow/.local/lib/python3.12/site-packages/airflow/example_dags/tutorial_objectstorage.py
[2026-07-18T21:40:53.587+0000] {processor.py:914} INFO - Processing file /home/airflow/.local/lib/python3.12/site-packages/airflow/example_dags/tutorial_objectstorage.py for tasks to queue
[2026-07-18T21:40:53.592+0000] {logging_mixin.py:190} INFO - [2026-07-18T21:40:53.592+0000] {dagbag.py:588} INFO - Filling up the DagBag from /home/airflow/.local/lib/python3.12/site-packages/airflow/example_dags/tutorial_objectstorage.py
[2026-07-18T21:40:53.615+0000] {processor.py:925} INFO - DAG(s) 'tutorial_objectstorage' retrieved from /home/airflow/.local/lib/python3.12/site-packages/airflow/example_dags/tutorial_objectstorage.py
[2026-07-18T21:40:53.667+0000] {logging_mixin.py:190} INFO - [2026-07-18T21:40:53.666+0000] {dag.py:3239} INFO - Sync 1 DAGs
[2026-07-18T21:40:53.702+0000] {logging_mixin.py:190} INFO - [2026-07-18T21:40:53.702+0000] {dag.py:4180} INFO - Setting next_dagrun for tutorial_objectstorage to None, run_after=None
[2026-07-18T21:40:53.759+0000] {processor.py:208} INFO - Processing /home/airflow/.local/lib/python3.12/site-packages/airflow/example_dags/tutorial_objectstorage.py took 0.184 seconds
[2026-07-18T21:41:24.538+0000] {processor.py:186} INFO - Started process (PID=2021) to work on /home/airflow/.local/lib/python3.12/site-packages/airflow/example_dags/tutorial_objectstorage.py
[2026-07-18T21:41:24.540+0000] {processor.py:914} INFO - Processing file /home/airflow/.local/lib/python3.12/site-packages/airflow/example_dags/tutorial_objectstorage.py for tasks to queue
[2026-07-18T21:41:24.546+0000] {logging_mixin.py:190} INFO - [2026-07-18T21:41:24.545+0000] {dagbag.py:588} INFO - Filling up the DagBag from /home/airflow/.local/lib/python3.12/site-packages/airflow/example_dags/tutorial_objectstorage.py
[2026-07-18T21:41:24.562+0000] {processor.py:925} INFO - DAG(s) 'tutorial_objectstorage' retrieved from /home/airflow/.local/lib/python3.12/site-packages/airflow/example_dags/tutorial_objectstorage.py
[2026-07-18T21:41:24.589+0000] {logging_mixin.py:190} INFO - [2026-07-18T21:41:24.589+0000] {dag.py:3239} INFO - Sync 1 DAGs
[2026-07-18T21:41:24.609+0000] {logging_mixin.py:190} INFO - [2026-07-18T21:41:24.608+0000] {dag.py:4180} INFO - Setting next_dagrun for tutorial_objectstorage to None, run_after=None
[2026-07-18T21:41:24.690+0000] {processor.py:208} INFO - Processing /home/airflow/.local/lib/python3.12/site-packages/airflow/example_dags/tutorial_objectstorage.py took 0.161 seconds
[2026-07-18T21:41:54.847+0000] {processor.py:186} INFO - Started process (PID=2084) to work on /home/airflow/.local/lib/python3.12/site-packages/airflow/example_dags/tutorial_objectstorage.py
[2026-07-18T21:41:54.851+0000] {processor.py:914} INFO - Processing file /home/airflow/.local/lib/python3.12/site-packages/airflow/example_dags/tutorial_objectstorage.py for tasks to queue
[2026-07-18T21:41:54.856+0000] {logging_mixin.py:190} INFO - [2026-07-18T21:41:54.856+0000] {dagbag.py:588} INFO - Filling up the DagBag from /home/airflow/.local/lib/python3.12/site-packages/airflow/example_dags/tutorial_objectstorage.py
[2026-07-18T21:41:54.874+0000] {processor.py:925} INFO - DAG(s) 'tutorial_objectstorage' retrieved from /home/airflow/.local/lib/python3.12/site-packages/airflow/example_dags/tutorial_objectstorage.py
[2026-07-18T21:41:54.904+0000] {logging_mixin.py:190} INFO - [2026-07-18T21:41:54.904+0000] {dag.py:3239} INFO - Sync 1 DAGs
[2026-07-18T21:41:54.929+0000] {logging_mixin.py:190} INFO - [2026-07-18T21:41:54.929+0000] {dag.py:4180} INFO - Setting next_dagrun for tutorial_objectstorage to None, run_after=None
[2026-07-18T21:41:54.956+0000] {processor.py:208} INFO - Processing /home/airflow/.local/lib/python3.12/site-packages/airflow/example_dags/tutorial_objectstorage.py took 0.120 seconds
[2026-07-18T21:42:26.156+0000] {processor.py:186} INFO - Started process (PID=2149) to work on /home/airflow/.local/lib/python3.12/site-packages/airflow/example_dags/tutorial_objectstorage.py
[2026-07-18T21:42:26.158+0000] {processor.py:914} INFO - Processing file /home/airflow/.local/lib/python3.12/site-packages/airflow/example_dags/tutorial_objectstorage.py for tasks to queue
[2026-07-18T21:42:26.162+0000] {logging_mixin.py:190} INFO - [2026-07-18T21:42:26.162+0000] {dagbag.py:588} INFO - Filling up the DagBag from /home/airflow/.local/lib/python3.12/site-packages/airflow/example_dags/tutorial_objectstorage.py
[2026-07-18T21:42:26.182+0000] {processor.py:925} INFO - DAG(s) 'tutorial_objectstorage' retrieved from /home/airflow/.local/lib/python3.12/site-packages/airflow/example_dags/tutorial_objectstorage.py
[2026-07-18T21:42:26.217+0000] {logging_mixin.py:190} INFO - [2026-07-18T21:42:26.217+0000] {dag.py:3239} INFO - Sync 1 DAGs
[2026-07-18T21:42:26.240+0000] {logging_mixin.py:190} INFO - [2026-07-18T21:42:26.239+0000] {dag.py:4180} INFO - Setting next_dagrun for tutorial_objectstorage to None, run_after=None
[2026-07-18T21:42:26.361+0000] {processor.py:208} INFO - Processing /home/airflow/.local/lib/python3.12/site-packages/airflow/example_dags/tutorial_objectstorage.py took 0.212 seconds
[2026-07-18T21:42:56.734+0000] {processor.py:186} INFO - Started process (PID=2220) to work on /home/airflow/.local/lib/python3.12/site-packages/airflow/example_dags/tutorial_objectstorage.py
[2026-07-18T21:42:56.737+0000] {processor.py:914} INFO - Processing file /home/airflow/.local/lib/python3.12/site-packages/airflow/example_dags/tutorial_objectstorage.py for tasks to queue
[2026-07-18T21:42:56.742+0000] {logging_mixin.py:190} INFO - [2026-07-18T21:42:56.741+0000] {dagbag.py:588} INFO - Filling up the DagBag from /home/airflow/.local/lib/python3.12/site-packages/airflow/example_dags/tutorial_objectstorage.py
[2026-07-18T21:42:56.754+0000] {processor.py:925} INFO - DAG(s) 'tutorial_objectstorage' retrieved from /home/airflow/.local/lib/python3.12/site-packages/airflow/example_dags/tutorial_objectstorage.py
[2026-07-18T21:42:56.780+0000] {logging_mixin.py:190} INFO - [2026-07-18T21:42:56.780+0000] {dag.py:3239} INFO - Sync 1 DAGs
[2026-07-18T21:42:56.800+0000] {logging_mixin.py:190} INFO - [2026-07-18T21:42:56.800+0000] {dag.py:4180} INFO - Setting next_dagrun for tutorial_objectstorage to None, run_after=None
[2026-07-18T21:42:56.883+0000] {processor.py:208} INFO - Processing /home/airflow/.local/lib/python3.12/site-packages/airflow/example_dags/tutorial_objectstorage.py took 0.156 seconds
[2026-07-18T21:43:29.119+0000] {processor.py:186} INFO - Started process (PID=2284) to work on /home/airflow/.local/lib/python3.12/site-packages/airflow/example_dags/tutorial_objectstorage.py
[2026-07-18T21:43:29.121+0000] {processor.py:914} INFO - Processing file /home/airflow/.local/lib/python3.12/site-packages/airflow/example_dags/tutorial_objectstorage.py for tasks to queue
[2026-07-18T21:43:29.126+0000] {logging_mixin.py:190} INFO - [2026-07-18T21:43:29.126+0000] {dagbag.py:588} INFO - Filling up the DagBag from /home/airflow/.local/lib/python3.12/site-packages/airflow/example_dags/tutorial_objectstorage.py
[2026-07-18T21:43:29.141+0000] {processor.py:925} INFO - DAG(s) 'tutorial_objectstorage' retrieved from /home/airflow/.local/lib/python3.12/site-packages/airflow/example_dags/tutorial_objectstorage.py
[2026-07-18T21:43:29.172+0000] {logging_mixin.py:190} INFO - [2026-07-18T21:43:29.172+0000] {dag.py:3239} INFO - Sync 1 DAGs
[2026-07-18T21:43:29.200+0000] {logging_mixin.py:190} INFO - [2026-07-18T21:43:29.199+0000] {dag.py:4180} INFO - Setting next_dagrun for tutorial_objectstorage to None, run_after=None
[2026-07-18T21:43:29.233+0000] {processor.py:208} INFO - Processing /home/airflow/.local/lib/python3.12/site-packages/airflow/example_dags/tutorial_objectstorage.py took 0.121 seconds
[2026-07-18T21:43:59.843+0000] {processor.py:186} INFO - Started process (PID=2348) to work on /home/airflow/.local/lib/python3.12/site-packages/airflow/example_dags/tutorial_objectstorage.py
[2026-07-18T21:43:59.846+0000] {processor.py:914} INFO - Processing file /home/airflow/.local/lib/python3.12/site-packages/airflow/example_dags/tutorial_objectstorage.py for tasks to queue
[2026-07-18T21:43:59.851+0000] {logging_mixin.py:190} INFO - [2026-07-18T21:43:59.851+0000] {dagbag.py:588} INFO - Filling up the DagBag from /home/airflow/.local/lib/python3.12/site-packages/airflow/example_dags/tutorial_objectstorage.py
[2026-07-18T21:43:59.875+0000] {processor.py:925} INFO - DAG(s) 'tutorial_objectstorage' retrieved from /home/airflow/.local/lib/python3.12/site-packages/airflow/example_dags/tutorial_objectstorage.py
[2026-07-18T21:43:59.908+0000] {logging_mixin.py:190} INFO - [2026-07-18T21:43:59.908+0000] {dag.py:3239} INFO - Sync 1 DAGs
[2026-07-18T21:43:59.934+0000] {logging_mixin.py:190} INFO - [2026-07-18T21:43:59.933+0000] {dag.py:4180} INFO - Setting next_dagrun for tutorial_objectstorage to None, run_after=None
[2026-07-18T21:43:59.968+0000] {processor.py:208} INFO - Processing /home/airflow/.local/lib/python3.12/site-packages/airflow/example_dags/tutorial_objectstorage.py took 0.139 seconds
[2026-07-18T21:44:30.841+0000] {processor.py:186} INFO - Started process (PID=2412) to work on /home/airflow/.local/lib/python3.12/site-packages/airflow/example_dags/tutorial_objectstorage.py
[2026-07-18T21:44:30.844+0000] {processor.py:914} INFO - Processing file /home/airflow/.local/lib/python3.12/site-packages/airflow/example_dags/tutorial_objectstorage.py for tasks to queue
[2026-07-18T21:44:30.850+0000] {logging_mixin.py:190} INFO - [2026-07-18T21:44:30.849+0000] {dagbag.py:588} INFO - Filling up the DagBag from /home/airflow/.local/lib/python3.12/site-packages/airflow/example_dags/tutorial_objectstorage.py
[2026-07-18T21:44:30.870+0000] {processor.py:925} INFO - DAG(s) 'tutorial_objectstorage' retrieved from /home/airflow/.local/lib/python3.12/site-packages/airflow/example_dags/tutorial_objectstorage.py
[2026-07-18T21:44:30.905+0000] {logging_mixin.py:190} INFO - [2026-07-18T21:44:30.904+0000] {dag.py:3239} INFO - Sync 1 DAGs
[2026-07-18T21:44:30.933+0000] {logging_mixin.py:190} INFO - [2026-07-18T21:44:30.933+0000] {dag.py:4180} INFO - Setting next_dagrun for tutorial_objectstorage to None, run_after=None
[2026-07-18T21:44:30.963+0000] {processor.py:208} INFO - Processing /home/airflow/.local/lib/python3.12/site-packages/airflow/example_dags/tutorial_objectstorage.py took 0.130 seconds
[2026-07-18T21:45:02.710+0000] {processor.py:186} INFO - Started process (PID=2476) to work on /home/airflow/.local/lib/python3.12/site-packages/airflow/example_dags/tutorial_objectstorage.py
[2026-07-18T21:45:02.715+0000] {processor.py:914} INFO - Processing file /home/airflow/.local/lib/python3.12/site-packages/airflow/example_dags/tutorial_objectstorage.py for tasks to queue
[2026-07-18T21:45:02.722+0000] {logging_mixin.py:190} INFO - [2026-07-18T21:45:02.722+0000] {dagbag.py:588} INFO - Filling up the DagBag from /home/airflow/.local/lib/python3.12/site-packages/airflow/example_dags/tutorial_objectstorage.py
[2026-07-18T21:45:02.769+0000] {processor.py:925} INFO - DAG(s) 'tutorial_objectstorage' retrieved from /home/airflow/.local/lib/python3.12/site-packages/airflow/example_dags/tutorial_objectstorage.py
[2026-07-18T21:45:02.808+0000] {logging_mixin.py:190} INFO - [2026-07-18T21:45:02.808+0000] {dag.py:3239} INFO - Sync 1 DAGs
[2026-07-18T21:45:02.838+0000] {logging_mixin.py:190} INFO - [2026-07-18T21:45:02.838+0000] {dag.py:4180} INFO - Setting next_dagrun for tutorial_objectstorage to None, run_after=None
[2026-07-18T21:45:02.866+0000] {processor.py:208} INFO - Processing /home/airflow/.local/lib/python3.12/site-packages/airflow/example_dags/tutorial_objectstorage.py took 0.188 seconds
[2026-07-18T21:45:35.783+0000] {processor.py:186} INFO - Started process (PID=2540) to work on /home/airflow/.local/lib/python3.12/site-packages/airflow/example_dags/tutorial_objectstorage.py
[2026-07-18T21:45:35.787+0000] {processor.py:914} INFO - Processing file /home/airflow/.local/lib/python3.12/site-packages/airflow/example_dags/tutorial_objectstorage.py for tasks to queue
[2026-07-18T21:45:35.795+0000] {logging_mixin.py:190} INFO - [2026-07-18T21:45:35.794+0000] {dagbag.py:588} INFO - Filling up the DagBag from /home/airflow/.local/lib/python3.12/site-packages/airflow/example_dags/tutorial_objectstorage.py
[2026-07-18T21:45:35.818+0000] {processor.py:925} INFO - DAG(s) 'tutorial_objectstorage' retrieved from /home/airflow/.local/lib/python3.12/site-packages/airflow/example_dags/tutorial_objectstorage.py
[2026-07-18T21:45:35.866+0000] {logging_mixin.py:190} INFO - [2026-07-18T21:45:35.866+0000] {dag.py:3239} INFO - Sync 1 DAGs
[2026-07-18T21:45:35.900+0000] {logging_mixin.py:190} INFO - [2026-07-18T21:45:35.899+0000] {dag.py:4180} INFO - Setting next_dagrun for tutorial_objectstorage to None, run_after=None
[2026-07-18T21:45:35.940+0000] {processor.py:208} INFO - Processing /home/airflow/.local/lib/python3.12/site-packages/airflow/example_dags/tutorial_objectstorage.py took 0.172 seconds
[2026-07-18T21:46:06.994+0000] {processor.py:186} INFO - Started process (PID=2604) to work on /home/airflow/.local/lib/python3.12/site-packages/airflow/example_dags/tutorial_objectstorage.py
[2026-07-18T21:46:06.996+0000] {processor.py:914} INFO - Processing file /home/airflow/.local/lib/python3.12/site-packages/airflow/example_dags/tutorial_objectstorage.py for tasks to queue
[2026-07-18T21:46:07.003+0000] {logging_mixin.py:190} INFO - [2026-07-18T21:46:07.001+0000] {dagbag.py:588} INFO - Filling up the DagBag from /home/airflow/.local/lib/python3.12/site-packages/airflow/example_dags/tutorial_objectstorage.py
[2026-07-18T21:46:07.021+0000] {processor.py:925} INFO - DAG(s) 'tutorial_objectstorage' retrieved from /home/airflow/.local/lib/python3.12/site-packages/airflow/example_dags/tutorial_objectstorage.py
[2026-07-18T21:46:07.059+0000] {logging_mixin.py:190} INFO - [2026-07-18T21:46:07.058+0000] {dag.py:3239} INFO - Sync 1 DAGs
[2026-07-18T21:46:07.088+0000] {logging_mixin.py:190} INFO - [2026-07-18T21:46:07.087+0000] {dag.py:4180} INFO - Setting next_dagrun for tutorial_objectstorage to None, run_after=None
[2026-07-18T21:46:07.126+0000] {processor.py:208} INFO - Processing /home/airflow/.local/lib/python3.12/site-packages/airflow/example_dags/tutorial_objectstorage.py took 0.146 seconds
[2026-07-18T21:46:37.366+0000] {processor.py:186} INFO - Started process (PID=2668) to work on /home/airflow/.local/lib/python3.12/site-packages/airflow/example_dags/tutorial_objectstorage.py
[2026-07-18T21:46:37.369+0000] {processor.py:914} INFO - Processing file /home/airflow/.local/lib/python3.12/site-packages/airflow/example_dags/tutorial_objectstorage.py for tasks to queue
[2026-07-18T21:46:37.373+0000] {logging_mixin.py:190} INFO - [2026-07-18T21:46:37.373+0000] {dagbag.py:588} INFO - Filling up the DagBag from /home/airflow/.local/lib/python3.12/site-packages/airflow/example_dags/tutorial_objectstorage.py
[2026-07-18T21:46:37.388+0000] {processor.py:925} INFO - DAG(s) 'tutorial_objectstorage' retrieved from /home/airflow/.local/lib/python3.12/site-packages/airflow/example_dags/tutorial_objectstorage.py
[2026-07-18T21:46:37.420+0000] {logging_mixin.py:190} INFO - [2026-07-18T21:46:37.420+0000] {dag.py:3239} INFO - Sync 1 DAGs
[2026-07-18T21:46:37.445+0000] {logging_mixin.py:190} INFO - [2026-07-18T21:46:37.445+0000] {dag.py:4180} INFO - Setting next_dagrun for tutorial_objectstorage to None, run_after=None
[2026-07-18T21:46:37.475+0000] {processor.py:208} INFO - Processing /home/airflow/.local/lib/python3.12/site-packages/airflow/example_dags/tutorial_objectstorage.py took 0.117 seconds
[2026-07-18T21:47:08.249+0000] {processor.py:186} INFO - Started process (PID=2732) to work on /home/airflow/.local/lib/python3.12/site-packages/airflow/example_dags/tutorial_objectstorage.py
[2026-07-18T21:47:08.253+0000] {processor.py:914} INFO - Processing file /home/airflow/.local/lib/python3.12/site-packages/airflow/example_dags/tutorial_objectstorage.py for tasks to queue
[2026-07-18T21:47:08.260+0000] {logging_mixin.py:190} INFO - [2026-07-18T21:47:08.259+0000] {dagbag.py:588} INFO - Filling up the DagBag from /home/airflow/.local/lib/python3.12/site-packages/airflow/example_dags/tutorial_objectstorage.py
[2026-07-18T21:47:08.288+0000] {processor.py:925} INFO - DAG(s) 'tutorial_objectstorage' retrieved from /home/airflow/.local/lib/python3.12/site-packages/airflow/example_dags/tutorial_objectstorage.py
[2026-07-18T21:47:08.321+0000] {logging_mixin.py:190} INFO - [2026-07-18T21:47:08.320+0000] {dag.py:3239} INFO - Sync 1 DAGs
[2026-07-18T21:47:08.353+0000] {logging_mixin.py:190} INFO - [2026-07-18T21:47:08.353+0000] {dag.py:4180} INFO - Setting next_dagrun for tutorial_objectstorage to None, run_after=None
[2026-07-18T21:47:08.448+0000] {processor.py:208} INFO - Processing /home/airflow/.local/lib/python3.12/site-packages/airflow/example_dags/tutorial_objectstorage.py took 0.215 seconds
[2026-07-18T21:47:39.828+0000] {processor.py:186} INFO - Started process (PID=2796) to work on /home/airflow/.local/lib/python3.12/site-packages/airflow/example_dags/tutorial_objectstorage.py
[2026-07-18T21:47:39.830+0000] {processor.py:914} INFO - Processing file /home/airflow/.local/lib/python3.12/site-packages/airflow/example_dags/tutorial_objectstorage.py for tasks to queue
[2026-07-18T21:47:39.836+0000] {logging_mixin.py:190} INFO - [2026-07-18T21:47:39.835+0000] {dagbag.py:588} INFO - Filling up the DagBag from /home/airflow/.local/lib/python3.12/site-packages/airflow/example_dags/tutorial_objectstorage.py
[2026-07-18T21:47:39.856+0000] {processor.py:925} INFO - DAG(s) 'tutorial_objectstorage' retrieved from /home/airflow/.local/lib/python3.12/site-packages/airflow/example_dags/tutorial_objectstorage.py
[2026-07-18T21:47:39.885+0000] {logging_mixin.py:190} INFO - [2026-07-18T21:47:39.885+0000] {dag.py:3239} INFO - Sync 1 DAGs
[2026-07-18T21:47:39.914+0000] {logging_mixin.py:190} INFO - [2026-07-18T21:47:39.914+0000] {dag.py:4180} INFO - Setting next_dagrun for tutorial_objectstorage to None, run_after=None
[2026-07-18T21:47:39.966+0000] {processor.py:208} INFO - Processing /home/airflow/.local/lib/python3.12/site-packages/airflow/example_dags/tutorial_objectstorage.py took 0.148 seconds
[2026-07-18T21:48:10.857+0000] {processor.py:186} INFO - Started process (PID=2860) to work on /home/airflow/.local/lib/python3.12/site-packages/airflow/example_dags/tutorial_objectstorage.py
[2026-07-18T21:48:10.859+0000] {processor.py:914} INFO - Processing file /home/airflow/.local/lib/python3.12/site-packages/airflow/example_dags/tutorial_objectstorage.py for tasks to queue
[2026-07-18T21:48:10.866+0000] {logging_mixin.py:190} INFO - [2026-07-18T21:48:10.865+0000] {dagbag.py:588} INFO - Filling up the DagBag from /home/airflow/.local/lib/python3.12/site-packages/airflow/example_dags/tutorial_objectstorage.py
[2026-07-18T21:48:10.897+0000] {processor.py:925} INFO - DAG(s) 'tutorial_objectstorage' retrieved from /home/airflow/.local/lib/python3.12/site-packages/airflow/example_dags/tutorial_objectstorage.py
[2026-07-18T21:48:10.951+0000] {logging_mixin.py:190} INFO - [2026-07-18T21:48:10.951+0000] {dag.py:3239} INFO - Sync 1 DAGs
[2026-07-18T21:48:10.977+0000] {logging_mixin.py:190} INFO - [2026-07-18T21:48:10.977+0000] {dag.py:4180} INFO - Setting next_dagrun for tutorial_objectstorage to None, run_after=None
[2026-07-18T21:48:11.059+0000] {processor.py:208} INFO - Processing /home/airflow/.local/lib/python3.12/site-packages/airflow/example_dags/tutorial_objectstorage.py took 0.219 seconds
[2026-07-18T21:48:42.196+0000] {processor.py:186} INFO - Started process (PID=2924) to work on /home/airflow/.local/lib/python3.12/site-packages/airflow/example_dags/tutorial_objectstorage.py
[2026-07-18T21:48:42.199+0000] {processor.py:914} INFO - Processing file /home/airflow/.local/lib/python3.12/site-packages/airflow/example_dags/tutorial_objectstorage.py for tasks to queue
[2026-07-18T21:48:42.205+0000] {logging_mixin.py:190} INFO - [2026-07-18T21:48:42.204+0000] {dagbag.py:588} INFO - Filling up the DagBag from /home/airflow/.local/lib/python3.12/site-packages/airflow/example_dags/tutorial_objectstorage.py
[2026-07-18T21:48:42.228+0000] {processor.py:925} INFO - DAG(s) 'tutorial_objectstorage' retrieved from /home/airflow/.local/lib/python3.12/site-packages/airflow/example_dags/tutorial_objectstorage.py
[2026-07-18T21:48:42.262+0000] {logging_mixin.py:190} INFO - [2026-07-18T21:48:42.261+0000] {dag.py:3239} INFO - Sync 1 DAGs
[2026-07-18T21:48:42.281+0000] {logging_mixin.py:190} INFO - [2026-07-18T21:48:42.281+0000] {dag.py:4180} INFO - Setting next_dagrun for tutorial_objectstorage to None, run_after=None
[2026-07-18T21:48:42.361+0000] {processor.py:208} INFO - Processing /home/airflow/.local/lib/python3.12/site-packages/airflow/example_dags/tutorial_objectstorage.py took 0.175 seconds
[2026-07-18T21:49:13.793+0000] {processor.py:186} INFO - Started process (PID=2988) to work on /home/airflow/.local/lib/python3.12/site-packages/airflow/example_dags/tutorial_objectstorage.py
[2026-07-18T21:49:13.796+0000] {processor.py:914} INFO - Processing file /home/airflow/.local/lib/python3.12/site-packages/airflow/example_dags/tutorial_objectstorage.py for tasks to queue
[2026-07-18T21:49:13.802+0000] {logging_mixin.py:190} INFO - [2026-07-18T21:49:13.801+0000] {dagbag.py:588} INFO - Filling up the DagBag from /home/airflow/.local/lib/python3.12/site-packages/airflow/example_dags/tutorial_objectstorage.py
[2026-07-18T21:49:13.819+0000] {processor.py:925} INFO - DAG(s) 'tutorial_objectstorage' retrieved from /home/airflow/.local/lib/python3.12/site-packages/airflow/example_dags/tutorial_objectstorage.py
[2026-07-18T21:49:13.857+0000] {logging_mixin.py:190} INFO - [2026-07-18T21:49:13.856+0000] {dag.py:3239} INFO - Sync 1 DAGs
[2026-07-18T21:49:13.882+0000] {logging_mixin.py:190} INFO - [2026-07-18T21:49:13.881+0000] {dag.py:4180} INFO - Setting next_dagrun for tutorial_objectstorage to None, run_after=None
[2026-07-18T21:49:13.916+0000] {processor.py:208} INFO - Processing /home/airflow/.local/lib/python3.12/site-packages/airflow/example_dags/tutorial_objectstorage.py took 0.136 seconds
[2026-07-18T22:00:47.303+0000] {processor.py:186} INFO - Started process (PID=3060) to work on /home/airflow/.local/lib/python3.12/site-packages/airflow/example_dags/tutorial_objectstorage.py
[2026-07-18T22:00:47.306+0000] {processor.py:914} INFO - Processing file /home/airflow/.local/lib/python3.12/site-packages/airflow/example_dags/tutorial_objectstorage.py for tasks to queue
[2026-07-18T22:00:47.310+0000] {logging_mixin.py:190} INFO - [2026-07-18T22:00:47.309+0000] {dagbag.py:588} INFO - Filling up the DagBag from /home/airflow/.local/lib/python3.12/site-packages/airflow/example_dags/tutorial_objectstorage.py
[2026-07-18T22:00:47.333+0000] {processor.py:925} INFO - DAG(s) 'tutorial_objectstorage' retrieved from /home/airflow/.local/lib/python3.12/site-packages/airflow/example_dags/tutorial_objectstorage.py
[2026-07-18T22:00:47.371+0000] {logging_mixin.py:190} INFO - [2026-07-18T22:00:47.370+0000] {dag.py:3239} INFO - Sync 1 DAGs
[2026-07-18T22:00:47.401+0000] {logging_mixin.py:190} INFO - [2026-07-18T22:00:47.401+0000] {dag.py:4180} INFO - Setting next_dagrun for tutorial_objectstorage to None, run_after=None
[2026-07-18T22:00:47.439+0000] {processor.py:208} INFO - Processing /home/airflow/.local/lib/python3.12/site-packages/airflow/example_dags/tutorial_objectstorage.py took 0.147 seconds
[2026-07-18T22:01:17.646+0000] {processor.py:186} INFO - Started process (PID=3123) to work on /home/airflow/.local/lib/python3.12/site-packages/airflow/example_dags/tutorial_objectstorage.py
[2026-07-18T22:01:17.649+0000] {processor.py:914} INFO - Processing file /home/airflow/.local/lib/python3.12/site-packages/airflow/example_dags/tutorial_objectstorage.py for tasks to queue
[2026-07-18T22:01:17.653+0000] {logging_mixin.py:190} INFO - [2026-07-18T22:01:17.652+0000] {dagbag.py:588} INFO - Filling up the DagBag from /home/airflow/.local/lib/python3.12/site-packages/airflow/example_dags/tutorial_objectstorage.py
[2026-07-18T22:01:17.671+0000] {processor.py:925} INFO - DAG(s) 'tutorial_objectstorage' retrieved from /home/airflow/.local/lib/python3.12/site-packages/airflow/example_dags/tutorial_objectstorage.py
[2026-07-18T22:01:17.717+0000] {logging_mixin.py:190} INFO - [2026-07-18T22:01:17.717+0000] {dag.py:3239} INFO - Sync 1 DAGs
[2026-07-18T22:01:17.759+0000] {logging_mixin.py:190} INFO - [2026-07-18T22:01:17.758+0000] {dag.py:4180} INFO - Setting next_dagrun for tutorial_objectstorage to None, run_after=None
[2026-07-18T22:01:17.813+0000] {processor.py:208} INFO - Processing /home/airflow/.local/lib/python3.12/site-packages/airflow/example_dags/tutorial_objectstorage.py took 0.179 seconds
[2026-07-18T22:01:48.813+0000] {processor.py:186} INFO - Started process (PID=3187) to work on /home/airflow/.local/lib/python3.12/site-packages/airflow/example_dags/tutorial_objectstorage.py
[2026-07-18T22:01:48.816+0000] {processor.py:914} INFO - Processing file /home/airflow/.local/lib/python3.12/site-packages/airflow/example_dags/tutorial_objectstorage.py for tasks to queue
[2026-07-18T22:01:48.818+0000] {logging_mixin.py:190} INFO - [2026-07-18T22:01:48.818+0000] {dagbag.py:588} INFO - Filling up the DagBag from /home/airflow/.local/lib/python3.12/site-packages/airflow/example_dags/tutorial_objectstorage.py
[2026-07-18T22:01:48.832+0000] {processor.py:925} INFO - DAG(s) 'tutorial_objectstorage' retrieved from /home/airflow/.local/lib/python3.12/site-packages/airflow/example_dags/tutorial_objectstorage.py
[2026-07-18T22:01:48.867+0000] {logging_mixin.py:190} INFO - [2026-07-18T22:01:48.866+0000] {dag.py:3239} INFO - Sync 1 DAGs
[2026-07-18T22:01:48.896+0000] {logging_mixin.py:190} INFO - [2026-07-18T22:01:48.896+0000] {dag.py:4180} INFO - Setting next_dagrun for tutorial_objectstorage to None, run_after=None
[2026-07-18T22:01:48.986+0000] {processor.py:208} INFO - Processing /home/airflow/.local/lib/python3.12/site-packages/airflow/example_dags/tutorial_objectstorage.py took 0.180 seconds
[2026-07-18T22:02:21.095+0000] {processor.py:186} INFO - Started process (PID=3251) to work on /home/airflow/.local/lib/python3.12/site-packages/airflow/example_dags/tutorial_objectstorage.py
[2026-07-18T22:02:21.098+0000] {processor.py:914} INFO - Processing file /home/airflow/.local/lib/python3.12/site-packages/airflow/example_dags/tutorial_objectstorage.py for tasks to queue
[2026-07-18T22:02:21.101+0000] {logging_mixin.py:190} INFO - [2026-07-18T22:02:21.100+0000] {dagbag.py:588} INFO - Filling up the DagBag from /home/airflow/.local/lib/python3.12/site-packages/airflow/example_dags/tutorial_objectstorage.py
[2026-07-18T22:02:21.121+0000] {processor.py:925} INFO - DAG(s) 'tutorial_objectstorage' retrieved from /home/airflow/.local/lib/python3.12/site-packages/airflow/example_dags/tutorial_objectstorage.py
[2026-07-18T22:02:21.155+0000] {logging_mixin.py:190} INFO - [2026-07-18T22:02:21.154+0000] {dag.py:3239} INFO - Sync 1 DAGs
[2026-07-18T22:02:21.188+0000] {logging_mixin.py:190} INFO - [2026-07-18T22:02:21.187+0000] {dag.py:4180} INFO - Setting next_dagrun for tutorial_objectstorage to None, run_after=None
[2026-07-18T22:02:21.318+0000] {processor.py:208} INFO - Processing /home/airflow/.local/lib/python3.12/site-packages/airflow/example_dags/tutorial_objectstorage.py took 0.236 seconds
[2026-07-18T22:02:52.221+0000] {processor.py:186} INFO - Started process (PID=3315) to work on /home/airflow/.local/lib/python3.12/site-packages/airflow/example_dags/tutorial_objectstorage.py
[2026-07-18T22:02:52.225+0000] {processor.py:914} INFO - Processing file /home/airflow/.local/lib/python3.12/site-packages/airflow/example_dags/tutorial_objectstorage.py for tasks to queue
[2026-07-18T22:02:52.231+0000] {logging_mixin.py:190} INFO - [2026-07-18T22:02:52.230+0000] {dagbag.py:588} INFO - Filling up the DagBag from /home/airflow/.local/lib/python3.12/site-packages/airflow/example_dags/tutorial_objectstorage.py
[2026-07-18T22:02:52.264+0000] {processor.py:925} INFO - DAG(s) 'tutorial_objectstorage' retrieved from /home/airflow/.local/lib/python3.12/site-packages/airflow/example_dags/tutorial_objectstorage.py
[2026-07-18T22:02:52.302+0000] {logging_mixin.py:190} INFO - [2026-07-18T22:02:52.302+0000] {dag.py:3239} INFO - Sync 1 DAGs
[2026-07-18T22:02:52.323+0000] {logging_mixin.py:190} INFO - [2026-07-18T22:02:52.323+0000] {dag.py:4180} INFO - Setting next_dagrun for tutorial_objectstorage to None, run_after=None
[2026-07-18T22:02:52.374+0000] {processor.py:208} INFO - Processing /home/airflow/.local/lib/python3.12/site-packages/airflow/example_dags/tutorial_objectstorage.py took 0.173 seconds
[2026-07-18T22:03:23.385+0000] {processor.py:186} INFO - Started process (PID=3379) to work on /home/airflow/.local/lib/python3.12/site-packages/airflow/example_dags/tutorial_objectstorage.py
[2026-07-18T22:03:23.388+0000] {processor.py:914} INFO - Processing file /home/airflow/.local/lib/python3.12/site-packages/airflow/example_dags/tutorial_objectstorage.py for tasks to queue
[2026-07-18T22:03:23.391+0000] {logging_mixin.py:190} INFO - [2026-07-18T22:03:23.390+0000] {dagbag.py:588} INFO - Filling up the DagBag from /home/airflow/.local/lib/python3.12/site-packages/airflow/example_dags/tutorial_objectstorage.py
[2026-07-18T22:03:23.404+0000] {processor.py:925} INFO - DAG(s) 'tutorial_objectstorage' retrieved from /home/airflow/.local/lib/python3.12/site-packages/airflow/example_dags/tutorial_objectstorage.py
[2026-07-18T22:03:23.431+0000] {logging_mixin.py:190} INFO - [2026-07-18T22:03:23.431+0000] {dag.py:3239} INFO - Sync 1 DAGs
[2026-07-18T22:03:23.454+0000] {logging_mixin.py:190} INFO - [2026-07-18T22:03:23.453+0000] {dag.py:4180} INFO - Setting next_dagrun for tutorial_objectstorage to None, run_after=None
[2026-07-18T22:03:23.528+0000] {processor.py:208} INFO - Processing /home/airflow/.local/lib/python3.12/site-packages/airflow/example_dags/tutorial_objectstorage.py took 0.150 seconds
[2026-07-18T22:03:56.349+0000] {processor.py:186} INFO - Started process (PID=3449) to work on /home/airflow/.local/lib/python3.12/site-packages/airflow/example_dags/tutorial_objectstorage.py
[2026-07-18T22:03:56.352+0000] {processor.py:914} INFO - Processing file /home/airflow/.local/lib/python3.12/site-packages/airflow/example_dags/tutorial_objectstorage.py for tasks to queue
[2026-07-18T22:03:56.356+0000] {logging_mixin.py:190} INFO - [2026-07-18T22:03:56.355+0000] {dagbag.py:588} INFO - Filling up the DagBag from /home/airflow/.local/lib/python3.12/site-packages/airflow/example_dags/tutorial_objectstorage.py
[2026-07-18T22:03:56.376+0000] {processor.py:925} INFO - DAG(s) 'tutorial_objectstorage' retrieved from /home/airflow/.local/lib/python3.12/site-packages/airflow/example_dags/tutorial_objectstorage.py
[2026-07-18T22:03:56.408+0000] {logging_mixin.py:190} INFO - [2026-07-18T22:03:56.408+0000] {dag.py:3239} INFO - Sync 1 DAGs
[2026-07-18T22:03:56.434+0000] {logging_mixin.py:190} INFO - [2026-07-18T22:03:56.434+0000] {dag.py:4180} INFO - Setting next_dagrun for tutorial_objectstorage to None, run_after=None
[2026-07-18T22:03:56.522+0000] {processor.py:208} INFO - Processing /home/airflow/.local/lib/python3.12/site-packages/airflow/example_dags/tutorial_objectstorage.py took 0.180 seconds
[2026-07-18T22:04:27.817+0000] {processor.py:186} INFO - Started process (PID=3513) to work on /home/airflow/.local/lib/python3.12/site-packages/airflow/example_dags/tutorial_objectstorage.py
[2026-07-18T22:04:27.821+0000] {processor.py:914} INFO - Processing file /home/airflow/.local/lib/python3.12/site-packages/airflow/example_dags/tutorial_objectstorage.py for tasks to queue
[2026-07-18T22:04:27.826+0000] {logging_mixin.py:190} INFO - [2026-07-18T22:04:27.825+0000] {dagbag.py:588} INFO - Filling up the DagBag from /home/airflow/.local/lib/python3.12/site-packages/airflow/example_dags/tutorial_objectstorage.py
[2026-07-18T22:04:27.856+0000] {processor.py:925} INFO - DAG(s) 'tutorial_objectstorage' retrieved from /home/airflow/.local/lib/python3.12/site-packages/airflow/example_dags/tutorial_objectstorage.py
[2026-07-18T22:04:27.898+0000] {logging_mixin.py:190} INFO - [2026-07-18T22:04:27.898+0000] {dag.py:3239} INFO - Sync 1 DAGs
[2026-07-18T22:04:27.924+0000] {logging_mixin.py:190} INFO - [2026-07-18T22:04:27.923+0000] {dag.py:4180} INFO - Setting next_dagrun for tutorial_objectstorage to None, run_after=None
[2026-07-18T22:04:27.969+0000] {processor.py:208} INFO - Processing /home/airflow/.local/lib/python3.12/site-packages/airflow/example_dags/tutorial_objectstorage.py took 0.175 seconds
[2026-07-18T22:04:58.051+0000] {processor.py:186} INFO - Started process (PID=3577) to work on /home/airflow/.local/lib/python3.12/site-packages/airflow/example_dags/tutorial_objectstorage.py
[2026-07-18T22:04:58.053+0000] {processor.py:914} INFO - Processing file /home/airflow/.local/lib/python3.12/site-packages/airflow/example_dags/tutorial_objectstorage.py for tasks to queue
[2026-07-18T22:04:58.057+0000] {logging_mixin.py:190} INFO - [2026-07-18T22:04:58.057+0000] {dagbag.py:588} INFO - Filling up the DagBag from /home/airflow/.local/lib/python3.12/site-packages/airflow/example_dags/tutorial_objectstorage.py
[2026-07-18T22:04:58.072+0000] {processor.py:925} INFO - DAG(s) 'tutorial_objectstorage' retrieved from /home/airflow/.local/lib/python3.12/site-packages/airflow/example_dags/tutorial_objectstorage.py
[2026-07-18T22:04:58.110+0000] {logging_mixin.py:190} INFO - [2026-07-18T22:04:58.109+0000] {dag.py:3239} INFO - Sync 1 DAGs
[2026-07-18T22:04:58.140+0000] {logging_mixin.py:190} INFO - [2026-07-18T22:04:58.140+0000] {dag.py:4180} INFO - Setting next_dagrun for tutorial_objectstorage to None, run_after=None
[2026-07-18T22:04:58.176+0000] {processor.py:208} INFO - Processing /home/airflow/.local/lib/python3.12/site-packages/airflow/example_dags/tutorial_objectstorage.py took 0.132 seconds
[2026-07-18T22:05:30.752+0000] {processor.py:186} INFO - Started process (PID=3641) to work on /home/airflow/.local/lib/python3.12/site-packages/airflow/example_dags/tutorial_objectstorage.py
[2026-07-18T22:05:30.754+0000] {processor.py:914} INFO - Processing file /home/airflow/.local/lib/python3.12/site-packages/airflow/example_dags/tutorial_objectstorage.py for tasks to queue
[2026-07-18T22:05:30.758+0000] {logging_mixin.py:190} INFO - [2026-07-18T22:05:30.757+0000] {dagbag.py:588} INFO - Filling up the DagBag from /home/airflow/.local/lib/python3.12/site-packages/airflow/example_dags/tutorial_objectstorage.py
[2026-07-18T22:05:30.778+0000] {processor.py:925} INFO - DAG(s) 'tutorial_objectstorage' retrieved from /home/airflow/.local/lib/python3.12/site-packages/airflow/example_dags/tutorial_objectstorage.py
[2026-07-18T22:05:30.811+0000] {logging_mixin.py:190} INFO - [2026-07-18T22:05:30.811+0000] {dag.py:3239} INFO - Sync 1 DAGs
[2026-07-18T22:05:31.120+0000] {logging_mixin.py:190} INFO - [2026-07-18T22:05:31.120+0000] {dag.py:4180} INFO - Setting next_dagrun for tutorial_objectstorage to None, run_after=None
[2026-07-18T22:05:31.200+0000] {processor.py:208} INFO - Processing /home/airflow/.local/lib/python3.12/site-packages/airflow/example_dags/tutorial_objectstorage.py took 0.458 seconds
